fold,seed,clean_path,clean_md5,y_true,aux_true,original_valid_samples,valid_duration_ratio,noise_dataset,noise_environment,noise_file,noise_sha256,environment_recording_id,selected_channel,global_noise_seed,snr_reference,target_active_snr_db,simulated_noise,noise_protocol,real_farm_external_validation,noise_offset,noise_seed,noise_draw_id,noise_repeat,offset_key_version,clean_active_rms,noise_active_rms_before_gain,gain,achieved_active_snr_db,achieved_full_window_snr_db,peak_before_scale,final_global_scale,clipping_detected,valid_start,target_snr_db
0,2024,data/raw/sow_call_dataset_labeled/feeding/461-1.wav,81b6b443e611971e62ee7f480b5e80b8,feeding,feeding,64000,1.0,,clean,,,,,,clean,clean,False,zero_shot_frozen,False,,,,,,,,,,,2922.336669921875,1.0,False,,
0,2024,data/raw/sow_call_dataset_labeled/calm_grunt/74-0.wav,231dcdc74cf41f59690ae1408467d2ee,calm_grunt,calm_grunt,64000,1.0,,clean,,,,,,clean,clean,False,zero_shot_frozen,False,,,,,,,,,,,15060.4111328125,1.0,False,,
0,2024,data/external/korea_raw/dry_cough/train_dry_16871.wav,0087b3873541a379748a345b960d0af7,cough,dry_cough,15649,0.244515625,,clean,,,,,,clean,clean,False,zero_shot_frozen,False,,,,,,,,,,,0.3525345027446747,1.0,False,,
0,2024,data/raw/sow_call_dataset_labeled/anxious_stress/1567-3.wav,d76bf0e98eb7f34a4269a6dcebf2b860,stress_vocal,anxious_stress,64000,1.0,,clean,,,,,,clean,clean,False,zero_shot_frozen,False,,,,,,,,,,,12315.2744140625,1.0,False,,
0,2024,data/external/korea_raw/abdominal_cough/train_abdominal_00145.wav,e49ea7e3eb02dd8208d5767cc2a865bd,cough,abdominal_cough,13760,0.215,,clean,,,,,,clean,clean,False,zero_shot_frozen,False,,,,,,,,,,,0.29196712374687195,1.0,False,,
0,2024,data/raw/sow_call_dataset_labeled/calm_grunt/126-0.wav,36fb7ca69b77d3439d07d4eed5009620,calm_grunt,calm_grunt,64000,1.0,,clean,,,,,,clean,clean,False,zero_shot_frozen,False,,,,,,,,,,,8063.4423828125,1.0,False,,
0,2024,data/raw/sow_call_dataset_labeled/feeding/422-1.wav,ad0e6cc5f381d90941387e48ac3c90e5,feeding,feeding,64000,1.0,,clean,,,,,,clean,clean,False,zero_shot_frozen,False,,,,,,,,,,,6356.1337890625,1.0,False,,
0,2024,data/raw/sow_call_dataset_labeled/frightened_stress/1033-2.wav,8922fbed7e0303ce8677c3bc946a39ed,stress_vocal,frightened_stress,63995,0.999921875,,clean,,,,,,clean,clean,False,zero_shot_frozen,False,,,,,,,,,,,2086.1435546875,1.0,False,,
0,2024,data/external/korea_raw/dry_cough/train_dry_08957.wav,24488fa53abe2228b8830f93c083ba5d,cough,dry_cough,16000,0.25,,clean,,,,,,clean,clean,False,zero_shot_frozen,False,,,,,,,,,,,0.7788500189781189,1.0,False,,
0,2024,data/raw/sow_call_dataset_labeled/calm_grunt/191-0.wav,3edbcd7e4d484f1fa45cd8c3904ed2b2,calm_grunt,calm_grunt,64000,1.0,,clean,,,,,,clean,clean,False,zero_shot_frozen,False,,,,,,,,,,,17262.4921875,1.0,False,,
0,2024,data/external/korea_raw/dry_cough/train_dry_03883.wav,d33384b82a4c07ee3479d6a84e6a107a,cough,dry_cough,16000,0.25,,clean,,,,,,clean,clean,False,zero_shot_frozen,False,,,,,,,,,,,0.3525902330875397,1.0,False,,
0,2024,data/raw/sow_call_dataset_labeled/calm_grunt/164-0.wav,d61f937fb7139f1bd2472783afd2378a,calm_grunt,calm_grunt,64000,1.0,,clean,,,,,,clean,clean,False,zero_shot_frozen,False,,,,,,,,,,,15080.0439453125,1.0,False,,
0,2024,data/external/korea_raw/dry_cough/train_dry_05642.wav,88d7f4aa29a5020b78bb91ee3a01937f,cough,dry_cough,13056,0.204,,clean,,,,,,clean,clean,False,zero_shot_frozen,False,,,,,,,,,,,0.38746991753578186,1.0,False,,
0,2024,data/raw/sow_call_dataset_labeled/feeding/386-1.wav,14e3565af5b36ce69c196167511c0621,feeding,feeding,64000,1.0,,clean,,,,,,clean,clean,False,zero_shot_frozen,False,,,,,,,,,,,2623.255126953125,1.0,False,,
0,2024,data/raw/sow_call_dataset_labeled/anxious_stress/1691-3.wav,ff6ed75be70451ec0c28fb565f81cd54,stress_vocal,anxious_stress,63988,0.9998125,,clean,,,,,,clean,clean,False,zero_shot_frozen,False,,,,,,,,,,,4046.300537109375,1.0,False,,
0,2024,data/external/korea_raw/abdominal_cough/train_abdominal_04314.wav,14cfa356c56f5fb97ab95f6e8f359b80,cough,abdominal_cough,20001,0.312515625,,clean,,,,,,clean,clean,False,zero_shot_frozen,False,,,,,,,,,,,0.2135905623435974,1.0,False,,
0,2024,data/external/korea_raw/dry_cough/train_dry_17215.wav,7de8d3e02d0b1fe49ade87fb918a2119,cough,dry_cough,13536,0.2115,,clean,,,,,,clean,clean,False,zero_shot_frozen,False,,,,,,,,,,,1.0399411916732788,1.0,False,,
0,2024,data/external/korea_raw/dry_cough/train_dry_08205.wav,6704c14d5e967fb2463c9162bfcd787d,cough,dry_cough,22977,0.359015625,,clean,,,,,,clean,clean,False,zero_shot_frozen,False,,,,,,,,,,,0.5633849501609802,1.0,False,,
0,2024,data/raw/sow_call_dataset_labeled/feeding/372-1.wav,a51ab823a33ac9f98b57ddd7d4c7dbac,feeding,feeding,64000,1.0,,clean,,,,,,clean,clean,False,zero_shot_frozen,False,,,,,,,,,,,2067.302490234375,1.0,False,,
0,2024,data/raw/sow_call_dataset_labeled/calm_grunt/234-0.wav,60811846bec973804cf5cb64ea03726f,calm_grunt,calm_grunt,64000,1.0,,clean,,,,,,clean,clean,False,zero_shot_frozen,False,,,,,,,,,,,16471.9453125,1.0,False,,
0,2024,data/raw/sow_call_dataset_labeled/anxious_stress/1358-3.wav,2d25df36b23419dad4eac8cb0c26741b,stress_vocal,anxious_stress,64000,1.0,,clean,,,,,,clean,clean,False,zero_shot_frozen,False,,,,,,,,,,,2195.74072265625,1.0,False,,
0,2024,data/external/korea_raw/abdominal_cough/train_abdominal_04310.wav,f720b0ab06424dff180f34747009278e,cough,abdominal_cough,12000,0.1875,,clean,,,,,,clean,clean,False,zero_shot_frozen,False,,,,,,,,,,,0.2180570513010025,1.0,False,,
0,2024,data/raw/sow_call_dataset_labeled/anxious_stress/1628-3.wav,b4bafd8c58512f0cbd5d3fc95eff2e5e,stress_vocal,anxious_stress,64000,1.0,,clean,,,,,,clean,clean,False,zero_shot_frozen,False,,,,,,,,,,,6998.67919921875,1.0,False,,
0,2024,data/external/korea_raw/dry_cough/train_dry_10991.wav,fed26a33f0b741bc95bbf8e3ae6cdaa1,cough,dry_cough,10016,0.1565,,clean,,,,,,clean,clean,False,zero_shot_frozen,False,,,,,,,,,,,0.5774927139282227,1.0,False,,
0,2024,data/raw/sow_call_dataset_labeled/anxious_stress/1697-3.wav,07cbbc074a5616ad1173d36f2d5a9c57,stress_vocal,anxious_stress,63996,0.9999375,,clean,,,,,,clean,clean,False,zero_shot_frozen,False,,,,,,,,,,,2518.385498046875,1.0,False,,
0,2024,data/raw/sow_call_dataset_labeled/feeding/407-1.wav,194745edca2b4ea2108f74e6798de76b,feeding,feeding,64000,1.0,,clean,,,,,,clean,clean,False,zero_shot_frozen,False,,,,,,,,,,,4872.2001953125,1.0,False,,
0,2024,data/external/korea_raw/abdominal_cough/train_abdominal_00976.wav,482167f50b0581254cf3db0cbf02e6d8,cough,abdominal_cough,10113,0.158015625,,clean,,,,,,clean,clean,False,zero_shot_frozen,False,,,,,,,,,,,0.27336812019348145,1.0,False,,
0,2024,data/raw/sow_call_dataset_labeled/calm_grunt/198-0.wav,d6f78c29d16485f14e15c559ba612000,calm_grunt,calm_grunt,64000,1.0,,clean,,,,,,clean,clean,False,zero_shot_frozen,False,,,,,,,,,,,15578.8984375,1.0,False,,
0,2024,data/raw/sow_call_dataset_labeled/anxious_stress/1471-3.wav,ed129f6416e1cbbabfb2990dc4759456,stress_vocal,anxious_stress,63998,0.99996875,,clean,,,,,,clean,clean,False,zero_shot_frozen,False,,,,,,,,,,,20318.4765625,1.0,False,,
0,2024,data/raw/sow_call_dataset_labeled/anxious_stress/1694-3.wav,4cadeb71267741745df4bb50bad5fc80,stress_vocal,anxious_stress,64000,1.0,,clean,,,,,,clean,clean,False,zero_shot_frozen,False,,,,,,,,,,,5109.95556640625,1.0,False,,
0,2024,data/raw/sow_call_dataset_labeled/calm_grunt/142-0.wav,c549a91a9505158b9f6442db3dcff4e4,calm_grunt,calm_grunt,64000,1.0,,clean,,,,,,clean,clean,False,zero_shot_frozen,False,,,,,,,,,,,14880.4970703125,1.0,False,,
0,2024,data/raw/sow_call_dataset_labeled/anxious_stress/1437-3.wav,9dcd542137ab5deb241d9b7b2ed7c5c9,stress_vocal,anxious_stress,64000,1.0,,clean,,,,,,clean,clean,False,zero_shot_frozen,False,,,,,,,,,,,23419.4140625,1.0,False,,
0,2024,data/external/korea_raw/abdominal_cough/train_abdominal_14437.wav,12f71686d1214f4a37e7f533b384ea35,cough,abdominal_cough,17280,0.27,,clean,,,,,,clean,clean,False,zero_shot_frozen,False,,,,,,,,,,,0.2975033223628998,1.0,False,,
0,2024,data/raw/sow_call_dataset_labeled/anxious_stress/1561-3.wav,5fb81c5b843c88128bdd4a3474a270e3,stress_vocal,anxious_stress,64000,1.0,,clean,,,,,,clean,clean,False,zero_shot_frozen,False,,,,,,,,,,,5254.4814453125,1.0,False,,
0,2024,data/raw/sow_call_dataset_labeled/calm_grunt/146-0.wav,e555283d4dcff3cbe68b58ea6baa9321,calm_grunt,calm_grunt,64000,1.0,,clean,,,,,,clean,clean,False,zero_shot_frozen,False,,,,,,,,,,,15680.0078125,1.0,False,,
0,2024,data/raw/sow_call_dataset_labeled/feeding/385-1.wav,9fe1b1d16ab7b011126eec1b974d15be,feeding,feeding,64000,1.0,,clean,,,,,,clean,clean,False,zero_shot_frozen,False,,,,,,,,,,,5582.3828125,1.0,False,,
0,2024,data/raw/sow_call_dataset_labeled/feeding/347-1.wav,025adb61783547ff9a35c44600e53f23,feeding,feeding,64000,1.0,,clean,,,,,,clean,clean,False,zero_shot_frozen,False,,,,,,,,,,,3992.430419921875,1.0,False,,
0,2024,data/raw/sow_call_dataset_labeled/calm_grunt/220-0.wav,3a8f7f2ee112f7bb25ecfbfa9daf8e5a,calm_grunt,calm_grunt,64000,1.0,,clean,,,,,,clean,clean,False,zero_shot_frozen,False,,,,,,,,,,,18083.306640625,1.0,False,,
0,2024,data/raw/sow_call_dataset_labeled/feeding/326-1.wav,68271e05998f6bb287503513fa9477b1,feeding,feeding,63986,0.99978125,,clean,,,,,,clean,clean,False,zero_shot_frozen,False,,,,,,,,,,,12838.7275390625,1.0,False,,
0,2024,data/raw/sow_call_dataset_labeled/feeding/362-1.wav,b3e4cd2d5cf837b812811f490fed3fb1,feeding,feeding,63995,0.999921875,,clean,,,,,,clean,clean,False,zero_shot_frozen,False,,,,,,,,,,,5515.80859375,1.0,False,,
0,2024,data/raw/sow_call_dataset_labeled/anxious_stress/1272-3.wav,ff6f943b9956c3adcddfef8911c4d1af,stress_vocal,anxious_stress,64000,1.0,,clean,,,,,,clean,clean,False,zero_shot_frozen,False,,,,,,,,,,,2748.799560546875,1.0,False,,
0,2024,data/raw/sow_call_dataset_labeled/frightened_stress/934-2.wav,c1bbeae49e86333d4bd2c70e7d1857ff,stress_vocal,frightened_stress,63988,0.9998125,,clean,,,,,,clean,clean,False,zero_shot_frozen,False,,,,,,,,,,,2248.4326171875,1.0,False,,
0,2024,data/raw/sow_call_dataset_labeled/feeding/417-1.wav,8f86c8ddfdba8a759f93ddcddf3c6ca4,feeding,feeding,64000,1.0,,clean,,,,,,clean,clean,False,zero_shot_frozen,False,,,,,,,,,,,5118.46044921875,1.0,False,,
0,2024,data/raw/sow_call_dataset_labeled/frightened_stress/668-2.wav,cf12385bb9ae5881f1be95db8e682af9,stress_vocal,frightened_stress,63996,0.9999375,,clean,,,,,,clean,clean,False,zero_shot_frozen,False,,,,,,,,,,,1245.7418212890625,1.0,False,,
0,2024,data/raw/sow_call_dataset_labeled/calm_grunt/151-0.wav,af2dea9baecdb955b1cd31003d1067a8,calm_grunt,calm_grunt,64000,1.0,,clean,,,,,,clean,clean,False,zero_shot_frozen,False,,,,,,,,,,,9510.4638671875,1.0,False,,
0,2024,data/raw/sow_call_dataset_labeled/anxious_stress/1777-3.wav,8c25af4b7b10e82ca566df1c08e21410,stress_vocal,anxious_stress,64000,1.0,,clean,,,,,,clean,clean,False,zero_shot_frozen,False,,,,,,,,,,,2211.2724609375,1.0,False,,
0,2024,data/external/korea_raw/abdominal_cough/train_abdominal_07806.wav,c3a126a94bddfdd955e8fad5c1655596,cough,abdominal_cough,21088,0.3295,,clean,,,,,,clean,clean,False,zero_shot_frozen,False,,,,,,,,,,,1.001934289932251,1.0,False,,
0,2024,data/raw/sow_call_dataset_labeled/feeding/288-1.wav,afb9ba311c29eb6543ac849e5b6bf4ec,feeding,feeding,63984,0.99975,,clean,,,,,,clean,clean,False,zero_shot_frozen,False,,,,,,,,,,,6971.17236328125,1.0,False,,
0,2024,data/raw/sow_call_dataset_labeled/calm_grunt/0-0.wav,375a9f28f51a47761e2685a85bf05fd5,calm_grunt,calm_grunt,64000,1.0,,clean,,,,,,clean,clean,False,zero_shot_frozen,False,,,,,,,,,,,14712.0322265625,1.0,False,,
0,2024,data/external/korea_raw/dry_cough/train_dry_11727.wav,fc93924539d8087a01f3402a5a8c7d0b,cough,dry_cough,12000,0.1875,,clean,,,,,,clean,clean,False,zero_shot_frozen,False,,,,,,,,,,,0.2194679081439972,1.0,False,,
0,2024,data/external/korea_raw/dry_cough/train_dry_17197.wav,a81227276c0cb075353c856ae7e0af41,cough,dry_cough,11456,0.179,,clean,,,,,,clean,clean,False,zero_shot_frozen,False,,,,,,,,,,,0.8666090369224548,1.0,False,,
0,2024,data/raw/sow_call_dataset_labeled/feeding/431-1.wav,91ae5382a6836df66540a8ba89013364,feeding,feeding,63754,0.99615625,,clean,,,,,,clean,clean,False,zero_shot_frozen,False,,,,,,,,,,,11762.62890625,1.0,False,,
0,2024,data/external/korea_raw/abdominal_cough/train_abdominal_01313.wav,a01b0c33cc7f711409675f20113a2224,cough,abdominal_cough,15040,0.235,,clean,,,,,,clean,clean,False,zero_shot_frozen,False,,,,,,,,,,,0.22092776000499725,1.0,False,,
0,2024,data/raw/sow_call_dataset_labeled/calm_grunt/193-0.wav,ca1ead94c16e1fb25c9557ecd7dcc551,calm_grunt,calm_grunt,64000,1.0,,clean,,,,,,clean,clean,False,zero_shot_frozen,False,,,,,,,,,,,15852.361328125,1.0,False,,
0,2024,data/external/korea_raw/abdominal_cough/train_abdominal_10313.wav,c13956b428478c5dd0c3458c16330570,cough,abdominal_cough,14016,0.219,,clean,,,,,,clean,clean,False,zero_shot_frozen,False,,,,,,,,,,,1.00142240524292,1.0,False,,
0,2024,data/raw/sow_call_dataset_labeled/feeding/312-1.wav,293a15b43b9611cb2e3eba6d3f5372cc,feeding,feeding,64000,1.0,,clean,,,,,,clean,clean,False,zero_shot_frozen,False,,,,,,,,,,,10654.9375,1.0,False,,
0,2024,data/external/korea_raw/abdominal_cough/train_abdominal_11302.wav,3500df8d4dde9d30a7e33288debf2b46,cough,abdominal_cough,14017,0.219015625,,clean,,,,,,clean,clean,False,zero_shot_frozen,False,,,,,,,,,,,0.3093765676021576,1.0,False,,
0,2024,data/raw/sow_call_dataset_labeled/frightened_stress/1063-2.wav,a7e2073c043365484b8a8e53a336da67,stress_vocal,frightened_stress,64000,1.0,,clean,,,,,,clean,clean,False,zero_shot_frozen,False,,,,,,,,,,,1680.82080078125,1.0,False,,
0,2024,data/raw/sow_call_dataset_labeled/anxious_stress/1422-3.wav,01f9891a3e4465b442eb23655620dc44,stress_vocal,anxious_stress,64000,1.0,,clean,,,,,,clean,clean,False,zero_shot_frozen,False,,,,,,,,,,,1920.6307373046875,1.0,False,,
0,2024,data/raw/sow_call_dataset_labeled/calm_grunt/182-0.wav,5ec24f69341475ee529256c8a2d68016,calm_grunt,calm_grunt,64000,1.0,,clean,,,,,,clean,clean,False,zero_shot_frozen,False,,,,,,,,,,,16477.380859375,1.0,False,,
0,2024,data/external/korea_raw/dry_cough/train_dry_09239.wav,2f9ff30122974c3c0529764de066c3c9,cough,dry_cough,19360,0.3025,,clean,,,,,,clean,clean,False,zero_shot_frozen,False,,,,,,,,,,,0.5601773858070374,1.0,False,,
0,2024,data/external/korea_raw/abdominal_cough/train_abdominal_17672.wav,f15a33f36baf2b8e736629781a6abc75,cough,abdominal_cough,13920,0.2175,,clean,,,,,,clean,clean,False,zero_shot_frozen,False,,,,,,,,,,,0.2782400846481323,1.0,False,,
0,2024,data/raw/sow_call_dataset_labeled/anxious_stress/1297-3.wav,15736b80e0e4f5e334117af31330abe5,stress_vocal,anxious_stress,63991,0.999859375,,clean,,,,,,clean,clean,False,zero_shot_frozen,False,,,,,,,,,,,1396.0421142578125,1.0,False,,
0,2024,data/external/korea_raw/abdominal_cough/train_abdominal_00790.wav,be383be0d5e164640f96e7b8c086be90,cough,abdominal_cough,13184,0.206,,clean,,,,,,clean,clean,False,zero_shot_frozen,False,,,,,,,,,,,0.2691790759563446,1.0,False,,
0,2024,data/raw/sow_call_dataset_labeled/feeding/444-1.wav,6e8f71772e6578a1413f49c0b64622ef,feeding,feeding,64000,1.0,,clean,,,,,,clean,clean,False,zero_shot_frozen,False,,,,,,,,,,,15799.1376953125,1.0,False,,
0,2024,data/external/korea_raw/abdominal_cough/train_abdominal_08082.wav,d30dcaf230f9e2a911e1947f21cca67c,cough,abdominal_cough,16928,0.2645,,clean,,,,,,clean,clean,False,zero_shot_frozen,False,,,,,,,,,,,0.4754486382007599,1.0,False,,
0,2024,data/external/korea_raw/abdominal_cough/train_abdominal_02327.wav,f671afbd25fd76072e59a1ea9a30ef8f,cough,abdominal_cough,13536,0.2115,,clean,,,,,,clean,clean,False,zero_shot_frozen,False,,,,,,,,,,,0.1432439088821411,1.0,False,,
0,2024,data/raw/sow_call_dataset_labeled/calm_grunt/66-0.wav,9a1f2c7d433b216204177eeaf261b0b5,calm_grunt,calm_grunt,64000,1.0,,clean,,,,,,clean,clean,False,zero_shot_frozen,False,,,,,,,,,,,16180.6826171875,1.0,False,,
0,2024,data/raw/sow_call_dataset_labeled/calm_grunt/46-0.wav,937e8cf48f631aa7ec7153f60ad2f192,calm_grunt,calm_grunt,64000,1.0,,clean,,,,,,clean,clean,False,zero_shot_frozen,False,,,,,,,,,,,14386.181640625,1.0,False,,
0,2024,data/raw/sow_call_dataset_labeled/feeding/492-1.wav,b998236fc8e1bd90177833e700992ddb,feeding,feeding,63988,0.9998125,,clean,,,,,,clean,clean,False,zero_shot_frozen,False,,,,,,,,,,,2572.28662109375,1.0,False,,
0,2024,data/raw/sow_call_dataset_labeled/calm_grunt/13-0.wav,1e6abaca4ee7e6ae5e9ddcd4c3bc70ee,calm_grunt,calm_grunt,64000,1.0,,clean,,,,,,clean,clean,False,zero_shot_frozen,False,,,,,,,,,,,19228.998046875,1.0,False,,
0,2024,data/raw/sow_call_dataset_labeled/frightened_stress/1096-2.wav,9ea43ffa0a9fefd061e5e02543126bec,stress_vocal,frightened_stress,63990,0.99984375,,clean,,,,,,clean,clean,False,zero_shot_frozen,False,,,,,,,,,,,2541.752685546875,1.0,False,,
0,2024,data/raw/sow_call_dataset_labeled/feeding/355-1.wav,92852d0b9cb15d83bc32ce24b43cd421,feeding,feeding,64000,1.0,,clean,,,,,,clean,clean,False,zero_shot_frozen,False,,,,,,,,,,,6411.912109375,1.0,False,,
0,2024,data/external/korea_raw/dry_cough/train_dry_14835.wav,2a6f1b93023cf43370fb4ddc4a25c557,cough,dry_cough,18272,0.2855,,clean,,,,,,clean,clean,False,zero_shot_frozen,False,,,,,,,,,,,0.3464994430541992,1.0,False,,
0,2024,data/raw/sow_call_dataset_labeled/feeding/480-1.wav,314c5b727c3e60e13838edeb09727eb6,feeding,feeding,64000,1.0,,clean,,,,,,clean,clean,False,zero_shot_frozen,False,,,,,,,,,,,4462.7919921875,1.0,False,,
0,2024,data/raw/sow_call_dataset_labeled/feeding/475-1.wav,fff1ba8bfd4f7a2c0c937a21d2533e26,feeding,feeding,64000,1.0,,clean,,,,,,clean,clean,False,zero_shot_frozen,False,,,,,,,,,,,2245.96875,1.0,False,,
0,2024,data/raw/sow_call_dataset_labeled/feeding/343-1.wav,04444d7ef6c62b6da94486d0aced7cd9,feeding,feeding,64000,1.0,,clean,,,,,,clean,clean,False,zero_shot_frozen,False,,,,,,,,,,,11330.2607421875,1.0,False,,
0,2024,data/raw/sow_call_dataset_labeled/feeding/389-1.wav,43ae73622c7a2432d7d3632134dda63a,feeding,feeding,63990,0.99984375,,clean,,,,,,clean,clean,False,zero_shot_frozen,False,,,,,,,,,,,13154.4384765625,1.0,False,,
0,2024,data/raw/sow_call_dataset_labeled/feeding/427-1.wav,fb79ad436b991a7f85596c6e029a1a41,feeding,feeding,63986,0.99978125,,clean,,,,,,clean,clean,False,zero_shot_frozen,False,,,,,,,,,,,4417.48046875,1.0,False,,
0,2024,data/raw/sow_call_dataset_labeled/anxious_stress/1334-3.wav,11d045bea6c3d64015b13638a7d53109,stress_vocal,anxious_stress,63997,0.999953125,,clean,,,,,,clean,clean,False,zero_shot_frozen,False,,,,,,,,,,,20692.638671875,1.0,False,,
0,2024,data/raw/sow_call_dataset_labeled/anxious_stress/1383-3.wav,b3b31954241bce03f5720874592aee72,stress_vocal,anxious_stress,63992,0.999875,,clean,,,,,,clean,clean,False,zero_shot_frozen,False,,,,,,,,,,,6756.49755859375,1.0,False,,
0,2024,data/raw/sow_call_dataset_labeled/frightened_stress/571-2.wav,08169455610f31ed96247239437ecadf,stress_vocal,frightened_stress,64000,1.0,,clean,,,,,,clean,clean,False,zero_shot_frozen,False,,,,,,,,,,,828.77197265625,1.0,False,,
0,2024,data/external/korea_raw/abdominal_cough/train_abdominal_06751.wav,1d8dba5e198d447b4483b7ae2ad71b2f,cough,abdominal_cough,10976,0.1715,,clean,,,,,,clean,clean,False,zero_shot_frozen,False,,,,,,,,,,,0.31062185764312744,1.0,False,,
0,2024,data/raw/sow_call_dataset_labeled/calm_grunt/133-0.wav,4d295214452277e46a9aa9d386bf4466,calm_grunt,calm_grunt,64000,1.0,,clean,,,,,,clean,clean,False,zero_shot_frozen,False,,,,,,,,,,,16673.1015625,1.0,False,,
0,2024,data/raw/sow_call_dataset_labeled/calm_grunt/134-0.wav,f5e6656b16432a15c846dda524aab2f7,calm_grunt,calm_grunt,64000,1.0,,clean,,,,,,clean,clean,False,zero_shot_frozen,False,,,,,,,,,,,16918.720703125,1.0,False,,
0,2024,data/raw/sow_call_dataset_labeled/anxious_stress/1682-3.wav,22f617734eec4c14399d7edd05952a94,stress_vocal,anxious_stress,64000,1.0,,clean,,,,,,clean,clean,False,zero_shot_frozen,False,,,,,,,,,,,21979.330078125,1.0,False,,
0,2024,data/raw/sow_call_dataset_labeled/anxious_stress/1376-3.wav,7955ec6fe3a43547095c229605227135,stress_vocal,anxious_stress,64000,1.0,,clean,,,,,,clean,clean,False,zero_shot_frozen,False,,,,,,,,,,,3225.741943359375,1.0,False,,
0,2024,data/raw/sow_call_dataset_labeled/anxious_stress/1494-3.wav,c96e034455453c8a80062c77d5b0ffd8,stress_vocal,anxious_stress,64000,1.0,,clean,,,,,,clean,clean,False,zero_shot_frozen,False,,,,,,,,,,,22761.28515625,1.0,False,,
0,2024,data/raw/sow_call_dataset_labeled/calm_grunt/163-0.wav,5695337a3756b87cd039848c7ee34d5d,calm_grunt,calm_grunt,64000,1.0,,clean,,,,,,clean,clean,False,zero_shot_frozen,False,,,,,,,,,,,16299.9375,1.0,False,,
0,2024,data/raw/sow_call_dataset_labeled/calm_grunt/200-0.wav,9f56e233d86a50f8c07037764ffc404c,calm_grunt,calm_grunt,64000,1.0,,clean,,,,,,clean,clean,False,zero_shot_frozen,False,,,,,,,,,,,17578.76953125,1.0,False,,
0,2024,data/raw/sow_call_dataset_labeled/calm_grunt/181-0.wav,66d65c98af61f5b9edb344b18a179881,calm_grunt,calm_grunt,64000,1.0,,clean,,,,,,clean,clean,False,zero_shot_frozen,False,,,,,,,,,,,14779.9169921875,1.0,False,,
0,2024,data/raw/sow_call_dataset_labeled/feeding/489-1.wav,cc82b9acc5ec838472efea0356add029,feeding,feeding,63988,0.9998125,,clean,,,,,,clean,clean,False,zero_shot_frozen,False,,,,,,,,,,,1374.9091796875,1.0,False,,
0,2024,data/external/korea_raw/dry_cough/train_dry_17231.wav,414bbf0cced84b1b83253974ff72e055,cough,dry_cough,20064,0.3135,,clean,,,,,,clean,clean,False,zero_shot_frozen,False,,,,,,,,,,,0.8539214730262756,1.0,False,,
0,2024,data/raw/sow_call_dataset_labeled/feeding/406-1.wav,bf2cba2c96bb0cc4a444e2aed3985121,feeding,feeding,64000,1.0,,clean,,,,,,clean,clean,False,zero_shot_frozen,False,,,,,,,,,,,3723.645751953125,1.0,False,,
0,2024,data/raw/sow_call_dataset_labeled/calm_grunt/255-0.wav,7fe4de8d725fb04b3437a3a1c91ff7ab,calm_grunt,calm_grunt,64000,1.0,,clean,,,,,,clean,clean,False,zero_shot_frozen,False,,,,,,,,,,,15492.3955078125,1.0,False,,
0,2024,data/raw/sow_call_dataset_labeled/anxious_stress/1359-3.wav,18b5dc855acc6b3ee7d7d2daae3afaa4,stress_vocal,anxious_stress,64000,1.0,,clean,,,,,,clean,clean,False,zero_shot_frozen,False,,,,,,,,,,,6329.806640625,1.0,False,,
0,2024,data/raw/sow_call_dataset_labeled/feeding/298-1.wav,a386793de4da5cae07e7e1b426e07f80,feeding,feeding,63997,0.999953125,,clean,,,,,,clean,clean,False,zero_shot_frozen,False,,,,,,,,,,,3071.224853515625,1.0,False,,
0,2024,data/raw/sow_call_dataset_labeled/frightened_stress/1038-2.wav,eea3389ab552c4f66b61093bf5aacc49,stress_vocal,frightened_stress,64000,1.0,,clean,,,,,,clean,clean,False,zero_shot_frozen,False,,,,,,,,,,,6817.01806640625,1.0,False,,
0,2024,data/raw/sow_call_dataset_labeled/calm_grunt/148-0.wav,00e146b24fd459e3f6e2e9469eebe4c4,calm_grunt,calm_grunt,64000,1.0,,clean,,,,,,clean,clean,False,zero_shot_frozen,False,,,,,,,,,,,10460.306640625,1.0,False,,
0,2024,data/raw/sow_call_dataset_labeled/calm_grunt/31-0.wav,ad1b03b3649c921981340ffcfafbe1d5,calm_grunt,calm_grunt,64000,1.0,,clean,,,,,,clean,clean,False,zero_shot_frozen,False,,,,,,,,,,,22159.416015625,1.0,False,,
0,2024,data/raw/sow_call_dataset_labeled/feeding/469-1.wav,96f4365be7925a63b199ce1f0e094270,feeding,feeding,64000,1.0,,clean,,,,,,clean,clean,False,zero_shot_frozen,False,,,,,,,,,,,10116.9638671875,1.0,False,,
0,2024,data/external/korea_raw/abdominal_cough/train_abdominal_02305.wav,802c3c06a9ed989a83e4990344122a04,cough,abdominal_cough,15457,0.241515625,,clean,,,,,,clean,clean,False,zero_shot_frozen,False,,,,,,,,,,,0.2909994125366211,1.0,False,,
0,2024,data/raw/sow_call_dataset_labeled/feeding/486-1.wav,faa7678cb4332273bf2df704079aa496,feeding,feeding,63997,0.999953125,,clean,,,,,,clean,clean,False,zero_shot_frozen,False,,,,,,,,,,,3860.96533203125,1.0,False,,
0,2024,data/raw/sow_call_dataset_labeled/feeding/399-1.wav,48cf353f7ec7b595326862ac160f0ad7,feeding,feeding,63998,0.99996875,,clean,,,,,,clean,clean,False,zero_shot_frozen,False,,,,,,,,,,,8345.8740234375,1.0,False,,
0,2024,data/raw/sow_call_dataset_labeled/feeding/324-1.wav,247d290a4193c3f911ea011db4d5a19f,feeding,feeding,64000,1.0,,clean,,,,,,clean,clean,False,zero_shot_frozen,False,,,,,,,,,,,12867.0908203125,1.0,False,,
0,2024,data/external/korea_raw/abdominal_cough/train_abdominal_13649.wav,758a24dd5518a227c1e5ba1f0ff3dcb4,cough,abdominal_cough,19137,0.299015625,,clean,,,,,,clean,clean,False,zero_shot_frozen,False,,,,,,,,,,,0.34454309940338135,1.0,False,,
0,2024,data/raw/sow_call_dataset_labeled/frightened_stress/809-2.wav,60adaca724f5caf2590a8cfb28d41e6d,stress_vocal,frightened_stress,64000,1.0,,clean,,,,,,clean,clean,False,zero_shot_frozen,False,,,,,,,,,,,842.0465087890625,1.0,False,,
0,2024,data/raw/sow_call_dataset_labeled/feeding/471-1.wav,52da60c3cf75c529daf2db0df0c762b2,feeding,feeding,63985,0.999765625,,clean,,,,,,clean,clean,False,zero_shot_frozen,False,,,,,,,,,,,4668.345703125,1.0,False,,
0,2024,data/external/korea_raw/dry_cough/train_dry_13855.wav,92a4b6e7ce690c211166c2967b9d3651,cough,dry_cough,18016,0.2815,,clean,,,,,,clean,clean,False,zero_shot_frozen,False,,,,,,,,,,,0.350124716758728,1.0,False,,
0,2024,data/raw/sow_call_dataset_labeled/calm_grunt/246-0.wav,af2331ab38f97aa237f515945a5359e8,calm_grunt,calm_grunt,64000,1.0,,clean,,,,,,clean,clean,False,zero_shot_frozen,False,,,,,,,,,,,16374.0234375,1.0,False,,
0,2024,data/raw/sow_call_dataset_labeled/feeding/304-1.wav,c9e37a52d69aa372d3ae6b95468b7620,feeding,feeding,63988,0.9998125,,clean,,,,,,clean,clean,False,zero_shot_frozen,False,,,,,,,,,,,3169.325927734375,1.0,False,,
0,2024,data/external/korea_raw/dry_cough/train_dry_12111.wav,f59c8ec794987b22feab4606c5b457ec,cough,dry_cough,12001,0.187515625,,clean,,,,,,clean,clean,False,zero_shot_frozen,False,,,,,,,,,,,0.16002912819385529,1.0,False,,
0,2024,data/raw/sow_call_dataset_labeled/anxious_stress/1452-3.wav,863eeac0b9ddb7b6f0040a6c94e9fb0e,stress_vocal,anxious_stress,63995,0.999921875,,clean,,,,,,clean,clean,False,zero_shot_frozen,False,,,,,,,,,,,13323.076171875,1.0,False,,
0,2024,data/raw/sow_call_dataset_labeled/feeding/393-1.wav,d020a377f975c05272b8d05b57521990,feeding,feeding,64000,1.0,,clean,,,,,,clean,clean,False,zero_shot_frozen,False,,,,,,,,,,,5087.68505859375,1.0,False,,
0,2024,data/raw/sow_call_dataset_labeled/calm_grunt/91-0.wav,cee17336c428ff1a2871511627e221ac,calm_grunt,calm_grunt,64000,1.0,,clean,,,,,,clean,clean,False,zero_shot_frozen,False,,,,,,,,,,,17912.16015625,1.0,False,,
0,2024,data/external/korea_raw/dry_cough/train_dry_08236.wav,a7ab543a182c83c4cf8ec72231ba0af2,cough,dry_cough,17184,0.2685,,clean,,,,,,clean,clean,False,zero_shot_frozen,False,,,,,,,,,,,0.4377416670322418,1.0,False,,
0,2024,data/raw/sow_call_dataset_labeled/feeding/462-1.wav,bf71b3916b50f93bb618bec575df25d0,feeding,feeding,64000,1.0,,clean,,,,,,clean,clean,False,zero_shot_frozen,False,,,,,,,,,,,2426.070556640625,1.0,False,,
0,2024,data/raw/sow_call_dataset_labeled/frightened_stress/531-2.wav,439e489d68e585b0f865ab720f41e65a,stress_vocal,frightened_stress,63608,0.993875,,clean,,,,,,clean,clean,False,zero_shot_frozen,False,,,,,,,,,,,2352.5126953125,1.0,False,,
0,2024,data/external/korea_raw/dry_cough/train_dry_12259.wav,0dd24b3ee3931c0516f250d0fb57dc2a,cough,dry_cough,13985,0.218515625,,clean,,,,,,clean,clean,False,zero_shot_frozen,False,,,,,,,,,,,0.2411201000213623,1.0,False,,
0,2024,data/raw/sow_call_dataset_labeled/feeding/334-1.wav,6d4e3f890abd1b39675ab539c08999df,feeding,feeding,64000,1.0,,clean,,,,,,clean,clean,False,zero_shot_frozen,False,,,,,,,,,,,9327.1259765625,1.0,False,,
0,2024,data/raw/sow_call_dataset_labeled/frightened_stress/1031-2.wav,52f370f2037764cd024cc8ac3620035d,stress_vocal,frightened_stress,63997,0.999953125,,clean,,,,,,clean,clean,False,zero_shot_frozen,False,,,,,,,,,,,2757.1474609375,1.0,False,,
0,2024,data/external/korea_raw/dry_cough/train_dry_05498.wav,476f1f61fe985f0e105b631f547552aa,cough,dry_cough,11777,0.184015625,,clean,,,,,,clean,clean,False,zero_shot_frozen,False,,,,,,,,,,,0.15996482968330383,1.0,False,,
0,2024,data/raw/sow_call_dataset_labeled/calm_grunt/69-0.wav,5e6972bc79d14fbb0e7d8c9fc5171b8e,calm_grunt,calm_grunt,64000,1.0,,clean,,,,,,clean,clean,False,zero_shot_frozen,False,,,,,,,,,,,16094.8017578125,1.0,False,,
0,2024,data/raw/sow_call_dataset_labeled/feeding/365-1.wav,e7f7f9645f68e7861c6960646038694b,feeding,feeding,63998,0.99996875,,clean,,,,,,clean,clean,False,zero_shot_frozen,False,,,,,,,,,,,2049.74853515625,1.0,False,,
0,2024,data/raw/sow_call_dataset_labeled/calm_grunt/127-0.wav,c0b1e9c399e2fcb85350d6e1a522b9c7,calm_grunt,calm_grunt,64000,1.0,,clean,,,,,,clean,clean,False,zero_shot_frozen,False,,,,,,,,,,,7138.681640625,1.0,False,,
0,2024,data/raw/sow_call_dataset_labeled/frightened_stress/649-2.wav,a79a4d5ca276050cd921a9a53451c118,stress_vocal,frightened_stress,64000,1.0,,clean,,,,,,clean,clean,False,zero_shot_frozen,False,,,,,,,,,,,1754.7567138671875,1.0,False,,
0,2024,data/raw/sow_call_dataset_labeled/anxious_stress/1429-3.wav,08dbebe86b17e15870a88fc0edc1fd56,stress_vocal,anxious_stress,63997,0.999953125,,clean,,,,,,clean,clean,False,zero_shot_frozen,False,,,,,,,,,,,6948.71044921875,1.0,False,,
0,2024,data/external/korea_raw/abdominal_cough/train_abdominal_16429.wav,89bcd1f7bcfd5c0d3850c0d8d7a77682,cough,abdominal_cough,12321,0.192515625,,clean,,,,,,clean,clean,False,zero_shot_frozen,False,,,,,,,,,,,0.14512236416339874,1.0,False,,
0,2024,data/raw/sow_call_dataset_labeled/frightened_stress/624-2.wav,6b7d32323ad19193729e70aa61366584,stress_vocal,frightened_stress,64000,1.0,,clean,,,,,,clean,clean,False,zero_shot_frozen,False,,,,,,,,,,,924.19921875,1.0,False,,
0,2024,data/raw/sow_call_dataset_labeled/calm_grunt/218-0.wav,b3d8482fce8b5eaa3e2cb020780d332e,calm_grunt,calm_grunt,64000,1.0,,clean,,,,,,clean,clean,False,zero_shot_frozen,False,,,,,,,,,,,16304.2236328125,1.0,False,,
0,2024,data/external/korea_raw/dry_cough/train_dry_14904.wav,82731434fe93293942ec3e677a251aa0,cough,dry_cough,13408,0.2095,,clean,,,,,,clean,clean,False,zero_shot_frozen,False,,,,,,,,,,,0.23222856223583221,1.0,False,,
0,2024,data/raw/sow_call_dataset_labeled/calm_grunt/59-0.wav,59a6dd695e64efe4c8241ab5e0cd60df,calm_grunt,calm_grunt,64000,1.0,,clean,,,,,,clean,clean,False,zero_shot_frozen,False,,,,,,,,,,,17839.84375,1.0,False,,
0,2024,data/external/korea_raw/dry_cough/train_dry_12342.wav,be5b9785349c0ba7847119f6859671bc,cough,dry_cough,14017,0.219015625,,clean,,,,,,clean,clean,False,zero_shot_frozen,False,,,,,,,,,,,0.17570744454860687,1.0,False,,
0,2024,data/external/korea_raw/dry_cough/train_dry_07999.wav,4bcc8d92055b679105e93da203cd9111,cough,dry_cough,13313,0.208015625,,clean,,,,,,clean,clean,False,zero_shot_frozen,False,,,,,,,,,,,0.43527957797050476,1.0,False,,
0,2024,data/raw/sow_call_dataset_labeled/calm_grunt/114-0.wav,6bfb9e30e653d62d2ad67d1d0fbee2b2,calm_grunt,calm_grunt,64000,1.0,,clean,,,,,,clean,clean,False,zero_shot_frozen,False,,,,,,,,,,,15433.9287109375,1.0,False,,
0,2024,data/raw/sow_call_dataset_labeled/calm_grunt/274-0.wav,867a0d742da7dc4ab82703565363efca,calm_grunt,calm_grunt,64000,1.0,,clean,,,,,,clean,clean,False,zero_shot_frozen,False,,,,,,,,,,,17131.361328125,1.0,False,,
0,2024,data/raw/sow_call_dataset_labeled/anxious_stress/1580-3.wav,f770589d5c495dba265407f0501aedab,stress_vocal,anxious_stress,63766,0.99634375,,clean,,,,,,clean,clean,False,zero_shot_frozen,False,,,,,,,,,,,1948.0986328125,1.0,False,,
0,2024,data/external/korea_raw/abdominal_cough/train_abdominal_08112.wav,e88f3f912add02e57df4c7d0d5127334,cough,abdominal_cough,16224,0.2535,,clean,,,,,,clean,clean,False,zero_shot_frozen,False,,,,,,,,,,,0.39949867129325867,1.0,False,,
0,2024,data/raw/sow_call_dataset_labeled/calm_grunt/250-0.wav,6501451456d9e85981b2e584769706d5,calm_grunt,calm_grunt,64000,1.0,,clean,,,,,,clean,clean,False,zero_shot_frozen,False,,,,,,,,,,,17065.640625,1.0,False,,
0,2024,data/raw/sow_call_dataset_labeled/feeding/484-1.wav,7597d17cfc4d984eaab8bc076ccdf5ea,feeding,feeding,64000,1.0,,clean,,,,,,clean,clean,False,zero_shot_frozen,False,,,,,,,,,,,12490.2333984375,1.0,False,,
0,2024,data/raw/sow_call_dataset_labeled/calm_grunt/251-0.wav,c0f8ff4583e17d7a26d397f7d7b0a2f7,calm_grunt,calm_grunt,64000,1.0,,clean,,,,,,clean,clean,False,zero_shot_frozen,False,,,,,,,,,,,18829.20703125,1.0,False,,
0,2024,data/raw/sow_call_dataset_labeled/frightened_stress/988-2.wav,e3f63486bc9dd011d4c42a02e2ab82eb,stress_vocal,frightened_stress,63998,0.99996875,,clean,,,,,,clean,clean,False,zero_shot_frozen,False,,,,,,,,,,,2671.597900390625,1.0,False,,
0,2024,data/raw/sow_call_dataset_labeled/calm_grunt/89-0.wav,66baf7d1e6268784319cb4666f8d36fd,calm_grunt,calm_grunt,64000,1.0,,clean,,,,,,clean,clean,False,zero_shot_frozen,False,,,,,,,,,,,14950.0087890625,1.0,False,,
0,2024,data/raw/sow_call_dataset_labeled/anxious_stress/1649-3.wav,8ef7b5c15e374567562265858e5d7ed1,stress_vocal,anxious_stress,64000,1.0,,clean,,,,,,clean,clean,False,zero_shot_frozen,False,,,,,,,,,,,14968.90234375,1.0,False,,
0,2024,data/raw/sow_call_dataset_labeled/anxious_stress/1738-3.wav,ad7a0d5de7477a9d5d43b2bd260d645e,stress_vocal,anxious_stress,64000,1.0,,clean,,,,,,clean,clean,False,zero_shot_frozen,False,,,,,,,,,,,1625.04443359375,1.0,False,,
0,2024,data/raw/sow_call_dataset_labeled/calm_grunt/165-0.wav,58f3af1d9665f4501de1c256ac27087d,calm_grunt,calm_grunt,64000,1.0,,clean,,,,,,clean,clean,False,zero_shot_frozen,False,,,,,,,,,,,16446.068359375,1.0,False,,
0,2024,data/raw/sow_call_dataset_labeled/calm_grunt/253-0.wav,88f53ffdc813ee27215e3d68cababb72,calm_grunt,calm_grunt,64000,1.0,,clean,,,,,,clean,clean,False,zero_shot_frozen,False,,,,,,,,,,,15605.591796875,1.0,False,,
0,2024,data/raw/sow_call_dataset_labeled/calm_grunt/252-0.wav,2425faf6d72ec8f1cfb27af49a442721,calm_grunt,calm_grunt,64000,1.0,,clean,,,,,,clean,clean,False,zero_shot_frozen,False,,,,,,,,,,,17537.57421875,1.0,False,,
0,2024,data/raw/sow_call_dataset_labeled/frightened_stress/887-2.wav,36d2f03519aad0dc3c6d70f418bede2d,stress_vocal,frightened_stress,64000,1.0,,clean,,,,,,clean,clean,False,zero_shot_frozen,False,,,,,,,,,,,2293.635009765625,1.0,False,,
0,2024,data/raw/sow_call_dataset_labeled/feeding/367-1.wav,940704b541a8d463f81ea666f8da0a2d,feeding,feeding,64000,1.0,,clean,,,,,,clean,clean,False,zero_shot_frozen,False,,,,,,,,,,,8199.408203125,1.0,False,,
0,2024,data/raw/sow_call_dataset_labeled/anxious_stress/1294-3.wav,3b1abd244c212e4e29ed5d8d492094a3,stress_vocal,anxious_stress,64000,1.0,,clean,,,,,,clean,clean,False,zero_shot_frozen,False,,,,,,,,,,,2260.59765625,1.0,False,,
0,2024,data/raw/sow_call_dataset_labeled/calm_grunt/84-0.wav,6284697bc5cf29624df3bee3472e7b55,calm_grunt,calm_grunt,64000,1.0,,clean,,,,,,clean,clean,False,zero_shot_frozen,False,,,,,,,,,,,14493.814453125,1.0,False,,
0,2024,data/external/korea_raw/dry_cough/train_dry_06353.wav,7c4381d73edf61a542eca5b8ad16ccbe,cough,dry_cough,7969,0.124515625,,clean,,,,,,clean,clean,False,zero_shot_frozen,False,,,,,,,,,,,0.43850889801979065,1.0,False,,
0,2024,data/raw/sow_call_dataset_labeled/frightened_stress/798-2.wav,9047deea4f6c553333311bf1f5279715,stress_vocal,frightened_stress,64000,1.0,,clean,,,,,,clean,clean,False,zero_shot_frozen,False,,,,,,,,,,,1162.1856689453125,1.0,False,,
0,2024,data/raw/sow_call_dataset_labeled/feeding/396-1.wav,850bc5be2aeb59aeadd3ce9d998d574e,feeding,feeding,64000,1.0,,clean,,,,,,clean,clean,False,zero_shot_frozen,False,,,,,,,,,,,6161.31640625,1.0,False,,
0,2024,data/external/korea_raw/abdominal_cough/train_abdominal_01211.wav,54d7ff55aaca2d49609a064333bab111,cough,abdominal_cough,17952,0.2805,,clean,,,,,,clean,clean,False,zero_shot_frozen,False,,,,,,,,,,,0.13306692242622375,1.0,False,,
0,2024,data/raw/sow_call_dataset_labeled/feeding/382-1.wav,6900556222b8dc7174fb2b5d5e1d09ac,feeding,feeding,63997,0.999953125,,clean,,,,,,clean,clean,False,zero_shot_frozen,False,,,,,,,,,,,9060.6728515625,1.0,False,,
0,2024,data/raw/sow_call_dataset_labeled/feeding/308-1.wav,62f84208f3d66bc2106eced8f9723a09,feeding,feeding,63986,0.99978125,,clean,,,,,,clean,clean,False,zero_shot_frozen,False,,,,,,,,,,,3271.34814453125,1.0,False,,
0,2024,data/raw/sow_call_dataset_labeled/feeding/411-1.wav,34ffe8b85e2dd2ea42fae8d315374606,feeding,feeding,63998,0.99996875,,clean,,,,,,clean,clean,False,zero_shot_frozen,False,,,,,,,,,,,3804.169921875,1.0,False,,
0,2024,data/external/korea_raw/dry_cough/train_dry_02449.wav,2896dd842b3141f1521d6e69312d7362,cough,dry_cough,18497,0.289015625,,clean,,,,,,clean,clean,False,zero_shot_frozen,False,,,,,,,,,,,0.4171677231788635,1.0,False,,
0,2024,data/raw/sow_call_dataset_labeled/calm_grunt/35-0.wav,bce14de9ae101013d89c90c1a29bb636,calm_grunt,calm_grunt,64000,1.0,,clean,,,,,,clean,clean,False,zero_shot_frozen,False,,,,,,,,,,,9142.56640625,1.0,False,,
0,2024,data/raw/sow_call_dataset_labeled/feeding/387-1.wav,9241924820d30258f1b5a5e9d94aeac0,feeding,feeding,64000,1.0,,clean,,,,,,clean,clean,False,zero_shot_frozen,False,,,,,,,,,,,5404.30029296875,1.0,False,,
0,2024,data/raw/sow_call_dataset_labeled/anxious_stress/1616-3.wav,6063d92c24fe5f2476915494d06f6c8a,stress_vocal,anxious_stress,63987,0.999796875,,clean,,,,,,clean,clean,False,zero_shot_frozen,False,,,,,,,,,,,4050.8349609375,1.0,False,,
0,2024,data/raw/sow_call_dataset_labeled/calm_grunt/155-0.wav,68510d2282aa7349ec4e06faa0638875,calm_grunt,calm_grunt,64000,1.0,,clean,,,,,,clean,clean,False,zero_shot_frozen,False,,,,,,,,,,,11845.9833984375,1.0,False,,
0,2024,data/raw/sow_call_dataset_labeled/anxious_stress/1468-3.wav,d20184e28961e933d131951e2eb5242b,stress_vocal,anxious_stress,64000,1.0,,clean,,,,,,clean,clean,False,zero_shot_frozen,False,,,,,,,,,,,4247.8076171875,1.0,False,,
0,2024,data/raw/sow_call_dataset_labeled/calm_grunt/86-0.wav,6686d8c376a0e89e3ba4cf02a3221421,calm_grunt,calm_grunt,64000,1.0,,clean,,,,,,clean,clean,False,zero_shot_frozen,False,,,,,,,,,,,15657.4267578125,1.0,False,,
0,2024,data/external/korea_raw/abdominal_cough/train_abdominal_05140.wav,ffc07baef90cf2dfcbaa9c4fa0e982c0,cough,abdominal_cough,13985,0.218515625,,clean,,,,,,clean,clean,False,zero_shot_frozen,False,,,,,,,,,,,0.2048105150461197,1.0,False,,
0,2024,data/raw/sow_call_dataset_labeled/feeding/321-1.wav,09b3ffe59b3de4c1fad3e875d3de4e0d,feeding,feeding,63992,0.999875,,clean,,,,,,clean,clean,False,zero_shot_frozen,False,,,,,,,,,,,5215.64013671875,1.0,False,,
0,2024,data/raw/sow_call_dataset_labeled/feeding/461-1.wav,81b6b443e611971e62ee7f480b5e80b8,feeding,feeding,64000,1.0,DEMAND,DWASHING,data/noise_sources/demand/audio/DWASHING/ch01.wav,ff033b73096b456e83fa0fbf21625a80fcbb24af6c3c1bfe9aa94587ca64f394,DEMAND:DWASHING,1.0,3407.0,active_valid_region,20.0,True,zero_shot_frozen,False,2879508.0,6.725837419867118e+17,89557f598ed228f3ee8cd820fa37b6abc136a96ca58470295b2da20ca682ea9b,0.0,demand_noise_offset_v2,330.3920405704791,0.015272256076896034,2163.3479618659503,20.00000024550415,20.00000024550415,2876.418701171875,0.0003473068783737916,True,0.0,20.0
0,2024,data/raw/sow_call_dataset_labeled/calm_grunt/74-0.wav,231dcdc74cf41f59690ae1408467d2ee,calm_grunt,calm_grunt,64000,1.0,DEMAND,DWASHING,data/noise_sources/demand/audio/DWASHING/ch01.wav,ff033b73096b456e83fa0fbf21625a80fcbb24af6c3c1bfe9aa94587ca64f394,DEMAND:DWASHING,1.0,3407.0,active_valid_region,20.0,True,zero_shot_frozen,False,2260651.0,4.3308723393831823e+18,3c1a59725c7fe41e03adf0317ad7ec4658bcdfe871320ea1e0172278cc211fd9,0.0,demand_noise_offset_v2,689.0697472656415,0.01683787374873791,4092.3798191401147,19.999999859685747,19.999999859685747,15064.1748046875,6.631627772197269e-05,True,0.0,20.0
0,2024,data/external/korea_raw/dry_cough/train_dry_16871.wav,0087b3873541a379748a345b960d0af7,cough,dry_cough,15649,0.244515625,DEMAND,DWASHING,data/noise_sources/demand/audio/DWASHING/ch01.wav,ff033b73096b456e83fa0fbf21625a80fcbb24af6c3c1bfe9aa94587ca64f394,DEMAND:DWASHING,1.0,3407.0,active_valid_region,20.0,True,zero_shot_frozen,False,5365855.0,6.191576672756326e+17,0897b09e31ec702bc3cc99f3159bfe431430b22e44d880b8a61b7f8fba491370,0.0,demand_noise_offset_v2,0.05542253586361861,0.01060225300119698,0.5227430043157947,20.000000295075875,12.992073673282029,0.3507840633392334,1.0,False,24175.0,20.0
0,2024,data/raw/sow_call_dataset_labeled/anxious_stress/1567-3.wav,d76bf0e98eb7f34a4269a6dcebf2b860,stress_vocal,anxious_stress,64000,1.0,DEMAND,DWASHING,data/noise_sources/demand/audio/DWASHING/ch01.wav,ff033b73096b456e83fa0fbf21625a80fcbb24af6c3c1bfe9aa94587ca64f394,DEMAND:DWASHING,1.0,3407.0,active_valid_region,20.0,True,zero_shot_frozen,False,19736.0,7.000259102868106e+18,6125ea90aa25eb60197041e6d2c354885e3b001afef9878d77d844817605054d,0.0,demand_noise_offset_v2,2160.9679133716404,0.014948679902896181,14455.911340726287,20.000000127413948,20.000000127413948,12682.7626953125,7.876832705931071e-05,True,0.0,20.0
0,2024,data/external/korea_raw/abdominal_cough/train_abdominal_00145.wav,e49ea7e3eb02dd8208d5767cc2a865bd,cough,abdominal_cough,13760,0.215,DEMAND,DWASHING,data/noise_sources/demand/audio/DWASHING/ch01.wav,ff033b73096b456e83fa0fbf21625a80fcbb24af6c3c1bfe9aa94587ca64f394,DEMAND:DWASHING,1.0,3407.0,active_valid_region,20.0,True,zero_shot_frozen,False,8778113.0,8.708518998112156e+18,f8dadfe39a37388158faf61ebaf1e9583d789d574426bb433b8bf8bd1112e6be,0.0,demand_noise_offset_v2,0.054280202175761995,0.01701573013826541,0.31900013537294697,20.00000028465278,15.316489646355794,0.2962057888507843,1.0,False,25120.0,20.0
0,2024,data/raw/sow_call_dataset_labeled/calm_grunt/126-0.wav,36fb7ca69b77d3439d07d4eed5009620,calm_grunt,calm_grunt,64000,1.0,DEMAND,DWASHING,data/noise_sources/demand/audio/DWASHING/ch01.wav,ff033b73096b456e83fa0fbf21625a80fcbb24af6c3c1bfe9aa94587ca64f394,DEMAND:DWASHING,1.0,3407.0,active_valid_region,20.0,True,zero_shot_frozen,False,683810.0,4.511883760604684e+17,0642f17001de9cbf46d80364c48a630618121a09ed8f798f9f1ab5c0eef63fc6,0.0,demand_noise_offset_v2,612.6466638729408,0.012598018588589837,4863.03984682021,19.999999656288317,19.999999656288317,8138.11083984375,0.00012275576232126872,True,0.0,20.0
0,2024,data/raw/sow_call_dataset_labeled/feeding/422-1.wav,ad0e6cc5f381d90941387e48ac3c90e5,feeding,feeding,64000,1.0,DEMAND,DWASHING,data/noise_sources/demand/audio/DWASHING/ch01.wav,ff033b73096b456e83fa0fbf21625a80fcbb24af6c3c1bfe9aa94587ca64f394,DEMAND:DWASHING,1.0,3407.0,active_valid_region,20.0,True,zero_shot_frozen,False,8538222.0,9.140108300191884e+18,7ed83012998964d261540bda050e2c687ea3397d7c0e9987eb203080c16006fb,0.0,demand_noise_offset_v2,553.9720628504172,0.014037866221342855,3946.269711618783,19.999999858772227,19.999999858772227,6376.89697265625,0.0001566592661420832,True,0.0,20.0
0,2024,data/raw/sow_call_dataset_labeled/frightened_stress/1033-2.wav,8922fbed7e0303ce8677c3bc946a39ed,stress_vocal,frightened_stress,63995,0.999921875,DEMAND,DWASHING,data/noise_sources/demand/audio/DWASHING/ch01.wav,ff033b73096b456e83fa0fbf21625a80fcbb24af6c3c1bfe9aa94587ca64f394,DEMAND:DWASHING,1.0,3407.0,active_valid_region,20.0,True,zero_shot_frozen,False,8604794.0,3.581804388558209e+17,04f883361f7ea679317d9fba84d0b67f35973454ac6507265daf2a1e936a8722,0.0,demand_noise_offset_v2,242.93468520624987,0.013446173714011977,1806.7198176466568,19.999999850299442,19.99994270031102,2098.7060546875,0.00047600758465851585,True,2.0,20.0
0,2024,data/external/korea_raw/dry_cough/train_dry_08957.wav,24488fa53abe2228b8830f93c083ba5d,cough,dry_cough,16000,0.25,DEMAND,DWASHING,data/noise_sources/demand/audio/DWASHING/ch01.wav,ff033b73096b456e83fa0fbf21625a80fcbb24af6c3c1bfe9aa94587ca64f394,DEMAND:DWASHING,1.0,3407.0,active_valid_region,20.0,True,zero_shot_frozen,False,8831621.0,9.107863994691573e+18,fe65a20c322953c7053a62d379dfd881ea5675b8ad57d6ce306c6f5fd438dc00,0.0,demand_noise_offset_v2,0.1368990824889901,0.01134145108888365,1.207068490761046,20.000000344555392,11.080983296146776,0.7835994362831116,1.0,False,24000.0,20.0
0,2024,data/raw/sow_call_dataset_labeled/calm_grunt/191-0.wav,3edbcd7e4d484f1fa45cd8c3904ed2b2,calm_grunt,calm_grunt,64000,1.0,DEMAND,DWASHING,data/noise_sources/demand/audio/DWASHING/ch01.wav,ff033b73096b456e83fa0fbf21625a80fcbb24af6c3c1bfe9aa94587ca64f394,DEMAND:DWASHING,1.0,3407.0,active_valid_region,20.0,True,zero_shot_frozen,False,4110549.0,7.044315970942685e+18,e1c2700d9da64e7df09203286ff4702c39b38b200793a7e686d83b2e0378c80c,0.0,demand_noise_offset_v2,1322.3588303029073,0.006279445973520324,21058.52707196044,19.999999879076643,19.999999879076643,17425.43359375,5.7329993806197884e-05,True,0.0,20.0
0,2024,data/external/korea_raw/dry_cough/train_dry_03883.wav,d33384b82a4c07ee3479d6a84e6a107a,cough,dry_cough,16000,0.25,DEMAND,DWASHING,data/noise_sources/demand/audio/DWASHING/ch01.wav,ff033b73096b456e83fa0fbf21625a80fcbb24af6c3c1bfe9aa94587ca64f394,DEMAND:DWASHING,1.0,3407.0,active_valid_region,20.0,True,zero_shot_frozen,False,761274.0,2.443710362225094e+18,a1e9cda08a5e2d4bdfae8c784cab35b32e2dd5429bffd93db86fbe92401f13ed,0.0,demand_noise_offset_v2,0.05905472440135938,0.010141182136658733,0.5823258433342411,20.000000404231937,14.214658903899945,0.35839495062828064,1.0,False,24000.0,20.0
0,2024,data/raw/sow_call_dataset_labeled/calm_grunt/164-0.wav,d61f937fb7139f1bd2472783afd2378a,calm_grunt,calm_grunt,64000,1.0,DEMAND,DWASHING,data/noise_sources/demand/audio/DWASHING/ch01.wav,ff033b73096b456e83fa0fbf21625a80fcbb24af6c3c1bfe9aa94587ca64f394,DEMAND:DWASHING,1.0,3407.0,active_valid_region,20.0,True,zero_shot_frozen,False,5630278.0,5.781853343679707e+18,d03d44fb856ef63c1a12479724161488ff837bf50eb3661d8dc76436efebdea0,0.0,demand_noise_offset_v2,1226.1967713311983,0.011824502622304205,10369.964898297372,20.00000004778723,20.00000004778723,15164.1826171875,6.587892174733546e-05,True,0.0,20.0
0,2024,data/external/korea_raw/dry_cough/train_dry_05642.wav,88d7f4aa29a5020b78bb91ee3a01937f,cough,dry_cough,13056,0.204,DEMAND,DWASHING,data/noise_sources/demand/audio/DWASHING/ch01.wav,ff033b73096b456e83fa0fbf21625a80fcbb24af6c3c1bfe9aa94587ca64f394,DEMAND:DWASHING,1.0,3407.0,active_valid_region,20.0,True,zero_shot_frozen,False,1897621.0,9.204583489809632e+18,ffbd3fea7f874d7de6cfc6edf18e870fc6b3a2f361a7632e04ce5f79b4738303,0.0,demand_noise_offset_v2,0.060270272855776005,0.0104791734016488,0.5751433872283576,19.999999854008085,9.852435755147306,0.39289379119873047,1.0,False,25472.0,20.0
0,2024,data/raw/sow_call_dataset_labeled/feeding/386-1.wav,14e3565af5b36ce69c196167511c0621,feeding,feeding,64000,1.0,DEMAND,DWASHING,data/noise_sources/demand/audio/DWASHING/ch01.wav,ff033b73096b456e83fa0fbf21625a80fcbb24af6c3c1bfe9aa94587ca64f394,DEMAND:DWASHING,1.0,3407.0,active_valid_region,20.0,True,zero_shot_frozen,False,6729423.0,1.2096745585047043e+18,10c9a09a118018ffc681c29ecc6650e6bf8a2cc0b4960c3321dbe6addc86bd8e,0.0,demand_noise_offset_v2,302.42735361492004,0.018066748480804116,1673.944561392707,19.99999990181212,19.99999990181212,2600.692626953125,0.0003841284393420961,True,0.0,20.0
0,2024,data/raw/sow_call_dataset_labeled/anxious_stress/1691-3.wav,ff6ed75be70451ec0c28fb565f81cd54,stress_vocal,anxious_stress,63988,0.9998125,DEMAND,DWASHING,data/noise_sources/demand/audio/DWASHING/ch01.wav,ff033b73096b456e83fa0fbf21625a80fcbb24af6c3c1bfe9aa94587ca64f394,DEMAND:DWASHING,1.0,3407.0,active_valid_region,20.0,True,zero_shot_frozen,False,5330952.0,8.20229009603929e+18,71d463627f206501c175b85465f0ada8f42e457d058991e6195dbc4ebdeb2ab9,0.0,demand_noise_offset_v2,496.3896603203642,0.011764900074484073,4219.242468509724,19.999999573355318,19.99683517430574,4022.458251953125,0.00024835559188586494,True,6.0,20.0
0,2024,data/external/korea_raw/abdominal_cough/train_abdominal_04314.wav,14cfa356c56f5fb97ab95f6e8f359b80,cough,abdominal_cough,20001,0.312515625,DEMAND,DWASHING,data/noise_sources/demand/audio/DWASHING/ch01.wav,ff033b73096b456e83fa0fbf21625a80fcbb24af6c3c1bfe9aa94587ca64f394,DEMAND:DWASHING,1.0,3407.0,active_valid_region,20.0,True,zero_shot_frozen,False,621333.0,2.7171043216129843e+18,25b517fc136bb001d3743d19616be86eaae10dd71f52dfadf5652a4e19fec532,0.0,demand_noise_offset_v2,0.041687123283452435,0.011033030754553242,0.37783927382100785,20.00000015129502,14.827817251413645,0.21200132369995117,1.0,False,21999.0,20.0
0,2024,data/external/korea_raw/dry_cough/train_dry_17215.wav,7de8d3e02d0b1fe49ade87fb918a2119,cough,dry_cough,13536,0.2115,DEMAND,DWASHING,data/noise_sources/demand/audio/DWASHING/ch01.wav,ff033b73096b456e83fa0fbf21625a80fcbb24af6c3c1bfe9aa94587ca64f394,DEMAND:DWASHING,1.0,3407.0,active_valid_region,20.0,True,zero_shot_frozen,False,9511077.0,5.001918000195901e+18,456a61eb7d4f1857dcaa6183835c3df4144f0b027458253c77f058032d288b0e,0.0,demand_noise_offset_v2,0.3094046526918556,0.0151635196785983,2.0404540584897806,19.999999612846498,15.111739698646113,1.0800082683563232,0.9249929183601431,True,25232.0,20.0
0,2024,data/external/korea_raw/dry_cough/train_dry_08205.wav,6704c14d5e967fb2463c9162bfcd787d,cough,dry_cough,22977,0.359015625,DEMAND,DWASHING,data/noise_sources/demand/audio/DWASHING/ch01.wav,ff033b73096b456e83fa0fbf21625a80fcbb24af6c3c1bfe9aa94587ca64f394,DEMAND:DWASHING,1.0,3407.0,active_valid_region,20.0,True,zero_shot_frozen,False,8588916.0,8.579110019868258e+18,f70f1f1be73df0ad48d3de5840e96f76f317e6c5d38110a8be5dad8aa80b9d91,0.0,demand_noise_offset_v2,0.09645465766897002,0.01151409386762965,0.8377094956654775,20.000000096171956,14.082429038967172,0.5595309138298035,1.0,False,20511.0,20.0
0,2024,data/raw/sow_call_dataset_labeled/feeding/372-1.wav,a51ab823a33ac9f98b57ddd7d4c7dbac,feeding,feeding,64000,1.0,DEMAND,DWASHING,data/noise_sources/demand/audio/DWASHING/ch01.wav,ff033b73096b456e83fa0fbf21625a80fcbb24af6c3c1bfe9aa94587ca64f394,DEMAND:DWASHING,1.0,3407.0,active_valid_region,20.0,True,zero_shot_frozen,False,5646676.0,3.9285566551771914e+18,36850976a7d550005bda9e9ef8b7a7cc3abd909c07b9e66de7816073d0dbd167,0.0,demand_noise_offset_v2,174.77702599599246,0.010466639787947742,1669.8484856357331,19.99999986485171,19.99999986485171,2044.1961669921875,0.0004887006521834546,True,0.0,20.0
0,2024,data/raw/sow_call_dataset_labeled/calm_grunt/234-0.wav,60811846bec973804cf5cb64ea03726f,calm_grunt,calm_grunt,64000,1.0,DEMAND,DWASHING,data/noise_sources/demand/audio/DWASHING/ch01.wav,ff033b73096b456e83fa0fbf21625a80fcbb24af6c3c1bfe9aa94587ca64f394,DEMAND:DWASHING,1.0,3407.0,active_valid_region,20.0,True,zero_shot_frozen,False,1136548.0,6.801651935538519e+18,de6452660f9f1d75570db6a92b62be64e857b0ec6382039325e47d190f11a7d0,0.0,demand_noise_offset_v2,1365.608504954749,0.012806021820894561,10663.799609700764,19.999999845753717,19.999999845753717,16574.0390625,6.027498766189782e-05,True,0.0,20.0
0,2024,data/raw/sow_call_dataset_labeled/anxious_stress/1358-3.wav,2d25df36b23419dad4eac8cb0c26741b,stress_vocal,anxious_stress,64000,1.0,DEMAND,DWASHING,data/noise_sources/demand/audio/DWASHING/ch01.wav,ff033b73096b456e83fa0fbf21625a80fcbb24af6c3c1bfe9aa94587ca64f394,DEMAND:DWASHING,1.0,3407.0,active_valid_region,20.0,True,zero_shot_frozen,False,7721536.0,5.827546726151101e+18,d0df9adf2c3a1a0e416a99e6306171c9e4ea37d7d88e895cc9916d6f74501a77,0.0,demand_noise_offset_v2,249.80913756039314,0.015503571325705803,1611.3005985027164,19.999999675356314,19.999999675356314,2217.67138671875,0.00045047251183508884,True,0.0,20.0
0,2024,data/external/korea_raw/abdominal_cough/train_abdominal_04310.wav,f720b0ab06424dff180f34747009278e,cough,abdominal_cough,12000,0.1875,DEMAND,DWASHING,data/noise_sources/demand/audio/DWASHING/ch01.wav,ff033b73096b456e83fa0fbf21625a80fcbb24af6c3c1bfe9aa94587ca64f394,DEMAND:DWASHING,1.0,3407.0,active_valid_region,20.0,True,zero_shot_frozen,False,4214221.0,7.413447678104888e+18,66e1db629662e25903f8e803ac224a9ec01eacac3e332d44ed42baf7571ffca9,0.0,demand_noise_offset_v2,0.048781646970011076,0.014823856329034156,0.32907528167597555,20.00000012904152,13.28481451277143,0.21237194538116455,1.0,False,26000.0,20.0
0,2024,data/raw/sow_call_dataset_labeled/anxious_stress/1628-3.wav,b4bafd8c58512f0cbd5d3fc95eff2e5e,stress_vocal,anxious_stress,64000,1.0,DEMAND,DWASHING,data/noise_sources/demand/audio/DWASHING/ch01.wav,ff033b73096b456e83fa0fbf21625a80fcbb24af6c3c1bfe9aa94587ca64f394,DEMAND:DWASHING,1.0,3407.0,active_valid_region,20.0,True,zero_shot_frozen,False,6655179.0,6.868166547482988e+18,df50a115f8f1cb4e281ec15f3c50a7800bd189ab0a1dca299d84cc81b364450a,0.0,demand_noise_offset_v2,716.2477665910692,0.01655979476026162,4325.221278163676,20.000000172095767,20.000000172095767,6958.935546875,0.00014355643808895656,True,0.0,20.0
0,2024,data/external/korea_raw/dry_cough/train_dry_10991.wav,fed26a33f0b741bc95bbf8e3ae6cdaa1,cough,dry_cough,10016,0.1565,DEMAND,DWASHING,data/noise_sources/demand/audio/DWASHING/ch01.wav,ff033b73096b456e83fa0fbf21625a80fcbb24af6c3c1bfe9aa94587ca64f394,DEMAND:DWASHING,1.0,3407.0,active_valid_region,20.0,True,zero_shot_frozen,False,7255466.0,6.941780457286844e+18,6056288bf954be0e1938669655a2b6632a6cdd204639c8fbf2662d57f7982211,0.0,demand_noise_offset_v2,0.11561164243036151,0.019116203795001504,0.604783479346415,20.000000054943854,11.657366984776445,0.569820761680603,1.0,False,26992.0,20.0
0,2024,data/raw/sow_call_dataset_labeled/anxious_stress/1697-3.wav,07cbbc074a5616ad1173d36f2d5a9c57,stress_vocal,anxious_stress,63996,0.9999375,DEMAND,DWASHING,data/noise_sources/demand/audio/DWASHING/ch01.wav,ff033b73096b456e83fa0fbf21625a80fcbb24af6c3c1bfe9aa94587ca64f394,DEMAND:DWASHING,1.0,3407.0,active_valid_region,20.0,True,zero_shot_frozen,False,7478024.0,2.928902326783032e+18,a8a58d25f1b7ba91843c38145466391aa40766cf14f7a16c642b5e33fe837a29,0.0,demand_noise_offset_v2,485.1177626907367,0.016894441586289746,2871.463730913851,20.000000328830115,19.999625597810176,2477.502197265625,0.0004032287039351886,True,2.0,20.0
0,2024,data/raw/sow_call_dataset_labeled/feeding/407-1.wav,194745edca2b4ea2108f74e6798de76b,feeding,feeding,64000,1.0,DEMAND,DWASHING,data/noise_sources/demand/audio/DWASHING/ch01.wav,ff033b73096b456e83fa0fbf21625a80fcbb24af6c3c1bfe9aa94587ca64f394,DEMAND:DWASHING,1.0,3407.0,active_valid_region,20.0,True,zero_shot_frozen,False,1174677.0,5.022892777823114e+17,86f87d6fd8b3c2132b2f7eee466761eb1370c1ae25ec8c642de3ef83871df68f,0.0,demand_noise_offset_v2,651.8142671797953,0.012686532965342855,5137.843955952546,20.000000349659107,20.000000349659107,4866.982421875,0.0002052606550436515,True,0.0,20.0
0,2024,data/external/korea_raw/abdominal_cough/train_abdominal_00976.wav,482167f50b0581254cf3db0cbf02e6d8,cough,abdominal_cough,10113,0.158015625,DEMAND,DWASHING,data/noise_sources/demand/audio/DWASHING/ch01.wav,ff033b73096b456e83fa0fbf21625a80fcbb24af6c3c1bfe9aa94587ca64f394,DEMAND:DWASHING,1.0,3407.0,active_valid_region,20.0,True,zero_shot_frozen,False,3409949.0,4.667068656184662e+18,40c4c237323f193b595261789dc0ddf5fa98c158a93a50ff2e65f06f147b1e07,0.0,demand_noise_offset_v2,0.04119018243817605,0.01068873452798674,0.38536070224521113,20.000000322741272,10.26096046017888,0.26790615916252136,1.0,False,26943.0,20.0
0,2024,data/raw/sow_call_dataset_labeled/calm_grunt/198-0.wav,d6f78c29d16485f14e15c559ba612000,calm_grunt,calm_grunt,64000,1.0,DEMAND,DWASHING,data/noise_sources/demand/audio/DWASHING/ch01.wav,ff033b73096b456e83fa0fbf21625a80fcbb24af6c3c1bfe9aa94587ca64f394,DEMAND:DWASHING,1.0,3407.0,active_valid_region,20.0,True,zero_shot_frozen,False,2976996.0,6.558963365681838e+18,5b061e6e224439e83ae45e94c70fff7b5d913ccde06ad808888e5297505da8a6,0.0,demand_noise_offset_v2,885.5858411836019,0.011043610182280008,8018.988596723253,19.999999811122454,19.999999811122454,15642.0322265625,6.386638165235008e-05,True,0.0,20.0
0,2024,data/raw/sow_call_dataset_labeled/anxious_stress/1471-3.wav,ed129f6416e1cbbabfb2990dc4759456,stress_vocal,anxious_stress,63998,0.99996875,DEMAND,DWASHING,data/noise_sources/demand/audio/DWASHING/ch01.wav,ff033b73096b456e83fa0fbf21625a80fcbb24af6c3c1bfe9aa94587ca64f394,DEMAND:DWASHING,1.0,3407.0,active_valid_region,20.0,True,zero_shot_frozen,False,505876.0,8.251268287071757e+18,728264ca3d5ba323b519d8ae52de5442ed5399b5b7083fae69428269ab444446,0.0,demand_noise_offset_v2,3076.2518728593964,0.009803892959105677,31377.860669135825,19.999999821544606,19.99971925106538,20114.43359375,4.9665828040537585e-05,True,1.0,20.0
0,2024,data/raw/sow_call_dataset_labeled/anxious_stress/1694-3.wav,4cadeb71267741745df4bb50bad5fc80,stress_vocal,anxious_stress,64000,1.0,DEMAND,DWASHING,data/noise_sources/demand/audio/DWASHING/ch01.wav,ff033b73096b456e83fa0fbf21625a80fcbb24af6c3c1bfe9aa94587ca64f394,DEMAND:DWASHING,1.0,3407.0,active_valid_region,20.0,True,zero_shot_frozen,False,4052221.0,7.366761022356357e+18,663bfe1e7abe7fc1dd8ec398587c5d614e727d4c7d3d93e5a42bdf6c313af775,0.0,demand_noise_offset_v2,825.0489726956336,0.008523414650461865,9679.79391511741,19.999999975656333,19.999999975656333,5027.44189453125,0.000198709407479516,True,0.0,20.0
0,2024,data/raw/sow_call_dataset_labeled/calm_grunt/142-0.wav,c549a91a9505158b9f6442db3dcff4e4,calm_grunt,calm_grunt,64000,1.0,DEMAND,DWASHING,data/noise_sources/demand/audio/DWASHING/ch01.wav,ff033b73096b456e83fa0fbf21625a80fcbb24af6c3c1bfe9aa94587ca64f394,DEMAND:DWASHING,1.0,3407.0,active_valid_region,20.0,True,zero_shot_frozen,False,5461130.0,5.19903637005062e+18,4826b0086b341dfbdd402969b48a2d0ced8581b17de4299aa71b570c967b4535,0.0,demand_noise_offset_v2,1281.8327474401044,0.01681608990827346,7622.656363233686,20.00000012982332,20.00000012982332,14749.0419921875,6.773321280996866e-05,True,0.0,20.0
0,2024,data/raw/sow_call_dataset_labeled/anxious_stress/1437-3.wav,9dcd542137ab5deb241d9b7b2ed7c5c9,stress_vocal,anxious_stress,64000,1.0,DEMAND,DWASHING,data/noise_sources/demand/audio/DWASHING/ch01.wav,ff033b73096b456e83fa0fbf21625a80fcbb24af6c3c1bfe9aa94587ca64f394,DEMAND:DWASHING,1.0,3407.0,active_valid_region,20.0,True,zero_shot_frozen,False,5408384.0,6.074829463616358e+18,d44e213619ee08da6ed6f11f9d64d50c16be091dd2f120ae4e09cba3762233db,0.0,demand_noise_offset_v2,3939.1785986192194,0.0127880980605969,30803.475074661364,20.000000133576144,20.000000133576144,23135.689453125,4.318004017230886e-05,True,0.0,20.0
0,2024,data/external/korea_raw/abdominal_cough/train_abdominal_14437.wav,12f71686d1214f4a37e7f533b384ea35,cough,abdominal_cough,17280,0.27,DEMAND,DWASHING,data/noise_sources/demand/audio/DWASHING/ch01.wav,ff033b73096b456e83fa0fbf21625a80fcbb24af6c3c1bfe9aa94587ca64f394,DEMAND:DWASHING,1.0,3407.0,active_valid_region,20.0,True,zero_shot_frozen,False,9080851.0,1.298768098964992e+18,920626b4706aefb5247bc973064e7bd98fbe38c04035d5cd259b8cd751dd29d4,0.0,demand_noise_offset_v2,0.05661227773846427,0.010840670152191305,0.5222211998307209,19.99999986783933,12.361745092238703,0.30485525727272034,1.0,False,23360.0,20.0
0,2024,data/raw/sow_call_dataset_labeled/anxious_stress/1561-3.wav,5fb81c5b843c88128bdd4a3474a270e3,stress_vocal,anxious_stress,64000,1.0,DEMAND,DWASHING,data/noise_sources/demand/audio/DWASHING/ch01.wav,ff033b73096b456e83fa0fbf21625a80fcbb24af6c3c1bfe9aa94587ca64f394,DEMAND:DWASHING,1.0,3407.0,active_valid_region,20.0,True,zero_shot_frozen,False,9239130.0,4.931748179187473e+18,c47116d6e6261dcbd8852e9807814a4bdf774c9a7d81b11f472e47892b54fea6,0.0,demand_noise_offset_v2,583.0942348172008,0.01364123808896281,4274.4964277764875,19.999999688478745,19.999999688478745,5298.51025390625,0.0001885435626482938,True,0.0,20.0
0,2024,data/raw/sow_call_dataset_labeled/calm_grunt/146-0.wav,e555283d4dcff3cbe68b58ea6baa9321,calm_grunt,calm_grunt,64000,1.0,DEMAND,DWASHING,data/noise_sources/demand/audio/DWASHING/ch01.wav,ff033b73096b456e83fa0fbf21625a80fcbb24af6c3c1bfe9aa94587ca64f394,DEMAND:DWASHING,1.0,3407.0,active_valid_region,20.0,True,zero_shot_frozen,False,8237671.0,6.953732355900402e+18,e0809ebc389566c1960db04f3b32bf5156e0e985b0458003a7fcb06434a52a2d,0.0,demand_noise_offset_v2,1034.7847744680178,0.011924153054095554,8678.056795929864,20.000000153199373,20.000000153199373,15638.0146484375,6.388278962891347e-05,True,0.0,20.0
0,2024,data/raw/sow_call_dataset_labeled/feeding/385-1.wav,9fe1b1d16ab7b011126eec1b974d15be,feeding,feeding,64000,1.0,DEMAND,DWASHING,data/noise_sources/demand/audio/DWASHING/ch01.wav,ff033b73096b456e83fa0fbf21625a80fcbb24af6c3c1bfe9aa94587ca64f394,DEMAND:DWASHING,1.0,3407.0,active_valid_region,20.0,True,zero_shot_frozen,False,4367893.0,2.3536605549755996e+18,a0a9e1cdf52b5c99f199cd59ba9f786bed14cd0e8326d77db7ba9accbe7773e4,0.0,demand_noise_offset_v2,652.0218966575002,0.011527865826063617,5656.050360885783,20.000000110507155,20.000000110507155,5580.572265625,0.000179013899014193,True,0.0,20.0
0,2024,data/raw/sow_call_dataset_labeled/feeding/347-1.wav,025adb61783547ff9a35c44600e53f23,feeding,feeding,64000,1.0,DEMAND,DWASHING,data/noise_sources/demand/audio/DWASHING/ch01.wav,ff033b73096b456e83fa0fbf21625a80fcbb24af6c3c1bfe9aa94587ca64f394,DEMAND:DWASHING,1.0,3407.0,active_valid_region,20.0,True,zero_shot_frozen,False,6580198.0,7.197714341983172e+18,63e36b0f14a43275bbdf0463c495aa5dcacdc627f235e891949fdcf18f44ccf7,0.0,demand_noise_offset_v2,352.84780930980054,0.01199549053504796,2941.5037949374682,19.999999680621865,19.999999680621865,3962.123046875,0.0002521375505457686,True,0.0,20.0
0,2024,data/raw/sow_call_dataset_labeled/calm_grunt/220-0.wav,3a8f7f2ee112f7bb25ecfbfa9daf8e5a,calm_grunt,calm_grunt,64000,1.0,DEMAND,DWASHING,data/noise_sources/demand/audio/DWASHING/ch01.wav,ff033b73096b456e83fa0fbf21625a80fcbb24af6c3c1bfe9aa94587ca64f394,DEMAND:DWASHING,1.0,3407.0,active_valid_region,20.0,True,zero_shot_frozen,False,8191279.0,7.02782151469395e+18,6187d66ec02e3cf019c0f23c0673e38d629f3c6a425a518b58cd5d4bbd5e648f,0.0,demand_noise_offset_v2,1629.5622357778977,0.014450050279978583,11277.20806643666,20.00000004129594,20.00000004129594,18139.5703125,5.5072969358683645e-05,True,0.0,20.0
0,2024,data/raw/sow_call_dataset_labeled/feeding/326-1.wav,68271e05998f6bb287503513fa9477b1,feeding,feeding,63986,0.99978125,DEMAND,DWASHING,data/noise_sources/demand/audio/DWASHING/ch01.wav,ff033b73096b456e83fa0fbf21625a80fcbb24af6c3c1bfe9aa94587ca64f394,DEMAND:DWASHING,1.0,3407.0,active_valid_region,20.0,True,zero_shot_frozen,False,8372923.0,4.2231767394352015e+18,ba9bbcde81ba43726def1329c6359c9d269ace23b6bd12afa1e09502cd5dd0b1,0.0,demand_noise_offset_v2,1257.3880442340817,0.011712348282423127,10735.575940147375,19.999999806905034,19.999431781842926,12705.28515625,7.862869567382914e-05,True,7.0,20.0
0,2024,data/raw/sow_call_dataset_labeled/feeding/362-1.wav,b3e4cd2d5cf837b812811f490fed3fb1,feeding,feeding,63995,0.999921875,DEMAND,DWASHING,data/noise_sources/demand/audio/DWASHING/ch01.wav,ff033b73096b456e83fa0fbf21625a80fcbb24af6c3c1bfe9aa94587ca64f394,DEMAND:DWASHING,1.0,3407.0,active_valid_region,20.0,True,zero_shot_frozen,False,1678916.0,2.1651670830574198e+17,830138cc8e8028aa7775ebae2c201f830a8b074d516b5a44916abb93253af95e,0.0,demand_noise_offset_v2,603.1509733220147,0.009177822792550961,6571.830672210765,20.000000139373345,19.998030847544857,5440.69140625,0.00018361636884098916,True,2.0,20.0
0,2024,data/raw/sow_call_dataset_labeled/anxious_stress/1272-3.wav,ff6f943b9956c3adcddfef8911c4d1af,stress_vocal,anxious_stress,64000,1.0,DEMAND,DWASHING,data/noise_sources/demand/audio/DWASHING/ch01.wav,ff033b73096b456e83fa0fbf21625a80fcbb24af6c3c1bfe9aa94587ca64f394,DEMAND:DWASHING,1.0,3407.0,active_valid_region,20.0,True,zero_shot_frozen,False,3210949.0,6.742102283718522e+18,5d90c24e4c64724a33d49ed7296e06a16ec4b321deaf8ebb8b65a20db5ce654b,0.0,demand_noise_offset_v2,425.3430541197819,0.013641868889897997,3117.9236331376464,20.000000133769426,20.000000133769426,2797.2880859375,0.00035713161079910336,True,0.0,20.0
0,2024,data/raw/sow_call_dataset_labeled/frightened_stress/934-2.wav,c1bbeae49e86333d4bd2c70e7d1857ff,stress_vocal,frightened_stress,63988,0.9998125,DEMAND,DWASHING,data/noise_sources/demand/audio/DWASHING/ch01.wav,ff033b73096b456e83fa0fbf21625a80fcbb24af6c3c1bfe9aa94587ca64f394,DEMAND:DWASHING,1.0,3407.0,active_valid_region,20.0,True,zero_shot_frozen,False,4092936.0,7.120715293252411e+18,e2d1dcd501006082d81fe492657d4ed5e73359675f160f84bb715030690bd123,0.0,demand_noise_offset_v2,165.8682129147972,0.005998301014356701,2765.2532361713434,20.000000188334425,19.99958779499276,2227.717529296875,0.0004484410554130308,True,6.0,20.0
0,2024,data/raw/sow_call_dataset_labeled/feeding/417-1.wav,8f86c8ddfdba8a759f93ddcddf3c6ca4,feeding,feeding,64000,1.0,DEMAND,DWASHING,data/noise_sources/demand/audio/DWASHING/ch01.wav,ff033b73096b456e83fa0fbf21625a80fcbb24af6c3c1bfe9aa94587ca64f394,DEMAND:DWASHING,1.0,3407.0,active_valid_region,20.0,True,zero_shot_frozen,False,3423854.0,5.213781995461046e+18,c85b1319dfc871071677ee4ddc8aa47b76f1c616f573949b2ef5f67c2b617e99,0.0,demand_noise_offset_v2,558.077182472185,0.014068866764507157,3966.752914883652,19.999999965394856,19.999999965394856,5146.46484375,0.00019411382965400247,True,0.0,20.0
0,2024,data/raw/sow_call_dataset_labeled/frightened_stress/668-2.wav,cf12385bb9ae5881f1be95db8e682af9,stress_vocal,frightened_stress,63996,0.9999375,DEMAND,DWASHING,data/noise_sources/demand/audio/DWASHING/ch01.wav,ff033b73096b456e83fa0fbf21625a80fcbb24af6c3c1bfe9aa94587ca64f394,DEMAND:DWASHING,1.0,3407.0,active_valid_region,20.0,True,zero_shot_frozen,False,727990.0,1.661900067641747e+18,1710414e6ffbe5959a9b1cb31d1a444279fddb81314b9f86d46fd5bc067f0bcb,0.0,demand_noise_offset_v2,125.29251777555456,0.008944089700211343,1400.8414715764084,20.00000025028369,19.99972741256863,1262.2642822265625,0.0007914348952644218,True,2.0,20.0
0,2024,data/raw/sow_call_dataset_labeled/calm_grunt/151-0.wav,af2dea9baecdb955b1cd31003d1067a8,calm_grunt,calm_grunt,64000,1.0,DEMAND,DWASHING,data/noise_sources/demand/audio/DWASHING/ch01.wav,ff033b73096b456e83fa0fbf21625a80fcbb24af6c3c1bfe9aa94587ca64f394,DEMAND:DWASHING,1.0,3407.0,active_valid_region,20.0,True,zero_shot_frozen,False,878593.0,7.950287950258264e+18,6e5518c4b136564aa6579b128b63653ec22ab06dc5377bd36957e1888c31f821,0.0,demand_noise_offset_v2,1022.6523819253595,0.013561450837426336,7540.877404525815,19.99999995976628,19.99999995976628,9698.5625,0.00010300495563131134,True,0.0,20.0
0,2024,data/raw/sow_call_dataset_labeled/anxious_stress/1777-3.wav,8c25af4b7b10e82ca566df1c08e21410,stress_vocal,anxious_stress,64000,1.0,DEMAND,DWASHING,data/noise_sources/demand/audio/DWASHING/ch01.wav,ff033b73096b456e83fa0fbf21625a80fcbb24af6c3c1bfe9aa94587ca64f394,DEMAND:DWASHING,1.0,3407.0,active_valid_region,20.0,True,zero_shot_frozen,False,5403889.0,1.582293966535213e+18,15f56ffaad93404d72a495af6da4150ef7b6482972185e9c4d40dab8d2726063,0.0,demand_noise_offset_v2,367.3406052258028,0.012287910633493658,2989.44723950488,19.99999992203055,19.99999992203055,2148.799560546875,0.0004649107428827619,True,0.0,20.0
0,2024,data/external/korea_raw/abdominal_cough/train_abdominal_07806.wav,c3a126a94bddfdd955e8fad5c1655596,cough,abdominal_cough,21088,0.3295,DEMAND,DWASHING,data/noise_sources/demand/audio/DWASHING/ch01.wav,ff033b73096b456e83fa0fbf21625a80fcbb24af6c3c1bfe9aa94587ca64f394,DEMAND:DWASHING,1.0,3407.0,active_valid_region,20.0,True,zero_shot_frozen,False,463050.0,7.554575576349866e+18,e8d73e75f92cf664154ef4e8fe7ebd7d158cf2446bd04e776cdd555b2def864e,0.0,demand_noise_offset_v2,0.1663492143652448,0.013904938102589538,1.196331929980079,19.999999644000937,15.415708258469639,1.0242607593536377,0.9753375699274288,True,21456.0,20.0
0,2024,data/raw/sow_call_dataset_labeled/feeding/288-1.wav,afb9ba311c29eb6543ac849e5b6bf4ec,feeding,feeding,63984,0.99975,DEMAND,DWASHING,data/noise_sources/demand/audio/DWASHING/ch01.wav,ff033b73096b456e83fa0fbf21625a80fcbb24af6c3c1bfe9aa94587ca64f394,DEMAND:DWASHING,1.0,3407.0,active_valid_region,20.0,True,zero_shot_frozen,False,3606059.0,5.142671349139689e+18,475e7058520ccea5490797dc1a5c4272d1619f0250e88c9d6c77da85afff9163,0.0,demand_noise_offset_v2,693.5544062944717,0.01707050374871881,4062.8818956003274,20.000000122527567,19.99949892825476,7033.5576171875,0.0001420333854319756,True,8.0,20.0
0,2024,data/raw/sow_call_dataset_labeled/calm_grunt/0-0.wav,375a9f28f51a47761e2685a85bf05fd5,calm_grunt,calm_grunt,64000,1.0,DEMAND,DWASHING,data/noise_sources/demand/audio/DWASHING/ch01.wav,ff033b73096b456e83fa0fbf21625a80fcbb24af6c3c1bfe9aa94587ca64f394,DEMAND:DWASHING,1.0,3407.0,active_valid_region,20.0,True,zero_shot_frozen,False,6976621.0,6.552258570202195e+18,daee4c7449692357e2fb933ec7e0e4d85d8b0eca0db8f3422f2afc9db7e63475,0.0,demand_noise_offset_v2,895.5736098104353,0.014271510651814048,6275.2544678695185,20.000000099366343,20.000000099366343,14786.51953125,6.75615379189607e-05,True,0.0,20.0
0,2024,data/external/korea_raw/dry_cough/train_dry_11727.wav,fc93924539d8087a01f3402a5a8c7d0b,cough,dry_cough,12000,0.1875,DEMAND,DWASHING,data/noise_sources/demand/audio/DWASHING/ch01.wav,ff033b73096b456e83fa0fbf21625a80fcbb24af6c3c1bfe9aa94587ca64f394,DEMAND:DWASHING,1.0,3407.0,active_valid_region,20.0,True,zero_shot_frozen,False,2577432.0,3.2772517614075587e+18,ad7b231d06388375c42776212bb12c8f275b79586c7bbd221aacf7657fe461ae,0.0,demand_noise_offset_v2,0.0506836254697083,0.02242984154697364,0.22596515166442105,19.999999791173742,15.964397702277786,0.22245049476623535,1.0,False,26000.0,20.0
0,2024,data/external/korea_raw/dry_cough/train_dry_17197.wav,a81227276c0cb075353c856ae7e0af41,cough,dry_cough,11456,0.179,DEMAND,DWASHING,data/noise_sources/demand/audio/DWASHING/ch01.wav,ff033b73096b456e83fa0fbf21625a80fcbb24af6c3c1bfe9aa94587ca64f394,DEMAND:DWASHING,1.0,3407.0,active_valid_region,20.0,True,zero_shot_frozen,False,894732.0,2.0137413828454886e+18,9bf23f1e52025e2502849e91f15ca27d406bd1962e6d83e89755261ddb49c81d,0.0,demand_noise_offset_v2,0.16823038367116366,0.01625685753692442,1.0348272000850085,19.99999973064684,13.483444853260622,0.8528211116790771,1.0,False,26272.0,20.0
0,2024,data/raw/sow_call_dataset_labeled/feeding/431-1.wav,91ae5382a6836df66540a8ba89013364,feeding,feeding,63754,0.99615625,DEMAND,DWASHING,data/noise_sources/demand/audio/DWASHING/ch01.wav,ff033b73096b456e83fa0fbf21625a80fcbb24af6c3c1bfe9aa94587ca64f394,DEMAND:DWASHING,1.0,3407.0,active_valid_region,20.0,True,zero_shot_frozen,False,8748483.0,6.946128121455546e+18,60659ab96bb591960690fcc4026b157e45ffae1a195c7ebe93db602df93d8445,0.0,demand_noise_offset_v2,756.5556176476762,0.014259321280338641,5305.691643899259,20.000000376569048,19.979308097569167,11820.0126953125,8.451767572095558e-05,True,123.0,20.0
0,2024,data/external/korea_raw/abdominal_cough/train_abdominal_01313.wav,a01b0c33cc7f711409675f20113a2224,cough,abdominal_cough,15040,0.235,DEMAND,DWASHING,data/noise_sources/demand/audio/DWASHING/ch01.wav,ff033b73096b456e83fa0fbf21625a80fcbb24af6c3c1bfe9aa94587ca64f394,DEMAND:DWASHING,1.0,3407.0,active_valid_region,20.0,True,zero_shot_frozen,False,6165328.0,8.671164723344428e+18,f8562a5fc3d7cdf82b76921f42a41c9fa85f62c7457413c9c9be594d33af962f,0.0,demand_noise_offset_v2,0.04692561887131154,0.011161330990936639,0.4204303134582843,20.00000022093154,14.187082520265946,0.22600851953029633,1.0,False,24480.0,20.0
0,2024,data/raw/sow_call_dataset_labeled/calm_grunt/193-0.wav,ca1ead94c16e1fb25c9557ecd7dcc551,calm_grunt,calm_grunt,64000,1.0,DEMAND,DWASHING,data/noise_sources/demand/audio/DWASHING/ch01.wav,ff033b73096b456e83fa0fbf21625a80fcbb24af6c3c1bfe9aa94587ca64f394,DEMAND:DWASHING,1.0,3407.0,active_valid_region,20.0,True,zero_shot_frozen,False,5815940.0,2.7100468670482273e+18,259c05446311e15fc93b28b2c18f0f4876bedd0297fdc3eb1a56d01c98b538b2,0.0,demand_noise_offset_v2,1062.7202043558248,0.01618425024831057,6566.385146366352,19.99999985025704,19.99999985025704,16022.8310546875,6.234853232804581e-05,True,0.0,20.0
0,2024,data/external/korea_raw/abdominal_cough/train_abdominal_10313.wav,c13956b428478c5dd0c3458c16330570,cough,abdominal_cough,14016,0.219,DEMAND,DWASHING,data/noise_sources/demand/audio/DWASHING/ch01.wav,ff033b73096b456e83fa0fbf21625a80fcbb24af6c3c1bfe9aa94587ca64f394,DEMAND:DWASHING,1.0,3407.0,active_valid_region,20.0,True,zero_shot_frozen,False,2433904.0,8.904961796878592e+18,7b94c792e15f67f2723f819d571b24007ca85bb77412cd3205012efb225ad4d3,0.0,demand_noise_offset_v2,0.2093419926545001,0.00808097016132278,2.590555199132585,20.00000002033783,10.83158584068662,1.0227574110031128,0.9767712159818899,True,24992.0,20.0
0,2024,data/raw/sow_call_dataset_labeled/feeding/312-1.wav,293a15b43b9611cb2e3eba6d3f5372cc,feeding,feeding,64000,1.0,DEMAND,DWASHING,data/noise_sources/demand/audio/DWASHING/ch01.wav,ff033b73096b456e83fa0fbf21625a80fcbb24af6c3c1bfe9aa94587ca64f394,DEMAND:DWASHING,1.0,3407.0,active_valid_region,20.0,True,zero_shot_frozen,False,5529213.0,3.421175723506869e+18,2f7a7531c1d123eb5a59bf367a66cecc3e97fa94a78f21206a4bf5b13be51a69,0.0,demand_noise_offset_v2,888.6756050769391,0.012637482084831477,7032.062234482603,20.00000027550459,20.00000027550459,10693.912109375,9.341763704268803e-05,True,0.0,20.0
0,2024,data/external/korea_raw/abdominal_cough/train_abdominal_11302.wav,3500df8d4dde9d30a7e33288debf2b46,cough,abdominal_cough,14017,0.219015625,DEMAND,DWASHING,data/noise_sources/demand/audio/DWASHING/ch01.wav,ff033b73096b456e83fa0fbf21625a80fcbb24af6c3c1bfe9aa94587ca64f394,DEMAND:DWASHING,1.0,3407.0,active_valid_region,20.0,True,zero_shot_frozen,False,9079421.0,3.824974626670699e+18,35150a284996e24e46382c3f33359cec5190debd68549ab05e7f010635cc2352,0.0,demand_noise_offset_v2,0.05705357375906903,0.011408336730885772,0.5001042229460845,19.999999554794282,11.89913539695345,0.3038739860057831,1.0,False,24991.0,20.0
0,2024,data/raw/sow_call_dataset_labeled/frightened_stress/1063-2.wav,a7e2073c043365484b8a8e53a336da67,stress_vocal,frightened_stress,64000,1.0,DEMAND,DWASHING,data/noise_sources/demand/audio/DWASHING/ch01.wav,ff033b73096b456e83fa0fbf21625a80fcbb24af6c3c1bfe9aa94587ca64f394,DEMAND:DWASHING,1.0,3407.0,active_valid_region,20.0,True,zero_shot_frozen,False,5683095.0,7.188238405619762e+18,63c1c0beb7c943a45ea6b277522281805581de16491fbf3756bf8ed8dffc52a7,0.0,demand_noise_offset_v2,170.68299385195073,0.017011079755694884,1003.3636682869018,20.000000181795976,20.000000181795976,1664.8245849609375,0.0006000632192871178,True,0.0,20.0
0,2024,data/raw/sow_call_dataset_labeled/anxious_stress/1422-3.wav,01f9891a3e4465b442eb23655620dc44,stress_vocal,anxious_stress,64000,1.0,DEMAND,DWASHING,data/noise_sources/demand/audio/DWASHING/ch01.wav,ff033b73096b456e83fa0fbf21625a80fcbb24af6c3c1bfe9aa94587ca64f394,DEMAND:DWASHING,1.0,3407.0,active_valid_region,20.0,True,zero_shot_frozen,False,7744499.0,5.341334105889044e+18,ca203b11d831f9c841914cac9ddeaf2cf2d0831b64939f8571d1b16f0070bbe3,0.0,demand_noise_offset_v2,354.3738632589609,0.014228350910481267,2490.6179604968315,20.000000138590558,20.000000138590558,1964.4154052734375,0.0005085482415370001,True,0.0,20.0
0,2024,data/raw/sow_call_dataset_labeled/calm_grunt/182-0.wav,5ec24f69341475ee529256c8a2d68016,calm_grunt,calm_grunt,64000,1.0,DEMAND,DWASHING,data/noise_sources/demand/audio/DWASHING/ch01.wav,ff033b73096b456e83fa0fbf21625a80fcbb24af6c3c1bfe9aa94587ca64f394,DEMAND:DWASHING,1.0,3407.0,active_valid_region,20.0,True,zero_shot_frozen,False,6468430.0,7.928612980679157e+18,ee08177f92eea2c4dbc493b290f8d0aa451a5fe10d9c5b2f3c444709bc8cbf50,0.0,demand_noise_offset_v2,935.2707237111393,0.016097263218713114,5810.122571791486,20.000000013669876,20.000000013669876,16554.333984375,6.0346734634139784e-05,True,0.0,20.0
0,2024,data/external/korea_raw/dry_cough/train_dry_09239.wav,2f9ff30122974c3c0529764de066c3c9,cough,dry_cough,19360,0.3025,DEMAND,DWASHING,data/noise_sources/demand/audio/DWASHING/ch01.wav,ff033b73096b456e83fa0fbf21625a80fcbb24af6c3c1bfe9aa94587ca64f394,DEMAND:DWASHING,1.0,3407.0,active_valid_region,20.0,True,zero_shot_frozen,False,1281303.0,5.603454221049374e+17,87c6bf314c14c3cf13ae91e9bdaf4133a85e2bd6ab1c1bd5606a2f811d63a9be,0.0,demand_noise_offset_v2,0.09613606142838353,0.009444987987826102,1.0178526595512443,19.9999999623282,15.469698900016798,0.5710347294807434,1.0,False,22320.0,20.0
0,2024,data/external/korea_raw/abdominal_cough/train_abdominal_17672.wav,f15a33f36baf2b8e736629781a6abc75,cough,abdominal_cough,13920,0.2175,DEMAND,DWASHING,data/noise_sources/demand/audio/DWASHING/ch01.wav,ff033b73096b456e83fa0fbf21625a80fcbb24af6c3c1bfe9aa94587ca64f394,DEMAND:DWASHING,1.0,3407.0,active_valid_region,20.0,True,zero_shot_frozen,False,6578000.0,5.494444967299712e+18,cc40309641d5050514687bb56947b53365fd334d5daf60997a95690315f78296,0.0,demand_noise_offset_v2,0.06527721364023754,0.008657353058699562,0.7540089123966368,20.000000266029975,10.62589540434554,0.2816089391708374,1.0,False,25040.0,20.0
0,2024,data/raw/sow_call_dataset_labeled/anxious_stress/1297-3.wav,15736b80e0e4f5e334117af31330abe5,stress_vocal,anxious_stress,63991,0.999859375,DEMAND,DWASHING,data/noise_sources/demand/audio/DWASHING/ch01.wav,ff033b73096b456e83fa0fbf21625a80fcbb24af6c3c1bfe9aa94587ca64f394,DEMAND:DWASHING,1.0,3407.0,active_valid_region,20.0,True,zero_shot_frozen,False,1328461.0,2.611233723570034e+18,a43cf73c96e996eab057fa5b07b2a7ab8820518808d90b566dc3979884244023,0.0,demand_noise_offset_v2,200.41826714700306,0.008034715586557635,2494.4040020820394,19.999999826597154,19.999772110639157,1400.299560546875,0.0007134187770578526,True,4.0,20.0
0,2024,data/external/korea_raw/abdominal_cough/train_abdominal_00790.wav,be383be0d5e164640f96e7b8c086be90,cough,abdominal_cough,13184,0.206,DEMAND,DWASHING,data/noise_sources/demand/audio/DWASHING/ch01.wav,ff033b73096b456e83fa0fbf21625a80fcbb24af6c3c1bfe9aa94587ca64f394,DEMAND:DWASHING,1.0,3407.0,active_valid_region,20.0,True,zero_shot_frozen,False,5066817.0,1.7486915134976015e+18,984499aaa3c3c5e401095864b7adebf2b61fc1069ef33a73a76d097886089e5f,0.0,demand_noise_offset_v2,0.0518932068304845,0.004226733123415314,1.2277379554201282,20.00000036938769,5.127620894714279,0.2644529342651367,1.0,False,25408.0,20.0
0,2024,data/raw/sow_call_dataset_labeled/feeding/444-1.wav,6e8f71772e6578a1413f49c0b64622ef,feeding,feeding,64000,1.0,DEMAND,DWASHING,data/noise_sources/demand/audio/DWASHING/ch01.wav,ff033b73096b456e83fa0fbf21625a80fcbb24af6c3c1bfe9aa94587ca64f394,DEMAND:DWASHING,1.0,3407.0,active_valid_region,20.0,True,zero_shot_frozen,False,4255619.0,3.3938478820375214e+18,2f195eaad68eebac9a7b4fc6c22260efe2d240fec6a8e556048cfe1fa6674b2a,0.0,demand_noise_offset_v2,1206.573424250525,0.01461510484982588,8255.660405097264,20.00000026695521,20.00000026695521,15880.5751953125,6.29070413201958e-05,True,0.0,20.0
0,2024,data/external/korea_raw/abdominal_cough/train_abdominal_08082.wav,d30dcaf230f9e2a911e1947f21cca67c,cough,abdominal_cough,16928,0.2645,DEMAND,DWASHING,data/noise_sources/demand/audio/DWASHING/ch01.wav,ff033b73096b456e83fa0fbf21625a80fcbb24af6c3c1bfe9aa94587ca64f394,DEMAND:DWASHING,1.0,3407.0,active_valid_region,20.0,True,zero_shot_frozen,False,7814323.0,5.113228096860368e+18,c6f5d5dcf0e8ac550c303f26d2b858f7a3d1f7aee6d413b66224fe660f6c57b1,0.0,demand_noise_offset_v2,0.07929913907403835,0.01660964441200642,0.4774282766506206,19.999999810489694,12.830804368789675,0.4719064235687256,1.0,False,23536.0,20.0
0,2024,data/external/korea_raw/abdominal_cough/train_abdominal_02327.wav,f671afbd25fd76072e59a1ea9a30ef8f,cough,abdominal_cough,13536,0.2115,DEMAND,DWASHING,data/noise_sources/demand/audio/DWASHING/ch01.wav,ff033b73096b456e83fa0fbf21625a80fcbb24af6c3c1bfe9aa94587ca64f394,DEMAND:DWASHING,1.0,3407.0,active_valid_region,20.0,True,zero_shot_frozen,False,1069831.0,3.167368743431321e+18,2bf4c11738e635884789641477c5ec909e6600f3b36b73de589588c8c8fa24b9,0.0,demand_noise_offset_v2,0.031630398778738876,0.0068077445665707375,0.46462376003440514,20.00000020151271,9.434562480748758,0.1458880603313446,1.0,False,25232.0,20.0
0,2024,data/raw/sow_call_dataset_labeled/calm_grunt/66-0.wav,9a1f2c7d433b216204177eeaf261b0b5,calm_grunt,calm_grunt,64000,1.0,DEMAND,DWASHING,data/noise_sources/demand/audio/DWASHING/ch01.wav,ff033b73096b456e83fa0fbf21625a80fcbb24af6c3c1bfe9aa94587ca64f394,DEMAND:DWASHING,1.0,3407.0,active_valid_region,20.0,True,zero_shot_frozen,False,2687070.0,7.108301400867401e+18,62a5c276731ced0c53dd36258fe48b6e3a17f6fa7de40ffef62cc020beb310c6,0.0,demand_noise_offset_v2,922.061769499096,0.017279288097423632,5336.225452694297,19.99999977841306,19.99999977841306,16308.6259765625,6.125592685954573e-05,True,0.0,20.0
0,2024,data/raw/sow_call_dataset_labeled/calm_grunt/46-0.wav,937e8cf48f631aa7ec7153f60ad2f192,calm_grunt,calm_grunt,64000,1.0,DEMAND,DWASHING,data/noise_sources/demand/audio/DWASHING/ch01.wav,ff033b73096b456e83fa0fbf21625a80fcbb24af6c3c1bfe9aa94587ca64f394,DEMAND:DWASHING,1.0,3407.0,active_valid_region,20.0,True,zero_shot_frozen,False,6237720.0,1.3894879174233393e+18,934873e629b7270b08b5a91fd1b048bc26e3b52e3776774a54ff307a0f144749,0.0,demand_noise_offset_v2,807.7225364948797,0.012516654072986723,6453.18255010415,19.99999991573017,19.99999991573017,14412.5244140625,6.931471346027778e-05,True,0.0,20.0
0,2024,data/raw/sow_call_dataset_labeled/feeding/492-1.wav,b998236fc8e1bd90177833e700992ddb,feeding,feeding,63988,0.9998125,DEMAND,DWASHING,data/noise_sources/demand/audio/DWASHING/ch01.wav,ff033b73096b456e83fa0fbf21625a80fcbb24af6c3c1bfe9aa94587ca64f394,DEMAND:DWASHING,1.0,3407.0,active_valid_region,20.0,True,zero_shot_frozen,False,7878097.0,7.248374621458391e+18,e49766508efbe042bcebd62a71c2e7911580bc2ef8241b6a93f41dbb4dbbe294,0.0,demand_noise_offset_v2,253.67080108739273,0.014681534910501556,1727.822074692916,20.00000026553063,19.998973137417863,2540.673583984375,0.00039320281294590097,True,6.0,20.0
0,2024,data/raw/sow_call_dataset_labeled/calm_grunt/13-0.wav,1e6abaca4ee7e6ae5e9ddcd4c3bc70ee,calm_grunt,calm_grunt,64000,1.0,DEMAND,DWASHING,data/noise_sources/demand/audio/DWASHING/ch01.wav,ff033b73096b456e83fa0fbf21625a80fcbb24af6c3c1bfe9aa94587ca64f394,DEMAND:DWASHING,1.0,3407.0,active_valid_region,20.0,True,zero_shot_frozen,False,5428330.0,1.6719822844277624e+18,1734130776101b3f6ac8349546d6f3400c6a0b0f9995ed66c12300cbce110cd5,0.0,demand_noise_offset_v2,1594.4521304256807,0.014600938520043839,10920.203028297481,19.999999926003802,19.999999926003802,19190.42578125,5.205720870331458e-05,True,0.0,20.0
0,2024,data/raw/sow_call_dataset_labeled/frightened_stress/1096-2.wav,9ea43ffa0a9fefd061e5e02543126bec,stress_vocal,frightened_stress,63990,0.99984375,DEMAND,DWASHING,data/noise_sources/demand/audio/DWASHING/ch01.wav,ff033b73096b456e83fa0fbf21625a80fcbb24af6c3c1bfe9aa94587ca64f394,DEMAND:DWASHING,1.0,3407.0,active_valid_region,20.0,True,zero_shot_frozen,False,1058678.0,4.3279036471964964e+18,bc0fcd6fd943c1478337a88b4e3987c998209cfcb030a0fb62b358b16de54293,0.0,demand_noise_offset_v2,236.52666961097475,0.009742985600466002,2427.6610816263733,19.99999981690296,19.99919190587518,2534.39501953125,0.0003941769109792405,True,5.0,20.0
0,2024,data/raw/sow_call_dataset_labeled/feeding/355-1.wav,92852d0b9cb15d83bc32ce24b43cd421,feeding,feeding,64000,1.0,DEMAND,DWASHING,data/noise_sources/demand/audio/DWASHING/ch01.wav,ff033b73096b456e83fa0fbf21625a80fcbb24af6c3c1bfe9aa94587ca64f394,DEMAND:DWASHING,1.0,3407.0,active_valid_region,20.0,True,zero_shot_frozen,False,5887054.0,7.543952530967803e+18,68b180db7abeb248c4d9597000f006fcf50416f4c84e1febab91822fd619d52d,0.0,demand_noise_offset_v2,726.071745247488,0.013403254359368358,5417.130241507294,19.999999791357673,19.999999791357673,6441.72802734375,0.00015508261071555022,True,0.0,20.0
0,2024,data/external/korea_raw/dry_cough/train_dry_14835.wav,2a6f1b93023cf43370fb4ddc4a25c557,cough,dry_cough,18272,0.2855,DEMAND,DWASHING,data/noise_sources/demand/audio/DWASHING/ch01.wav,ff033b73096b456e83fa0fbf21625a80fcbb24af6c3c1bfe9aa94587ca64f394,DEMAND:DWASHING,1.0,3407.0,active_valid_region,20.0,True,zero_shot_frozen,False,8252510.0,7.860118435804014e+18,ed14c0129a98e2df5ffc8949e68388c774a203cce2e75684da3d80b909a3a5f4,0.0,demand_noise_offset_v2,0.06389787947538701,0.00906864154757935,0.7046025486853978,20.000000108993547,11.551521212287298,0.3546436131000519,1.0,False,22864.0,20.0
0,2024,data/raw/sow_call_dataset_labeled/feeding/480-1.wav,314c5b727c3e60e13838edeb09727eb6,feeding,feeding,64000,1.0,DEMAND,DWASHING,data/noise_sources/demand/audio/DWASHING/ch01.wav,ff033b73096b456e83fa0fbf21625a80fcbb24af6c3c1bfe9aa94587ca64f394,DEMAND:DWASHING,1.0,3407.0,active_valid_region,20.0,True,zero_shot_frozen,False,2426534.0,5.374019031161905e+18,4a9459d608981f193352d6bc0518364fc7b74f743328bf3abc49e85a62c4655c,0.0,demand_noise_offset_v2,388.98274525887217,0.010022843529575417,3880.961965644395,20.00000010668442,20.00000010668442,4496.154296875,0.00022218988362884774,True,0.0,20.0
0,2024,data/raw/sow_call_dataset_labeled/feeding/475-1.wav,fff1ba8bfd4f7a2c0c937a21d2533e26,feeding,feeding,64000,1.0,DEMAND,DWASHING,data/noise_sources/demand/audio/DWASHING/ch01.wav,ff033b73096b456e83fa0fbf21625a80fcbb24af6c3c1bfe9aa94587ca64f394,DEMAND:DWASHING,1.0,3407.0,active_valid_region,20.0,True,zero_shot_frozen,False,1811926.0,6.48300802720873e+18,59f84573c9c84286de3525a10e1e1792365ff97f41e9305f389d891ac766b52f,0.0,demand_noise_offset_v2,268.59140350268495,0.01669388207249579,1608.9211744535205,20.000000166768857,20.000000166768857,2271.506591796875,0.00043979621437494537,True,0.0,20.0
0,2024,data/raw/sow_call_dataset_labeled/feeding/343-1.wav,04444d7ef6c62b6da94486d0aced7cd9,feeding,feeding,64000,1.0,DEMAND,DWASHING,data/noise_sources/demand/audio/DWASHING/ch01.wav,ff033b73096b456e83fa0fbf21625a80fcbb24af6c3c1bfe9aa94587ca64f394,DEMAND:DWASHING,1.0,3407.0,active_valid_region,20.0,True,zero_shot_frozen,False,4096288.0,4.339559038886359e+18,3c3935f432a83058fb2ab7e0dfda83323b87787e56e0e49f78b9b40cf452ccfd,0.0,demand_noise_offset_v2,908.7684383478191,0.005996797025989044,15154.230406821833,19.999999964779057,19.999999964779057,11338.494140625,8.81069379769449e-05,True,0.0,20.0
0,2024,data/raw/sow_call_dataset_labeled/feeding/389-1.wav,43ae73622c7a2432d7d3632134dda63a,feeding,feeding,63990,0.99984375,DEMAND,DWASHING,data/noise_sources/demand/audio/DWASHING/ch01.wav,ff033b73096b456e83fa0fbf21625a80fcbb24af6c3c1bfe9aa94587ca64f394,DEMAND:DWASHING,1.0,3407.0,active_valid_region,20.0,True,zero_shot_frozen,False,5568060.0,3.583006962709138e+18,b1b965d958078ad3c3cc5bd05200b649baa9a2a66fa032dae2aa4deb05a19a75,0.0,demand_noise_offset_v2,1134.1709979160391,0.013873090354351357,8175.330578455444,20.000000007624692,19.999310017617013,13118.3720703125,7.615274171562678e-05,True,5.0,20.0
0,2024,data/raw/sow_call_dataset_labeled/feeding/427-1.wav,fb79ad436b991a7f85596c6e029a1a41,feeding,feeding,63986,0.99978125,DEMAND,DWASHING,data/noise_sources/demand/audio/DWASHING/ch01.wav,ff033b73096b456e83fa0fbf21625a80fcbb24af6c3c1bfe9aa94587ca64f394,DEMAND:DWASHING,1.0,3407.0,active_valid_region,20.0,True,zero_shot_frozen,False,8784925.0,1.0267007826417439e+18,0e3f92ec0ffa07e30f2669b302234fbe24abf06b64583f14035bfed260b1c5a2,0.0,demand_noise_offset_v2,645.1817983714217,0.013866328241141318,4652.866910053167,20.000000393723845,19.9997964924627,4389.16455078125,0.00022760595745315195,True,7.0,20.0
0,2024,data/raw/sow_call_dataset_labeled/anxious_stress/1334-3.wav,11d045bea6c3d64015b13638a7d53109,stress_vocal,anxious_stress,63997,0.999953125,DEMAND,DWASHING,data/noise_sources/demand/audio/DWASHING/ch01.wav,ff033b73096b456e83fa0fbf21625a80fcbb24af6c3c1bfe9aa94587ca64f394,DEMAND:DWASHING,1.0,3407.0,active_valid_region,20.0,True,zero_shot_frozen,False,4460328.0,7.671735421843584e+18,ea777ab835c4b5a17ec15f43b8a3c5e9672eb6ee1d984dce414b94c6c3314730,0.0,demand_noise_offset_v2,3811.8301009912243,0.0138279207202297,27566.184230537772,20.00000020387413,19.999805925524775,20216.279296875,4.941562120950831e-05,True,1.0,20.0
0,2024,data/raw/sow_call_dataset_labeled/anxious_stress/1383-3.wav,b3b31954241bce03f5720874592aee72,stress_vocal,anxious_stress,63992,0.999875,DEMAND,DWASHING,data/noise_sources/demand/audio/DWASHING/ch01.wav,ff033b73096b456e83fa0fbf21625a80fcbb24af6c3c1bfe9aa94587ca64f394,DEMAND:DWASHING,1.0,3407.0,active_valid_region,20.0,True,zero_shot_frozen,False,5025356.0,1.941918287905726e+18,1af31464e5749d86b3cd88bf31b5aebaf557cf4bd158dee1ff40c1252a0fc7eb,0.0,demand_noise_offset_v2,1199.8548664566226,0.005011793090357543,23940.630525332093,19.999999877395574,19.99889272052368,6922.02587890625,0.00014432191059040827,True,4.0,20.0
0,2024,data/raw/sow_call_dataset_labeled/frightened_stress/571-2.wav,08169455610f31ed96247239437ecadf,stress_vocal,frightened_stress,64000,1.0,DEMAND,DWASHING,data/noise_sources/demand/audio/DWASHING/ch01.wav,ff033b73096b456e83fa0fbf21625a80fcbb24af6c3c1bfe9aa94587ca64f394,DEMAND:DWASHING,1.0,3407.0,active_valid_region,20.0,True,zero_shot_frozen,False,9457129.0,6.050034465485583e+18,53f60a4aba2373703d1c2b58aedf4fcf033f7606b4346712ce32bd37727c2e1a,0.0,demand_noise_offset_v2,82.93683624858953,0.014085194822084587,588.8227837541193,20.000000437193147,20.000000437193147,833.05859375,0.0011991953597201576,True,0.0,20.0
0,2024,data/external/korea_raw/abdominal_cough/train_abdominal_06751.wav,1d8dba5e198d447b4483b7ae2ad71b2f,cough,abdominal_cough,10976,0.1715,DEMAND,DWASHING,data/noise_sources/demand/audio/DWASHING/ch01.wav,ff033b73096b456e83fa0fbf21625a80fcbb24af6c3c1bfe9aa94587ca64f394,DEMAND:DWASHING,1.0,3407.0,active_valid_region,20.0,True,zero_shot_frozen,False,4541548.0,4.742029477152241e+18,41cf12af641735c3f3a3497f49c30d6ea2215fd450ca670ff77a76ba1c5a260a,0.0,demand_noise_offset_v2,0.0590139803387406,0.017965288950487025,0.328488901577844,19.99999961118777,13.020899665953177,0.31197622418403625,1.0,False,26512.0,20.0
0,2024,data/raw/sow_call_dataset_labeled/calm_grunt/133-0.wav,4d295214452277e46a9aa9d386bf4466,calm_grunt,calm_grunt,64000,1.0,DEMAND,DWASHING,data/noise_sources/demand/audio/DWASHING/ch01.wav,ff033b73096b456e83fa0fbf21625a80fcbb24af6c3c1bfe9aa94587ca64f394,DEMAND:DWASHING,1.0,3407.0,active_valid_region,20.0,True,zero_shot_frozen,False,5454128.0,1.1014664836773751e+18,8f4931ee5b96aa6a65f356ebbadafa51add4eda55e29948fce3a2007cf2911a2,0.0,demand_noise_offset_v2,1228.2898693684476,0.016128614175272955,7615.594594925329,19.999999846502888,19.999999846502888,16527.978515625,6.044296336999583e-05,True,0.0,20.0
0,2024,data/raw/sow_call_dataset_labeled/calm_grunt/134-0.wav,f5e6656b16432a15c846dda524aab2f7,calm_grunt,calm_grunt,64000,1.0,DEMAND,DWASHING,data/noise_sources/demand/audio/DWASHING/ch01.wav,ff033b73096b456e83fa0fbf21625a80fcbb24af6c3c1bfe9aa94587ca64f394,DEMAND:DWASHING,1.0,3407.0,active_valid_region,20.0,True,zero_shot_frozen,False,5491636.0,1.4397434929271616e+18,13faff14279a851dec458cfdaa53356f85bc9e6f0237e5dd25dfbfe8bc18d3df,0.0,demand_noise_offset_v2,1263.1512551834044,0.014453020623899263,8739.704232447295,20.000000126692967,20.000000126692967,16654.05078125,5.998540614063255e-05,True,0.0,20.0
0,2024,data/raw/sow_call_dataset_labeled/anxious_stress/1682-3.wav,22f617734eec4c14399d7edd05952a94,stress_vocal,anxious_stress,64000,1.0,DEMAND,DWASHING,data/noise_sources/demand/audio/DWASHING/ch01.wav,ff033b73096b456e83fa0fbf21625a80fcbb24af6c3c1bfe9aa94587ca64f394,DEMAND:DWASHING,1.0,3407.0,active_valid_region,20.0,True,zero_shot_frozen,False,7217664.0,4.643641355889645e+18,c0718735ca1d93e89e2bda84df7aef0776d06205176219a919e7b71fbb5bd051,0.0,demand_noise_offset_v2,3713.545213927236,0.02047164771926831,18139.94293401198,19.999999793588753,19.999999793588753,22368.30078125,4.466141660780069e-05,True,0.0,20.0
0,2024,data/raw/sow_call_dataset_labeled/anxious_stress/1376-3.wav,7955ec6fe3a43547095c229605227135,stress_vocal,anxious_stress,64000,1.0,DEMAND,DWASHING,data/noise_sources/demand/audio/DWASHING/ch01.wav,ff033b73096b456e83fa0fbf21625a80fcbb24af6c3c1bfe9aa94587ca64f394,DEMAND:DWASHING,1.0,3407.0,active_valid_region,20.0,True,zero_shot_frozen,False,4004593.0,4.4624269247375066e+17,06315f5d50830497c1e6f69aa0dd0e087b9d5756b6e945d71adf981fec86ac92,0.0,demand_noise_offset_v2,430.83975926257386,0.011066865251762979,3893.0604960057685,19.999999888656735,19.999999888656735,3218.013916015625,0.00031043992539252566,True,0.0,20.0
0,2024,data/raw/sow_call_dataset_labeled/anxious_stress/1494-3.wav,c96e034455453c8a80062c77d5b0ffd8,stress_vocal,anxious_stress,64000,1.0,DEMAND,DWASHING,data/noise_sources/demand/audio/DWASHING/ch01.wav,ff033b73096b456e83fa0fbf21625a80fcbb24af6c3c1bfe9aa94587ca64f394,DEMAND:DWASHING,1.0,3407.0,active_valid_region,20.0,True,zero_shot_frozen,False,8648619.0,6.20025945438942e+18,560bbf1f96237e9017ad00aaf6fe29b4276588c617a74fab4236c53e7a70ed5f,0.0,demand_noise_offset_v2,3764.493110548208,0.0179069742274221,21022.496948610096,20.000000356390977,20.000000356390977,22774.931640625,4.3864017497994345e-05,True,0.0,20.0
0,2024,data/raw/sow_call_dataset_labeled/calm_grunt/163-0.wav,5695337a3756b87cd039848c7ee34d5d,calm_grunt,calm_grunt,64000,1.0,DEMAND,DWASHING,data/noise_sources/demand/audio/DWASHING/ch01.wav,ff033b73096b456e83fa0fbf21625a80fcbb24af6c3c1bfe9aa94587ca64f394,DEMAND:DWASHING,1.0,3407.0,active_valid_region,20.0,True,zero_shot_frozen,False,3957150.0,4.4454550674114237e+18,bdb16dd4ae04a2a4e93388edea2c5ef5dbfe7cf9aa206a50b43b9cdb95ff4dbc,0.0,demand_noise_offset_v2,1012.4039790838016,0.015230293443874197,6647.304484412297,19.999999728237587,19.999999728237587,16240.3505859375,6.151345038481083e-05,True,0.0,20.0
0,2024,data/raw/sow_call_dataset_labeled/calm_grunt/200-0.wav,9f56e233d86a50f8c07037764ffc404c,calm_grunt,calm_grunt,64000,1.0,DEMAND,DWASHING,data/noise_sources/demand/audio/DWASHING/ch01.wav,ff033b73096b456e83fa0fbf21625a80fcbb24af6c3c1bfe9aa94587ca64f394,DEMAND:DWASHING,1.0,3407.0,active_valid_region,20.0,True,zero_shot_frozen,False,5064942.0,7.573236114511966e+18,69198a1f15a531b9b0add9845a6aaf01b1de70ca65faa0aa6fe27b9e2a62cde7,0.0,demand_noise_offset_v2,1501.611902094328,0.010494845517298727,14308.089619987359,19.999999863739838,19.999999863739838,17601.546875,5.675637528306727e-05,True,0.0,20.0
0,2024,data/raw/sow_call_dataset_labeled/calm_grunt/181-0.wav,66d65c98af61f5b9edb344b18a179881,calm_grunt,calm_grunt,64000,1.0,DEMAND,DWASHING,data/noise_sources/demand/audio/DWASHING/ch01.wav,ff033b73096b456e83fa0fbf21625a80fcbb24af6c3c1bfe9aa94587ca64f394,DEMAND:DWASHING,1.0,3407.0,active_valid_region,20.0,True,zero_shot_frozen,False,8915457.0,7.941634121057804e+18,ee365a2811c5a00f927fcffa8042b14054425c8b66f1ec0ad13c46eefb8503bd,0.0,demand_noise_offset_v2,1080.7881855900323,0.010327435546809928,10465.213563340805,19.999999753090016,19.999999753090016,14829.0810546875,6.736762691604644e-05,True,0.0,20.0
0,2024,data/raw/sow_call_dataset_labeled/feeding/489-1.wav,cc82b9acc5ec838472efea0356add029,feeding,feeding,63988,0.9998125,DEMAND,DWASHING,data/noise_sources/demand/audio/DWASHING/ch01.wav,ff033b73096b456e83fa0fbf21625a80fcbb24af6c3c1bfe9aa94587ca64f394,DEMAND:DWASHING,1.0,3407.0,active_valid_region,20.0,True,zero_shot_frozen,False,4685346.0,5.38830101317925e+18,4ac71739196d34ac8fb570f2257785705604d55491d9aed98d9e08c085b1def4,0.0,demand_noise_offset_v2,111.61931926581481,0.010594029267042922,1053.605917562004,19.99999967700163,19.999974996998237,1386.6497802734375,0.0007204414656186686,True,6.0,20.0
0,2024,data/external/korea_raw/dry_cough/train_dry_17231.wav,414bbf0cced84b1b83253974ff72e055,cough,dry_cough,20064,0.3135,DEMAND,DWASHING,data/noise_sources/demand/audio/DWASHING/ch01.wav,ff033b73096b456e83fa0fbf21625a80fcbb24af6c3c1bfe9aa94587ca64f394,DEMAND:DWASHING,1.0,3407.0,active_valid_region,20.0,True,zero_shot_frozen,False,6277094.0,7.900695399074332e+18,6da4e89b14637df9a02193b912d0170f8bd1809e69b1d0e23ab7397a3685b262,0.0,demand_noise_offset_v2,0.15677584411372072,0.012138219775746872,1.2915884455064106,20.000000136968602,17.087380372703254,0.8759596943855286,1.0,False,21968.0,20.0
0,2024,data/raw/sow_call_dataset_labeled/feeding/406-1.wav,bf2cba2c96bb0cc4a444e2aed3985121,feeding,feeding,64000,1.0,DEMAND,DWASHING,data/noise_sources/demand/audio/DWASHING/ch01.wav,ff033b73096b456e83fa0fbf21625a80fcbb24af6c3c1bfe9aa94587ca64f394,DEMAND:DWASHING,1.0,3407.0,active_valid_region,20.0,True,zero_shot_frozen,False,6109051.0,5.228868288175388e+18,c890ac011dffb58c7f2330866de4904f36c83d86753265cf24d059893a193660,0.0,demand_noise_offset_v2,527.5342874146062,0.010845033096450072,4864.293937353544,19.99999998662362,19.99999998662362,3765.09326171875,0.0002653320729548039,True,0.0,20.0
0,2024,data/raw/sow_call_dataset_labeled/calm_grunt/255-0.wav,7fe4de8d725fb04b3437a3a1c91ff7ab,calm_grunt,calm_grunt,64000,1.0,DEMAND,DWASHING,data/noise_sources/demand/audio/DWASHING/ch01.wav,ff033b73096b456e83fa0fbf21625a80fcbb24af6c3c1bfe9aa94587ca64f394,DEMAND:DWASHING,1.0,3407.0,active_valid_region,20.0,True,zero_shot_frozen,False,1588728.0,2.8011160725549164e+18,26df903a1f45e9cb559fd30c392c16deb83a5f270da06b4685505acd8aa0a5bb,0.0,demand_noise_offset_v2,1961.689035486129,0.015467447631460629,12682.693888654736,19.999999696224936,19.999999696224936,15516.8330078125,6.438169435071048e-05,True,0.0,20.0
0,2024,data/raw/sow_call_dataset_labeled/anxious_stress/1359-3.wav,18b5dc855acc6b3ee7d7d2daae3afaa4,stress_vocal,anxious_stress,64000,1.0,DEMAND,DWASHING,data/noise_sources/demand/audio/DWASHING/ch01.wav,ff033b73096b456e83fa0fbf21625a80fcbb24af6c3c1bfe9aa94587ca64f394,DEMAND:DWASHING,1.0,3407.0,active_valid_region,20.0,True,zero_shot_frozen,False,5503418.0,3.9659116227342483e+17,0580f98f945de5cedbb7c0f3d92781976ddb63dfa704531e24ffecd8ea090ea2,0.0,demand_noise_offset_v2,665.4457462232906,0.012981316606890711,5126.1806978042605,20.000000053662156,20.000000053662156,6397.06982421875,0.00015616524869212353,True,0.0,20.0
0,2024,data/raw/sow_call_dataset_labeled/feeding/298-1.wav,a386793de4da5cae07e7e1b426e07f80,feeding,feeding,63997,0.999953125,DEMAND,DWASHING,data/noise_sources/demand/audio/DWASHING/ch01.wav,ff033b73096b456e83fa0fbf21625a80fcbb24af6c3c1bfe9aa94587ca64f394,DEMAND:DWASHING,1.0,3407.0,active_valid_region,20.0,True,zero_shot_frozen,False,3782059.0,1.760341210845824e+18,986dfd012bf243a83a97c271f8dbfecee69225225269c801e13ee9292a540e5d,0.0,demand_noise_offset_v2,222.9550765863742,0.016222372322197056,1374.367892427823,19.999999820803,19.999921170241464,3079.2333984375,0.00032443139922648414,True,1.0,20.0
0,2024,data/raw/sow_call_dataset_labeled/frightened_stress/1038-2.wav,eea3389ab552c4f66b61093bf5aacc49,stress_vocal,frightened_stress,64000,1.0,DEMAND,DWASHING,data/noise_sources/demand/audio/DWASHING/ch01.wav,ff033b73096b456e83fa0fbf21625a80fcbb24af6c3c1bfe9aa94587ca64f394,DEMAND:DWASHING,1.0,3407.0,active_valid_region,20.0,True,zero_shot_frozen,False,361797.0,4.201979910476486e+17,05d4d7d8b7ba55299b6838b1460e1754b59f3f6f6acc6ff662e15b70764a20a5,0.0,demand_noise_offset_v2,352.08993383815,0.009843213741911447,3576.9814927312336,20.00000010940598,20.00000010940598,6894.68017578125,0.00014489432062551056,True,0.0,20.0
0,2024,data/raw/sow_call_dataset_labeled/calm_grunt/148-0.wav,00e146b24fd459e3f6e2e9469eebe4c4,calm_grunt,calm_grunt,64000,1.0,DEMAND,DWASHING,data/noise_sources/demand/audio/DWASHING/ch01.wav,ff033b73096b456e83fa0fbf21625a80fcbb24af6c3c1bfe9aa94587ca64f394,DEMAND:DWASHING,1.0,3407.0,active_valid_region,20.0,True,zero_shot_frozen,False,465031.0,1.2448525956008159e+18,91469ad7168277348cb4cc6627391ad73617f269531b5d48298d70a3edd4139e,0.0,demand_noise_offset_v2,997.9479044483013,0.01342198440019615,7435.174074809066,19.999999718902423,19.999999718902423,10427.296875,9.580622974254772e-05,True,0.0,20.0
0,2024,data/raw/sow_call_dataset_labeled/calm_grunt/31-0.wav,ad1b03b3649c921981340ffcfafbe1d5,calm_grunt,calm_grunt,64000,1.0,DEMAND,DWASHING,data/noise_sources/demand/audio/DWASHING/ch01.wav,ff033b73096b456e83fa0fbf21625a80fcbb24af6c3c1bfe9aa94587ca64f394,DEMAND:DWASHING,1.0,3407.0,active_valid_region,20.0,True,zero_shot_frozen,False,6812631.0,4.004059999330636e+18,3791475adf74100b452c119d291d40f7b6d0e40b0f6a4258f01612413885bce0,0.0,demand_noise_offset_v2,888.4460887560168,0.015026085505125507,5912.69155531533,20.00000021606729,20.00000021606729,22075.001953125,4.5254809133032884e-05,True,0.0,20.0
0,2024,data/raw/sow_call_dataset_labeled/feeding/469-1.wav,96f4365be7925a63b199ce1f0e094270,feeding,feeding,64000,1.0,DEMAND,DWASHING,data/noise_sources/demand/audio/DWASHING/ch01.wav,ff033b73096b456e83fa0fbf21625a80fcbb24af6c3c1bfe9aa94587ca64f394,DEMAND:DWASHING,1.0,3407.0,active_valid_region,20.0,True,zero_shot_frozen,False,7961707.0,8.508136205258267e+18,f612f8ccf70f18e6b384f961c0867e73fddbf8058e68860a98521b4a4fcbd44f,0.0,demand_noise_offset_v2,780.9235916986895,0.012781578237172906,6109.758726254279,19.999999904723772,19.999999904723772,10154.2998046875,9.83819681529232e-05,True,0.0,20.0
0,2024,data/external/korea_raw/abdominal_cough/train_abdominal_02305.wav,802c3c06a9ed989a83e4990344122a04,cough,abdominal_cough,15457,0.241515625,DEMAND,DWASHING,data/noise_sources/demand/audio/DWASHING/ch01.wav,ff033b73096b456e83fa0fbf21625a80fcbb24af6c3c1bfe9aa94587ca64f394,DEMAND:DWASHING,1.0,3407.0,active_valid_region,20.0,True,zero_shot_frozen,False,9457596.0,1.1617416095148698e+18,901f55d6b3eca40dd0fcd714b8419bfa93d42ce23715420dac3d45dd855d0409,0.0,demand_noise_offset_v2,0.0532670213899115,0.01959963470304439,0.27177558254000306,20.000000288177013,16.687340214038183,0.28834807872772217,1.0,False,24271.0,20.0
0,2024,data/raw/sow_call_dataset_labeled/feeding/486-1.wav,faa7678cb4332273bf2df704079aa496,feeding,feeding,63997,0.999953125,DEMAND,DWASHING,data/noise_sources/demand/audio/DWASHING/ch01.wav,ff033b73096b456e83fa0fbf21625a80fcbb24af6c3c1bfe9aa94587ca64f394,DEMAND:DWASHING,1.0,3407.0,active_valid_region,20.0,True,zero_shot_frozen,False,2927024.0,4.274083812119869e+18,3b50989501a6f6ccf2ea32af54f86b81728ad934459e944577053fdbc420676a,0.0,demand_noise_offset_v2,317.2547916993655,0.019671873955228375,1612.73294258296,20.00000017911258,19.999969472590575,3853.61767578125,0.00025923692593543833,True,1.0,20.0
0,2024,data/raw/sow_call_dataset_labeled/feeding/399-1.wav,48cf353f7ec7b595326862ac160f0ad7,feeding,feeding,63998,0.99996875,DEMAND,DWASHING,data/noise_sources/demand/audio/DWASHING/ch01.wav,ff033b73096b456e83fa0fbf21625a80fcbb24af6c3c1bfe9aa94587ca64f394,DEMAND:DWASHING,1.0,3407.0,active_valid_region,20.0,True,zero_shot_frozen,False,3174147.0,3.0918084466769517e+17,044a6e5711c5f021ed9d149a414d8fac3f76f8fb87a9620730ddc974b13b8750,0.0,demand_noise_offset_v2,858.440139263654,0.015640421086283076,5488.599920219035,19.99999972306766,19.999970150050896,8303.5673828125,0.00012030973603800983,True,1.0,20.0
0,2024,data/raw/sow_call_dataset_labeled/feeding/324-1.wav,247d290a4193c3f911ea011db4d5a19f,feeding,feeding,64000,1.0,DEMAND,DWASHING,data/noise_sources/demand/audio/DWASHING/ch01.wav,ff033b73096b456e83fa0fbf21625a80fcbb24af6c3c1bfe9aa94587ca64f394,DEMAND:DWASHING,1.0,3407.0,active_valid_region,20.0,True,zero_shot_frozen,False,9510462.0,3.090044785760571e+18,2ae20b5c634e8de3427fef862ed303c65e07b803009cedaf4aff1910b2efb536,0.0,demand_noise_offset_v2,1023.1476817421454,0.012175568661582677,8403.28456255569,20.000000391227395,20.000000391227395,12847.8525390625,7.775618508716916e-05,True,0.0,20.0
0,2024,data/external/korea_raw/abdominal_cough/train_abdominal_13649.wav,758a24dd5518a227c1e5ba1f0ff3dcb4,cough,abdominal_cough,19137,0.299015625,DEMAND,DWASHING,data/noise_sources/demand/audio/DWASHING/ch01.wav,ff033b73096b456e83fa0fbf21625a80fcbb24af6c3c1bfe9aa94587ca64f394,DEMAND:DWASHING,1.0,3407.0,active_valid_region,20.0,True,zero_shot_frozen,False,6026077.0,4.1693651591041695e+18,39dc8f859f4b453c2bd91db5ff82253e84630ea6ce822a5e6656b54f7d718c3b,0.0,demand_noise_offset_v2,0.07282239663273285,0.005857180494133224,1.243301221563422,19.999999642472815,12.609360023688716,0.3379060924053192,1.0,False,22431.0,20.0
0,2024,data/raw/sow_call_dataset_labeled/frightened_stress/809-2.wav,60adaca724f5caf2590a8cfb28d41e6d,stress_vocal,frightened_stress,64000,1.0,DEMAND,DWASHING,data/noise_sources/demand/audio/DWASHING/ch01.wav,ff033b73096b456e83fa0fbf21625a80fcbb24af6c3c1bfe9aa94587ca64f394,DEMAND:DWASHING,1.0,3407.0,active_valid_region,20.0,True,zero_shot_frozen,False,9254896.0,8.595403205009604e+18,f74901acafd9fd9b750aa2cc938910bbe43fd739e57cbffa41becd3b51d6eae9,0.0,demand_noise_offset_v2,94.84308904056803,0.014672180169790518,646.4144247345496,19.999999947074265,19.999999947074265,829.7625732421875,0.0012039588578893594,True,0.0,20.0
0,2024,data/raw/sow_call_dataset_labeled/feeding/471-1.wav,52da60c3cf75c529daf2db0df0c762b2,feeding,feeding,63985,0.999765625,DEMAND,DWASHING,data/noise_sources/demand/audio/DWASHING/ch01.wav,ff033b73096b456e83fa0fbf21625a80fcbb24af6c3c1bfe9aa94587ca64f394,DEMAND:DWASHING,1.0,3407.0,active_valid_region,20.0,True,zero_shot_frozen,False,1990669.0,5.904796188594486e+17,0831ce15b939b93288cdd703393ad5028acd814fa3a68407f0b4a364b9eae685,0.0,demand_noise_offset_v2,570.4386214492046,0.013047334406368129,4372.070215129808,19.999999807744846,19.99955297939817,4743.3994140625,0.00021060845035278259,True,7.0,20.0
0,2024,data/external/korea_raw/dry_cough/train_dry_13855.wav,92a4b6e7ce690c211166c2967b9d3651,cough,dry_cough,18016,0.2815,DEMAND,DWASHING,data/noise_sources/demand/audio/DWASHING/ch01.wav,ff033b73096b456e83fa0fbf21625a80fcbb24af6c3c1bfe9aa94587ca64f394,DEMAND:DWASHING,1.0,3407.0,active_valid_region,20.0,True,zero_shot_frozen,False,8919549.0,7.412666341906678e+17,0a4982138ec8bfd982d693fde77ccd80504f0f2681ca1a79cc83f68639178e1b,0.0,demand_noise_offset_v2,0.07541487102707227,0.008108873008114631,0.9300290059001275,19.999999727126262,12.60924376832955,0.3618535101413727,1.0,False,22992.0,20.0
0,2024,data/raw/sow_call_dataset_labeled/calm_grunt/246-0.wav,af2331ab38f97aa237f515945a5359e8,calm_grunt,calm_grunt,64000,1.0,DEMAND,DWASHING,data/noise_sources/demand/audio/DWASHING/ch01.wav,ff033b73096b456e83fa0fbf21625a80fcbb24af6c3c1bfe9aa94587ca64f394,DEMAND:DWASHING,1.0,3407.0,active_valid_region,20.0,True,zero_shot_frozen,False,4186327.0,4.2523953803163694e+18,3b038b117844f125d6c7fa5718d96fc21ce80fd6d559930b61beab6943b7dba5,0.0,demand_noise_offset_v2,1362.533252620096,0.012689072934281556,10737.847119934151,20.00000035286691,20.00000035286691,16262.3583984375,6.143020437281622e-05,True,0.0,20.0
0,2024,data/raw/sow_call_dataset_labeled/feeding/304-1.wav,c9e37a52d69aa372d3ae6b95468b7620,feeding,feeding,63988,0.9998125,DEMAND,DWASHING,data/noise_sources/demand/audio/DWASHING/ch01.wav,ff033b73096b456e83fa0fbf21625a80fcbb24af6c3c1bfe9aa94587ca64f394,DEMAND:DWASHING,1.0,3407.0,active_valid_region,20.0,True,zero_shot_frozen,False,7405738.0,7.43133416445968e+18,e721670cb7d7ef5d530c78d4b8c685f38ce778bb48bae10f664abbd76b8f2135,0.0,demand_noise_offset_v2,186.00205111276827,0.013533812386584609,1374.3507431589846,20.000000222168307,19.99927826311496,3146.644287109375,0.00031748107153151356,True,6.0,20.0
0,2024,data/external/korea_raw/dry_cough/train_dry_12111.wav,f59c8ec794987b22feab4606c5b457ec,cough,dry_cough,12001,0.187515625,DEMAND,DWASHING,data/noise_sources/demand/audio/DWASHING/ch01.wav,ff033b73096b456e83fa0fbf21625a80fcbb24af6c3c1bfe9aa94587ca64f394,DEMAND:DWASHING,1.0,3407.0,active_valid_region,20.0,True,zero_shot_frozen,False,5589772.0,2.79699478133224e+18,26d0ebef3bedf5c40f69ab77cfc211af307781f80e00c28ab53c4a1be2a8709a,0.0,demand_noise_offset_v2,0.04296524671898265,0.015327016095394304,0.2803236223643916,19.999999933513898,13.254533925371188,0.15767061710357666,1.0,False,25999.0,20.0
0,2024,data/raw/sow_call_dataset_labeled/anxious_stress/1452-3.wav,863eeac0b9ddb7b6f0040a6c94e9fb0e,stress_vocal,anxious_stress,63995,0.999921875,DEMAND,DWASHING,data/noise_sources/demand/audio/DWASHING/ch01.wav,ff033b73096b456e83fa0fbf21625a80fcbb24af6c3c1bfe9aa94587ca64f394,DEMAND:DWASHING,1.0,3407.0,active_valid_region,20.0,True,zero_shot_frozen,False,1159761.0,1.3669276633099725e+18,92f84d77ad3ee40cca32c3a638aa4350061727214382ac5baaa08a81541bd0c9,0.0,demand_noise_offset_v2,1607.624752512261,0.012920865803011345,12442.082264623374,20.000000167879257,19.999850057369137,13419.294921875,7.444504393233915e-05,True,2.0,20.0
0,2024,data/raw/sow_call_dataset_labeled/feeding/393-1.wav,d020a377f975c05272b8d05b57521990,feeding,feeding,64000,1.0,DEMAND,DWASHING,data/noise_sources/demand/audio/DWASHING/ch01.wav,ff033b73096b456e83fa0fbf21625a80fcbb24af6c3c1bfe9aa94587ca64f394,DEMAND:DWASHING,1.0,3407.0,active_valid_region,20.0,True,zero_shot_frozen,False,5678653.0,7.101855196463336e+18,e28edbac87758b8bbfdab42aa0a6baca4685ba63b59349e9a6832bf93f21df54,0.0,demand_noise_offset_v2,564.3458696574719,0.016848741776489783,3349.483760531856,20.00000030438166,20.00000030438166,5071.84521484375,0.00019696973343670475,True,0.0,20.0
0,2024,data/raw/sow_call_dataset_labeled/calm_grunt/91-0.wav,cee17336c428ff1a2871511627e221ac,calm_grunt,calm_grunt,64000,1.0,DEMAND,DWASHING,data/noise_sources/demand/audio/DWASHING/ch01.wav,ff033b73096b456e83fa0fbf21625a80fcbb24af6c3c1bfe9aa94587ca64f394,DEMAND:DWASHING,1.0,3407.0,active_valid_region,20.0,True,zero_shot_frozen,False,2386734.0,2.0895483929068442e+18,1cff9131443367e0e333f79a6713b00ae348614254f691ba2e39e6e6c6fe9298,0.0,demand_noise_offset_v2,938.9198850949239,0.008052707915831367,11659.678891979149,20.00000013831787,20.00000013831787,18093.310546875,5.5213776241327104e-05,True,0.0,20.0
0,2024,data/external/korea_raw/dry_cough/train_dry_08236.wav,a7ab543a182c83c4cf8ec72231ba0af2,cough,dry_cough,17184,0.2685,DEMAND,DWASHING,data/noise_sources/demand/audio/DWASHING/ch01.wav,ff033b73096b456e83fa0fbf21625a80fcbb24af6c3c1bfe9aa94587ca64f394,DEMAND:DWASHING,1.0,3407.0,active_valid_region,20.0,True,zero_shot_frozen,False,3645565.0,5.291131577176817e+18,c96de022c579fa3a1dca9a244b12b6f7ee6a1119a6749888c4622bb397995026,0.0,demand_noise_offset_v2,0.10200412159395875,0.013265324963287488,0.7689530552493868,19.99999966335956,13.295337648883809,0.4530409574508667,1.0,False,23408.0,20.0
0,2024,data/raw/sow_call_dataset_labeled/feeding/462-1.wav,bf71b3916b50f93bb618bec575df25d0,feeding,feeding,64000,1.0,DEMAND,DWASHING,data/noise_sources/demand/audio/DWASHING/ch01.wav,ff033b73096b456e83fa0fbf21625a80fcbb24af6c3c1bfe9aa94587ca64f394,DEMAND:DWASHING,1.0,3407.0,active_valid_region,20.0,True,zero_shot_frozen,False,7432385.0,3.8183351390215644e+18,b4fd73941ac5aa4855650a6d46151541e61b1dba3b66ecf801cce90d82fc63cc,0.0,demand_noise_offset_v2,390.87487317806836,0.012342683226867655,3166.8549374029844,19.99999987938433,19.99999987938433,2461.171142578125,0.00040590432039339124,True,0.0,20.0
0,2024,data/raw/sow_call_dataset_labeled/frightened_stress/531-2.wav,439e489d68e585b0f865ab720f41e65a,stress_vocal,frightened_stress,63608,0.993875,DEMAND,DWASHING,data/noise_sources/demand/audio/DWASHING/ch01.wav,ff033b73096b456e83fa0fbf21625a80fcbb24af6c3c1bfe9aa94587ca64f394,DEMAND:DWASHING,1.0,3407.0,active_valid_region,20.0,True,zero_shot_frozen,False,1999971.0,8.716100537212179e+18,78f5cf423b1f954eb09661e25bced58538ba3c987f6e87b008d2e8735b715f33,0.0,demand_noise_offset_v2,223.3376366304215,0.014779811458501265,1511.0993618390103,19.99999997228817,19.964532566988748,2357.9638671875,0.00042367061425397225,True,196.0,20.0
0,2024,data/external/korea_raw/dry_cough/train_dry_12259.wav,0dd24b3ee3931c0516f250d0fb57dc2a,cough,dry_cough,13985,0.218515625,DEMAND,DWASHING,data/noise_sources/demand/audio/DWASHING/ch01.wav,ff033b73096b456e83fa0fbf21625a80fcbb24af6c3c1bfe9aa94587ca64f394,DEMAND:DWASHING,1.0,3407.0,active_valid_region,20.0,True,zero_shot_frozen,False,8184480.0,2.2171044944161009e+18,1ec4bcca7b97fe6887cb2dcf974efddc8c0aedffd7c01e1742bd25b76beddad0,0.0,demand_noise_offset_v2,0.061751605029606374,0.014664559007010592,0.4210941836033745,20.000000093931533,13.676752879413087,0.23132985830307007,1.0,False,25007.0,20.0
0,2024,data/raw/sow_call_dataset_labeled/feeding/334-1.wav,6d4e3f890abd1b39675ab539c08999df,feeding,feeding,64000,1.0,DEMAND,DWASHING,data/noise_sources/demand/audio/DWASHING/ch01.wav,ff033b73096b456e83fa0fbf21625a80fcbb24af6c3c1bfe9aa94587ca64f394,DEMAND:DWASHING,1.0,3407.0,active_valid_region,20.0,True,zero_shot_frozen,False,938739.0,2.730818540483331e+18,25e5d0fe7b8f43b3e29b7af94397210cab0c5e7231e7e5901024f0025dc620ae,0.0,demand_noise_offset_v2,891.4684230620591,0.012858269109325436,6933.035974612813,19.999999798783254,19.999999798783254,9387.5849609375,0.00010641714606652507,True,0.0,20.0
0,2024,data/raw/sow_call_dataset_labeled/frightened_stress/1031-2.wav,52f370f2037764cd024cc8ac3620035d,stress_vocal,frightened_stress,63997,0.999953125,DEMAND,DWASHING,data/noise_sources/demand/audio/DWASHING/ch01.wav,ff033b73096b456e83fa0fbf21625a80fcbb24af6c3c1bfe9aa94587ca64f394,DEMAND:DWASHING,1.0,3407.0,active_valid_region,20.0,True,zero_shot_frozen,False,1920374.0,5.473415926635746e+18,cbf57ac92f16d35f683c9693a1898859ac8904444b38da62944ac285a52cfb01,0.0,demand_noise_offset_v2,251.37542293038825,0.01663588619598473,1511.043174790777,19.99999978330829,19.999983128840984,2731.563720703125,0.000365724582014455,True,1.0,20.0
0,2024,data/external/korea_raw/dry_cough/train_dry_05498.wav,476f1f61fe985f0e105b631f547552aa,cough,dry_cough,11777,0.184015625,DEMAND,DWASHING,data/noise_sources/demand/audio/DWASHING/ch01.wav,ff033b73096b456e83fa0fbf21625a80fcbb24af6c3c1bfe9aa94587ca64f394,DEMAND:DWASHING,1.0,3407.0,active_valid_region,20.0,True,zero_shot_frozen,False,9134992.0,2.5759694932389576e+18,23bfae9b24c046aa88a1af29930f4d224ed807b017c6030565327fe72939d1b7,0.0,demand_noise_offset_v2,0.042341868179194324,0.02124961429952503,0.19925946693602223,20.000000300458495,16.701380776685053,0.1613282710313797,1.0,False,26111.0,20.0
0,2024,data/raw/sow_call_dataset_labeled/calm_grunt/69-0.wav,5e6972bc79d14fbb0e7d8c9fc5171b8e,calm_grunt,calm_grunt,64000,1.0,DEMAND,DWASHING,data/noise_sources/demand/audio/DWASHING/ch01.wav,ff033b73096b456e83fa0fbf21625a80fcbb24af6c3c1bfe9aa94587ca64f394,DEMAND:DWASHING,1.0,3407.0,active_valid_region,20.0,True,zero_shot_frozen,False,8565299.0,4.1643546577620544e+17,05c779d989770e7b20570c176939c180b317dccda55635e0711c7da00107890d,0.0,demand_noise_offset_v2,984.0544080113978,0.013996093236804145,7030.922067764789,20.00000023804324,20.00000023804324,16013.337890625,6.238549431876186e-05,True,0.0,20.0
0,2024,data/raw/sow_call_dataset_labeled/feeding/365-1.wav,e7f7f9645f68e7861c6960646038694b,feeding,feeding,63998,0.99996875,DEMAND,DWASHING,data/noise_sources/demand/audio/DWASHING/ch01.wav,ff033b73096b456e83fa0fbf21625a80fcbb24af6c3c1bfe9aa94587ca64f394,DEMAND:DWASHING,1.0,3407.0,active_valid_region,20.0,True,zero_shot_frozen,False,8714475.0,6.682042212706853e+17,0945f032ee41769213dc08172d61e555fd65b104913d27e85608253b52af8b81,0.0,demand_noise_offset_v2,228.88529049546287,0.012638433971877387,1811.0257252185722,19.999999852513465,19.999905732178213,2050.802001953125,0.0004871264993151855,True,1.0,20.0
0,2024,data/raw/sow_call_dataset_labeled/calm_grunt/127-0.wav,c0b1e9c399e2fcb85350d6e1a522b9c7,calm_grunt,calm_grunt,64000,1.0,DEMAND,DWASHING,data/noise_sources/demand/audio/DWASHING/ch01.wav,ff033b73096b456e83fa0fbf21625a80fcbb24af6c3c1bfe9aa94587ca64f394,DEMAND:DWASHING,1.0,3407.0,active_valid_region,20.0,True,zero_shot_frozen,False,2373433.0,4.591951034002162e+18,bfb9e322dfafc134265384e86459e82034d3a2c2fd71c69d6af0a7df4fe4966d,0.0,demand_noise_offset_v2,719.0246855373471,0.009105820990486837,7896.319137928768,19.999999779435008,19.999999779435008,7157.8203125,0.00013956762762756206,True,0.0,20.0
0,2024,data/raw/sow_call_dataset_labeled/frightened_stress/649-2.wav,a79a4d5ca276050cd921a9a53451c118,stress_vocal,frightened_stress,64000,1.0,DEMAND,DWASHING,data/noise_sources/demand/audio/DWASHING/ch01.wav,ff033b73096b456e83fa0fbf21625a80fcbb24af6c3c1bfe9aa94587ca64f394,DEMAND:DWASHING,1.0,3407.0,active_valid_region,20.0,True,zero_shot_frozen,False,2291805.0,7.532957562794622e+18,688a70fdf6773c55f940e419a296b302bab2bfeb0ec9b02140f6ef869e6ea5ff,0.0,demand_noise_offset_v2,182.61161994441022,0.015882067579333078,1149.7975249899955,20.000000309938383,20.000000309938383,1765.3751220703125,0.0005658853959766015,True,0.0,20.0
0,2024,data/raw/sow_call_dataset_labeled/anxious_stress/1429-3.wav,08dbebe86b17e15870a88fc0edc1fd56,stress_vocal,anxious_stress,63997,0.999953125,DEMAND,DWASHING,data/noise_sources/demand/audio/DWASHING/ch01.wav,ff033b73096b456e83fa0fbf21625a80fcbb24af6c3c1bfe9aa94587ca64f394,DEMAND:DWASHING,1.0,3407.0,active_valid_region,20.0,True,zero_shot_frozen,False,7852211.0,2.1846807532497672e+18,1e518b91f515cf44d19a926f824d9177e41744ab6376bb6c94dc3d9c4adc1893,0.0,demand_noise_offset_v2,1018.0890498529338,0.017263369874733807,5897.394641025337,20.000000155468566,19.99955532564214,6884.79931640625,0.00014510226864847256,True,1.0,20.0
0,2024,data/external/korea_raw/abdominal_cough/train_abdominal_16429.wav,89bcd1f7bcfd5c0d3850c0d8d7a77682,cough,abdominal_cough,12321,0.192515625,DEMAND,DWASHING,data/noise_sources/demand/audio/DWASHING/ch01.wav,ff033b73096b456e83fa0fbf21625a80fcbb24af6c3c1bfe9aa94587ca64f394,DEMAND:DWASHING,1.0,3407.0,active_valid_region,20.0,True,zero_shot_frozen,False,4655194.0,2.604644874659017e+18,24258eb6a817b1a388cff798331e9e428100e29e323ec9d376b5e92a9ae036eb,0.0,demand_noise_offset_v2,0.03146874162552827,0.009780256877348546,0.3217578231345958,19.99999999807015,12.800973297960281,0.14927759766578674,1.0,False,25839.0,20.0
0,2024,data/raw/sow_call_dataset_labeled/frightened_stress/624-2.wav,6b7d32323ad19193729e70aa61366584,stress_vocal,frightened_stress,64000,1.0,DEMAND,DWASHING,data/noise_sources/demand/audio/DWASHING/ch01.wav,ff033b73096b456e83fa0fbf21625a80fcbb24af6c3c1bfe9aa94587ca64f394,DEMAND:DWASHING,1.0,3407.0,active_valid_region,20.0,True,zero_shot_frozen,False,5131599.0,7.353943544678235e+18,e60e74b0e6d2bb98e31508ba2e78cce975457c9243072b92f4c9c8557c18a89a,0.0,demand_noise_offset_v2,124.93057706281661,0.01740048153287875,717.9719528264571,20.000000352088353,20.000000352088353,926.8284912109375,0.0010778693247709375,True,0.0,20.0
0,2024,data/raw/sow_call_dataset_labeled/calm_grunt/218-0.wav,b3d8482fce8b5eaa3e2cb020780d332e,calm_grunt,calm_grunt,64000,1.0,DEMAND,DWASHING,data/noise_sources/demand/audio/DWASHING/ch01.wav,ff033b73096b456e83fa0fbf21625a80fcbb24af6c3c1bfe9aa94587ca64f394,DEMAND:DWASHING,1.0,3407.0,active_valid_region,20.0,True,zero_shot_frozen,False,7216090.0,8.681734625507192e+18,f87bb7a4e390aa44cbbce4b4e30f57b7f46bf925e503a2678cd5c9dc16cef5ec,0.0,demand_noise_offset_v2,1325.8744849035143,0.020436536940739373,6487.764970886234,19.999999781498296,19.999999781498296,16195.763671875,6.168279682512462e-05,True,0.0,20.0
0,2024,data/external/korea_raw/dry_cough/train_dry_14904.wav,82731434fe93293942ec3e677a251aa0,cough,dry_cough,13408,0.2095,DEMAND,DWASHING,data/noise_sources/demand/audio/DWASHING/ch01.wav,ff033b73096b456e83fa0fbf21625a80fcbb24af6c3c1bfe9aa94587ca64f394,DEMAND:DWASHING,1.0,3407.0,active_valid_region,20.0,True,zero_shot_frozen,False,4223556.0,1.6148768880552668e+18,966931f94485bdd0f47a95b4fa409e1d4f4e19af4dbee53091574a082342ba47,0.0,demand_noise_offset_v2,0.05590034753670979,0.01633564917356387,0.34219850673075075,19.999999640391245,14.182042411985972,0.23469536006450653,1.0,False,25296.0,20.0
0,2024,data/raw/sow_call_dataset_labeled/calm_grunt/59-0.wav,59a6dd695e64efe4c8241ab5e0cd60df,calm_grunt,calm_grunt,64000,1.0,DEMAND,DWASHING,data/noise_sources/demand/audio/DWASHING/ch01.wav,ff033b73096b456e83fa0fbf21625a80fcbb24af6c3c1bfe9aa94587ca64f394,DEMAND:DWASHING,1.0,3407.0,active_valid_region,20.0,True,zero_shot_frozen,False,685125.0,4.0966851302949207e+18,38da596bbbda860efd415fb34944f9a6dcb2b32886b7902610bea559f3793f28,0.0,demand_noise_offset_v2,1245.0851120905868,0.012500970067915887,9959.907953752605,19.999999783506414,19.999999783506414,17856.9140625,5.5944716791683895e-05,True,0.0,20.0
0,2024,data/external/korea_raw/dry_cough/train_dry_12342.wav,be5b9785349c0ba7847119f6859671bc,cough,dry_cough,14017,0.219015625,DEMAND,DWASHING,data/noise_sources/demand/audio/DWASHING/ch01.wav,ff033b73096b456e83fa0fbf21625a80fcbb24af6c3c1bfe9aa94587ca64f394,DEMAND:DWASHING,1.0,3407.0,active_valid_region,20.0,True,zero_shot_frozen,False,1426725.0,4.643862378684108e+18,c072503aab444c528625beb3e1e18ee4a4a77e0fe0379362bc2705a2084e5be0,0.0,demand_noise_offset_v2,0.04360133356829202,0.011088906505456506,0.3931977742515654,19.99999998612015,13.484536845923953,0.17729589343070984,1.0,False,24991.0,20.0
0,2024,data/external/korea_raw/dry_cough/train_dry_07999.wav,4bcc8d92055b679105e93da203cd9111,cough,dry_cough,13313,0.208015625,DEMAND,DWASHING,data/noise_sources/demand/audio/DWASHING/ch01.wav,ff033b73096b456e83fa0fbf21625a80fcbb24af6c3c1bfe9aa94587ca64f394,DEMAND:DWASHING,1.0,3407.0,active_valid_region,20.0,True,zero_shot_frozen,False,609593.0,1.6355947347447404e+18,16b2ccbed8f5a24fa1047f0c8d5e850a054f4b2a6cab2c94afbbfcddd72108cf,0.0,demand_noise_offset_v2,0.09846734402329387,0.011712811475342769,0.8406806873873317,20.000000294805552,11.71589424741473,0.4292054772377014,1.0,False,25343.0,20.0
0,2024,data/raw/sow_call_dataset_labeled/calm_grunt/114-0.wav,6bfb9e30e653d62d2ad67d1d0fbee2b2,calm_grunt,calm_grunt,64000,1.0,DEMAND,DWASHING,data/noise_sources/demand/audio/DWASHING/ch01.wav,ff033b73096b456e83fa0fbf21625a80fcbb24af6c3c1bfe9aa94587ca64f394,DEMAND:DWASHING,1.0,3407.0,active_valid_region,20.0,True,zero_shot_frozen,False,5135765.0,1.5475888980007e+18,157a23e73bab825bf83ed776fec2da0d8bded9ec263cdf6a41e7db0542e1f436,0.0,demand_noise_offset_v2,1176.8927172218246,0.017497576802751758,6726.032584333279,19.999999830923237,19.999999830923237,15419.9072265625,6.47863820009962e-05,True,0.0,20.0
0,2024,data/raw/sow_call_dataset_labeled/calm_grunt/274-0.wav,867a0d742da7dc4ab82703565363efca,calm_grunt,calm_grunt,64000,1.0,DEMAND,DWASHING,data/noise_sources/demand/audio/DWASHING/ch01.wav,ff033b73096b456e83fa0fbf21625a80fcbb24af6c3c1bfe9aa94587ca64f394,DEMAND:DWASHING,1.0,3407.0,active_valid_region,20.0,True,zero_shot_frozen,False,4193397.0,1.810438700495241e+18,191ff867eea37f45ff8f107d5a6883ee741b7b396843b4e0c0b9f4fdc0e2c88d,0.0,demand_noise_offset_v2,1609.9826402124925,0.013230785745427366,12168.458254785899,20.000000177271083,20.000000177271083,17012.3671875,5.8721986716465e-05,True,0.0,20.0
0,2024,data/raw/sow_call_dataset_labeled/anxious_stress/1580-3.wav,f770589d5c495dba265407f0501aedab,stress_vocal,anxious_stress,63766,0.99634375,DEMAND,DWASHING,data/noise_sources/demand/audio/DWASHING/ch01.wav,ff033b73096b456e83fa0fbf21625a80fcbb24af6c3c1bfe9aa94587ca64f394,DEMAND:DWASHING,1.0,3407.0,active_valid_region,20.0,True,zero_shot_frozen,False,7015508.0,9.90927332825168e+17,0dc07b28b744f85c712b70d4a57ba1ee46583bfa50e67601c1ac86f042c27a97,0.0,demand_noise_offset_v2,309.17193605807984,0.010697969078508153,2890.005886062949,20.000000081824396,19.992224364481434,1947.624755859375,0.0005129324819858323,True,117.0,20.0
0,2024,data/external/korea_raw/abdominal_cough/train_abdominal_08112.wav,e88f3f912add02e57df4c7d0d5127334,cough,abdominal_cough,16224,0.2535,DEMAND,DWASHING,data/noise_sources/demand/audio/DWASHING/ch01.wav,ff033b73096b456e83fa0fbf21625a80fcbb24af6c3c1bfe9aa94587ca64f394,DEMAND:DWASHING,1.0,3407.0,active_valid_region,20.0,True,zero_shot_frozen,False,7445692.0,1.4232749274763308e+18,13c07d0175f250cc0750ff0ea166e222c8378029281c980993f0565763a8bffa,0.0,demand_noise_offset_v2,0.09735584493514245,0.014174424548330643,0.6868416040678582,19.999999961664667,14.843219757962414,0.38767778873443604,1.0,False,23888.0,20.0
0,2024,data/raw/sow_call_dataset_labeled/calm_grunt/250-0.wav,6501451456d9e85981b2e584769706d5,calm_grunt,calm_grunt,64000,1.0,DEMAND,DWASHING,data/noise_sources/demand/audio/DWASHING/ch01.wav,ff033b73096b456e83fa0fbf21625a80fcbb24af6c3c1bfe9aa94587ca64f394,DEMAND:DWASHING,1.0,3407.0,active_valid_region,20.0,True,zero_shot_frozen,False,8598828.0,3.8228502067303967e+18,b50d7e0239b1a30ae5d8608475f11c164beff533ff36171a33a2cd15888ed545,0.0,demand_noise_offset_v2,1634.1095044534836,0.01356068888355329,12050.342858579761,20.000000066519053,20.000000066519053,16965.458984375,5.888434854135499e-05,True,0.0,20.0
0,2024,data/raw/sow_call_dataset_labeled/feeding/484-1.wav,7597d17cfc4d984eaab8bc076ccdf5ea,feeding,feeding,64000,1.0,DEMAND,DWASHING,data/noise_sources/demand/audio/DWASHING/ch01.wav,ff033b73096b456e83fa0fbf21625a80fcbb24af6c3c1bfe9aa94587ca64f394,DEMAND:DWASHING,1.0,3407.0,active_valid_region,20.0,True,zero_shot_frozen,False,8632576.0,6.293511367807513e+18,d7570b3e9c0cb01a4b25268806a0c9fd697f99911626ee3bb6e30de820e9a828,0.0,demand_noise_offset_v2,880.4726065326456,0.018350463134733368,4798.094740541484,20.00000001846688,20.00000001846688,12389.638671875,8.063189141001924e-05,True,0.0,20.0
0,2024,data/raw/sow_call_dataset_labeled/calm_grunt/251-0.wav,c0f8ff4583e17d7a26d397f7d7b0a2f7,calm_grunt,calm_grunt,64000,1.0,DEMAND,DWASHING,data/noise_sources/demand/audio/DWASHING/ch01.wav,ff033b73096b456e83fa0fbf21625a80fcbb24af6c3c1bfe9aa94587ca64f394,DEMAND:DWASHING,1.0,3407.0,active_valid_region,20.0,True,zero_shot_frozen,False,5277562.0,5.656588315715916e+18,ce803d1a6edf5003fcc179db61eecb5766665fe10f67a13974d09e8c81cd8f5d,0.0,demand_noise_offset_v2,1533.8450811438308,0.01698383572703058,9031.205351937335,20.0000002732687,20.0000002732687,18727.9375,5.334276665543122e-05,True,0.0,20.0
0,2024,data/raw/sow_call_dataset_labeled/frightened_stress/988-2.wav,e3f63486bc9dd011d4c42a02e2ab82eb,stress_vocal,frightened_stress,63998,0.99996875,DEMAND,DWASHING,data/noise_sources/demand/audio/DWASHING/ch01.wav,ff033b73096b456e83fa0fbf21625a80fcbb24af6c3c1bfe9aa94587ca64f394,DEMAND:DWASHING,1.0,3407.0,active_valid_region,20.0,True,zero_shot_frozen,False,6766842.0,5.578668063233851e+18,cd6b690be4dec012073b7284a0b30f68b637044d53abddd73d0d234031f0ef10,0.0,demand_noise_offset_v2,207.5423704113459,0.014335523978866692,1447.7487583802526,19.99999987402695,19.99964197509277,2696.57080078125,0.0003704705249016899,True,1.0,20.0
0,2024,data/raw/sow_call_dataset_labeled/calm_grunt/89-0.wav,66baf7d1e6268784319cb4666f8d36fd,calm_grunt,calm_grunt,64000,1.0,DEMAND,DWASHING,data/noise_sources/demand/audio/DWASHING/ch01.wav,ff033b73096b456e83fa0fbf21625a80fcbb24af6c3c1bfe9aa94587ca64f394,DEMAND:DWASHING,1.0,3407.0,active_valid_region,20.0,True,zero_shot_frozen,False,4152949.0,6.329476827098448e+18,d7d6d1a3a54500738244046c52d4ca60e7ed66186928fa0b9d6151a824672697,0.0,demand_noise_offset_v2,1041.6516572237529,0.008943361443157206,11647.205179443432,20.000000083558295,20.000000083558295,14859.0361328125,6.723181712937329e-05,True,0.0,20.0
0,2024,data/raw/sow_call_dataset_labeled/anxious_stress/1649-3.wav,8ef7b5c15e374567562265858e5d7ed1,stress_vocal,anxious_stress,64000,1.0,DEMAND,DWASHING,data/noise_sources/demand/audio/DWASHING/ch01.wav,ff033b73096b456e83fa0fbf21625a80fcbb24af6c3c1bfe9aa94587ca64f394,DEMAND:DWASHING,1.0,3407.0,active_valid_region,20.0,True,zero_shot_frozen,False,8946772.0,2.5502012215953946e+18,a364227fdef5f19a7bd563516d8488cf4e3b60a4b792f6f1d64c7003e19a77fb,0.0,demand_noise_offset_v2,1846.5257263435033,0.01349467578444088,13683.364875446021,19.999999769848937,19.999999769848937,14611.0048828125,6.837312067256668e-05,True,0.0,20.0
0,2024,data/raw/sow_call_dataset_labeled/anxious_stress/1738-3.wav,ad7a0d5de7477a9d5d43b2bd260d645e,stress_vocal,anxious_stress,64000,1.0,DEMAND,DWASHING,data/noise_sources/demand/audio/DWASHING/ch01.wav,ff033b73096b456e83fa0fbf21625a80fcbb24af6c3c1bfe9aa94587ca64f394,DEMAND:DWASHING,1.0,3407.0,active_valid_region,20.0,True,zero_shot_frozen,False,7006251.0,4.081262814366143e+18,b8a38ee7fd4e1182144e8743c430572bdc42f13a5901d03977d111d31430ff06,0.0,demand_noise_offset_v2,231.88397999285894,0.011402640733553005,2033.5989303821998,20.000000228370535,20.000000228370535,1654.4617919921875,0.0006038217412062891,True,0.0,20.0
0,2024,data/raw/sow_call_dataset_labeled/calm_grunt/165-0.wav,58f3af1d9665f4501de1c256ac27087d,calm_grunt,calm_grunt,64000,1.0,DEMAND,DWASHING,data/noise_sources/demand/audio/DWASHING/ch01.wav,ff033b73096b456e83fa0fbf21625a80fcbb24af6c3c1bfe9aa94587ca64f394,DEMAND:DWASHING,1.0,3407.0,active_valid_region,20.0,True,zero_shot_frozen,False,5635804.0,8.723690217201511e+18,f910c6084ed8ac6a1a64783ee1f98b431d93ed2a6de8c266a8e4ebda11461bfa,0.0,demand_noise_offset_v2,1242.3661302468377,0.011663175658910943,10652.039946750185,19.999999931135427,19.999999931135427,16479.05078125,6.06224237828474e-05,True,0.0,20.0
0,2024,data/raw/sow_call_dataset_labeled/calm_grunt/253-0.wav,88f53ffdc813ee27215e3d68cababb72,calm_grunt,calm_grunt,64000,1.0,DEMAND,DWASHING,data/noise_sources/demand/audio/DWASHING/ch01.wav,ff033b73096b456e83fa0fbf21625a80fcbb24af6c3c1bfe9aa94587ca64f394,DEMAND:DWASHING,1.0,3407.0,active_valid_region,20.0,True,zero_shot_frozen,False,5902943.0,5.239692901420067e+18,c8b720eec9476713d9862586a234792f52587ad4916dad78ffbbc9004a0fc2c8,0.0,demand_noise_offset_v2,1677.1380296440782,0.012634680913796492,13274.082987032307,19.999999990789718,19.999999990789718,15384.349609375,6.493612179686971e-05,True,0.0,20.0
0,2024,data/raw/sow_call_dataset_labeled/calm_grunt/252-0.wav,2425faf6d72ec8f1cfb27af49a442721,calm_grunt,calm_grunt,64000,1.0,DEMAND,DWASHING,data/noise_sources/demand/audio/DWASHING/ch01.wav,ff033b73096b456e83fa0fbf21625a80fcbb24af6c3c1bfe9aa94587ca64f394,DEMAND:DWASHING,1.0,3407.0,active_valid_region,20.0,True,zero_shot_frozen,False,9270200.0,1.712674791524326e+18,97c4a4a61492d9eb1f738b813c072ff6497644e3dbe48e577451fbdb5a9db3ab,0.0,demand_noise_offset_v2,1988.6156620474069,0.012984881934681194,15314.853627864208,20.00000006041638,20.00000006041638,17220.484375,5.801230547558277e-05,True,0.0,20.0
0,2024,data/raw/sow_call_dataset_labeled/frightened_stress/887-2.wav,36d2f03519aad0dc3c6d70f418bede2d,stress_vocal,frightened_stress,64000,1.0,DEMAND,DWASHING,data/noise_sources/demand/audio/DWASHING/ch01.wav,ff033b73096b456e83fa0fbf21625a80fcbb24af6c3c1bfe9aa94587ca64f394,DEMAND:DWASHING,1.0,3407.0,active_valid_region,20.0,True,zero_shot_frozen,False,6959595.0,2.9257307270660854e+18,289a48985738280beef801ef888257738f64909750d33f834eed7ce79a19bd22,0.0,demand_noise_offset_v2,226.1403217059333,0.015145431711316475,1493.1256237282698,20.0000000703691,20.0000000703691,2304.406005859375,0.0004335173565161084,True,0.0,20.0
0,2024,data/raw/sow_call_dataset_labeled/feeding/367-1.wav,940704b541a8d463f81ea666f8da0a2d,feeding,feeding,64000,1.0,DEMAND,DWASHING,data/noise_sources/demand/audio/DWASHING/ch01.wav,ff033b73096b456e83fa0fbf21625a80fcbb24af6c3c1bfe9aa94587ca64f394,DEMAND:DWASHING,1.0,3407.0,active_valid_region,20.0,True,zero_shot_frozen,False,2351974.0,4.1491295061599805e+18,3994ab4d85c1ef03645afe21d5c0545fb19ffbaaa0574e5ae6ac86aae357aeda,0.0,demand_noise_offset_v2,702.5387179613983,0.01100257790131115,6385.219211923767,19.999999962023832,19.999999962023832,8147.6943359375,0.0001226113743115833,True,0.0,20.0
0,2024,data/raw/sow_call_dataset_labeled/anxious_stress/1294-3.wav,3b1abd244c212e4e29ed5d8d492094a3,stress_vocal,anxious_stress,64000,1.0,DEMAND,DWASHING,data/noise_sources/demand/audio/DWASHING/ch01.wav,ff033b73096b456e83fa0fbf21625a80fcbb24af6c3c1bfe9aa94587ca64f394,DEMAND:DWASHING,1.0,3407.0,active_valid_region,20.0,True,zero_shot_frozen,False,4491437.0,1.1799094000161325e+17,81a330228182b5c83f0a7941b914e8994ee08be9ccdefe32a9ee8fdb2be72c29,0.0,demand_noise_offset_v2,309.20159348055824,0.01240903842269785,2491.7449922226506,20.00000041271596,20.00000041271596,2294.087158203125,0.00043546732582840504,True,0.0,20.0
0,2024,data/raw/sow_call_dataset_labeled/calm_grunt/84-0.wav,6284697bc5cf29624df3bee3472e7b55,calm_grunt,calm_grunt,64000,1.0,DEMAND,DWASHING,data/noise_sources/demand/audio/DWASHING/ch01.wav,ff033b73096b456e83fa0fbf21625a80fcbb24af6c3c1bfe9aa94587ca64f394,DEMAND:DWASHING,1.0,3407.0,active_valid_region,20.0,True,zero_shot_frozen,False,7126693.0,7.613839872716279e+18,e9a9cb063df58d6bf610158454af965e5f6f2b2cde2cf6744c8bcae9513991f1,0.0,demand_noise_offset_v2,819.4625842053988,0.01623754898922716,5046.713544938791,20.00000028950455,20.00000028950455,14486.2158203125,6.896210938671832e-05,True,0.0,20.0
0,2024,data/external/korea_raw/dry_cough/train_dry_06353.wav,7c4381d73edf61a542eca5b8ad16ccbe,cough,dry_cough,7969,0.124515625,DEMAND,DWASHING,data/noise_sources/demand/audio/DWASHING/ch01.wav,ff033b73096b456e83fa0fbf21625a80fcbb24af6c3c1bfe9aa94587ca64f394,DEMAND:DWASHING,1.0,3407.0,active_valid_region,20.0,True,zero_shot_frozen,False,3494705.0,3.919103962097063e+18,3663744a0a9f146b4284938f6cb14c6128cb72ded0cc6f9738a04b20a91f5337,0.0,demand_noise_offset_v2,0.12077981036285175,0.0070018581841215215,1.7249679611727986,20.00000002460788,6.282592898789421,0.4641139507293701,1.0,False,28015.0,20.0
0,2024,data/raw/sow_call_dataset_labeled/frightened_stress/798-2.wav,9047deea4f6c553333311bf1f5279715,stress_vocal,frightened_stress,64000,1.0,DEMAND,DWASHING,data/noise_sources/demand/audio/DWASHING/ch01.wav,ff033b73096b456e83fa0fbf21625a80fcbb24af6c3c1bfe9aa94587ca64f394,DEMAND:DWASHING,1.0,3407.0,active_valid_region,20.0,True,zero_shot_frozen,False,1935118.0,3.2333458008899584e+18,2cdf26dffa0c0042d1fc239c254877509168a8a907298f7f6c7de46483bc5f5d,0.0,demand_noise_offset_v2,109.39846330513913,0.01610201797178514,679.4084039456002,20.000000230820877,20.000000230820877,1176.4256591796875,0.0008491824300199258,True,0.0,20.0
0,2024,data/raw/sow_call_dataset_labeled/feeding/396-1.wav,850bc5be2aeb59aeadd3ce9d998d574e,feeding,feeding,64000,1.0,DEMAND,DWASHING,data/noise_sources/demand/audio/DWASHING/ch01.wav,ff033b73096b456e83fa0fbf21625a80fcbb24af6c3c1bfe9aa94587ca64f394,DEMAND:DWASHING,1.0,3407.0,active_valid_region,20.0,True,zero_shot_frozen,False,5320958.0,9.175185246265614e+18,7f54ce5e88111fd24f5454fe218cf408b5fe9657894de47ebc57f9728058e0d7,0.0,demand_noise_offset_v2,495.4983345230236,0.013566132085955874,3652.4657977934658,19.999999947539592,19.999999947539592,6201.51171875,0.00016108975445125213,True,0.0,20.0
0,2024,data/external/korea_raw/abdominal_cough/train_abdominal_01211.wav,54d7ff55aaca2d49609a064333bab111,cough,abdominal_cough,17952,0.2805,DEMAND,DWASHING,data/noise_sources/demand/audio/DWASHING/ch01.wav,ff033b73096b456e83fa0fbf21625a80fcbb24af6c3c1bfe9aa94587ca64f394,DEMAND:DWASHING,1.0,3407.0,active_valid_region,20.0,True,zero_shot_frozen,False,6884686.0,8.998670927234442e+18,fce1b3880471a523f7fde35787c9342727acea1ffa6c9112e91fd83089fe8d4b,0.0,demand_noise_offset_v2,0.027219146609550993,0.0051406181935194336,0.5294916989529597,19.99999961397687,6.918422873240337,0.13544927537441254,1.0,False,23024.0,20.0
0,2024,data/raw/sow_call_dataset_labeled/feeding/382-1.wav,6900556222b8dc7174fb2b5d5e1d09ac,feeding,feeding,63997,0.999953125,DEMAND,DWASHING,data/noise_sources/demand/audio/DWASHING/ch01.wav,ff033b73096b456e83fa0fbf21625a80fcbb24af6c3c1bfe9aa94587ca64f394,DEMAND:DWASHING,1.0,3407.0,active_valid_region,20.0,True,zero_shot_frozen,False,3555334.0,5.60024600061435e+18,4db81210f16b9b7efaa092cbbec08ad4b438fc6e7e57715adc1311c01e61e91e,0.0,demand_noise_offset_v2,882.0886951559368,0.015095825843190276,5843.262265468217,20.000000080963765,19.99982765078333,9215.19921875,0.00010840785709410955,True,1.0,20.0
0,2024,data/raw/sow_call_dataset_labeled/feeding/308-1.wav,62f84208f3d66bc2106eced8f9723a09,feeding,feeding,63986,0.99978125,DEMAND,DWASHING,data/noise_sources/demand/audio/DWASHING/ch01.wav,ff033b73096b456e83fa0fbf21625a80fcbb24af6c3c1bfe9aa94587ca64f394,DEMAND:DWASHING,1.0,3407.0,active_valid_region,20.0,True,zero_shot_frozen,False,8317886.0,1.9869256813288755e+18,1b92fa6146b5679ab14bcb58da9b1dd5a8ea0c1fa4fade68bcf52546a5ef4ed7,0.0,demand_noise_offset_v2,377.93868802714655,0.011823582481655883,3196.4820189947754,20.00000023736996,19.999745231193764,3337.82275390625,0.00029929689910312686,True,7.0,20.0
0,2024,data/raw/sow_call_dataset_labeled/feeding/411-1.wav,34ffe8b85e2dd2ea42fae8d315374606,feeding,feeding,63998,0.99996875,DEMAND,DWASHING,data/noise_sources/demand/audio/DWASHING/ch01.wav,ff033b73096b456e83fa0fbf21625a80fcbb24af6c3c1bfe9aa94587ca64f394,DEMAND:DWASHING,1.0,3407.0,active_valid_region,20.0,True,zero_shot_frozen,False,5133172.0,1.4348875924871782e+18,93e9bea9bad050724389c330f726eec25ede77d1a9d6e496c65a201763cf571e,0.0,demand_noise_offset_v2,398.75886637335407,0.01742359081093823,2288.6147333247754,19.999999966305026,19.999990023508946,3876.04541015625,0.00025773691850522685,True,1.0,20.0
0,2024,data/external/korea_raw/dry_cough/train_dry_02449.wav,2896dd842b3141f1521d6e69312d7362,cough,dry_cough,18497,0.289015625,DEMAND,DWASHING,data/noise_sources/demand/audio/DWASHING/ch01.wav,ff033b73096b456e83fa0fbf21625a80fcbb24af6c3c1bfe9aa94587ca64f394,DEMAND:DWASHING,1.0,3407.0,active_valid_region,20.0,True,zero_shot_frozen,False,7832997.0,6.062742674802217e+18,5423305748300e732e01217d130959d5eb6ad19619d3ff69d39221a9f3752199,0.0,demand_noise_offset_v2,0.07343115627623883,0.02151037319571523,0.34137555684466686,19.99999992974294,16.250924412679474,0.41769784688949585,1.0,False,22751.0,20.0
0,2024,data/raw/sow_call_dataset_labeled/calm_grunt/35-0.wav,bce14de9ae101013d89c90c1a29bb636,calm_grunt,calm_grunt,64000,1.0,DEMAND,DWASHING,data/noise_sources/demand/audio/DWASHING/ch01.wav,ff033b73096b456e83fa0fbf21625a80fcbb24af6c3c1bfe9aa94587ca64f394,DEMAND:DWASHING,1.0,3407.0,active_valid_region,20.0,True,zero_shot_frozen,False,1090837.0,7.722246627014654e+18,6b2aee649f2ab8ac2522f7f5beb07e372b3d9c0403978632260fca4fe7c69fc1,0.0,demand_noise_offset_v2,565.1370232751316,0.010672823172817033,5295.10340539041,19.999999814323573,19.999999814323573,9039.98828125,0.00011050899281274995,True,0.0,20.0
0,2024,data/raw/sow_call_dataset_labeled/feeding/387-1.wav,9241924820d30258f1b5a5e9d94aeac0,feeding,feeding,64000,1.0,DEMAND,DWASHING,data/noise_sources/demand/audio/DWASHING/ch01.wav,ff033b73096b456e83fa0fbf21625a80fcbb24af6c3c1bfe9aa94587ca64f394,DEMAND:DWASHING,1.0,3407.0,active_valid_region,20.0,True,zero_shot_frozen,False,6055104.0,4.1855543539882936e+18,ba161382498fd36a4c30175cb07a84ac1133c5859a18a37a74640580779c654c,0.0,demand_noise_offset_v2,844.63572587174,0.008998350523633314,9386.561722099894,20.00000018169915,20.00000018169915,5428.13818359375,0.00018404100378642215,True,0.0,20.0
0,2024,data/raw/sow_call_dataset_labeled/anxious_stress/1616-3.wav,6063d92c24fe5f2476915494d06f6c8a,stress_vocal,anxious_stress,63987,0.999796875,DEMAND,DWASHING,data/noise_sources/demand/audio/DWASHING/ch01.wav,ff033b73096b456e83fa0fbf21625a80fcbb24af6c3c1bfe9aa94587ca64f394,DEMAND:DWASHING,1.0,3407.0,active_valid_region,20.0,True,zero_shot_frozen,False,2007274.0,8.198801389543284e+18,f1c7fe6cb7b4dcad4e07b1c496dfd77aeeb60af7426bb5ae8442bb2a54b4d27c,0.0,demand_noise_offset_v2,627.475414910057,0.015818381793133825,3966.7484519966565,19.99999981842536,19.999114176884916,3993.93310546875,0.00025012937713756524,True,6.0,20.0
0,2024,data/raw/sow_call_dataset_labeled/calm_grunt/155-0.wav,68510d2282aa7349ec4e06faa0638875,calm_grunt,calm_grunt,64000,1.0,DEMAND,DWASHING,data/noise_sources/demand/audio/DWASHING/ch01.wav,ff033b73096b456e83fa0fbf21625a80fcbb24af6c3c1bfe9aa94587ca64f394,DEMAND:DWASHING,1.0,3407.0,active_valid_region,20.0,True,zero_shot_frozen,False,2824944.0,2.1345326295066854e+18,1d9f621e0739fa1fa021b245ad5dd3d723e3ddfb1367b7dc1a437d8fd075240d,0.0,demand_noise_offset_v2,897.9188141246865,0.01740973536074857,5157.567277841026,19.999999822455518,19.999999822455518,12024.2734375,8.308194297082659e-05,True,0.0,20.0
0,2024,data/raw/sow_call_dataset_labeled/anxious_stress/1468-3.wav,d20184e28961e933d131951e2eb5242b,stress_vocal,anxious_stress,64000,1.0,DEMAND,DWASHING,data/noise_sources/demand/audio/DWASHING/ch01.wav,ff033b73096b456e83fa0fbf21625a80fcbb24af6c3c1bfe9aa94587ca64f394,DEMAND:DWASHING,1.0,3407.0,active_valid_region,20.0,True,zero_shot_frozen,False,1676718.0,9.171037782957602e+18,7f461245fadfb3a13c57f21b3ccce3de63a34baffd4867234c0f5bc60d3115e0,0.0,demand_noise_offset_v2,483.6170731235223,0.009142240127173046,5289.918733222618,19.999999657906557,19.999999657906557,4284.9462890625,0.00023314177882462336,True,0.0,20.0
0,2024,data/raw/sow_call_dataset_labeled/calm_grunt/86-0.wav,6686d8c376a0e89e3ba4cf02a3221421,calm_grunt,calm_grunt,64000,1.0,DEMAND,DWASHING,data/noise_sources/demand/audio/DWASHING/ch01.wav,ff033b73096b456e83fa0fbf21625a80fcbb24af6c3c1bfe9aa94587ca64f394,DEMAND:DWASHING,1.0,3407.0,active_valid_region,20.0,True,zero_shot_frozen,False,2858378.0,7.361732183872822e+18,e62a206ac74cdde79b8139a077afc6daf3aa911144e9e783872a10d08dff70ef,0.0,demand_noise_offset_v2,953.8544513051378,0.014453734451853445,6599.363330511598,20.00000006110762,20.00000006110762,15810.744140625,6.318488181926328e-05,True,0.0,20.0
0,2024,data/external/korea_raw/abdominal_cough/train_abdominal_05140.wav,ffc07baef90cf2dfcbaa9c4fa0e982c0,cough,abdominal_cough,13985,0.218515625,DEMAND,DWASHING,data/noise_sources/demand/audio/DWASHING/ch01.wav,ff033b73096b456e83fa0fbf21625a80fcbb24af6c3c1bfe9aa94587ca64f394,DEMAND:DWASHING,1.0,3407.0,active_valid_region,20.0,True,zero_shot_frozen,False,2571325.0,7.669727482136093e+17,8aa4d5a6a1ad6387a84ee1c734564edd500c56a84d5aa5e0915e6edb1319f723,0.0,demand_noise_offset_v2,0.0378744874036115,0.01965135642913196,0.19273217876942497,19.99999971400667,15.381183369802896,0.20219716429710388,1.0,False,25007.0,20.0
0,2024,data/raw/sow_call_dataset_labeled/feeding/321-1.wav,09b3ffe59b3de4c1fad3e875d3de4e0d,feeding,feeding,63992,0.999875,DEMAND,DWASHING,data/noise_sources/demand/audio/DWASHING/ch01.wav,ff033b73096b456e83fa0fbf21625a80fcbb24af6c3c1bfe9aa94587ca64f394,DEMAND:DWASHING,1.0,3407.0,active_valid_region,20.0,True,zero_shot_frozen,False,2796003.0,7.683281054305098e+18,6aa07f693f58167db6d637125f56530691a2aed08f7edea1859a70b6dd60f609,0.0,demand_noise_offset_v2,670.3121940538623,0.015720010189984646,4264.069717212549,19.999999777186048,19.999958808580633,5311.94287109375,0.00018806678163583147,True,4.0,20.0
0,2024,data/raw/sow_call_dataset_labeled/feeding/461-1.wav,81b6b443e611971e62ee7f480b5e80b8,feeding,feeding,64000,1.0,DEMAND,DWASHING,data/noise_sources/demand/audio/DWASHING/ch01.wav,ff033b73096b456e83fa0fbf21625a80fcbb24af6c3c1bfe9aa94587ca64f394,DEMAND:DWASHING,1.0,3407.0,active_valid_region,10.0,True,zero_shot_frozen,False,2879508.0,6.725837419867118e+17,89557f598ed228f3ee8cd820fa37b6abc136a96ca58470295b2da20ca682ea9b,0.0,demand_noise_offset_v2,330.3920405704791,0.015272256076896034,6841.106930979489,9.999999994066375,9.999999994066375,2797.3447265625,0.0003571243795996552,True,0.0,10.0
0,2024,data/raw/sow_call_dataset_labeled/calm_grunt/74-0.wav,231dcdc74cf41f59690ae1408467d2ee,calm_grunt,calm_grunt,64000,1.0,DEMAND,DWASHING,data/noise_sources/demand/audio/DWASHING/ch01.wav,ff033b73096b456e83fa0fbf21625a80fcbb24af6c3c1bfe9aa94587ca64f394,DEMAND:DWASHING,1.0,3407.0,active_valid_region,10.0,True,zero_shot_frozen,False,2260651.0,4.3308723393831823e+18,3c1a59725c7fe41e03adf0317ad7ec4658bcdfe871320ea1e0172278cc211fd9,0.0,demand_noise_offset_v2,689.0697472656415,0.01683787374873791,12941.241278990698,10.000000041470475,10.000000041470475,15072.3125,6.628047288695747e-05,True,0.0,10.0
0,2024,data/external/korea_raw/dry_cough/train_dry_16871.wav,0087b3873541a379748a345b960d0af7,cough,dry_cough,15649,0.244515625,DEMAND,DWASHING,data/noise_sources/demand/audio/DWASHING/ch01.wav,ff033b73096b456e83fa0fbf21625a80fcbb24af6c3c1bfe9aa94587ca64f394,DEMAND:DWASHING,1.0,3407.0,active_valid_region,10.0,True,zero_shot_frozen,False,5365855.0,6.191576672756326e+17,0897b09e31ec702bc3cc99f3159bfe431430b22e44d880b8a61b7f8fba491370,0.0,demand_noise_offset_v2,0.05542253586361861,0.01060225300119698,1.65305852455714,9.999999974686686,2.992073357784488,0.3469991087913513,1.0,False,24175.0,10.0
0,2024,data/raw/sow_call_dataset_labeled/anxious_stress/1567-3.wav,d76bf0e98eb7f34a4269a6dcebf2b860,stress_vocal,anxious_stress,64000,1.0,DEMAND,DWASHING,data/noise_sources/demand/audio/DWASHING/ch01.wav,ff033b73096b456e83fa0fbf21625a80fcbb24af6c3c1bfe9aa94587ca64f394,DEMAND:DWASHING,1.0,3407.0,active_valid_region,10.0,True,zero_shot_frozen,False,19736.0,7.000259102868106e+18,6125ea90aa25eb60197041e6d2c354885e3b001afef9878d77d844817605054d,0.0,demand_noise_offset_v2,2160.9679133716404,0.014948679902896181,45713.60549015346,10.000000004469277,10.000000004469277,13477.373046875,7.412423745528349e-05,True,0.0,10.0
0,2024,data/external/korea_raw/abdominal_cough/train_abdominal_00145.wav,e49ea7e3eb02dd8208d5767cc2a865bd,cough,abdominal_cough,13760,0.215,DEMAND,DWASHING,data/noise_sources/demand/audio/DWASHING/ch01.wav,ff033b73096b456e83fa0fbf21625a80fcbb24af6c3c1bfe9aa94587ca64f394,DEMAND:DWASHING,1.0,3407.0,active_valid_region,10.0,True,zero_shot_frozen,False,8778113.0,8.708518998112156e+18,f8dadfe39a37388158faf61ebaf1e9583d789d574426bb433b8bf8bd1112e6be,0.0,demand_noise_offset_v2,0.054280202175761995,0.01701573013826541,1.008767001680559,9.999999939261192,5.31648930374185,0.30537092685699463,1.0,False,25120.0,10.0
0,2024,data/raw/sow_call_dataset_labeled/calm_grunt/126-0.wav,36fb7ca69b77d3439d07d4eed5009620,calm_grunt,calm_grunt,64000,1.0,DEMAND,DWASHING,data/noise_sources/demand/audio/DWASHING/ch01.wav,ff033b73096b456e83fa0fbf21625a80fcbb24af6c3c1bfe9aa94587ca64f394,DEMAND:DWASHING,1.0,3407.0,active_valid_region,10.0,True,zero_shot_frozen,False,683810.0,4.511883760604684e+17,0642f17001de9cbf46d80364c48a630618121a09ed8f798f9f1ab5c0eef63fc6,0.0,demand_noise_offset_v2,612.6466638729408,0.012598018588589837,15378.282268108209,10.000000021626809,10.000000021626809,8299.564453125,0.00012036776214489794,True,0.0,10.0
0,2024,data/raw/sow_call_dataset_labeled/feeding/422-1.wav,ad0e6cc5f381d90941387e48ac3c90e5,feeding,feeding,64000,1.0,DEMAND,DWASHING,data/noise_sources/demand/audio/DWASHING/ch01.wav,ff033b73096b456e83fa0fbf21625a80fcbb24af6c3c1bfe9aa94587ca64f394,DEMAND:DWASHING,1.0,3407.0,active_valid_region,10.0,True,zero_shot_frozen,False,8538222.0,9.140108300191884e+18,7ed83012998964d261540bda050e2c687ea3397d7c0e9987eb203080c16006fb,0.0,demand_noise_offset_v2,553.9720628504172,0.014037866221342855,12479.200550051188,10.000000236852006,10.000000236852006,6421.79248046875,0.00015556404275571972,True,0.0,10.0
0,2024,data/raw/sow_call_dataset_labeled/frightened_stress/1033-2.wav,8922fbed7e0303ce8677c3bc946a39ed,stress_vocal,frightened_stress,63995,0.999921875,DEMAND,DWASHING,data/noise_sources/demand/audio/DWASHING/ch01.wav,ff033b73096b456e83fa0fbf21625a80fcbb24af6c3c1bfe9aa94587ca64f394,DEMAND:DWASHING,1.0,3407.0,active_valid_region,10.0,True,zero_shot_frozen,False,8604794.0,3.581804388558209e+17,04f883361f7ea679317d9fba84d0b67f35973454ac6507265daf2a1e936a8722,0.0,demand_noise_offset_v2,242.93468520624987,0.013446173714011977,5713.34971752751,10.000000162572265,9.99994301258387,2125.869873046875,0.0004699252821943407,True,2.0,10.0
0,2024,data/external/korea_raw/dry_cough/train_dry_08957.wav,24488fa53abe2228b8830f93c083ba5d,cough,dry_cough,16000,0.25,DEMAND,DWASHING,data/noise_sources/demand/audio/DWASHING/ch01.wav,ff033b73096b456e83fa0fbf21625a80fcbb24af6c3c1bfe9aa94587ca64f394,DEMAND:DWASHING,1.0,3407.0,active_valid_region,10.0,True,zero_shot_frozen,False,8831621.0,9.107863994691573e+18,fe65a20c322953c7053a62d379dfd881ea5675b8ad57d6ce306c6f5fd438dc00,0.0,demand_noise_offset_v2,0.1368990824889901,0.01134145108888365,3.8170857226268176,9.99999995209366,1.0809829100255677,0.7938689589500427,1.0,False,24000.0,10.0
0,2024,data/raw/sow_call_dataset_labeled/calm_grunt/191-0.wav,3edbcd7e4d484f1fa45cd8c3904ed2b2,calm_grunt,calm_grunt,64000,1.0,DEMAND,DWASHING,data/noise_sources/demand/audio/DWASHING/ch01.wav,ff033b73096b456e83fa0fbf21625a80fcbb24af6c3c1bfe9aa94587ca64f394,DEMAND:DWASHING,1.0,3407.0,active_valid_region,10.0,True,zero_shot_frozen,False,4110549.0,7.044315970942685e+18,e1c2700d9da64e7df09203286ff4702c39b38b200793a7e686d83b2e0378c80c,0.0,demand_noise_offset_v2,1322.3588303029073,0.006279445973520324,66592.90971571153,10.000000453298107,10.000000453298107,17966.275390625,5.560417940166325e-05,True,0.0,10.0
0,2024,data/external/korea_raw/dry_cough/train_dry_03883.wav,d33384b82a4c07ee3479d6a84e6a107a,cough,dry_cough,16000,0.25,DEMAND,DWASHING,data/noise_sources/demand/audio/DWASHING/ch01.wav,ff033b73096b456e83fa0fbf21625a80fcbb24af6c3c1bfe9aa94587ca64f394,DEMAND:DWASHING,1.0,3407.0,active_valid_region,10.0,True,zero_shot_frozen,False,761274.0,2.443710362225094e+18,a1e9cda08a5e2d4bdfae8c784cab35b32e2dd5429bffd93db86fbe92401f13ed,0.0,demand_noise_offset_v2,0.05905472440135938,0.010141182136658733,1.8414760053145822,10.00000019724827,4.214658695966714,0.37094634771347046,1.0,False,24000.0,10.0
0,2024,data/raw/sow_call_dataset_labeled/calm_grunt/164-0.wav,d61f937fb7139f1bd2472783afd2378a,calm_grunt,calm_grunt,64000,1.0,DEMAND,DWASHING,data/noise_sources/demand/audio/DWASHING/ch01.wav,ff033b73096b456e83fa0fbf21625a80fcbb24af6c3c1bfe9aa94587ca64f394,DEMAND:DWASHING,1.0,3407.0,active_valid_region,10.0,True,zero_shot_frozen,False,5630278.0,5.781853343679707e+18,d03d44fb856ef63c1a12479724161488ff837bf50eb3661d8dc76436efebdea0,0.0,demand_noise_offset_v2,1226.1967713311983,0.011824502622304205,32792.708334616036,10.00000034619374,10.00000034619374,15346.115234375,6.509790815086931e-05,True,0.0,10.0
0,2024,data/external/korea_raw/dry_cough/train_dry_05642.wav,88d7f4aa29a5020b78bb91ee3a01937f,cough,dry_cough,13056,0.204,DEMAND,DWASHING,data/noise_sources/demand/audio/DWASHING/ch01.wav,ff033b73096b456e83fa0fbf21625a80fcbb24af6c3c1bfe9aa94587ca64f394,DEMAND:DWASHING,1.0,3407.0,active_valid_region,10.0,True,zero_shot_frozen,False,1897621.0,9.204583489809632e+18,ffbd3fea7f874d7de6cfc6edf18e870fc6b3a2f361a7632e04ce5f79b4738303,0.0,demand_noise_offset_v2,0.060270272855776005,0.0104791734016488,1.8187630848258063,9.999999750153709,-0.14756434675312394,0.4046217203140259,1.0,False,25472.0,10.0
0,2024,data/raw/sow_call_dataset_labeled/feeding/386-1.wav,14e3565af5b36ce69c196167511c0621,feeding,feeding,64000,1.0,DEMAND,DWASHING,data/noise_sources/demand/audio/DWASHING/ch01.wav,ff033b73096b456e83fa0fbf21625a80fcbb24af6c3c1bfe9aa94587ca64f394,DEMAND:DWASHING,1.0,3407.0,active_valid_region,10.0,True,zero_shot_frozen,False,6729423.0,1.2096745585047043e+18,10c9a09a118018ffc681c29ecc6650e6bf8a2cc0b4960c3321dbe6addc86bd8e,0.0,demand_noise_offset_v2,302.42735361492004,0.018066748480804116,5293.477490852513,9.999999918672687,9.999999918672687,2551.90625,0.0003914720613267043,True,0.0,10.0
0,2024,data/raw/sow_call_dataset_labeled/anxious_stress/1691-3.wav,ff6ed75be70451ec0c28fb565f81cd54,stress_vocal,anxious_stress,63988,0.9998125,DEMAND,DWASHING,data/noise_sources/demand/audio/DWASHING/ch01.wav,ff033b73096b456e83fa0fbf21625a80fcbb24af6c3c1bfe9aa94587ca64f394,DEMAND:DWASHING,1.0,3407.0,active_valid_region,10.0,True,zero_shot_frozen,False,5330952.0,8.20229009603929e+18,71d463627f206501c175b85465f0ada8f42e457d058991e6195dbc4ebdeb2ab9,0.0,demand_noise_offset_v2,496.3896603203642,0.011764900074484073,13342.416201001988,10.000000123430834,9.9968357244913,3970.90478515625,0.000251579943123892,True,6.0,10.0
0,2024,data/external/korea_raw/abdominal_cough/train_abdominal_04314.wav,14cfa356c56f5fb97ab95f6e8f359b80,cough,abdominal_cough,20001,0.312515625,DEMAND,DWASHING,data/noise_sources/demand/audio/DWASHING/ch01.wav,ff033b73096b456e83fa0fbf21625a80fcbb24af6c3c1bfe9aa94587ca64f394,DEMAND:DWASHING,1.0,3407.0,active_valid_region,10.0,True,zero_shot_frozen,False,621333.0,2.7171043216129843e+18,25b517fc136bb001d3743d19616be86eaae10dd71f52dfadf5652a4e19fec532,0.0,demand_noise_offset_v2,0.041687123283452435,0.011033030754553242,1.1948326947384162,10.000000088738473,4.827817191259071,0.20856496691703796,1.0,False,21999.0,10.0
0,2024,data/external/korea_raw/dry_cough/train_dry_17215.wav,7de8d3e02d0b1fe49ade87fb918a2119,cough,dry_cough,13536,0.2115,DEMAND,DWASHING,data/noise_sources/demand/audio/DWASHING/ch01.wav,ff033b73096b456e83fa0fbf21625a80fcbb24af6c3c1bfe9aa94587ca64f394,DEMAND:DWASHING,1.0,3407.0,active_valid_region,10.0,True,zero_shot_frozen,False,9511077.0,5.001918000195901e+18,456a61eb7d4f1857dcaa6183835c3df4144f0b027458253c77f058032d288b0e,0.0,demand_noise_offset_v2,0.3094046526918556,0.0151635196785983,6.452482285762137,10.000000087529708,5.111740167268046,1.1723519563674927,0.8521331794381782,True,25232.0,10.0
0,2024,data/external/korea_raw/dry_cough/train_dry_08205.wav,6704c14d5e967fb2463c9162bfcd787d,cough,dry_cough,22977,0.359015625,DEMAND,DWASHING,data/noise_sources/demand/audio/DWASHING/ch01.wav,ff033b73096b456e83fa0fbf21625a80fcbb24af6c3c1bfe9aa94587ca64f394,DEMAND:DWASHING,1.0,3407.0,active_valid_region,10.0,True,zero_shot_frozen,False,8588916.0,8.579110019868258e+18,f70f1f1be73df0ad48d3de5840e96f76f317e6c5d38110a8be5dad8aa80b9d91,0.0,demand_noise_offset_v2,0.09645465766897002,0.01151409386762965,2.6490700238538594,9.999999998877811,4.082428943140003,0.588087797164917,1.0,False,20511.0,10.0
0,2024,data/raw/sow_call_dataset_labeled/feeding/372-1.wav,a51ab823a33ac9f98b57ddd7d4c7dbac,feeding,feeding,64000,1.0,DEMAND,DWASHING,data/noise_sources/demand/audio/DWASHING/ch01.wav,ff033b73096b456e83fa0fbf21625a80fcbb24af6c3c1bfe9aa94587ca64f394,DEMAND:DWASHING,1.0,3407.0,active_valid_region,10.0,True,zero_shot_frozen,False,5646676.0,3.9285566551771914e+18,36850976a7d550005bda9e9ef8b7a7cc3abd909c07b9e66de7816073d0dbd167,0.0,demand_noise_offset_v2,174.77702599599246,0.010466639787947742,5280.524561991877,10.00000024125919,10.00000024125919,1994.23388671875,0.0005009442506484148,True,0.0,10.0
0,2024,data/raw/sow_call_dataset_labeled/calm_grunt/234-0.wav,60811846bec973804cf5cb64ea03726f,calm_grunt,calm_grunt,64000,1.0,DEMAND,DWASHING,data/noise_sources/demand/audio/DWASHING/ch01.wav,ff033b73096b456e83fa0fbf21625a80fcbb24af6c3c1bfe9aa94587ca64f394,DEMAND:DWASHING,1.0,3407.0,active_valid_region,10.0,True,zero_shot_frozen,False,1136548.0,6.801651935538519e+18,de6452660f9f1d75570db6a92b62be64e857b0ec6382039325e47d190f11a7d0,0.0,demand_noise_offset_v2,1365.608504954749,0.012806021820894561,33721.89527826901,10.000000191486777,10.000000191486777,16794.79296875,5.9482721928090154e-05,True,0.0,10.0
0,2024,data/raw/sow_call_dataset_labeled/anxious_stress/1358-3.wav,2d25df36b23419dad4eac8cb0c26741b,stress_vocal,anxious_stress,64000,1.0,DEMAND,DWASHING,data/noise_sources/demand/audio/DWASHING/ch01.wav,ff033b73096b456e83fa0fbf21625a80fcbb24af6c3c1bfe9aa94587ca64f394,DEMAND:DWASHING,1.0,3407.0,active_valid_region,10.0,True,zero_shot_frozen,False,7721536.0,5.827546726151101e+18,d0df9adf2c3a1a0e416a99e6306171c9e4ea37d7d88e895cc9916d6f74501a77,0.0,demand_noise_offset_v2,249.80913756039314,0.015503571325705803,5095.379886461079,10.000000006886635,10.000000006886635,2265.091796875,0.0004410417279238993,True,0.0,10.0
0,2024,data/external/korea_raw/abdominal_cough/train_abdominal_04310.wav,f720b0ab06424dff180f34747009278e,cough,abdominal_cough,12000,0.1875,DEMAND,DWASHING,data/noise_sources/demand/audio/DWASHING/ch01.wav,ff033b73096b456e83fa0fbf21625a80fcbb24af6c3c1bfe9aa94587ca64f394,DEMAND:DWASHING,1.0,3407.0,active_valid_region,10.0,True,zero_shot_frozen,False,4214221.0,7.413447678104888e+18,66e1db629662e25903f8e803ac224a9ec01eacac3e332d44ed42baf7571ffca9,0.0,demand_noise_offset_v2,0.048781646970011076,0.014823856329034156,1.0406274117575542,10.000000429877332,3.2848148128888304,0.20207226276397705,1.0,False,26000.0,10.0
0,2024,data/raw/sow_call_dataset_labeled/anxious_stress/1628-3.wav,b4bafd8c58512f0cbd5d3fc95eff2e5e,stress_vocal,anxious_stress,64000,1.0,DEMAND,DWASHING,data/noise_sources/demand/audio/DWASHING/ch01.wav,ff033b73096b456e83fa0fbf21625a80fcbb24af6c3c1bfe9aa94587ca64f394,DEMAND:DWASHING,1.0,3407.0,active_valid_region,10.0,True,zero_shot_frozen,False,6655179.0,6.868166547482988e+18,df50a115f8f1cb4e281ec15f3c50a7800bd189ab0a1dca299d84cc81b364450a,0.0,demand_noise_offset_v2,716.2477665910692,0.01655979476026162,13677.550623221916,9.99999989699365,9.99999989699365,6934.58935546875,0.0001440604408986625,True,0.0,10.0
0,2024,data/external/korea_raw/dry_cough/train_dry_10991.wav,fed26a33f0b741bc95bbf8e3ae6cdaa1,cough,dry_cough,10016,0.1565,DEMAND,DWASHING,data/noise_sources/demand/audio/DWASHING/ch01.wav,ff033b73096b456e83fa0fbf21625a80fcbb24af6c3c1bfe9aa94587ca64f394,DEMAND:DWASHING,1.0,3407.0,active_valid_region,10.0,True,zero_shot_frozen,False,7255466.0,6.941780457286844e+18,6056288bf954be0e1938669655a2b6632a6cdd204639c8fbf2662d57f7982211,0.0,demand_noise_offset_v2,0.11561164243036151,0.019116203795001504,1.9124932859760722,10.000000261974623,1.6573671882621062,0.553231954574585,1.0,False,26992.0,10.0
0,2024,data/raw/sow_call_dataset_labeled/anxious_stress/1697-3.wav,07cbbc074a5616ad1173d36f2d5a9c57,stress_vocal,anxious_stress,63996,0.9999375,DEMAND,DWASHING,data/noise_sources/demand/audio/DWASHING/ch01.wav,ff033b73096b456e83fa0fbf21625a80fcbb24af6c3c1bfe9aa94587ca64f394,DEMAND:DWASHING,1.0,3407.0,active_valid_region,10.0,True,zero_shot_frozen,False,7478024.0,2.928902326783032e+18,a8a58d25f1b7ba91843c38145466391aa40766cf14f7a16c642b5e33fe837a29,0.0,demand_noise_offset_v2,485.1177626907367,0.016894441586289746,9080.365608252618,10.0000003530008,9.999625621964785,2515.72265625,0.0003971025969488762,True,2.0,10.0
0,2024,data/raw/sow_call_dataset_labeled/feeding/407-1.wav,194745edca2b4ea2108f74e6798de76b,feeding,feeding,64000,1.0,DEMAND,DWASHING,data/noise_sources/demand/audio/DWASHING/ch01.wav,ff033b73096b456e83fa0fbf21625a80fcbb24af6c3c1bfe9aa94587ca64f394,DEMAND:DWASHING,1.0,3407.0,active_valid_region,10.0,True,zero_shot_frozen,False,1174677.0,5.022892777823114e+17,86f87d6fd8b3c2132b2f7eee466761eb1370c1ae25ec8c642de3ef83871df68f,0.0,demand_noise_offset_v2,651.8142671797953,0.012686532965342855,16247.289163339867,10.000000052140834,10.000000052140834,4855.70068359375,0.0002057375577896269,True,0.0,10.0
0,2024,data/external/korea_raw/abdominal_cough/train_abdominal_00976.wav,482167f50b0581254cf3db0cbf02e6d8,cough,abdominal_cough,10113,0.158015625,DEMAND,DWASHING,data/noise_sources/demand/audio/DWASHING/ch01.wav,ff033b73096b456e83fa0fbf21625a80fcbb24af6c3c1bfe9aa94587ca64f394,DEMAND:DWASHING,1.0,3407.0,active_valid_region,10.0,True,zero_shot_frozen,False,3409949.0,4.667068656184662e+18,40c4c237323f193b595261789dc0ddf5fa98c158a93a50ff2e65f06f147b1e07,0.0,demand_noise_offset_v2,0.04119018243817605,0.01068873452798674,1.2186175398168297,9.9999998572452,0.2609600068922771,0.25609585642814636,1.0,False,26943.0,10.0
0,2024,data/raw/sow_call_dataset_labeled/calm_grunt/198-0.wav,d6f78c29d16485f14e15c559ba612000,calm_grunt,calm_grunt,64000,1.0,DEMAND,DWASHING,data/noise_sources/demand/audio/DWASHING/ch01.wav,ff033b73096b456e83fa0fbf21625a80fcbb24af6c3c1bfe9aa94587ca64f394,DEMAND:DWASHING,1.0,3407.0,active_valid_region,10.0,True,zero_shot_frozen,False,2976996.0,6.558963365681838e+18,5b061e6e224439e83ae45e94c70fff7b5d913ccde06ad808888e5297505da8a6,0.0,demand_noise_offset_v2,885.5858411836019,0.011043610182280008,25358.268496562923,10.000000309309618,10.000000309309618,15778.546875,6.331381513863265e-05,True,0.0,10.0
0,2024,data/raw/sow_call_dataset_labeled/anxious_stress/1471-3.wav,ed129f6416e1cbbabfb2990dc4759456,stress_vocal,anxious_stress,63998,0.99996875,DEMAND,DWASHING,data/noise_sources/demand/audio/DWASHING/ch01.wav,ff033b73096b456e83fa0fbf21625a80fcbb24af6c3c1bfe9aa94587ca64f394,DEMAND:DWASHING,1.0,3407.0,active_valid_region,10.0,True,zero_shot_frozen,False,505876.0,8.251268287071757e+18,728264ca3d5ba323b519d8ae52de5442ed5399b5b7083fae69428269ab444446,0.0,demand_noise_offset_v2,3076.2518728593964,0.009803892959105677,99225.50781788425,9.999999990948158,9.999719420457252,20085.19140625,4.973813690862496e-05,True,1.0,10.0
0,2024,data/raw/sow_call_dataset_labeled/anxious_stress/1694-3.wav,4cadeb71267741745df4bb50bad5fc80,stress_vocal,anxious_stress,64000,1.0,DEMAND,DWASHING,data/noise_sources/demand/audio/DWASHING/ch01.wav,ff033b73096b456e83fa0fbf21625a80fcbb24af6c3c1bfe9aa94587ca64f394,DEMAND:DWASHING,1.0,3407.0,active_valid_region,10.0,True,zero_shot_frozen,False,4052221.0,7.366761022356357e+18,663bfe1e7abe7fc1dd8ec398587c5d614e727d4c7d3d93e5a42bdf6c313af775,0.0,demand_noise_offset_v2,825.0489726956336,0.008523414650461865,30610.196052809602,10.000000215599021,10.000000215599021,5256.318359375,0.00019005698127439632,True,0.0,10.0
0,2024,data/raw/sow_call_dataset_labeled/calm_grunt/142-0.wav,c549a91a9505158b9f6442db3dcff4e4,calm_grunt,calm_grunt,64000,1.0,DEMAND,DWASHING,data/noise_sources/demand/audio/DWASHING/ch01.wav,ff033b73096b456e83fa0fbf21625a80fcbb24af6c3c1bfe9aa94587ca64f394,DEMAND:DWASHING,1.0,3407.0,active_valid_region,10.0,True,zero_shot_frozen,False,5461130.0,5.19903637005062e+18,4826b0086b341dfbdd402969b48a2d0ced8581b17de4299aa71b570c967b4535,0.0,demand_noise_offset_v2,1281.8327474401044,0.01681608990827346,24104.955928594223,10.000000311219948,10.000000311219948,15193.919921875,6.574998454228518e-05,True,0.0,10.0
0,2024,data/raw/sow_call_dataset_labeled/anxious_stress/1437-3.wav,9dcd542137ab5deb241d9b7b2ed7c5c9,stress_vocal,anxious_stress,64000,1.0,DEMAND,DWASHING,data/noise_sources/demand/audio/DWASHING/ch01.wav,ff033b73096b456e83fa0fbf21625a80fcbb24af6c3c1bfe9aa94587ca64f394,DEMAND:DWASHING,1.0,3407.0,active_valid_region,10.0,True,zero_shot_frozen,False,5408384.0,6.074829463616358e+18,d44e213619ee08da6ed6f11f9d64d50c16be091dd2f120ae4e09cba3762233db,0.0,demand_noise_offset_v2,3939.1785986192194,0.0127880980605969,97409.14108415513,10.000000042305961,10.000000042305961,23291.4375,4.28912985727051e-05,True,0.0,10.0
0,2024,data/external/korea_raw/abdominal_cough/train_abdominal_14437.wav,12f71686d1214f4a37e7f533b384ea35,cough,abdominal_cough,17280,0.27,DEMAND,DWASHING,data/noise_sources/demand/audio/DWASHING/ch01.wav,ff033b73096b456e83fa0fbf21625a80fcbb24af6c3c1bfe9aa94587ca64f394,DEMAND:DWASHING,1.0,3407.0,active_valid_region,10.0,True,zero_shot_frozen,False,9080851.0,1.298768098964992e+18,920626b4706aefb5247bc973064e7bd98fbe38c04035d5cd259b8cd751dd29d4,0.0,demand_noise_offset_v2,0.05661227773846427,0.010840670152191305,1.6514084338910155,9.999999999432085,2.3617452215282095,0.32075220346450806,1.0,False,23360.0,10.0
0,2024,data/raw/sow_call_dataset_labeled/anxious_stress/1561-3.wav,5fb81c5b843c88128bdd4a3474a270e3,stress_vocal,anxious_stress,64000,1.0,DEMAND,DWASHING,data/noise_sources/demand/audio/DWASHING/ch01.wav,ff033b73096b456e83fa0fbf21625a80fcbb24af6c3c1bfe9aa94587ca64f394,DEMAND:DWASHING,1.0,3407.0,active_valid_region,10.0,True,zero_shot_frozen,False,9239130.0,4.931748179187473e+18,c47116d6e6261dcbd8852e9807814a4bdf774c9a7d81b11f472e47892b54fea6,0.0,demand_noise_offset_v2,583.0942348172008,0.01364123808896281,13517.144562027124,10.000000010590444,10.000000010590444,5393.71337890625,0.00018521562601136576,True,0.0,10.0
0,2024,data/raw/sow_call_dataset_labeled/calm_grunt/146-0.wav,e555283d4dcff3cbe68b58ea6baa9321,calm_grunt,calm_grunt,64000,1.0,DEMAND,DWASHING,data/noise_sources/demand/audio/DWASHING/ch01.wav,ff033b73096b456e83fa0fbf21625a80fcbb24af6c3c1bfe9aa94587ca64f394,DEMAND:DWASHING,1.0,3407.0,active_valid_region,10.0,True,zero_shot_frozen,False,8237671.0,6.953732355900402e+18,e0809ebc389566c1960db04f3b32bf5156e0e985b0458003a7fcb06434a52a2d,0.0,demand_noise_offset_v2,1034.7847744680178,0.011924153054095554,27442.425139441395,9.999999793468344,9.999999793468344,15547.21484375,6.425588184378884e-05,True,0.0,10.0
0,2024,data/raw/sow_call_dataset_labeled/feeding/385-1.wav,9fe1b1d16ab7b011126eec1b974d15be,feeding,feeding,64000,1.0,DEMAND,DWASHING,data/noise_sources/demand/audio/DWASHING/ch01.wav,ff033b73096b456e83fa0fbf21625a80fcbb24af6c3c1bfe9aa94587ca64f394,DEMAND:DWASHING,1.0,3407.0,active_valid_region,10.0,True,zero_shot_frozen,False,4367893.0,2.3536605549755996e+18,a0a9e1cdf52b5c99f199cd59ba9f786bed14cd0e8326d77db7ba9accbe7773e4,0.0,demand_noise_offset_v2,652.0218966575002,0.011527865826063617,17886.001701016412,9.999999875636547,9.999999875636547,5576.65673828125,0.00017913958970117573,True,0.0,10.0
0,2024,data/raw/sow_call_dataset_labeled/feeding/347-1.wav,025adb61783547ff9a35c44600e53f23,feeding,feeding,64000,1.0,DEMAND,DWASHING,data/noise_sources/demand/audio/DWASHING/ch01.wav,ff033b73096b456e83fa0fbf21625a80fcbb24af6c3c1bfe9aa94587ca64f394,DEMAND:DWASHING,1.0,3407.0,active_valid_region,10.0,True,zero_shot_frozen,False,6580198.0,7.197714341983172e+18,63e36b0f14a43275bbdf0463c495aa5dcacdc627f235e891949fdcf18f44ccf7,0.0,demand_noise_offset_v2,352.84780930980054,0.01199549053504796,9301.851738031264,10.000000161584378,10.000000161584378,3896.58984375,0.00025637802285050933,True,0.0,10.0
0,2024,data/raw/sow_call_dataset_labeled/calm_grunt/220-0.wav,3a8f7f2ee112f7bb25ecfbfa9daf8e5a,calm_grunt,calm_grunt,64000,1.0,DEMAND,DWASHING,data/noise_sources/demand/audio/DWASHING/ch01.wav,ff033b73096b456e83fa0fbf21625a80fcbb24af6c3c1bfe9aa94587ca64f394,DEMAND:DWASHING,1.0,3407.0,active_valid_region,10.0,True,zero_shot_frozen,False,8191279.0,7.02782151469395e+18,6187d66ec02e3cf019c0f23c0673e38d629f3c6a425a518b58cd5d4bbd5e648f,0.0,demand_noise_offset_v2,1629.5622357778977,0.014450050279978583,35661.663137563286,9.999999771604278,9.999999771604278,18261.2265625,5.470607336154942e-05,True,0.0,10.0
0,2024,data/raw/sow_call_dataset_labeled/feeding/326-1.wav,68271e05998f6bb287503513fa9477b1,feeding,feeding,63986,0.99978125,DEMAND,DWASHING,data/noise_sources/demand/audio/DWASHING/ch01.wav,ff033b73096b456e83fa0fbf21625a80fcbb24af6c3c1bfe9aa94587ca64f394,DEMAND:DWASHING,1.0,3407.0,active_valid_region,10.0,True,zero_shot_frozen,False,8372923.0,4.2231767394352015e+18,ba9bbcde81ba43726def1329c6359c9d269ace23b6bd12afa1e09502cd5dd0b1,0.0,demand_noise_offset_v2,1257.3880442340817,0.011712348282423127,33948.87196456919,10.000000225950663,9.999432200896084,13004.8330078125,7.681759538164484e-05,True,7.0,10.0
0,2024,data/raw/sow_call_dataset_labeled/feeding/362-1.wav,b3e4cd2d5cf837b812811f490fed3fb1,feeding,feeding,63995,0.999921875,DEMAND,DWASHING,data/noise_sources/demand/audio/DWASHING/ch01.wav,ff033b73096b456e83fa0fbf21625a80fcbb24af6c3c1bfe9aa94587ca64f394,DEMAND:DWASHING,1.0,3407.0,active_valid_region,10.0,True,zero_shot_frozen,False,1678916.0,2.1651670830574198e+17,830138cc8e8028aa7775ebae2c201f830a8b074d516b5a44916abb93253af95e,0.0,demand_noise_offset_v2,603.1509733220147,0.009177822792550961,20781.953321141445,10.000000084445187,9.99803079274518,5320.33154296875,0.0001877702530249754,True,2.0,10.0
0,2024,data/raw/sow_call_dataset_labeled/anxious_stress/1272-3.wav,ff6f943b9956c3adcddfef8911c4d1af,stress_vocal,anxious_stress,64000,1.0,DEMAND,DWASHING,data/noise_sources/demand/audio/DWASHING/ch01.wav,ff033b73096b456e83fa0fbf21625a80fcbb24af6c3c1bfe9aa94587ca64f394,DEMAND:DWASHING,1.0,3407.0,active_valid_region,10.0,True,zero_shot_frozen,False,3210949.0,6.742102283718522e+18,5d90c24e4c64724a33d49ed7296e06a16ec4b321deaf8ebb8b65a20db5ce654b,0.0,demand_noise_offset_v2,425.3430541197819,0.013641868889897997,9859.740251182207,10.00000001286277,10.00000001286277,2902.133544921875,0.0003442295072010178,True,0.0,10.0
0,2024,data/raw/sow_call_dataset_labeled/frightened_stress/934-2.wav,c1bbeae49e86333d4bd2c70e7d1857ff,stress_vocal,frightened_stress,63988,0.9998125,DEMAND,DWASHING,data/noise_sources/demand/audio/DWASHING/ch01.wav,ff033b73096b456e83fa0fbf21625a80fcbb24af6c3c1bfe9aa94587ca64f394,DEMAND:DWASHING,1.0,3407.0,active_valid_region,10.0,True,zero_shot_frozen,False,4092936.0,7.120715293252411e+18,e2d1dcd501006082d81fe492657d4ed5e73359675f160f84bb715030690bd123,0.0,demand_noise_offset_v2,165.8682129147972,0.005998301014356701,8744.498533452956,10.000000491856833,9.999588098493442,2189.96630859375,0.0004561714013954356,True,6.0,10.0
0,2024,data/raw/sow_call_dataset_labeled/feeding/417-1.wav,8f86c8ddfdba8a759f93ddcddf3c6ca4,feeding,feeding,64000,1.0,DEMAND,DWASHING,data/noise_sources/demand/audio/DWASHING/ch01.wav,ff033b73096b456e83fa0fbf21625a80fcbb24af6c3c1bfe9aa94587ca64f394,DEMAND:DWASHING,1.0,3407.0,active_valid_region,10.0,True,zero_shot_frozen,False,3423854.0,5.213781995461046e+18,c85b1319dfc871071677ee4ddc8aa47b76f1c616f573949b2ef5f67c2b617e99,0.0,demand_noise_offset_v2,558.077182472185,0.014068866764507157,12543.974126144372,9.999999661085706,9.999999661085706,5207.0185546875,0.0001918564317579919,True,0.0,10.0
0,2024,data/raw/sow_call_dataset_labeled/frightened_stress/668-2.wav,cf12385bb9ae5881f1be95db8e682af9,stress_vocal,frightened_stress,63996,0.9999375,DEMAND,DWASHING,data/noise_sources/demand/audio/DWASHING/ch01.wav,ff033b73096b456e83fa0fbf21625a80fcbb24af6c3c1bfe9aa94587ca64f394,DEMAND:DWASHING,1.0,3407.0,active_valid_region,10.0,True,zero_shot_frozen,False,727990.0,1.661900067641747e+18,1710414e6ffbe5959a9b1cb31d1a444279fddb81314b9f86d46fd5bc067f0bcb,0.0,demand_noise_offset_v2,125.29251777555456,0.008944089700211343,4429.849691003475,10.000000160298166,9.999727322565061,1297.9906005859375,0.0007696511820263047,True,2.0,10.0
0,2024,data/raw/sow_call_dataset_labeled/calm_grunt/151-0.wav,af2dea9baecdb955b1cd31003d1067a8,calm_grunt,calm_grunt,64000,1.0,DEMAND,DWASHING,data/noise_sources/demand/audio/DWASHING/ch01.wav,ff033b73096b456e83fa0fbf21625a80fcbb24af6c3c1bfe9aa94587ca64f394,DEMAND:DWASHING,1.0,3407.0,active_valid_region,10.0,True,zero_shot_frozen,False,878593.0,7.950287950258264e+18,6e5518c4b136564aa6579b128b63653ec22ab06dc5377bd36957e1888c31f821,0.0,demand_noise_offset_v2,1022.6523819253595,0.013561450837426336,23846.348154400494,10.000000185620298,10.000000185620298,10105.2841796875,9.885916934509144e-05,True,0.0,10.0
0,2024,data/raw/sow_call_dataset_labeled/anxious_stress/1777-3.wav,8c25af4b7b10e82ca566df1c08e21410,stress_vocal,anxious_stress,64000,1.0,DEMAND,DWASHING,data/noise_sources/demand/audio/DWASHING/ch01.wav,ff033b73096b456e83fa0fbf21625a80fcbb24af6c3c1bfe9aa94587ca64f394,DEMAND:DWASHING,1.0,3407.0,active_valid_region,10.0,True,zero_shot_frozen,False,5403889.0,1.582293966535213e+18,15f56ffaad93404d72a495af6da4150ef7b6482972185e9c4d40dab8d2726063,0.0,demand_noise_offset_v2,367.3406052258028,0.012287910633493658,9453.462221738313,10.00000028535764,10.00000028535764,2199.516845703125,0.0004541906564396633,True,0.0,10.0
0,2024,data/external/korea_raw/abdominal_cough/train_abdominal_07806.wav,c3a126a94bddfdd955e8fad5c1655596,cough,abdominal_cough,21088,0.3295,DEMAND,DWASHING,data/noise_sources/demand/audio/DWASHING/ch01.wav,ff033b73096b456e83fa0fbf21625a80fcbb24af6c3c1bfe9aa94587ca64f394,DEMAND:DWASHING,1.0,3407.0,active_valid_region,10.0,True,zero_shot_frozen,False,463050.0,7.554575576349866e+18,e8d73e75f92cf664154ef4e8fe7ebd7d158cf2446bd04e776cdd555b2def864e,0.0,demand_noise_offset_v2,0.1663492143652448,0.013904938102589538,3.7831337363221254,9.999999973018564,5.415708587414791,1.0725457668304443,0.931428784575054,True,21456.0,10.0
0,2024,data/raw/sow_call_dataset_labeled/feeding/288-1.wav,afb9ba311c29eb6543ac849e5b6bf4ec,feeding,feeding,63984,0.99975,DEMAND,DWASHING,data/noise_sources/demand/audio/DWASHING/ch01.wav,ff033b73096b456e83fa0fbf21625a80fcbb24af6c3c1bfe9aa94587ca64f394,DEMAND:DWASHING,1.0,3407.0,active_valid_region,10.0,True,zero_shot_frozen,False,3606059.0,5.142671349139689e+18,475e7058520ccea5490797dc1a5c4272d1619f0250e88c9d6c77da85afff9163,0.0,demand_noise_offset_v2,693.5544062944717,0.01707050374871881,12847.960654359471,9.999999811791264,9.999498617529131,7168.45166015625,0.0001393606384420014,True,8.0,10.0
0,2024,data/raw/sow_call_dataset_labeled/calm_grunt/0-0.wav,375a9f28f51a47761e2685a85bf05fd5,calm_grunt,calm_grunt,64000,1.0,DEMAND,DWASHING,data/noise_sources/demand/audio/DWASHING/ch01.wav,ff033b73096b456e83fa0fbf21625a80fcbb24af6c3c1bfe9aa94587ca64f394,DEMAND:DWASHING,1.0,3407.0,active_valid_region,10.0,True,zero_shot_frozen,False,6976621.0,6.552258570202195e+18,daee4c7449692357e2fb933ec7e0e4d85d8b0eca0db8f3422f2afc9db7e63475,0.0,demand_noise_offset_v2,895.5736098104353,0.014271510651814048,19844.097015615585,9.99999972259548,9.99999972259548,14947.5810546875,6.683355630218962e-05,True,0.0,10.0
0,2024,data/external/korea_raw/dry_cough/train_dry_11727.wav,fc93924539d8087a01f3402a5a8c7d0b,cough,dry_cough,12000,0.1875,DEMAND,DWASHING,data/noise_sources/demand/audio/DWASHING/ch01.wav,ff033b73096b456e83fa0fbf21625a80fcbb24af6c3c1bfe9aa94587ca64f394,DEMAND:DWASHING,1.0,3407.0,active_valid_region,10.0,True,zero_shot_frozen,False,2577432.0,3.2772517614075587e+18,ad7b231d06388375c42776212bb12c8f275b79586c7bbd221aacf7657fe461ae,0.0,demand_noise_offset_v2,0.0506836254697083,0.02242984154697364,0.7145645510849582,9.999999870485762,5.9643977807435355,0.22889965772628784,1.0,False,26000.0,10.0
0,2024,data/external/korea_raw/dry_cough/train_dry_17197.wav,a81227276c0cb075353c856ae7e0af41,cough,dry_cough,11456,0.179,DEMAND,DWASHING,data/noise_sources/demand/audio/DWASHING/ch01.wav,ff033b73096b456e83fa0fbf21625a80fcbb24af6c3c1bfe9aa94587ca64f394,DEMAND:DWASHING,1.0,3407.0,active_valid_region,10.0,True,zero_shot_frozen,False,894732.0,2.0137413828454886e+18,9bf23f1e52025e2502849e91f15ca27d406bd1962e6d83e89755261ddb49c81d,0.0,demand_noise_offset_v2,0.16823038367116366,0.01625685753692442,3.272410936963416,10.000000182320655,3.483445302894357,0.8230077028274536,1.0,False,26272.0,10.0
0,2024,data/raw/sow_call_dataset_labeled/feeding/431-1.wav,91ae5382a6836df66540a8ba89013364,feeding,feeding,63754,0.99615625,DEMAND,DWASHING,data/noise_sources/demand/audio/DWASHING/ch01.wav,ff033b73096b456e83fa0fbf21625a80fcbb24af6c3c1bfe9aa94587ca64f394,DEMAND:DWASHING,1.0,3407.0,active_valid_region,10.0,True,zero_shot_frozen,False,8748483.0,6.946128121455546e+18,60659ab96bb591960690fcc4026b157e45ffae1a195c7ebe93db602df93d8445,0.0,demand_noise_offset_v2,756.5556176476762,0.014259321280338641,16778.07015724467,9.999999914460345,9.979307635291345,11944.0908203125,8.363968551721567e-05,True,123.0,10.0
0,2024,data/external/korea_raw/abdominal_cough/train_abdominal_01313.wav,a01b0c33cc7f711409675f20113a2224,cough,abdominal_cough,15040,0.235,DEMAND,DWASHING,data/noise_sources/demand/audio/DWASHING/ch01.wav,ff033b73096b456e83fa0fbf21625a80fcbb24af6c3c1bfe9aa94587ca64f394,DEMAND:DWASHING,1.0,3407.0,active_valid_region,10.0,True,zero_shot_frozen,False,6165328.0,8.671164723344428e+18,f8562a5fc3d7cdf82b76921f42a41c9fa85f62c7457413c9c9be594d33af962f,0.0,demand_noise_offset_v2,0.04692561887131154,0.011161330990936639,1.3295173879067215,10.000000154073028,4.18708245004846,0.23699453473091125,1.0,False,24480.0,10.0
0,2024,data/raw/sow_call_dataset_labeled/calm_grunt/193-0.wav,ca1ead94c16e1fb25c9557ecd7dcc551,calm_grunt,calm_grunt,64000,1.0,DEMAND,DWASHING,data/noise_sources/demand/audio/DWASHING/ch01.wav,ff033b73096b456e83fa0fbf21625a80fcbb24af6c3c1bfe9aa94587ca64f394,DEMAND:DWASHING,1.0,3407.0,active_valid_region,10.0,True,zero_shot_frozen,False,5815940.0,2.7100468670482273e+18,259c05446311e15fc93b28b2c18f0f4876bedd0297fdc3eb1a56d01c98b538b2,0.0,demand_noise_offset_v2,1062.7202043558248,0.01618425024831057,20764.733056415786,10.000000262202791,10.000000262202791,16391.435546875,6.094646177530544e-05,True,0.0,10.0
0,2024,data/external/korea_raw/abdominal_cough/train_abdominal_10313.wav,c13956b428478c5dd0c3458c16330570,cough,abdominal_cough,14016,0.219,DEMAND,DWASHING,data/noise_sources/demand/audio/DWASHING/ch01.wav,ff033b73096b456e83fa0fbf21625a80fcbb24af6c3c1bfe9aa94587ca64f394,DEMAND:DWASHING,1.0,3407.0,active_valid_region,10.0,True,zero_shot_frozen,False,2433904.0,8.904961796878592e+18,7b94c792e15f67f2723f819d571b24007ca85bb77412cd3205012efb225ad4d3,0.0,demand_noise_offset_v2,0.2093419926545001,0.00808097016132278,8.19205483365002,10.000000094628858,0.8315859106947578,1.0704768896102905,0.9332289278694172,True,24992.0,10.0
0,2024,data/raw/sow_call_dataset_labeled/feeding/312-1.wav,293a15b43b9611cb2e3eba6d3f5372cc,feeding,feeding,64000,1.0,DEMAND,DWASHING,data/noise_sources/demand/audio/DWASHING/ch01.wav,ff033b73096b456e83fa0fbf21625a80fcbb24af6c3c1bfe9aa94587ca64f394,DEMAND:DWASHING,1.0,3407.0,active_valid_region,10.0,True,zero_shot_frozen,False,5529213.0,3.421175723506869e+18,2f7a7531c1d123eb5a59bf367a66cecc3e97fa94a78f21206a4bf5b13be51a69,0.0,demand_noise_offset_v2,888.6756050769391,0.012637482084831477,22237.33330901807,9.999999733567313,9.999999733567313,10778.185546875,9.268721489858259e-05,True,0.0,10.0
0,2024,data/external/korea_raw/abdominal_cough/train_abdominal_11302.wav,3500df8d4dde9d30a7e33288debf2b46,cough,abdominal_cough,14017,0.219015625,DEMAND,DWASHING,data/noise_sources/demand/audio/DWASHING/ch01.wav,ff033b73096b456e83fa0fbf21625a80fcbb24af6c3c1bfe9aa94587ca64f394,DEMAND:DWASHING,1.0,3407.0,active_valid_region,10.0,True,zero_shot_frozen,False,9079421.0,3.824974626670699e+18,35150a284996e24e46382c3f33359cec5190debd68549ab05e7f010635cc2352,0.0,demand_noise_offset_v2,0.05705357375906903,0.011408336730885772,1.5814684119782696,9.9999997188848,1.8991355598618298,0.29197588562965393,1.0,False,24991.0,10.0
0,2024,data/raw/sow_call_dataset_labeled/frightened_stress/1063-2.wav,a7e2073c043365484b8a8e53a336da67,stress_vocal,frightened_stress,64000,1.0,DEMAND,DWASHING,data/noise_sources/demand/audio/DWASHING/ch01.wav,ff033b73096b456e83fa0fbf21625a80fcbb24af6c3c1bfe9aa94587ca64f394,DEMAND:DWASHING,1.0,3407.0,active_valid_region,10.0,True,zero_shot_frozen,False,5683095.0,7.188238405619762e+18,63c1c0beb7c943a45ea6b277522281805581de16491fbf3756bf8ed8dffc52a7,0.0,demand_noise_offset_v2,170.68299385195073,0.017011079755694884,3172.914513248266,9.999999891950354,9.999999891950354,1630.236083984375,0.0006127946803621204,True,0.0,10.0
0,2024,data/raw/sow_call_dataset_labeled/anxious_stress/1422-3.wav,01f9891a3e4465b442eb23655620dc44,stress_vocal,anxious_stress,64000,1.0,DEMAND,DWASHING,data/noise_sources/demand/audio/DWASHING/ch01.wav,ff033b73096b456e83fa0fbf21625a80fcbb24af6c3c1bfe9aa94587ca64f394,DEMAND:DWASHING,1.0,3407.0,active_valid_region,10.0,True,zero_shot_frozen,False,7744499.0,5.341334105889044e+18,ca203b11d831f9c841914cac9ddeaf2cf2d0831b64939f8571d1b16f0070bbe3,0.0,demand_noise_offset_v2,354.3738632589609,0.014228350910481267,7876.025536493261,10.000000157651375,10.000000157651375,2059.08984375,0.00048516581393098817,True,0.0,10.0
0,2024,data/raw/sow_call_dataset_labeled/calm_grunt/182-0.wav,5ec24f69341475ee529256c8a2d68016,calm_grunt,calm_grunt,64000,1.0,DEMAND,DWASHING,data/noise_sources/demand/audio/DWASHING/ch01.wav,ff033b73096b456e83fa0fbf21625a80fcbb24af6c3c1bfe9aa94587ca64f394,DEMAND:DWASHING,1.0,3407.0,active_valid_region,10.0,True,zero_shot_frozen,False,6468430.0,7.928612980679157e+18,ee08177f92eea2c4dbc493b290f8d0aa451a5fe10d9c5b2f3c444709bc8cbf50,0.0,demand_noise_offset_v2,935.2707237111393,0.016097263218713114,18373.220811616266,10.000000057485565,10.000000057485565,16720.7265625,5.974620757452507e-05,True,0.0,10.0
0,2024,data/external/korea_raw/dry_cough/train_dry_09239.wav,2f9ff30122974c3c0529764de066c3c9,cough,dry_cough,19360,0.3025,DEMAND,DWASHING,data/noise_sources/demand/audio/DWASHING/ch01.wav,ff033b73096b456e83fa0fbf21625a80fcbb24af6c3c1bfe9aa94587ca64f394,DEMAND:DWASHING,1.0,3407.0,active_valid_region,10.0,True,zero_shot_frozen,False,1281303.0,5.603454221049374e+17,87c6bf314c14c3cf13ae91e9bdaf4133a85e2bd6ab1c1bd5606a2f811d63a9be,0.0,demand_noise_offset_v2,0.09613606142838353,0.009444987987826102,3.2187327266418704,9.999999707411725,5.469698652877261,0.5945113301277161,1.0,False,22320.0,10.0
0,2024,data/external/korea_raw/abdominal_cough/train_abdominal_17672.wav,f15a33f36baf2b8e736629781a6abc75,cough,abdominal_cough,13920,0.2175,DEMAND,DWASHING,data/noise_sources/demand/audio/DWASHING/ch01.wav,ff033b73096b456e83fa0fbf21625a80fcbb24af6c3c1bfe9aa94587ca64f394,DEMAND:DWASHING,1.0,3407.0,active_valid_region,10.0,True,zero_shot_frozen,False,6578000.0,5.494444967299712e+18,cc40309641d5050514687bb56947b53365fd334d5daf60997a95690315f78296,0.0,demand_noise_offset_v2,0.06527721364023754,0.008657353058699562,2.3843855392397413,9.999999825632171,0.6258949697249071,0.2932031750679016,1.0,False,25040.0,10.0
0,2024,data/raw/sow_call_dataset_labeled/anxious_stress/1297-3.wav,15736b80e0e4f5e334117af31330abe5,stress_vocal,anxious_stress,63991,0.999859375,DEMAND,DWASHING,data/noise_sources/demand/audio/DWASHING/ch01.wav,ff033b73096b456e83fa0fbf21625a80fcbb24af6c3c1bfe9aa94587ca64f394,DEMAND:DWASHING,1.0,3407.0,active_valid_region,10.0,True,zero_shot_frozen,False,1328461.0,2.611233723570034e+18,a43cf73c96e996eab057fa5b07b2a7ab8820518808d90b566dc3979884244023,0.0,demand_noise_offset_v2,200.41826714700306,0.008034715586557635,7887.998051218633,10.000000004826424,9.999772288886895,1409.50537109375,0.0007087592715058578,True,4.0,10.0
0,2024,data/external/korea_raw/abdominal_cough/train_abdominal_00790.wav,be383be0d5e164640f96e7b8c086be90,cough,abdominal_cough,13184,0.206,DEMAND,DWASHING,data/noise_sources/demand/audio/DWASHING/ch01.wav,ff033b73096b456e83fa0fbf21625a80fcbb24af6c3c1bfe9aa94587ca64f394,DEMAND:DWASHING,1.0,3407.0,active_valid_region,10.0,True,zero_shot_frozen,False,5066817.0,1.7486915134976015e+18,984499aaa3c3c5e401095864b7adebf2b61fc1069ef33a73a76d097886089e5f,0.0,demand_noise_offset_v2,0.0518932068304845,0.004226733123415314,3.882448308965872,10.000000251177411,-4.872379221568614,0.26301074028015137,1.0,False,25408.0,10.0
0,2024,data/raw/sow_call_dataset_labeled/feeding/444-1.wav,6e8f71772e6578a1413f49c0b64622ef,feeding,feeding,64000,1.0,DEMAND,DWASHING,data/noise_sources/demand/audio/DWASHING/ch01.wav,ff033b73096b456e83fa0fbf21625a80fcbb24af6c3c1bfe9aa94587ca64f394,DEMAND:DWASHING,1.0,3407.0,active_valid_region,10.0,True,zero_shot_frozen,False,4255619.0,3.3938478820375214e+18,2f195eaad68eebac9a7b4fc6c22260efe2d240fec6a8e556048cfe1fa6674b2a,0.0,demand_noise_offset_v2,1206.573424250525,0.01461510484982588,26106.690468975707,9.999999689161212,9.999999689161212,16056.6640625,6.221715769299449e-05,True,0.0,10.0
0,2024,data/external/korea_raw/abdominal_cough/train_abdominal_08082.wav,d30dcaf230f9e2a911e1947f21cca67c,cough,abdominal_cough,16928,0.2645,DEMAND,DWASHING,data/noise_sources/demand/audio/DWASHING/ch01.wav,ff033b73096b456e83fa0fbf21625a80fcbb24af6c3c1bfe9aa94587ca64f394,DEMAND:DWASHING,1.0,3407.0,active_valid_region,10.0,True,zero_shot_frozen,False,7814323.0,5.113228096860368e+18,c6f5d5dcf0e8ac550c303f26d2b858f7a3d1f7aee6d413b66224fe660f6c57b1,0.0,demand_noise_offset_v2,0.07929913907403835,0.01660964441200642,1.509760773584946,10.000000205648705,2.830804770073309,0.4642471969127655,1.0,False,23536.0,10.0
0,2024,data/external/korea_raw/abdominal_cough/train_abdominal_02327.wav,f671afbd25fd76072e59a1ea9a30ef8f,cough,abdominal_cough,13536,0.2115,DEMAND,DWASHING,data/noise_sources/demand/audio/DWASHING/ch01.wav,ff033b73096b456e83fa0fbf21625a80fcbb24af6c3c1bfe9aa94587ca64f394,DEMAND:DWASHING,1.0,3407.0,active_valid_region,10.0,True,zero_shot_frozen,False,1069831.0,3.167368743431321e+18,2bf4c11738e635884789641477c5ec909e6600f3b36b73de589588c8c8fa24b9,0.0,demand_noise_offset_v2,0.031630398778738876,0.0068077445665707375,1.469269336740233,9.999999654398383,-0.5654380649932365,0.15160544216632843,1.0,False,25232.0,10.0
0,2024,data/raw/sow_call_dataset_labeled/calm_grunt/66-0.wav,9a1f2c7d433b216204177eeaf261b0b5,calm_grunt,calm_grunt,64000,1.0,DEMAND,DWASHING,data/noise_sources/demand/audio/DWASHING/ch01.wav,ff033b73096b456e83fa0fbf21625a80fcbb24af6c3c1bfe9aa94587ca64f394,DEMAND:DWASHING,1.0,3407.0,active_valid_region,10.0,True,zero_shot_frozen,False,2687070.0,7.108301400867401e+18,62a5c276731ced0c53dd36258fe48b6e3a17f6fa7de40ffef62cc020beb310c6,0.0,demand_noise_offset_v2,922.061769499096,0.017279288097423632,16874.626538677072,9.999999793565067,9.999999793565067,16585.2734375,6.0234159163226035e-05,True,0.0,10.0
0,2024,data/raw/sow_call_dataset_labeled/calm_grunt/46-0.wav,937e8cf48f631aa7ec7153f60ad2f192,calm_grunt,calm_grunt,64000,1.0,DEMAND,DWASHING,data/noise_sources/demand/audio/DWASHING/ch01.wav,ff033b73096b456e83fa0fbf21625a80fcbb24af6c3c1bfe9aa94587ca64f394,DEMAND:DWASHING,1.0,3407.0,active_valid_region,10.0,True,zero_shot_frozen,False,6237720.0,1.3894879174233393e+18,934873e629b7270b08b5a91fd1b048bc26e3b52e3776774a54ff307a0f144749,0.0,demand_noise_offset_v2,807.7225364948797,0.012516654072986723,20406.75501518277,9.999999644925165,9.999999644925165,14469.4853515625,6.904184742770565e-05,True,0.0,10.0
0,2024,data/raw/sow_call_dataset_labeled/feeding/492-1.wav,b998236fc8e1bd90177833e700992ddb,feeding,feeding,63988,0.9998125,DEMAND,DWASHING,data/noise_sources/demand/audio/DWASHING/ch01.wav,ff033b73096b456e83fa0fbf21625a80fcbb24af6c3c1bfe9aa94587ca64f394,DEMAND:DWASHING,1.0,3407.0,active_valid_region,10.0,True,zero_shot_frozen,False,7878097.0,7.248374621458391e+18,e49766508efbe042bcebd62a71c2e7911580bc2ef8241b6a93f41dbb4dbbe294,0.0,demand_noise_offset_v2,253.67080108739273,0.014681534910501556,5463.853147547189,10.000000181323037,9.99897305320554,2574.41845703125,0.00038804880273893776,True,6.0,10.0
0,2024,data/raw/sow_call_dataset_labeled/calm_grunt/13-0.wav,1e6abaca4ee7e6ae5e9ddcd4c3bc70ee,calm_grunt,calm_grunt,64000,1.0,DEMAND,DWASHING,data/noise_sources/demand/audio/DWASHING/ch01.wav,ff033b73096b456e83fa0fbf21625a80fcbb24af6c3c1bfe9aa94587ca64f394,DEMAND:DWASHING,1.0,3407.0,active_valid_region,10.0,True,zero_shot_frozen,False,5428330.0,1.6719822844277624e+18,1734130776101b3f6ac8349546d6f3400c6a0b0f9995ed66c12300cbce110cd5,0.0,demand_noise_offset_v2,1594.4521304256807,0.014600938520043839,34532.71408088821,9.999999806673433,9.999999806673433,19107.01953125,5.22844496163366e-05,True,0.0,10.0
0,2024,data/raw/sow_call_dataset_labeled/frightened_stress/1096-2.wav,9ea43ffa0a9fefd061e5e02543126bec,stress_vocal,frightened_stress,63990,0.99984375,DEMAND,DWASHING,data/noise_sources/demand/audio/DWASHING/ch01.wav,ff033b73096b456e83fa0fbf21625a80fcbb24af6c3c1bfe9aa94587ca64f394,DEMAND:DWASHING,1.0,3407.0,active_valid_region,10.0,True,zero_shot_frozen,False,1058678.0,4.3279036471964964e+18,bc0fcd6fd943c1478337a88b4e3987c998209cfcb030a0fb62b358b16de54293,0.0,demand_noise_offset_v2,236.52666961097475,0.009742985600466002,7676.9384048872835,9.999999921060711,9.999192010013166,2518.486083984375,0.00039666687314766913,True,5.0,10.0
0,2024,data/raw/sow_call_dataset_labeled/feeding/355-1.wav,92852d0b9cb15d83bc32ce24b43cd421,feeding,feeding,64000,1.0,DEMAND,DWASHING,data/noise_sources/demand/audio/DWASHING/ch01.wav,ff033b73096b456e83fa0fbf21625a80fcbb24af6c3c1bfe9aa94587ca64f394,DEMAND:DWASHING,1.0,3407.0,active_valid_region,10.0,True,zero_shot_frozen,False,5887054.0,7.543952530967803e+18,68b180db7abeb248c4d9597000f006fcf50416f4c84e1febab91822fd619d52d,0.0,demand_noise_offset_v2,726.071745247488,0.013403254359368358,17130.46994494105,9.999999611830077,9.999999611830077,6617.9326171875,0.00015095348619982726,True,0.0,10.0
0,2024,data/external/korea_raw/dry_cough/train_dry_14835.wav,2a6f1b93023cf43370fb4ddc4a25c557,cough,dry_cough,18272,0.2855,DEMAND,DWASHING,data/noise_sources/demand/audio/DWASHING/ch01.wav,ff033b73096b456e83fa0fbf21625a80fcbb24af6c3c1bfe9aa94587ca64f394,DEMAND:DWASHING,1.0,3407.0,active_valid_region,10.0,True,zero_shot_frozen,False,8252510.0,7.860118435804014e+18,ed14c0129a98e2df5ffc8949e68388c774a203cce2e75684da3d80b909a3a5f4,0.0,demand_noise_offset_v2,0.06389787947538701,0.00906864154757935,2.2281488990055363,9.999999849353244,1.5515209522743765,0.3817826807498932,1.0,False,22864.0,10.0
0,2024,data/raw/sow_call_dataset_labeled/feeding/480-1.wav,314c5b727c3e60e13838edeb09727eb6,feeding,feeding,64000,1.0,DEMAND,DWASHING,data/noise_sources/demand/audio/DWASHING/ch01.wav,ff033b73096b456e83fa0fbf21625a80fcbb24af6c3c1bfe9aa94587ca64f394,DEMAND:DWASHING,1.0,3407.0,active_valid_region,10.0,True,zero_shot_frozen,False,2426534.0,5.374019031161905e+18,4a9459d608981f193352d6bc0518364fc7b74f743328bf3abc49e85a62c4655c,0.0,demand_noise_offset_v2,388.98274525887217,0.010022843529575417,12272.67932392043,9.99999974297605,9.99999974297605,4568.29296875,0.00021868124632850585,True,0.0,10.0
0,2024,data/raw/sow_call_dataset_labeled/feeding/475-1.wav,fff1ba8bfd4f7a2c0c937a21d2533e26,feeding,feeding,64000,1.0,DEMAND,DWASHING,data/noise_sources/demand/audio/DWASHING/ch01.wav,ff033b73096b456e83fa0fbf21625a80fcbb24af6c3c1bfe9aa94587ca64f394,DEMAND:DWASHING,1.0,3407.0,active_valid_region,10.0,True,zero_shot_frozen,False,1811926.0,6.48300802720873e+18,59f84573c9c84286de3525a10e1e1792365ff97f41e9305f389d891ac766b52f,0.0,demand_noise_offset_v2,268.59140350268495,0.01669388207249579,5087.855486946239,10.000000034322994,10.000000034322994,2326.7265625,0.00042935857444572413,True,0.0,10.0
0,2024,data/raw/sow_call_dataset_labeled/feeding/343-1.wav,04444d7ef6c62b6da94486d0aced7cd9,feeding,feeding,64000,1.0,DEMAND,DWASHING,data/noise_sources/demand/audio/DWASHING/ch01.wav,ff033b73096b456e83fa0fbf21625a80fcbb24af6c3c1bfe9aa94587ca64f394,DEMAND:DWASHING,1.0,3407.0,active_valid_region,10.0,True,zero_shot_frozen,False,4096288.0,4.339559038886359e+18,3c3935f432a83058fb2ab7e0dfda83323b87787e56e0e49f78b9b40cf452ccfd,0.0,demand_noise_offset_v2,908.7684383478191,0.005996797025989044,47921.884272537056,10.000000253661652,10.000000253661652,11356.2958984375,8.796882442429589e-05,True,0.0,10.0
0,2024,data/raw/sow_call_dataset_labeled/feeding/389-1.wav,43ae73622c7a2432d7d3632134dda63a,feeding,feeding,63990,0.99984375,DEMAND,DWASHING,data/noise_sources/demand/audio/DWASHING/ch01.wav,ff033b73096b456e83fa0fbf21625a80fcbb24af6c3c1bfe9aa94587ca64f394,DEMAND:DWASHING,1.0,3407.0,active_valid_region,10.0,True,zero_shot_frozen,False,5568060.0,3.583006962709138e+18,b1b965d958078ad3c3cc5bd05200b649baa9a2a66fa032dae2aa4deb05a19a75,0.0,demand_noise_offset_v2,1134.1709979160391,0.013873090354351357,25852.665252741084,9.999999744516717,9.999309754518498,13040.3876953125,7.66081517928413e-05,True,5.0,10.0
0,2024,data/raw/sow_call_dataset_labeled/feeding/427-1.wav,fb79ad436b991a7f85596c6e029a1a41,feeding,feeding,63986,0.99978125,DEMAND,DWASHING,data/noise_sources/demand/audio/DWASHING/ch01.wav,ff033b73096b456e83fa0fbf21625a80fcbb24af6c3c1bfe9aa94587ca64f394,DEMAND:DWASHING,1.0,3407.0,active_valid_region,10.0,True,zero_shot_frozen,False,8784925.0,1.0267007826417439e+18,0e3f92ec0ffa07e30f2669b302234fbe24abf06b64583f14035bfed260b1c5a2,0.0,demand_noise_offset_v2,645.1817983714217,0.013866328241141318,14713.657085397805,9.999999914317323,9.999796013060987,4334.40283203125,0.00023048157698158257,True,7.0,10.0
0,2024,data/raw/sow_call_dataset_labeled/anxious_stress/1334-3.wav,11d045bea6c3d64015b13638a7d53109,stress_vocal,anxious_stress,63997,0.999953125,DEMAND,DWASHING,data/noise_sources/demand/audio/DWASHING/ch01.wav,ff033b73096b456e83fa0fbf21625a80fcbb24af6c3c1bfe9aa94587ca64f394,DEMAND:DWASHING,1.0,3407.0,active_valid_region,10.0,True,zero_shot_frozen,False,4460328.0,7.671735421843584e+18,ea777ab835c4b5a17ec15f43b8a3c5e9672eb6ee1d984dce414b94c6c3314730,0.0,demand_noise_offset_v2,3811.8301009912243,0.0138279207202297,87171.92856831546,9.999999887508407,9.999805609154365,20957.736328125,4.766736179705417e-05,True,1.0,10.0
0,2024,data/raw/sow_call_dataset_labeled/anxious_stress/1383-3.wav,b3b31954241bce03f5720874592aee72,stress_vocal,anxious_stress,63992,0.999875,DEMAND,DWASHING,data/noise_sources/demand/audio/DWASHING/ch01.wav,ff033b73096b456e83fa0fbf21625a80fcbb24af6c3c1bfe9aa94587ca64f394,DEMAND:DWASHING,1.0,3407.0,active_valid_region,10.0,True,zero_shot_frozen,False,5025356.0,1.941918287905726e+18,1af31464e5749d86b3cd88bf31b5aebaf557cf4bd158dee1ff40c1252a0fc7eb,0.0,demand_noise_offset_v2,1199.8548664566226,0.005011793090357543,75706.92108060284,9.999999909867041,9.998892752981513,7390.03173828125,0.00013518209872158738,True,4.0,10.0
0,2024,data/raw/sow_call_dataset_labeled/frightened_stress/571-2.wav,08169455610f31ed96247239437ecadf,stress_vocal,frightened_stress,64000,1.0,DEMAND,DWASHING,data/noise_sources/demand/audio/DWASHING/ch01.wav,ff033b73096b456e83fa0fbf21625a80fcbb24af6c3c1bfe9aa94587ca64f394,DEMAND:DWASHING,1.0,3407.0,active_valid_region,10.0,True,zero_shot_frozen,False,9457129.0,6.050034465485583e+18,53f60a4aba2373703d1c2b58aedf4fcf033f7606b4346712ce32bd37727c2e1a,0.0,demand_noise_offset_v2,82.93683624858953,0.014085194822084587,1862.0211348638077,10.000000076571368,10.000000076571368,842.327392578125,0.0011859996585678457,True,0.0,10.0
0,2024,data/external/korea_raw/abdominal_cough/train_abdominal_06751.wav,1d8dba5e198d447b4483b7ae2ad71b2f,cough,abdominal_cough,10976,0.1715,DEMAND,DWASHING,data/noise_sources/demand/audio/DWASHING/ch01.wav,ff033b73096b456e83fa0fbf21625a80fcbb24af6c3c1bfe9aa94587ca64f394,DEMAND:DWASHING,1.0,3407.0,active_valid_region,10.0,True,zero_shot_frozen,False,4541548.0,4.742029477152241e+18,41cf12af641735c3f3a3497f49c30d6ea2215fd450ca670ff77a76ba1c5a260a,0.0,demand_noise_offset_v2,0.0590139803387406,0.017965288950487025,1.0387731150728654,10.000000457719683,3.02090051264861,0.3149047791957855,1.0,False,26512.0,10.0
0,2024,data/raw/sow_call_dataset_labeled/calm_grunt/133-0.wav,4d295214452277e46a9aa9d386bf4466,calm_grunt,calm_grunt,64000,1.0,DEMAND,DWASHING,data/noise_sources/demand/audio/DWASHING/ch01.wav,ff033b73096b456e83fa0fbf21625a80fcbb24af6c3c1bfe9aa94587ca64f394,DEMAND:DWASHING,1.0,3407.0,active_valid_region,10.0,True,zero_shot_frozen,False,5454128.0,1.1014664836773751e+18,8f4931ee5b96aa6a65f356ebbadafa51add4eda55e29948fce3a2007cf2911a2,0.0,demand_noise_offset_v2,1228.2898693684476,0.016128614175272955,24082.624656431424,9.999999873282613,9.999999873282613,16214.1826171875,6.161272656082159e-05,True,0.0,10.0
0,2024,data/raw/sow_call_dataset_labeled/calm_grunt/134-0.wav,f5e6656b16432a15c846dda524aab2f7,calm_grunt,calm_grunt,64000,1.0,DEMAND,DWASHING,data/noise_sources/demand/audio/DWASHING/ch01.wav,ff033b73096b456e83fa0fbf21625a80fcbb24af6c3c1bfe9aa94587ca64f394,DEMAND:DWASHING,1.0,3407.0,active_valid_region,10.0,True,zero_shot_frozen,False,5491636.0,1.4397434929271616e+18,13faff14279a851dec458cfdaa53356f85bc9e6f0237e5dd25dfbfe8bc18d3df,0.0,demand_noise_offset_v2,1263.1512551834044,0.014453020623899263,27637.371450747116,10.000000110428592,10.000000110428592,16081.76171875,6.212005982126006e-05,True,0.0,10.0
0,2024,data/raw/sow_call_dataset_labeled/anxious_stress/1682-3.wav,22f617734eec4c14399d7edd05952a94,stress_vocal,anxious_stress,64000,1.0,DEMAND,DWASHING,data/noise_sources/demand/audio/DWASHING/ch01.wav,ff033b73096b456e83fa0fbf21625a80fcbb24af6c3c1bfe9aa94587ca64f394,DEMAND:DWASHING,1.0,3407.0,active_valid_region,10.0,True,zero_shot_frozen,False,7217664.0,4.643641355889645e+18,c0718735ca1d93e89e2bda84df7aef0776d06205176219a919e7b71fbb5bd051,0.0,demand_noise_offset_v2,3713.545213927236,0.02047164771926831,57363.536296955324,10.00000017528287,10.00000017528287,23209.365234375,4.3042969504413585e-05,True,0.0,10.0
0,2024,data/raw/sow_call_dataset_labeled/anxious_stress/1376-3.wav,7955ec6fe3a43547095c229605227135,stress_vocal,anxious_stress,64000,1.0,DEMAND,DWASHING,data/noise_sources/demand/audio/DWASHING/ch01.wav,ff033b73096b456e83fa0fbf21625a80fcbb24af6c3c1bfe9aa94587ca64f394,DEMAND:DWASHING,1.0,3407.0,active_valid_region,10.0,True,zero_shot_frozen,False,4004593.0,4.4624269247375066e+17,06315f5d50830497c1e6f69aa0dd0e087b9d5756b6e945d71adf981fec86ac92,0.0,demand_noise_offset_v2,430.83975926257386,0.011066865251762979,12310.93823620307,9.999999830198641,9.999999830198641,3241.4931640625,0.00030819130241446286,True,0.0,10.0
0,2024,data/raw/sow_call_dataset_labeled/anxious_stress/1494-3.wav,c96e034455453c8a80062c77d5b0ffd8,stress_vocal,anxious_stress,64000,1.0,DEMAND,DWASHING,data/noise_sources/demand/audio/DWASHING/ch01.wav,ff033b73096b456e83fa0fbf21625a80fcbb24af6c3c1bfe9aa94587ca64f394,DEMAND:DWASHING,1.0,3407.0,active_valid_region,10.0,True,zero_shot_frozen,False,8648619.0,6.20025945438942e+18,560bbf1f96237e9017ad00aaf6fe29b4276588c617a74fab4236c53e7a70ed5f,0.0,demand_noise_offset_v2,3764.493110548208,0.0179069742274221,66478.97246154763,10.000000485993883,10.000000485993883,22804.4375,4.380726338897857e-05,True,0.0,10.0
0,2024,data/raw/sow_call_dataset_labeled/calm_grunt/163-0.wav,5695337a3756b87cd039848c7ee34d5d,calm_grunt,calm_grunt,64000,1.0,DEMAND,DWASHING,data/noise_sources/demand/audio/DWASHING/ch01.wav,ff033b73096b456e83fa0fbf21625a80fcbb24af6c3c1bfe9aa94587ca64f394,DEMAND:DWASHING,1.0,3407.0,active_valid_region,10.0,True,zero_shot_frozen,False,3957150.0,4.4454550674114237e+18,bdb16dd4ae04a2a4e93388edea2c5ef5dbfe7cf9aa206a50b43b9cdb95ff4dbc,0.0,demand_noise_offset_v2,1012.4039790838016,0.015230293443874197,21020.622471394094,9.99999976242494,9.99999976242494,16111.5068359375,6.200537356144007e-05,True,0.0,10.0
0,2024,data/raw/sow_call_dataset_labeled/calm_grunt/200-0.wav,9f56e233d86a50f8c07037764ffc404c,calm_grunt,calm_grunt,64000,1.0,DEMAND,DWASHING,data/noise_sources/demand/audio/DWASHING/ch01.wav,ff033b73096b456e83fa0fbf21625a80fcbb24af6c3c1bfe9aa94587ca64f394,DEMAND:DWASHING,1.0,3407.0,active_valid_region,10.0,True,zero_shot_frozen,False,5064942.0,7.573236114511966e+18,69198a1f15a531b9b0add9845a6aaf01b1de70ca65faa0aa6fe27b9e2a62cde7,0.0,demand_noise_offset_v2,1501.611902094328,0.010494845517298727,45246.1521649731,9.999999974579792,9.999999974579792,17723.505859375,5.6365823326741555e-05,True,0.0,10.0
0,2024,data/raw/sow_call_dataset_labeled/calm_grunt/181-0.wav,66d65c98af61f5b9edb344b18a179881,calm_grunt,calm_grunt,64000,1.0,DEMAND,DWASHING,data/noise_sources/demand/audio/DWASHING/ch01.wav,ff033b73096b456e83fa0fbf21625a80fcbb24af6c3c1bfe9aa94587ca64f394,DEMAND:DWASHING,1.0,3407.0,active_valid_region,10.0,True,zero_shot_frozen,False,8915457.0,7.941634121057804e+18,ee365a2811c5a00f927fcffa8042b14054425c8b66f1ec0ad13c46eefb8503bd,0.0,demand_noise_offset_v2,1080.7881855900323,0.010327435546809928,33093.91106024375,10.00000024122465,10.00000024122465,14935.388671875,6.688811533115495e-05,True,0.0,10.0
0,2024,data/raw/sow_call_dataset_labeled/feeding/489-1.wav,cc82b9acc5ec838472efea0356add029,feeding,feeding,63988,0.9998125,DEMAND,DWASHING,data/noise_sources/demand/audio/DWASHING/ch01.wav,ff033b73096b456e83fa0fbf21625a80fcbb24af6c3c1bfe9aa94587ca64f394,DEMAND:DWASHING,1.0,3407.0,active_valid_region,10.0,True,zero_shot_frozen,False,4685346.0,5.38830101317925e+18,4ac71739196d34ac8fb570f2257785705604d55491d9aed98d9e08c085b1def4,0.0,demand_noise_offset_v2,111.61931926581481,0.010594029267042922,3331.794455727532,10.000000057355933,9.999975377353795,1412.0361328125,0.0007074889776440687,True,6.0,10.0
0,2024,data/external/korea_raw/dry_cough/train_dry_17231.wav,414bbf0cced84b1b83253974ff72e055,cough,dry_cough,20064,0.3135,DEMAND,DWASHING,data/noise_sources/demand/audio/DWASHING/ch01.wav,ff033b73096b456e83fa0fbf21625a80fcbb24af6c3c1bfe9aa94587ca64f394,DEMAND:DWASHING,1.0,3407.0,active_valid_region,10.0,True,zero_shot_frozen,False,6277094.0,7.900695399074332e+18,6da4e89b14637df9a02193b912d0170f8bd1809e69b1d0e23ab7397a3685b262,0.0,demand_noise_offset_v2,0.15677584411372072,0.012138219775746872,4.084361287356526,10.000000446517127,7.087380685626304,0.9236125349998474,1.0,False,21968.0,10.0
0,2024,data/raw/sow_call_dataset_labeled/feeding/406-1.wav,bf2cba2c96bb0cc4a444e2aed3985121,feeding,feeding,64000,1.0,DEMAND,DWASHING,data/noise_sources/demand/audio/DWASHING/ch01.wav,ff033b73096b456e83fa0fbf21625a80fcbb24af6c3c1bfe9aa94587ca64f394,DEMAND:DWASHING,1.0,3407.0,active_valid_region,10.0,True,zero_shot_frozen,False,6109051.0,5.228868288175388e+18,c890ac011dffb58c7f2330866de4904f36c83d86753265cf24d059893a193660,0.0,demand_noise_offset_v2,527.5342874146062,0.010845033096450072,15382.248050585598,10.000000001446214,10.000000001446214,3891.910400390625,0.00025668627928837514,True,0.0,10.0
0,2024,data/raw/sow_call_dataset_labeled/calm_grunt/255-0.wav,7fe4de8d725fb04b3437a3a1c91ff7ab,calm_grunt,calm_grunt,64000,1.0,DEMAND,DWASHING,data/noise_sources/demand/audio/DWASHING/ch01.wav,ff033b73096b456e83fa0fbf21625a80fcbb24af6c3c1bfe9aa94587ca64f394,DEMAND:DWASHING,1.0,3407.0,active_valid_region,10.0,True,zero_shot_frozen,False,1588728.0,2.8011160725549164e+18,26df903a1f45e9cb559fd30c392c16deb83a5f270da06b4685505acd8aa0a5bb,0.0,demand_noise_offset_v2,1961.689035486129,0.015467447631460629,40106.1995548469,10.000000078320415,10.000000078320415,15569.6748046875,6.416318982457071e-05,True,0.0,10.0
0,2024,data/raw/sow_call_dataset_labeled/anxious_stress/1359-3.wav,18b5dc855acc6b3ee7d7d2daae3afaa4,stress_vocal,anxious_stress,64000,1.0,DEMAND,DWASHING,data/noise_sources/demand/audio/DWASHING/ch01.wav,ff033b73096b456e83fa0fbf21625a80fcbb24af6c3c1bfe9aa94587ca64f394,DEMAND:DWASHING,1.0,3407.0,active_valid_region,10.0,True,zero_shot_frozen,False,5503418.0,3.9659116227342483e+17,0580f98f945de5cedbb7c0f3d92781976ddb63dfa704531e24ffecd8ea090ea2,0.0,demand_noise_offset_v2,665.4457462232906,0.012981316606890711,16210.406702652765,10.000000246441159,10.000000246441159,6542.51171875,0.00015269365084008853,True,0.0,10.0
0,2024,data/raw/sow_call_dataset_labeled/feeding/298-1.wav,a386793de4da5cae07e7e1b426e07f80,feeding,feeding,63997,0.999953125,DEMAND,DWASHING,data/noise_sources/demand/audio/DWASHING/ch01.wav,ff033b73096b456e83fa0fbf21625a80fcbb24af6c3c1bfe9aa94587ca64f394,DEMAND:DWASHING,1.0,3407.0,active_valid_region,10.0,True,zero_shot_frozen,False,3782059.0,1.760341210845824e+18,986dfd012bf243a83a97c271f8dbfecee69225225269c801e13ee9292a540e5d,0.0,demand_noise_offset_v2,222.9550765863742,0.016222372322197056,4346.132883077203,10.00000013959534,9.999921489025462,3096.55029296875,0.0003226170756110118,True,1.0,10.0
0,2024,data/raw/sow_call_dataset_labeled/frightened_stress/1038-2.wav,eea3389ab552c4f66b61093bf5aacc49,stress_vocal,frightened_stress,64000,1.0,DEMAND,DWASHING,data/noise_sources/demand/audio/DWASHING/ch01.wav,ff033b73096b456e83fa0fbf21625a80fcbb24af6c3c1bfe9aa94587ca64f394,DEMAND:DWASHING,1.0,3407.0,active_valid_region,10.0,True,zero_shot_frozen,False,361797.0,4.201979910476486e+17,05d4d7d8b7ba55299b6838b1460e1754b59f3f6f6acc6ff662e15b70764a20a5,0.0,demand_noise_offset_v2,352.08993383815,0.009843213741911447,11311.408665299721,10.000000359950851,10.000000359950851,7062.60791015625,0.00014144916618738057,True,0.0,10.0
0,2024,data/raw/sow_call_dataset_labeled/calm_grunt/148-0.wav,00e146b24fd459e3f6e2e9469eebe4c4,calm_grunt,calm_grunt,64000,1.0,DEMAND,DWASHING,data/noise_sources/demand/audio/DWASHING/ch01.wav,ff033b73096b456e83fa0fbf21625a80fcbb24af6c3c1bfe9aa94587ca64f394,DEMAND:DWASHING,1.0,3407.0,active_valid_region,10.0,True,zero_shot_frozen,False,465031.0,1.2448525956008159e+18,91469ad7168277348cb4cc6627391ad73617f269531b5d48298d70a3edd4139e,0.0,demand_noise_offset_v2,997.9479044483013,0.01342198440019615,23512.08487623181,10.000000332362063,10.000000332362063,10355.9208984375,9.646655375194387e-05,True,0.0,10.0
0,2024,data/raw/sow_call_dataset_labeled/calm_grunt/31-0.wav,ad1b03b3649c921981340ffcfafbe1d5,calm_grunt,calm_grunt,64000,1.0,DEMAND,DWASHING,data/noise_sources/demand/audio/DWASHING/ch01.wav,ff033b73096b456e83fa0fbf21625a80fcbb24af6c3c1bfe9aa94587ca64f394,DEMAND:DWASHING,1.0,3407.0,active_valid_region,10.0,True,zero_shot_frozen,False,6812631.0,4.004059999330636e+18,3791475adf74100b452c119d291d40f7b6d0e40b0f6a4258f01612413885bce0,0.0,demand_noise_offset_v2,888.4460887560168,0.015026085505125507,18697.5724168399,10.000000064786379,10.000000064786379,21892.4765625,4.563211462842008e-05,True,0.0,10.0
0,2024,data/raw/sow_call_dataset_labeled/feeding/469-1.wav,96f4365be7925a63b199ce1f0e094270,feeding,feeding,64000,1.0,DEMAND,DWASHING,data/noise_sources/demand/audio/DWASHING/ch01.wav,ff033b73096b456e83fa0fbf21625a80fcbb24af6c3c1bfe9aa94587ca64f394,DEMAND:DWASHING,1.0,3407.0,active_valid_region,10.0,True,zero_shot_frozen,False,7961707.0,8.508136205258267e+18,f612f8ccf70f18e6b384f961c0867e73fddbf8058e68860a98521b4a4fcbd44f,0.0,demand_noise_offset_v2,780.9235916986895,0.012781578237172906,19320.75352905272,9.999999834323344,9.999999834323344,10235.0302734375,9.760596435094662e-05,True,0.0,10.0
0,2024,data/external/korea_raw/abdominal_cough/train_abdominal_02305.wav,802c3c06a9ed989a83e4990344122a04,cough,abdominal_cough,15457,0.241515625,DEMAND,DWASHING,data/noise_sources/demand/audio/DWASHING/ch01.wav,ff033b73096b456e83fa0fbf21625a80fcbb24af6c3c1bfe9aa94587ca64f394,DEMAND:DWASHING,1.0,3407.0,active_valid_region,10.0,True,zero_shot_frozen,False,9457596.0,1.1617416095148698e+18,901f55d6b3eca40dd0fcd714b8419bfa93d42ce23715420dac3d45dd855d0409,0.0,demand_noise_offset_v2,0.0532670213899115,0.01959963470304439,0.8594298532454991,10.000000171113008,6.687340097491465,0.28261512517929077,1.0,False,24271.0,10.0
0,2024,data/raw/sow_call_dataset_labeled/feeding/486-1.wav,faa7678cb4332273bf2df704079aa496,feeding,feeding,63997,0.999953125,DEMAND,DWASHING,data/noise_sources/demand/audio/DWASHING/ch01.wav,ff033b73096b456e83fa0fbf21625a80fcbb24af6c3c1bfe9aa94587ca64f394,DEMAND:DWASHING,1.0,3407.0,active_valid_region,10.0,True,zero_shot_frozen,False,2927024.0,4.274083812119869e+18,3b50989501a6f6ccf2ea32af54f86b81728ad934459e944577053fdbc420676a,0.0,demand_noise_offset_v2,317.2547916993655,0.019671873955228375,5099.909356147708,10.000000313838486,9.99996960731609,3837.730224609375,0.0002603101160143907,True,1.0,10.0
0,2024,data/raw/sow_call_dataset_labeled/feeding/399-1.wav,48cf353f7ec7b595326862ac160f0ad7,feeding,feeding,63998,0.99996875,DEMAND,DWASHING,data/noise_sources/demand/audio/DWASHING/ch01.wav,ff033b73096b456e83fa0fbf21625a80fcbb24af6c3c1bfe9aa94587ca64f394,DEMAND:DWASHING,1.0,3407.0,active_valid_region,10.0,True,zero_shot_frozen,False,3174147.0,3.0918084466769517e+17,044a6e5711c5f021ed9d149a414d8fac3f76f8fb87a9620730ddc974b13b8750,0.0,demand_noise_offset_v2,858.440139263654,0.015640421086283076,17356.476913310602,10.000000168576708,9.999970595556047,8212.087890625,0.0001216499401011609,True,1.0,10.0
0,2024,data/raw/sow_call_dataset_labeled/feeding/324-1.wav,247d290a4193c3f911ea011db4d5a19f,feeding,feeding,64000,1.0,DEMAND,DWASHING,data/noise_sources/demand/audio/DWASHING/ch01.wav,ff033b73096b456e83fa0fbf21625a80fcbb24af6c3c1bfe9aa94587ca64f394,DEMAND:DWASHING,1.0,3407.0,active_valid_region,10.0,True,zero_shot_frozen,False,9510462.0,3.090044785760571e+18,2ae20b5c634e8de3427fef862ed303c65e07b803009cedaf4aff1910b2efb536,0.0,demand_noise_offset_v2,1023.1476817421454,0.012175568661582677,26573.519044207667,9.999999844371601,9.999999844371601,12806.2529296875,7.800876692698413e-05,True,0.0,10.0
0,2024,data/external/korea_raw/abdominal_cough/train_abdominal_13649.wav,758a24dd5518a227c1e5ba1f0ff3dcb4,cough,abdominal_cough,19137,0.299015625,DEMAND,DWASHING,data/noise_sources/demand/audio/DWASHING/ch01.wav,ff033b73096b456e83fa0fbf21625a80fcbb24af6c3c1bfe9aa94587ca64f394,DEMAND:DWASHING,1.0,3407.0,active_valid_region,10.0,True,zero_shot_frozen,False,6026077.0,4.1693651591041695e+18,39dc8f859f4b453c2bd91db5ff82253e84630ea6ce822a5e6656b54f7d718c3b,0.0,demand_noise_offset_v2,0.07282239663273285,0.005857180494133224,3.9316636778100658,9.999999834194329,2.609360217537122,0.34994614124298096,1.0,False,22431.0,10.0
0,2024,data/raw/sow_call_dataset_labeled/frightened_stress/809-2.wav,60adaca724f5caf2590a8cfb28d41e6d,stress_vocal,frightened_stress,64000,1.0,DEMAND,DWASHING,data/noise_sources/demand/audio/DWASHING/ch01.wav,ff033b73096b456e83fa0fbf21625a80fcbb24af6c3c1bfe9aa94587ca64f394,DEMAND:DWASHING,1.0,3407.0,active_valid_region,10.0,True,zero_shot_frozen,False,9254896.0,8.595403205009604e+18,f74901acafd9fd9b750aa2cc938910bbe43fd739e57cbffa41becd3b51d6eae9,0.0,demand_noise_offset_v2,94.84308904056803,0.014672180169790518,2044.14189454866,10.000000211901254,10.000000211901254,803.2013549804688,0.001243772802181456,True,0.0,10.0
0,2024,data/raw/sow_call_dataset_labeled/feeding/471-1.wav,52da60c3cf75c529daf2db0df0c762b2,feeding,feeding,63985,0.999765625,DEMAND,DWASHING,data/noise_sources/demand/audio/DWASHING/ch01.wav,ff033b73096b456e83fa0fbf21625a80fcbb24af6c3c1bfe9aa94587ca64f394,DEMAND:DWASHING,1.0,3407.0,active_valid_region,10.0,True,zero_shot_frozen,False,1990669.0,5.904796188594486e+17,0831ce15b939b93288cdd703393ad5028acd814fa3a68407f0b4a364b9eae685,0.0,demand_noise_offset_v2,570.4386214492046,0.013047334406368129,13825.699969992553,9.999999855140643,9.999553026776463,4905.68603515625,0.00020364124259904479,True,7.0,10.0
0,2024,data/external/korea_raw/dry_cough/train_dry_13855.wav,92a4b6e7ce690c211166c2967b9d3651,cough,dry_cough,18016,0.2815,DEMAND,DWASHING,data/noise_sources/demand/audio/DWASHING/ch01.wav,ff033b73096b456e83fa0fbf21625a80fcbb24af6c3c1bfe9aa94587ca64f394,DEMAND:DWASHING,1.0,3407.0,active_valid_region,10.0,True,zero_shot_frozen,False,8919549.0,7.412666341906678e+17,0a4982138ec8bfd982d693fde77ccd80504f0f2681ca1a79cc83f68639178e1b,0.0,demand_noise_offset_v2,0.07541487102707227,0.008108873008114631,2.941009948666579,9.999999853834513,2.6092438913891676,0.39020034670829773,1.0,False,22992.0,10.0
0,2024,data/raw/sow_call_dataset_labeled/calm_grunt/246-0.wav,af2331ab38f97aa237f515945a5359e8,calm_grunt,calm_grunt,64000,1.0,DEMAND,DWASHING,data/noise_sources/demand/audio/DWASHING/ch01.wav,ff033b73096b456e83fa0fbf21625a80fcbb24af6c3c1bfe9aa94587ca64f394,DEMAND:DWASHING,1.0,3407.0,active_valid_region,10.0,True,zero_shot_frozen,False,4186327.0,4.2523953803163694e+18,3b038b117844f125d6c7fa5718d96fc21ce80fd6d559930b61beab6943b7dba5,0.0,demand_noise_offset_v2,1362.533252620096,0.012689072934281556,33956.05406567114,9.999999837403777,9.999999837403777,16020.90625,6.235602308702106e-05,True,0.0,10.0
0,2024,data/raw/sow_call_dataset_labeled/feeding/304-1.wav,c9e37a52d69aa372d3ae6b95468b7620,feeding,feeding,63988,0.9998125,DEMAND,DWASHING,data/noise_sources/demand/audio/DWASHING/ch01.wav,ff033b73096b456e83fa0fbf21625a80fcbb24af6c3c1bfe9aa94587ca64f394,DEMAND:DWASHING,1.0,3407.0,active_valid_region,10.0,True,zero_shot_frozen,False,7405738.0,7.43133416445968e+18,e721670cb7d7ef5d530c78d4b8c685f38ce778bb48bae10f664abbd76b8f2135,0.0,demand_noise_offset_v2,186.00205111276827,0.013533812386584609,4346.078652327466,10.000000086802332,9.999278127766969,3097.60009765625,0.0003225077377663687,True,6.0,10.0
0,2024,data/external/korea_raw/dry_cough/train_dry_12111.wav,f59c8ec794987b22feab4606c5b457ec,cough,dry_cough,12001,0.187515625,DEMAND,DWASHING,data/noise_sources/demand/audio/DWASHING/ch01.wav,ff033b73096b456e83fa0fbf21625a80fcbb24af6c3c1bfe9aa94587ca64f394,DEMAND:DWASHING,1.0,3407.0,active_valid_region,10.0,True,zero_shot_frozen,False,5589772.0,2.79699478133224e+18,26d0ebef3bedf5c40f69ab77cfc211af307781f80e00c28ab53c4a1be2a8709a,0.0,demand_noise_offset_v2,0.04296524671898265,0.015327016095394304,0.8864611286203926,9.999999900001768,3.254533893317377,0.1718195229768753,1.0,False,25999.0,10.0
0,2024,data/raw/sow_call_dataset_labeled/anxious_stress/1452-3.wav,863eeac0b9ddb7b6f0040a6c94e9fb0e,stress_vocal,anxious_stress,63995,0.999921875,DEMAND,DWASHING,data/noise_sources/demand/audio/DWASHING/ch01.wav,ff033b73096b456e83fa0fbf21625a80fcbb24af6c3c1bfe9aa94587ca64f394,DEMAND:DWASHING,1.0,3407.0,active_valid_region,10.0,True,zero_shot_frozen,False,1159761.0,1.3669276633099725e+18,92f84d77ad3ee40cca32c3a638aa4350061727214382ac5baaa08a81541bd0c9,0.0,demand_noise_offset_v2,1607.624752512261,0.012920865803011345,39345.31879139569,9.999999663458542,9.999849552949927,13627.345703125,7.330848000509086e-05,True,2.0,10.0
0,2024,data/raw/sow_call_dataset_labeled/feeding/393-1.wav,d020a377f975c05272b8d05b57521990,feeding,feeding,64000,1.0,DEMAND,DWASHING,data/noise_sources/demand/audio/DWASHING/ch01.wav,ff033b73096b456e83fa0fbf21625a80fcbb24af6c3c1bfe9aa94587ca64f394,DEMAND:DWASHING,1.0,3407.0,active_valid_region,10.0,True,zero_shot_frozen,False,5678653.0,7.101855196463336e+18,e28edbac87758b8bbfdab42aa0a6baca4685ba63b59349e9a6832bf93f21df54,0.0,demand_noise_offset_v2,564.3458696574719,0.016848741776489783,10591.997669026661,9.999999686544264,9.999999686544264,5037.595703125,0.00019830888758704568,True,0.0,10.0
0,2024,data/raw/sow_call_dataset_labeled/calm_grunt/91-0.wav,cee17336c428ff1a2871511627e221ac,calm_grunt,calm_grunt,64000,1.0,DEMAND,DWASHING,data/noise_sources/demand/audio/DWASHING/ch01.wav,ff033b73096b456e83fa0fbf21625a80fcbb24af6c3c1bfe9aa94587ca64f394,DEMAND:DWASHING,1.0,3407.0,active_valid_region,10.0,True,zero_shot_frozen,False,2386734.0,2.0895483929068442e+18,1cff9131443367e0e333f79a6713b00ae348614254f691ba2e39e6e6c6fe9298,0.0,demand_noise_offset_v2,938.9198850949239,0.008052707915831367,36871.14208484246,10.000000351831028,10.000000351831028,18485.005859375,5.4043802182152915e-05,True,0.0,10.0
0,2024,data/external/korea_raw/dry_cough/train_dry_08236.wav,a7ab543a182c83c4cf8ec72231ba0af2,cough,dry_cough,17184,0.2685,DEMAND,DWASHING,data/noise_sources/demand/audio/DWASHING/ch01.wav,ff033b73096b456e83fa0fbf21625a80fcbb24af6c3c1bfe9aa94587ca64f394,DEMAND:DWASHING,1.0,3407.0,active_valid_region,10.0,True,zero_shot_frozen,False,3645565.0,5.291131577176817e+18,c96de022c579fa3a1dca9a244b12b6f7ee6a1119a6749888c4622bb397995026,0.0,demand_noise_offset_v2,0.10200412159395875,0.013265324963287488,2.4316430683333574,10.000000213226507,3.2953381986852297,0.4861222803592682,1.0,False,23408.0,10.0
0,2024,data/raw/sow_call_dataset_labeled/feeding/462-1.wav,bf71b3916b50f93bb618bec575df25d0,feeding,feeding,64000,1.0,DEMAND,DWASHING,data/noise_sources/demand/audio/DWASHING/ch01.wav,ff033b73096b456e83fa0fbf21625a80fcbb24af6c3c1bfe9aa94587ca64f394,DEMAND:DWASHING,1.0,3407.0,active_valid_region,10.0,True,zero_shot_frozen,False,7432385.0,3.8183351390215644e+18,b4fd73941ac5aa4855650a6d46151541e61b1dba3b66ecf801cce90d82fc63cc,0.0,demand_noise_offset_v2,390.87487317806836,0.012342683226867655,10014.47462154339,10.000000009190193,10.000000009190193,2537.068115234375,0.00039376159985665666,True,0.0,10.0
0,2024,data/raw/sow_call_dataset_labeled/frightened_stress/531-2.wav,439e489d68e585b0f865ab720f41e65a,stress_vocal,frightened_stress,63608,0.993875,DEMAND,DWASHING,data/noise_sources/demand/audio/DWASHING/ch01.wav,ff033b73096b456e83fa0fbf21625a80fcbb24af6c3c1bfe9aa94587ca64f394,DEMAND:DWASHING,1.0,3407.0,active_valid_region,10.0,True,zero_shot_frozen,False,1999971.0,8.716100537212179e+18,78f5cf423b1f954eb09661e25bced58538ba3c987f6e87b008d2e8735b715f33,0.0,demand_noise_offset_v2,223.3376366304215,0.014779811458501265,4778.515754238197,10.000000225230997,9.964532819668468,2369.750732421875,0.000421563325767612,True,196.0,10.0
0,2024,data/external/korea_raw/dry_cough/train_dry_12259.wav,0dd24b3ee3931c0516f250d0fb57dc2a,cough,dry_cough,13985,0.218515625,DEMAND,DWASHING,data/noise_sources/demand/audio/DWASHING/ch01.wav,ff033b73096b456e83fa0fbf21625a80fcbb24af6c3c1bfe9aa94587ca64f394,DEMAND:DWASHING,1.0,3407.0,active_valid_region,10.0,True,zero_shot_frozen,False,8184480.0,2.2171044944161009e+18,1ec4bcca7b97fe6887cb2dcf974efddc8c0aedffd7c01e1742bd25b76beddad0,0.0,demand_noise_offset_v2,0.061751605029606374,0.014664559007010592,1.3316167296357928,9.999999804417309,3.6767525953400897,0.24417713284492493,1.0,False,25007.0,10.0
0,2024,data/raw/sow_call_dataset_labeled/feeding/334-1.wav,6d4e3f890abd1b39675ab539c08999df,feeding,feeding,64000,1.0,DEMAND,DWASHING,data/noise_sources/demand/audio/DWASHING/ch01.wav,ff033b73096b456e83fa0fbf21625a80fcbb24af6c3c1bfe9aa94587ca64f394,DEMAND:DWASHING,1.0,3407.0,active_valid_region,10.0,True,zero_shot_frozen,False,938739.0,2.730818540483331e+18,25e5d0fe7b8f43b3e29b7af94397210cab0c5e7231e7e5901024f0025dc620ae,0.0,demand_noise_offset_v2,891.4684230620591,0.012858269109325436,21924.184779661806,9.999999699341982,9.999999699341982,9518.3154296875,0.00010495554674350591,True,0.0,10.0
0,2024,data/raw/sow_call_dataset_labeled/frightened_stress/1031-2.wav,52f370f2037764cd024cc8ac3620035d,stress_vocal,frightened_stress,63997,0.999953125,DEMAND,DWASHING,data/noise_sources/demand/audio/DWASHING/ch01.wav,ff033b73096b456e83fa0fbf21625a80fcbb24af6c3c1bfe9aa94587ca64f394,DEMAND:DWASHING,1.0,3407.0,active_valid_region,10.0,True,zero_shot_frozen,False,1920374.0,5.473415926635746e+18,cbf57ac92f16d35f683c9693a1898859ac8904444b38da62944ac285a52cfb01,0.0,demand_noise_offset_v2,251.37542293038825,0.01663588619598473,4778.338075190777,10.000000336107188,9.999983681640327,2703.3623046875,0.0003695398127982262,True,1.0,10.0
0,2024,data/external/korea_raw/dry_cough/train_dry_05498.wav,476f1f61fe985f0e105b631f547552aa,cough,dry_cough,11777,0.184015625,DEMAND,DWASHING,data/noise_sources/demand/audio/DWASHING/ch01.wav,ff033b73096b456e83fa0fbf21625a80fcbb24af6c3c1bfe9aa94587ca64f394,DEMAND:DWASHING,1.0,3407.0,active_valid_region,10.0,True,zero_shot_frozen,False,9134992.0,2.5759694932389576e+18,23bfae9b24c046aa88a1af29930f4d224ed807b017c6030565327fe72939d1b7,0.0,demand_noise_offset_v2,0.042341868179194324,0.02124961429952503,0.6301137608688429,9.999999727106792,6.701380202687966,0.16501569747924805,1.0,False,26111.0,10.0
0,2024,data/raw/sow_call_dataset_labeled/calm_grunt/69-0.wav,5e6972bc79d14fbb0e7d8c9fc5171b8e,calm_grunt,calm_grunt,64000,1.0,DEMAND,DWASHING,data/noise_sources/demand/audio/DWASHING/ch01.wav,ff033b73096b456e83fa0fbf21625a80fcbb24af6c3c1bfe9aa94587ca64f394,DEMAND:DWASHING,1.0,3407.0,active_valid_region,10.0,True,zero_shot_frozen,False,8565299.0,4.1643546577620544e+17,05c779d989770e7b20570c176939c180b317dccda55635e0711c7da00107890d,0.0,demand_noise_offset_v2,984.0544080113978,0.013996093236804145,22233.727785277457,9.999999713819964,9.999999713819964,15837.1904296875,6.307937032362326e-05,True,0.0,10.0
0,2024,data/raw/sow_call_dataset_labeled/feeding/365-1.wav,e7f7f9645f68e7861c6960646038694b,feeding,feeding,63998,0.99996875,DEMAND,DWASHING,data/noise_sources/demand/audio/DWASHING/ch01.wav,ff033b73096b456e83fa0fbf21625a80fcbb24af6c3c1bfe9aa94587ca64f394,DEMAND:DWASHING,1.0,3407.0,active_valid_region,10.0,True,zero_shot_frozen,False,8714475.0,6.682042212706853e+17,0945f032ee41769213dc08172d61e555fd65b104913d27e85608253b52af8b81,0.0,demand_noise_offset_v2,228.88529049546287,0.012638433971877387,5726.9661928489295,9.999999824482424,9.999905704141781,2053.07958984375,0.00048658610457280376,True,1.0,10.0
0,2024,data/raw/sow_call_dataset_labeled/calm_grunt/127-0.wav,c0b1e9c399e2fcb85350d6e1a522b9c7,calm_grunt,calm_grunt,64000,1.0,DEMAND,DWASHING,data/noise_sources/demand/audio/DWASHING/ch01.wav,ff033b73096b456e83fa0fbf21625a80fcbb24af6c3c1bfe9aa94587ca64f394,DEMAND:DWASHING,1.0,3407.0,active_valid_region,10.0,True,zero_shot_frozen,False,2373433.0,4.591951034002162e+18,bfb9e322dfafc134265384e86459e82034d3a2c2fd71c69d6af0a7df4fe4966d,0.0,demand_noise_offset_v2,719.0246855373471,0.009105820990486837,24970.35360743218,10.000000036503884,10.000000036503884,7199.2041015625,0.00013876533932177018,True,0.0,10.0
0,2024,data/raw/sow_call_dataset_labeled/frightened_stress/649-2.wav,a79a4d5ca276050cd921a9a53451c118,stress_vocal,frightened_stress,64000,1.0,DEMAND,DWASHING,data/noise_sources/demand/audio/DWASHING/ch01.wav,ff033b73096b456e83fa0fbf21625a80fcbb24af6c3c1bfe9aa94587ca64f394,DEMAND:DWASHING,1.0,3407.0,active_valid_region,10.0,True,zero_shot_frozen,False,2291805.0,7.532957562794622e+18,688a70fdf6773c55f940e419a296b302bab2bfeb0ec9b02140f6ef869e6ea5ff,0.0,demand_noise_offset_v2,182.61161994441022,0.015882067579333078,3635.979026992756,10.000000056241552,10.000000056241552,1794.4356689453125,0.0005567209888260674,True,0.0,10.0
0,2024,data/raw/sow_call_dataset_labeled/anxious_stress/1429-3.wav,08dbebe86b17e15870a88fc0edc1fd56,stress_vocal,anxious_stress,63997,0.999953125,DEMAND,DWASHING,data/noise_sources/demand/audio/DWASHING/ch01.wav,ff033b73096b456e83fa0fbf21625a80fcbb24af6c3c1bfe9aa94587ca64f394,DEMAND:DWASHING,1.0,3407.0,active_valid_region,10.0,True,zero_shot_frozen,False,7852211.0,2.1846807532497672e+18,1e518b91f515cf44d19a926f824d9177e41744ab6376bb6c94dc3d9c4adc1893,0.0,demand_noise_offset_v2,1018.0890498529338,0.017263369874733807,18649.199326511138,10.000000048433282,9.999555218616138,7105.734375,0.0001405906761044667,True,1.0,10.0
0,2024,data/external/korea_raw/abdominal_cough/train_abdominal_16429.wav,89bcd1f7bcfd5c0d3850c0d8d7a77682,cough,abdominal_cough,12321,0.192515625,DEMAND,DWASHING,data/noise_sources/demand/audio/DWASHING/ch01.wav,ff033b73096b456e83fa0fbf21625a80fcbb24af6c3c1bfe9aa94587ca64f394,DEMAND:DWASHING,1.0,3407.0,active_valid_region,10.0,True,zero_shot_frozen,False,4655194.0,2.604644874659017e+18,24258eb6a817b1a388cff798331e9e428100e29e323ec9d376b5e92a9ae036eb,0.0,demand_noise_offset_v2,0.03146874162552827,0.009780256877348546,1.0174875760829405,10.000000431217051,2.800973730162511,0.15826234221458435,1.0,False,25839.0,10.0
0,2024,data/raw/sow_call_dataset_labeled/frightened_stress/624-2.wav,6b7d32323ad19193729e70aa61366584,stress_vocal,frightened_stress,64000,1.0,DEMAND,DWASHING,data/noise_sources/demand/audio/DWASHING/ch01.wav,ff033b73096b456e83fa0fbf21625a80fcbb24af6c3c1bfe9aa94587ca64f394,DEMAND:DWASHING,1.0,3407.0,active_valid_region,10.0,True,zero_shot_frozen,False,5131599.0,7.353943544678235e+18,e60e74b0e6d2bb98e31508ba2e78cce975457c9243072b92f4c9c8557c18a89a,0.0,demand_noise_offset_v2,124.93057706281661,0.01740048153287875,2270.426667050571,9.999999653108247,9.999999653108247,934.5037841796875,0.0010690165378805048,True,0.0,10.0
0,2024,data/raw/sow_call_dataset_labeled/calm_grunt/218-0.wav,b3d8482fce8b5eaa3e2cb020780d332e,calm_grunt,calm_grunt,64000,1.0,DEMAND,DWASHING,data/noise_sources/demand/audio/DWASHING/ch01.wav,ff033b73096b456e83fa0fbf21625a80fcbb24af6c3c1bfe9aa94587ca64f394,DEMAND:DWASHING,1.0,3407.0,active_valid_region,10.0,True,zero_shot_frozen,False,7216090.0,8.681734625507192e+18,f87bb7a4e390aa44cbbce4b4e30f57b7f46bf925e503a2678cd5c9dc16cef5ec,0.0,demand_noise_offset_v2,1325.8744849035143,0.020436536940739373,20516.114231856493,10.000000412561281,10.000000412561281,16301.392578125,6.128310788248656e-05,True,0.0,10.0
0,2024,data/external/korea_raw/dry_cough/train_dry_14904.wav,82731434fe93293942ec3e677a251aa0,cough,dry_cough,13408,0.2095,DEMAND,DWASHING,data/noise_sources/demand/audio/DWASHING/ch01.wav,ff033b73096b456e83fa0fbf21625a80fcbb24af6c3c1bfe9aa94587ca64f394,DEMAND:DWASHING,1.0,3407.0,active_valid_region,10.0,True,zero_shot_frozen,False,4223556.0,1.6148768880552668e+18,966931f94485bdd0f47a95b4fa409e1d4f4e19af4dbee53091574a082342ba47,0.0,demand_noise_offset_v2,0.05590034753670979,0.01633564917356387,1.0821266931776319,9.999999653096026,4.182042422049491,0.2400292456150055,1.0,False,25296.0,10.0
0,2024,data/raw/sow_call_dataset_labeled/calm_grunt/59-0.wav,59a6dd695e64efe4c8241ab5e0cd60df,calm_grunt,calm_grunt,64000,1.0,DEMAND,DWASHING,data/noise_sources/demand/audio/DWASHING/ch01.wav,ff033b73096b456e83fa0fbf21625a80fcbb24af6c3c1bfe9aa94587ca64f394,DEMAND:DWASHING,1.0,3407.0,active_valid_region,10.0,True,zero_shot_frozen,False,685125.0,4.0966851302949207e+18,38da596bbbda860efd415fb34944f9a6dcb2b32886b7902610bea559f3793f28,0.0,demand_noise_offset_v2,1245.0851120905868,0.012500970067915887,31495.994419485214,10.000000082730217,10.000000082730217,17893.826171875,5.582931176397586e-05,True,0.0,10.0
0,2024,data/external/korea_raw/dry_cough/train_dry_12342.wav,be5b9785349c0ba7847119f6859671bc,cough,dry_cough,14017,0.219015625,DEMAND,DWASHING,data/noise_sources/demand/audio/DWASHING/ch01.wav,ff033b73096b456e83fa0fbf21625a80fcbb24af6c3c1bfe9aa94587ca64f394,DEMAND:DWASHING,1.0,3407.0,active_valid_region,10.0,True,zero_shot_frozen,False,1426725.0,4.643862378684108e+18,c072503aab444c528625beb3e1e18ee4a4a77e0fe0379362bc2705a2084e5be0,0.0,demand_noise_offset_v2,0.04360133356829202,0.011088906505456506,1.2434005375436545,9.999999749457624,3.484536608386752,0.18960511684417725,1.0,False,24991.0,10.0
0,2024,data/external/korea_raw/dry_cough/train_dry_07999.wav,4bcc8d92055b679105e93da203cd9111,cough,dry_cough,13313,0.208015625,DEMAND,DWASHING,data/noise_sources/demand/audio/DWASHING/ch01.wav,ff033b73096b456e83fa0fbf21625a80fcbb24af6c3c1bfe9aa94587ca64f394,DEMAND:DWASHING,1.0,3407.0,active_valid_region,10.0,True,zero_shot_frozen,False,609593.0,1.6355947347447404e+18,16b2ccbed8f5a24fa1047f0c8d5e850a054f4b2a6cab2c94afbbfcddd72108cf,0.0,demand_noise_offset_v2,0.09846734402329387,0.011712811475342769,2.658465757059956,9.999999653962957,1.7158936072504047,0.4493504762649536,1.0,False,25343.0,10.0
0,2024,data/raw/sow_call_dataset_labeled/calm_grunt/114-0.wav,6bfb9e30e653d62d2ad67d1d0fbee2b2,calm_grunt,calm_grunt,64000,1.0,DEMAND,DWASHING,data/noise_sources/demand/audio/DWASHING/ch01.wav,ff033b73096b456e83fa0fbf21625a80fcbb24af6c3c1bfe9aa94587ca64f394,DEMAND:DWASHING,1.0,3407.0,active_valid_region,10.0,True,zero_shot_frozen,False,5135765.0,1.5475888980007e+18,157a23e73bab825bf83ed776fec2da0d8bded9ec263cdf6a41e7db0542e1f436,0.0,demand_noise_offset_v2,1176.8927172218246,0.017497576802751758,21269.58258300172,10.000000226301303,10.000000226301303,15389.5888671875,6.49140148331052e-05,True,0.0,10.0
0,2024,data/raw/sow_call_dataset_labeled/calm_grunt/274-0.wav,867a0d742da7dc4ab82703565363efca,calm_grunt,calm_grunt,64000,1.0,DEMAND,DWASHING,data/noise_sources/demand/audio/DWASHING/ch01.wav,ff033b73096b456e83fa0fbf21625a80fcbb24af6c3c1bfe9aa94587ca64f394,DEMAND:DWASHING,1.0,3407.0,active_valid_region,10.0,True,zero_shot_frozen,False,4193397.0,1.810438700495241e+18,191ff867eea37f45ff8f107d5a6883ee741b7b396843b4e0c0b9f4fdc0e2c88d,0.0,demand_noise_offset_v2,1609.9826402124925,0.013230785745427366,38480.04369780095,10.000000168243872,10.000000168243872,16755.072265625,5.962373567612513e-05,True,0.0,10.0
0,2024,data/raw/sow_call_dataset_labeled/anxious_stress/1580-3.wav,f770589d5c495dba265407f0501aedab,stress_vocal,anxious_stress,63766,0.99634375,DEMAND,DWASHING,data/noise_sources/demand/audio/DWASHING/ch01.wav,ff033b73096b456e83fa0fbf21625a80fcbb24af6c3c1bfe9aa94587ca64f394,DEMAND:DWASHING,1.0,3407.0,active_valid_region,10.0,True,zero_shot_frozen,False,7015508.0,9.90927332825168e+17,0dc07b28b744f85c712b70d4a57ba1ee46583bfa50e67601c1ac86f042c27a97,0.0,demand_noise_offset_v2,309.17193605807984,0.010697969078508153,9139.001051251984,10.000000069794815,9.992224352482939,1946.5999755859375,0.0005132025133717036,True,117.0,10.0
0,2024,data/external/korea_raw/abdominal_cough/train_abdominal_08112.wav,e88f3f912add02e57df4c7d0d5127334,cough,abdominal_cough,16224,0.2535,DEMAND,DWASHING,data/noise_sources/demand/audio/DWASHING/ch01.wav,ff033b73096b456e83fa0fbf21625a80fcbb24af6c3c1bfe9aa94587ca64f394,DEMAND:DWASHING,1.0,3407.0,active_valid_region,10.0,True,zero_shot_frozen,False,7445692.0,1.4232749274763308e+18,13c07d0175f250cc0750ff0ea166e222c8378029281c980993f0565763a8bffa,0.0,demand_noise_offset_v2,0.09735584493514245,0.014174424548330643,2.1719838606180026,9.99999961469743,4.843219410347868,0.392195463180542,1.0,False,23888.0,10.0
0,2024,data/raw/sow_call_dataset_labeled/calm_grunt/250-0.wav,6501451456d9e85981b2e584769706d5,calm_grunt,calm_grunt,64000,1.0,DEMAND,DWASHING,data/noise_sources/demand/audio/DWASHING/ch01.wav,ff033b73096b456e83fa0fbf21625a80fcbb24af6c3c1bfe9aa94587ca64f394,DEMAND:DWASHING,1.0,3407.0,active_valid_region,10.0,True,zero_shot_frozen,False,8598828.0,3.8228502067303967e+18,b50d7e0239b1a30ae5d8608475f11c164beff533ff36171a33a2cd15888ed545,0.0,demand_noise_offset_v2,1634.1095044534836,0.01356068888355329,38106.53001905635,9.999999714668988,9.999999714668988,17590.37890625,5.6792409380394155e-05,True,0.0,10.0
0,2024,data/raw/sow_call_dataset_labeled/feeding/484-1.wav,7597d17cfc4d984eaab8bc076ccdf5ea,feeding,feeding,64000,1.0,DEMAND,DWASHING,data/noise_sources/demand/audio/DWASHING/ch01.wav,ff033b73096b456e83fa0fbf21625a80fcbb24af6c3c1bfe9aa94587ca64f394,DEMAND:DWASHING,1.0,3407.0,active_valid_region,10.0,True,zero_shot_frozen,False,8632576.0,6.293511367807513e+18,d7570b3e9c0cb01a4b25268806a0c9fd697f99911626ee3bb6e30de820e9a828,0.0,demand_noise_offset_v2,880.4726065326456,0.018350463134733368,15172.90780938573,9.999999789743248,9.999999789743248,12172.1240234375,8.207277530827153e-05,True,0.0,10.0
0,2024,data/raw/sow_call_dataset_labeled/calm_grunt/251-0.wav,c0f8ff4583e17d7a26d397f7d7b0a2f7,calm_grunt,calm_grunt,64000,1.0,DEMAND,DWASHING,data/noise_sources/demand/audio/DWASHING/ch01.wav,ff033b73096b456e83fa0fbf21625a80fcbb24af6c3c1bfe9aa94587ca64f394,DEMAND:DWASHING,1.0,3407.0,active_valid_region,10.0,True,zero_shot_frozen,False,5277562.0,5.656588315715916e+18,ce803d1a6edf5003fcc179db61eecb5766665fe10f67a13974d09e8c81cd8f5d,0.0,demand_noise_offset_v2,1533.8450811438308,0.01698383572703058,28559.178928824535,9.999999767764113,9.999999767764113,18508.96484375,5.397384502231288e-05,True,0.0,10.0
0,2024,data/raw/sow_call_dataset_labeled/frightened_stress/988-2.wav,e3f63486bc9dd011d4c42a02e2ab82eb,stress_vocal,frightened_stress,63998,0.99996875,DEMAND,DWASHING,data/noise_sources/demand/audio/DWASHING/ch01.wav,ff033b73096b456e83fa0fbf21625a80fcbb24af6c3c1bfe9aa94587ca64f394,DEMAND:DWASHING,1.0,3407.0,active_valid_region,10.0,True,zero_shot_frozen,False,6766842.0,5.578668063233851e+18,cd6b690be4dec012073b7284a0b30f68b637044d53abddd73d0d234031f0ef10,0.0,demand_noise_offset_v2,207.5423704113459,0.014335523978866692,4578.183556162381,9.999999931722522,9.999642032819548,2750.5693359375,0.00036319753403325945,True,1.0,10.0
0,2024,data/raw/sow_call_dataset_labeled/calm_grunt/89-0.wav,66baf7d1e6268784319cb4666f8d36fd,calm_grunt,calm_grunt,64000,1.0,DEMAND,DWASHING,data/noise_sources/demand/audio/DWASHING/ch01.wav,ff033b73096b456e83fa0fbf21625a80fcbb24af6c3c1bfe9aa94587ca64f394,DEMAND:DWASHING,1.0,3407.0,active_valid_region,10.0,True,zero_shot_frozen,False,4152949.0,6.329476827098448e+18,d7d6d1a3a54500738244046c52d4ca60e7ed66186928fa0b9d6151a824672697,0.0,demand_noise_offset_v2,1041.6516572237529,0.008943361443157206,36831.6967423514,10.000000332722873,10.000000332722873,14662.3271484375,6.813379553507364e-05,True,0.0,10.0
0,2024,data/raw/sow_call_dataset_labeled/anxious_stress/1649-3.wav,8ef7b5c15e374567562265858e5d7ed1,stress_vocal,anxious_stress,64000,1.0,DEMAND,DWASHING,data/noise_sources/demand/audio/DWASHING/ch01.wav,ff033b73096b456e83fa0fbf21625a80fcbb24af6c3c1bfe9aa94587ca64f394,DEMAND:DWASHING,1.0,3407.0,active_valid_region,10.0,True,zero_shot_frozen,False,8946772.0,2.5502012215953946e+18,a364227fdef5f19a7bd563516d8488cf4e3b60a4b792f6f1d64c7003e19a77fb,0.0,demand_noise_offset_v2,1846.5257263435033,0.01349467578444088,43270.59906155563,10.000000288462891,10.000000288462891,14945.5107421875,6.684281435629154e-05,True,0.0,10.0
0,2024,data/raw/sow_call_dataset_labeled/anxious_stress/1738-3.wav,ad7a0d5de7477a9d5d43b2bd260d645e,stress_vocal,anxious_stress,64000,1.0,DEMAND,DWASHING,data/noise_sources/demand/audio/DWASHING/ch01.wav,ff033b73096b456e83fa0fbf21625a80fcbb24af6c3c1bfe9aa94587ca64f394,DEMAND:DWASHING,1.0,3407.0,active_valid_region,10.0,True,zero_shot_frozen,False,7006251.0,4.081262814366143e+18,b8a38ee7fd4e1182144e8743c430572bdc42f13a5901d03977d111d31430ff06,0.0,demand_noise_offset_v2,231.88397999285894,0.011402640733553005,6430.804467289941,9.999999702143953,9.999999702143953,1718.0704345703125,0.0005814662658168894,True,0.0,10.0
0,2024,data/raw/sow_call_dataset_labeled/calm_grunt/165-0.wav,58f3af1d9665f4501de1c256ac27087d,calm_grunt,calm_grunt,64000,1.0,DEMAND,DWASHING,data/noise_sources/demand/audio/DWASHING/ch01.wav,ff033b73096b456e83fa0fbf21625a80fcbb24af6c3c1bfe9aa94587ca64f394,DEMAND:DWASHING,1.0,3407.0,active_valid_region,10.0,True,zero_shot_frozen,False,5635804.0,8.723690217201511e+18,f910c6084ed8ac6a1a64783ee1f98b431d93ed2a6de8c266a8e4ebda11461bfa,0.0,demand_noise_offset_v2,1242.3661302468377,0.011663175658910943,33684.707958829276,10.000000240992758,10.000000240992758,16550.365234375,6.036120568052985e-05,True,0.0,10.0
0,2024,data/raw/sow_call_dataset_labeled/calm_grunt/253-0.wav,88f53ffdc813ee27215e3d68cababb72,calm_grunt,calm_grunt,64000,1.0,DEMAND,DWASHING,data/noise_sources/demand/audio/DWASHING/ch01.wav,ff033b73096b456e83fa0fbf21625a80fcbb24af6c3c1bfe9aa94587ca64f394,DEMAND:DWASHING,1.0,3407.0,active_valid_region,10.0,True,zero_shot_frozen,False,5902943.0,5.239692901420067e+18,c8b720eec9476713d9862586a234792f52587ad4916dad78ffbbc9004a0fc2c8,0.0,demand_noise_offset_v2,1677.1380296440782,0.012634680913796492,41976.336089113414,10.000000032195675,10.000000032195675,14905.962890625,6.702015880022847e-05,True,0.0,10.0
0,2024,data/raw/sow_call_dataset_labeled/calm_grunt/252-0.wav,2425faf6d72ec8f1cfb27af49a442721,calm_grunt,calm_grunt,64000,1.0,DEMAND,DWASHING,data/noise_sources/demand/audio/DWASHING/ch01.wav,ff033b73096b456e83fa0fbf21625a80fcbb24af6c3c1bfe9aa94587ca64f394,DEMAND:DWASHING,1.0,3407.0,active_valid_region,10.0,True,zero_shot_frozen,False,9270200.0,1.712674791524326e+18,97c4a4a61492d9eb1f738b813c072ff6497644e3dbe48e577451fbdb5a9db3ab,0.0,demand_noise_offset_v2,1988.6156620474069,0.012984881934681194,48429.81949614364,9.999999849710031,9.999999849710031,16534.849609375,6.0417846161333256e-05,True,0.0,10.0
0,2024,data/raw/sow_call_dataset_labeled/frightened_stress/887-2.wav,36d2f03519aad0dc3c6d70f418bede2d,stress_vocal,frightened_stress,64000,1.0,DEMAND,DWASHING,data/noise_sources/demand/audio/DWASHING/ch01.wav,ff033b73096b456e83fa0fbf21625a80fcbb24af6c3c1bfe9aa94587ca64f394,DEMAND:DWASHING,1.0,3407.0,active_valid_region,10.0,True,zero_shot_frozen,False,6959595.0,2.9257307270660854e+18,289a48985738280beef801ef888257738f64909750d33f834eed7ce79a19bd22,0.0,demand_noise_offset_v2,226.1403217059333,0.015145431711316475,4721.677803740885,10.000000121695338,10.000000121695338,2327.69580078125,0.00042917979216386577,True,0.0,10.0
0,2024,data/raw/sow_call_dataset_labeled/feeding/367-1.wav,940704b541a8d463f81ea666f8da0a2d,feeding,feeding,64000,1.0,DEMAND,DWASHING,data/noise_sources/demand/audio/DWASHING/ch01.wav,ff033b73096b456e83fa0fbf21625a80fcbb24af6c3c1bfe9aa94587ca64f394,DEMAND:DWASHING,1.0,3407.0,active_valid_region,10.0,True,zero_shot_frozen,False,2351974.0,4.1491295061599805e+18,3994ab4d85c1ef03645afe21d5c0545fb19ffbaaa0574e5ae6ac86aae357aeda,0.0,demand_noise_offset_v2,702.5387179613983,0.01100257790131115,20191.836069144472,10.000000049663281,10.000000049663281,8035.87451171875,0.00012431752120359199,True,0.0,10.0
0,2024,data/raw/sow_call_dataset_labeled/anxious_stress/1294-3.wav,3b1abd244c212e4e29ed5d8d492094a3,stress_vocal,anxious_stress,64000,1.0,DEMAND,DWASHING,data/noise_sources/demand/audio/DWASHING/ch01.wav,ff033b73096b456e83fa0fbf21625a80fcbb24af6c3c1bfe9aa94587ca64f394,DEMAND:DWASHING,1.0,3407.0,active_valid_region,10.0,True,zero_shot_frozen,False,4491437.0,1.1799094000161325e+17,81a330228182b5c83f0a7941b914e8994ee08be9ccdefe32a9ee8fdb2be72c29,0.0,demand_noise_offset_v2,309.20159348055824,0.01240903842269785,7879.589523742119,10.000000185817843,10.000000185817843,2366.500732421875,0.00042214227374340346,True,0.0,10.0
0,2024,data/raw/sow_call_dataset_labeled/calm_grunt/84-0.wav,6284697bc5cf29624df3bee3472e7b55,calm_grunt,calm_grunt,64000,1.0,DEMAND,DWASHING,data/noise_sources/demand/audio/DWASHING/ch01.wav,ff033b73096b456e83fa0fbf21625a80fcbb24af6c3c1bfe9aa94587ca64f394,DEMAND:DWASHING,1.0,3407.0,active_valid_region,10.0,True,zero_shot_frozen,False,7126693.0,7.613839872716279e+18,e9a9cb063df58d6bf610158454af965e5f6f2b2cde2cf6744c8bcae9513991f1,0.0,demand_noise_offset_v2,819.4625842053988,0.01623754898922716,15959.109500429107,10.00000006003489,10.00000006003489,14469.78515625,6.904041692481504e-05,True,0.0,10.0
0,2024,data/external/korea_raw/dry_cough/train_dry_06353.wav,7c4381d73edf61a542eca5b8ad16ccbe,cough,dry_cough,7969,0.124515625,DEMAND,DWASHING,data/noise_sources/demand/audio/DWASHING/ch01.wav,ff033b73096b456e83fa0fbf21625a80fcbb24af6c3c1bfe9aa94587ca64f394,DEMAND:DWASHING,1.0,3407.0,active_valid_region,10.0,True,zero_shot_frozen,False,3494705.0,3.919103962097063e+18,3663744a0a9f146b4284938f6cb14c6128cb72ded0cc6f9738a04b20a91f5337,0.0,demand_noise_offset_v2,0.12077981036285175,0.0070018581841215215,5.454827648122937,9.999999777613645,-3.71740734320315,0.5228844285011292,1.0,False,28015.0,10.0
0,2024,data/raw/sow_call_dataset_labeled/frightened_stress/798-2.wav,9047deea4f6c553333311bf1f5279715,stress_vocal,frightened_stress,64000,1.0,DEMAND,DWASHING,data/noise_sources/demand/audio/DWASHING/ch01.wav,ff033b73096b456e83fa0fbf21625a80fcbb24af6c3c1bfe9aa94587ca64f394,DEMAND:DWASHING,1.0,3407.0,active_valid_region,10.0,True,zero_shot_frozen,False,1935118.0,3.2333458008899584e+18,2cdf26dffa0c0042d1fc239c254877509168a8a907298f7f6c7de46483bc5f5d,0.0,demand_noise_offset_v2,109.39846330513913,0.01610201797178514,2148.4780179278255,9.999999959262254,9.999999959262254,1207.21630859375,0.0008275236118734223,True,0.0,10.0
0,2024,data/raw/sow_call_dataset_labeled/feeding/396-1.wav,850bc5be2aeb59aeadd3ce9d998d574e,feeding,feeding,64000,1.0,DEMAND,DWASHING,data/noise_sources/demand/audio/DWASHING/ch01.wav,ff033b73096b456e83fa0fbf21625a80fcbb24af6c3c1bfe9aa94587ca64f394,DEMAND:DWASHING,1.0,3407.0,active_valid_region,10.0,True,zero_shot_frozen,False,5320958.0,9.175185246265614e+18,7f54ce5e88111fd24f5454fe218cf408b5fe9657894de47ebc57f9728058e0d7,0.0,demand_noise_offset_v2,495.4983345230236,0.013566132085955874,11550.110996891353,9.999999750827122,9.999999750827122,6288.42529296875,0.00015886330097886472,True,0.0,10.0
0,2024,data/external/korea_raw/abdominal_cough/train_abdominal_01211.wav,54d7ff55aaca2d49609a064333bab111,cough,abdominal_cough,17952,0.2805,DEMAND,DWASHING,data/noise_sources/demand/audio/DWASHING/ch01.wav,ff033b73096b456e83fa0fbf21625a80fcbb24af6c3c1bfe9aa94587ca64f394,DEMAND:DWASHING,1.0,3407.0,active_valid_region,10.0,True,zero_shot_frozen,False,6884686.0,8.998670927234442e+18,fce1b3880471a523f7fde35787c9342727acea1ffa6c9112e91fd83089fe8d4b,0.0,demand_noise_offset_v2,0.027219146609550993,0.0051406181935194336,1.6743997708435452,10.000000196300011,-3.0815765463796025,0.14060060679912567,1.0,False,23024.0,10.0
0,2024,data/raw/sow_call_dataset_labeled/feeding/382-1.wav,6900556222b8dc7174fb2b5d5e1d09ac,feeding,feeding,63997,0.999953125,DEMAND,DWASHING,data/noise_sources/demand/audio/DWASHING/ch01.wav,ff033b73096b456e83fa0fbf21625a80fcbb24af6c3c1bfe9aa94587ca64f394,DEMAND:DWASHING,1.0,3407.0,active_valid_region,10.0,True,zero_shot_frozen,False,3555334.0,5.60024600061435e+18,4db81210f16b9b7efaa092cbbec08ad4b438fc6e7e57715adc1311c01e61e91e,0.0,demand_noise_offset_v2,882.0886951559368,0.015095825843190276,18478.017724595014,10.000000073170964,9.999827643006741,9549.3291015625,0.00010461467914395574,True,1.0,10.0
0,2024,data/raw/sow_call_dataset_labeled/feeding/308-1.wav,62f84208f3d66bc2106eced8f9723a09,feeding,feeding,63986,0.99978125,DEMAND,DWASHING,data/noise_sources/demand/audio/DWASHING/ch01.wav,ff033b73096b456e83fa0fbf21625a80fcbb24af6c3c1bfe9aa94587ca64f394,DEMAND:DWASHING,1.0,3407.0,active_valid_region,10.0,True,zero_shot_frozen,False,8317886.0,1.9869256813288755e+18,1b92fa6146b5679ab14bcb58da9b1dd5a8ea0c1fa4fade68bcf52546a5ef4ed7,0.0,demand_noise_offset_v2,377.93868802714655,0.011823582481655883,10108.163679797095,9.999999673165815,9.999744666983299,3481.559326171875,0.0002869403926252906,True,7.0,10.0
0,2024,data/raw/sow_call_dataset_labeled/feeding/411-1.wav,34ffe8b85e2dd2ea42fae8d315374606,feeding,feeding,63998,0.99996875,DEMAND,DWASHING,data/noise_sources/demand/audio/DWASHING/ch01.wav,ff033b73096b456e83fa0fbf21625a80fcbb24af6c3c1bfe9aa94587ca64f394,DEMAND:DWASHING,1.0,3407.0,active_valid_region,10.0,True,zero_shot_frozen,False,5133172.0,1.4348875924871782e+18,93e9bea9bad050724389c330f726eec25ede77d1a9d6e496c65a201763cf571e,0.0,demand_noise_offset_v2,398.75886637335407,0.01742359081093823,7237.235243925151,9.99999987340967,9.999989930613784,4031.4599609375,0.00024780104718383125,True,1.0,10.0
0,2024,data/external/korea_raw/dry_cough/train_dry_02449.wav,2896dd842b3141f1521d6e69312d7362,cough,dry_cough,18497,0.289015625,DEMAND,DWASHING,data/noise_sources/demand/audio/DWASHING/ch01.wav,ff033b73096b456e83fa0fbf21625a80fcbb24af6c3c1bfe9aa94587ca64f394,DEMAND:DWASHING,1.0,3407.0,active_valid_region,10.0,True,zero_shot_frozen,False,7832997.0,6.062742674802217e+18,5423305748300e732e01217d130959d5eb6ad19619d3ff69d39221a9f3752199,0.0,demand_noise_offset_v2,0.07343115627623883,0.02151037319571523,1.0795242971374306,10.000000153444152,6.250924632835325,0.4188441336154938,1.0,False,22751.0,10.0
0,2024,data/raw/sow_call_dataset_labeled/calm_grunt/35-0.wav,bce14de9ae101013d89c90c1a29bb636,calm_grunt,calm_grunt,64000,1.0,DEMAND,DWASHING,data/noise_sources/demand/audio/DWASHING/ch01.wav,ff033b73096b456e83fa0fbf21625a80fcbb24af6c3c1bfe9aa94587ca64f394,DEMAND:DWASHING,1.0,3407.0,active_valid_region,10.0,True,zero_shot_frozen,False,1090837.0,7.722246627014654e+18,6b2aee649f2ab8ac2522f7f5beb07e372b3d9c0403978632260fca4fe7c69fc1,0.0,demand_noise_offset_v2,565.1370232751316,0.010672823172817033,16744.587207147604,9.999999645422413,9.999999645422413,8818.1845703125,0.00011328862443674133,True,0.0,10.0
0,2024,data/raw/sow_call_dataset_labeled/feeding/387-1.wav,9241924820d30258f1b5a5e9d94aeac0,feeding,feeding,64000,1.0,DEMAND,DWASHING,data/noise_sources/demand/audio/DWASHING/ch01.wav,ff033b73096b456e83fa0fbf21625a80fcbb24af6c3c1bfe9aa94587ca64f394,DEMAND:DWASHING,1.0,3407.0,active_valid_region,10.0,True,zero_shot_frozen,False,6055104.0,4.1855543539882936e+18,ba161382498fd36a4c30175cb07a84ac1133c5859a18a37a74640580779c654c,0.0,demand_noise_offset_v2,844.63572587174,0.008998350523633314,29682.91443958812,10.000000109912072,10.000000109912072,5479.6826171875,0.0001823098288332521,True,0.0,10.0
0,2024,data/raw/sow_call_dataset_labeled/anxious_stress/1616-3.wav,6063d92c24fe5f2476915494d06f6c8a,stress_vocal,anxious_stress,63987,0.999796875,DEMAND,DWASHING,data/noise_sources/demand/audio/DWASHING/ch01.wav,ff033b73096b456e83fa0fbf21625a80fcbb24af6c3c1bfe9aa94587ca64f394,DEMAND:DWASHING,1.0,3407.0,active_valid_region,10.0,True,zero_shot_frozen,False,2007274.0,8.198801389543284e+18,f1c7fe6cb7b4dcad4e07b1c496dfd77aeeb60af7426bb5ae8442bb2a54b4d27c,0.0,demand_noise_offset_v2,627.475414910057,0.015818381793133825,12543.960013256528,10.000000037777422,9.99911439621886,3870.895751953125,0.00025807979961639055,True,6.0,10.0
0,2024,data/raw/sow_call_dataset_labeled/calm_grunt/155-0.wav,68510d2282aa7349ec4e06faa0638875,calm_grunt,calm_grunt,64000,1.0,DEMAND,DWASHING,data/noise_sources/demand/audio/DWASHING/ch01.wav,ff033b73096b456e83fa0fbf21625a80fcbb24af6c3c1bfe9aa94587ca64f394,DEMAND:DWASHING,1.0,3407.0,active_valid_region,10.0,True,zero_shot_frozen,False,2824944.0,2.1345326295066854e+18,1d9f621e0739fa1fa021b245ad5dd3d723e3ddfb1367b7dc1a437d8fd075240d,0.0,demand_noise_offset_v2,897.9188141246865,0.01740973536074857,16309.659783532115,9.999999803928173,9.999999803928173,12409.78515625,8.050099074413619e-05,True,0.0,10.0
0,2024,data/raw/sow_call_dataset_labeled/anxious_stress/1468-3.wav,d20184e28961e933d131951e2eb5242b,stress_vocal,anxious_stress,64000,1.0,DEMAND,DWASHING,data/noise_sources/demand/audio/DWASHING/ch01.wav,ff033b73096b456e83fa0fbf21625a80fcbb24af6c3c1bfe9aa94587ca64f394,DEMAND:DWASHING,1.0,3407.0,active_valid_region,10.0,True,zero_shot_frozen,False,1676718.0,9.171037782957602e+18,7f461245fadfb3a13c57f21b3ccce3de63a34baffd4867234c0f5bc60d3115e0,0.0,demand_noise_offset_v2,483.6170731235223,0.009142240127173046,16728.191834176097,10.00000021233588,10.00000021233588,4365.24951171875,0.00022885289771366565,True,0.0,10.0
0,2024,data/raw/sow_call_dataset_labeled/calm_grunt/86-0.wav,6686d8c376a0e89e3ba4cf02a3221421,calm_grunt,calm_grunt,64000,1.0,DEMAND,DWASHING,data/noise_sources/demand/audio/DWASHING/ch01.wav,ff033b73096b456e83fa0fbf21625a80fcbb24af6c3c1bfe9aa94587ca64f394,DEMAND:DWASHING,1.0,3407.0,active_valid_region,10.0,True,zero_shot_frozen,False,2858378.0,7.361732183872822e+18,e62a206ac74cdde79b8139a077afc6daf3aa911144e9e783872a10d08dff70ef,0.0,demand_noise_offset_v2,953.8544513051378,0.014453734451853445,20869.01923141122,9.999999881593789,9.999999881593789,16142.2587890625,6.188724967517506e-05,True,0.0,10.0
0,2024,data/external/korea_raw/abdominal_cough/train_abdominal_05140.wav,ffc07baef90cf2dfcbaa9c4fa0e982c0,cough,abdominal_cough,13985,0.218515625,DEMAND,DWASHING,data/noise_sources/demand/audio/DWASHING/ch01.wav,ff033b73096b456e83fa0fbf21625a80fcbb24af6c3c1bfe9aa94587ca64f394,DEMAND:DWASHING,1.0,3407.0,active_valid_region,10.0,True,zero_shot_frozen,False,2571325.0,7.669727482136093e+17,8aa4d5a6a1ad6387a84ee1c734564edd500c56a84d5aa5e0915e6edb1319f723,0.0,demand_noise_offset_v2,0.0378744874036115,0.01965135642913196,0.609472663318131,9.999999588065226,5.381183247702969,0.19654639065265656,1.0,False,25007.0,10.0
0,2024,data/raw/sow_call_dataset_labeled/feeding/321-1.wav,09b3ffe59b3de4c1fad3e875d3de4e0d,feeding,feeding,63992,0.999875,DEMAND,DWASHING,data/noise_sources/demand/audio/DWASHING/ch01.wav,ff033b73096b456e83fa0fbf21625a80fcbb24af6c3c1bfe9aa94587ca64f394,DEMAND:DWASHING,1.0,3407.0,active_valid_region,10.0,True,zero_shot_frozen,False,2796003.0,7.683281054305098e+18,6aa07f693f58167db6d637125f56530691a2aed08f7edea1859a70b6dd60f609,0.0,demand_noise_offset_v2,670.3121940538623,0.015720010189984646,13484.172408141745,9.999999719867088,9.999958751260543,5520.1767578125,0.00018097246588818965,True,4.0,10.0
0,2024,data/raw/sow_call_dataset_labeled/feeding/461-1.wav,81b6b443e611971e62ee7f480b5e80b8,feeding,feeding,64000,1.0,DEMAND,DWASHING,data/noise_sources/demand/audio/DWASHING/ch01.wav,ff033b73096b456e83fa0fbf21625a80fcbb24af6c3c1bfe9aa94587ca64f394,DEMAND:DWASHING,1.0,3407.0,active_valid_region,0.0,True,zero_shot_frozen,False,2879508.0,6.725837419867118e+17,89557f598ed228f3ee8cd820fa37b6abc136a96ca58470295b2da20ca682ea9b,0.0,demand_noise_offset_v2,330.3920405704791,0.015272256076896034,21633.4796186595,-3.3850966793656696e-07,-3.3850966793656696e-07,3116.31982421875,0.00032057043447087323,True,0.0,0.0
0,2024,data/raw/sow_call_dataset_labeled/calm_grunt/74-0.wav,231dcdc74cf41f59690ae1408467d2ee,calm_grunt,calm_grunt,64000,1.0,DEMAND,DWASHING,data/noise_sources/demand/audio/DWASHING/ch01.wav,ff033b73096b456e83fa0fbf21625a80fcbb24af6c3c1bfe9aa94587ca64f394,DEMAND:DWASHING,1.0,3407.0,active_valid_region,0.0,True,zero_shot_frozen,False,2260651.0,4.3308723393831823e+18,3c1a59725c7fe41e03adf0317ad7ec4658bcdfe871320ea1e0172278cc211fd9,0.0,demand_noise_offset_v2,689.0697472656415,0.01683787374873791,40923.798191401154,2.761238097383095e-07,2.761238097383095e-07,15098.0478515625,6.616749462061171e-05,True,0.0,0.0
0,2024,data/external/korea_raw/dry_cough/train_dry_16871.wav,0087b3873541a379748a345b960d0af7,cough,dry_cough,15649,0.244515625,DEMAND,DWASHING,data/noise_sources/demand/audio/DWASHING/ch01.wav,ff033b73096b456e83fa0fbf21625a80fcbb24af6c3c1bfe9aa94587ca64f394,DEMAND:DWASHING,1.0,3407.0,active_valid_region,0.0,True,zero_shot_frozen,False,5365855.0,6.191576672756326e+17,0897b09e31ec702bc3cc99f3159bfe431430b22e44d880b8a61b7f8fba491370,0.0,demand_noise_offset_v2,0.05542253586361861,0.01060225300119698,5.2274300431579475,2.9143045375225505e-07,-7.00792632547786,0.3461379408836365,1.0,False,24175.0,0.0
0,2024,data/raw/sow_call_dataset_labeled/anxious_stress/1567-3.wav,d76bf0e98eb7f34a4269a6dcebf2b860,stress_vocal,anxious_stress,64000,1.0,DEMAND,DWASHING,data/noise_sources/demand/audio/DWASHING/ch01.wav,ff033b73096b456e83fa0fbf21625a80fcbb24af6c3c1bfe9aa94587ca64f394,DEMAND:DWASHING,1.0,3407.0,active_valid_region,0.0,True,zero_shot_frozen,False,19736.0,7.000259102868106e+18,6125ea90aa25eb60197041e6d2c354885e3b001afef9878d77d844817605054d,0.0,demand_noise_offset_v2,2160.9679133716404,0.014948679902896181,144559.11340726286,2.397030987775989e-07,2.397030987775989e-07,15990.15234375,6.247595260657255e-05,True,0.0,0.0
0,2024,data/external/korea_raw/abdominal_cough/train_abdominal_00145.wav,e49ea7e3eb02dd8208d5767cc2a865bd,cough,abdominal_cough,13760,0.215,DEMAND,DWASHING,data/noise_sources/demand/audio/DWASHING/ch01.wav,ff033b73096b456e83fa0fbf21625a80fcbb24af6c3c1bfe9aa94587ca64f394,DEMAND:DWASHING,1.0,3407.0,active_valid_region,0.0,True,zero_shot_frozen,False,8778113.0,8.708518998112156e+18,f8dadfe39a37388158faf61ebaf1e9583d789d574426bb433b8bf8bd1112e6be,0.0,demand_noise_offset_v2,0.054280202175761995,0.01701573013826541,3.19000135372947,2.8170479498347165e-07,-4.683510353285237,0.3343537151813507,1.0,False,25120.0,0.0
0,2024,data/raw/sow_call_dataset_labeled/calm_grunt/126-0.wav,36fb7ca69b77d3439d07d4eed5009620,calm_grunt,calm_grunt,64000,1.0,DEMAND,DWASHING,data/noise_sources/demand/audio/DWASHING/ch01.wav,ff033b73096b456e83fa0fbf21625a80fcbb24af6c3c1bfe9aa94587ca64f394,DEMAND:DWASHING,1.0,3407.0,active_valid_region,0.0,True,zero_shot_frozen,False,683810.0,4.511883760604684e+17,0642f17001de9cbf46d80364c48a630618121a09ed8f798f9f1ab5c0eef63fc6,0.0,demand_noise_offset_v2,612.6466638729408,0.012598018588589837,48630.398468202104,5.759644443537997e-09,5.759644443537997e-09,8810.125,0.00011339226174429989,True,0.0,0.0
0,2024,data/raw/sow_call_dataset_labeled/feeding/422-1.wav,ad0e6cc5f381d90941387e48ac3c90e5,feeding,feeding,64000,1.0,DEMAND,DWASHING,data/noise_sources/demand/audio/DWASHING/ch01.wav,ff033b73096b456e83fa0fbf21625a80fcbb24af6c3c1bfe9aa94587ca64f394,DEMAND:DWASHING,1.0,3407.0,active_valid_region,0.0,True,zero_shot_frozen,False,8538222.0,9.140108300191884e+18,7ed83012998964d261540bda050e2c687ea3397d7c0e9987eb203080c16006fb,0.0,demand_noise_offset_v2,553.9720628504172,0.014037866221342855,39462.697116187825,4.0059916919951785e-07,4.0059916919951785e-07,6563.7646484375,0.0001521992413664331,True,0.0,0.0
0,2024,data/raw/sow_call_dataset_labeled/frightened_stress/1033-2.wav,8922fbed7e0303ce8677c3bc946a39ed,stress_vocal,frightened_stress,63995,0.999921875,DEMAND,DWASHING,data/noise_sources/demand/audio/DWASHING/ch01.wav,ff033b73096b456e83fa0fbf21625a80fcbb24af6c3c1bfe9aa94587ca64f394,DEMAND:DWASHING,1.0,3407.0,active_valid_region,0.0,True,zero_shot_frozen,False,8604794.0,3.581804388558209e+17,04f883361f7ea679317d9fba84d0b67f35973454ac6507265daf2a1e936a8722,0.0,demand_noise_offset_v2,242.93468520624987,0.013446173714011977,18067.198176466565,4.476246285969783e-07,-5.670235628946844e-05,2212.2119140625,0.0004515842237579487,True,2.0,0.0
0,2024,data/external/korea_raw/dry_cough/train_dry_08957.wav,24488fa53abe2228b8830f93c083ba5d,cough,dry_cough,16000,0.25,DEMAND,DWASHING,data/noise_sources/demand/audio/DWASHING/ch01.wav,ff033b73096b456e83fa0fbf21625a80fcbb24af6c3c1bfe9aa94587ca64f394,DEMAND:DWASHING,1.0,3407.0,active_valid_region,0.0,True,zero_shot_frozen,False,8831621.0,9.107863994691573e+18,fe65a20c322953c7053a62d379dfd881ea5675b8ad57d6ce306c6f5fd438dc00,0.0,demand_noise_offset_v2,0.1368990824889901,0.01134145108888365,12.070684907610461,3.3608791902045596e-07,-8.919016702339519,0.8373883962631226,1.0,False,24000.0,0.0
0,2024,data/raw/sow_call_dataset_labeled/calm_grunt/191-0.wav,3edbcd7e4d484f1fa45cd8c3904ed2b2,calm_grunt,calm_grunt,64000,1.0,DEMAND,DWASHING,data/noise_sources/demand/audio/DWASHING/ch01.wav,ff033b73096b456e83fa0fbf21625a80fcbb24af6c3c1bfe9aa94587ca64f394,DEMAND:DWASHING,1.0,3407.0,active_valid_region,0.0,True,zero_shot_frozen,False,4110549.0,7.044315970942685e+18,e1c2700d9da64e7df09203286ff4702c39b38b200793a7e686d83b2e0378c80c,0.0,demand_noise_offset_v2,1322.3588303029073,0.006279445973520324,210585.27071960442,2.0698322181095146e-07,2.0698322181095146e-07,19676.56640625,5.077105320990764e-05,True,0.0,0.0
0,2024,data/external/korea_raw/dry_cough/train_dry_03883.wav,d33384b82a4c07ee3479d6a84e6a107a,cough,dry_cough,16000,0.25,DEMAND,DWASHING,data/noise_sources/demand/audio/DWASHING/ch01.wav,ff033b73096b456e83fa0fbf21625a80fcbb24af6c3c1bfe9aa94587ca64f394,DEMAND:DWASHING,1.0,3407.0,active_valid_region,0.0,True,zero_shot_frozen,False,761274.0,2.443710362225094e+18,a1e9cda08a5e2d4bdfae8c784cab35b32e2dd5429bffd93db86fbe92401f13ed,0.0,demand_noise_offset_v2,0.05905472440135938,0.010141182136658733,5.823258433342411,4.691632091288747e-08,-5.785341451024543,0.41063737869262695,1.0,False,24000.0,0.0
0,2024,data/raw/sow_call_dataset_labeled/calm_grunt/164-0.wav,d61f937fb7139f1bd2472783afd2378a,calm_grunt,calm_grunt,64000,1.0,DEMAND,DWASHING,data/noise_sources/demand/audio/DWASHING/ch01.wav,ff033b73096b456e83fa0fbf21625a80fcbb24af6c3c1bfe9aa94587ca64f394,DEMAND:DWASHING,1.0,3407.0,active_valid_region,0.0,True,zero_shot_frozen,False,5630278.0,5.781853343679707e+18,d03d44fb856ef63c1a12479724161488ff837bf50eb3661d8dc76436efebdea0,0.0,demand_noise_offset_v2,1226.1967713311983,0.011824502622304205,103699.64898297371,5.0874443478827614e-08,5.0874443478827614e-08,15921.435546875,6.274559835127933e-05,True,0.0,0.0
0,2024,data/external/korea_raw/dry_cough/train_dry_05642.wav,88d7f4aa29a5020b78bb91ee3a01937f,cough,dry_cough,13056,0.204,DEMAND,DWASHING,data/noise_sources/demand/audio/DWASHING/ch01.wav,ff033b73096b456e83fa0fbf21625a80fcbb24af6c3c1bfe9aa94587ca64f394,DEMAND:DWASHING,1.0,3407.0,active_valid_region,0.0,True,zero_shot_frozen,False,1897621.0,9.204583489809632e+18,ffbd3fea7f874d7de6cfc6edf18e870fc6b3a2f361a7632e04ce5f79b4738303,0.0,demand_noise_offset_v2,0.060270272855776005,0.0104791734016488,5.751433872283575,3.3123477719403136e-08,-10.147564062227234,0.44170865416526794,1.0,False,25472.0,0.0
0,2024,data/raw/sow_call_dataset_labeled/feeding/386-1.wav,14e3565af5b36ce69c196167511c0621,feeding,feeding,64000,1.0,DEMAND,DWASHING,data/noise_sources/demand/audio/DWASHING/ch01.wav,ff033b73096b456e83fa0fbf21625a80fcbb24af6c3c1bfe9aa94587ca64f394,DEMAND:DWASHING,1.0,3407.0,active_valid_region,0.0,True,zero_shot_frozen,False,6729423.0,1.2096745585047043e+18,10c9a09a118018ffc681c29ecc6650e6bf8a2cc0b4960c3321dbe6addc86bd8e,0.0,demand_noise_offset_v2,302.42735361492004,0.018066748480804116,16739.44561392707,1.5063730680312548e-07,1.5063730680312548e-07,2699.6328125,0.00037005032513102185,True,0.0,0.0
0,2024,data/raw/sow_call_dataset_labeled/anxious_stress/1691-3.wav,ff6ed75be70451ec0c28fb565f81cd54,stress_vocal,anxious_stress,63988,0.9998125,DEMAND,DWASHING,data/noise_sources/demand/audio/DWASHING/ch01.wav,ff033b73096b456e83fa0fbf21625a80fcbb24af6c3c1bfe9aa94587ca64f394,DEMAND:DWASHING,1.0,3407.0,active_valid_region,0.0,True,zero_shot_frozen,False,5330952.0,8.20229009603929e+18,71d463627f206501c175b85465f0ada8f42e457d058991e6195dbc4ebdeb2ab9,0.0,demand_noise_offset_v2,496.3896603203642,0.011764900074484073,42192.42468509724,-2.307020812550497e-07,-0.0031646296440211367,3807.87841796875,0.0002623508133258362,True,6.0,0.0
0,2024,data/external/korea_raw/abdominal_cough/train_abdominal_04314.wav,14cfa356c56f5fb97ab95f6e8f359b80,cough,abdominal_cough,20001,0.312515625,DEMAND,DWASHING,data/noise_sources/demand/audio/DWASHING/ch01.wav,ff033b73096b456e83fa0fbf21625a80fcbb24af6c3c1bfe9aa94587ca64f394,DEMAND:DWASHING,1.0,3407.0,active_valid_region,0.0,True,zero_shot_frozen,False,621333.0,2.7171043216129843e+18,25b517fc136bb001d3743d19616be86eaae10dd71f52dfadf5652a4e19fec532,0.0,demand_noise_offset_v2,0.041687123283452435,0.011033030754553242,3.7783927382100786,-1.2324431727699775e-07,-5.172183020110386,0.22609183192253113,1.0,False,21999.0,0.0
0,2024,data/external/korea_raw/dry_cough/train_dry_17215.wav,7de8d3e02d0b1fe49ade87fb918a2119,cough,dry_cough,13536,0.2115,DEMAND,DWASHING,data/noise_sources/demand/audio/DWASHING/ch01.wav,ff033b73096b456e83fa0fbf21625a80fcbb24af6c3c1bfe9aa94587ca64f394,DEMAND:DWASHING,1.0,3407.0,active_valid_region,0.0,True,zero_shot_frozen,False,9511077.0,5.001918000195901e+18,456a61eb7d4f1857dcaa6183835c3df4144f0b027458253c77f058032d288b0e,0.0,demand_noise_offset_v2,0.3094046526918556,0.0151635196785983,20.40454058489781,-1.8130013942449182e-07,-4.888260095628713,1.471932291984558,0.6786996966097408,True,25232.0,0.0
0,2024,data/external/korea_raw/dry_cough/train_dry_08205.wav,6704c14d5e967fb2463c9162bfcd787d,cough,dry_cough,22977,0.359015625,DEMAND,DWASHING,data/noise_sources/demand/audio/DWASHING/ch01.wav,ff033b73096b456e83fa0fbf21625a80fcbb24af6c3c1bfe9aa94587ca64f394,DEMAND:DWASHING,1.0,3407.0,active_valid_region,0.0,True,zero_shot_frozen,False,8588916.0,8.579110019868258e+18,f70f1f1be73df0ad48d3de5840e96f76f317e6c5d38110a8be5dad8aa80b9d91,0.0,demand_noise_offset_v2,0.09645465766897002,0.01151409386762965,8.377094956654775,-2.7660868720351374e-07,-5.917571332400769,0.6783925890922546,1.0,False,20511.0,0.0
0,2024,data/raw/sow_call_dataset_labeled/feeding/372-1.wav,a51ab823a33ac9f98b57ddd7d4c7dbac,feeding,feeding,64000,1.0,DEMAND,DWASHING,data/noise_sources/demand/audio/DWASHING/ch01.wav,ff033b73096b456e83fa0fbf21625a80fcbb24af6c3c1bfe9aa94587ca64f394,DEMAND:DWASHING,1.0,3407.0,active_valid_region,0.0,True,zero_shot_frozen,False,5646676.0,3.9285566551771914e+18,36850976a7d550005bda9e9ef8b7a7cc3abd909c07b9e66de7816073d0dbd167,0.0,demand_noise_offset_v2,174.77702599599246,0.010466639787947742,16698.48485635733,2.475812817279514e-07,2.475812817279514e-07,1972.4613037109375,0.0005064738142748389,True,0.0,0.0
0,2024,data/raw/sow_call_dataset_labeled/calm_grunt/234-0.wav,60811846bec973804cf5cb64ea03726f,calm_grunt,calm_grunt,64000,1.0,DEMAND,DWASHING,data/noise_sources/demand/audio/DWASHING/ch01.wav,ff033b73096b456e83fa0fbf21625a80fcbb24af6c3c1bfe9aa94587ca64f394,DEMAND:DWASHING,1.0,3407.0,active_valid_region,0.0,True,zero_shot_frozen,False,1136548.0,6.801651935538519e+18,de6452660f9f1d75570db6a92b62be64e857b0ec6382039325e47d190f11a7d0,0.0,demand_noise_offset_v2,1365.608504954749,0.012806021820894561,106637.99609700764,-3.1244148472014455e-07,-3.1244148472014455e-07,17492.876953125,5.710895941685192e-05,True,0.0,0.0
0,2024,data/raw/sow_call_dataset_labeled/anxious_stress/1358-3.wav,2d25df36b23419dad4eac8cb0c26741b,stress_vocal,anxious_stress,64000,1.0,DEMAND,DWASHING,data/noise_sources/demand/audio/DWASHING/ch01.wav,ff033b73096b456e83fa0fbf21625a80fcbb24af6c3c1bfe9aa94587ca64f394,DEMAND:DWASHING,1.0,3407.0,active_valid_region,0.0,True,zero_shot_frozen,False,7721536.0,5.827546726151101e+18,d0df9adf2c3a1a0e416a99e6306171c9e4ea37d7d88e895cc9916d6f74501a77,0.0,demand_noise_offset_v2,249.80913756039314,0.015503571325705803,16113.005985027165,6.871105498091262e-08,6.871105498091262e-08,2415.04833984375,0.0004136563163222786,True,0.0,0.0
0,2024,data/external/korea_raw/abdominal_cough/train_abdominal_04310.wav,f720b0ab06424dff180f34747009278e,cough,abdominal_cough,12000,0.1875,DEMAND,DWASHING,data/noise_sources/demand/audio/DWASHING/ch01.wav,ff033b73096b456e83fa0fbf21625a80fcbb24af6c3c1bfe9aa94587ca64f394,DEMAND:DWASHING,1.0,3407.0,active_valid_region,0.0,True,zero_shot_frozen,False,4214221.0,7.413447678104888e+18,66e1db629662e25903f8e803ac224a9ec01eacac3e332d44ed42baf7571ffca9,0.0,demand_noise_offset_v2,0.048781646970011076,0.014823856329034156,3.2907528167597553,-1.8789498513589633e-07,-6.715185801372797,0.2560967206954956,1.0,False,26000.0,0.0
0,2024,data/raw/sow_call_dataset_labeled/anxious_stress/1628-3.wav,b4bafd8c58512f0cbd5d3fc95eff2e5e,stress_vocal,anxious_stress,64000,1.0,DEMAND,DWASHING,data/noise_sources/demand/audio/DWASHING/ch01.wav,ff033b73096b456e83fa0fbf21625a80fcbb24af6c3c1bfe9aa94587ca64f394,DEMAND:DWASHING,1.0,3407.0,active_valid_region,0.0,True,zero_shot_frozen,False,6655179.0,6.868166547482988e+18,df50a115f8f1cb4e281ec15f3c50a7800bd189ab0a1dca299d84cc81b364450a,0.0,demand_noise_offset_v2,716.2477665910692,0.01655979476026162,43252.212781636765,3.634235523930653e-07,3.634235523930653e-07,7119.20947265625,0.00014032456887762607,True,0.0,0.0
0,2024,data/external/korea_raw/dry_cough/train_dry_10991.wav,fed26a33f0b741bc95bbf8e3ae6cdaa1,cough,dry_cough,10016,0.1565,DEMAND,DWASHING,data/noise_sources/demand/audio/DWASHING/ch01.wav,ff033b73096b456e83fa0fbf21625a80fcbb24af6c3c1bfe9aa94587ca64f394,DEMAND:DWASHING,1.0,3407.0,active_valid_region,0.0,True,zero_shot_frozen,False,7255466.0,6.941780457286844e+18,6056288bf954be0e1938669655a2b6632a6cdd204639c8fbf2662d57f7982211,0.0,demand_noise_offset_v2,0.11561164243036151,0.019116203795001504,6.047834793464149,-1.1709177777106027e-07,-8.342633185184452,0.6091670393943787,1.0,False,26992.0,0.0
0,2024,data/raw/sow_call_dataset_labeled/anxious_stress/1697-3.wav,07cbbc074a5616ad1173d36f2d5a9c57,stress_vocal,anxious_stress,63996,0.9999375,DEMAND,DWASHING,data/noise_sources/demand/audio/DWASHING/ch01.wav,ff033b73096b456e83fa0fbf21625a80fcbb24af6c3c1bfe9aa94587ca64f394,DEMAND:DWASHING,1.0,3407.0,active_valid_region,0.0,True,zero_shot_frozen,False,7478024.0,2.928902326783032e+18,a8a58d25f1b7ba91843c38145466391aa40766cf14f7a16c642b5e33fe837a29,0.0,demand_noise_offset_v2,485.1177626907367,0.016894441586289746,28714.63730913851,1.7838720618723063e-07,-0.00037455265670906257,3075.589111328125,0.00032481582026690296,True,2.0,0.0
0,2024,data/raw/sow_call_dataset_labeled/feeding/407-1.wav,194745edca2b4ea2108f74e6798de76b,feeding,feeding,64000,1.0,DEMAND,DWASHING,data/noise_sources/demand/audio/DWASHING/ch01.wav,ff033b73096b456e83fa0fbf21625a80fcbb24af6c3c1bfe9aa94587ca64f394,DEMAND:DWASHING,1.0,3407.0,active_valid_region,0.0,True,zero_shot_frozen,False,1174677.0,5.022892777823114e+17,86f87d6fd8b3c2132b2f7eee466761eb1370c1ae25ec8c642de3ef83871df68f,0.0,demand_noise_offset_v2,651.8142671797953,0.012686532965342855,51378.43955952547,-3.139010474314084e-07,-3.139010474314084e-07,4820.0244140625,0.0002072603609818658,True,0.0,0.0
0,2024,data/external/korea_raw/abdominal_cough/train_abdominal_00976.wav,482167f50b0581254cf3db0cbf02e6d8,cough,abdominal_cough,10113,0.158015625,DEMAND,DWASHING,data/noise_sources/demand/audio/DWASHING/ch01.wav,ff033b73096b456e83fa0fbf21625a80fcbb24af6c3c1bfe9aa94587ca64f394,DEMAND:DWASHING,1.0,3407.0,active_valid_region,0.0,True,zero_shot_frozen,False,3409949.0,4.667068656184662e+18,40c4c237323f193b595261789dc0ddf5fa98c158a93a50ff2e65f06f147b1e07,0.0,demand_noise_offset_v2,0.04119018243817605,0.01068873452798674,3.853607022452111,1.8539272878562961e-07,-9.739039675011398,0.2287587821483612,1.0,False,26943.0,0.0
0,2024,data/raw/sow_call_dataset_labeled/calm_grunt/198-0.wav,d6f78c29d16485f14e15c559ba612000,calm_grunt,calm_grunt,64000,1.0,DEMAND,DWASHING,data/noise_sources/demand/audio/DWASHING/ch01.wav,ff033b73096b456e83fa0fbf21625a80fcbb24af6c3c1bfe9aa94587ca64f394,DEMAND:DWASHING,1.0,3407.0,active_valid_region,0.0,True,zero_shot_frozen,False,2976996.0,6.558963365681838e+18,5b061e6e224439e83ae45e94c70fff7b5d913ccde06ad808888e5297505da8a6,0.0,demand_noise_offset_v2,885.5858411836019,0.011043610182280008,80189.88596723253,3.4221088902908943e-07,3.4221088902908943e-07,16210.2412109375,6.162770726236614e-05,True,0.0,0.0
0,2024,data/raw/sow_call_dataset_labeled/anxious_stress/1471-3.wav,ed129f6416e1cbbabfb2990dc4759456,stress_vocal,anxious_stress,63998,0.99996875,DEMAND,DWASHING,data/noise_sources/demand/audio/DWASHING/ch01.wav,ff033b73096b456e83fa0fbf21625a80fcbb24af6c3c1bfe9aa94587ca64f394,DEMAND:DWASHING,1.0,3407.0,active_valid_region,0.0,True,zero_shot_frozen,False,505876.0,8.251268287071757e+18,728264ca3d5ba323b519d8ae52de5442ed5399b5b7083fae69428269ab444446,0.0,demand_noise_offset_v2,3076.2518728593964,0.009803892959105677,313778.60669135826,3.5233015532753463e-07,-0.00028021816031741987,22143.3359375,4.511515350802142e-05,True,1.0,0.0
0,2024,data/raw/sow_call_dataset_labeled/anxious_stress/1694-3.wav,4cadeb71267741745df4bb50bad5fc80,stress_vocal,anxious_stress,64000,1.0,DEMAND,DWASHING,data/noise_sources/demand/audio/DWASHING/ch01.wav,ff033b73096b456e83fa0fbf21625a80fcbb24af6c3c1bfe9aa94587ca64f394,DEMAND:DWASHING,1.0,3407.0,active_valid_region,0.0,True,zero_shot_frozen,False,4052221.0,7.366761022356357e+18,663bfe1e7abe7fc1dd8ec398587c5d614e727d4c7d3d93e5a42bdf6c313af775,0.0,demand_noise_offset_v2,825.0489726956336,0.008523414650461865,96797.93915117411,1.5255406961646107e-07,1.5255406961646107e-07,6151.3173828125,0.00016240423600826106,True,0.0,0.0
0,2024,data/raw/sow_call_dataset_labeled/calm_grunt/142-0.wav,c549a91a9505158b9f6442db3dcff4e4,calm_grunt,calm_grunt,64000,1.0,DEMAND,DWASHING,data/noise_sources/demand/audio/DWASHING/ch01.wav,ff033b73096b456e83fa0fbf21625a80fcbb24af6c3c1bfe9aa94587ca64f394,DEMAND:DWASHING,1.0,3407.0,active_valid_region,0.0,True,zero_shot_frozen,False,5461130.0,5.19903637005062e+18,4826b0086b341dfbdd402969b48a2d0ced8581b17de4299aa71b570c967b4535,0.0,demand_noise_offset_v2,1281.8327474401044,0.01681608990827346,76226.56363233685,1.248399717708323e-07,1.248399717708323e-07,16600.748046875,6.017801108595563e-05,True,0.0,0.0
0,2024,data/raw/sow_call_dataset_labeled/anxious_stress/1437-3.wav,9dcd542137ab5deb241d9b7b2ed7c5c9,stress_vocal,anxious_stress,64000,1.0,DEMAND,DWASHING,data/noise_sources/demand/audio/DWASHING/ch01.wav,ff033b73096b456e83fa0fbf21625a80fcbb24af6c3c1bfe9aa94587ca64f394,DEMAND:DWASHING,1.0,3407.0,active_valid_region,0.0,True,zero_shot_frozen,False,5408384.0,6.074829463616358e+18,d44e213619ee08da6ed6f11f9d64d50c16be091dd2f120ae4e09cba3762233db,0.0,demand_noise_offset_v2,3939.1785986192194,0.0127880980605969,308034.75074661366,2.3090404566461363e-08,2.3090404566461363e-08,26908.49609375,3.712582065231198e-05,True,0.0,0.0
0,2024,data/external/korea_raw/abdominal_cough/train_abdominal_14437.wav,12f71686d1214f4a37e7f533b384ea35,cough,abdominal_cough,17280,0.27,DEMAND,DWASHING,data/noise_sources/demand/audio/DWASHING/ch01.wav,ff033b73096b456e83fa0fbf21625a80fcbb24af6c3c1bfe9aa94587ca64f394,DEMAND:DWASHING,1.0,3407.0,active_valid_region,0.0,True,zero_shot_frozen,False,9080851.0,1.298768098964992e+18,920626b4706aefb5247bc973064e7bd98fbe38c04035d5cd259b8cd751dd29d4,0.0,demand_noise_offset_v2,0.05661227773846427,0.010840670152191305,5.222211998307209,2.6744959380130226e-07,-7.638254511336332,0.3710227310657501,1.0,False,23360.0,0.0
0,2024,data/raw/sow_call_dataset_labeled/anxious_stress/1561-3.wav,5fb81c5b843c88128bdd4a3474a270e3,stress_vocal,anxious_stress,64000,1.0,DEMAND,DWASHING,data/noise_sources/demand/audio/DWASHING/ch01.wav,ff033b73096b456e83fa0fbf21625a80fcbb24af6c3c1bfe9aa94587ca64f394,DEMAND:DWASHING,1.0,3407.0,active_valid_region,0.0,True,zero_shot_frozen,False,9239130.0,4.931748179187473e+18,c47116d6e6261dcbd8852e9807814a4bdf774c9a7d81b11f472e47892b54fea6,0.0,demand_noise_offset_v2,583.0942348172008,0.01364123808896281,42744.96427776487,-1.1114232563653329e-07,-1.1114232563653329e-07,5694.771484375,0.00017542407149101613,True,0.0,0.0
0,2024,data/raw/sow_call_dataset_labeled/calm_grunt/146-0.wav,e555283d4dcff3cbe68b58ea6baa9321,calm_grunt,calm_grunt,64000,1.0,DEMAND,DWASHING,data/noise_sources/demand/audio/DWASHING/ch01.wav,ff033b73096b456e83fa0fbf21625a80fcbb24af6c3c1bfe9aa94587ca64f394,DEMAND:DWASHING,1.0,3407.0,active_valid_region,0.0,True,zero_shot_frozen,False,8237671.0,6.953732355900402e+18,e0809ebc389566c1960db04f3b32bf5156e0e985b0458003a7fcb06434a52a2d,0.0,demand_noise_offset_v2,1034.7847744680178,0.011924153054095554,86780.56795929864,-2.3461886322969514e-07,-2.3461886322969514e-07,15260.080078125,6.546492514361345e-05,True,0.0,0.0
0,2024,data/raw/sow_call_dataset_labeled/feeding/385-1.wav,9fe1b1d16ab7b011126eec1b974d15be,feeding,feeding,64000,1.0,DEMAND,DWASHING,data/noise_sources/demand/audio/DWASHING/ch01.wav,ff033b73096b456e83fa0fbf21625a80fcbb24af6c3c1bfe9aa94587ca64f394,DEMAND:DWASHING,1.0,3407.0,active_valid_region,0.0,True,zero_shot_frozen,False,4367893.0,2.3536605549755996e+18,a0a9e1cdf52b5c99f199cd59ba9f786bed14cd0e8326d77db7ba9accbe7773e4,0.0,demand_noise_offset_v2,652.0218966575002,0.011527865826063617,56560.50360885784,-4.517353166418885e-08,-4.517353166418885e-08,5564.275390625,0.0001795382021679176,True,0.0,0.0
0,2024,data/raw/sow_call_dataset_labeled/feeding/347-1.wav,025adb61783547ff9a35c44600e53f23,feeding,feeding,64000,1.0,DEMAND,DWASHING,data/noise_sources/demand/audio/DWASHING/ch01.wav,ff033b73096b456e83fa0fbf21625a80fcbb24af6c3c1bfe9aa94587ca64f394,DEMAND:DWASHING,1.0,3407.0,active_valid_region,0.0,True,zero_shot_frozen,False,6580198.0,7.197714341983172e+18,63e36b0f14a43275bbdf0463c495aa5dcacdc627f235e891949fdcf18f44ccf7,0.0,demand_noise_offset_v2,352.84780930980054,0.01199549053504796,29415.03794937468,2.5276492358505155e-07,2.5276492358505155e-07,3689.355712890625,0.0002707789862900695,True,0.0,0.0
0,2024,data/raw/sow_call_dataset_labeled/calm_grunt/220-0.wav,3a8f7f2ee112f7bb25ecfbfa9daf8e5a,calm_grunt,calm_grunt,64000,1.0,DEMAND,DWASHING,data/noise_sources/demand/audio/DWASHING/ch01.wav,ff033b73096b456e83fa0fbf21625a80fcbb24af6c3c1bfe9aa94587ca64f394,DEMAND:DWASHING,1.0,3407.0,active_valid_region,0.0,True,zero_shot_frozen,False,8191279.0,7.02782151469395e+18,6187d66ec02e3cf019c0f23c0673e38d629f3c6a425a518b58cd5d4bbd5e648f,0.0,demand_noise_offset_v2,1629.5622357778977,0.014450050279978583,112772.08066436659,1.9446985045437267e-07,1.9446985045437267e-07,18645.94140625,5.3577343092215315e-05,True,0.0,0.0
0,2024,data/raw/sow_call_dataset_labeled/feeding/326-1.wav,68271e05998f6bb287503513fa9477b1,feeding,feeding,63986,0.99978125,DEMAND,DWASHING,data/noise_sources/demand/audio/DWASHING/ch01.wav,ff033b73096b456e83fa0fbf21625a80fcbb24af6c3c1bfe9aa94587ca64f394,DEMAND:DWASHING,1.0,3407.0,active_valid_region,0.0,True,zero_shot_frozen,False,8372923.0,4.2231767394352015e+18,ba9bbcde81ba43726def1329c6359c9d269ace23b6bd12afa1e09502cd5dd0b1,0.0,demand_noise_offset_v2,1257.3880442340817,0.011712348282423127,107355.75940147376,1.3255234836329947e-07,-0.0005678925147843404,13965.1591796875,7.153516742244213e-05,True,7.0,0.0
0,2024,data/raw/sow_call_dataset_labeled/feeding/362-1.wav,b3e4cd2d5cf837b812811f490fed3fb1,feeding,feeding,63995,0.999921875,DEMAND,DWASHING,data/noise_sources/demand/audio/DWASHING/ch01.wav,ff033b73096b456e83fa0fbf21625a80fcbb24af6c3c1bfe9aa94587ca64f394,DEMAND:DWASHING,1.0,3407.0,active_valid_region,0.0,True,zero_shot_frozen,False,1678916.0,2.1651670830574198e+17,830138cc8e8028aa7775ebae2c201f830a8b074d516b5a44916abb93253af95e,0.0,demand_noise_offset_v2,603.1509733220147,0.009177822792550961,65718.30672210766,2.6522301575164266e-07,-0.001969026570113408,5887.68798828125,0.00016967611089249157,True,2.0,0.0
0,2024,data/raw/sow_call_dataset_labeled/anxious_stress/1272-3.wav,ff6f943b9956c3adcddfef8911c4d1af,stress_vocal,anxious_stress,64000,1.0,DEMAND,DWASHING,data/noise_sources/demand/audio/DWASHING/ch01.wav,ff033b73096b456e83fa0fbf21625a80fcbb24af6c3c1bfe9aa94587ca64f394,DEMAND:DWASHING,1.0,3407.0,active_valid_region,0.0,True,zero_shot_frozen,False,3210949.0,6.742102283718522e+18,5d90c24e4c64724a33d49ed7296e06a16ec4b321deaf8ebb8b65a20db5ce654b,0.0,demand_noise_offset_v2,425.3430541197819,0.013641868889897997,31179.23633137646,1.9241727388289048e-09,1.9241727388289048e-09,3233.684326171875,0.00030893553582660426,True,0.0,0.0
0,2024,data/raw/sow_call_dataset_labeled/frightened_stress/934-2.wav,c1bbeae49e86333d4bd2c70e7d1857ff,stress_vocal,frightened_stress,63988,0.9998125,DEMAND,DWASHING,data/noise_sources/demand/audio/DWASHING/ch01.wav,ff033b73096b456e83fa0fbf21625a80fcbb24af6c3c1bfe9aa94587ca64f394,DEMAND:DWASHING,1.0,3407.0,active_valid_region,0.0,True,zero_shot_frozen,False,4092936.0,7.120715293252411e+18,e2d1dcd501006082d81fe492657d4ed5e73359675f160f84bb715030690bd123,0.0,demand_noise_offset_v2,165.8682129147972,0.005998301014356701,27652.532361713435,-2.658257391428313e-07,-0.00041265917792416803,2327.31298828125,0.0004292503866176479,True,6.0,0.0
0,2024,data/raw/sow_call_dataset_labeled/feeding/417-1.wav,8f86c8ddfdba8a759f93ddcddf3c6ca4,feeding,feeding,64000,1.0,DEMAND,DWASHING,data/noise_sources/demand/audio/DWASHING/ch01.wav,ff033b73096b456e83fa0fbf21625a80fcbb24af6c3c1bfe9aa94587ca64f394,DEMAND:DWASHING,1.0,3407.0,active_valid_region,0.0,True,zero_shot_frozen,False,3423854.0,5.213781995461046e+18,c85b1319dfc871071677ee4ddc8aa47b76f1c616f573949b2ef5f67c2b617e99,0.0,demand_noise_offset_v2,558.077182472185,0.014068866764507157,39667.52914883652,3.966669100544176e-07,3.966669100544176e-07,5398.50537109375,0.00018505121905576622,True,0.0,0.0
0,2024,data/raw/sow_call_dataset_labeled/frightened_stress/668-2.wav,cf12385bb9ae5881f1be95db8e682af9,stress_vocal,frightened_stress,63996,0.9999375,DEMAND,DWASHING,data/noise_sources/demand/audio/DWASHING/ch01.wav,ff033b73096b456e83fa0fbf21625a80fcbb24af6c3c1bfe9aa94587ca64f394,DEMAND:DWASHING,1.0,3407.0,active_valid_region,0.0,True,zero_shot_frozen,False,727990.0,1.661900067641747e+18,1710414e6ffbe5959a9b1cb31d1a444279fddb81314b9f86d46fd5bc067f0bcb,0.0,demand_noise_offset_v2,125.29251777555456,0.008944089700211343,14008.414715764085,-2.000607584677339e-07,-0.0002730377720569482,1410.967041015625,0.0007080250430803204,True,2.0,0.0
0,2024,data/raw/sow_call_dataset_labeled/calm_grunt/151-0.wav,af2dea9baecdb955b1cd31003d1067a8,calm_grunt,calm_grunt,64000,1.0,DEMAND,DWASHING,data/noise_sources/demand/audio/DWASHING/ch01.wav,ff033b73096b456e83fa0fbf21625a80fcbb24af6c3c1bfe9aa94587ca64f394,DEMAND:DWASHING,1.0,3407.0,active_valid_region,0.0,True,zero_shot_frozen,False,878593.0,7.950287950258264e+18,6e5518c4b136564aa6579b128b63653ec22ab06dc5377bd36957e1888c31f821,0.0,demand_noise_offset_v2,1022.6523819253595,0.013561450837426336,75408.77404525815,6.83173432232837e-08,6.83173432232837e-08,11391.451171875,8.769734293963246e-05,True,0.0,0.0
0,2024,data/raw/sow_call_dataset_labeled/anxious_stress/1777-3.wav,8c25af4b7b10e82ca566df1c08e21410,stress_vocal,anxious_stress,64000,1.0,DEMAND,DWASHING,data/noise_sources/demand/audio/DWASHING/ch01.wav,ff033b73096b456e83fa0fbf21625a80fcbb24af6c3c1bfe9aa94587ca64f394,DEMAND:DWASHING,1.0,3407.0,active_valid_region,0.0,True,zero_shot_frozen,False,5403889.0,1.582293966535213e+18,15f56ffaad93404d72a495af6da4150ef7b6482972185e9c4d40dab8d2726063,0.0,demand_noise_offset_v2,367.3406052258028,0.012287910633493658,29894.4723950488,-8.056986589601501e-08,-8.056986589601501e-08,2630.6455078125,0.00037975470166283005,True,0.0,0.0
0,2024,data/external/korea_raw/abdominal_cough/train_abdominal_07806.wav,c3a126a94bddfdd955e8fad5c1655596,cough,abdominal_cough,21088,0.3295,DEMAND,DWASHING,data/noise_sources/demand/audio/DWASHING/ch01.wav,ff033b73096b456e83fa0fbf21625a80fcbb24af6c3c1bfe9aa94587ca64f394,DEMAND:DWASHING,1.0,3407.0,active_valid_region,0.0,True,zero_shot_frozen,False,463050.0,7.554575576349866e+18,e8d73e75f92cf664154ef4e8fe7ebd7d158cf2446bd04e776cdd555b2def864e,0.0,demand_noise_offset_v2,0.1663492143652448,0.013904938102589538,11.96331929980079,3.399079189083388e-07,-4.584291047719739,1.225235939025879,0.81535316438257,True,21456.0,0.0
0,2024,data/raw/sow_call_dataset_labeled/feeding/288-1.wav,afb9ba311c29eb6543ac849e5b6bf4ec,feeding,feeding,63984,0.99975,DEMAND,DWASHING,data/noise_sources/demand/audio/DWASHING/ch01.wav,ff033b73096b456e83fa0fbf21625a80fcbb24af6c3c1bfe9aa94587ca64f394,DEMAND:DWASHING,1.0,3407.0,active_valid_region,0.0,True,zero_shot_frozen,False,3606059.0,5.142671349139689e+18,475e7058520ccea5490797dc1a5c4272d1619f0250e88c9d6c77da85afff9163,0.0,demand_noise_offset_v2,693.5544062944717,0.01707050374871881,40628.81895600328,-2.9083534038637875e-07,-0.0005014850905392565,7595.02392578125,0.00013153348952712343,True,8.0,0.0
0,2024,data/raw/sow_call_dataset_labeled/calm_grunt/0-0.wav,375a9f28f51a47761e2685a85bf05fd5,calm_grunt,calm_grunt,64000,1.0,DEMAND,DWASHING,data/noise_sources/demand/audio/DWASHING/ch01.wav,ff033b73096b456e83fa0fbf21625a80fcbb24af6c3c1bfe9aa94587ca64f394,DEMAND:DWASHING,1.0,3407.0,active_valid_region,0.0,True,zero_shot_frozen,False,6976621.0,6.552258570202195e+18,daee4c7449692357e2fb933ec7e0e4d85d8b0eca0db8f3422f2afc9db7e63475,0.0,demand_noise_offset_v2,895.5736098104353,0.014271510651814048,62752.54467869519,2.3209532094912073e-07,2.3209532094912073e-07,15456.9033203125,6.463131581389763e-05,True,0.0,0.0
0,2024,data/external/korea_raw/dry_cough/train_dry_11727.wav,fc93924539d8087a01f3402a5a8c7d0b,cough,dry_cough,12000,0.1875,DEMAND,DWASHING,data/noise_sources/demand/audio/DWASHING/ch01.wav,ff033b73096b456e83fa0fbf21625a80fcbb24af6c3c1bfe9aa94587ca64f394,DEMAND:DWASHING,1.0,3407.0,active_valid_region,0.0,True,zero_shot_frozen,False,2577432.0,3.2772517614075587e+18,ad7b231d06388375c42776212bb12c8f275b79586c7bbd221aacf7657fe461ae,0.0,demand_noise_offset_v2,0.0506836254697083,0.02242984154697364,2.2596515166442104,3.6205230579406124e-07,-4.0356017269278786,0.27037501335144043,1.0,False,26000.0,0.0
0,2024,data/external/korea_raw/dry_cough/train_dry_17197.wav,a81227276c0cb075353c856ae7e0af41,cough,dry_cough,11456,0.179,DEMAND,DWASHING,data/noise_sources/demand/audio/DWASHING/ch01.wav,ff033b73096b456e83fa0fbf21625a80fcbb24af6c3c1bfe9aa94587ca64f394,DEMAND:DWASHING,1.0,3407.0,active_valid_region,0.0,True,zero_shot_frozen,False,894732.0,2.0137413828454886e+18,9bf23f1e52025e2502849e91f15ca27d406bd1962e6d83e89755261ddb49c81d,0.0,demand_noise_offset_v2,0.16823038367116366,0.01625685753692442,10.348272000850084,-2.6848371502064437e-07,-6.516555146986292,0.881931722164154,1.0,False,26272.0,0.0
0,2024,data/raw/sow_call_dataset_labeled/feeding/431-1.wav,91ae5382a6836df66540a8ba89013364,feeding,feeding,63754,0.99615625,DEMAND,DWASHING,data/noise_sources/demand/audio/DWASHING/ch01.wav,ff033b73096b456e83fa0fbf21625a80fcbb24af6c3c1bfe9aa94587ca64f394,DEMAND:DWASHING,1.0,3407.0,active_valid_region,0.0,True,zero_shot_frozen,False,8748483.0,6.946128121455546e+18,60659ab96bb591960690fcc4026b157e45ffae1a195c7ebe93db602df93d8445,0.0,demand_noise_offset_v2,756.5556176476762,0.014259321280338641,53056.91643899259,-2.4723708462223744e-07,-0.020692526581417448,12336.4619140625,8.097945804552165e-05,True,123.0,0.0
0,2024,data/external/korea_raw/abdominal_cough/train_abdominal_01313.wav,a01b0c33cc7f711409675f20113a2224,cough,abdominal_cough,15040,0.235,DEMAND,DWASHING,data/noise_sources/demand/audio/DWASHING/ch01.wav,ff033b73096b456e83fa0fbf21625a80fcbb24af6c3c1bfe9aa94587ca64f394,DEMAND:DWASHING,1.0,3407.0,active_valid_region,0.0,True,zero_shot_frozen,False,6165328.0,8.671164723344428e+18,f8562a5fc3d7cdf82b76921f42a41c9fa85f62c7457413c9c9be594d33af962f,0.0,demand_noise_offset_v2,0.04692561887131154,0.011161330990936639,4.204303134582843,-2.7390987301804536e-07,-5.812917973169752,0.27173537015914917,1.0,False,24480.0,0.0
0,2024,data/raw/sow_call_dataset_labeled/calm_grunt/193-0.wav,ca1ead94c16e1fb25c9557ecd7dcc551,calm_grunt,calm_grunt,64000,1.0,DEMAND,DWASHING,data/noise_sources/demand/audio/DWASHING/ch01.wav,ff033b73096b456e83fa0fbf21625a80fcbb24af6c3c1bfe9aa94587ca64f394,DEMAND:DWASHING,1.0,3407.0,active_valid_region,0.0,True,zero_shot_frozen,False,5815940.0,2.7100468670482273e+18,259c05446311e15fc93b28b2c18f0f4876bedd0297fdc3eb1a56d01c98b538b2,0.0,demand_noise_offset_v2,1062.7202043558248,0.01618425024831057,65663.85146366352,-1.7521771260970824e-08,-1.7521771260970824e-08,17557.0625,5.690017905899691e-05,True,0.0,0.0
0,2024,data/external/korea_raw/abdominal_cough/train_abdominal_10313.wav,c13956b428478c5dd0c3458c16330570,cough,abdominal_cough,14016,0.219,DEMAND,DWASHING,data/noise_sources/demand/audio/DWASHING/ch01.wav,ff033b73096b456e83fa0fbf21625a80fcbb24af6c3c1bfe9aa94587ca64f394,DEMAND:DWASHING,1.0,3407.0,active_valid_region,0.0,True,zero_shot_frozen,False,2433904.0,8.904961796878592e+18,7b94c792e15f67f2723f819d571b24007ca85bb77412cd3205012efb225ad4d3,0.0,demand_noise_offset_v2,0.2093419926545001,0.00808097016132278,25.905551991325847,2.56696102305048e-08,-9.168414156152382,1.2213791608810425,0.8179278245417015,True,24992.0,0.0
0,2024,data/raw/sow_call_dataset_labeled/feeding/312-1.wav,293a15b43b9611cb2e3eba6d3f5372cc,feeding,feeding,64000,1.0,DEMAND,DWASHING,data/noise_sources/demand/audio/DWASHING/ch01.wav,ff033b73096b456e83fa0fbf21625a80fcbb24af6c3c1bfe9aa94587ca64f394,DEMAND:DWASHING,1.0,3407.0,active_valid_region,0.0,True,zero_shot_frozen,False,5529213.0,3.421175723506869e+18,2f7a7531c1d123eb5a59bf367a66cecc3e97fa94a78f21206a4bf5b13be51a69,0.0,demand_noise_offset_v2,888.6756050769391,0.012637482084831477,70320.62234482603,-3.244525887739596e-07,-3.244525887739596e-07,11044.681640625,9.0450773730357e-05,True,0.0,0.0
0,2024,data/external/korea_raw/abdominal_cough/train_abdominal_11302.wav,3500df8d4dde9d30a7e33288debf2b46,cough,abdominal_cough,14017,0.219015625,DEMAND,DWASHING,data/noise_sources/demand/audio/DWASHING/ch01.wav,ff033b73096b456e83fa0fbf21625a80fcbb24af6c3c1bfe9aa94587ca64f394,DEMAND:DWASHING,1.0,3407.0,active_valid_region,0.0,True,zero_shot_frozen,False,9079421.0,3.824974626670699e+18,35150a284996e24e46382c3f33359cec5190debd68549ab05e7f010635cc2352,0.0,demand_noise_offset_v2,0.05705357375906903,0.011408336730885772,5.001042229460845,-2.375245372221149e-07,-8.100864398326342,0.29173150658607483,1.0,False,24991.0,0.0
0,2024,data/raw/sow_call_dataset_labeled/frightened_stress/1063-2.wav,a7e2073c043365484b8a8e53a336da67,stress_vocal,frightened_stress,64000,1.0,DEMAND,DWASHING,data/noise_sources/demand/audio/DWASHING/ch01.wav,ff033b73096b456e83fa0fbf21625a80fcbb24af6c3c1bfe9aa94587ca64f394,DEMAND:DWASHING,1.0,3407.0,active_valid_region,0.0,True,zero_shot_frozen,False,5683095.0,7.188238405619762e+18,63c1c0beb7c943a45ea6b277522281805581de16491fbf3756bf8ed8dffc52a7,0.0,demand_noise_offset_v2,170.68299385195073,0.017011079755694884,10033.636682869019,-3.5292626414252054e-08,-3.5292626414252054e-08,1520.8580322265625,0.0006568660445823774,True,0.0,0.0
0,2024,data/raw/sow_call_dataset_labeled/anxious_stress/1422-3.wav,01f9891a3e4465b442eb23655620dc44,stress_vocal,anxious_stress,64000,1.0,DEMAND,DWASHING,data/noise_sources/demand/audio/DWASHING/ch01.wav,ff033b73096b456e83fa0fbf21625a80fcbb24af6c3c1bfe9aa94587ca64f394,DEMAND:DWASHING,1.0,3407.0,active_valid_region,0.0,True,zero_shot_frozen,False,7744499.0,5.341334105889044e+18,ca203b11d831f9c841914cac9ddeaf2cf2d0831b64939f8571d1b16f0070bbe3,0.0,demand_noise_offset_v2,354.3738632589609,0.014228350910481267,24906.179604968314,-3.101777045332337e-08,-3.101777045332337e-08,2358.47705078125,0.00042357842730294084,True,0.0,0.0
0,2024,data/raw/sow_call_dataset_labeled/calm_grunt/182-0.wav,5ec24f69341475ee529256c8a2d68016,calm_grunt,calm_grunt,64000,1.0,DEMAND,DWASHING,data/noise_sources/demand/audio/DWASHING/ch01.wav,ff033b73096b456e83fa0fbf21625a80fcbb24af6c3c1bfe9aa94587ca64f394,DEMAND:DWASHING,1.0,3407.0,active_valid_region,0.0,True,zero_shot_frozen,False,6468430.0,7.928612980679157e+18,ee08177f92eea2c4dbc493b290f8d0aa451a5fe10d9c5b2f3c444709bc8cbf50,0.0,demand_noise_offset_v2,935.2707237111393,0.016097263218713114,58101.22571791486,-1.239874965005506e-07,-1.239874965005506e-07,17246.91015625,5.79234188007861e-05,True,0.0,0.0
0,2024,data/external/korea_raw/dry_cough/train_dry_09239.wav,2f9ff30122974c3c0529764de066c3c9,cough,dry_cough,19360,0.3025,DEMAND,DWASHING,data/noise_sources/demand/audio/DWASHING/ch01.wav,ff033b73096b456e83fa0fbf21625a80fcbb24af6c3c1bfe9aa94587ca64f394,DEMAND:DWASHING,1.0,3407.0,active_valid_region,0.0,True,zero_shot_frozen,False,1281303.0,5.603454221049374e+17,87c6bf314c14c3cf13ae91e9bdaf4133a85e2bd6ab1c1bd5606a2f811d63a9be,0.0,demand_noise_offset_v2,0.09613606142838353,0.009444987987826102,10.178526595512443,-2.4322082647497617e-07,-4.530301299957431,0.6687507629394531,1.0,False,22320.0,0.0
0,2024,data/external/korea_raw/abdominal_cough/train_abdominal_17672.wav,f15a33f36baf2b8e736629781a6abc75,cough,abdominal_cough,13920,0.2175,DEMAND,DWASHING,data/noise_sources/demand/audio/DWASHING/ch01.wav,ff033b73096b456e83fa0fbf21625a80fcbb24af6c3c1bfe9aa94587ca64f394,DEMAND:DWASHING,1.0,3407.0,active_valid_region,0.0,True,zero_shot_frozen,False,6578000.0,5.494444967299712e+18,cc40309641d5050514687bb56947b53365fd334d5daf60997a95690315f78296,0.0,demand_noise_offset_v2,0.06527721364023754,0.008657353058699562,7.540089123966369,-6.068036371370949e-09,-9.374104865165826,0.329867422580719,1.0,False,25040.0,0.0
0,2024,data/raw/sow_call_dataset_labeled/anxious_stress/1297-3.wav,15736b80e0e4f5e334117af31330abe5,stress_vocal,anxious_stress,63991,0.999859375,DEMAND,DWASHING,data/noise_sources/demand/audio/DWASHING/ch01.wav,ff033b73096b456e83fa0fbf21625a80fcbb24af6c3c1bfe9aa94587ca64f394,DEMAND:DWASHING,1.0,3407.0,active_valid_region,0.0,True,zero_shot_frozen,False,1328461.0,2.611233723570034e+18,a43cf73c96e996eab057fa5b07b2a7ab8820518808d90b566dc3979884244023,0.0,demand_noise_offset_v2,200.41826714700306,0.008034715586557635,24944.040020820394,3.3319335716392447e-07,-0.00022738275606161266,1717.8515625,0.0005815403506378334,True,4.0,0.0
0,2024,data/external/korea_raw/abdominal_cough/train_abdominal_00790.wav,be383be0d5e164640f96e7b8c086be90,cough,abdominal_cough,13184,0.206,DEMAND,DWASHING,data/noise_sources/demand/audio/DWASHING/ch01.wav,ff033b73096b456e83fa0fbf21625a80fcbb24af6c3c1bfe9aa94587ca64f394,DEMAND:DWASHING,1.0,3407.0,active_valid_region,0.0,True,zero_shot_frozen,False,5066817.0,1.7486915134976015e+18,984499aaa3c3c5e401095864b7adebf2b61fc1069ef33a73a76d097886089e5f,0.0,demand_noise_offset_v2,0.0518932068304845,0.004226733123415314,12.27737955420128,-3.0804881673204616e-07,-14.872379781471139,0.43162375688552856,1.0,False,25408.0,0.0
0,2024,data/raw/sow_call_dataset_labeled/feeding/444-1.wav,6e8f71772e6578a1413f49c0b64622ef,feeding,feeding,64000,1.0,DEMAND,DWASHING,data/noise_sources/demand/audio/DWASHING/ch01.wav,ff033b73096b456e83fa0fbf21625a80fcbb24af6c3c1bfe9aa94587ca64f394,DEMAND:DWASHING,1.0,3407.0,active_valid_region,0.0,True,zero_shot_frozen,False,4255619.0,3.3938478820375214e+18,2f195eaad68eebac9a7b4fc6c22260efe2d240fec6a8e556048cfe1fa6674b2a,0.0,demand_noise_offset_v2,1206.573424250525,0.01461510484982588,82556.60405097263,2.6347393600393463e-07,2.6347393600393463e-07,16613.5078125,6.0131792230437486e-05,True,0.0,0.0
0,2024,data/external/korea_raw/abdominal_cough/train_abdominal_08082.wav,d30dcaf230f9e2a911e1947f21cca67c,cough,abdominal_cough,16928,0.2645,DEMAND,DWASHING,data/noise_sources/demand/audio/DWASHING/ch01.wav,ff033b73096b456e83fa0fbf21625a80fcbb24af6c3c1bfe9aa94587ca64f394,DEMAND:DWASHING,1.0,3407.0,active_valid_region,0.0,True,zero_shot_frozen,False,7814323.0,5.113228096860368e+18,c6f5d5dcf0e8ac550c303f26d2b858f7a3d1f7aee6d413b66224fe660f6c57b1,0.0,demand_noise_offset_v2,0.07929913907403835,0.01660964441200642,4.774282766506206,-3.039903827291128e-07,-7.169195739595339,0.4969591498374939,1.0,False,23536.0,0.0
0,2024,data/external/korea_raw/abdominal_cough/train_abdominal_02327.wav,f671afbd25fd76072e59a1ea9a30ef8f,cough,abdominal_cough,13536,0.2115,DEMAND,DWASHING,data/noise_sources/demand/audio/DWASHING/ch01.wav,ff033b73096b456e83fa0fbf21625a80fcbb24af6c3c1bfe9aa94587ca64f394,DEMAND:DWASHING,1.0,3407.0,active_valid_region,0.0,True,zero_shot_frozen,False,1069831.0,3.167368743431321e+18,2bf4c11738e635884789641477c5ec909e6600f3b36b73de589588c8c8fa24b9,0.0,demand_noise_offset_v2,0.031630398778738876,0.0068077445665707375,4.646237600344051,4.2506243357440735e-07,-10.56543729694453,0.16968540847301483,1.0,False,25232.0,0.0
0,2024,data/raw/sow_call_dataset_labeled/calm_grunt/66-0.wav,9a1f2c7d433b216204177eeaf261b0b5,calm_grunt,calm_grunt,64000,1.0,DEMAND,DWASHING,data/noise_sources/demand/audio/DWASHING/ch01.wav,ff033b73096b456e83fa0fbf21625a80fcbb24af6c3c1bfe9aa94587ca64f394,DEMAND:DWASHING,1.0,3407.0,active_valid_region,0.0,True,zero_shot_frozen,False,2687070.0,7.108301400867401e+18,62a5c276731ced0c53dd36258fe48b6e3a17f6fa7de40ffef62cc020beb310c6,0.0,demand_noise_offset_v2,922.061769499096,0.017279288097423632,53362.254526942976,9.119148946141036e-08,9.119148946141036e-08,17460.11328125,5.721612362462747e-05,True,0.0,0.0
0,2024,data/raw/sow_call_dataset_labeled/calm_grunt/46-0.wav,937e8cf48f631aa7ec7153f60ad2f192,calm_grunt,calm_grunt,64000,1.0,DEMAND,DWASHING,data/noise_sources/demand/audio/DWASHING/ch01.wav,ff033b73096b456e83fa0fbf21625a80fcbb24af6c3c1bfe9aa94587ca64f394,DEMAND:DWASHING,1.0,3407.0,active_valid_region,0.0,True,zero_shot_frozen,False,6237720.0,1.3894879174233393e+18,934873e629b7270b08b5a91fd1b048bc26e3b52e3776774a54ff307a0f144749,0.0,demand_noise_offset_v2,807.7225364948797,0.012516654072986723,64531.82550104151,1.7332336268452289e-07,1.7332336268452289e-07,14649.609375,6.819294456443485e-05,True,0.0,0.0
0,2024,data/raw/sow_call_dataset_labeled/feeding/492-1.wav,b998236fc8e1bd90177833e700992ddb,feeding,feeding,63988,0.9998125,DEMAND,DWASHING,data/noise_sources/demand/audio/DWASHING/ch01.wav,ff033b73096b456e83fa0fbf21625a80fcbb24af6c3c1bfe9aa94587ca64f394,DEMAND:DWASHING,1.0,3407.0,active_valid_region,0.0,True,zero_shot_frozen,False,7878097.0,7.248374621458391e+18,e49766508efbe042bcebd62a71c2e7911580bc2ef8241b6a93f41dbb4dbbe294,0.0,demand_noise_offset_v2,253.67080108739273,0.014681534910501556,17278.22074692916,1.9853037692638972e-08,-0.0010271082578118067,2765.35791015625,0.00036125522715558866,True,6.0,0.0
0,2024,data/raw/sow_call_dataset_labeled/calm_grunt/13-0.wav,1e6abaca4ee7e6ae5e9ddcd4c3bc70ee,calm_grunt,calm_grunt,64000,1.0,DEMAND,DWASHING,data/noise_sources/demand/audio/DWASHING/ch01.wav,ff033b73096b456e83fa0fbf21625a80fcbb24af6c3c1bfe9aa94587ca64f394,DEMAND:DWASHING,1.0,3407.0,active_valid_region,0.0,True,zero_shot_frozen,False,5428330.0,1.6719822844277624e+18,1734130776101b3f6ac8349546d6f3400c6a0b0f9995ed66c12300cbce110cd5,0.0,demand_noise_offset_v2,1594.4521304256807,0.014600938520043839,109202.03028297481,-8.32836955645359e-08,-8.32836955645359e-08,18843.265625,5.3016288146710236e-05,True,0.0,0.0
0,2024,data/raw/sow_call_dataset_labeled/frightened_stress/1096-2.wav,9ea43ffa0a9fefd061e5e02543126bec,stress_vocal,frightened_stress,63990,0.99984375,DEMAND,DWASHING,data/noise_sources/demand/audio/DWASHING/ch01.wav,ff033b73096b456e83fa0fbf21625a80fcbb24af6c3c1bfe9aa94587ca64f394,DEMAND:DWASHING,1.0,3407.0,active_valid_region,0.0,True,zero_shot_frozen,False,1058678.0,4.3279036471964964e+18,bc0fcd6fd943c1478337a88b4e3987c998209cfcb030a0fb62b358b16de54293,0.0,demand_noise_offset_v2,236.52666961097475,0.009742985600466002,24276.610816263732,-1.840437186274585e-07,-0.0008080950296967029,2479.888916015625,0.000402840624653893,True,5.0,0.0
0,2024,data/raw/sow_call_dataset_labeled/feeding/355-1.wav,92852d0b9cb15d83bc32ce24b43cd421,feeding,feeding,64000,1.0,DEMAND,DWASHING,data/noise_sources/demand/audio/DWASHING/ch01.wav,ff033b73096b456e83fa0fbf21625a80fcbb24af6c3c1bfe9aa94587ca64f394,DEMAND:DWASHING,1.0,3407.0,active_valid_region,0.0,True,zero_shot_frozen,False,5887054.0,7.543952530967803e+18,68b180db7abeb248c4d9597000f006fcf50416f4c84e1febab91822fd619d52d,0.0,demand_noise_offset_v2,726.071745247488,0.013403254359368358,54171.30241507294,2.7229193702297884e-07,2.7229193702297884e-07,7507.9921875,0.00013305820984513378,True,0.0,0.0
0,2024,data/external/korea_raw/dry_cough/train_dry_14835.wav,2a6f1b93023cf43370fb4ddc4a25c557,cough,dry_cough,18272,0.2855,DEMAND,DWASHING,data/noise_sources/demand/audio/DWASHING/ch01.wav,ff033b73096b456e83fa0fbf21625a80fcbb24af6c3c1bfe9aa94587ca64f394,DEMAND:DWASHING,1.0,3407.0,active_valid_region,0.0,True,zero_shot_frozen,False,8252510.0,7.860118435804014e+18,ed14c0129a98e2df5ffc8949e68388c774a203cce2e75684da3d80b909a3a5f4,0.0,demand_noise_offset_v2,0.06389787947538701,0.00906864154757935,7.046025486853979,2.59140188711318e-07,-8.44847863844427,0.467603862285614,1.0,False,22864.0,0.0
0,2024,data/raw/sow_call_dataset_labeled/feeding/480-1.wav,314c5b727c3e60e13838edeb09727eb6,feeding,feeding,64000,1.0,DEMAND,DWASHING,data/noise_sources/demand/audio/DWASHING/ch01.wav,ff033b73096b456e83fa0fbf21625a80fcbb24af6c3c1bfe9aa94587ca64f394,DEMAND:DWASHING,1.0,3407.0,active_valid_region,0.0,True,zero_shot_frozen,False,2426534.0,5.374019031161905e+18,4a9459d608981f193352d6bc0518364fc7b74f743328bf3abc49e85a62c4655c,0.0,demand_noise_offset_v2,388.98274525887217,0.010022843529575417,38809.61965644395,-3.170670879471652e-07,-3.170670879471652e-07,4796.41552734375,0.00020828053664342239,True,0.0,0.0
0,2024,data/raw/sow_call_dataset_labeled/feeding/475-1.wav,fff1ba8bfd4f7a2c0c937a21d2533e26,feeding,feeding,64000,1.0,DEMAND,DWASHING,data/noise_sources/demand/audio/DWASHING/ch01.wav,ff033b73096b456e83fa0fbf21625a80fcbb24af6c3c1bfe9aa94587ca64f394,DEMAND:DWASHING,1.0,3407.0,active_valid_region,0.0,True,zero_shot_frozen,False,1811926.0,6.48300802720873e+18,59f84573c9c84286de3525a10e1e1792365ff97f41e9305f389d891ac766b52f,0.0,demand_noise_offset_v2,268.59140350268495,0.01669388207249579,16089.211744535203,-8.950656055640357e-08,-8.950656055640357e-08,2501.34716796875,0.0003993847846443684,True,0.0,0.0
0,2024,data/raw/sow_call_dataset_labeled/feeding/343-1.wav,04444d7ef6c62b6da94486d0aced7cd9,feeding,feeding,64000,1.0,DEMAND,DWASHING,data/noise_sources/demand/audio/DWASHING/ch01.wav,ff033b73096b456e83fa0fbf21625a80fcbb24af6c3c1bfe9aa94587ca64f394,DEMAND:DWASHING,1.0,3407.0,active_valid_region,0.0,True,zero_shot_frozen,False,4096288.0,4.339559038886359e+18,3c3935f432a83058fb2ab7e0dfda83323b87787e56e0e49f78b9b40cf452ccfd,0.0,demand_noise_offset_v2,908.7684383478191,0.005996797025989044,151542.30406821833,4.1481589735639525e-07,4.1481589735639525e-07,11412.5927734375,8.75348853527084e-05,True,0.0,0.0
0,2024,data/raw/sow_call_dataset_labeled/feeding/389-1.wav,43ae73622c7a2432d7d3632134dda63a,feeding,feeding,63990,0.99984375,DEMAND,DWASHING,data/noise_sources/demand/audio/DWASHING/ch01.wav,ff033b73096b456e83fa0fbf21625a80fcbb24af6c3c1bfe9aa94587ca64f394,DEMAND:DWASHING,1.0,3407.0,active_valid_region,0.0,True,zero_shot_frozen,False,5568060.0,3.583006962709138e+18,b1b965d958078ad3c3cc5bd05200b649baa9a2a66fa032dae2aa4deb05a19a75,0.0,demand_noise_offset_v2,1134.1709979160391,0.013873090354351357,81753.30578455444,1.2038383582599764e-07,-0.0006898696032975256,12793.7783203125,7.808482959360816e-05,True,5.0,0.0
0,2024,data/raw/sow_call_dataset_labeled/feeding/427-1.wav,fb79ad436b991a7f85596c6e029a1a41,feeding,feeding,63986,0.99978125,DEMAND,DWASHING,data/noise_sources/demand/audio/DWASHING/ch01.wav,ff033b73096b456e83fa0fbf21625a80fcbb24af6c3c1bfe9aa94587ca64f394,DEMAND:DWASHING,1.0,3407.0,active_valid_region,0.0,True,zero_shot_frozen,False,8784925.0,1.0267007826417439e+18,0e3f92ec0ffa07e30f2669b302234fbe24abf06b64583f14035bfed260b1c5a2,0.0,demand_noise_offset_v2,645.1817983714217,0.013866328241141318,46528.66910053167,2.11780799057777e-07,-0.0002036894798587209,4626.3388671875,0.00021593748937965803,True,7.0,0.0
0,2024,data/raw/sow_call_dataset_labeled/anxious_stress/1334-3.wav,11d045bea6c3d64015b13638a7d53109,stress_vocal,anxious_stress,63997,0.999953125,DEMAND,DWASHING,data/noise_sources/demand/audio/DWASHING/ch01.wav,ff033b73096b456e83fa0fbf21625a80fcbb24af6c3c1bfe9aa94587ca64f394,DEMAND:DWASHING,1.0,3407.0,active_valid_region,0.0,True,zero_shot_frozen,False,4460328.0,7.671735421843584e+18,ea777ab835c4b5a17ec15f43b8a3c5e9672eb6ee1d984dce414b94c6c3314730,0.0,demand_noise_offset_v2,3811.8301009912243,0.0138279207202297,275661.8423053777,-4.569233887958076e-08,-0.00019432405797130007,25041.083984375,3.989443909949548e-05,True,1.0,0.0
0,2024,data/raw/sow_call_dataset_labeled/anxious_stress/1383-3.wav,b3b31954241bce03f5720874592aee72,stress_vocal,anxious_stress,63992,0.999875,DEMAND,DWASHING,data/noise_sources/demand/audio/DWASHING/ch01.wav,ff033b73096b456e83fa0fbf21625a80fcbb24af6c3c1bfe9aa94587ca64f394,DEMAND:DWASHING,1.0,3407.0,active_valid_region,0.0,True,zero_shot_frozen,False,5025356.0,1.941918287905726e+18,1af31464e5749d86b3cd88bf31b5aebaf557cf4bd158dee1ff40c1252a0fc7eb,0.0,demand_noise_offset_v2,1199.8548664566226,0.005011793090357543,239406.30525332093,-2.632179420470742e-07,-0.0011074200019648207,9054.0517578125,0.00011033734141601185,True,4.0,0.0
0,2024,data/raw/sow_call_dataset_labeled/frightened_stress/571-2.wav,08169455610f31ed96247239437ecadf,stress_vocal,frightened_stress,64000,1.0,DEMAND,DWASHING,data/noise_sources/demand/audio/DWASHING/ch01.wav,ff033b73096b456e83fa0fbf21625a80fcbb24af6c3c1bfe9aa94587ca64f394,DEMAND:DWASHING,1.0,3407.0,active_valid_region,0.0,True,zero_shot_frozen,False,9457129.0,6.050034465485583e+18,53f60a4aba2373703d1c2b58aedf4fcf033f7606b4346712ce32bd37727c2e1a,0.0,demand_noise_offset_v2,82.93683624858953,0.014085194822084587,5888.2278375411925,-2.756733454622138e-07,-2.756733454622138e-07,871.637939453125,0.0011461180781400858,True,0.0,0.0
0,2024,data/external/korea_raw/abdominal_cough/train_abdominal_06751.wav,1d8dba5e198d447b4483b7ae2ad71b2f,cough,abdominal_cough,10976,0.1715,DEMAND,DWASHING,data/noise_sources/demand/audio/DWASHING/ch01.wav,ff033b73096b456e83fa0fbf21625a80fcbb24af6c3c1bfe9aa94587ca64f394,DEMAND:DWASHING,1.0,3407.0,active_valid_region,0.0,True,zero_shot_frozen,False,4541548.0,4.742029477152241e+18,41cf12af641735c3f3a3497f49c30d6ea2215fd450ca670ff77a76ba1c5a260a,0.0,demand_noise_offset_v2,0.0590139803387406,0.017965288950487025,3.2848890157784396,8.327908624506091e-08,-6.97909986052043,0.3241656720638275,1.0,False,26512.0,0.0
0,2024,data/raw/sow_call_dataset_labeled/calm_grunt/133-0.wav,4d295214452277e46a9aa9d386bf4466,calm_grunt,calm_grunt,64000,1.0,DEMAND,DWASHING,data/noise_sources/demand/audio/DWASHING/ch01.wav,ff033b73096b456e83fa0fbf21625a80fcbb24af6c3c1bfe9aa94587ca64f394,DEMAND:DWASHING,1.0,3407.0,active_valid_region,0.0,True,zero_shot_frozen,False,5454128.0,1.1014664836773751e+18,8f4931ee5b96aa6a65f356ebbadafa51add4eda55e29948fce3a2007cf2911a2,0.0,demand_noise_offset_v2,1228.2898693684476,0.016128614175272955,76155.94594925329,7.8593193476115e-08,7.8593193476115e-08,16177.466796875,6.175256067859627e-05,True,0.0,0.0
0,2024,data/raw/sow_call_dataset_labeled/calm_grunt/134-0.wav,f5e6656b16432a15c846dda524aab2f7,calm_grunt,calm_grunt,64000,1.0,DEMAND,DWASHING,data/noise_sources/demand/audio/DWASHING/ch01.wav,ff033b73096b456e83fa0fbf21625a80fcbb24af6c3c1bfe9aa94587ca64f394,DEMAND:DWASHING,1.0,3407.0,active_valid_region,0.0,True,zero_shot_frozen,False,5491636.0,1.4397434929271616e+18,13faff14279a851dec458cfdaa53356f85bc9e6f0237e5dd25dfbfe8bc18d3df,0.0,demand_noise_offset_v2,1263.1512551834044,0.014453020623899263,87397.04232447296,3.26007358877488e-07,3.26007358877488e-07,16066.935546875,6.21773826804393e-05,True,0.0,0.0
0,2024,data/raw/sow_call_dataset_labeled/anxious_stress/1682-3.wav,22f617734eec4c14399d7edd05952a94,stress_vocal,anxious_stress,64000,1.0,DEMAND,DWASHING,data/noise_sources/demand/audio/DWASHING/ch01.wav,ff033b73096b456e83fa0fbf21625a80fcbb24af6c3c1bfe9aa94587ca64f394,DEMAND:DWASHING,1.0,3407.0,active_valid_region,0.0,True,zero_shot_frozen,False,7217664.0,4.643641355889645e+18,c0718735ca1d93e89e2bda84df7aef0776d06205176219a919e7b71fbb5bd051,0.0,demand_noise_offset_v2,3713.545213927236,0.02047164771926831,181399.42934011976,3.557858149484475e-07,3.557858149484475e-07,25869.041015625,3.8617589241000475e-05,True,0.0,0.0
0,2024,data/raw/sow_call_dataset_labeled/anxious_stress/1376-3.wav,7955ec6fe3a43547095c229605227135,stress_vocal,anxious_stress,64000,1.0,DEMAND,DWASHING,data/noise_sources/demand/audio/DWASHING/ch01.wav,ff033b73096b456e83fa0fbf21625a80fcbb24af6c3c1bfe9aa94587ca64f394,DEMAND:DWASHING,1.0,3407.0,active_valid_region,0.0,True,zero_shot_frozen,False,4004593.0,4.4624269247375066e+17,06315f5d50830497c1e6f69aa0dd0e087b9d5756b6e945d71adf981fec86ac92,0.0,demand_noise_offset_v2,430.83975926257386,0.011066865251762979,38930.60496005769,-1.17168162150716e-07,-1.17168162150716e-07,3550.283935546875,0.0002813859449374201,True,0.0,0.0
0,2024,data/raw/sow_call_dataset_labeled/anxious_stress/1494-3.wav,c96e034455453c8a80062c77d5b0ffd8,stress_vocal,anxious_stress,64000,1.0,DEMAND,DWASHING,data/noise_sources/demand/audio/DWASHING/ch01.wav,ff033b73096b456e83fa0fbf21625a80fcbb24af6c3c1bfe9aa94587ca64f394,DEMAND:DWASHING,1.0,3407.0,active_valid_region,0.0,True,zero_shot_frozen,False,8648619.0,6.20025945438942e+18,560bbf1f96237e9017ad00aaf6fe29b4276588c617a74fab4236c53e7a70ed5f,0.0,demand_noise_offset_v2,3764.493110548208,0.0179069742274221,210224.96948610098,3.189545298306216e-08,3.189545298306216e-08,24981.2734375,3.9989954975648946e-05,True,0.0,0.0
0,2024,data/raw/sow_call_dataset_labeled/calm_grunt/163-0.wav,5695337a3756b87cd039848c7ee34d5d,calm_grunt,calm_grunt,64000,1.0,DEMAND,DWASHING,data/noise_sources/demand/audio/DWASHING/ch01.wav,ff033b73096b456e83fa0fbf21625a80fcbb24af6c3c1bfe9aa94587ca64f394,DEMAND:DWASHING,1.0,3407.0,active_valid_region,0.0,True,zero_shot_frozen,False,3957150.0,4.4454550674114237e+18,bdb16dd4ae04a2a4e93388edea2c5ef5dbfe7cf9aa206a50b43b9cdb95ff4dbc,0.0,demand_noise_offset_v2,1012.4039790838016,0.015230293443874197,66473.04484412297,-2.721894221168483e-07,-2.721894221168483e-07,17010.361328125,5.872891120474022e-05,True,0.0,0.0
0,2024,data/raw/sow_call_dataset_labeled/calm_grunt/200-0.wav,9f56e233d86a50f8c07037764ffc404c,calm_grunt,calm_grunt,64000,1.0,DEMAND,DWASHING,data/noise_sources/demand/audio/DWASHING/ch01.wav,ff033b73096b456e83fa0fbf21625a80fcbb24af6c3c1bfe9aa94587ca64f394,DEMAND:DWASHING,1.0,3407.0,active_valid_region,0.0,True,zero_shot_frozen,False,5064942.0,7.573236114511966e+18,69198a1f15a531b9b0add9845a6aaf01b1de70ca65faa0aa6fe27b9e2a62cde7,0.0,demand_noise_offset_v2,1501.611902094328,0.010494845517298727,143080.8961998736,3.3497454514368126e-07,3.3497454514368126e-07,18688.392578125,5.3455640757961286e-05,True,0.0,0.0
0,2024,data/raw/sow_call_dataset_labeled/calm_grunt/181-0.wav,66d65c98af61f5b9edb344b18a179881,calm_grunt,calm_grunt,64000,1.0,DEMAND,DWASHING,data/noise_sources/demand/audio/DWASHING/ch01.wav,ff033b73096b456e83fa0fbf21625a80fcbb24af6c3c1bfe9aa94587ca64f394,DEMAND:DWASHING,1.0,3407.0,active_valid_region,0.0,True,zero_shot_frozen,False,8915457.0,7.941634121057804e+18,ee365a2811c5a00f927fcffa8042b14054425c8b66f1ec0ad13c46eefb8503bd,0.0,demand_noise_offset_v2,1080.7881855900323,0.010327435546809928,104652.13563340805,2.2342685043104211e-07,2.2342685043104211e-07,15271.560546875,6.541571157273931e-05,True,0.0,0.0
0,2024,data/raw/sow_call_dataset_labeled/feeding/489-1.wav,cc82b9acc5ec838472efea0356add029,feeding,feeding,63988,0.9998125,DEMAND,DWASHING,data/noise_sources/demand/audio/DWASHING/ch01.wav,ff033b73096b456e83fa0fbf21625a80fcbb24af6c3c1bfe9aa94587ca64f394,DEMAND:DWASHING,1.0,3407.0,active_valid_region,0.0,True,zero_shot_frozen,False,4685346.0,5.38830101317925e+18,4ac71739196d34ac8fb570f2257785705604d55491d9aed98d9e08c085b1def4,0.0,demand_noise_offset_v2,111.61931926581481,0.010594029267042922,10536.05917562004,-3.2251350070977617e-07,-2.5002516104202895e-05,1492.31494140625,0.0006694297378397984,True,6.0,0.0
0,2024,data/external/korea_raw/dry_cough/train_dry_17231.wav,414bbf0cced84b1b83253974ff72e055,cough,dry_cough,20064,0.3135,DEMAND,DWASHING,data/noise_sources/demand/audio/DWASHING/ch01.wav,ff033b73096b456e83fa0fbf21625a80fcbb24af6c3c1bfe9aa94587ca64f394,DEMAND:DWASHING,1.0,3407.0,active_valid_region,0.0,True,zero_shot_frozen,False,6277094.0,7.900695399074332e+18,6da4e89b14637df9a02193b912d0170f8bd1809e69b1d0e23ab7397a3685b262,0.0,demand_noise_offset_v2,0.15677584411372072,0.012138219775746872,12.915884455064106,2.9324897278420093e-07,-2.912619469478132,1.0743038654327393,0.9299045010860069,True,21968.0,0.0
0,2024,data/raw/sow_call_dataset_labeled/feeding/406-1.wav,bf2cba2c96bb0cc4a444e2aed3985121,feeding,feeding,64000,1.0,DEMAND,DWASHING,data/noise_sources/demand/audio/DWASHING/ch01.wav,ff033b73096b456e83fa0fbf21625a80fcbb24af6c3c1bfe9aa94587ca64f394,DEMAND:DWASHING,1.0,3407.0,active_valid_region,0.0,True,zero_shot_frozen,False,6109051.0,5.228868288175388e+18,c890ac011dffb58c7f2330866de4904f36c83d86753265cf24d059893a193660,0.0,demand_noise_offset_v2,527.5342874146062,0.010845033096450072,48642.93937353544,3.315207640243219e-07,3.315207640243219e-07,4292.94091796875,0.00023270760513347278,True,0.0,0.0
0,2024,data/raw/sow_call_dataset_labeled/calm_grunt/255-0.wav,7fe4de8d725fb04b3437a3a1c91ff7ab,calm_grunt,calm_grunt,64000,1.0,DEMAND,DWASHING,data/noise_sources/demand/audio/DWASHING/ch01.wav,ff033b73096b456e83fa0fbf21625a80fcbb24af6c3c1bfe9aa94587ca64f394,DEMAND:DWASHING,1.0,3407.0,active_valid_region,0.0,True,zero_shot_frozen,False,1588728.0,2.8011160725549164e+18,26df903a1f45e9cb559fd30c392c16deb83a5f270da06b4685505acd8aa0a5bb,0.0,demand_noise_offset_v2,1961.689035486129,0.015467447631460629,126826.93888654736,9.533079756422358e-08,9.533079756422358e-08,16321.8017578125,6.120647798713916e-05,True,0.0,0.0
0,2024,data/raw/sow_call_dataset_labeled/anxious_stress/1359-3.wav,18b5dc855acc6b3ee7d7d2daae3afaa4,stress_vocal,anxious_stress,64000,1.0,DEMAND,DWASHING,data/noise_sources/demand/audio/DWASHING/ch01.wav,ff033b73096b456e83fa0fbf21625a80fcbb24af6c3c1bfe9aa94587ca64f394,DEMAND:DWASHING,1.0,3407.0,active_valid_region,0.0,True,zero_shot_frozen,False,5503418.0,3.9659116227342483e+17,0580f98f945de5cedbb7c0f3d92781976ddb63dfa704531e24ffecd8ea090ea2,0.0,demand_noise_offset_v2,665.4457462232906,0.012981316606890711,51261.8069780426,-2.7204794080816054e-07,-2.7204794080816054e-07,7002.4384765625,0.0001426645879637074,True,0.0,0.0
0,2024,data/raw/sow_call_dataset_labeled/feeding/298-1.wav,a386793de4da5cae07e7e1b426e07f80,feeding,feeding,63997,0.999953125,DEMAND,DWASHING,data/noise_sources/demand/audio/DWASHING/ch01.wav,ff033b73096b456e83fa0fbf21625a80fcbb24af6c3c1bfe9aa94587ca64f394,DEMAND:DWASHING,1.0,3407.0,active_valid_region,0.0,True,zero_shot_frozen,False,3782059.0,1.760341210845824e+18,986dfd012bf243a83a97c271f8dbfecee69225225269c801e13ee9292a540e5d,0.0,demand_noise_offset_v2,222.9550765863742,0.016222372322197056,13743.67892427823,1.3415271534374232e-07,-7.851641654701394e-05,3151.310546875,0.00031701096579981914,True,1.0,0.0
0,2024,data/raw/sow_call_dataset_labeled/frightened_stress/1038-2.wav,eea3389ab552c4f66b61093bf5aacc49,stress_vocal,frightened_stress,64000,1.0,DEMAND,DWASHING,data/noise_sources/demand/audio/DWASHING/ch01.wav,ff033b73096b456e83fa0fbf21625a80fcbb24af6c3c1bfe9aa94587ca64f394,DEMAND:DWASHING,1.0,3407.0,active_valid_region,0.0,True,zero_shot_frozen,False,361797.0,4.201979910476486e+17,05d4d7d8b7ba55299b6838b1460e1754b59f3f6f6acc6ff662e15b70764a20a5,0.0,demand_noise_offset_v2,352.08993383815,0.009843213741911447,35769.814927312334,-3.6297368663746493e-07,-3.6297368663746493e-07,7593.6416015625,0.00013155743349731457,True,0.0,0.0
0,2024,data/raw/sow_call_dataset_labeled/calm_grunt/148-0.wav,00e146b24fd459e3f6e2e9469eebe4c4,calm_grunt,calm_grunt,64000,1.0,DEMAND,DWASHING,data/noise_sources/demand/audio/DWASHING/ch01.wav,ff033b73096b456e83fa0fbf21625a80fcbb24af6c3c1bfe9aa94587ca64f394,DEMAND:DWASHING,1.0,3407.0,active_valid_region,0.0,True,zero_shot_frozen,False,465031.0,1.2448525956008159e+18,91469ad7168277348cb4cc6627391ad73617f269531b5d48298d70a3edd4139e,0.0,demand_noise_offset_v2,997.9479044483013,0.01342198440019615,74351.74074809065,-1.6807413722957612e-07,-1.6807413722957612e-07,10130.2109375,9.861591295220746e-05,True,0.0,0.0
0,2024,data/raw/sow_call_dataset_labeled/calm_grunt/31-0.wav,ad1b03b3649c921981340ffcfafbe1d5,calm_grunt,calm_grunt,64000,1.0,DEMAND,DWASHING,data/noise_sources/demand/audio/DWASHING/ch01.wav,ff033b73096b456e83fa0fbf21625a80fcbb24af6c3c1bfe9aa94587ca64f394,DEMAND:DWASHING,1.0,3407.0,active_valid_region,0.0,True,zero_shot_frozen,False,6812631.0,4.004059999330636e+18,3791475adf74100b452c119d291d40f7b6d0e40b0f6a4258f01612413885bce0,0.0,demand_noise_offset_v2,888.4460887560168,0.015026085505125507,59126.91555315331,2.1426613124654743e-07,2.1426613124654743e-07,21315.27734375,4.686779270516617e-05,True,0.0,0.0
0,2024,data/raw/sow_call_dataset_labeled/feeding/469-1.wav,96f4365be7925a63b199ce1f0e094270,feeding,feeding,64000,1.0,DEMAND,DWASHING,data/noise_sources/demand/audio/DWASHING/ch01.wav,ff033b73096b456e83fa0fbf21625a80fcbb24af6c3c1bfe9aa94587ca64f394,DEMAND:DWASHING,1.0,3407.0,active_valid_region,0.0,True,zero_shot_frozen,False,7961707.0,8.508136205258267e+18,f612f8ccf70f18e6b384f961c0867e73fddbf8058e68860a98521b4a4fcbd44f,0.0,demand_noise_offset_v2,780.9235916986895,0.012781578237172906,61097.587262542795,1.943914429184773e-07,1.943914429184773e-07,10490.3232421875,9.523062130082495e-05,True,0.0,0.0
0,2024,data/external/korea_raw/abdominal_cough/train_abdominal_02305.wav,802c3c06a9ed989a83e4990344122a04,cough,abdominal_cough,15457,0.241515625,DEMAND,DWASHING,data/noise_sources/demand/audio/DWASHING/ch01.wav,ff033b73096b456e83fa0fbf21625a80fcbb24af6c3c1bfe9aa94587ca64f394,DEMAND:DWASHING,1.0,3407.0,active_valid_region,0.0,True,zero_shot_frozen,False,9457596.0,1.1617416095148698e+18,901f55d6b3eca40dd0fcd714b8419bfa93d42ce23715420dac3d45dd855d0409,0.0,demand_noise_offset_v2,0.0532670213899115,0.01959963470304439,2.717755825400031,9.862570004322556e-08,-3.312659976135956,0.2840477228164673,1.0,False,24271.0,0.0
0,2024,data/raw/sow_call_dataset_labeled/feeding/486-1.wav,faa7678cb4332273bf2df704079aa496,feeding,feeding,63997,0.999953125,DEMAND,DWASHING,data/noise_sources/demand/audio/DWASHING/ch01.wav,ff033b73096b456e83fa0fbf21625a80fcbb24af6c3c1bfe9aa94587ca64f394,DEMAND:DWASHING,1.0,3407.0,active_valid_region,0.0,True,zero_shot_frozen,False,2927024.0,4.274083812119869e+18,3b50989501a6f6ccf2ea32af54f86b81728ad934459e944577053fdbc420676a,0.0,demand_noise_offset_v2,317.2547916993655,0.019671873955228375,16127.329425829601,1.6541649863985378e-07,-3.054110530242283e-05,4085.2822265625,0.0002445363489221144,True,1.0,0.0
0,2024,data/raw/sow_call_dataset_labeled/feeding/399-1.wav,48cf353f7ec7b595326862ac160f0ad7,feeding,feeding,63998,0.99996875,DEMAND,DWASHING,data/noise_sources/demand/audio/DWASHING/ch01.wav,ff033b73096b456e83fa0fbf21625a80fcbb24af6c3c1bfe9aa94587ca64f394,DEMAND:DWASHING,1.0,3407.0,active_valid_region,0.0,True,zero_shot_frozen,False,3174147.0,3.0918084466769517e+17,044a6e5711c5f021ed9d149a414d8fac3f76f8fb87a9620730ddc974b13b8750,0.0,demand_noise_offset_v2,858.440139263654,0.015640421086283076,54885.99920219035,-1.2986116793311103e-07,-2.9702880437758687e-05,8186.3330078125,0.00012203266090526977,True,1.0,0.0
0,2024,data/raw/sow_call_dataset_labeled/feeding/324-1.wav,247d290a4193c3f911ea011db4d5a19f,feeding,feeding,64000,1.0,DEMAND,DWASHING,data/noise_sources/demand/audio/DWASHING/ch01.wav,ff033b73096b456e83fa0fbf21625a80fcbb24af6c3c1bfe9aa94587ca64f394,DEMAND:DWASHING,1.0,3407.0,active_valid_region,0.0,True,zero_shot_frozen,False,9510462.0,3.090044785760571e+18,2ae20b5c634e8de3427fef862ed303c65e07b803009cedaf4aff1910b2efb536,0.0,demand_noise_offset_v2,1023.1476817421454,0.012175568661582677,84032.84562555689,1.966220904481109e-07,1.966220904481109e-07,12714.8837890625,7.856933783849068e-05,True,0.0,0.0
0,2024,data/external/korea_raw/abdominal_cough/train_abdominal_13649.wav,758a24dd5518a227c1e5ba1f0ff3dcb4,cough,abdominal_cough,19137,0.299015625,DEMAND,DWASHING,data/noise_sources/demand/audio/DWASHING/ch01.wav,ff033b73096b456e83fa0fbf21625a80fcbb24af6c3c1bfe9aa94587ca64f394,DEMAND:DWASHING,1.0,3407.0,active_valid_region,0.0,True,zero_shot_frozen,False,6026077.0,4.1693651591041695e+18,39dc8f859f4b453c2bd91db5ff82253e84630ea6ce822a5e6656b54f7d718c3b,0.0,demand_noise_offset_v2,0.07282239663273285,0.005857180494133224,12.43301221563422,1.4354550579968863e-07,-7.390639475011126,0.3970181941986084,1.0,False,22431.0,0.0
0,2024,data/raw/sow_call_dataset_labeled/frightened_stress/809-2.wav,60adaca724f5caf2590a8cfb28d41e6d,stress_vocal,frightened_stress,64000,1.0,DEMAND,DWASHING,data/noise_sources/demand/audio/DWASHING/ch01.wav,ff033b73096b456e83fa0fbf21625a80fcbb24af6c3c1bfe9aa94587ca64f394,DEMAND:DWASHING,1.0,3407.0,active_valid_region,0.0,True,zero_shot_frozen,False,9254896.0,8.595403205009604e+18,f74901acafd9fd9b750aa2cc938910bbe43fd739e57cbffa41becd3b51d6eae9,0.0,demand_noise_offset_v2,94.84308904056803,0.014672180169790518,6464.144247345495,2.7054724303787556e-07,2.7054724303787556e-07,808.2068481445312,0.0012360697045483947,True,0.0,0.0
0,2024,data/raw/sow_call_dataset_labeled/feeding/471-1.wav,52da60c3cf75c529daf2db0df0c762b2,feeding,feeding,63985,0.999765625,DEMAND,DWASHING,data/noise_sources/demand/audio/DWASHING/ch01.wav,ff033b73096b456e83fa0fbf21625a80fcbb24af6c3c1bfe9aa94587ca64f394,DEMAND:DWASHING,1.0,3407.0,active_valid_region,0.0,True,zero_shot_frozen,False,1990669.0,5.904796188594486e+17,0831ce15b939b93288cdd703393ad5028acd814fa3a68407f0b4a364b9eae685,0.0,demand_noise_offset_v2,570.4386214492046,0.013047334406368129,43720.70215129809,-1.9462814627258888e-07,-0.0004470229841875662,5418.88232421875,0.0001843553596901604,True,7.0,0.0
0,2024,data/external/korea_raw/dry_cough/train_dry_13855.wav,92a4b6e7ce690c211166c2967b9d3651,cough,dry_cough,18016,0.2815,DEMAND,DWASHING,data/noise_sources/demand/audio/DWASHING/ch01.wav,ff033b73096b456e83fa0fbf21625a80fcbb24af6c3c1bfe9aa94587ca64f394,DEMAND:DWASHING,1.0,3407.0,active_valid_region,0.0,True,zero_shot_frozen,False,8919549.0,7.412666341906678e+17,0a4982138ec8bfd982d693fde77ccd80504f0f2681ca1a79cc83f68639178e1b,0.0,demand_noise_offset_v2,0.07541487102707227,0.008108873008114631,9.300290059001275,-4.2181384563114745e-08,-7.39075600686832,0.4798409342765808,1.0,False,22992.0,0.0
0,2024,data/raw/sow_call_dataset_labeled/calm_grunt/246-0.wav,af2331ab38f97aa237f515945a5359e8,calm_grunt,calm_grunt,64000,1.0,DEMAND,DWASHING,data/noise_sources/demand/audio/DWASHING/ch01.wav,ff033b73096b456e83fa0fbf21625a80fcbb24af6c3c1bfe9aa94587ca64f394,DEMAND:DWASHING,1.0,3407.0,active_valid_region,0.0,True,zero_shot_frozen,False,4186327.0,4.2523953803163694e+18,3b038b117844f125d6c7fa5718d96fc21ce80fd6d559930b61beab6943b7dba5,0.0,demand_noise_offset_v2,1362.533252620096,0.012689072934281556,107378.47119934151,2.0114929921512725e-07,2.0114929921512725e-07,16248.6162109375,6.148215866699707e-05,True,0.0,0.0
0,2024,data/raw/sow_call_dataset_labeled/feeding/304-1.wav,c9e37a52d69aa372d3ae6b95468b7620,feeding,feeding,63988,0.9998125,DEMAND,DWASHING,data/noise_sources/demand/audio/DWASHING/ch01.wav,ff033b73096b456e83fa0fbf21625a80fcbb24af6c3c1bfe9aa94587ca64f394,DEMAND:DWASHING,1.0,3407.0,active_valid_region,0.0,True,zero_shot_frozen,False,7405738.0,7.43133416445968e+18,e721670cb7d7ef5d530c78d4b8c685f38ce778bb48bae10f664abbd76b8f2135,0.0,demand_noise_offset_v2,186.00205111276827,0.013533812386584609,13743.507431589846,-2.3525290759177608e-07,-0.0007221942856807124,2942.5087890625,0.00033950620766651544,True,6.0,0.0
0,2024,data/external/korea_raw/dry_cough/train_dry_12111.wav,f59c8ec794987b22feab4606c5b457ec,cough,dry_cough,12001,0.187515625,DEMAND,DWASHING,data/noise_sources/demand/audio/DWASHING/ch01.wav,ff033b73096b456e83fa0fbf21625a80fcbb24af6c3c1bfe9aa94587ca64f394,DEMAND:DWASHING,1.0,3407.0,active_valid_region,0.0,True,zero_shot_frozen,False,5589772.0,2.79699478133224e+18,26d0ebef3bedf5c40f69ab77cfc211af307781f80e00c28ab53c4a1be2a8709a,0.0,demand_noise_offset_v2,0.04296524671898265,0.015327016095394304,2.8032362236439163,-6.989625256341109e-08,-6.7454660783391205,0.2187388688325882,1.0,False,25999.0,0.0
0,2024,data/raw/sow_call_dataset_labeled/anxious_stress/1452-3.wav,863eeac0b9ddb7b6f0040a6c94e9fb0e,stress_vocal,anxious_stress,63995,0.999921875,DEMAND,DWASHING,data/noise_sources/demand/audio/DWASHING/ch01.wav,ff033b73096b456e83fa0fbf21625a80fcbb24af6c3c1bfe9aa94587ca64f394,DEMAND:DWASHING,1.0,3407.0,active_valid_region,0.0,True,zero_shot_frozen,False,1159761.0,1.3669276633099725e+18,92f84d77ad3ee40cca32c3a638aa4350061727214382ac5baaa08a81541bd0c9,0.0,demand_noise_offset_v2,1607.624752512261,0.012920865803011345,124420.82264623373,1.645449992804392e-07,-0.00014994596086625767,14285.259765625,6.993222499208031e-05,True,2.0,0.0
0,2024,data/raw/sow_call_dataset_labeled/feeding/393-1.wav,d020a377f975c05272b8d05b57521990,feeding,feeding,64000,1.0,DEMAND,DWASHING,data/noise_sources/demand/audio/DWASHING/ch01.wav,ff033b73096b456e83fa0fbf21625a80fcbb24af6c3c1bfe9aa94587ca64f394,DEMAND:DWASHING,1.0,3407.0,active_valid_region,0.0,True,zero_shot_frozen,False,5678653.0,7.101855196463336e+18,e28edbac87758b8bbfdab42aa0a6baca4685ba63b59349e9a6832bf93f21df54,0.0,demand_noise_offset_v2,564.3458696574719,0.016848741776489783,33494.837605318564,4.350962449378335e-07,4.350962449378335e-07,4929.2880859375,0.00020266618273944936,True,0.0,0.0
0,2024,data/raw/sow_call_dataset_labeled/calm_grunt/91-0.wav,cee17336c428ff1a2871511627e221ac,calm_grunt,calm_grunt,64000,1.0,DEMAND,DWASHING,data/noise_sources/demand/audio/DWASHING/ch01.wav,ff033b73096b456e83fa0fbf21625a80fcbb24af6c3c1bfe9aa94587ca64f394,DEMAND:DWASHING,1.0,3407.0,active_valid_region,0.0,True,zero_shot_frozen,False,2386734.0,2.0895483929068442e+18,1cff9131443367e0e333f79a6713b00ae348614254f691ba2e39e6e6c6fe9298,0.0,demand_noise_offset_v2,938.9198850949239,0.008052707915831367,116596.78891979149,-1.3493217070949616e-09,-1.3493217070949616e-09,19723.658203125,5.064983329723891e-05,True,0.0,0.0
0,2024,data/external/korea_raw/dry_cough/train_dry_08236.wav,a7ab543a182c83c4cf8ec72231ba0af2,cough,dry_cough,17184,0.2685,DEMAND,DWASHING,data/noise_sources/demand/audio/DWASHING/ch01.wav,ff033b73096b456e83fa0fbf21625a80fcbb24af6c3c1bfe9aa94587ca64f394,DEMAND:DWASHING,1.0,3407.0,active_valid_region,0.0,True,zero_shot_frozen,False,3645565.0,5.291131577176817e+18,c96de022c579fa3a1dca9a244b12b6f7ee6a1119a6749888c4622bb397995026,0.0,demand_noise_offset_v2,0.10200412159395875,0.013265324963287488,7.689530552493869,2.0251537511577807e-07,-6.704661811672742,0.590734601020813,1.0,False,23408.0,0.0
0,2024,data/raw/sow_call_dataset_labeled/feeding/462-1.wav,bf71b3916b50f93bb618bec575df25d0,feeding,feeding,64000,1.0,DEMAND,DWASHING,data/noise_sources/demand/audio/DWASHING/ch01.wav,ff033b73096b456e83fa0fbf21625a80fcbb24af6c3c1bfe9aa94587ca64f394,DEMAND:DWASHING,1.0,3407.0,active_valid_region,0.0,True,zero_shot_frozen,False,7432385.0,3.8183351390215644e+18,b4fd73941ac5aa4855650a6d46151541e61b1dba3b66ecf801cce90d82fc63cc,0.0,demand_noise_offset_v2,390.87487317806836,0.012342683226867655,31668.549374029844,1.5149267489435636e-07,1.5149267489435636e-07,2781.430419921875,0.00035916771199621093,True,0.0,0.0
0,2024,data/raw/sow_call_dataset_labeled/frightened_stress/531-2.wav,439e489d68e585b0f865ab720f41e65a,stress_vocal,frightened_stress,63608,0.993875,DEMAND,DWASHING,data/noise_sources/demand/audio/DWASHING/ch01.wav,ff033b73096b456e83fa0fbf21625a80fcbb24af6c3c1bfe9aa94587ca64f394,DEMAND:DWASHING,1.0,3407.0,active_valid_region,0.0,True,zero_shot_frozen,False,1999971.0,8.716100537212179e+18,78f5cf423b1f954eb09661e25bced58538ba3c987f6e87b008d2e8735b715f33,0.0,demand_noise_offset_v2,223.3376366304215,0.014779811458501265,15110.9936183901,2.6020226616409434e-07,-0.035467145359507214,2407.0244140625,0.00041503525853895236,True,196.0,0.0
0,2024,data/external/korea_raw/dry_cough/train_dry_12259.wav,0dd24b3ee3931c0516f250d0fb57dc2a,cough,dry_cough,13985,0.218515625,DEMAND,DWASHING,data/noise_sources/demand/audio/DWASHING/ch01.wav,ff033b73096b456e83fa0fbf21625a80fcbb24af6c3c1bfe9aa94587ca64f394,DEMAND:DWASHING,1.0,3407.0,active_valid_region,0.0,True,zero_shot_frozen,False,8184480.0,2.2171044944161009e+18,1ec4bcca7b97fe6887cb2dcf974efddc8c0aedffd7c01e1742bd25b76beddad0,0.0,demand_noise_offset_v2,0.061751605029606374,0.014664559007010592,4.2109418360337445,8.863122320807299e-08,-6.32324712004727,0.31684374809265137,1.0,False,25007.0,0.0
0,2024,data/raw/sow_call_dataset_labeled/feeding/334-1.wav,6d4e3f890abd1b39675ab539c08999df,feeding,feeding,64000,1.0,DEMAND,DWASHING,data/noise_sources/demand/audio/DWASHING/ch01.wav,ff033b73096b456e83fa0fbf21625a80fcbb24af6c3c1bfe9aa94587ca64f394,DEMAND:DWASHING,1.0,3407.0,active_valid_region,0.0,True,zero_shot_frozen,False,938739.0,2.730818540483331e+18,25e5d0fe7b8f43b3e29b7af94397210cab0c5e7231e7e5901024f0025dc620ae,0.0,demand_noise_offset_v2,891.4684230620591,0.012858269109325436,69330.35974612813,4.741228416951742e-08,4.741228416951742e-08,9931.720703125,0.00010058679959512617,True,0.0,0.0
0,2024,data/raw/sow_call_dataset_labeled/frightened_stress/1031-2.wav,52f370f2037764cd024cc8ac3620035d,stress_vocal,frightened_stress,63997,0.999953125,DEMAND,DWASHING,data/noise_sources/demand/audio/DWASHING/ch01.wav,ff033b73096b456e83fa0fbf21625a80fcbb24af6c3c1bfe9aa94587ca64f394,DEMAND:DWASHING,1.0,3407.0,active_valid_region,0.0,True,zero_shot_frozen,False,1920374.0,5.473415926635746e+18,cbf57ac92f16d35f683c9693a1898859ac8904444b38da62944ac285a52cfb01,0.0,demand_noise_offset_v2,251.37542293038825,0.01663588619598473,15110.431747907767,6.430841410876569e-08,-1.6590158740135534e-05,2886.054443359375,0.00034614731620833923,True,1.0,0.0
0,2024,data/external/korea_raw/dry_cough/train_dry_05498.wav,476f1f61fe985f0e105b631f547552aa,cough,dry_cough,11777,0.184015625,DEMAND,DWASHING,data/noise_sources/demand/audio/DWASHING/ch01.wav,ff033b73096b456e83fa0fbf21625a80fcbb24af6c3c1bfe9aa94587ca64f394,DEMAND:DWASHING,1.0,3407.0,active_valid_region,0.0,True,zero_shot_frozen,False,9134992.0,2.5759694932389576e+18,23bfae9b24c046aa88a1af29930f4d224ed807b017c6030565327fe72939d1b7,0.0,demand_noise_offset_v2,0.042341868179194324,0.02124961429952503,1.9925946693602221,-2.17305371803853e-07,-3.298619742324731,0.2014983743429184,1.0,False,26111.0,0.0
0,2024,data/raw/sow_call_dataset_labeled/calm_grunt/69-0.wav,5e6972bc79d14fbb0e7d8c9fc5171b8e,calm_grunt,calm_grunt,64000,1.0,DEMAND,DWASHING,data/noise_sources/demand/audio/DWASHING/ch01.wav,ff033b73096b456e83fa0fbf21625a80fcbb24af6c3c1bfe9aa94587ca64f394,DEMAND:DWASHING,1.0,3407.0,active_valid_region,0.0,True,zero_shot_frozen,False,8565299.0,4.1643546577620544e+17,05c779d989770e7b20570c176939c180b317dccda55635e0711c7da00107890d,0.0,demand_noise_offset_v2,984.0544080113978,0.013996093236804145,70309.22067764789,2.4031806388661155e-07,2.4031806388661155e-07,15280.1630859375,6.537888335232434e-05,True,0.0,0.0
0,2024,data/raw/sow_call_dataset_labeled/feeding/365-1.wav,e7f7f9645f68e7861c6960646038694b,feeding,feeding,63998,0.99996875,DEMAND,DWASHING,data/noise_sources/demand/audio/DWASHING/ch01.wav,ff033b73096b456e83fa0fbf21625a80fcbb24af6c3c1bfe9aa94587ca64f394,DEMAND:DWASHING,1.0,3407.0,active_valid_region,0.0,True,zero_shot_frozen,False,8714475.0,6.682042212706853e+17,0945f032ee41769213dc08172d61e555fd65b104913d27e85608253b52af8b81,0.0,demand_noise_offset_v2,228.88529049546287,0.012638433971877387,18110.257252185726,-2.66931023353395e-07,-9.438725721506007e-05,2060.281982421875,0.0004848850829757143,True,1.0,0.0
0,2024,data/raw/sow_call_dataset_labeled/calm_grunt/127-0.wav,c0b1e9c399e2fcb85350d6e1a522b9c7,calm_grunt,calm_grunt,64000,1.0,DEMAND,DWASHING,data/noise_sources/demand/audio/DWASHING/ch01.wav,ff033b73096b456e83fa0fbf21625a80fcbb24af6c3c1bfe9aa94587ca64f394,DEMAND:DWASHING,1.0,3407.0,active_valid_region,0.0,True,zero_shot_frozen,False,2373433.0,4.591951034002162e+18,bfb9e322dfafc134265384e86459e82034d3a2c2fd71c69d6af0a7df4fe4966d,0.0,demand_noise_offset_v2,719.0246855373471,0.009105820990486837,78963.19137928769,4.258383931329461e-07,4.258383931329461e-07,7330.0703125,0.00013628791504174265,True,0.0,0.0
0,2024,data/raw/sow_call_dataset_labeled/frightened_stress/649-2.wav,a79a4d5ca276050cd921a9a53451c118,stress_vocal,frightened_stress,64000,1.0,DEMAND,DWASHING,data/noise_sources/demand/audio/DWASHING/ch01.wav,ff033b73096b456e83fa0fbf21625a80fcbb24af6c3c1bfe9aa94587ca64f394,DEMAND:DWASHING,1.0,3407.0,active_valid_region,0.0,True,zero_shot_frozen,False,2291805.0,7.532957562794622e+18,688a70fdf6773c55f940e419a296b302bab2bfeb0ec9b02140f6ef869e6ea5ff,0.0,demand_noise_offset_v2,182.61161994441022,0.015882067579333078,11497.975249899955,-2.5500440796825707e-07,-2.5500440796825707e-07,1886.3328857421875,0.0005295989947219407,True,0.0,0.0
0,2024,data/raw/sow_call_dataset_labeled/anxious_stress/1429-3.wav,08dbebe86b17e15870a88fc0edc1fd56,stress_vocal,anxious_stress,63997,0.999953125,DEMAND,DWASHING,data/noise_sources/demand/audio/DWASHING/ch01.wav,ff033b73096b456e83fa0fbf21625a80fcbb24af6c3c1bfe9aa94587ca64f394,DEMAND:DWASHING,1.0,3407.0,active_valid_region,0.0,True,zero_shot_frozen,False,7852211.0,2.1846807532497672e+18,1e518b91f515cf44d19a926f824d9177e41744ab6376bb6c94dc3d9c4adc1893,0.0,demand_noise_offset_v2,1018.0890498529338,0.017263369874733807,58973.94641025336,1.6054780028942095e-07,-0.000444669288438385,8475.7421875,0.00011786578424640173,True,1.0,0.0
0,2024,data/external/korea_raw/abdominal_cough/train_abdominal_16429.wav,89bcd1f7bcfd5c0d3850c0d8d7a77682,cough,abdominal_cough,12321,0.192515625,DEMAND,DWASHING,data/noise_sources/demand/audio/DWASHING/ch01.wav,ff033b73096b456e83fa0fbf21625a80fcbb24af6c3c1bfe9aa94587ca64f394,DEMAND:DWASHING,1.0,3407.0,active_valid_region,0.0,True,zero_shot_frozen,False,4655194.0,2.604644874659017e+18,24258eb6a817b1a388cff798331e9e428100e29e323ec9d376b5e92a9ae036eb,0.0,demand_noise_offset_v2,0.03146874162552827,0.009780256877348546,3.2175782313459576,1.579881319395455e-07,-7.199026541460367,0.18667465448379517,1.0,False,25839.0,0.0
0,2024,data/raw/sow_call_dataset_labeled/frightened_stress/624-2.wav,6b7d32323ad19193729e70aa61366584,stress_vocal,frightened_stress,64000,1.0,DEMAND,DWASHING,data/noise_sources/demand/audio/DWASHING/ch01.wav,ff033b73096b456e83fa0fbf21625a80fcbb24af6c3c1bfe9aa94587ca64f394,DEMAND:DWASHING,1.0,3407.0,active_valid_region,0.0,True,zero_shot_frozen,False,5131599.0,7.353943544678235e+18,e60e74b0e6d2bb98e31508ba2e78cce975457c9243072b92f4c9c8557c18a89a,0.0,demand_noise_offset_v2,124.93057706281661,0.01740048153287875,7179.719528264572,-2.3954601162237417e-07,-2.3954601162237417e-07,1059.848876953125,0.0009425872138223569,True,0.0,0.0
0,2024,data/raw/sow_call_dataset_labeled/calm_grunt/218-0.wav,b3d8482fce8b5eaa3e2cb020780d332e,calm_grunt,calm_grunt,64000,1.0,DEMAND,DWASHING,data/noise_sources/demand/audio/DWASHING/ch01.wav,ff033b73096b456e83fa0fbf21625a80fcbb24af6c3c1bfe9aa94587ca64f394,DEMAND:DWASHING,1.0,3407.0,active_valid_region,0.0,True,zero_shot_frozen,False,7216090.0,8.681734625507192e+18,f87bb7a4e390aa44cbbce4b4e30f57b7f46bf925e503a2678cd5c9dc16cef5ec,0.0,demand_noise_offset_v2,1325.8744849035143,0.020436536940739373,64877.64970886234,1.7047063908439315e-07,1.7047063908439315e-07,17142.9453125,5.827470027986184e-05,True,0.0,0.0
0,2024,data/external/korea_raw/dry_cough/train_dry_14904.wav,82731434fe93293942ec3e677a251aa0,cough,dry_cough,13408,0.2095,DEMAND,DWASHING,data/noise_sources/demand/audio/DWASHING/ch01.wav,ff033b73096b456e83fa0fbf21625a80fcbb24af6c3c1bfe9aa94587ca64f394,DEMAND:DWASHING,1.0,3407.0,active_valid_region,0.0,True,zero_shot_frozen,False,4223556.0,1.6148768880552668e+18,966931f94485bdd0f47a95b4fa409e1d4f4e19af4dbee53091574a082342ba47,0.0,demand_noise_offset_v2,0.05590034753670979,0.01633564917356387,3.421985067307508,-2.0417887079310447e-07,-5.8179574377677685,0.27818459272384644,1.0,False,25296.0,0.0
0,2024,data/raw/sow_call_dataset_labeled/calm_grunt/59-0.wav,59a6dd695e64efe4c8241ab5e0cd60df,calm_grunt,calm_grunt,64000,1.0,DEMAND,DWASHING,data/noise_sources/demand/audio/DWASHING/ch01.wav,ff033b73096b456e83fa0fbf21625a80fcbb24af6c3c1bfe9aa94587ca64f394,DEMAND:DWASHING,1.0,3407.0,active_valid_region,0.0,True,zero_shot_frozen,False,685125.0,4.0966851302949207e+18,38da596bbbda860efd415fb34944f9a6dcb2b32886b7902610bea559f3793f28,0.0,demand_noise_offset_v2,1245.0851120905868,0.012500970067915887,99599.07953752605,1.260674506846945e-07,1.260674506846945e-07,18010.552734375,5.546748146675728e-05,True,0.0,0.0
0,2024,data/external/korea_raw/dry_cough/train_dry_12342.wav,be5b9785349c0ba7847119f6859671bc,cough,dry_cough,14017,0.219015625,DEMAND,DWASHING,data/noise_sources/demand/audio/DWASHING/ch01.wav,ff033b73096b456e83fa0fbf21625a80fcbb24af6c3c1bfe9aa94587ca64f394,DEMAND:DWASHING,1.0,3407.0,active_valid_region,0.0,True,zero_shot_frozen,False,1426725.0,4.643862378684108e+18,c072503aab444c528625beb3e1e18ee4a4a77e0fe0379362bc2705a2084e5be0,0.0,demand_noise_offset_v2,0.04360133356829202,0.011088906505456506,3.9319777425156537,-1.3564962079678014e-08,-6.515463151699775,0.22853033244609833,1.0,False,24991.0,0.0
0,2024,data/external/korea_raw/dry_cough/train_dry_07999.wav,4bcc8d92055b679105e93da203cd9111,cough,dry_cough,13313,0.208015625,DEMAND,DWASHING,data/noise_sources/demand/audio/DWASHING/ch01.wav,ff033b73096b456e83fa0fbf21625a80fcbb24af6c3c1bfe9aa94587ca64f394,DEMAND:DWASHING,1.0,3407.0,active_valid_region,0.0,True,zero_shot_frozen,False,609593.0,1.6355947347447404e+18,16b2ccbed8f5a24fa1047f0c8d5e850a054f4b2a6cab2c94afbbfcddd72108cf,0.0,demand_noise_offset_v2,0.09846734402329387,0.011712811475342769,8.406806873873318,-7.453940545698054e-08,-8.284106125175494,0.5368503928184509,1.0,False,25343.0,0.0
0,2024,data/raw/sow_call_dataset_labeled/calm_grunt/114-0.wav,6bfb9e30e653d62d2ad67d1d0fbee2b2,calm_grunt,calm_grunt,64000,1.0,DEMAND,DWASHING,data/noise_sources/demand/audio/DWASHING/ch01.wav,ff033b73096b456e83fa0fbf21625a80fcbb24af6c3c1bfe9aa94587ca64f394,DEMAND:DWASHING,1.0,3407.0,active_valid_region,0.0,True,zero_shot_frozen,False,5135765.0,1.5475888980007e+18,157a23e73bab825bf83ed776fec2da0d8bded9ec263cdf6a41e7db0542e1f436,0.0,demand_noise_offset_v2,1176.8927172218246,0.017497576802751758,67260.3258433328,-3.007025032958145e-07,-3.007025032958145e-07,15293.7138671875,6.532095530722226e-05,True,0.0,0.0
0,2024,data/raw/sow_call_dataset_labeled/calm_grunt/274-0.wav,867a0d742da7dc4ab82703565363efca,calm_grunt,calm_grunt,64000,1.0,DEMAND,DWASHING,data/noise_sources/demand/audio/DWASHING/ch01.wav,ff033b73096b456e83fa0fbf21625a80fcbb24af6c3c1bfe9aa94587ca64f394,DEMAND:DWASHING,1.0,3407.0,active_valid_region,0.0,True,zero_shot_frozen,False,4193397.0,1.810438700495241e+18,191ff867eea37f45ff8f107d5a6883ee741b7b396843b4e0c0b9f4fdc0e2c88d,0.0,demand_noise_offset_v2,1609.9826402124925,0.013230785745427366,121684.582547859,-2.3386017664626926e-07,-2.3386017664626926e-07,17512.251953125,5.7045775875885105e-05,True,0.0,0.0
0,2024,data/raw/sow_call_dataset_labeled/anxious_stress/1580-3.wav,f770589d5c495dba265407f0501aedab,stress_vocal,anxious_stress,63766,0.99634375,DEMAND,DWASHING,data/noise_sources/demand/audio/DWASHING/ch01.wav,ff033b73096b456e83fa0fbf21625a80fcbb24af6c3c1bfe9aa94587ca64f394,DEMAND:DWASHING,1.0,3407.0,active_valid_region,0.0,True,zero_shot_frozen,False,7015508.0,9.90927332825168e+17,0dc07b28b744f85c712b70d4a57ba1ee46583bfa50e67601c1ac86f042c27a97,0.0,demand_noise_offset_v2,309.17193605807984,0.010697969078508153,28900.058860629488,8.35521760663464e-08,-0.007775633751592371,1961.7142333984375,0.0005092484843061728,True,117.0,0.0
0,2024,data/external/korea_raw/abdominal_cough/train_abdominal_08112.wav,e88f3f912add02e57df4c7d0d5127334,cough,abdominal_cough,16224,0.2535,DEMAND,DWASHING,data/noise_sources/demand/audio/DWASHING/ch01.wav,ff033b73096b456e83fa0fbf21625a80fcbb24af6c3c1bfe9aa94587ca64f394,DEMAND:DWASHING,1.0,3407.0,active_valid_region,0.0,True,zero_shot_frozen,False,7445692.0,1.4232749274763308e+18,13c07d0175f250cc0750ff0ea166e222c8378029281c980993f0565763a8bffa,0.0,demand_noise_offset_v2,0.09735584493514245,0.014174424548330643,6.868416040678581,2.6487217992943166e-07,-5.156779940895721,0.504620373249054,1.0,False,23888.0,0.0
0,2024,data/raw/sow_call_dataset_labeled/calm_grunt/250-0.wav,6501451456d9e85981b2e584769706d5,calm_grunt,calm_grunt,64000,1.0,DEMAND,DWASHING,data/noise_sources/demand/audio/DWASHING/ch01.wav,ff033b73096b456e83fa0fbf21625a80fcbb24af6c3c1bfe9aa94587ca64f394,DEMAND:DWASHING,1.0,3407.0,active_valid_region,0.0,True,zero_shot_frozen,False,8598828.0,3.8228502067303967e+18,b50d7e0239b1a30ae5d8608475f11c164beff533ff36171a33a2cd15888ed545,0.0,demand_noise_offset_v2,1634.1095044534836,0.01356068888355329,120503.42858579762,-7.991638456063075e-08,-7.991638456063075e-08,19566.548828125,5.1056525541389047e-05,True,0.0,0.0
0,2024,data/raw/sow_call_dataset_labeled/feeding/484-1.wav,7597d17cfc4d984eaab8bc076ccdf5ea,feeding,feeding,64000,1.0,DEMAND,DWASHING,data/noise_sources/demand/audio/DWASHING/ch01.wav,ff033b73096b456e83fa0fbf21625a80fcbb24af6c3c1bfe9aa94587ca64f394,DEMAND:DWASHING,1.0,3407.0,active_valid_region,0.0,True,zero_shot_frozen,False,8632576.0,6.293511367807513e+18,d7570b3e9c0cb01a4b25268806a0c9fd697f99911626ee3bb6e30de820e9a828,0.0,demand_noise_offset_v2,880.4726065326456,0.018350463134733368,47980.94740541484,-3.2882002996287376e-07,-3.2882002996287376e-07,11484.2841796875,8.698844302085042e-05,True,0.0,0.0
0,2024,data/raw/sow_call_dataset_labeled/calm_grunt/251-0.wav,c0f8ff4583e17d7a26d397f7d7b0a2f7,calm_grunt,calm_grunt,64000,1.0,DEMAND,DWASHING,data/noise_sources/demand/audio/DWASHING/ch01.wav,ff033b73096b456e83fa0fbf21625a80fcbb24af6c3c1bfe9aa94587ca64f394,DEMAND:DWASHING,1.0,3407.0,active_valid_region,0.0,True,zero_shot_frozen,False,5277562.0,5.656588315715916e+18,ce803d1a6edf5003fcc179db61eecb5766665fe10f67a13974d09e8c81cd8f5d,0.0,demand_noise_offset_v2,1533.8450811438308,0.01698383572703058,90312.05351937334,-1.1457651951352371e-07,-1.1457651951352371e-07,17816.513671875,5.607157597712357e-05,True,0.0,0.0
0,2024,data/raw/sow_call_dataset_labeled/frightened_stress/988-2.wav,e3f63486bc9dd011d4c42a02e2ab82eb,stress_vocal,frightened_stress,63998,0.99996875,DEMAND,DWASHING,data/noise_sources/demand/audio/DWASHING/ch01.wav,ff033b73096b456e83fa0fbf21625a80fcbb24af6c3c1bfe9aa94587ca64f394,DEMAND:DWASHING,1.0,3407.0,active_valid_region,0.0,True,zero_shot_frozen,False,6766842.0,5.578668063233851e+18,cd6b690be4dec012073b7284a0b30f68b637044d53abddd73d0d234031f0ef10,0.0,demand_noise_offset_v2,207.5423704113459,0.014335523978866692,14477.487583802525,1.6497957344499805e-07,-0.00035773392956025424,2921.32763671875,0.000341967805131944,True,1.0,0.0
0,2024,data/raw/sow_call_dataset_labeled/calm_grunt/89-0.wav,66baf7d1e6268784319cb4666f8d36fd,calm_grunt,calm_grunt,64000,1.0,DEMAND,DWASHING,data/noise_sources/demand/audio/DWASHING/ch01.wav,ff033b73096b456e83fa0fbf21625a80fcbb24af6c3c1bfe9aa94587ca64f394,DEMAND:DWASHING,1.0,3407.0,active_valid_region,0.0,True,zero_shot_frozen,False,4152949.0,6.329476827098448e+18,d7d6d1a3a54500738244046c52d4ca60e7ed66186928fa0b9d6151a824672697,0.0,demand_noise_offset_v2,1041.6516572237529,0.008943361443157206,116472.05179443432,-2.1596750241648757e-07,-2.1596750241648757e-07,14040.279296875,7.11524307228241e-05,True,0.0,0.0
0,2024,data/raw/sow_call_dataset_labeled/anxious_stress/1649-3.wav,8ef7b5c15e374567562265858e5d7ed1,stress_vocal,anxious_stress,64000,1.0,DEMAND,DWASHING,data/noise_sources/demand/audio/DWASHING/ch01.wav,ff033b73096b456e83fa0fbf21625a80fcbb24af6c3c1bfe9aa94587ca64f394,DEMAND:DWASHING,1.0,3407.0,active_valid_region,0.0,True,zero_shot_frozen,False,8946772.0,2.5502012215953946e+18,a364227fdef5f19a7bd563516d8488cf4e3b60a4b792f6f1d64c7003e19a77fb,0.0,demand_noise_offset_v2,1846.5257263435033,0.01349467578444088,136833.6487544602,-4.7450021850275213e-07,-4.7450021850275213e-07,17877.966796875,5.5878837417609556e-05,True,0.0,0.0
0,2024,data/raw/sow_call_dataset_labeled/anxious_stress/1738-3.wav,ad7a0d5de7477a9d5d43b2bd260d645e,stress_vocal,anxious_stress,64000,1.0,DEMAND,DWASHING,data/noise_sources/demand/audio/DWASHING/ch01.wav,ff033b73096b456e83fa0fbf21625a80fcbb24af6c3c1bfe9aa94587ca64f394,DEMAND:DWASHING,1.0,3407.0,active_valid_region,0.0,True,zero_shot_frozen,False,7006251.0,4.081262814366143e+18,b8a38ee7fd4e1182144e8743c430572bdc42f13a5901d03977d111d31430ff06,0.0,demand_noise_offset_v2,231.88397999285894,0.011402640733553005,20335.989303822,-3.958221753414966e-07,-3.958221753414966e-07,1919.2183837890625,0.000520524401203213,True,0.0,0.0
0,2024,data/raw/sow_call_dataset_labeled/calm_grunt/165-0.wav,58f3af1d9665f4501de1c256ac27087d,calm_grunt,calm_grunt,64000,1.0,DEMAND,DWASHING,data/noise_sources/demand/audio/DWASHING/ch01.wav,ff033b73096b456e83fa0fbf21625a80fcbb24af6c3c1bfe9aa94587ca64f394,DEMAND:DWASHING,1.0,3407.0,active_valid_region,0.0,True,zero_shot_frozen,False,5635804.0,8.723690217201511e+18,f910c6084ed8ac6a1a64783ee1f98b431d93ed2a6de8c266a8e4ebda11461bfa,0.0,demand_noise_offset_v2,1242.3661302468377,0.011663175658910943,106520.39946750185,8.086722612780351e-08,8.086722612780351e-08,16775.88671875,5.954975833756925e-05,True,0.0,0.0
0,2024,data/raw/sow_call_dataset_labeled/calm_grunt/253-0.wav,88f53ffdc813ee27215e3d68cababb72,calm_grunt,calm_grunt,64000,1.0,DEMAND,DWASHING,data/noise_sources/demand/audio/DWASHING/ch01.wav,ff033b73096b456e83fa0fbf21625a80fcbb24af6c3c1bfe9aa94587ca64f394,DEMAND:DWASHING,1.0,3407.0,active_valid_region,0.0,True,zero_shot_frozen,False,5902943.0,5.239692901420067e+18,c8b720eec9476713d9862586a234792f52587ad4916dad78ffbbc9004a0fc2c8,0.0,demand_noise_offset_v2,1677.1380296440782,0.012634680913796492,132740.82987032307,1.0641645719449042e-07,1.0641645719449042e-07,16647.443359375,6.000921453427944e-05,True,0.0,0.0
0,2024,data/raw/sow_call_dataset_labeled/calm_grunt/252-0.wav,2425faf6d72ec8f1cfb27af49a442721,calm_grunt,calm_grunt,64000,1.0,DEMAND,DWASHING,data/noise_sources/demand/audio/DWASHING/ch01.wav,ff033b73096b456e83fa0fbf21625a80fcbb24af6c3c1bfe9aa94587ca64f394,DEMAND:DWASHING,1.0,3407.0,active_valid_region,0.0,True,zero_shot_frozen,False,9270200.0,1.712674791524326e+18,97c4a4a61492d9eb1f738b813c072ff6497644e3dbe48e577451fbdb5a9db3ab,0.0,demand_noise_offset_v2,1988.6156620474069,0.012984881934681194,153148.53627864207,2.8742815931346415e-07,2.8742815931346415e-07,17981.380859375,5.5557468462114725e-05,True,0.0,0.0
0,2024,data/raw/sow_call_dataset_labeled/frightened_stress/887-2.wav,36d2f03519aad0dc3c6d70f418bede2d,stress_vocal,frightened_stress,64000,1.0,DEMAND,DWASHING,data/noise_sources/demand/audio/DWASHING/ch01.wav,ff033b73096b456e83fa0fbf21625a80fcbb24af6c3c1bfe9aa94587ca64f394,DEMAND:DWASHING,1.0,3407.0,active_valid_region,0.0,True,zero_shot_frozen,False,6959595.0,2.9257307270660854e+18,289a48985738280beef801ef888257738f64909750d33f834eed7ce79a19bd22,0.0,demand_noise_offset_v2,226.1403217059333,0.015145431711316475,14931.2562372827,2.1961333077234304e-07,2.1961333077234304e-07,2403.9501953125,0.00041556601378346593,True,0.0,0.0
0,2024,data/raw/sow_call_dataset_labeled/feeding/367-1.wav,940704b541a8d463f81ea666f8da0a2d,feeding,feeding,64000,1.0,DEMAND,DWASHING,data/noise_sources/demand/audio/DWASHING/ch01.wav,ff033b73096b456e83fa0fbf21625a80fcbb24af6c3c1bfe9aa94587ca64f394,DEMAND:DWASHING,1.0,3407.0,active_valid_region,0.0,True,zero_shot_frozen,False,2351974.0,4.1491295061599805e+18,3994ab4d85c1ef03645afe21d5c0545fb19ffbaaa0574e5ae6ac86aae357aeda,0.0,demand_noise_offset_v2,702.5387179613983,0.01100257790131115,63852.19211923767,9.966390655379585e-08,9.966390655379585e-08,9083.52734375,0.00010997930233428213,True,0.0,0.0
0,2024,data/raw/sow_call_dataset_labeled/anxious_stress/1294-3.wav,3b1abd244c212e4e29ed5d8d492094a3,stress_vocal,anxious_stress,64000,1.0,DEMAND,DWASHING,data/noise_sources/demand/audio/DWASHING/ch01.wav,ff033b73096b456e83fa0fbf21625a80fcbb24af6c3c1bfe9aa94587ca64f394,DEMAND:DWASHING,1.0,3407.0,active_valid_region,0.0,True,zero_shot_frozen,False,4491437.0,1.1799094000161325e+17,81a330228182b5c83f0a7941b914e8994ee08be9ccdefe32a9ee8fdb2be72c29,0.0,demand_noise_offset_v2,309.20159348055824,0.01240903842269785,24917.449922226504,2.4770221803208383e-07,2.4770221803208383e-07,2595.492431640625,0.0003848980593515068,True,0.0,0.0
0,2024,data/raw/sow_call_dataset_labeled/calm_grunt/84-0.wav,6284697bc5cf29624df3bee3472e7b55,calm_grunt,calm_grunt,64000,1.0,DEMAND,DWASHING,data/noise_sources/demand/audio/DWASHING/ch01.wav,ff033b73096b456e83fa0fbf21625a80fcbb24af6c3c1bfe9aa94587ca64f394,DEMAND:DWASHING,1.0,3407.0,active_valid_region,0.0,True,zero_shot_frozen,False,7126693.0,7.613839872716279e+18,e9a9cb063df58d6bf610158454af965e5f6f2b2cde2cf6744c8bcae9513991f1,0.0,demand_noise_offset_v2,819.4625842053988,0.01623754898922716,50467.13544938791,-2.26352932443661e-07,-2.26352932443661e-07,14417.8271484375,6.928922019350637e-05,True,0.0,0.0
0,2024,data/external/korea_raw/dry_cough/train_dry_06353.wav,7c4381d73edf61a542eca5b8ad16ccbe,cough,dry_cough,7969,0.124515625,DEMAND,DWASHING,data/noise_sources/demand/audio/DWASHING/ch01.wav,ff033b73096b456e83fa0fbf21625a80fcbb24af6c3c1bfe9aa94587ca64f394,DEMAND:DWASHING,1.0,3407.0,active_valid_region,0.0,True,zero_shot_frozen,False,3494705.0,3.919103962097063e+18,3663744a0a9f146b4284938f6cb14c6128cb72ded0cc6f9738a04b20a91f5337,0.0,demand_noise_offset_v2,0.12077981036285175,0.0070018581841215215,17.249679611727988,1.8051349975019863e-08,-13.717407100538122,0.7087330222129822,1.0,False,28015.0,0.0
0,2024,data/raw/sow_call_dataset_labeled/frightened_stress/798-2.wav,9047deea4f6c553333311bf1f5279715,stress_vocal,frightened_stress,64000,1.0,DEMAND,DWASHING,data/noise_sources/demand/audio/DWASHING/ch01.wav,ff033b73096b456e83fa0fbf21625a80fcbb24af6c3c1bfe9aa94587ca64f394,DEMAND:DWASHING,1.0,3407.0,active_valid_region,0.0,True,zero_shot_frozen,False,1935118.0,3.2333458008899584e+18,2cdf26dffa0c0042d1fc239c254877509168a8a907298f7f6c7de46483bc5f5d,0.0,demand_noise_offset_v2,109.39846330513913,0.01610201797178514,6794.084039456002,6.511502388349983e-08,6.511502388349983e-08,1319.491943359375,0.000757109586782762,True,0.0,0.0
0,2024,data/raw/sow_call_dataset_labeled/feeding/396-1.wav,850bc5be2aeb59aeadd3ce9d998d574e,feeding,feeding,64000,1.0,DEMAND,DWASHING,data/noise_sources/demand/audio/DWASHING/ch01.wav,ff033b73096b456e83fa0fbf21625a80fcbb24af6c3c1bfe9aa94587ca64f394,DEMAND:DWASHING,1.0,3407.0,active_valid_region,0.0,True,zero_shot_frozen,False,5320958.0,9.175185246265614e+18,7f54ce5e88111fd24f5454fe218cf408b5fe9657894de47ebc57f9728058e0d7,0.0,demand_noise_offset_v2,495.4983345230236,0.013566132085955874,36524.65797793466,4.1194933380843577e-07,4.1194933380843577e-07,6563.26953125,0.0001522107229092779,True,0.0,0.0
0,2024,data/external/korea_raw/abdominal_cough/train_abdominal_01211.wav,54d7ff55aaca2d49609a064333bab111,cough,abdominal_cough,17952,0.2805,DEMAND,DWASHING,data/noise_sources/demand/audio/DWASHING/ch01.wav,ff033b73096b456e83fa0fbf21625a80fcbb24af6c3c1bfe9aa94587ca64f394,DEMAND:DWASHING,1.0,3407.0,active_valid_region,0.0,True,zero_shot_frozen,False,6884686.0,8.998670927234442e+18,fce1b3880471a523f7fde35787c9342727acea1ffa6c9112e91fd83089fe8d4b,0.0,demand_noise_offset_v2,0.027219146609550993,0.0051406181935194336,5.294916989529597,-1.9118899668498826e-07,-13.081576932842898,0.19023394584655762,1.0,False,23024.0,0.0
0,2024,data/raw/sow_call_dataset_labeled/feeding/382-1.wav,6900556222b8dc7174fb2b5d5e1d09ac,feeding,feeding,63997,0.999953125,DEMAND,DWASHING,data/noise_sources/demand/audio/DWASHING/ch01.wav,ff033b73096b456e83fa0fbf21625a80fcbb24af6c3c1bfe9aa94587ca64f394,DEMAND:DWASHING,1.0,3407.0,active_valid_region,0.0,True,zero_shot_frozen,False,3555334.0,5.60024600061435e+18,4db81210f16b9b7efaa092cbbec08ad4b438fc6e7e57715adc1311c01e61e91e,0.0,demand_noise_offset_v2,882.0886951559368,0.015095825843190276,58432.62265468217,2.294276788054075e-07,-0.00017220073802374301,10605.9404296875,9.419249585860961e-05,True,1.0,0.0
0,2024,data/raw/sow_call_dataset_labeled/feeding/308-1.wav,62f84208f3d66bc2106eced8f9723a09,feeding,feeding,63986,0.99978125,DEMAND,DWASHING,data/noise_sources/demand/audio/DWASHING/ch01.wav,ff033b73096b456e83fa0fbf21625a80fcbb24af6c3c1bfe9aa94587ca64f394,DEMAND:DWASHING,1.0,3407.0,active_valid_region,0.0,True,zero_shot_frozen,False,8317886.0,1.9869256813288755e+18,1b92fa6146b5679ab14bcb58da9b1dd5a8ea0c1fa4fade68bcf52546a5ef4ed7,0.0,demand_noise_offset_v2,377.93868802714655,0.011823582481655883,31964.820189947757,-2.8192154032191168e-08,-0.0002550343633054485,3936.093994140625,0.0002538049145897273,True,7.0,0.0
0,2024,data/raw/sow_call_dataset_labeled/feeding/411-1.wav,34ffe8b85e2dd2ea42fae8d315374606,feeding,feeding,63998,0.99996875,DEMAND,DWASHING,data/noise_sources/demand/audio/DWASHING/ch01.wav,ff033b73096b456e83fa0fbf21625a80fcbb24af6c3c1bfe9aa94587ca64f394,DEMAND:DWASHING,1.0,3407.0,active_valid_region,0.0,True,zero_shot_frozen,False,5133172.0,1.4348875924871782e+18,93e9bea9bad050724389c330f726eec25ede77d1a9d6e496c65a201763cf571e,0.0,demand_noise_offset_v2,398.75886637335407,0.01742359081093823,22886.147333247758,3.242463966994209e-07,-9.61854772652207e-06,4529.6923828125,0.00022054477778460485,True,1.0,0.0
0,2024,data/external/korea_raw/dry_cough/train_dry_02449.wav,2896dd842b3141f1521d6e69312d7362,cough,dry_cough,18497,0.289015625,DEMAND,DWASHING,data/noise_sources/demand/audio/DWASHING/ch01.wav,ff033b73096b456e83fa0fbf21625a80fcbb24af6c3c1bfe9aa94587ca64f394,DEMAND:DWASHING,1.0,3407.0,active_valid_region,0.0,True,zero_shot_frozen,False,7832997.0,6.062742674802217e+18,5423305748300e732e01217d130959d5eb6ad19619d3ff69d39221a9f3752199,0.0,demand_noise_offset_v2,0.07343115627623883,0.02151037319571523,3.4137555684466685,-2.2492280005782238e-07,-3.7490757409474975,0.4504438638687134,1.0,False,22751.0,0.0
0,2024,data/raw/sow_call_dataset_labeled/calm_grunt/35-0.wav,bce14de9ae101013d89c90c1a29bb636,calm_grunt,calm_grunt,64000,1.0,DEMAND,DWASHING,data/noise_sources/demand/audio/DWASHING/ch01.wav,ff033b73096b456e83fa0fbf21625a80fcbb24af6c3c1bfe9aa94587ca64f394,DEMAND:DWASHING,1.0,3407.0,active_valid_region,0.0,True,zero_shot_frozen,False,1090837.0,7.722246627014654e+18,6b2aee649f2ab8ac2522f7f5beb07e372b3d9c0403978632260fca4fe7c69fc1,0.0,demand_noise_offset_v2,565.1370232751316,0.010672823172817033,52951.034053904106,-1.7241736311236667e-07,-1.7241736311236667e-07,9110.48828125,0.00010965383733120095,True,0.0,0.0
0,2024,data/raw/sow_call_dataset_labeled/feeding/387-1.wav,9241924820d30258f1b5a5e9d94aeac0,feeding,feeding,64000,1.0,DEMAND,DWASHING,data/noise_sources/demand/audio/DWASHING/ch01.wav,ff033b73096b456e83fa0fbf21625a80fcbb24af6c3c1bfe9aa94587ca64f394,DEMAND:DWASHING,1.0,3407.0,active_valid_region,0.0,True,zero_shot_frozen,False,6055104.0,4.1855543539882936e+18,ba161382498fd36a4c30175cb07a84ac1133c5859a18a37a74640580779c654c,0.0,demand_noise_offset_v2,844.63572587174,0.008998350523633314,93865.61722099893,6.907844087083798e-10,6.907844087083798e-10,6260.81494140625,0.0001595638921369577,True,0.0,0.0
0,2024,data/raw/sow_call_dataset_labeled/anxious_stress/1616-3.wav,6063d92c24fe5f2476915494d06f6c8a,stress_vocal,anxious_stress,63987,0.999796875,DEMAND,DWASHING,data/noise_sources/demand/audio/DWASHING/ch01.wav,ff033b73096b456e83fa0fbf21625a80fcbb24af6c3c1bfe9aa94587ca64f394,DEMAND:DWASHING,1.0,3407.0,active_valid_region,0.0,True,zero_shot_frozen,False,2007274.0,8.198801389543284e+18,f1c7fe6cb7b4dcad4e07b1c496dfd77aeeb60af7426bb5ae8442bb2a54b4d27c,0.0,demand_noise_offset_v2,627.475414910057,0.015818381793133825,39667.484519966565,3.660992458587907e-08,-0.0008856049311078404,4108.35107421875,0.00024316325015869567,True,6.0,0.0
0,2024,data/raw/sow_call_dataset_labeled/calm_grunt/155-0.wav,68510d2282aa7349ec4e06faa0638875,calm_grunt,calm_grunt,64000,1.0,DEMAND,DWASHING,data/noise_sources/demand/audio/DWASHING/ch01.wav,ff033b73096b456e83fa0fbf21625a80fcbb24af6c3c1bfe9aa94587ca64f394,DEMAND:DWASHING,1.0,3407.0,active_valid_region,0.0,True,zero_shot_frozen,False,2824944.0,2.1345326295066854e+18,1d9f621e0739fa1fa021b245ad5dd3d723e3ddfb1367b7dc1a437d8fd075240d,0.0,demand_noise_offset_v2,897.9188141246865,0.01740973536074857,51575.67277841026,1.4686680768867887e-07,1.4686680768867887e-07,13628.8818359375,7.33002172904437e-05,True,0.0,0.0
0,2024,data/raw/sow_call_dataset_labeled/anxious_stress/1468-3.wav,d20184e28961e933d131951e2eb5242b,stress_vocal,anxious_stress,64000,1.0,DEMAND,DWASHING,data/noise_sources/demand/audio/DWASHING/ch01.wav,ff033b73096b456e83fa0fbf21625a80fcbb24af6c3c1bfe9aa94587ca64f394,DEMAND:DWASHING,1.0,3407.0,active_valid_region,0.0,True,zero_shot_frozen,False,1676718.0,9.171037782957602e+18,7f461245fadfb3a13c57f21b3ccce3de63a34baffd4867234c0f5bc60d3115e0,0.0,demand_noise_offset_v2,483.6170731235223,0.009142240127173046,52899.18733222618,-2.656518026292023e-08,-2.656518026292023e-08,4619.19189453125,0.00021627159529413257,True,0.0,0.0
0,2024,data/raw/sow_call_dataset_labeled/calm_grunt/86-0.wav,6686d8c376a0e89e3ba4cf02a3221421,calm_grunt,calm_grunt,64000,1.0,DEMAND,DWASHING,data/noise_sources/demand/audio/DWASHING/ch01.wav,ff033b73096b456e83fa0fbf21625a80fcbb24af6c3c1bfe9aa94587ca64f394,DEMAND:DWASHING,1.0,3407.0,active_valid_region,0.0,True,zero_shot_frozen,False,2858378.0,7.361732183872822e+18,e62a206ac74cdde79b8139a077afc6daf3aa911144e9e783872a10d08dff70ef,0.0,demand_noise_offset_v2,953.8544513051378,0.014453734451853445,65993.63330511599,6.805358809132228e-08,6.805358809132228e-08,17190.6015625,5.811314958164368e-05,True,0.0,0.0
0,2024,data/external/korea_raw/abdominal_cough/train_abdominal_05140.wav,ffc07baef90cf2dfcbaa9c4fa0e982c0,cough,abdominal_cough,13985,0.218515625,DEMAND,DWASHING,data/noise_sources/demand/audio/DWASHING/ch01.wav,ff033b73096b456e83fa0fbf21625a80fcbb24af6c3c1bfe9aa94587ca64f394,DEMAND:DWASHING,1.0,3407.0,active_valid_region,0.0,True,zero_shot_frozen,False,2571325.0,7.669727482136093e+17,8aa4d5a6a1ad6387a84ee1c734564edd500c56a84d5aa5e0915e6edb1319f723,0.0,demand_noise_offset_v2,0.0378744874036115,0.01965135642913196,1.9273217876942497,-2.0132239470050195e-08,-4.61881636050293,0.20368197560310364,1.0,False,25007.0,0.0
0,2024,data/raw/sow_call_dataset_labeled/feeding/321-1.wav,09b3ffe59b3de4c1fad3e875d3de4e0d,feeding,feeding,63992,0.999875,DEMAND,DWASHING,data/noise_sources/demand/audio/DWASHING/ch01.wav,ff033b73096b456e83fa0fbf21625a80fcbb24af6c3c1bfe9aa94587ca64f394,DEMAND:DWASHING,1.0,3407.0,active_valid_region,0.0,True,zero_shot_frozen,False,2796003.0,7.683281054305098e+18,6aa07f693f58167db6d637125f56530691a2aed08f7edea1859a70b6dd60f609,0.0,demand_noise_offset_v2,670.3121940538623,0.015720010189984646,42640.697172125496,3.8742361569535613e-07,-4.0581182877346835e-05,6178.669921875,0.00016168528382834216,True,4.0,0.0
0,2024,data/raw/sow_call_dataset_labeled/feeding/461-1.wav,81b6b443e611971e62ee7f480b5e80b8,feeding,feeding,64000,1.0,DEMAND,TBUS,data/noise_sources/demand/audio/TBUS/ch01.wav,4c24b6789b7a96fa5500d0a785093324ffbbb01a772914cef9483762a2d8c34f,DEMAND:TBUS,1.0,3407.0,active_valid_region,20.0,True,zero_shot_frozen,False,4259318.0,8.461124425210412e+18,756bf3d5f50c3cacde00d07199e1d521459c9634becb2ec3d9d897c649abb451,0.0,demand_noise_offset_v2,330.3920405704791,0.01991617588175044,1658.9130490317843,19.999999802934866,19.999999802934866,2932.26416015625,0.0003406923610684403,True,0.0,20.0
0,2024,data/raw/sow_call_dataset_labeled/calm_grunt/74-0.wav,231dcdc74cf41f59690ae1408467d2ee,calm_grunt,calm_grunt,64000,1.0,DEMAND,TBUS,data/noise_sources/demand/audio/TBUS/ch01.wav,4c24b6789b7a96fa5500d0a785093324ffbbb01a772914cef9483762a2d8c34f,DEMAND:TBUS,1.0,3407.0,active_valid_region,20.0,True,zero_shot_frozen,False,4860409.0,5.4406080072637126e+17,878ce46a6b828bb097b893cd830b20eb98ea0d2911bd776471d147c80853ef3c,0.0,demand_noise_offset_v2,689.0697472656415,0.024009635468688166,2869.971716831279,20.000000119002777,20.000000119002777,14966.3037109375,6.674994837034628e-05,True,0.0,20.0
0,2024,data/external/korea_raw/dry_cough/train_dry_16871.wav,0087b3873541a379748a345b960d0af7,cough,dry_cough,15649,0.244515625,DEMAND,TBUS,data/noise_sources/demand/audio/TBUS/ch01.wav,4c24b6789b7a96fa5500d0a785093324ffbbb01a772914cef9483762a2d8c34f,DEMAND:TBUS,1.0,3407.0,active_valid_region,20.0,True,zero_shot_frozen,False,8536096.0,2.0562269425823898e+17,02da84c0410565fc576d6badab5bb26701c3c02137907ee16341836a9ec3d1e5,0.0,demand_noise_offset_v2,0.05542253586361861,0.0170495965955011,0.3250665524734059,19.99999962893819,13.927491750960623,0.3496421277523041,1.0,False,24175.0,20.0
0,2024,data/raw/sow_call_dataset_labeled/anxious_stress/1567-3.wav,d76bf0e98eb7f34a4269a6dcebf2b860,stress_vocal,anxious_stress,64000,1.0,DEMAND,TBUS,data/noise_sources/demand/audio/TBUS/ch01.wav,4c24b6789b7a96fa5500d0a785093324ffbbb01a772914cef9483762a2d8c34f,DEMAND:TBUS,1.0,3407.0,active_valid_region,20.0,True,zero_shot_frozen,False,3096992.0,7.363690486552453e+17,0a381bbf90b02fc1aca6a95f8aff710c8567b1922a176ce45e062cc506b0eea1,0.0,demand_noise_offset_v2,2160.9679133716404,0.026875658430124263,8040.613847620063,20.000000087464656,20.000000087464656,12567.1123046875,7.94932022392587e-05,True,0.0,20.0
0,2024,data/external/korea_raw/abdominal_cough/train_abdominal_00145.wav,e49ea7e3eb02dd8208d5767cc2a865bd,cough,abdominal_cough,13760,0.215,DEMAND,TBUS,data/noise_sources/demand/audio/TBUS/ch01.wav,4c24b6789b7a96fa5500d0a785093324ffbbb01a772914cef9483762a2d8c34f,DEMAND:TBUS,1.0,3407.0,active_valid_region,20.0,True,zero_shot_frozen,False,8402887.0,5.847803228360255e+18,d127920d9ecba8c08ee56ab45b7ec44c9e25c957bdf89a9050d9867024ea7ff3,0.0,demand_noise_offset_v2,0.054280202175761995,0.01965768794416222,0.276127092514365,19.99999976863011,13.351319898566107,0.28555598855018616,1.0,False,25120.0,20.0
0,2024,data/raw/sow_call_dataset_labeled/calm_grunt/126-0.wav,36fb7ca69b77d3439d07d4eed5009620,calm_grunt,calm_grunt,64000,1.0,DEMAND,TBUS,data/noise_sources/demand/audio/TBUS/ch01.wav,4c24b6789b7a96fa5500d0a785093324ffbbb01a772914cef9483762a2d8c34f,DEMAND:TBUS,1.0,3407.0,active_valid_region,20.0,True,zero_shot_frozen,False,5355214.0,6.044701219285617e+18,d3e317bb94e3c980cd271f9a720b71dd2ceeb7dc425bdc19f10346dfac28318b,0.0,demand_noise_offset_v2,612.6466638729408,0.10970587399659001,558.4447227429077,20.000000320484776,20.000000320484776,8020.17138671875,0.0001245609291659683,True,0.0,20.0
0,2024,data/raw/sow_call_dataset_labeled/feeding/422-1.wav,ad0e6cc5f381d90941387e48ac3c90e5,feeding,feeding,64000,1.0,DEMAND,TBUS,data/noise_sources/demand/audio/TBUS/ch01.wav,4c24b6789b7a96fa5500d0a785093324ffbbb01a772914cef9483762a2d8c34f,DEMAND:TBUS,1.0,3407.0,active_valid_region,20.0,True,zero_shot_frozen,False,336301.0,7.96071957683243e+18,ee7a284705985064f1c50f50ef4b9dc6768582c8944b6d654ff1f53becb7b397,0.0,demand_noise_offset_v2,553.9720628504172,0.04212335898598592,1315.1184430347043,20.000000233139026,20.000000233139026,6381.3955078125,0.00015654882991924921,True,0.0,20.0
0,2024,data/raw/sow_call_dataset_labeled/frightened_stress/1033-2.wav,8922fbed7e0303ce8677c3bc946a39ed,stress_vocal,frightened_stress,63995,0.999921875,DEMAND,TBUS,data/noise_sources/demand/audio/TBUS/ch01.wav,4c24b6789b7a96fa5500d0a785093324ffbbb01a772914cef9483762a2d8c34f,DEMAND:TBUS,1.0,3407.0,active_valid_region,20.0,True,zero_shot_frozen,False,8289827.0,8.903149919357631e+18,fb8e57ae455bfd50f93b98a3ae9cffd5818bc3ef0460ec5b39cfc414e858ada7,0.0,demand_noise_offset_v2,242.93468520624987,0.01410361395468696,1722.4995379678342,20.000000131429662,19.99980480982717,2079.511962890625,0.0004804011796168464,True,2.0,20.0
0,2024,data/external/korea_raw/dry_cough/train_dry_08957.wav,24488fa53abe2228b8830f93c083ba5d,cough,dry_cough,16000,0.25,DEMAND,TBUS,data/noise_sources/demand/audio/TBUS/ch01.wav,4c24b6789b7a96fa5500d0a785093324ffbbb01a772914cef9483762a2d8c34f,DEMAND:TBUS,1.0,3407.0,active_valid_region,20.0,True,zero_shot_frozen,False,4073148.0,6.856548036572229e+18,5f275a1c994a2caffd4c3b321d68f7d26810b7227faf0cb8d95ff97685d24bbf,0.0,demand_noise_offset_v2,0.1368990824889901,0.10514714560847722,0.130197621339854,20.000000461847872,13.642861138881761,0.7781705260276794,1.0,False,24000.0,20.0
0,2024,data/raw/sow_call_dataset_labeled/calm_grunt/191-0.wav,3edbcd7e4d484f1fa45cd8c3904ed2b2,calm_grunt,calm_grunt,64000,1.0,DEMAND,TBUS,data/noise_sources/demand/audio/TBUS/ch01.wav,4c24b6789b7a96fa5500d0a785093324ffbbb01a772914cef9483762a2d8c34f,DEMAND:TBUS,1.0,3407.0,active_valid_region,20.0,True,zero_shot_frozen,False,9289338.0,3.859277671343562e+17,055b17426d00c31b137b511428c5324020d83168ae110c3381d88a7f7dfd2bb1,0.0,demand_noise_offset_v2,1322.3588303029073,0.06882629547325736,1921.2988599927091,20.000000139689163,20.000000139689163,17375.58984375,5.749445106517292e-05,True,0.0,20.0
0,2024,data/external/korea_raw/dry_cough/train_dry_03883.wav,d33384b82a4c07ee3479d6a84e6a107a,cough,dry_cough,16000,0.25,DEMAND,TBUS,data/noise_sources/demand/audio/TBUS/ch01.wav,4c24b6789b7a96fa5500d0a785093324ffbbb01a772914cef9483762a2d8c34f,DEMAND:TBUS,1.0,3407.0,active_valid_region,20.0,True,zero_shot_frozen,False,4732315.0,1.500699052051048e+18,14d38dd63844a6088122cc88fcecec4c5e6e1e48634803fa1c681da048bfa261,0.0,demand_noise_offset_v2,0.05905472440135938,0.02013478227151004,0.2932970598093807,20.000000218745264,14.071213826815727,0.3470184803009033,1.0,False,24000.0,20.0
0,2024,data/raw/sow_call_dataset_labeled/calm_grunt/164-0.wav,d61f937fb7139f1bd2472783afd2378a,calm_grunt,calm_grunt,64000,1.0,DEMAND,TBUS,data/noise_sources/demand/audio/TBUS/ch01.wav,4c24b6789b7a96fa5500d0a785093324ffbbb01a772914cef9483762a2d8c34f,DEMAND:TBUS,1.0,3407.0,active_valid_region,20.0,True,zero_shot_frozen,False,2402321.0,5.38949407218257e+18,4acb544dcb83fd8cad806e57796ffb3f6689ab4b5b4bd0e1c0baf54fbfbccf53,0.0,demand_noise_offset_v2,1226.1967713311983,0.06964137654070522,1760.7302328587507,20.000000044905214,20.000000044905214,15126.48828125,6.604308821885036e-05,True,0.0,20.0
0,2024,data/external/korea_raw/dry_cough/train_dry_05642.wav,88d7f4aa29a5020b78bb91ee3a01937f,cough,dry_cough,13056,0.204,DEMAND,TBUS,data/noise_sources/demand/audio/TBUS/ch01.wav,4c24b6789b7a96fa5500d0a785093324ffbbb01a772914cef9483762a2d8c34f,DEMAND:TBUS,1.0,3407.0,active_valid_region,20.0,True,zero_shot_frozen,False,1546345.0,7.528934649144337e+18,e87c262c6360e5d31fbfc1d0052b94fb12301f775766b03e69bc2340c06dbcd9,0.0,demand_noise_offset_v2,0.060270272855776005,0.011258914568485837,0.5353115745675429,19.99999991501023,10.337476977418131,0.3811316192150116,1.0,False,25472.0,20.0
0,2024,data/raw/sow_call_dataset_labeled/feeding/386-1.wav,14e3565af5b36ce69c196167511c0621,feeding,feeding,64000,1.0,DEMAND,TBUS,data/noise_sources/demand/audio/TBUS/ch01.wav,4c24b6789b7a96fa5500d0a785093324ffbbb01a772914cef9483762a2d8c34f,DEMAND:TBUS,1.0,3407.0,active_valid_region,20.0,True,zero_shot_frozen,False,4162022.0,3.8046163813036974e+18,34ccb670ea3d30de394356d720264ae69fb54222cd6d37e679d92e6fdaf47e41,0.0,demand_noise_offset_v2,302.42735361492004,0.023130073607183114,1307.5070955286553,20.000000106933754,20.000000106933754,2608.54833984375,0.0003829716263030185,True,0.0,20.0
0,2024,data/raw/sow_call_dataset_labeled/anxious_stress/1691-3.wav,ff6ed75be70451ec0c28fb565f81cd54,stress_vocal,anxious_stress,63988,0.9998125,DEMAND,TBUS,data/noise_sources/demand/audio/TBUS/ch01.wav,4c24b6789b7a96fa5500d0a785093324ffbbb01a772914cef9483762a2d8c34f,DEMAND:TBUS,1.0,3407.0,active_valid_region,20.0,True,zero_shot_frozen,False,7190892.0,3.1550672159389097e+18,abc90ceaa884f540b17674a679add3e25c767903eb1e1b631701694265981230,0.0,demand_noise_offset_v2,496.3896603203642,0.01964741399926986,2526.488525863053,19.99999999895557,19.99868770188996,4000.645751953125,0.0002497096873704166,True,6.0,20.0
0,2024,data/external/korea_raw/abdominal_cough/train_abdominal_04314.wav,14cfa356c56f5fb97ab95f6e8f359b80,cough,abdominal_cough,20001,0.312515625,DEMAND,TBUS,data/noise_sources/demand/audio/TBUS/ch01.wav,4c24b6789b7a96fa5500d0a785093324ffbbb01a772914cef9483762a2d8c34f,DEMAND:TBUS,1.0,3407.0,active_valid_region,20.0,True,zero_shot_frozen,False,1697628.0,2.979460372396973e+18,a9592b6c3f131b9859160e35881a2bed1b703908e50a0d055aa725b3b664e27c,0.0,demand_noise_offset_v2,0.041687123283452435,0.0070759533771711305,0.5891379021510508,19.99999985718383,14.69973219871007,0.21780067682266235,1.0,False,21999.0,20.0
0,2024,data/external/korea_raw/dry_cough/train_dry_17215.wav,7de8d3e02d0b1fe49ade87fb918a2119,cough,dry_cough,13536,0.2115,DEMAND,TBUS,data/noise_sources/demand/audio/TBUS/ch01.wav,4c24b6789b7a96fa5500d0a785093324ffbbb01a772914cef9483762a2d8c34f,DEMAND:TBUS,1.0,3407.0,active_valid_region,20.0,True,zero_shot_frozen,False,2116711.0,8.56689084905295e+18,f6e3b5d67f587dec03323331584f78db74d07d2dedcf775e6510d9460f0f7082,0.0,demand_noise_offset_v2,0.3094046526918556,0.08891845104831933,0.34796451022715347,20.000000375227142,14.96663805227585,1.0792486667633057,0.9256439509867791,True,25232.0,20.0
0,2024,data/external/korea_raw/dry_cough/train_dry_08205.wav,6704c14d5e967fb2463c9162bfcd787d,cough,dry_cough,22977,0.359015625,DEMAND,TBUS,data/noise_sources/demand/audio/TBUS/ch01.wav,4c24b6789b7a96fa5500d0a785093324ffbbb01a772914cef9483762a2d8c34f,DEMAND:TBUS,1.0,3407.0,active_valid_region,20.0,True,zero_shot_frozen,False,7930508.0,6.456750094228858e+18,d99afc0059fb253426d3cc588d11906067246b3331349df635336f221c50ba6f,0.0,demand_noise_offset_v2,0.09645465766897002,0.012145115399168587,0.7941847771621253,19.999999706394775,14.939849066124921,0.5669251680374146,1.0,False,20511.0,20.0
0,2024,data/raw/sow_call_dataset_labeled/feeding/372-1.wav,a51ab823a33ac9f98b57ddd7d4c7dbac,feeding,feeding,64000,1.0,DEMAND,TBUS,data/noise_sources/demand/audio/TBUS/ch01.wav,4c24b6789b7a96fa5500d0a785093324ffbbb01a772914cef9483762a2d8c34f,DEMAND:TBUS,1.0,3407.0,active_valid_region,20.0,True,zero_shot_frozen,False,5606180.0,6.151514595623056e+18,555e91eebebe3201ea005088ec1ed4c00ba5bc282fc84a9af89f281d8e9d0115,0.0,demand_noise_offset_v2,174.77702599599246,0.06174648352165886,283.0558373979075,19.99999969622636,19.99999969622636,2060.314208984375,0.0004848774986085514,True,0.0,20.0
0,2024,data/raw/sow_call_dataset_labeled/calm_grunt/234-0.wav,60811846bec973804cf5cb64ea03726f,calm_grunt,calm_grunt,64000,1.0,DEMAND,TBUS,data/noise_sources/demand/audio/TBUS/ch01.wav,4c24b6789b7a96fa5500d0a785093324ffbbb01a772914cef9483762a2d8c34f,DEMAND:TBUS,1.0,3407.0,active_valid_region,20.0,True,zero_shot_frozen,False,8093782.0,5.162405974477344e+18,47a48ce1d7138cf270280fe76289713acfb8290d9436de5dd79558b78a40bfd7,0.0,demand_noise_offset_v2,1365.608504954749,0.012108856126726655,11277.766377458058,19.999999819093265,19.999999819093265,16438.029296875,6.077370845116561e-05,True,0.0,20.0
0,2024,data/raw/sow_call_dataset_labeled/anxious_stress/1358-3.wav,2d25df36b23419dad4eac8cb0c26741b,stress_vocal,anxious_stress,64000,1.0,DEMAND,TBUS,data/noise_sources/demand/audio/TBUS/ch01.wav,4c24b6789b7a96fa5500d0a785093324ffbbb01a772914cef9483762a2d8c34f,DEMAND:TBUS,1.0,3407.0,active_valid_region,20.0,True,zero_shot_frozen,False,7323330.0,3.67739232687026e+17,051a78e23e48ef5e1601fef83042c5839eff6f6c6f887b91bd66f4ea12a0a718,0.0,demand_noise_offset_v2,249.80913756039314,0.033329938532635835,749.5037451562845,20.000000260206086,20.000000260206086,2319.439453125,0.000430707513685705,True,0.0,20.0
0,2024,data/external/korea_raw/abdominal_cough/train_abdominal_04310.wav,f720b0ab06424dff180f34747009278e,cough,abdominal_cough,12000,0.1875,DEMAND,TBUS,data/noise_sources/demand/audio/TBUS/ch01.wav,4c24b6789b7a96fa5500d0a785093324ffbbb01a772914cef9483762a2d8c34f,DEMAND:TBUS,1.0,3407.0,active_valid_region,20.0,True,zero_shot_frozen,False,3712870.0,4.0180609546725535e+18,37c30526511fddc1a7a15b312c3c1fab25242db05915b426d6be970783dfc92d,0.0,demand_noise_offset_v2,0.048781646970011076,0.10709568339137751,0.04554959212664083,19.999999668285543,13.829278666634373,0.21109479665756226,1.0,False,26000.0,20.0
0,2024,data/raw/sow_call_dataset_labeled/anxious_stress/1628-3.wav,b4bafd8c58512f0cbd5d3fc95eff2e5e,stress_vocal,anxious_stress,64000,1.0,DEMAND,TBUS,data/noise_sources/demand/audio/TBUS/ch01.wav,4c24b6789b7a96fa5500d0a785093324ffbbb01a772914cef9483762a2d8c34f,DEMAND:TBUS,1.0,3407.0,active_valid_region,20.0,True,zero_shot_frozen,False,8076140.0,5.927757150278429e+18,d2439fb8b920a97c6b8bf075ec1aa3470588b8db1c4537295a8cb7ac6e8be484,0.0,demand_noise_offset_v2,716.2477665910692,0.01203653478672417,5950.614352737655,20.000000143118672,20.000000143118672,7052.029296875,0.00014166135135636657,True,0.0,20.0
0,2024,data/external/korea_raw/dry_cough/train_dry_10991.wav,fed26a33f0b741bc95bbf8e3ae6cdaa1,cough,dry_cough,10016,0.1565,DEMAND,TBUS,data/noise_sources/demand/audio/TBUS/ch01.wav,4c24b6789b7a96fa5500d0a785093324ffbbb01a772914cef9483762a2d8c34f,DEMAND:TBUS,1.0,3407.0,active_valid_region,20.0,True,zero_shot_frozen,False,6767555.0,2.416197118818521e+18,21880e7a5e800f0837f0e4c19d3efa5f90c6d35f483e9be5e89e6bb530133f5e,0.0,demand_noise_offset_v2,0.11561164243036151,0.07049385068541462,0.16400245029355714,20.00000010360433,11.51214018119439,0.5650762915611267,1.0,False,26992.0,20.0
0,2024,data/raw/sow_call_dataset_labeled/anxious_stress/1697-3.wav,07cbbc074a5616ad1173d36f2d5a9c57,stress_vocal,anxious_stress,63996,0.9999375,DEMAND,TBUS,data/noise_sources/demand/audio/TBUS/ch01.wav,4c24b6789b7a96fa5500d0a785093324ffbbb01a772914cef9483762a2d8c34f,DEMAND:TBUS,1.0,3407.0,active_valid_region,20.0,True,zero_shot_frozen,False,6258882.0,2.490132225947779e+17,8374ac34e5231329eff2dbace5111faafaa883e61de40c4feee8cba4276b8756,0.0,demand_noise_offset_v2,485.1177626907367,0.25819300735670137,187.88958216073297,19.999999763701013,19.999716846268203,2472.60791015625,0.00040402685597526494,True,2.0,20.0
0,2024,data/raw/sow_call_dataset_labeled/feeding/407-1.wav,194745edca2b4ea2108f74e6798de76b,feeding,feeding,64000,1.0,DEMAND,TBUS,data/noise_sources/demand/audio/TBUS/ch01.wav,4c24b6789b7a96fa5500d0a785093324ffbbb01a772914cef9483762a2d8c34f,DEMAND:TBUS,1.0,3407.0,active_valid_region,20.0,True,zero_shot_frozen,False,5131845.0,3.2220308663769206e+18,2cb6f4007dbd8ecf7387a059e23c2ecb1152b3bc2d468f8638f85d7329fa2885,0.0,demand_noise_offset_v2,651.8142671797953,0.02028830967959474,3212.7578762037865,20.00000017466006,20.00000017466006,4872.88232421875,0.0002050121331752385,True,0.0,20.0
0,2024,data/external/korea_raw/abdominal_cough/train_abdominal_00976.wav,482167f50b0581254cf3db0cbf02e6d8,cough,abdominal_cough,10113,0.158015625,DEMAND,TBUS,data/noise_sources/demand/audio/TBUS/ch01.wav,4c24b6789b7a96fa5500d0a785093324ffbbb01a772914cef9483762a2d8c34f,DEMAND:TBUS,1.0,3407.0,active_valid_region,20.0,True,zero_shot_frozen,False,4233365.0,6.937819568171688e+18,e04816239ca0a0ce7d50a67786d1c89cb9ca001ad47ed952d641e102fb903b47,0.0,demand_noise_offset_v2,0.04119018243817605,0.025307847328277927,0.16275656283160786,20.000000031092277,13.28484717771343,0.28169506788253784,1.0,False,26943.0,20.0
0,2024,data/raw/sow_call_dataset_labeled/calm_grunt/198-0.wav,d6f78c29d16485f14e15c559ba612000,calm_grunt,calm_grunt,64000,1.0,DEMAND,TBUS,data/noise_sources/demand/audio/TBUS/ch01.wav,4c24b6789b7a96fa5500d0a785093324ffbbb01a772914cef9483762a2d8c34f,DEMAND:TBUS,1.0,3407.0,active_valid_region,20.0,True,zero_shot_frozen,False,2114101.0,7.046953820195015e+18,e1cbcf29c14e46810da3164a8faf9ff6c6ea4c77c4ea48dbd286e54949b96aaa,0.0,demand_noise_offset_v2,885.5858411836019,0.0713335551723124,1241.4716174518323,20.000000417148755,20.000000417148755,15697.4853515625,6.364076650662784e-05,True,0.0,20.0
0,2024,data/raw/sow_call_dataset_labeled/anxious_stress/1471-3.wav,ed129f6416e1cbbabfb2990dc4759456,stress_vocal,anxious_stress,63998,0.99996875,DEMAND,TBUS,data/noise_sources/demand/audio/TBUS/ch01.wav,4c24b6789b7a96fa5500d0a785093324ffbbb01a772914cef9483762a2d8c34f,DEMAND:TBUS,1.0,3407.0,active_valid_region,20.0,True,zero_shot_frozen,False,1402591.0,5.608224024403406e+18,4dd46a095b606dd8f182d8c9a4c9bf94d431503c40a8d90fcec193702c7abb43,0.0,demand_noise_offset_v2,3076.2518728593964,0.027746161809952437,11087.12582998041,19.999999884530663,19.999801589806967,20756.66796875,4.8129112124548835e-05,True,1.0,20.0
0,2024,data/raw/sow_call_dataset_labeled/anxious_stress/1694-3.wav,4cadeb71267741745df4bb50bad5fc80,stress_vocal,anxious_stress,64000,1.0,DEMAND,TBUS,data/noise_sources/demand/audio/TBUS/ch01.wav,4c24b6789b7a96fa5500d0a785093324ffbbb01a772914cef9483762a2d8c34f,DEMAND:TBUS,1.0,3407.0,active_valid_region,20.0,True,zero_shot_frozen,False,6726513.0,5.002386564032799e+18,c56c0c13825ca13f43ed1d9d0bba3270db0d0ecc213d099401c9781f9e6c233b,0.0,demand_noise_offset_v2,825.0489726956336,0.06930976619139877,1190.3791024446145,19.99999965016163,19.99999965016163,5267.08154296875,0.00018966860335276325,True,0.0,20.0
0,2024,data/raw/sow_call_dataset_labeled/calm_grunt/142-0.wav,c549a91a9505158b9f6442db3dcff4e4,calm_grunt,calm_grunt,64000,1.0,DEMAND,TBUS,data/noise_sources/demand/audio/TBUS/ch01.wav,4c24b6789b7a96fa5500d0a785093324ffbbb01a772914cef9483762a2d8c34f,DEMAND:TBUS,1.0,3407.0,active_valid_region,20.0,True,zero_shot_frozen,False,1384624.0,8.458516904498694e+17,8bbd11a185ed9a8888f12c9e4a18ace41828ef7d38eaff8586710c14d98828b8,0.0,demand_noise_offset_v2,1281.8327474401044,0.03775459626809721,3395.1700564819926,19.999999720736856,19.999999720736856,14852.22265625,6.726265981338547e-05,True,0.0,20.0
0,2024,data/raw/sow_call_dataset_labeled/anxious_stress/1437-3.wav,9dcd542137ab5deb241d9b7b2ed7c5c9,stress_vocal,anxious_stress,64000,1.0,DEMAND,TBUS,data/noise_sources/demand/audio/TBUS/ch01.wav,4c24b6789b7a96fa5500d0a785093324ffbbb01a772914cef9483762a2d8c34f,DEMAND:TBUS,1.0,3407.0,active_valid_region,20.0,True,zero_shot_frozen,False,6966273.0,8.688999893417664e+17,8c0ef3efca0e8315e41717031c72011129f63a77974ff5b364c0e867fc92fdf2,0.0,demand_noise_offset_v2,3939.1785986192194,0.02319760089055942,16980.974098154787,19.999999739685016,19.999999739685016,23260.57421875,4.294820887073033e-05,True,0.0,20.0
0,2024,data/external/korea_raw/abdominal_cough/train_abdominal_14437.wav,12f71686d1214f4a37e7f533b384ea35,cough,abdominal_cough,17280,0.27,DEMAND,TBUS,data/noise_sources/demand/audio/TBUS/ch01.wav,4c24b6789b7a96fa5500d0a785093324ffbbb01a772914cef9483762a2d8c34f,DEMAND:TBUS,1.0,3407.0,active_valid_region,20.0,True,zero_shot_frozen,False,2256558.0,8.842294080204971e+18,fab6239e12281c4665f82023a6ca64d63a4f7dfd944886bb43668594c8fa371a,0.0,demand_noise_offset_v2,0.05661227773846427,0.10887630158851731,0.05199687802807853,19.999999787676014,13.277488857543837,0.29565176367759705,1.0,False,23360.0,20.0
0,2024,data/raw/sow_call_dataset_labeled/anxious_stress/1561-3.wav,5fb81c5b843c88128bdd4a3474a270e3,stress_vocal,anxious_stress,64000,1.0,DEMAND,TBUS,data/noise_sources/demand/audio/TBUS/ch01.wav,4c24b6789b7a96fa5500d0a785093324ffbbb01a772914cef9483762a2d8c34f,DEMAND:TBUS,1.0,3407.0,active_valid_region,20.0,True,zero_shot_frozen,False,2100030.0,6.327074741905052e+17,08c7d41875dc14e550200192dc04fa701009d6469c4c59c8ef42c8815e6d7c5a,0.0,demand_noise_offset_v2,583.0942348172008,0.07349261866693878,793.4051682927857,20.000000189385247,20.000000189385247,5295.38671875,0.0001886547768952781,True,0.0,20.0
0,2024,data/raw/sow_call_dataset_labeled/calm_grunt/146-0.wav,e555283d4dcff3cbe68b58ea6baa9321,calm_grunt,calm_grunt,64000,1.0,DEMAND,TBUS,data/noise_sources/demand/audio/TBUS/ch01.wav,4c24b6789b7a96fa5500d0a785093324ffbbb01a772914cef9483762a2d8c34f,DEMAND:TBUS,1.0,3407.0,active_valid_region,20.0,True,zero_shot_frozen,False,6751265.0,7.30098347095223e+18,65524dc8d91b2da33e2a7924b5d1499c9699de81c7a255a108cede78ce6c4dd3,0.0,demand_noise_offset_v2,1034.7847744680178,0.07233787722905334,1430.4881676185173,20.0000000554858,20.0000000554858,15909.4375,6.279291772572097e-05,True,0.0,20.0
0,2024,data/raw/sow_call_dataset_labeled/feeding/385-1.wav,9fe1b1d16ab7b011126eec1b974d15be,feeding,feeding,64000,1.0,DEMAND,TBUS,data/noise_sources/demand/audio/TBUS/ch01.wav,4c24b6789b7a96fa5500d0a785093324ffbbb01a772914cef9483762a2d8c34f,DEMAND:TBUS,1.0,3407.0,active_valid_region,20.0,True,zero_shot_frozen,False,6961692.0,1.7617362173166917e+18,9872f1c16d1a0f0ca0226d29e3da1b149cf8a49869c6604b7dfc946ef3ee76e8,0.0,demand_noise_offset_v2,652.0218966575002,0.023492734409472686,2775.419350054855,19.999999736012498,19.999999736012498,5617.02587890625,0.00017785212700400195,True,0.0,20.0
0,2024,data/raw/sow_call_dataset_labeled/feeding/347-1.wav,025adb61783547ff9a35c44600e53f23,feeding,feeding,64000,1.0,DEMAND,TBUS,data/noise_sources/demand/audio/TBUS/ch01.wav,4c24b6789b7a96fa5500d0a785093324ffbbb01a772914cef9483762a2d8c34f,DEMAND:TBUS,1.0,3407.0,active_valid_region,20.0,True,zero_shot_frozen,False,8033351.0,8.298855454289196e+18,732b75110338725e3f6e332cebd314ccb8a840850b35f2ec70e716074fdb34b3,0.0,demand_noise_offset_v2,352.84780930980054,0.013531593759165461,2607.5850013661793,20.000000137038985,20.000000137038985,3939.90576171875,0.0002535593642128625,True,0.0,20.0
0,2024,data/raw/sow_call_dataset_labeled/calm_grunt/220-0.wav,3a8f7f2ee112f7bb25ecfbfa9daf8e5a,calm_grunt,calm_grunt,64000,1.0,DEMAND,TBUS,data/noise_sources/demand/audio/TBUS/ch01.wav,4c24b6789b7a96fa5500d0a785093324ffbbb01a772914cef9483762a2d8c34f,DEMAND:TBUS,1.0,3407.0,active_valid_region,20.0,True,zero_shot_frozen,False,1798785.0,4.3046049661725804e+18,3bbd0768f3195975c9f1f45643b1d7d67d1bd20cd3571a8d15312f9e9aa043b3,0.0,demand_noise_offset_v2,1629.5622357778977,0.03346487232918848,4869.470947769232,19.99999957368328,19.99999957368328,18205.43359375,5.4873727387792666e-05,True,0.0,20.0
0,2024,data/raw/sow_call_dataset_labeled/feeding/326-1.wav,68271e05998f6bb287503513fa9477b1,feeding,feeding,63986,0.99978125,DEMAND,TBUS,data/noise_sources/demand/audio/TBUS/ch01.wav,4c24b6789b7a96fa5500d0a785093324ffbbb01a772914cef9483762a2d8c34f,DEMAND:TBUS,1.0,3407.0,active_valid_region,20.0,True,zero_shot_frozen,False,6785979.0,5.856150428259783e+18,d14539c98bad0f7bf06aea4d1d9e3514e1c198e157aef07433fa4423c6e3a760,0.0,demand_noise_offset_v2,1257.3880442340817,0.08317999579241668,1511.6471601802061,19.999999673571608,19.99977163917265,12922.8056640625,7.730519408630862e-05,True,7.0,20.0
0,2024,data/raw/sow_call_dataset_labeled/feeding/362-1.wav,b3e4cd2d5cf837b812811f490fed3fb1,feeding,feeding,63995,0.999921875,DEMAND,TBUS,data/noise_sources/demand/audio/TBUS/ch01.wav,4c24b6789b7a96fa5500d0a785093324ffbbb01a772914cef9483762a2d8c34f,DEMAND:TBUS,1.0,3407.0,active_valid_region,20.0,True,zero_shot_frozen,False,9269564.0,1.7627250974178688e+18,187675230442058c2529acd215139aaf2c403c0374e10cbe1a94ba80b0d95ec0,0.0,demand_noise_offset_v2,603.1509733220147,0.06949211509760322,867.941596647153,20.00000007392437,19.998688503623157,5449.849609375,0.00018330781060113828,True,2.0,20.0
0,2024,data/raw/sow_call_dataset_labeled/anxious_stress/1272-3.wav,ff6f943b9956c3adcddfef8911c4d1af,stress_vocal,anxious_stress,64000,1.0,DEMAND,TBUS,data/noise_sources/demand/audio/TBUS/ch01.wav,4c24b6789b7a96fa5500d0a785093324ffbbb01a772914cef9483762a2d8c34f,DEMAND:TBUS,1.0,3407.0,active_valid_region,20.0,True,zero_shot_frozen,False,8193104.0,2.1977059440780296e+18,9e7fd1e9858912a5c4f23a69b70266438d6e752039387e8723a569908f219ced,0.0,demand_noise_offset_v2,425.3430541197819,0.012619503816099312,3370.5212211049948,19.9999999493149,19.9999999493149,2779.0244140625,0.0003594786699047447,True,0.0,20.0
0,2024,data/raw/sow_call_dataset_labeled/frightened_stress/934-2.wav,c1bbeae49e86333d4bd2c70e7d1857ff,stress_vocal,frightened_stress,63988,0.9998125,DEMAND,TBUS,data/noise_sources/demand/audio/TBUS/ch01.wav,4c24b6789b7a96fa5500d0a785093324ffbbb01a772914cef9483762a2d8c34f,DEMAND:TBUS,1.0,3407.0,active_valid_region,20.0,True,zero_shot_frozen,False,5427753.0,8.549817469888993e+18,76a70db0a329992e1fe4e54671a53026e105c40cae7c2b5c061f76a2d30e4f2f,0.0,demand_noise_offset_v2,165.8682129147972,0.13749395755698357,120.636728960292,20.000000171837314,19.999898489400174,2244.127197265625,0.00044516193253984874,True,6.0,20.0
0,2024,data/raw/sow_call_dataset_labeled/feeding/417-1.wav,8f86c8ddfdba8a759f93ddcddf3c6ca4,feeding,feeding,64000,1.0,DEMAND,TBUS,data/noise_sources/demand/audio/TBUS/ch01.wav,4c24b6789b7a96fa5500d0a785093324ffbbb01a772914cef9483762a2d8c34f,DEMAND:TBUS,1.0,3407.0,active_valid_region,20.0,True,zero_shot_frozen,False,4709630.0,7.173227772173173e+18,638c6ca74559419bd457270bcb2798a244391da3ca1ddd1b91e237ffa1ebc8ef,0.0,demand_noise_offset_v2,558.077182472185,0.019477741758889867,2865.204752072822,19.99999975100976,19.99999975100976,5057.2373046875,0.00019753868363543814,True,0.0,20.0
0,2024,data/raw/sow_call_dataset_labeled/frightened_stress/668-2.wav,cf12385bb9ae5881f1be95db8e682af9,stress_vocal,frightened_stress,63996,0.9999375,DEMAND,TBUS,data/noise_sources/demand/audio/TBUS/ch01.wav,4c24b6789b7a96fa5500d0a785093324ffbbb01a772914cef9483762a2d8c34f,DEMAND:TBUS,1.0,3407.0,active_valid_region,20.0,True,zero_shot_frozen,False,3125509.0,3.810972761210648e+18,34e34b88f0a676e140b62c179c3a4d69ae14888aae1ada119f08b094e52dc670,0.0,demand_noise_offset_v2,125.29251777555456,0.02000224097783168,626.392402303398,20.000000103611164,19.998617028060384,1267.2109375,0.0007883454683328915,True,2.0,20.0
0,2024,data/raw/sow_call_dataset_labeled/calm_grunt/151-0.wav,af2dea9baecdb955b1cd31003d1067a8,calm_grunt,calm_grunt,64000,1.0,DEMAND,TBUS,data/noise_sources/demand/audio/TBUS/ch01.wav,4c24b6789b7a96fa5500d0a785093324ffbbb01a772914cef9483762a2d8c34f,DEMAND:TBUS,1.0,3407.0,active_valid_region,20.0,True,zero_shot_frozen,False,7421616.0,3.0471961213824353e+18,aa49d0ba47f2ba90fcc875cca12771d1ab49bdccece3d09e12d18519a129611f,0.0,demand_noise_offset_v2,1022.6523819253595,0.01613247011427515,6339.093608612634,19.999999807011044,19.999999807011044,9376.0625,0.0001065479245685489,True,0.0,20.0
0,2024,data/raw/sow_call_dataset_labeled/anxious_stress/1777-3.wav,8c25af4b7b10e82ca566df1c08e21410,stress_vocal,anxious_stress,64000,1.0,DEMAND,TBUS,data/noise_sources/demand/audio/TBUS/ch01.wav,4c24b6789b7a96fa5500d0a785093324ffbbb01a772914cef9483762a2d8c34f,DEMAND:TBUS,1.0,3407.0,active_valid_region,20.0,True,zero_shot_frozen,False,651045.0,1.7838301979473787e+18,18c1701d2844ac632be9c7e2099307c3c3dc70f05a5f62a776dfb9a13290be6e,0.0,demand_noise_offset_v2,367.3406052258028,0.12308663313403004,298.4406965017904,19.99999977401014,19.99999977401014,2232.724365234375,0.0004474354360777231,True,0.0,20.0
0,2024,data/external/korea_raw/abdominal_cough/train_abdominal_07806.wav,c3a126a94bddfdd955e8fad5c1655596,cough,abdominal_cough,21088,0.3295,DEMAND,TBUS,data/noise_sources/demand/audio/TBUS/ch01.wav,4c24b6789b7a96fa5500d0a785093324ffbbb01a772914cef9483762a2d8c34f,DEMAND:TBUS,1.0,3407.0,active_valid_region,20.0,True,zero_shot_frozen,False,7347076.0,7.56200879878091e+18,e8f1a6efefb6e81c908ddbdd68b0d1040f1502af8387479e29a4cd0a692a41e6,0.0,demand_noise_offset_v2,0.1663492143652448,0.025378611639450422,0.655470112898765,19.99999973719516,12.683089939108312,0.9859989285469055,1.0,False,21456.0,20.0
0,2024,data/raw/sow_call_dataset_labeled/feeding/288-1.wav,afb9ba311c29eb6543ac849e5b6bf4ec,feeding,feeding,63984,0.99975,DEMAND,TBUS,data/noise_sources/demand/audio/TBUS/ch01.wav,4c24b6789b7a96fa5500d0a785093324ffbbb01a772914cef9483762a2d8c34f,DEMAND:TBUS,1.0,3407.0,active_valid_region,20.0,True,zero_shot_frozen,False,247032.0,1.333974338950257e+18,12833a97f49dd8bdbd111eb7b29969daddd9217b1044bf0ca1468ce33152ae17,0.0,demand_noise_offset_v2,693.5544062944717,0.016307824261629716,4252.893550774392,19.999999988238013,19.99899045432487,6964.37890625,0.00014344423436000496,True,8.0,20.0
0,2024,data/raw/sow_call_dataset_labeled/calm_grunt/0-0.wav,375a9f28f51a47761e2685a85bf05fd5,calm_grunt,calm_grunt,64000,1.0,DEMAND,TBUS,data/noise_sources/demand/audio/TBUS/ch01.wav,4c24b6789b7a96fa5500d0a785093324ffbbb01a772914cef9483762a2d8c34f,DEMAND:TBUS,1.0,3407.0,active_valid_region,20.0,True,zero_shot_frozen,False,6953546.0,3.27310379325119e+17,048ad70e4af8da0ea926112bec4cbbccb297f209eb0d902ccde609a42124d9e8,0.0,demand_noise_offset_v2,895.5736098104353,0.02792884614068038,3206.6258852920087,19.99999974666754,19.99999974666754,14653.1376953125,6.817652442586255e-05,True,0.0,20.0
0,2024,data/external/korea_raw/dry_cough/train_dry_11727.wav,fc93924539d8087a01f3402a5a8c7d0b,cough,dry_cough,12000,0.1875,DEMAND,TBUS,data/noise_sources/demand/audio/TBUS/ch01.wav,4c24b6789b7a96fa5500d0a785093324ffbbb01a772914cef9483762a2d8c34f,DEMAND:TBUS,1.0,3407.0,active_valid_region,20.0,True,zero_shot_frozen,False,9227114.0,8.84311907484582e+17,0c45b4fe9c4440ba36991f265637022c36fb297fb0e1108a294e6d95ad6a6e93,0.0,demand_noise_offset_v2,0.0506836254697083,0.06865129735063752,0.07382762952146546,19.99999973856077,10.968334680570992,0.21739986538887024,1.0,False,26000.0,20.0
0,2024,data/external/korea_raw/dry_cough/train_dry_17197.wav,a81227276c0cb075353c856ae7e0af41,cough,dry_cough,11456,0.179,DEMAND,TBUS,data/noise_sources/demand/audio/TBUS/ch01.wav,4c24b6789b7a96fa5500d0a785093324ffbbb01a772914cef9483762a2d8c34f,DEMAND:TBUS,1.0,3407.0,active_valid_region,20.0,True,zero_shot_frozen,False,493390.0,8.357939184391628e+18,f3fd5d67ebfb225e8e1c3d74a8778dc1ee9d8f648ac56efaecfe74c4604cca7e,0.0,demand_noise_offset_v2,0.16823038367116366,0.05179354229848503,0.32480957317353526,19.999999786505306,11.779397005105675,0.8461721539497375,1.0,False,26272.0,20.0
0,2024,data/raw/sow_call_dataset_labeled/feeding/431-1.wav,91ae5382a6836df66540a8ba89013364,feeding,feeding,63754,0.99615625,DEMAND,TBUS,data/noise_sources/demand/audio/TBUS/ch01.wav,4c24b6789b7a96fa5500d0a785093324ffbbb01a772914cef9483762a2d8c34f,DEMAND:TBUS,1.0,3407.0,active_valid_region,20.0,True,zero_shot_frozen,False,9215170.0,8.584691434285846e+18,7722f36036f24a100ab1707975ebbdbbe19a46bf658dc289a43aee2d47dcf96f,0.0,demand_noise_offset_v2,756.5556176476762,0.08391403221331435,901.5841542740643,19.999999877780372,19.998075755716105,11546.439453125,8.652017828142028e-05,True,123.0,20.0
0,2024,data/external/korea_raw/abdominal_cough/train_abdominal_01313.wav,a01b0c33cc7f711409675f20113a2224,cough,abdominal_cough,15040,0.235,DEMAND,TBUS,data/noise_sources/demand/audio/TBUS/ch01.wav,4c24b6789b7a96fa5500d0a785093324ffbbb01a772914cef9483762a2d8c34f,DEMAND:TBUS,1.0,3407.0,active_valid_region,20.0,True,zero_shot_frozen,False,8832894.0,8.94969046565632e+18,7c33b00f9f252faa7c98d9f9fc6d215f88ca983ecf93186d97d109844eada177,0.0,demand_noise_offset_v2,0.04692561887131154,0.040959890337324514,0.11456480592320038,19.999999977971605,11.429909968773512,0.21447457373142242,1.0,False,24480.0,20.0
0,2024,data/raw/sow_call_dataset_labeled/calm_grunt/193-0.wav,ca1ead94c16e1fb25c9557ecd7dcc551,calm_grunt,calm_grunt,64000,1.0,DEMAND,TBUS,data/noise_sources/demand/audio/TBUS/ch01.wav,4c24b6789b7a96fa5500d0a785093324ffbbb01a772914cef9483762a2d8c34f,DEMAND:TBUS,1.0,3407.0,active_valid_region,20.0,True,zero_shot_frozen,False,1628763.0,6.715717943237932e+18,5d3305e35269f4001d698d2bc10a468e976690943998e3d4989216fe9fcaf5c0,0.0,demand_noise_offset_v2,1062.7202043558248,0.010790245858048698,9848.897034752148,19.999999627501467,19.999999627501467,15875.1865234375,6.292839448060127e-05,True,0.0,20.0
0,2024,data/external/korea_raw/abdominal_cough/train_abdominal_10313.wav,c13956b428478c5dd0c3458c16330570,cough,abdominal_cough,14016,0.219,DEMAND,TBUS,data/noise_sources/demand/audio/TBUS/ch01.wav,4c24b6789b7a96fa5500d0a785093324ffbbb01a772914cef9483762a2d8c34f,DEMAND:TBUS,1.0,3407.0,active_valid_region,20.0,True,zero_shot_frozen,False,2650443.0,5.10233451497821e+18,c6cf2235427dc16bff4d15484c2661d4ae36639dc21d2ba9db936443ccdc3b42,0.0,demand_noise_offset_v2,0.2093419926545001,0.12096113963768972,0.17306549300174764,19.999999725060245,14.045708382977853,1.0410008430480957,0.959653401504349,True,24992.0,20.0
0,2024,data/raw/sow_call_dataset_labeled/feeding/312-1.wav,293a15b43b9611cb2e3eba6d3f5372cc,feeding,feeding,64000,1.0,DEMAND,TBUS,data/noise_sources/demand/audio/TBUS/ch01.wav,4c24b6789b7a96fa5500d0a785093324ffbbb01a772914cef9483762a2d8c34f,DEMAND:TBUS,1.0,3407.0,active_valid_region,20.0,True,zero_shot_frozen,False,6271304.0,6.594498884160746e+18,5b845dcbc61c7516530de05cf8e3744b10aeeadee9f5d4f510eededcff15bfae,0.0,demand_noise_offset_v2,888.6756050769391,0.26493766231463717,335.4281899043698,19.99999993780855,19.99999993780855,10664.4404296875,9.367580104990784e-05,True,0.0,20.0
0,2024,data/external/korea_raw/abdominal_cough/train_abdominal_11302.wav,3500df8d4dde9d30a7e33288debf2b46,cough,abdominal_cough,14017,0.219015625,DEMAND,TBUS,data/noise_sources/demand/audio/TBUS/ch01.wav,4c24b6789b7a96fa5500d0a785093324ffbbb01a772914cef9483762a2d8c34f,DEMAND:TBUS,1.0,3407.0,active_valid_region,20.0,True,zero_shot_frozen,False,3608764.0,7.035864614407612e+18,61a46996d581a74f5d278e323a0cf3b41a4bbdfe7f7f8ba46cd34125e116edb7,0.0,demand_noise_offset_v2,0.05705357375906903,0.041103587016030174,0.1388043669687963,20.00000035383179,10.880542604550367,0.304330974817276,1.0,False,24991.0,20.0
0,2024,data/raw/sow_call_dataset_labeled/frightened_stress/1063-2.wav,a7e2073c043365484b8a8e53a336da67,stress_vocal,frightened_stress,64000,1.0,DEMAND,TBUS,data/noise_sources/demand/audio/TBUS/ch01.wav,4c24b6789b7a96fa5500d0a785093324ffbbb01a772914cef9483762a2d8c34f,DEMAND:TBUS,1.0,3407.0,active_valid_region,20.0,True,zero_shot_frozen,False,6335101.0,9.951418232337092e+17,0dcf74373afad47880b126d730e7945841627ce5d7e82abbf5710d17c4d83376,0.0,demand_noise_offset_v2,170.68299385195073,0.25634778472767744,66.58258975526944,20.000000210759232,20.000000210759232,1695.27880859375,0.0005892836003941322,True,0.0,20.0
0,2024,data/raw/sow_call_dataset_labeled/anxious_stress/1422-3.wav,01f9891a3e4465b442eb23655620dc44,stress_vocal,anxious_stress,64000,1.0,DEMAND,TBUS,data/noise_sources/demand/audio/TBUS/ch01.wav,4c24b6789b7a96fa5500d0a785093324ffbbb01a772914cef9483762a2d8c34f,DEMAND:TBUS,1.0,3407.0,active_valid_region,20.0,True,zero_shot_frozen,False,2451719.0,9.169323528128728e+18,7f3ffb2aecbe8afa337d23e52d57f28938e570cec9f92f28fb78f86821849efd,0.0,demand_noise_offset_v2,354.3738632589609,0.09179971394347146,386.0293763847431,19.999999729937755,19.999999729937755,1886.8519287109375,0.000529453310457964,True,0.0,20.0
0,2024,data/raw/sow_call_dataset_labeled/calm_grunt/182-0.wav,5ec24f69341475ee529256c8a2d68016,calm_grunt,calm_grunt,64000,1.0,DEMAND,TBUS,data/noise_sources/demand/audio/TBUS/ch01.wav,4c24b6789b7a96fa5500d0a785093324ffbbb01a772914cef9483762a2d8c34f,DEMAND:TBUS,1.0,3407.0,active_valid_region,20.0,True,zero_shot_frozen,False,549922.0,6.421890359029795e+18,591f2341c47a0929d538ee16268b65aa1068c25ff000f0e8a0e9b0319846af59,0.0,demand_noise_offset_v2,935.2707237111393,0.06382402837425245,1465.389677735292,20.0000001742448,20.0000001742448,16509.494140625,6.051063657618409e-05,True,0.0,20.0
0,2024,data/external/korea_raw/dry_cough/train_dry_09239.wav,2f9ff30122974c3c0529764de066c3c9,cough,dry_cough,19360,0.3025,DEMAND,TBUS,data/noise_sources/demand/audio/TBUS/ch01.wav,4c24b6789b7a96fa5500d0a785093324ffbbb01a772914cef9483762a2d8c34f,DEMAND:TBUS,1.0,3407.0,active_valid_region,20.0,True,zero_shot_frozen,False,3940671.0,5.738708094065529e+18,4fa3fc9b486f51cd16cc2458d79a322b9b56d92f46d9ab2146dd962b2d9b6dd9,0.0,demand_noise_offset_v2,0.09613606142838353,0.08620350140738287,0.11152222341185551,20.000000264257217,11.674514806251931,0.5493961572647095,1.0,False,22320.0,20.0
0,2024,data/external/korea_raw/abdominal_cough/train_abdominal_17672.wav,f15a33f36baf2b8e736629781a6abc75,cough,abdominal_cough,13920,0.2175,DEMAND,TBUS,data/noise_sources/demand/audio/TBUS/ch01.wav,4c24b6789b7a96fa5500d0a785093324ffbbb01a772914cef9483762a2d8c34f,DEMAND:TBUS,1.0,3407.0,active_valid_region,20.0,True,zero_shot_frozen,False,5849523.0,7.924833115702952e+18,6dfaa9bb2dba00c1a8d32115e6060ad199dd231e618a87fe81f6406468e8ad86,0.0,demand_noise_offset_v2,0.06527721364023754,0.03815689278137856,0.17107581063858093,20.00000023587708,12.459444573337251,0.2789982557296753,1.0,False,25040.0,20.0
0,2024,data/raw/sow_call_dataset_labeled/anxious_stress/1297-3.wav,15736b80e0e4f5e334117af31330abe5,stress_vocal,anxious_stress,63991,0.999859375,DEMAND,TBUS,data/noise_sources/demand/audio/TBUS/ch01.wav,4c24b6789b7a96fa5500d0a785093324ffbbb01a772914cef9483762a2d8c34f,DEMAND:TBUS,1.0,3407.0,active_valid_region,20.0,True,zero_shot_frozen,False,3301889.0,4.2189852133832074e+18,ba8cd8b2cc54e9141b58d54f9adf3b6795aa3359d53a5d74fb1e16f63a07b2ce,0.0,demand_noise_offset_v2,200.41826714700306,0.01667766799253975,1201.716374475461,19.99999959557274,19.999265653603256,1421.4998779296875,0.0007027788151870767,True,4.0,20.0
0,2024,data/external/korea_raw/abdominal_cough/train_abdominal_00790.wav,be383be0d5e164640f96e7b8c086be90,cough,abdominal_cough,13184,0.206,DEMAND,TBUS,data/noise_sources/demand/audio/TBUS/ch01.wav,4c24b6789b7a96fa5500d0a785093324ffbbb01a772914cef9483762a2d8c34f,DEMAND:TBUS,1.0,3407.0,active_valid_region,20.0,True,zero_shot_frozen,False,8066532.0,1.5294893012927e+18,1539d66a7b4fd0e3e91b133a9d12c051e8e9142df5c1289075bb17d9a54adacd,0.0,demand_noise_offset_v2,0.0518932068304845,0.01208367555677622,0.42944885922052173,19.99999972368158,12.940035994082049,0.2719418406486511,1.0,False,25408.0,20.0
0,2024,data/raw/sow_call_dataset_labeled/feeding/444-1.wav,6e8f71772e6578a1413f49c0b64622ef,feeding,feeding,64000,1.0,DEMAND,TBUS,data/noise_sources/demand/audio/TBUS/ch01.wav,4c24b6789b7a96fa5500d0a785093324ffbbb01a772914cef9483762a2d8c34f,DEMAND:TBUS,1.0,3407.0,active_valid_region,20.0,True,zero_shot_frozen,False,4508842.0,3.1549694887040143e+18,2bc8b408c36607570f20ec584970c4457aef12ac7f75f7062da9c73919eddbe8,0.0,demand_noise_offset_v2,1206.573424250525,0.01881825184554084,6411.71897450418,20.000000302872643,20.000000302872643,15873.57421875,6.293478621972691e-05,True,0.0,20.0
0,2024,data/external/korea_raw/abdominal_cough/train_abdominal_08082.wav,d30dcaf230f9e2a911e1947f21cca67c,cough,abdominal_cough,16928,0.2645,DEMAND,TBUS,data/noise_sources/demand/audio/TBUS/ch01.wav,4c24b6789b7a96fa5500d0a785093324ffbbb01a772914cef9483762a2d8c34f,DEMAND:TBUS,1.0,3407.0,active_valid_region,20.0,True,zero_shot_frozen,False,1414744.0,8.251934602077155e+18,f284c2ccca902f9ba28303243de09689d0145ae8f1b4674f3b4651cf7e88a939,0.0,demand_noise_offset_v2,0.07929913907403835,0.02545679121719772,0.311504849128301,20.000000230353322,14.3653878899839,0.4730741083621979,1.0,False,23536.0,20.0
0,2024,data/external/korea_raw/abdominal_cough/train_abdominal_02327.wav,f671afbd25fd76072e59a1ea9a30ef8f,cough,abdominal_cough,13536,0.2115,DEMAND,TBUS,data/noise_sources/demand/audio/TBUS/ch01.wav,4c24b6789b7a96fa5500d0a785093324ffbbb01a772914cef9483762a2d8c34f,DEMAND:TBUS,1.0,3407.0,active_valid_region,20.0,True,zero_shot_frozen,False,5646669.0,7.60627104468625e+18,e98ee73723dd00738452cd2ca4d4266cab52c6e3d1d9f4247949f3aec1912080,0.0,demand_noise_offset_v2,0.031630398778738876,0.06198583010925723,0.051028434600273356,20.000000068447044,15.23599238084657,0.14620652794837952,1.0,False,25232.0,20.0
0,2024,data/raw/sow_call_dataset_labeled/calm_grunt/66-0.wav,9a1f2c7d433b216204177eeaf261b0b5,calm_grunt,calm_grunt,64000,1.0,DEMAND,TBUS,data/noise_sources/demand/audio/TBUS/ch01.wav,4c24b6789b7a96fa5500d0a785093324ffbbb01a772914cef9483762a2d8c34f,DEMAND:TBUS,1.0,3407.0,active_valid_region,20.0,True,zero_shot_frozen,False,34906.0,7.981494712344986e+17,8b1398b71e991fd4da87aba4e1205aedc1500b05ae62b04bc71e106421b36c33,0.0,demand_noise_offset_v2,922.061769499096,0.011737499352531553,7855.691760274518,19.999999853781325,19.999999853781325,16230.173828125,6.1552020981368e-05,True,0.0,20.0
0,2024,data/raw/sow_call_dataset_labeled/calm_grunt/46-0.wav,937e8cf48f631aa7ec7153f60ad2f192,calm_grunt,calm_grunt,64000,1.0,DEMAND,TBUS,data/noise_sources/demand/audio/TBUS/ch01.wav,4c24b6789b7a96fa5500d0a785093324ffbbb01a772914cef9483762a2d8c34f,DEMAND:TBUS,1.0,3407.0,active_valid_region,20.0,True,zero_shot_frozen,False,1371739.0,6.239113487321894e+18,d695c8a9152b8d9b859e40b63ca2c036fd1f977b08f23b99585f3e0a469d03c9,0.0,demand_noise_offset_v2,807.7225364948797,0.04346414116526318,1858.3653440285084,19.999999936290646,19.999999936290646,14353.3203125,6.960062050102736e-05,True,0.0,20.0
0,2024,data/raw/sow_call_dataset_labeled/feeding/492-1.wav,b998236fc8e1bd90177833e700992ddb,feeding,feeding,63988,0.9998125,DEMAND,TBUS,data/noise_sources/demand/audio/TBUS/ch01.wav,4c24b6789b7a96fa5500d0a785093324ffbbb01a772914cef9483762a2d8c34f,DEMAND:TBUS,1.0,3407.0,active_valid_region,20.0,True,zero_shot_frozen,False,6644294.0,7.95907351560185e+18,6e744f3186aaef628beb7d4bea07bc5e8db946bee3f98d12f97461b58f4f9a74,0.0,demand_noise_offset_v2,253.67080108739273,0.08534016730235756,297.2466648543645,19.99999974710732,19.99928376813113,2552.99267578125,0.0003913054704296371,True,6.0,20.0
0,2024,data/raw/sow_call_dataset_labeled/calm_grunt/13-0.wav,1e6abaca4ee7e6ae5e9ddcd4c3bc70ee,calm_grunt,calm_grunt,64000,1.0,DEMAND,TBUS,data/noise_sources/demand/audio/TBUS/ch01.wav,4c24b6789b7a96fa5500d0a785093324ffbbb01a772914cef9483762a2d8c34f,DEMAND:TBUS,1.0,3407.0,active_valid_region,20.0,True,zero_shot_frozen,False,8625301.0,3.5968134044749537e+18,b1ea72bc1117d0ee38aa0d62f5903990b0e698a6d5636ced62687fb3c096c0d8,0.0,demand_noise_offset_v2,1594.4521304256807,0.016277380258086453,9795.50827679148,20.000000410902786,20.000000410902786,18847.439453125,5.300454751344808e-05,True,0.0,20.0
0,2024,data/raw/sow_call_dataset_labeled/frightened_stress/1096-2.wav,9ea43ffa0a9fefd061e5e02543126bec,stress_vocal,frightened_stress,63990,0.99984375,DEMAND,TBUS,data/noise_sources/demand/audio/TBUS/ch01.wav,4c24b6789b7a96fa5500d0a785093324ffbbb01a772914cef9483762a2d8c34f,DEMAND:TBUS,1.0,3407.0,active_valid_region,20.0,True,zero_shot_frozen,False,1916529.0,4.389008195815701e+16,009bedcc08475ad390764b137abbbd8606fb867852e62a7826afcfd9013099ea,0.0,demand_noise_offset_v2,236.52666961097475,0.0182114915598871,1298.777032255567,20.000000357076587,19.99927055791408,2557.948974609375,0.0003905472743656106,True,5.0,20.0
0,2024,data/raw/sow_call_dataset_labeled/feeding/355-1.wav,92852d0b9cb15d83bc32ce24b43cd421,feeding,feeding,64000,1.0,DEMAND,TBUS,data/noise_sources/demand/audio/TBUS/ch01.wav,4c24b6789b7a96fa5500d0a785093324ffbbb01a772914cef9483762a2d8c34f,DEMAND:TBUS,1.0,3407.0,active_valid_region,20.0,True,zero_shot_frozen,False,4053430.0,6.831155000638435e+18,5ecd2347b2aff147c664b5f572ddc5dbe89fe31e45bfa0e8bc5e188190d1c17c,0.0,demand_noise_offset_v2,726.071745247488,0.10328874529587029,702.9533984246374,20.00000036414037,20.00000036414037,6125.205078125,0.0001630965799933357,True,0.0,20.0
0,2024,data/external/korea_raw/dry_cough/train_dry_14835.wav,2a6f1b93023cf43370fb4ddc4a25c557,cough,dry_cough,18272,0.2855,DEMAND,TBUS,data/noise_sources/demand/audio/TBUS/ch01.wav,4c24b6789b7a96fa5500d0a785093324ffbbb01a772914cef9483762a2d8c34f,DEMAND:TBUS,1.0,3407.0,active_valid_region,20.0,True,zero_shot_frozen,False,3016547.0,2.2353328291399117e+18,9f057f5d63a743ef914060aa72668e3de806d4a8ad5845e0618675adfa6d08b6,0.0,demand_noise_offset_v2,0.06389787947538701,0.039717737169800635,0.16087995950577905,20.000000254955253,15.391934088789885,0.3487812578678131,1.0,False,22864.0,20.0
0,2024,data/raw/sow_call_dataset_labeled/feeding/480-1.wav,314c5b727c3e60e13838edeb09727eb6,feeding,feeding,64000,1.0,DEMAND,TBUS,data/noise_sources/demand/audio/TBUS/ch01.wav,4c24b6789b7a96fa5500d0a785093324ffbbb01a772914cef9483762a2d8c34f,DEMAND:TBUS,1.0,3407.0,active_valid_region,20.0,True,zero_shot_frozen,False,378614.0,4.89026885970923e+18,c3ddb99e3f1f8c6e549da7189d8118b6d79be3d4b691d63237eb34abf63db0ff,0.0,demand_noise_offset_v2,388.98274525887217,0.03963424975236137,981.4308273507737,19.999999824979284,19.999999824979284,4472.9970703125,0.0002233401865229047,True,0.0,20.0
0,2024,data/raw/sow_call_dataset_labeled/feeding/475-1.wav,fff1ba8bfd4f7a2c0c937a21d2533e26,feeding,feeding,64000,1.0,DEMAND,TBUS,data/noise_sources/demand/audio/TBUS/ch01.wav,4c24b6789b7a96fa5500d0a785093324ffbbb01a772914cef9483762a2d8c34f,DEMAND:TBUS,1.0,3407.0,active_valid_region,20.0,True,zero_shot_frozen,False,6391126.0,2.0795832893393183e+18,9cdc29fbc9e8903b9a378a9aa0cc08293ab9f3a776eb3f5749e0c4b642a5e602,0.0,demand_noise_offset_v2,268.59140350268495,0.2121242500497972,126.61984824442835,19.99999986714006,19.99999986714006,2272.817138671875,0.0004395426200383932,True,0.0,20.0
0,2024,data/raw/sow_call_dataset_labeled/feeding/343-1.wav,04444d7ef6c62b6da94486d0aced7cd9,feeding,feeding,64000,1.0,DEMAND,TBUS,data/noise_sources/demand/audio/TBUS/ch01.wav,4c24b6789b7a96fa5500d0a785093324ffbbb01a772914cef9483762a2d8c34f,DEMAND:TBUS,1.0,3407.0,active_valid_region,20.0,True,zero_shot_frozen,False,4922811.0,4.3881099696533217e+18,3ce5b2c4a8894ff524a8dbf3a40b1bd75ad0d7a2530b0e8fb286db632c885c4c,0.0,demand_noise_offset_v2,908.7684383478191,0.021470738493923523,4232.590502674193,20.000000354134066,20.000000354134066,11314.45703125,8.829411762675035e-05,True,0.0,20.0
0,2024,data/raw/sow_call_dataset_labeled/feeding/389-1.wav,43ae73622c7a2432d7d3632134dda63a,feeding,feeding,63990,0.99984375,DEMAND,TBUS,data/noise_sources/demand/audio/TBUS/ch01.wav,4c24b6789b7a96fa5500d0a785093324ffbbb01a772914cef9483762a2d8c34f,DEMAND:TBUS,1.0,3407.0,active_valid_region,20.0,True,zero_shot_frozen,False,3154954.0,6.027090384181329e+18,53a486c5824cfd9b705207f562730da4614205d9a8f39e4b27667c17913293d1,0.0,demand_noise_offset_v2,1134.1709979160391,0.013766871855937024,8238.407459476155,20.000000249378527,19.999091165749505,13284.4990234375,7.520042707199497e-05,True,5.0,20.0
0,2024,data/raw/sow_call_dataset_labeled/feeding/427-1.wav,fb79ad436b991a7f85596c6e029a1a41,feeding,feeding,63986,0.99978125,DEMAND,TBUS,data/noise_sources/demand/audio/TBUS/ch01.wav,4c24b6789b7a96fa5500d0a785093324ffbbb01a772914cef9483762a2d8c34f,DEMAND:TBUS,1.0,3407.0,active_valid_region,20.0,True,zero_shot_frozen,False,2951807.0,6.811678235617653e+18,5e87f143f63fefd1d54c1f287c4b7d99b49f6d84d0f904363214ee137dc0a861,0.0,demand_noise_offset_v2,645.1817983714217,0.07600312054740836,848.8885636859839,20.000000145128304,19.999416602661867,4402.42138671875,0.00022692057671121373,True,7.0,20.0
0,2024,data/raw/sow_call_dataset_labeled/anxious_stress/1334-3.wav,11d045bea6c3d64015b13638a7d53109,stress_vocal,anxious_stress,63997,0.999953125,DEMAND,TBUS,data/noise_sources/demand/audio/TBUS/ch01.wav,4c24b6789b7a96fa5500d0a785093324ffbbb01a772914cef9483762a2d8c34f,DEMAND:TBUS,1.0,3407.0,active_valid_region,20.0,True,zero_shot_frozen,False,4864407.0,2.3273249441448873e+18,a04c51b4bca96eae681ac44172c40beff8863aedc9874789d27921a815b35dca,0.0,demand_noise_offset_v2,3811.8301009912243,0.02431710109634655,15675.512002390455,20.000000164130455,19.999805973747495,21061.3359375,4.7432888538721166e-05,True,1.0,20.0
0,2024,data/raw/sow_call_dataset_labeled/anxious_stress/1383-3.wav,b3b31954241bce03f5720874592aee72,stress_vocal,anxious_stress,63992,0.999875,DEMAND,TBUS,data/noise_sources/demand/audio/TBUS/ch01.wav,4c24b6789b7a96fa5500d0a785093324ffbbb01a772914cef9483762a2d8c34f,DEMAND:TBUS,1.0,3407.0,active_valid_region,20.0,True,zero_shot_frozen,False,6839505.0,6.43319442554079e+18,59474c3ed961c72f91ab7a4c2da538c78e44b9a449cba80d3e3398259f74a086,0.0,demand_noise_offset_v2,1199.8548664566226,0.10634834142675849,1128.2309158370429,19.99999968159155,19.999957241769412,6536.2158203125,0.00015284073039562474,True,4.0,20.0
0,2024,data/raw/sow_call_dataset_labeled/frightened_stress/571-2.wav,08169455610f31ed96247239437ecadf,stress_vocal,frightened_stress,64000,1.0,DEMAND,TBUS,data/noise_sources/demand/audio/TBUS/ch01.wav,4c24b6789b7a96fa5500d0a785093324ffbbb01a772914cef9483762a2d8c34f,DEMAND:TBUS,1.0,3407.0,active_valid_region,20.0,True,zero_shot_frozen,False,1221377.0,3.595791195597826e+18,b1e6d10a8415e7a22e9f5c791502a4f4c812fed81d79e000fb46186f3892cc59,0.0,demand_noise_offset_v2,82.93683624858953,0.10489391163577494,79.06735000652148,19.999999749694478,19.999999749694478,820.4434814453125,0.0012176341485950234,True,0.0,20.0
0,2024,data/external/korea_raw/abdominal_cough/train_abdominal_06751.wav,1d8dba5e198d447b4483b7ae2ad71b2f,cough,abdominal_cough,10976,0.1715,DEMAND,TBUS,data/noise_sources/demand/audio/TBUS/ch01.wav,4c24b6789b7a96fa5500d0a785093324ffbbb01a772914cef9483762a2d8c34f,DEMAND:TBUS,1.0,3407.0,active_valid_region,20.0,True,zero_shot_frozen,False,3954962.0,4.0994135300656947e+18,b8e40ae2cefeefe0ad35907473839a840dd79030e62907f4c97941b928d9a28f,0.0,demand_noise_offset_v2,0.0590139803387406,0.1279542886633543,0.046121142913783414,20.000000020213694,12.943659396851663,0.31125134229660034,1.0,False,26512.0,20.0
0,2024,data/raw/sow_call_dataset_labeled/calm_grunt/133-0.wav,4d295214452277e46a9aa9d386bf4466,calm_grunt,calm_grunt,64000,1.0,DEMAND,TBUS,data/noise_sources/demand/audio/TBUS/ch01.wav,4c24b6789b7a96fa5500d0a785093324ffbbb01a772914cef9483762a2d8c34f,DEMAND:TBUS,1.0,3407.0,active_valid_region,20.0,True,zero_shot_frozen,False,6263689.0,3.807405439836777e+18,34d69f13355c69f48d4641e6ea35c2f821b31f763e71898fd37c22bea83109c3,0.0,demand_noise_offset_v2,1228.2898693684476,0.24959742803589474,492.10838390201945,19.99999974426309,19.99999974426309,16561.244140625,6.032155504244013e-05,True,0.0,20.0
0,2024,data/raw/sow_call_dataset_labeled/calm_grunt/134-0.wav,f5e6656b16432a15c846dda524aab2f7,calm_grunt,calm_grunt,64000,1.0,DEMAND,TBUS,data/noise_sources/demand/audio/TBUS/ch01.wav,4c24b6789b7a96fa5500d0a785093324ffbbb01a772914cef9483762a2d8c34f,DEMAND:TBUS,1.0,3407.0,active_valid_region,20.0,True,zero_shot_frozen,False,3224645.0,2.932903670505554e+18,28b3c45960ec40c083ce2bed91508c9e599a0de827f4cd2381004d54b99d6b46,0.0,demand_noise_offset_v2,1263.1512551834044,0.01386219080835777,9112.205081045538,19.99999999755755,19.99999999755755,16682.671875,5.98824940923919e-05,True,0.0,20.0
0,2024,data/raw/sow_call_dataset_labeled/anxious_stress/1682-3.wav,22f617734eec4c14399d7edd05952a94,stress_vocal,anxious_stress,64000,1.0,DEMAND,TBUS,data/noise_sources/demand/audio/TBUS/ch01.wav,4c24b6789b7a96fa5500d0a785093324ffbbb01a772914cef9483762a2d8c34f,DEMAND:TBUS,1.0,3407.0,active_valid_region,20.0,True,zero_shot_frozen,False,9002220.0,6.216257573656837e+18,56449553fe25ba7f898359a5e3bb67e108390766b37fa65e4ffbba111f155ed5,0.0,demand_noise_offset_v2,3713.545213927236,0.09580831225460774,3876.015688553828,20.000000142208208,20.000000142208208,22249.80078125,4.489927841699425e-05,True,0.0,20.0
0,2024,data/raw/sow_call_dataset_labeled/anxious_stress/1376-3.wav,7955ec6fe3a43547095c229605227135,stress_vocal,anxious_stress,64000,1.0,DEMAND,TBUS,data/noise_sources/demand/audio/TBUS/ch01.wav,4c24b6789b7a96fa5500d0a785093324ffbbb01a772914cef9483762a2d8c34f,DEMAND:TBUS,1.0,3407.0,active_valid_region,20.0,True,zero_shot_frozen,False,2557487.0,2.1327524894661468e+18,9d990f16e075b00ce2407eec1376fe9861ab441f6add13ec5e3599ebc50db01b,0.0,demand_noise_offset_v2,430.83975926257386,0.07069387864014737,609.4442228239802,20.000000127406405,20.000000127406405,3237.4072265625,0.00030858027121312897,True,0.0,20.0
0,2024,data/raw/sow_call_dataset_labeled/anxious_stress/1494-3.wav,c96e034455453c8a80062c77d5b0ffd8,stress_vocal,anxious_stress,64000,1.0,DEMAND,TBUS,data/noise_sources/demand/audio/TBUS/ch01.wav,4c24b6789b7a96fa5500d0a785093324ffbbb01a772914cef9483762a2d8c34f,DEMAND:TBUS,1.0,3407.0,active_valid_region,20.0,True,zero_shot_frozen,False,5470622.0,8.604220992980748e+18,f7685567ef93885ab531e9014bb507138fbb9fc03bda66a56a292639f6d784bc,0.0,demand_noise_offset_v2,3764.493110548208,0.10403517007076565,3618.4812385922623,20.000000091245603,20.000000091245603,22083.87890625,4.523661826986704e-05,True,0.0,20.0
0,2024,data/raw/sow_call_dataset_labeled/calm_grunt/163-0.wav,5695337a3756b87cd039848c7ee34d5d,calm_grunt,calm_grunt,64000,1.0,DEMAND,TBUS,data/noise_sources/demand/audio/TBUS/ch01.wav,4c24b6789b7a96fa5500d0a785093324ffbbb01a772914cef9483762a2d8c34f,DEMAND:TBUS,1.0,3407.0,active_valid_region,20.0,True,zero_shot_frozen,False,2733847.0,6.934899003702504e+18,603db5e6b4e5eb10344d2d4b6d7839cd31d9fb67319f8c71270b1ccfbfe45cf9,0.0,demand_noise_offset_v2,1012.4039790838016,0.09339986963665577,1083.9458160083693,20.00000011389207,20.00000011389207,16364.84765625,6.104548120363747e-05,True,0.0,20.0
0,2024,data/raw/sow_call_dataset_labeled/calm_grunt/200-0.wav,9f56e233d86a50f8c07037764ffc404c,calm_grunt,calm_grunt,64000,1.0,DEMAND,TBUS,data/noise_sources/demand/audio/TBUS/ch01.wav,4c24b6789b7a96fa5500d0a785093324ffbbb01a772914cef9483762a2d8c34f,DEMAND:TBUS,1.0,3407.0,active_valid_region,20.0,True,zero_shot_frozen,False,8878933.0,8.426016665959916e+18,f4ef3983c60fdfb787fccd69f8d2dc10cac4cf50118838232fb25b85ccf9c032,0.0,demand_noise_offset_v2,1501.611902094328,0.059735066352881845,2513.7862796094214,19.99999966461963,19.99999966461963,17491.021484375,5.7115017604456214e-05,True,0.0,20.0
0,2024,data/raw/sow_call_dataset_labeled/calm_grunt/181-0.wav,66d65c98af61f5b9edb344b18a179881,calm_grunt,calm_grunt,64000,1.0,DEMAND,TBUS,data/noise_sources/demand/audio/TBUS/ch01.wav,4c24b6789b7a96fa5500d0a785093324ffbbb01a772914cef9483762a2d8c34f,DEMAND:TBUS,1.0,3407.0,active_valid_region,20.0,True,zero_shot_frozen,False,5836515.0,3.8004813511106324e+18,b4be05a72c7224e8b62212967fe1a0d498419e6132f23567be42e8f11495c431,0.0,demand_noise_offset_v2,1080.7881855900323,0.034351361193783084,3146.274697800428,20.000000105589848,20.000000105589848,14909.0341796875,6.700635252155143e-05,True,0.0,20.0
0,2024,data/raw/sow_call_dataset_labeled/feeding/489-1.wav,cc82b9acc5ec838472efea0356add029,feeding,feeding,63988,0.9998125,DEMAND,TBUS,data/noise_sources/demand/audio/TBUS/ch01.wav,4c24b6789b7a96fa5500d0a785093324ffbbb01a772914cef9483762a2d8c34f,DEMAND:TBUS,1.0,3407.0,active_valid_region,20.0,True,zero_shot_frozen,False,1176383.0,1.913853321227652e+18,9a8f5f74a3f9cc46e7fe1ac22817c50712fabe3127a95b4ff85390499552731a,0.0,demand_noise_offset_v2,111.61931926581481,0.11279979258888394,98.95347917227868,20.000000280441526,19.99997840166464,1366.4283447265625,0.0007311031009093352,True,6.0,20.0
0,2024,data/external/korea_raw/dry_cough/train_dry_17231.wav,414bbf0cced84b1b83253974ff72e055,cough,dry_cough,20064,0.3135,DEMAND,TBUS,data/noise_sources/demand/audio/TBUS/ch01.wav,4c24b6789b7a96fa5500d0a785093324ffbbb01a772914cef9483762a2d8c34f,DEMAND:TBUS,1.0,3407.0,active_valid_region,20.0,True,zero_shot_frozen,False,28176.0,8.213961646233669e+18,71fdda990a70cd64568943b35972f239a6575a0114ffcbd6e7061b267186f419,0.0,demand_noise_offset_v2,0.15677584411372072,0.01251029532212223,1.253174606010224,19.9999996117776,15.994963149865525,0.852971613407135,1.0,False,21968.0,20.0
0,2024,data/raw/sow_call_dataset_labeled/feeding/406-1.wav,bf2cba2c96bb0cc4a444e2aed3985121,feeding,feeding,64000,1.0,DEMAND,TBUS,data/noise_sources/demand/audio/TBUS/ch01.wav,4c24b6789b7a96fa5500d0a785093324ffbbb01a772914cef9483762a2d8c34f,DEMAND:TBUS,1.0,3407.0,active_valid_region,20.0,True,zero_shot_frozen,False,1594546.0,8.607173040030374e+18,f772d246f35456471092766a6e322a631db77d718854e88d1ff693e2aa1ea1fd,0.0,demand_noise_offset_v2,527.5342874146062,0.010003567123391323,5273.461765264449,19.99999975225006,19.99999975225006,3812.402587890625,0.0002620394821819538,True,0.0,20.0
0,2024,data/raw/sow_call_dataset_labeled/calm_grunt/255-0.wav,7fe4de8d725fb04b3437a3a1c91ff7ab,calm_grunt,calm_grunt,64000,1.0,DEMAND,TBUS,data/noise_sources/demand/audio/TBUS/ch01.wav,4c24b6789b7a96fa5500d0a785093324ffbbb01a772914cef9483762a2d8c34f,DEMAND:TBUS,1.0,3407.0,active_valid_region,20.0,True,zero_shot_frozen,False,668502.0,6.431738495714022e+18,d9422015c53d52f161acf7637da56cd08a9c03b61a6482c42dd65b0020174858,0.0,demand_noise_offset_v2,1961.689035486129,0.10167136779474639,1929.4409803223816,19.999999727515053,19.999999727515053,15140.5869140625,6.598159012396897e-05,True,0.0,20.0
0,2024,data/raw/sow_call_dataset_labeled/anxious_stress/1359-3.wav,18b5dc855acc6b3ee7d7d2daae3afaa4,stress_vocal,anxious_stress,64000,1.0,DEMAND,TBUS,data/noise_sources/demand/audio/TBUS/ch01.wav,4c24b6789b7a96fa5500d0a785093324ffbbb01a772914cef9483762a2d8c34f,DEMAND:TBUS,1.0,3407.0,active_valid_region,20.0,True,zero_shot_frozen,False,7062242.0,3.364161412817849e+18,2eafe6fb1a158aa0aaf31e23e01cb91233450e453918088f1e014cca387179ae,0.0,demand_noise_offset_v2,665.4457462232906,0.029292847926553706,2271.700409232214,19.99999989101081,19.99999989101081,6314.970703125,0.00015819550825558684,True,0.0,20.0
0,2024,data/raw/sow_call_dataset_labeled/feeding/298-1.wav,a386793de4da5cae07e7e1b426e07f80,feeding,feeding,63997,0.999953125,DEMAND,TBUS,data/noise_sources/demand/audio/TBUS/ch01.wav,4c24b6789b7a96fa5500d0a785093324ffbbb01a772914cef9483762a2d8c34f,DEMAND:TBUS,1.0,3407.0,active_valid_region,20.0,True,zero_shot_frozen,False,1005400.0,8.453506016364545e+18,7550e2eeec0942d2c06db74b79172e07d25fe521efa9e1afef8263d39cb2a04b,0.0,demand_noise_offset_v2,222.9550765863742,0.08860696097771416,251.62252956903734,20.00000004764648,19.99985954832215,3075.225341796875,0.00032485424284916874,True,1.0,20.0
0,2024,data/raw/sow_call_dataset_labeled/frightened_stress/1038-2.wav,eea3389ab552c4f66b61093bf5aacc49,stress_vocal,frightened_stress,64000,1.0,DEMAND,TBUS,data/noise_sources/demand/audio/TBUS/ch01.wav,4c24b6789b7a96fa5500d0a785093324ffbbb01a772914cef9483762a2d8c34f,DEMAND:TBUS,1.0,3407.0,active_valid_region,20.0,True,zero_shot_frozen,False,9414791.0,2.713558435507854e+18,a5a87f0521b5d9f5a715afb5658be51c72698c6579146d5e4c1ea644138f7b55,0.0,demand_noise_offset_v2,352.08993383815,0.08822457468868687,399.0837417811875,20.00000002515859,20.00000002515859,6805.150390625,0.00014680057642462325,True,0.0,20.0
0,2024,data/raw/sow_call_dataset_labeled/calm_grunt/148-0.wav,00e146b24fd459e3f6e2e9469eebe4c4,calm_grunt,calm_grunt,64000,1.0,DEMAND,TBUS,data/noise_sources/demand/audio/TBUS/ch01.wav,4c24b6789b7a96fa5500d0a785093324ffbbb01a772914cef9483762a2d8c34f,DEMAND:TBUS,1.0,3407.0,active_valid_region,20.0,True,zero_shot_frozen,False,2503329.0,2.698546510338973e+18,257329c0ee9fde00b6e7a24e3b7a802792e759142c91103ab9d49a98308ec884,0.0,demand_noise_offset_v2,997.9479044483013,0.08651116016273255,1153.5481694744387,19.999999633028832,19.999999633028832,10581.96484375,9.440590804741115e-05,True,0.0,20.0
0,2024,data/raw/sow_call_dataset_labeled/calm_grunt/31-0.wav,ad1b03b3649c921981340ffcfafbe1d5,calm_grunt,calm_grunt,64000,1.0,DEMAND,TBUS,data/noise_sources/demand/audio/TBUS/ch01.wav,4c24b6789b7a96fa5500d0a785093324ffbbb01a772914cef9483762a2d8c34f,DEMAND:TBUS,1.0,3407.0,active_valid_region,20.0,True,zero_shot_frozen,False,7251642.0,3.832850059325271e+18,353104d2576aeb83348149e47551e0abf102ca1707d11878ece5106bf49c36ff,0.0,demand_noise_offset_v2,888.4460887560168,0.0190480433625697,4664.238062907055,19.99999958812443,19.99999958812443,22066.1875,4.5272886401422995e-05,True,0.0,20.0
0,2024,data/raw/sow_call_dataset_labeled/feeding/469-1.wav,96f4365be7925a63b199ce1f0e094270,feeding,feeding,64000,1.0,DEMAND,TBUS,data/noise_sources/demand/audio/TBUS/ch01.wav,4c24b6789b7a96fa5500d0a785093324ffbbb01a772914cef9483762a2d8c34f,DEMAND:TBUS,1.0,3407.0,active_valid_region,20.0,True,zero_shot_frozen,False,8416017.0,8.868973807473567e+18,fb14ecb024b4a4c1ed4f03df784b1d8e0fca08a5891ccf08ba35a511c2c6e8bc,0.0,demand_noise_offset_v2,780.9235916986895,0.01924273029936187,4058.27852674621,19.999999921942464,19.999999921942464,10175.8203125,9.817390336313488e-05,True,0.0,20.0
0,2024,data/external/korea_raw/abdominal_cough/train_abdominal_02305.wav,802c3c06a9ed989a83e4990344122a04,cough,abdominal_cough,15457,0.241515625,DEMAND,TBUS,data/noise_sources/demand/audio/TBUS/ch01.wav,4c24b6789b7a96fa5500d0a785093324ffbbb01a772914cef9483762a2d8c34f,DEMAND:TBUS,1.0,3407.0,active_valid_region,20.0,True,zero_shot_frozen,False,4409525.0,7.778211989514014e+18,ebf1c297feaacc2250b67dfde55fdbf7ff1bca42e1074ff78a0fb7615e7b48da,0.0,demand_noise_offset_v2,0.0532670213899115,0.01938054860202335,0.27484785123342875,19.99999956126955,13.935925983782758,0.2977188527584076,1.0,False,24271.0,20.0
0,2024,data/raw/sow_call_dataset_labeled/feeding/486-1.wav,faa7678cb4332273bf2df704079aa496,feeding,feeding,63997,0.999953125,DEMAND,TBUS,data/noise_sources/demand/audio/TBUS/ch01.wav,4c24b6789b7a96fa5500d0a785093324ffbbb01a772914cef9483762a2d8c34f,DEMAND:TBUS,1.0,3407.0,active_valid_region,20.0,True,zero_shot_frozen,False,6040667.0,6.633978553826895e+17,0934dcd5aad756c0b00d64eb18c9cc1613533ff26be7d903ce433b031afecf24,0.0,demand_noise_offset_v2,317.2547916993655,0.14926564200287726,212.54374914573447,20.000000098878342,19.99971218630221,3894.184814453125,0.0002565363606504365,True,1.0,20.0
0,2024,data/raw/sow_call_dataset_labeled/feeding/399-1.wav,48cf353f7ec7b595326862ac160f0ad7,feeding,feeding,63998,0.99996875,DEMAND,TBUS,data/noise_sources/demand/audio/TBUS/ch01.wav,4c24b6789b7a96fa5500d0a785093324ffbbb01a772914cef9483762a2d8c34f,DEMAND:TBUS,1.0,3407.0,active_valid_region,20.0,True,zero_shot_frozen,False,8907842.0,6.688239288354736e+18,dcd166326b32077ada3f3aa73313de7fd92de612e37801bed3acfeaf6727ef29,0.0,demand_noise_offset_v2,858.440139263654,0.06559153761430286,1308.7666038743128,20.000000010944675,19.999923962340024,8371.8974609375,0.00011932778735779335,True,1.0,20.0
0,2024,data/raw/sow_call_dataset_labeled/feeding/324-1.wav,247d290a4193c3f911ea011db4d5a19f,feeding,feeding,64000,1.0,DEMAND,TBUS,data/noise_sources/demand/audio/TBUS/ch01.wav,4c24b6789b7a96fa5500d0a785093324ffbbb01a772914cef9483762a2d8c34f,DEMAND:TBUS,1.0,3407.0,active_valid_region,20.0,True,zero_shot_frozen,False,3724029.0,4.246493521448934e+18,3aee935bdef619b62725de4931bef6c2cec089745c4dd7c302420d25af5a28e8,0.0,demand_noise_offset_v2,1023.1476817421454,0.10037072338189502,1019.368643831755,19.999999927148263,19.999999927148263,12746.5634765625,7.837406543629521e-05,True,0.0,20.0
0,2024,data/external/korea_raw/abdominal_cough/train_abdominal_13649.wav,758a24dd5518a227c1e5ba1f0ff3dcb4,cough,abdominal_cough,19137,0.299015625,DEMAND,TBUS,data/noise_sources/demand/audio/TBUS/ch01.wav,4c24b6789b7a96fa5500d0a785093324ffbbb01a772914cef9483762a2d8c34f,DEMAND:TBUS,1.0,3407.0,active_valid_region,20.0,True,zero_shot_frozen,False,9186219.0,8.620371892662649e+18,77a1b6904deb3f78b2631f4d2bb08ae169eda7a82b9a6a162a31d50d1d7ab4eb,0.0,demand_noise_offset_v2,0.07282239663273285,0.07034888611868503,0.10351606208785563,19.999999792816098,13.276116165981307,0.3346347510814667,1.0,False,22431.0,20.0
0,2024,data/raw/sow_call_dataset_labeled/frightened_stress/809-2.wav,60adaca724f5caf2590a8cfb28d41e6d,stress_vocal,frightened_stress,64000,1.0,DEMAND,TBUS,data/noise_sources/demand/audio/TBUS/ch01.wav,4c24b6789b7a96fa5500d0a785093324ffbbb01a772914cef9483762a2d8c34f,DEMAND:TBUS,1.0,3407.0,active_valid_region,20.0,True,zero_shot_frozen,False,645430.0,2.678393514111987e+18,252b90b5d95aee32195718abfc9f734b093a36af6572273fbd0bc2ff8f422b6a,0.0,demand_noise_offset_v2,94.84308904056803,0.12376883814592948,76.62921496341706,20.000000397828465,20.000000397828465,833.0391845703125,0.0011992233000603582,True,0.0,20.0
0,2024,data/raw/sow_call_dataset_labeled/feeding/471-1.wav,52da60c3cf75c529daf2db0df0c762b2,feeding,feeding,63985,0.999765625,DEMAND,TBUS,data/noise_sources/demand/audio/TBUS/ch01.wav,4c24b6789b7a96fa5500d0a785093324ffbbb01a772914cef9483762a2d8c34f,DEMAND:TBUS,1.0,3407.0,active_valid_region,20.0,True,zero_shot_frozen,False,5371707.0,7.795318765605589e+16,0114f202db593c49943818b6c887d0d539f23801417715648b81b6e86b91b676,0.0,demand_noise_offset_v2,570.4386214492046,0.11617140126488522,491.03188498908924,19.99999989412998,19.997183015083966,4762.3662109375,0.0002097696724173887,True,7.0,20.0
0,2024,data/external/korea_raw/dry_cough/train_dry_13855.wav,92a4b6e7ce690c211166c2967b9d3651,cough,dry_cough,18016,0.2815,DEMAND,TBUS,data/noise_sources/demand/audio/TBUS/ch01.wav,4c24b6789b7a96fa5500d0a785093324ffbbb01a772914cef9483762a2d8c34f,DEMAND:TBUS,1.0,3407.0,active_valid_region,20.0,True,zero_shot_frozen,False,1415156.0,8.468490638464334e+18,f5861f5e2163366f94a2f5c4e3cd319dc7d464cf764c9b15707531f3c6e908ee,0.0,demand_noise_offset_v2,0.07541487102707227,0.024774561891664843,0.30440445872201216,19.999999756427258,14.408026474762972,0.36017584800720215,1.0,False,22992.0,20.0
0,2024,data/raw/sow_call_dataset_labeled/calm_grunt/246-0.wav,af2331ab38f97aa237f515945a5359e8,calm_grunt,calm_grunt,64000,1.0,DEMAND,TBUS,data/noise_sources/demand/audio/TBUS/ch01.wav,4c24b6789b7a96fa5500d0a785093324ffbbb01a772914cef9483762a2d8c34f,DEMAND:TBUS,1.0,3407.0,active_valid_region,20.0,True,zero_shot_frozen,False,6611866.0,3.696921157075537e+18,b34e1a348a1d0bbe85d55ab6df9cd8c1a2e38622b0faac520872c391cda0beab,0.0,demand_noise_offset_v2,1362.533252620096,0.12235284242910455,1113.6098071522895,19.999999564984524,19.999999564984524,16450.779296875,6.072660644044812e-05,True,0.0,20.0
0,2024,data/raw/sow_call_dataset_labeled/feeding/304-1.wav,c9e37a52d69aa372d3ae6b95468b7620,feeding,feeding,63988,0.9998125,DEMAND,TBUS,data/noise_sources/demand/audio/TBUS/ch01.wav,4c24b6789b7a96fa5500d0a785093324ffbbb01a772914cef9483762a2d8c34f,DEMAND:TBUS,1.0,3407.0,active_valid_region,20.0,True,zero_shot_frozen,False,7555446.0,8.348471636568342e+18,73dbbab8ab147b2e7050fdc22728eb5e8670a504d45ead2785ae461a2f5f7f05,0.0,demand_noise_offset_v2,186.00205111276827,0.020214656173754925,920.1346266490464,19.9999998421835,19.99980241595709,3171.059326171875,0.0003150366793061547,True,6.0,20.0
0,2024,data/external/korea_raw/dry_cough/train_dry_12111.wav,f59c8ec794987b22feab4606c5b457ec,cough,dry_cough,12001,0.187515625,DEMAND,TBUS,data/noise_sources/demand/audio/TBUS/ch01.wav,4c24b6789b7a96fa5500d0a785093324ffbbb01a772914cef9483762a2d8c34f,DEMAND:TBUS,1.0,3407.0,active_valid_region,20.0,True,zero_shot_frozen,False,476335.0,5.752719351477964e+18,4fd5c3c55d5c0b64fbdc5e3e17d7b5f21e98131be4e99c8cf9b748e2c6a9a81b,0.0,demand_noise_offset_v2,0.04296524671898265,0.07428259694890159,0.05784025933899174,20.000000218971635,15.291694912223711,0.157936692237854,1.0,False,25999.0,20.0
0,2024,data/raw/sow_call_dataset_labeled/anxious_stress/1452-3.wav,863eeac0b9ddb7b6f0040a6c94e9fb0e,stress_vocal,anxious_stress,63995,0.999921875,DEMAND,TBUS,data/noise_sources/demand/audio/TBUS/ch01.wav,4c24b6789b7a96fa5500d0a785093324ffbbb01a772914cef9483762a2d8c34f,DEMAND:TBUS,1.0,3407.0,active_valid_region,20.0,True,zero_shot_frozen,False,1707155.0,8.664342689761397e+18,783dedc54b7b06d0d4b469c22c891ec2d9076bce190184e3fe78fda7707d64e4,0.0,demand_noise_offset_v2,1607.624752512261,0.007410392167577529,21694.1926440284,19.999999714879152,19.999707319640326,13132.02734375,7.607355466522537e-05,True,2.0,20.0
0,2024,data/raw/sow_call_dataset_labeled/feeding/393-1.wav,d020a377f975c05272b8d05b57521990,feeding,feeding,64000,1.0,DEMAND,TBUS,data/noise_sources/demand/audio/TBUS/ch01.wav,4c24b6789b7a96fa5500d0a785093324ffbbb01a772914cef9483762a2d8c34f,DEMAND:TBUS,1.0,3407.0,active_valid_region,20.0,True,zero_shot_frozen,False,536358.0,4.3335223032339955e+17,0603938eb70cab747779b3559410c0beae70b2d5cfd43d5b2514283a81e9d964,0.0,demand_noise_offset_v2,564.3458696574719,0.057781788147839026,976.6846747863717,19.999999844974507,19.999999844974507,5177.05419921875,0.00019296688069264474,True,0.0,20.0
0,2024,data/raw/sow_call_dataset_labeled/calm_grunt/91-0.wav,cee17336c428ff1a2871511627e221ac,calm_grunt,calm_grunt,64000,1.0,DEMAND,TBUS,data/noise_sources/demand/audio/TBUS/ch01.wav,4c24b6789b7a96fa5500d0a785093324ffbbb01a772914cef9483762a2d8c34f,DEMAND:TBUS,1.0,3407.0,active_valid_region,20.0,True,zero_shot_frozen,False,5110348.0,1.7028653068457708e+18,97a1caf972e0f3cd49a283cb7a9a7ce5ea9a63b16c13e6fc6233a57fe47b7896,0.0,demand_noise_offset_v2,938.9198850949239,0.018965752921017397,4950.606965117821,20.000000057699197,20.000000057699197,17919.916015625,5.574802912742097e-05,True,0.0,20.0
0,2024,data/external/korea_raw/dry_cough/train_dry_08236.wav,a7ab543a182c83c4cf8ec72231ba0af2,cough,dry_cough,17184,0.2685,DEMAND,TBUS,data/noise_sources/demand/audio/TBUS/ch01.wav,4c24b6789b7a96fa5500d0a785093324ffbbb01a772914cef9483762a2d8c34f,DEMAND:TBUS,1.0,3407.0,active_valid_region,20.0,True,zero_shot_frozen,False,3220108.0,2.0443219348553672e+18,1c5ee3f7ed97ea75c75d8df324f5e8ef43c07e8bccd7184328f3e23ffd219307,0.0,demand_noise_offset_v2,0.10200412159395875,0.015356525933567969,0.664239568475491,19.99999977856186,15.171929143771658,0.44445034861564636,1.0,False,23408.0,20.0
0,2024,data/raw/sow_call_dataset_labeled/feeding/462-1.wav,bf71b3916b50f93bb618bec575df25d0,feeding,feeding,64000,1.0,DEMAND,TBUS,data/noise_sources/demand/audio/TBUS/ch01.wav,4c24b6789b7a96fa5500d0a785093324ffbbb01a772914cef9483762a2d8c34f,DEMAND:TBUS,1.0,3407.0,active_valid_region,20.0,True,zero_shot_frozen,False,4759678.0,4.606269702766666e+18,3fecc1e3bd0d226c6053964f0234732dbca7594f41f7c6f5212a152a2378133d,0.0,demand_noise_offset_v2,390.87487317806836,0.019688719592273526,1985.2731984230195,20.00000002559919,20.00000002559919,2394.375244140625,0.00041722783529636565,True,0.0,20.0
0,2024,data/raw/sow_call_dataset_labeled/frightened_stress/531-2.wav,439e489d68e585b0f865ab720f41e65a,stress_vocal,frightened_stress,63608,0.993875,DEMAND,TBUS,data/noise_sources/demand/audio/TBUS/ch01.wav,4c24b6789b7a96fa5500d0a785093324ffbbb01a772914cef9483762a2d8c34f,DEMAND:TBUS,1.0,3407.0,active_valid_region,20.0,True,zero_shot_frozen,False,4548933.0,3.22804416258726e+18,accc51101e497391bd6800c0a76aea8c1a9efb9a5112a74fae1a41c7b8a1c0f6,0.0,demand_noise_offset_v2,223.3376366304215,0.019514922455881493,1144.4454218833498,19.9999999102366,19.974452751517077,2351.459228515625,0.0004248425777004119,True,196.0,20.0
0,2024,data/external/korea_raw/dry_cough/train_dry_12259.wav,0dd24b3ee3931c0516f250d0fb57dc2a,cough,dry_cough,13985,0.218515625,DEMAND,TBUS,data/noise_sources/demand/audio/TBUS/ch01.wav,4c24b6789b7a96fa5500d0a785093324ffbbb01a772914cef9483762a2d8c34f,DEMAND:TBUS,1.0,3407.0,active_valid_region,20.0,True,zero_shot_frozen,False,4237437.0,3.6057242451912417e+18,320a1b18d8a330c33fc38d2aa3410e4936dfe0fc21a6917dafe7cf11894eb855,0.0,demand_noise_offset_v2,0.061751605029606374,0.02150586250004589,0.2871384722629683,20.000000309893377,13.34513564676175,0.23448558151721954,1.0,False,25007.0,20.0
0,2024,data/raw/sow_call_dataset_labeled/feeding/334-1.wav,6d4e3f890abd1b39675ab539c08999df,feeding,feeding,64000,1.0,DEMAND,TBUS,data/noise_sources/demand/audio/TBUS/ch01.wav,4c24b6789b7a96fa5500d0a785093324ffbbb01a772914cef9483762a2d8c34f,DEMAND:TBUS,1.0,3407.0,active_valid_region,20.0,True,zero_shot_frozen,False,9246267.0,9.207364461386338e+18,ffc72131e67d10f46ff935c9f33a886c1e1f51b76324e426410def018f9f59ca,0.0,demand_noise_offset_v2,891.4684230620591,0.0768125189753196,1160.5769931181323,19.999999746158792,19.999999746158792,9321.6103515625,0.0001071703238306401,True,0.0,20.0
0,2024,data/raw/sow_call_dataset_labeled/frightened_stress/1031-2.wav,52f370f2037764cd024cc8ac3620035d,stress_vocal,frightened_stress,63997,0.999953125,DEMAND,TBUS,data/noise_sources/demand/audio/TBUS/ch01.wav,4c24b6789b7a96fa5500d0a785093324ffbbb01a772914cef9483762a2d8c34f,DEMAND:TBUS,1.0,3407.0,active_valid_region,20.0,True,zero_shot_frozen,False,9295306.0,7.517212830640656e+18,6852813dd758509f4ee02a82a444375c9be5c0ad38af8af74b50aca90feb2cbb,0.0,demand_noise_offset_v2,251.37542293038825,0.07213564204436687,348.47603182873223,19.999999706827197,19.99955507329272,2779.854736328125,0.0003593712962568564,True,1.0,20.0
0,2024,data/external/korea_raw/dry_cough/train_dry_05498.wav,476f1f61fe985f0e105b631f547552aa,cough,dry_cough,11777,0.184015625,DEMAND,TBUS,data/noise_sources/demand/audio/TBUS/ch01.wav,4c24b6789b7a96fa5500d0a785093324ffbbb01a772914cef9483762a2d8c34f,DEMAND:TBUS,1.0,3407.0,active_valid_region,20.0,True,zero_shot_frozen,False,8028937.0,8.927179310248726e+17,8c63923a7b5bf45706ebcfc5bbb143ccccc92aeffe47613de4af4bf88d1ffabc,0.0,demand_noise_offset_v2,0.042341868179194324,0.013667339081712113,0.30980330498897773,19.9999999486807,12.564822441730385,0.15958809852600098,1.0,False,26111.0,20.0
0,2024,data/raw/sow_call_dataset_labeled/calm_grunt/69-0.wav,5e6972bc79d14fbb0e7d8c9fc5171b8e,calm_grunt,calm_grunt,64000,1.0,DEMAND,TBUS,data/noise_sources/demand/audio/TBUS/ch01.wav,4c24b6789b7a96fa5500d0a785093324ffbbb01a772914cef9483762a2d8c34f,DEMAND:TBUS,1.0,3407.0,active_valid_region,20.0,True,zero_shot_frozen,False,8375821.0,7.403093882501183e+18,e6bd12a9b159b6c99ab82ad8c8abcccb4692f74165bb3bbf1b742c6b3ea94bb9,0.0,demand_noise_offset_v2,984.0544080113978,0.020009202494227853,4918.009142519661,19.999999756306966,19.999999756306966,16149.7275390625,6.185862873436393e-05,True,0.0,20.0
0,2024,data/raw/sow_call_dataset_labeled/feeding/365-1.wav,e7f7f9645f68e7861c6960646038694b,feeding,feeding,63998,0.99996875,DEMAND,TBUS,data/noise_sources/demand/audio/TBUS/ch01.wav,4c24b6789b7a96fa5500d0a785093324ffbbb01a772914cef9483762a2d8c34f,DEMAND:TBUS,1.0,3407.0,active_valid_region,20.0,True,zero_shot_frozen,False,4648478.0,6.595538727286275e+18,5b880f871e3afd99e5cbb0133d29b5b7e27c12074bc218b08e6cde61d7a5e2b2,0.0,demand_noise_offset_v2,228.88529049546287,0.01874247960557489,1221.211362168865,20.000000417601616,19.999698989960464,2063.732177734375,0.000484074440849554,True,1.0,20.0
0,2024,data/raw/sow_call_dataset_labeled/calm_grunt/127-0.wav,c0b1e9c399e2fcb85350d6e1a522b9c7,calm_grunt,calm_grunt,64000,1.0,DEMAND,TBUS,data/noise_sources/demand/audio/TBUS/ch01.wav,4c24b6789b7a96fa5500d0a785093324ffbbb01a772914cef9483762a2d8c34f,DEMAND:TBUS,1.0,3407.0,active_valid_region,20.0,True,zero_shot_frozen,False,8113446.0,3.0580047336138624e+18,aa70371a6c846d39a501156434d713d6a3b0bf5c860dcfcfd2b830e37b34fdb3,0.0,demand_noise_offset_v2,719.0246855373471,0.011945727313705093,6019.0950844192175,19.999999812755398,19.999999812755398,7098.5849609375,0.0001407322734738479,True,0.0,20.0
0,2024,data/raw/sow_call_dataset_labeled/frightened_stress/649-2.wav,a79a4d5ca276050cd921a9a53451c118,stress_vocal,frightened_stress,64000,1.0,DEMAND,TBUS,data/noise_sources/demand/audio/TBUS/ch01.wav,4c24b6789b7a96fa5500d0a785093324ffbbb01a772914cef9483762a2d8c34f,DEMAND:TBUS,1.0,3407.0,active_valid_region,20.0,True,zero_shot_frozen,False,624417.0,1.283556668697233e+18,11d01bfd56c845a729812d4be57d5ad739d2725ad1c44e7cc86bd741db6e476e,0.0,demand_noise_offset_v2,182.61161994441022,0.11587773920709392,157.5899057005687,20.000000053602932,20.000000053602932,1779.0635986328125,0.000561531358838278,True,0.0,20.0
0,2024,data/raw/sow_call_dataset_labeled/anxious_stress/1429-3.wav,08dbebe86b17e15870a88fc0edc1fd56,stress_vocal,anxious_stress,63997,0.999953125,DEMAND,TBUS,data/noise_sources/demand/audio/TBUS/ch01.wav,4c24b6789b7a96fa5500d0a785093324ffbbb01a772914cef9483762a2d8c34f,DEMAND:TBUS,1.0,3407.0,active_valid_region,20.0,True,zero_shot_frozen,False,8035607.0,3.635239380494743e+18,3272f6f4cbe6766387939c0c6d6275f0b05cfb0c5b04f3e0052cb06320c1bb0e,0.0,demand_noise_offset_v2,1018.0890498529338,0.013556454446996486,7509.994990456355,19.999999854694256,19.999960210892127,6948.25537109375,0.000143777098947177,True,1.0,20.0
0,2024,data/external/korea_raw/abdominal_cough/train_abdominal_16429.wav,89bcd1f7bcfd5c0d3850c0d8d7a77682,cough,abdominal_cough,12321,0.192515625,DEMAND,TBUS,data/noise_sources/demand/audio/TBUS/ch01.wav,4c24b6789b7a96fa5500d0a785093324ffbbb01a772914cef9483762a2d8c34f,DEMAND:TBUS,1.0,3407.0,active_valid_region,20.0,True,zero_shot_frozen,False,6577073.0,3.7670970514534953e+18,b4476acf324e97e670d641c8c8f982cf430831bf8ceefa26b466a6e66a90926c,0.0,demand_noise_offset_v2,0.03146874162552827,0.1620868090012597,0.019414745604180352,20.0000001457572,12.73729746156161,0.1402823030948639,1.0,False,25839.0,20.0
0,2024,data/raw/sow_call_dataset_labeled/frightened_stress/624-2.wav,6b7d32323ad19193729e70aa61366584,stress_vocal,frightened_stress,64000,1.0,DEMAND,TBUS,data/noise_sources/demand/audio/TBUS/ch01.wav,4c24b6789b7a96fa5500d0a785093324ffbbb01a772914cef9483762a2d8c34f,DEMAND:TBUS,1.0,3407.0,active_valid_region,20.0,True,zero_shot_frozen,False,5122024.0,4.362549400459329e+18,bc8ae390e178be35c00da61786b06df2eeaca811f9e95d52ec0c21ad94446f90,0.0,demand_noise_offset_v2,124.93057706281661,0.019687486397425694,634.5684489166293,20.000000387460574,20.000000387460574,918.5849609375,0.0010875422987335097,True,0.0,20.0
0,2024,data/raw/sow_call_dataset_labeled/calm_grunt/218-0.wav,b3d8482fce8b5eaa3e2cb020780d332e,calm_grunt,calm_grunt,64000,1.0,DEMAND,TBUS,data/noise_sources/demand/audio/TBUS/ch01.wav,4c24b6789b7a96fa5500d0a785093324ffbbb01a772914cef9483762a2d8c34f,DEMAND:TBUS,1.0,3407.0,active_valid_region,20.0,True,zero_shot_frozen,False,6016778.0,4.3735961704655345e+18,3cb2228b739b61bfcb7a84ef00a03776156308cb0ca86f994bdadd2ebf60a53a,0.0,demand_noise_offset_v2,1325.8744849035143,0.149192549257363,888.7002008500631,20.000000054040612,20.000000054040612,16384.318359375,6.097293632166142e-05,True,0.0,20.0
0,2024,data/external/korea_raw/dry_cough/train_dry_14904.wav,82731434fe93293942ec3e677a251aa0,cough,dry_cough,13408,0.2095,DEMAND,TBUS,data/noise_sources/demand/audio/TBUS/ch01.wav,4c24b6789b7a96fa5500d0a785093324ffbbb01a772914cef9483762a2d8c34f,DEMAND:TBUS,1.0,3407.0,active_valid_region,20.0,True,zero_shot_frozen,False,5612077.0,7.12150090513014e+17,09e210bbf3ca5d2885f0eb245b2f07f1ceb386cd201b73433585fe071eb1feb3,0.0,demand_noise_offset_v2,0.05590034753670979,0.05655851638435329,0.09883630461030696,20.00000015924882,12.137871677784165,0.2304130345582962,1.0,False,25296.0,20.0
0,2024,data/raw/sow_call_dataset_labeled/calm_grunt/59-0.wav,59a6dd695e64efe4c8241ab5e0cd60df,calm_grunt,calm_grunt,64000,1.0,DEMAND,TBUS,data/noise_sources/demand/audio/TBUS/ch01.wav,4c24b6789b7a96fa5500d0a785093324ffbbb01a772914cef9483762a2d8c34f,DEMAND:TBUS,1.0,3407.0,active_valid_region,20.0,True,zero_shot_frozen,False,2181816.0,8.932238833636946e+18,fbf5afe4e7e12e0c026194dfd9cb459c9a779481e30bee1d3e7ce30518a2b707,0.0,demand_noise_offset_v2,1245.0851120905868,0.06728612691744307,1850.4336170489469,20.00000011395135,20.00000011395135,17933.05078125,5.57071974080679e-05,True,0.0,20.0
0,2024,data/external/korea_raw/dry_cough/train_dry_12342.wav,be5b9785349c0ba7847119f6859671bc,cough,dry_cough,14017,0.219015625,DEMAND,TBUS,data/noise_sources/demand/audio/TBUS/ch01.wav,4c24b6789b7a96fa5500d0a785093324ffbbb01a772914cef9483762a2d8c34f,DEMAND:TBUS,1.0,3407.0,active_valid_region,20.0,True,zero_shot_frozen,False,4144968.0,2.0217787359335334e+18,1c0ecd0c69c1acbabfcc64a266ee26a9c9076b4bc1c2a1c801eec5665be00e09,0.0,demand_noise_offset_v2,0.04360133356829202,0.026171820458935405,0.16659648738116706,20.000000011397113,12.971492424307183,0.16993962228298187,1.0,False,24991.0,20.0
0,2024,data/external/korea_raw/dry_cough/train_dry_07999.wav,4bcc8d92055b679105e93da203cd9111,cough,dry_cough,13313,0.208015625,DEMAND,TBUS,data/noise_sources/demand/audio/TBUS/ch01.wav,4c24b6789b7a96fa5500d0a785093324ffbbb01a772914cef9483762a2d8c34f,DEMAND:TBUS,1.0,3407.0,active_valid_region,20.0,True,zero_shot_frozen,False,7898305.0,3.5322695560274877e+18,b105247249f1f69fff41067baedadd4e63746de7ba1d963df2303c82e7effa72,0.0,demand_noise_offset_v2,0.09846734402329387,0.01612746388211258,0.6105569030757945,20.000000037071604,13.568044429074998,0.43575379252433777,1.0,False,25343.0,20.0
0,2024,data/raw/sow_call_dataset_labeled/calm_grunt/114-0.wav,6bfb9e30e653d62d2ad67d1d0fbee2b2,calm_grunt,calm_grunt,64000,1.0,DEMAND,TBUS,data/noise_sources/demand/audio/TBUS/ch01.wav,4c24b6789b7a96fa5500d0a785093324ffbbb01a772914cef9483762a2d8c34f,DEMAND:TBUS,1.0,3407.0,active_valid_region,20.0,True,zero_shot_frozen,False,4618151.0,9.108190393629825e+18,fe66cae7deee5987e663d96ef0ce5f29eba6503ee0d2937fdf8563103cadf6e7,0.0,demand_noise_offset_v2,1176.8927172218246,0.01897729765408688,6201.582220366204,20.00000026533606,20.00000026533606,15310.140625,6.52508702871565e-05,True,0.0,20.0
0,2024,data/raw/sow_call_dataset_labeled/calm_grunt/274-0.wav,867a0d742da7dc4ab82703565363efca,calm_grunt,calm_grunt,64000,1.0,DEMAND,TBUS,data/noise_sources/demand/audio/TBUS/ch01.wav,4c24b6789b7a96fa5500d0a785093324ffbbb01a772914cef9483762a2d8c34f,DEMAND:TBUS,1.0,3407.0,active_valid_region,20.0,True,zero_shot_frozen,False,1277018.0,4.103458494036889e+18,b8f269c25fa0ce9b87ba9f8f91a6ee204cecbc8e3dbe18fd9357c78a590181b2,0.0,demand_noise_offset_v2,1609.9826402124925,0.1144723745229866,1406.437707718905,19.999999770873956,19.999999770873956,16868.6796875,5.922218090016122e-05,True,0.0,20.0
0,2024,data/raw/sow_call_dataset_labeled/anxious_stress/1580-3.wav,f770589d5c495dba265407f0501aedab,stress_vocal,anxious_stress,63766,0.99634375,DEMAND,TBUS,data/noise_sources/demand/audio/TBUS/ch01.wav,4c24b6789b7a96fa5500d0a785093324ffbbb01a772914cef9483762a2d8c34f,DEMAND:TBUS,1.0,3407.0,active_valid_region,20.0,True,zero_shot_frozen,False,6717345.0,1.9402896847002934e+18,1aed4b3029ea6905f5dfaebbbbf217889c31e711ac98220e72d4a8d661fd37d4,0.0,demand_noise_offset_v2,309.17193605807984,0.06779909532891767,456.01189006752395,19.99999977733427,19.99686057638617,1939.2528076171875,0.0005151468627896423,True,117.0,20.0
0,2024,data/external/korea_raw/abdominal_cough/train_abdominal_08112.wav,e88f3f912add02e57df4c7d0d5127334,cough,abdominal_cough,16224,0.2535,DEMAND,TBUS,data/noise_sources/demand/audio/TBUS/ch01.wav,4c24b6789b7a96fa5500d0a785093324ffbbb01a772914cef9483762a2d8c34f,DEMAND:TBUS,1.0,3407.0,active_valid_region,20.0,True,zero_shot_frozen,False,5553774.0,4.677651975186142e+18,c0ea5bb02bdfd532e2652517cc614a540f464a232aeadc5ecf045663239f7f2c,0.0,demand_noise_offset_v2,0.09735584493514245,0.07490967831444094,0.12996430785149213,20.0000000627237,14.997753887480961,0.41134849190711975,1.0,False,23888.0,20.0
0,2024,data/raw/sow_call_dataset_labeled/calm_grunt/250-0.wav,6501451456d9e85981b2e584769706d5,calm_grunt,calm_grunt,64000,1.0,DEMAND,TBUS,data/noise_sources/demand/audio/TBUS/ch01.wav,4c24b6789b7a96fa5500d0a785093324ffbbb01a772914cef9483762a2d8c34f,DEMAND:TBUS,1.0,3407.0,active_valid_region,20.0,True,zero_shot_frozen,False,3314217.0,7.898956503246757e+18,ed9ebb16d848dda284486c5b72f36b535166858d739ae2d0acb70dd7710484e0,0.0,demand_noise_offset_v2,1634.1095044534836,0.01669151128546656,9790.063203421949,19.999999757159898,19.999999757159898,16966.685546875,5.888009165019271e-05,True,0.0,20.0
0,2024,data/raw/sow_call_dataset_labeled/feeding/484-1.wav,7597d17cfc4d984eaab8bc076ccdf5ea,feeding,feeding,64000,1.0,DEMAND,TBUS,data/noise_sources/demand/audio/TBUS/ch01.wav,4c24b6789b7a96fa5500d0a785093324ffbbb01a772914cef9483762a2d8c34f,DEMAND:TBUS,1.0,3407.0,active_valid_region,20.0,True,zero_shot_frozen,False,7285810.0,2.0417586779022825e+18,1c55c8b3296fcef097b1f5b1655e62b96f50e6e4fbad37d50cf65cde9b8c2334,0.0,demand_noise_offset_v2,880.4726065326456,0.019352114078638526,4549.74894709069,19.999999857496377,19.999999857496377,12405.091796875,8.053144759893359e-05,True,0.0,20.0
0,2024,data/raw/sow_call_dataset_labeled/calm_grunt/251-0.wav,c0f8ff4583e17d7a26d397f7d7b0a2f7,calm_grunt,calm_grunt,64000,1.0,DEMAND,TBUS,data/noise_sources/demand/audio/TBUS/ch01.wav,4c24b6789b7a96fa5500d0a785093324ffbbb01a772914cef9483762a2d8c34f,DEMAND:TBUS,1.0,3407.0,active_valid_region,20.0,True,zero_shot_frozen,False,639762.0,1.3781973051895027e+18,13205725a6388ee892500bfc57e592d38bc2c4dffc4a05595c094a7d2a96b0be,0.0,demand_noise_offset_v2,1533.8450811438308,0.12659536380225672,1211.6123648411904,20.000000426900776,20.000000426900776,18563.884765625,5.381416727224369e-05,True,0.0,20.0
0,2024,data/raw/sow_call_dataset_labeled/frightened_stress/988-2.wav,e3f63486bc9dd011d4c42a02e2ab82eb,stress_vocal,frightened_stress,63998,0.99996875,DEMAND,TBUS,data/noise_sources/demand/audio/TBUS/ch01.wav,4c24b6789b7a96fa5500d0a785093324ffbbb01a772914cef9483762a2d8c34f,DEMAND:TBUS,1.0,3407.0,active_valid_region,20.0,True,zero_shot_frozen,False,5546708.0,3.3989468703609816e+16,0078c13de02ed3d8c4015c72daff226005e419ca026ddb9d81b93c305f91d659,0.0,demand_noise_offset_v2,207.5423704113459,0.06517597821271119,318.4338403544961,20.00000006279822,19.999965168995807,2687.9951171875,0.00037165246082934575,True,1.0,20.0
0,2024,data/raw/sow_call_dataset_labeled/calm_grunt/89-0.wav,66baf7d1e6268784319cb4666f8d36fd,calm_grunt,calm_grunt,64000,1.0,DEMAND,TBUS,data/noise_sources/demand/audio/TBUS/ch01.wav,4c24b6789b7a96fa5500d0a785093324ffbbb01a772914cef9483762a2d8c34f,DEMAND:TBUS,1.0,3407.0,active_valid_region,20.0,True,zero_shot_frozen,False,9022997.0,8.507105452561579e+18,760f4f5626b8bd911a8b699e4ab0d10931b89e25ae0131b51ea466b142799fec,0.0,demand_noise_offset_v2,1041.6516572237529,0.13645650508468224,763.3580066976831,19.999999709576066,19.999999709576066,14985.0283203125,6.666654067285518e-05,True,0.0,20.0
0,2024,data/raw/sow_call_dataset_labeled/anxious_stress/1649-3.wav,8ef7b5c15e374567562265858e5d7ed1,stress_vocal,anxious_stress,64000,1.0,DEMAND,TBUS,data/noise_sources/demand/audio/TBUS/ch01.wav,4c24b6789b7a96fa5500d0a785093324ffbbb01a772914cef9483762a2d8c34f,DEMAND:TBUS,1.0,3407.0,active_valid_region,20.0,True,zero_shot_frozen,False,682872.0,1.814506587679505e+18,192e6c20b93e39affbbad5c35d875bd679ca19aa69b4dba53e7d2bbb59916a19,0.0,demand_noise_offset_v2,1846.5257263435033,0.10426380408298622,1771.0131934892827,20.00000004675844,20.00000004675844,14900.1201171875,6.70464393671323e-05,True,0.0,20.0
0,2024,data/raw/sow_call_dataset_labeled/anxious_stress/1738-3.wav,ad7a0d5de7477a9d5d43b2bd260d645e,stress_vocal,anxious_stress,64000,1.0,DEMAND,TBUS,data/noise_sources/demand/audio/TBUS/ch01.wav,4c24b6789b7a96fa5500d0a785093324ffbbb01a772914cef9483762a2d8c34f,DEMAND:TBUS,1.0,3407.0,active_valid_region,20.0,True,zero_shot_frozen,False,4640703.0,1.9069154442546227e+18,1a76b97e4780c458de9bf12d130576e54ba452cfa6ef3a29422221f6c015f5a9,0.0,demand_noise_offset_v2,231.88397999285894,0.018712763913247915,1239.1754690427854,20.000000375543525,20.000000375543525,1612.0970458984375,0.0006196897404791456,True,0.0,20.0
0,2024,data/raw/sow_call_dataset_labeled/calm_grunt/165-0.wav,58f3af1d9665f4501de1c256ac27087d,calm_grunt,calm_grunt,64000,1.0,DEMAND,TBUS,data/noise_sources/demand/audio/TBUS/ch01.wav,4c24b6789b7a96fa5500d0a785093324ffbbb01a772914cef9483762a2d8c34f,DEMAND:TBUS,1.0,3407.0,active_valid_region,20.0,True,zero_shot_frozen,False,685887.0,8.776815948761795e+18,79cd839a94ee0866bc6b101af21c45cfb5d93c19c02117b82f98c0bf693e4bf5,0.0,demand_noise_offset_v2,1242.3661302468377,0.1034462992762973,1200.9768729653354,19.99999960085082,19.99999960085082,16432.3046875,6.079488051118819e-05,True,0.0,20.0
0,2024,data/raw/sow_call_dataset_labeled/calm_grunt/253-0.wav,88f53ffdc813ee27215e3d68cababb72,calm_grunt,calm_grunt,64000,1.0,DEMAND,TBUS,data/noise_sources/demand/audio/TBUS/ch01.wav,4c24b6789b7a96fa5500d0a785093324ffbbb01a772914cef9483762a2d8c34f,DEMAND:TBUS,1.0,3407.0,active_valid_region,20.0,True,zero_shot_frozen,False,8214246.0,5.97712997670645e+18,52f3080baded429d8151ed21cf4384cfb7bec0ad0ef0ab7201647d3854cbe580,0.0,demand_noise_offset_v2,1677.1380296440782,0.013289547922531904,12619.97804154464,19.999999670526435,19.999999670526435,15376.5654296875,6.49689948362092e-05,True,0.0,20.0
0,2024,data/raw/sow_call_dataset_labeled/calm_grunt/252-0.wav,2425faf6d72ec8f1cfb27af49a442721,calm_grunt,calm_grunt,64000,1.0,DEMAND,TBUS,data/noise_sources/demand/audio/TBUS/ch01.wav,4c24b6789b7a96fa5500d0a785093324ffbbb01a772914cef9483762a2d8c34f,DEMAND:TBUS,1.0,3407.0,active_valid_region,20.0,True,zero_shot_frozen,False,8397932.0,8.019494049123586e+18,ef4af7593c5ecef22fd63a6d03c59a40cfc55576b3a422fd1f6ca36900daea46,0.0,demand_noise_offset_v2,1988.6156620474069,0.019816784303886694,10035.006848499515,20.00000001343875,20.00000001343875,17505.521484375,5.70677086593326e-05,True,0.0,20.0
0,2024,data/raw/sow_call_dataset_labeled/frightened_stress/887-2.wav,36d2f03519aad0dc3c6d70f418bede2d,stress_vocal,frightened_stress,64000,1.0,DEMAND,TBUS,data/noise_sources/demand/audio/TBUS/ch01.wav,4c24b6789b7a96fa5500d0a785093324ffbbb01a772914cef9483762a2d8c34f,DEMAND:TBUS,1.0,3407.0,active_valid_region,20.0,True,zero_shot_frozen,False,5008317.0,1.1032503640158614e+18,8f4f885c5d7c5e699181cff2be162583c9bc4a5022bc04b4e8af3e8ce4f156a9,0.0,demand_noise_offset_v2,226.1403217059333,0.021570810658538806,1048.362647494732,19.99999980184868,19.99999980184868,2322.791259765625,0.00043008599924764716,True,0.0,20.0
0,2024,data/raw/sow_call_dataset_labeled/feeding/367-1.wav,940704b541a8d463f81ea666f8da0a2d,feeding,feeding,64000,1.0,DEMAND,TBUS,data/noise_sources/demand/audio/TBUS/ch01.wav,4c24b6789b7a96fa5500d0a785093324ffbbb01a772914cef9483762a2d8c34f,DEMAND:TBUS,1.0,3407.0,active_valid_region,20.0,True,zero_shot_frozen,False,5622027.0,3.894463197014018e+18,b60be9a4d8da47df8c9c1f485436302151c0196341eb432eae854a5657ed403d,0.0,demand_noise_offset_v2,702.5387179613983,0.05637069108373055,1246.2836705653974,19.999999851539332,19.999999851539332,8235.9765625,0.0001212970911729692,True,0.0,20.0
0,2024,data/raw/sow_call_dataset_labeled/anxious_stress/1294-3.wav,3b1abd244c212e4e29ed5d8d492094a3,stress_vocal,anxious_stress,64000,1.0,DEMAND,TBUS,data/noise_sources/demand/audio/TBUS/ch01.wav,4c24b6789b7a96fa5500d0a785093324ffbbb01a772914cef9483762a2d8c34f,DEMAND:TBUS,1.0,3407.0,active_valid_region,20.0,True,zero_shot_frozen,False,2502056.0,3.5937512899744563e+18,b1df91c1fa077f21963dbf1b599421e89b5db184a7f3519c4c4b02929048100e,0.0,demand_noise_offset_v2,309.20159348055824,0.08615380991321374,358.89485768769794,19.999999777896477,19.999999777896477,2316.701416015625,0.00043121655345561467,True,0.0,20.0
0,2024,data/raw/sow_call_dataset_labeled/calm_grunt/84-0.wav,6284697bc5cf29624df3bee3472e7b55,calm_grunt,calm_grunt,64000,1.0,DEMAND,TBUS,data/noise_sources/demand/audio/TBUS/ch01.wav,4c24b6789b7a96fa5500d0a785093324ffbbb01a772914cef9483762a2d8c34f,DEMAND:TBUS,1.0,3407.0,active_valid_region,20.0,True,zero_shot_frozen,False,3858363.0,1.0570403513910611e+18,0eab5c9961eb14b8aca50fa19e859c6a3b76206f8194f24ceaaa647a476d05fa,0.0,demand_noise_offset_v2,819.4625842053988,0.0643057197311407,1274.3230114390053,20.00000009010096,20.00000009010096,14419.392578125,6.928169786538283e-05,True,0.0,20.0
0,2024,data/external/korea_raw/dry_cough/train_dry_06353.wav,7c4381d73edf61a542eca5b8ad16ccbe,cough,dry_cough,7969,0.124515625,DEMAND,TBUS,data/noise_sources/demand/audio/TBUS/ch01.wav,4c24b6789b7a96fa5500d0a785093324ffbbb01a772914cef9483762a2d8c34f,DEMAND:TBUS,1.0,3407.0,active_valid_region,20.0,True,zero_shot_frozen,False,1496260.0,1.013245319835117e+18,8e0fc53fff196606b6cd8c480247726a1025e256f2b01993a80df10868702319,0.0,demand_noise_offset_v2,0.12077981036285175,0.02260696659018042,0.5342592509307009,19.999999858494295,11.127973888967041,0.44823312759399414,1.0,False,28015.0,20.0
0,2024,data/raw/sow_call_dataset_labeled/frightened_stress/798-2.wav,9047deea4f6c553333311bf1f5279715,stress_vocal,frightened_stress,64000,1.0,DEMAND,TBUS,data/noise_sources/demand/audio/TBUS/ch01.wav,4c24b6789b7a96fa5500d0a785093324ffbbb01a772914cef9483762a2d8c34f,DEMAND:TBUS,1.0,3407.0,active_valid_region,20.0,True,zero_shot_frozen,False,249488.0,4.5105426559075635e+18,be98aaa5cd9e08d6931bd90340bcd252f2d073cf710d507808a0bdf5919121b9,0.0,demand_noise_offset_v2,109.39846330513913,0.01650768829818106,662.7121940338155,19.999999673147254,19.999999673147254,1174.7518310546875,0.0008503923753011747,True,0.0,20.0
0,2024,data/raw/sow_call_dataset_labeled/feeding/396-1.wav,850bc5be2aeb59aeadd3ce9d998d574e,feeding,feeding,64000,1.0,DEMAND,TBUS,data/noise_sources/demand/audio/TBUS/ch01.wav,4c24b6789b7a96fa5500d0a785093324ffbbb01a772914cef9483762a2d8c34f,DEMAND:TBUS,1.0,3407.0,active_valid_region,20.0,True,zero_shot_frozen,False,3947942.0,1.1409835354857293e+18,0fd5967af73239c0eaa0e8b887257e8921fa065df60f077f3263e74dd3d0b49b,0.0,demand_noise_offset_v2,495.4983345230236,0.12120830557744693,408.7989945593467,20.00000029194974,20.00000029194974,6157.912109375,0.00016223031154976875,True,0.0,20.0
0,2024,data/external/korea_raw/abdominal_cough/train_abdominal_01211.wav,54d7ff55aaca2d49609a064333bab111,cough,abdominal_cough,17952,0.2805,DEMAND,TBUS,data/noise_sources/demand/audio/TBUS/ch01.wav,4c24b6789b7a96fa5500d0a785093324ffbbb01a772914cef9483762a2d8c34f,DEMAND:TBUS,1.0,3407.0,active_valid_region,20.0,True,zero_shot_frozen,False,5121924.0,8.427681477719543e+17,8bb21d2a4bf6146f32b2f7ac6bc4f8cac97496cdf43be46c20f574a468fd953c,0.0,demand_noise_offset_v2,0.027219146609550993,0.015801889761356866,0.17225247752401582,20.000000063590768,12.568952411429969,0.13300392031669617,1.0,False,23024.0,20.0
0,2024,data/raw/sow_call_dataset_labeled/feeding/382-1.wav,6900556222b8dc7174fb2b5d5e1d09ac,feeding,feeding,63997,0.999953125,DEMAND,TBUS,data/noise_sources/demand/audio/TBUS/ch01.wav,4c24b6789b7a96fa5500d0a785093324ffbbb01a772914cef9483762a2d8c34f,DEMAND:TBUS,1.0,3407.0,active_valid_region,20.0,True,zero_shot_frozen,False,6891992.0,2.6386824179036616e+18,a49e7badc23771bfbd66021f458c1bfcfb6418b53cb306d38f6b3418dd5e53c5,0.0,demand_noise_offset_v2,882.0886951559368,0.096921110538706,910.1099752707328,19.99999990078137,19.99964273125698,9171.005859375,0.00010893025425109493,True,1.0,20.0
0,2024,data/raw/sow_call_dataset_labeled/feeding/308-1.wav,62f84208f3d66bc2106eced8f9723a09,feeding,feeding,63986,0.99978125,DEMAND,TBUS,data/noise_sources/demand/audio/TBUS/ch01.wav,4c24b6789b7a96fa5500d0a785093324ffbbb01a772914cef9483762a2d8c34f,DEMAND:TBUS,1.0,3407.0,active_valid_region,20.0,True,zero_shot_frozen,False,4971186.0,6.968780203027663e+18,60b614ac273d06b161db968d77d4d5dd6a53fa8d083173dabb511b89ce89c7f9,0.0,demand_noise_offset_v2,377.93868802714655,0.02138194121941631,1767.5602235963104,20.000000212885013,19.998296962371146,3296.804931640625,0.00030302065809603625,True,7.0,20.0
0,2024,data/raw/sow_call_dataset_labeled/feeding/411-1.wav,34ffe8b85e2dd2ea42fae8d315374606,feeding,feeding,63998,0.99996875,DEMAND,TBUS,data/noise_sources/demand/audio/TBUS/ch01.wav,4c24b6789b7a96fa5500d0a785093324ffbbb01a772914cef9483762a2d8c34f,DEMAND:TBUS,1.0,3407.0,active_valid_region,20.0,True,zero_shot_frozen,False,5437524.0,6.603593851760078e+17,892a115cb182e4ac5359a2f11ac53b7175d429518da0103929ec0d7208a43825,0.0,demand_noise_offset_v2,398.75886637335407,0.12578455627996415,317.01734947954907,19.999999588143368,19.999915383717976,3772.636474609375,0.00026480155369420746,True,1.0,20.0
0,2024,data/external/korea_raw/dry_cough/train_dry_02449.wav,2896dd842b3141f1521d6e69312d7362,cough,dry_cough,18497,0.289015625,DEMAND,TBUS,data/noise_sources/demand/audio/TBUS/ch01.wav,4c24b6789b7a96fa5500d0a785093324ffbbb01a772914cef9483762a2d8c34f,DEMAND:TBUS,1.0,3407.0,active_valid_region,20.0,True,zero_shot_frozen,False,6055264.0,1.2969181973127788e+18,91ff943aa591727e324e155a5f7b79e549450f02a837dfe45a3a8418bf26d4d6,0.0,demand_noise_offset_v2,0.07343115627623883,0.1934751635604279,0.03795378948125513,19.999999817909234,16.150783551703434,0.41514384746551514,1.0,False,22751.0,20.0
0,2024,data/raw/sow_call_dataset_labeled/calm_grunt/35-0.wav,bce14de9ae101013d89c90c1a29bb636,calm_grunt,calm_grunt,64000,1.0,DEMAND,TBUS,data/noise_sources/demand/audio/TBUS/ch01.wav,4c24b6789b7a96fa5500d0a785093324ffbbb01a772914cef9483762a2d8c34f,DEMAND:TBUS,1.0,3407.0,active_valid_region,20.0,True,zero_shot_frozen,False,8682122.0,4.9179201388662496e+17,86d3323b231614d2207c467ee641947535d7796e31e849da1d6e297380021e83,0.0,demand_noise_offset_v2,565.1370232751316,0.024232904104218456,2332.106052351987,20.000000349808367,20.000000349808367,9125.9560546875,0.00010946798275309125,True,0.0,20.0
0,2024,data/raw/sow_call_dataset_labeled/feeding/387-1.wav,9241924820d30258f1b5a5e9d94aeac0,feeding,feeding,64000,1.0,DEMAND,TBUS,data/noise_sources/demand/audio/TBUS/ch01.wav,4c24b6789b7a96fa5500d0a785093324ffbbb01a772914cef9483762a2d8c34f,DEMAND:TBUS,1.0,3407.0,active_valid_region,20.0,True,zero_shot_frozen,False,6464910.0,4.762783063122651e+18,c218cdf62bac282f0134013ab8ea1e7b1cdb22f381d37dab9fe1dee05b0fd53b,0.0,demand_noise_offset_v2,844.63572587174,0.17558410541026495,481.0433859592174,19.99999982098371,19.99999982098371,5458.5,0.00018301731244847486,True,0.0,20.0
0,2024,data/raw/sow_call_dataset_labeled/anxious_stress/1616-3.wav,6063d92c24fe5f2476915494d06f6c8a,stress_vocal,anxious_stress,63987,0.999796875,DEMAND,TBUS,data/noise_sources/demand/audio/TBUS/ch01.wav,4c24b6789b7a96fa5500d0a785093324ffbbb01a772914cef9483762a2d8c34f,DEMAND:TBUS,1.0,3407.0,active_valid_region,20.0,True,zero_shot_frozen,False,3755348.0,2.281319108595926e+18,9fa8dfa46f2bc38dc558ed8b9dcb87486d686992021192a6c314d93d4bb8a8e9,0.0,demand_noise_offset_v2,627.475414910057,0.09942230776648488,631.1213539559158,20.000000223248243,19.99962659121149,4015.1708984375,0.0002488063460483737,True,6.0,20.0
0,2024,data/raw/sow_call_dataset_labeled/calm_grunt/155-0.wav,68510d2282aa7349ec4e06faa0638875,calm_grunt,calm_grunt,64000,1.0,DEMAND,TBUS,data/noise_sources/demand/audio/TBUS/ch01.wav,4c24b6789b7a96fa5500d0a785093324ffbbb01a772914cef9483762a2d8c34f,DEMAND:TBUS,1.0,3407.0,active_valid_region,20.0,True,zero_shot_frozen,False,5918982.0,5.752111222390636e+18,4fd39aae4721ba03d43eff590707e5910587c82485192f57ea76877b97bb7087,0.0,demand_noise_offset_v2,897.9188141246865,0.11434837217587443,785.2484447645965,19.99999967663132,19.99999967663132,11834.705078125,8.441274990844756e-05,True,0.0,20.0
0,2024,data/raw/sow_call_dataset_labeled/anxious_stress/1468-3.wav,d20184e28961e933d131951e2eb5242b,stress_vocal,anxious_stress,64000,1.0,DEMAND,TBUS,data/noise_sources/demand/audio/TBUS/ch01.wav,4c24b6789b7a96fa5500d0a785093324ffbbb01a772914cef9483762a2d8c34f,DEMAND:TBUS,1.0,3407.0,active_valid_region,20.0,True,zero_shot_frozen,False,4491313.0,7.269086789640748e+18,e4e0fbec02057b9b328b2f81dc4dc03bb968937bfcb909bcfd328ca06dd71c23,0.0,demand_noise_offset_v2,483.6170731235223,0.018015669183658906,2684.4246982631466,19.9999996596016,19.9999996596016,4253.66357421875,0.00023485637323433165,True,0.0,20.0
0,2024,data/raw/sow_call_dataset_labeled/calm_grunt/86-0.wav,6686d8c376a0e89e3ba4cf02a3221421,calm_grunt,calm_grunt,64000,1.0,DEMAND,TBUS,data/noise_sources/demand/audio/TBUS/ch01.wav,4c24b6789b7a96fa5500d0a785093324ffbbb01a772914cef9483762a2d8c34f,DEMAND:TBUS,1.0,3407.0,active_valid_region,20.0,True,zero_shot_frozen,False,573668.0,6.653702327138005e+18,dc56b30382402fb89639a6adf364fa5f2bdf2ecb2eb4e47b57442a160ca2538f,0.0,demand_noise_offset_v2,953.8544513051378,0.07376056129186355,1293.1767798387896,20.00000014859662,20.00000014859662,15928.9619140625,6.271595132122558e-05,True,0.0,20.0
0,2024,data/external/korea_raw/abdominal_cough/train_abdominal_05140.wav,ffc07baef90cf2dfcbaa9c4fa0e982c0,cough,abdominal_cough,13985,0.218515625,DEMAND,TBUS,data/noise_sources/demand/audio/TBUS/ch01.wav,4c24b6789b7a96fa5500d0a785093324ffbbb01a772914cef9483762a2d8c34f,DEMAND:TBUS,1.0,3407.0,active_valid_region,20.0,True,zero_shot_frozen,False,3102600.0,3.29942359755792e+18,adc9e847e7fb30df63c14b60aef5b86106f37719e122cc615de9910e6ce0e57d,0.0,demand_noise_offset_v2,0.0378744874036115,0.027000572994667252,0.14027290239763393,20.00000011876964,13.57649876007821,0.19450144469738007,1.0,False,25007.0,20.0
0,2024,data/raw/sow_call_dataset_labeled/feeding/321-1.wav,09b3ffe59b3de4c1fad3e875d3de4e0d,feeding,feeding,63992,0.999875,DEMAND,TBUS,data/noise_sources/demand/audio/TBUS/ch01.wav,4c24b6789b7a96fa5500d0a785093324ffbbb01a772914cef9483762a2d8c34f,DEMAND:TBUS,1.0,3407.0,active_valid_region,20.0,True,zero_shot_frozen,False,8261212.0,7.560182584505163e+18,68eb2a014a865de93e4cbded190abd92c400c573e16bf91675d10178fd2cc1b4,0.0,demand_noise_offset_v2,670.3121940538623,0.014028868123620362,4778.09177580948,19.99999996378683,19.999439803227492,5312.24658203125,0.00018805602951096656,True,4.0,20.0
0,2024,data/raw/sow_call_dataset_labeled/feeding/461-1.wav,81b6b443e611971e62ee7f480b5e80b8,feeding,feeding,64000,1.0,DEMAND,TBUS,data/noise_sources/demand/audio/TBUS/ch01.wav,4c24b6789b7a96fa5500d0a785093324ffbbb01a772914cef9483762a2d8c34f,DEMAND:TBUS,1.0,3407.0,active_valid_region,10.0,True,zero_shot_frozen,False,4259318.0,8.461124425210412e+18,756bf3d5f50c3cacde00d07199e1d521459c9634becb2ec3d9d897c649abb451,0.0,demand_noise_offset_v2,330.3920405704791,0.01991617588175044,5245.943675115022,9.999999714379303,9.999999714379303,2953.73046875,0.0003382163709821399,True,0.0,10.0
0,2024,data/raw/sow_call_dataset_labeled/calm_grunt/74-0.wav,231dcdc74cf41f59690ae1408467d2ee,calm_grunt,calm_grunt,64000,1.0,DEMAND,TBUS,data/noise_sources/demand/audio/TBUS/ch01.wav,4c24b6789b7a96fa5500d0a785093324ffbbb01a772914cef9483762a2d8c34f,DEMAND:TBUS,1.0,3407.0,active_valid_region,10.0,True,zero_shot_frozen,False,4860409.0,5.4406080072637126e+17,878ce46a6b828bb097b893cd830b20eb98ea0d2911bd776471d147c80853ef3c,0.0,demand_noise_offset_v2,689.0697472656415,0.024009635468688166,9075.647445450642,9.999999974138557,9.999999974138557,15034.7802734375,6.64459328191826e-05,True,0.0,10.0
0,2024,data/external/korea_raw/dry_cough/train_dry_16871.wav,0087b3873541a379748a345b960d0af7,cough,dry_cough,15649,0.244515625,DEMAND,TBUS,data/noise_sources/demand/audio/TBUS/ch01.wav,4c24b6789b7a96fa5500d0a785093324ffbbb01a772914cef9483762a2d8c34f,DEMAND:TBUS,1.0,3407.0,active_valid_region,10.0,True,zero_shot_frozen,False,8536096.0,2.0562269425823898e+17,02da84c0410565fc576d6badab5bb26701c3c02137907ee16341836a9ec3d1e5,0.0,demand_noise_offset_v2,0.05542253586361861,0.0170495965955011,1.0279506969546035,10.000000442875663,3.9274925655921757,0.34338799118995667,1.0,False,24175.0,10.0
0,2024,data/raw/sow_call_dataset_labeled/anxious_stress/1567-3.wav,d76bf0e98eb7f34a4269a6dcebf2b860,stress_vocal,anxious_stress,64000,1.0,DEMAND,TBUS,data/noise_sources/demand/audio/TBUS/ch01.wav,4c24b6789b7a96fa5500d0a785093324ffbbb01a772914cef9483762a2d8c34f,DEMAND:TBUS,1.0,3407.0,active_valid_region,10.0,True,zero_shot_frozen,False,3096992.0,7.363690486552453e+17,0a381bbf90b02fc1aca6a95f8aff710c8567b1922a176ce45e062cc506b0eea1,0.0,demand_noise_offset_v2,2160.9679133716404,0.026875658430124263,25426.65354436944,9.999999740957234,9.999999740957234,13111.65625,7.619174732406518e-05,True,0.0,10.0
0,2024,data/external/korea_raw/abdominal_cough/train_abdominal_00145.wav,e49ea7e3eb02dd8208d5767cc2a865bd,cough,abdominal_cough,13760,0.215,DEMAND,TBUS,data/noise_sources/demand/audio/TBUS/ch01.wav,4c24b6789b7a96fa5500d0a785093324ffbbb01a772914cef9483762a2d8c34f,DEMAND:TBUS,1.0,3407.0,active_valid_region,10.0,True,zero_shot_frozen,False,8402887.0,5.847803228360255e+18,d127920d9ecba8c08ee56ab45b7ec44c9e25c957bdf89a9050d9867024ea7ff3,0.0,demand_noise_offset_v2,0.054280202175761995,0.01965768794416222,0.8731905360254238,10.000000135408673,3.351320270568565,0.2716933488845825,1.0,False,25120.0,10.0
0,2024,data/raw/sow_call_dataset_labeled/calm_grunt/126-0.wav,36fb7ca69b77d3439d07d4eed5009620,calm_grunt,calm_grunt,64000,1.0,DEMAND,TBUS,data/noise_sources/demand/audio/TBUS/ch01.wav,4c24b6789b7a96fa5500d0a785093324ffbbb01a772914cef9483762a2d8c34f,DEMAND:TBUS,1.0,3407.0,active_valid_region,10.0,True,zero_shot_frozen,False,5355214.0,6.044701219285617e+18,d3e317bb94e3c980cd271f9a720b71dd2ceeb7dc425bdc19f10346dfac28318b,0.0,demand_noise_offset_v2,612.6466638729408,0.10970587399659001,1765.9572711688215,9.999999975534008,9.999999975534008,7926.60791015625,0.00012603121175200246,True,0.0,10.0
0,2024,data/raw/sow_call_dataset_labeled/feeding/422-1.wav,ad0e6cc5f381d90941387e48ac3c90e5,feeding,feeding,64000,1.0,DEMAND,TBUS,data/noise_sources/demand/audio/TBUS/ch01.wav,4c24b6789b7a96fa5500d0a785093324ffbbb01a772914cef9483762a2d8c34f,DEMAND:TBUS,1.0,3407.0,active_valid_region,10.0,True,zero_shot_frozen,False,336301.0,7.96071957683243e+18,ee7a284705985064f1c50f50ef4b9dc6768582c8944b6d654ff1f53becb7b397,0.0,demand_noise_offset_v2,553.9720628504172,0.04212335898598592,4158.7696728840665,10.000000303062395,10.000000303062395,6475.46826171875,0.00015427455739468648,True,0.0,10.0
0,2024,data/raw/sow_call_dataset_labeled/frightened_stress/1033-2.wav,8922fbed7e0303ce8677c3bc946a39ed,stress_vocal,frightened_stress,63995,0.999921875,DEMAND,TBUS,data/noise_sources/demand/audio/TBUS/ch01.wav,4c24b6789b7a96fa5500d0a785093324ffbbb01a772914cef9483762a2d8c34f,DEMAND:TBUS,1.0,3407.0,active_valid_region,10.0,True,zero_shot_frozen,False,8289827.0,8.903149919357631e+18,fb8e57ae455bfd50f93b98a3ae9cffd5818bc3ef0460ec5b39cfc414e858ada7,0.0,demand_noise_offset_v2,242.93468520624987,0.01410361395468696,5447.021808566036,9.999999734404742,9.99980441278469,2097.698486328125,0.00047623622103512114,True,2.0,10.0
0,2024,data/external/korea_raw/dry_cough/train_dry_08957.wav,24488fa53abe2228b8830f93c083ba5d,cough,dry_cough,16000,0.25,DEMAND,TBUS,data/noise_sources/demand/audio/TBUS/ch01.wav,4c24b6789b7a96fa5500d0a785093324ffbbb01a772914cef9483762a2d8c34f,DEMAND:TBUS,1.0,3407.0,active_valid_region,10.0,True,zero_shot_frozen,False,4073148.0,6.856548036572229e+18,5f275a1c994a2caffd4c3b321d68f7d26810b7227faf0cb8d95ff97685d24bbf,0.0,demand_noise_offset_v2,0.1368990824889901,0.10514714560847722,0.41172102937008215,10.00000017715778,3.6428608563614517,0.7767012715339661,1.0,False,24000.0,10.0
0,2024,data/raw/sow_call_dataset_labeled/calm_grunt/191-0.wav,3edbcd7e4d484f1fa45cd8c3904ed2b2,calm_grunt,calm_grunt,64000,1.0,DEMAND,TBUS,data/noise_sources/demand/audio/TBUS/ch01.wav,4c24b6789b7a96fa5500d0a785093324ffbbb01a772914cef9483762a2d8c34f,DEMAND:TBUS,1.0,3407.0,active_valid_region,10.0,True,zero_shot_frozen,False,9289338.0,3.859277671343562e+17,055b17426d00c31b137b511428c5324020d83168ae110c3381d88a7f7dfd2bb1,0.0,demand_noise_offset_v2,1322.3588303029073,0.06882629547325736,6075.680463461919,9.999999707736306,9.999999707736306,17620.138671875,5.6696489091461505e-05,True,0.0,10.0
0,2024,data/external/korea_raw/dry_cough/train_dry_03883.wav,d33384b82a4c07ee3479d6a84e6a107a,cough,dry_cough,16000,0.25,DEMAND,TBUS,data/noise_sources/demand/audio/TBUS/ch01.wav,4c24b6789b7a96fa5500d0a785093324ffbbb01a772914cef9483762a2d8c34f,DEMAND:TBUS,1.0,3407.0,active_valid_region,10.0,True,zero_shot_frozen,False,4732315.0,1.500699052051048e+18,14d38dd63844a6088122cc88fcecec4c5e6e1e48634803fa1c681da048bfa261,0.0,demand_noise_offset_v2,0.05905472440135938,0.02013478227151004,0.9274867400282735,10.000000209545064,4.071213815693265,0.33841994404792786,1.0,False,24000.0,10.0
0,2024,data/raw/sow_call_dataset_labeled/calm_grunt/164-0.wav,d61f937fb7139f1bd2472783afd2378a,calm_grunt,calm_grunt,64000,1.0,DEMAND,TBUS,data/noise_sources/demand/audio/TBUS/ch01.wav,4c24b6789b7a96fa5500d0a785093324ffbbb01a772914cef9483762a2d8c34f,DEMAND:TBUS,1.0,3407.0,active_valid_region,10.0,True,zero_shot_frozen,False,2402321.0,5.38949407218257e+18,4acb544dcb83fd8cad806e57796ffb3f6689ab4b5b4bd0e1c0baf54fbfbccf53,0.0,demand_noise_offset_v2,1226.1967713311983,0.06964137654070522,5567.917880952295,9.999999865708302,9.999999865708302,15226.9150390625,6.560751126785738e-05,True,0.0,10.0
0,2024,data/external/korea_raw/dry_cough/train_dry_05642.wav,88d7f4aa29a5020b78bb91ee3a01937f,cough,dry_cough,13056,0.204,DEMAND,TBUS,data/noise_sources/demand/audio/TBUS/ch01.wav,4c24b6789b7a96fa5500d0a785093324ffbbb01a772914cef9483762a2d8c34f,DEMAND:TBUS,1.0,3407.0,active_valid_region,10.0,True,zero_shot_frozen,False,1546345.0,7.528934649144337e+18,e87c262c6360e5d31fbfc1d0052b94fb12301f775766b03e69bc2340c06dbcd9,0.0,demand_noise_offset_v2,0.060270272855776005,0.011258914568485837,1.6928038334845001,9.999999868922025,0.33747692763563036,0.3674265146255493,1.0,False,25472.0,10.0
0,2024,data/raw/sow_call_dataset_labeled/feeding/386-1.wav,14e3565af5b36ce69c196167511c0621,feeding,feeding,64000,1.0,DEMAND,TBUS,data/noise_sources/demand/audio/TBUS/ch01.wav,4c24b6789b7a96fa5500d0a785093324ffbbb01a772914cef9483762a2d8c34f,DEMAND:TBUS,1.0,3407.0,active_valid_region,10.0,True,zero_shot_frozen,False,4162022.0,3.8046163813036974e+18,34ccb670ea3d30de394356d720264ae69fb54222cd6d37e679d92e6fdaf47e41,0.0,demand_noise_offset_v2,302.42735361492004,0.023130073607183114,4134.70047870191,9.999999575588093,9.999999575588093,2576.748291015625,0.0003876979383214199,True,0.0,10.0
0,2024,data/raw/sow_call_dataset_labeled/anxious_stress/1691-3.wav,ff6ed75be70451ec0c28fb565f81cd54,stress_vocal,anxious_stress,63988,0.9998125,DEMAND,TBUS,data/noise_sources/demand/audio/TBUS/ch01.wav,4c24b6789b7a96fa5500d0a785093324ffbbb01a772914cef9483762a2d8c34f,DEMAND:TBUS,1.0,3407.0,active_valid_region,10.0,True,zero_shot_frozen,False,7190892.0,3.1550672159389097e+18,abc90ceaa884f540b17674a679add3e25c767903eb1e1b631701694265981230,0.0,demand_noise_offset_v2,496.3896603203642,0.01964741399926986,7989.458224008473,10.000000234231557,9.998687937134704,3901.927001953125,0.00025602734225933663,True,6.0,10.0
0,2024,data/external/korea_raw/abdominal_cough/train_abdominal_04314.wav,14cfa356c56f5fb97ab95f6e8f359b80,cough,abdominal_cough,20001,0.312515625,DEMAND,TBUS,data/noise_sources/demand/audio/TBUS/ch01.wav,4c24b6789b7a96fa5500d0a785093324ffbbb01a772914cef9483762a2d8c34f,DEMAND:TBUS,1.0,3407.0,active_valid_region,10.0,True,zero_shot_frozen,False,1697628.0,2.979460372396973e+18,a9592b6c3f131b9859160e35881a2bed1b703908e50a0d055aa725b3b664e27c,0.0,demand_noise_offset_v2,0.041687123283452435,0.0070759533771711305,1.8630176267307328,9.999999761745972,4.699732102196373,0.22690412402153015,1.0,False,21999.0,10.0
0,2024,data/external/korea_raw/dry_cough/train_dry_17215.wav,7de8d3e02d0b1fe49ade87fb918a2119,cough,dry_cough,13536,0.2115,DEMAND,TBUS,data/noise_sources/demand/audio/TBUS/ch01.wav,4c24b6789b7a96fa5500d0a785093324ffbbb01a772914cef9483762a2d8c34f,DEMAND:TBUS,1.0,3407.0,active_valid_region,10.0,True,zero_shot_frozen,False,2116711.0,8.56689084905295e+18,f6e3b5d67f587dec03323331584f78db74d07d2dedcf775e6510d9460f0f7082,0.0,demand_noise_offset_v2,0.3094046526918556,0.08891845104831933,1.100360397222759,10.00000003453286,4.966637712112146,1.2266550064086914,0.8144099154046559,True,25232.0,10.0
0,2024,data/external/korea_raw/dry_cough/train_dry_08205.wav,6704c14d5e967fb2463c9162bfcd787d,cough,dry_cough,22977,0.359015625,DEMAND,TBUS,data/noise_sources/demand/audio/TBUS/ch01.wav,4c24b6789b7a96fa5500d0a785093324ffbbb01a772914cef9483762a2d8c34f,DEMAND:TBUS,1.0,3407.0,active_valid_region,10.0,True,zero_shot_frozen,False,7930508.0,6.456750094228858e+18,d99afc0059fb253426d3cc588d11906067246b3331349df635336f221c50ba6f,0.0,demand_noise_offset_v2,0.09645465766897002,0.012145115399168587,2.5114327788655917,9.99999962647728,4.939848987029524,0.5755623579025269,1.0,False,20511.0,10.0
0,2024,data/raw/sow_call_dataset_labeled/feeding/372-1.wav,a51ab823a33ac9f98b57ddd7d4c7dbac,feeding,feeding,64000,1.0,DEMAND,TBUS,data/noise_sources/demand/audio/TBUS/ch01.wav,4c24b6789b7a96fa5500d0a785093324ffbbb01a772914cef9483762a2d8c34f,DEMAND:TBUS,1.0,3407.0,active_valid_region,10.0,True,zero_shot_frozen,False,5606180.0,6.151514595623056e+18,555e91eebebe3201ea005088ec1ed4c00ba5bc282fc84a9af89f281d8e9d0115,0.0,demand_noise_offset_v2,174.77702599599246,0.06174648352165886,895.1011511836562,10.000000155266902,10.000000155266902,2045.203369140625,0.0004884599815713047,True,0.0,10.0
0,2024,data/raw/sow_call_dataset_labeled/calm_grunt/234-0.wav,60811846bec973804cf5cb64ea03726f,calm_grunt,calm_grunt,64000,1.0,DEMAND,TBUS,data/noise_sources/demand/audio/TBUS/ch01.wav,4c24b6789b7a96fa5500d0a785093324ffbbb01a772914cef9483762a2d8c34f,DEMAND:TBUS,1.0,3407.0,active_valid_region,10.0,True,zero_shot_frozen,False,8093782.0,5.162405974477344e+18,47a48ce1d7138cf270280fe76289713acfb8290d9436de5dd79558b78a40bfd7,0.0,demand_noise_offset_v2,1365.608504954749,0.012108856126726655,35663.42867203369,9.9999997515678,9.9999997515678,16364.6953125,6.104604949393248e-05,True,0.0,10.0
0,2024,data/raw/sow_call_dataset_labeled/anxious_stress/1358-3.wav,2d25df36b23419dad4eac8cb0c26741b,stress_vocal,anxious_stress,64000,1.0,DEMAND,TBUS,data/noise_sources/demand/audio/TBUS/ch01.wav,4c24b6789b7a96fa5500d0a785093324ffbbb01a772914cef9483762a2d8c34f,DEMAND:TBUS,1.0,3407.0,active_valid_region,10.0,True,zero_shot_frozen,False,7323330.0,3.67739232687026e+17,051a78e23e48ef5e1601fef83042c5839eff6f6c6f887b91bd66f4ea12a0a718,0.0,demand_noise_offset_v2,249.80913756039314,0.033329938532635835,2370.1389495202525,10.000000121164845,10.000000121164845,2586.910400390625,0.00038617495211629686,True,0.0,10.0
0,2024,data/external/korea_raw/abdominal_cough/train_abdominal_04310.wav,f720b0ab06424dff180f34747009278e,cough,abdominal_cough,12000,0.1875,DEMAND,TBUS,data/noise_sources/demand/audio/TBUS/ch01.wav,4c24b6789b7a96fa5500d0a785093324ffbbb01a772914cef9483762a2d8c34f,DEMAND:TBUS,1.0,3407.0,active_valid_region,10.0,True,zero_shot_frozen,False,3712870.0,4.0180609546725535e+18,37c30526511fddc1a7a15b312c3c1fab25242db05915b426d6be970783dfc92d,0.0,demand_noise_offset_v2,0.048781646970011076,0.10709568339137751,0.14404045761185777,10.000000429969639,3.829279427992436,0.21544894576072693,1.0,False,26000.0,10.0
0,2024,data/raw/sow_call_dataset_labeled/anxious_stress/1628-3.wav,b4bafd8c58512f0cbd5d3fc95eff2e5e,stress_vocal,anxious_stress,64000,1.0,DEMAND,TBUS,data/noise_sources/demand/audio/TBUS/ch01.wav,4c24b6789b7a96fa5500d0a785093324ffbbb01a772914cef9483762a2d8c34f,DEMAND:TBUS,1.0,3407.0,active_valid_region,10.0,True,zero_shot_frozen,False,8076140.0,5.927757150278429e+18,d2439fb8b920a97c6b8bf075ec1aa3470588b8db1c4537295a8cb7ac6e8be484,0.0,demand_noise_offset_v2,716.2477665910692,0.01203653478672417,18817.494831939606,10.000000316798282,10.000000316798282,7167.38671875,0.00013938134486124487,True,0.0,10.0
0,2024,data/external/korea_raw/dry_cough/train_dry_10991.wav,fed26a33f0b741bc95bbf8e3ae6cdaa1,cough,dry_cough,10016,0.1565,DEMAND,TBUS,data/noise_sources/demand/audio/TBUS/ch01.wav,4c24b6789b7a96fa5500d0a785093324ffbbb01a772914cef9483762a2d8c34f,DEMAND:TBUS,1.0,3407.0,active_valid_region,10.0,True,zero_shot_frozen,False,6767555.0,2.416197118818521e+18,21880e7a5e800f0837f0e4c19d3efa5f90c6d35f483e9be5e89e6bb530133f5e,0.0,demand_noise_offset_v2,0.11561164243036151,0.07049385068541462,0.5186212847761907,10.000000316403263,1.512140394710999,0.546301007270813,1.0,False,26992.0,10.0
0,2024,data/raw/sow_call_dataset_labeled/anxious_stress/1697-3.wav,07cbbc074a5616ad1173d36f2d5a9c57,stress_vocal,anxious_stress,63996,0.9999375,DEMAND,TBUS,data/noise_sources/demand/audio/TBUS/ch01.wav,4c24b6789b7a96fa5500d0a785093324ffbbb01a772914cef9483762a2d8c34f,DEMAND:TBUS,1.0,3407.0,active_valid_region,10.0,True,zero_shot_frozen,False,6258882.0,2.490132225947779e+17,8374ac34e5231329eff2dbace5111faafaa883e61de40c4feee8cba4276b8756,0.0,demand_noise_offset_v2,485.1177626907367,0.25819300735670137,594.1590282452571,9.99999956787416,9.999716650436595,2507.953125,0.000398332803768013,True,2.0,10.0
0,2024,data/raw/sow_call_dataset_labeled/feeding/407-1.wav,194745edca2b4ea2108f74e6798de76b,feeding,feeding,64000,1.0,DEMAND,TBUS,data/noise_sources/demand/audio/TBUS/ch01.wav,4c24b6789b7a96fa5500d0a785093324ffbbb01a772914cef9483762a2d8c34f,DEMAND:TBUS,1.0,3407.0,active_valid_region,10.0,True,zero_shot_frozen,False,5131845.0,3.2220308663769206e+18,2cb6f4007dbd8ecf7387a059e23c2ecb1152b3bc2d468f8638f85d7329fa2885,0.0,demand_noise_offset_v2,651.8142671797953,0.02028830967959474,10159.632459449242,9.99999969862193,9.99999969862193,4874.35693359375,0.0002049501121091394,True,0.0,10.0
0,2024,data/external/korea_raw/abdominal_cough/train_abdominal_00976.wav,482167f50b0581254cf3db0cbf02e6d8,cough,abdominal_cough,10113,0.158015625,DEMAND,TBUS,data/noise_sources/demand/audio/TBUS/ch01.wav,4c24b6789b7a96fa5500d0a785093324ffbbb01a772914cef9483762a2d8c34f,DEMAND:TBUS,1.0,3407.0,active_valid_region,10.0,True,zero_shot_frozen,False,4233365.0,6.937819568171688e+18,e04816239ca0a0ce7d50a67786d1c89cb9ca001ad47ed952d641e102fb903b47,0.0,demand_noise_offset_v2,0.04119018243817605,0.025307847328277927,0.5146814426881846,9.999999726856569,3.2848468796886814,0.29970023036003113,1.0,False,26943.0,10.0
0,2024,data/raw/sow_call_dataset_labeled/calm_grunt/198-0.wav,d6f78c29d16485f14e15c559ba612000,calm_grunt,calm_grunt,64000,1.0,DEMAND,TBUS,data/noise_sources/demand/audio/TBUS/ch01.wav,4c24b6789b7a96fa5500d0a785093324ffbbb01a772914cef9483762a2d8c34f,DEMAND:TBUS,1.0,3407.0,active_valid_region,10.0,True,zero_shot_frozen,False,2114101.0,7.046953820195015e+18,e1cbcf29c14e46810da3164a8faf9ff6c6ea4c77c4ea48dbd286e54949b96aaa,0.0,demand_noise_offset_v2,885.5858411836019,0.0713335551723124,3925.877961601034,10.000000068752188,10.000000068752188,15953.904296875,6.261790101095698e-05,True,0.0,10.0
0,2024,data/raw/sow_call_dataset_labeled/anxious_stress/1471-3.wav,ed129f6416e1cbbabfb2990dc4759456,stress_vocal,anxious_stress,63998,0.99996875,DEMAND,TBUS,data/noise_sources/demand/audio/TBUS/ch01.wav,4c24b6789b7a96fa5500d0a785093324ffbbb01a772914cef9483762a2d8c34f,DEMAND:TBUS,1.0,3407.0,active_valid_region,10.0,True,zero_shot_frozen,False,1402591.0,5.608224024403406e+18,4dd46a095b606dd8f182d8c9a4c9bf94d431503c40a8d90fcec193702c7abb43,0.0,demand_noise_offset_v2,3076.2518728593964,0.027746161809952437,35060.570327622845,10.00000000402099,9.999801709315744,21704.16015625,4.602804221900863e-05,True,1.0,10.0
0,2024,data/raw/sow_call_dataset_labeled/anxious_stress/1694-3.wav,4cadeb71267741745df4bb50bad5fc80,stress_vocal,anxious_stress,64000,1.0,DEMAND,TBUS,data/noise_sources/demand/audio/TBUS/ch01.wav,4c24b6789b7a96fa5500d0a785093324ffbbb01a772914cef9483762a2d8c34f,DEMAND:TBUS,1.0,3407.0,active_valid_region,10.0,True,zero_shot_frozen,False,6726513.0,5.002386564032799e+18,c56c0c13825ca13f43ed1d9d0bba3270db0d0ecc213d099401c9781f9e6c233b,0.0,demand_noise_offset_v2,825.0489726956336,0.06930976619139877,3764.3092427918914,9.99999981052638,9.99999981052638,5667.03564453125,0.00017628263922497923,True,0.0,10.0
0,2024,data/raw/sow_call_dataset_labeled/calm_grunt/142-0.wav,c549a91a9505158b9f6442db3dcff4e4,calm_grunt,calm_grunt,64000,1.0,DEMAND,TBUS,data/noise_sources/demand/audio/TBUS/ch01.wav,4c24b6789b7a96fa5500d0a785093324ffbbb01a772914cef9483762a2d8c34f,DEMAND:TBUS,1.0,3407.0,active_valid_region,10.0,True,zero_shot_frozen,False,1384624.0,8.458516904498694e+17,8bbd11a185ed9a8888f12c9e4a18ace41828ef7d38eaff8586710c14d98828b8,0.0,demand_noise_offset_v2,1281.8327474401044,0.03775459626809721,10736.470422085618,9.999999773426191,9.999999773426191,14791.0869140625,6.754067539486968e-05,True,0.0,10.0
0,2024,data/raw/sow_call_dataset_labeled/anxious_stress/1437-3.wav,9dcd542137ab5deb241d9b7b2ed7c5c9,stress_vocal,anxious_stress,64000,1.0,DEMAND,TBUS,data/noise_sources/demand/audio/TBUS/ch01.wav,4c24b6789b7a96fa5500d0a785093324ffbbb01a772914cef9483762a2d8c34f,DEMAND:TBUS,1.0,3407.0,active_valid_region,10.0,True,zero_shot_frozen,False,6966273.0,8.688999893417664e+17,8c0ef3efca0e8315e41717031c72011129f63a77974ff5b364c0e867fc92fdf2,0.0,demand_noise_offset_v2,3939.1785986192194,0.02319760089055942,53698.55503849277,10.000000052704534,10.000000052704534,22917.1171875,4.359187029618622e-05,True,0.0,10.0
0,2024,data/external/korea_raw/abdominal_cough/train_abdominal_14437.wav,12f71686d1214f4a37e7f533b384ea35,cough,abdominal_cough,17280,0.27,DEMAND,TBUS,data/noise_sources/demand/audio/TBUS/ch01.wav,4c24b6789b7a96fa5500d0a785093324ffbbb01a772914cef9483762a2d8c34f,DEMAND:TBUS,1.0,3407.0,active_valid_region,10.0,True,zero_shot_frozen,False,2256558.0,8.842294080204971e+18,fab6239e12281c4665f82023a6ca64d63a4f7dfd944886bb43668594c8fa371a,0.0,demand_noise_offset_v2,0.05661227773846427,0.10887630158851731,0.16442856578669277,10.000000205286355,3.2774892736829635,0.2916482090950012,1.0,False,23360.0,10.0
0,2024,data/raw/sow_call_dataset_labeled/anxious_stress/1561-3.wav,5fb81c5b843c88128bdd4a3474a270e3,stress_vocal,anxious_stress,64000,1.0,DEMAND,TBUS,data/noise_sources/demand/audio/TBUS/ch01.wav,4c24b6789b7a96fa5500d0a785093324ffbbb01a772914cef9483762a2d8c34f,DEMAND:TBUS,1.0,3407.0,active_valid_region,10.0,True,zero_shot_frozen,False,2100030.0,6.327074741905052e+17,08c7d41875dc14e550200192dc04fa701009d6469c4c59c8ef42c8815e6d7c5a,0.0,demand_noise_offset_v2,583.0942348172008,0.07349261866693878,2508.9674391544095,9.999999689199434,9.999999689199434,5383.83544921875,0.00018555544823439305,True,0.0,10.0
0,2024,data/raw/sow_call_dataset_labeled/calm_grunt/146-0.wav,e555283d4dcff3cbe68b58ea6baa9321,calm_grunt,calm_grunt,64000,1.0,DEMAND,TBUS,data/noise_sources/demand/audio/TBUS/ch01.wav,4c24b6789b7a96fa5500d0a785093324ffbbb01a772914cef9483762a2d8c34f,DEMAND:TBUS,1.0,3407.0,active_valid_region,10.0,True,zero_shot_frozen,False,6751265.0,7.30098347095223e+18,65524dc8d91b2da33e2a7924b5d1499c9699de81c7a255a108cede78ce6c4dd3,0.0,demand_noise_offset_v2,1034.7847744680178,0.07233787722905334,4523.600775595237,10.000000364244402,10.000000364244402,16405.52734375,6.089411081202386e-05,True,0.0,10.0
0,2024,data/raw/sow_call_dataset_labeled/feeding/385-1.wav,9fe1b1d16ab7b011126eec1b974d15be,feeding,feeding,64000,1.0,DEMAND,TBUS,data/noise_sources/demand/audio/TBUS/ch01.wav,4c24b6789b7a96fa5500d0a785093324ffbbb01a772914cef9483762a2d8c34f,DEMAND:TBUS,1.0,3407.0,active_valid_region,10.0,True,zero_shot_frozen,False,6961692.0,1.7617362173166917e+18,9872f1c16d1a0f0ca0226d29e3da1b149cf8a49869c6604b7dfc946ef3ee76e8,0.0,demand_noise_offset_v2,652.0218966575002,0.023492734409472686,8776.646608277511,10.000000126886153,10.000000126886153,5691.93310546875,0.00017551154967723905,True,0.0,10.0
0,2024,data/raw/sow_call_dataset_labeled/feeding/347-1.wav,025adb61783547ff9a35c44600e53f23,feeding,feeding,64000,1.0,DEMAND,TBUS,data/noise_sources/demand/audio/TBUS/ch01.wav,4c24b6789b7a96fa5500d0a785093324ffbbb01a772914cef9483762a2d8c34f,DEMAND:TBUS,1.0,3407.0,active_valid_region,10.0,True,zero_shot_frozen,False,8033351.0,8.298855454289196e+18,732b75110338725e3f6e332cebd314ccb8a840850b35f2ec70e716074fdb34b3,0.0,demand_noise_offset_v2,352.84780930980054,0.013531593759165461,8245.907796810401,9.99999956980597,9.99999956980597,3826.332763671875,0.00026108549927615984,True,0.0,10.0
0,2024,data/raw/sow_call_dataset_labeled/calm_grunt/220-0.wav,3a8f7f2ee112f7bb25ecfbfa9daf8e5a,calm_grunt,calm_grunt,64000,1.0,DEMAND,TBUS,data/noise_sources/demand/audio/TBUS/ch01.wav,4c24b6789b7a96fa5500d0a785093324ffbbb01a772914cef9483762a2d8c34f,DEMAND:TBUS,1.0,3407.0,active_valid_region,10.0,True,zero_shot_frozen,False,1798785.0,4.3046049661725804e+18,3bbd0768f3195975c9f1f45643b1d7d67d1bd20cd3571a8d15312f9e9aa043b3,0.0,demand_noise_offset_v2,1629.5622357778977,0.03346487232918848,15398.619194969586,10.000000032977066,10.000000032977066,18469.50390625,5.408916260398e-05,True,0.0,10.0
0,2024,data/raw/sow_call_dataset_labeled/feeding/326-1.wav,68271e05998f6bb287503513fa9477b1,feeding,feeding,63986,0.99978125,DEMAND,TBUS,data/noise_sources/demand/audio/TBUS/ch01.wav,4c24b6789b7a96fa5500d0a785093324ffbbb01a772914cef9483762a2d8c34f,DEMAND:TBUS,1.0,3407.0,active_valid_region,10.0,True,zero_shot_frozen,False,6785979.0,5.856150428259783e+18,d14539c98bad0f7bf06aea4d1d9e3514e1c198e157aef07433fa4423c6e3a760,0.0,demand_noise_offset_v2,1257.3880442340817,0.08317999579241668,4780.248044694837,9.999999991475484,9.999771957087574,13104.6064453125,7.623273573067438e-05,True,7.0,10.0
0,2024,data/raw/sow_call_dataset_labeled/feeding/362-1.wav,b3e4cd2d5cf837b812811f490fed3fb1,feeding,feeding,63995,0.999921875,DEMAND,TBUS,data/noise_sources/demand/audio/TBUS/ch01.wav,4c24b6789b7a96fa5500d0a785093324ffbbb01a772914cef9483762a2d8c34f,DEMAND:TBUS,1.0,3407.0,active_valid_region,10.0,True,zero_shot_frozen,False,9269564.0,1.7627250974178688e+18,187675230442058c2529acd215139aaf2c403c0374e10cbe1a94ba80b0d95ec0,0.0,demand_noise_offset_v2,603.1509733220147,0.06949211509760322,2744.672321408166,9.999999868259476,9.998688297984879,5346.73291015625,0.00018684307160778035,True,2.0,10.0
0,2024,data/raw/sow_call_dataset_labeled/anxious_stress/1272-3.wav,ff6f943b9956c3adcddfef8911c4d1af,stress_vocal,anxious_stress,64000,1.0,DEMAND,TBUS,data/noise_sources/demand/audio/TBUS/ch01.wav,4c24b6789b7a96fa5500d0a785093324ffbbb01a772914cef9483762a2d8c34f,DEMAND:TBUS,1.0,3407.0,active_valid_region,10.0,True,zero_shot_frozen,False,8193104.0,2.1977059440780296e+18,9e7fd1e9858912a5c4f23a69b70266438d6e752039387e8723a569908f219ced,0.0,demand_noise_offset_v2,425.3430541197819,0.012619503816099312,10658.52396062377,9.999999626827455,9.999999626827455,2844.379150390625,0.0003512189997113448,True,0.0,10.0
0,2024,data/raw/sow_call_dataset_labeled/frightened_stress/934-2.wav,c1bbeae49e86333d4bd2c70e7d1857ff,stress_vocal,frightened_stress,63988,0.9998125,DEMAND,TBUS,data/noise_sources/demand/audio/TBUS/ch01.wav,4c24b6789b7a96fa5500d0a785093324ffbbb01a772914cef9483762a2d8c34f,DEMAND:TBUS,1.0,3407.0,active_valid_region,10.0,True,zero_shot_frozen,False,5427753.0,8.549817469888993e+18,76a70db0a329992e1fe4e54671a53026e105c40cae7c2b5c061f76a2d30e4f2f,0.0,demand_noise_offset_v2,165.8682129147972,0.13749395755698357,381.4868329869192,9.999999689086499,9.99989800665261,2234.8173828125,0.0004470163905485496,True,6.0,10.0
0,2024,data/raw/sow_call_dataset_labeled/feeding/417-1.wav,8f86c8ddfdba8a759f93ddcddf3c6ca4,feeding,feeding,64000,1.0,DEMAND,TBUS,data/noise_sources/demand/audio/TBUS/ch01.wav,4c24b6789b7a96fa5500d0a785093324ffbbb01a772914cef9483762a2d8c34f,DEMAND:TBUS,1.0,3407.0,active_valid_region,10.0,True,zero_shot_frozen,False,4709630.0,7.173227772173173e+18,638c6ca74559419bd457270bcb2798a244391da3ca1ddd1b91e237ffa1ebc8ef,0.0,demand_noise_offset_v2,558.077182472185,0.019477741758889867,9060.572979288165,9.999999748615418,9.999999748615418,4924.85498046875,0.00020284861259100764,True,0.0,10.0
0,2024,data/raw/sow_call_dataset_labeled/frightened_stress/668-2.wav,cf12385bb9ae5881f1be95db8e682af9,stress_vocal,frightened_stress,63996,0.9999375,DEMAND,TBUS,data/noise_sources/demand/audio/TBUS/ch01.wav,4c24b6789b7a96fa5500d0a785093324ffbbb01a772914cef9483762a2d8c34f,DEMAND:TBUS,1.0,3407.0,active_valid_region,10.0,True,zero_shot_frozen,False,3125509.0,3.810972761210648e+18,34e34b88f0a676e140b62c179c3a4d69ae14888aae1ada119f08b094e52dc670,0.0,demand_noise_offset_v2,125.29251777555456,0.02000224097783168,1980.8267003032395,10.00000016522887,9.998617089563234,1313.633056640625,0.0007604863435415966,True,2.0,10.0
0,2024,data/raw/sow_call_dataset_labeled/calm_grunt/151-0.wav,af2dea9baecdb955b1cd31003d1067a8,calm_grunt,calm_grunt,64000,1.0,DEMAND,TBUS,data/noise_sources/demand/audio/TBUS/ch01.wav,4c24b6789b7a96fa5500d0a785093324ffbbb01a772914cef9483762a2d8c34f,DEMAND:TBUS,1.0,3407.0,active_valid_region,10.0,True,zero_shot_frozen,False,7421616.0,3.0471961213824353e+18,aa49d0ba47f2ba90fcc875cca12771d1ab49bdccece3d09e12d18519a129611f,0.0,demand_noise_offset_v2,1022.6523819253595,0.01613247011427515,20045.97410423189,9.999999779576767,9.999999779576767,9085.4482421875,0.0001099560498689794,True,0.0,10.0
0,2024,data/raw/sow_call_dataset_labeled/anxious_stress/1777-3.wav,8c25af4b7b10e82ca566df1c08e21410,stress_vocal,anxious_stress,64000,1.0,DEMAND,TBUS,data/noise_sources/demand/audio/TBUS/ch01.wav,4c24b6789b7a96fa5500d0a785093324ffbbb01a772914cef9483762a2d8c34f,DEMAND:TBUS,1.0,3407.0,active_valid_region,10.0,True,zero_shot_frozen,False,651045.0,1.7838301979473787e+18,18c1701d2844ac632be9c7e2099307c3c3dc70f05a5f62a776dfb9a13290be6e,0.0,demand_noise_offset_v2,367.3406052258028,0.12308663313403004,943.7523474327031,10.000000258231044,10.000000258231044,2279.109130859375,0.0004383291640024762,True,0.0,10.0
0,2024,data/external/korea_raw/abdominal_cough/train_abdominal_07806.wav,c3a126a94bddfdd955e8fad5c1655596,cough,abdominal_cough,21088,0.3295,DEMAND,TBUS,data/noise_sources/demand/audio/TBUS/ch01.wav,4c24b6789b7a96fa5500d0a785093324ffbbb01a772914cef9483762a2d8c34f,DEMAND:TBUS,1.0,3407.0,active_valid_region,10.0,True,zero_shot_frozen,False,7347076.0,7.56200879878091e+18,e8f1a6efefb6e81c908ddbdd68b0d1040f1502af8387479e29a4cd0a692a41e6,0.0,demand_noise_offset_v2,0.1663492143652448,0.025378611639450422,2.07277849492781,10.000000130152525,2.68309033577598,0.9515422582626343,1.0,False,21456.0,10.0
0,2024,data/raw/sow_call_dataset_labeled/feeding/288-1.wav,afb9ba311c29eb6543ac849e5b6bf4ec,feeding,feeding,63984,0.99975,DEMAND,TBUS,data/noise_sources/demand/audio/TBUS/ch01.wav,4c24b6789b7a96fa5500d0a785093324ffbbb01a772914cef9483762a2d8c34f,DEMAND:TBUS,1.0,3407.0,active_valid_region,10.0,True,zero_shot_frozen,False,247032.0,1.333974338950257e+18,12833a97f49dd8bdbd111eb7b29969daddd9217b1044bf0ca1468ce33152ae17,0.0,demand_noise_offset_v2,693.5544062944717,0.016307824261629716,13448.830266688032,10.00000011687452,9.99899058298982,6949.68994140625,0.00014374742016157562,True,8.0,10.0
0,2024,data/raw/sow_call_dataset_labeled/calm_grunt/0-0.wav,375a9f28f51a47761e2685a85bf05fd5,calm_grunt,calm_grunt,64000,1.0,DEMAND,TBUS,data/noise_sources/demand/audio/TBUS/ch01.wav,4c24b6789b7a96fa5500d0a785093324ffbbb01a772914cef9483762a2d8c34f,DEMAND:TBUS,1.0,3407.0,active_valid_region,10.0,True,zero_shot_frozen,False,6953546.0,3.27310379325119e+17,048ad70e4af8da0ea926112bec4cbbccb297f209eb0d902ccde609a42124d9e8,0.0,demand_noise_offset_v2,895.5736098104353,0.02792884614068038,10140.24140157657,10.000000156160896,10.000000156160896,14525.791015625,6.877422364987922e-05,True,0.0,10.0
0,2024,data/external/korea_raw/dry_cough/train_dry_11727.wav,fc93924539d8087a01f3402a5a8c7d0b,cough,dry_cough,12000,0.1875,DEMAND,TBUS,data/noise_sources/demand/audio/TBUS/ch01.wav,4c24b6789b7a96fa5500d0a785093324ffbbb01a772914cef9483762a2d8c34f,DEMAND:TBUS,1.0,3407.0,active_valid_region,10.0,True,zero_shot_frozen,False,9227114.0,8.84311907484582e+17,0c45b4fe9c4440ba36991f265637022c36fb297fb0e1108a294e6d95ad6a6e93,0.0,demand_noise_offset_v2,0.0506836254697083,0.06865129735063752,0.23346346353891775,9.999999906681028,0.9683348508202948,0.2129281759262085,1.0,False,26000.0,10.0
0,2024,data/external/korea_raw/dry_cough/train_dry_17197.wav,a81227276c0cb075353c856ae7e0af41,cough,dry_cough,11456,0.179,DEMAND,TBUS,data/noise_sources/demand/audio/TBUS/ch01.wav,4c24b6789b7a96fa5500d0a785093324ffbbb01a772914cef9483762a2d8c34f,DEMAND:TBUS,1.0,3407.0,active_valid_region,10.0,True,zero_shot_frozen,False,493390.0,8.357939184391628e+18,f3fd5d67ebfb225e8e1c3d74a8778dc1ee9d8f648ac56efaecfe74c4604cca7e,0.0,demand_noise_offset_v2,0.16823038367116366,0.05179354229848503,1.0271380570554969,9.99999952392932,1.7793967330714064,0.8019819259643555,1.0,False,26272.0,10.0
0,2024,data/raw/sow_call_dataset_labeled/feeding/431-1.wav,91ae5382a6836df66540a8ba89013364,feeding,feeding,63754,0.99615625,DEMAND,TBUS,data/noise_sources/demand/audio/TBUS/ch01.wav,4c24b6789b7a96fa5500d0a785093324ffbbb01a772914cef9483762a2d8c34f,DEMAND:TBUS,1.0,3407.0,active_valid_region,10.0,True,zero_shot_frozen,False,9215170.0,8.584691434285846e+18,7722f36036f24a100ab1707975ebbdbbe19a46bf658dc289a43aee2d47dcf96f,0.0,demand_noise_offset_v2,756.5556176476762,0.08391403221331435,2851.0594298226756,10.000000314246408,9.998076192173764,11078.9775390625,9.017077582093691e-05,True,123.0,10.0
0,2024,data/external/korea_raw/abdominal_cough/train_abdominal_01313.wav,a01b0c33cc7f711409675f20113a2224,cough,abdominal_cough,15040,0.235,DEMAND,TBUS,data/noise_sources/demand/audio/TBUS/ch01.wav,4c24b6789b7a96fa5500d0a785093324ffbbb01a772914cef9483762a2d8c34f,DEMAND:TBUS,1.0,3407.0,active_valid_region,10.0,True,zero_shot_frozen,False,8832894.0,8.94969046565632e+18,7c33b00f9f252faa7c98d9f9fc6d215f88ca983ecf93186d97d109844eada177,0.0,demand_noise_offset_v2,0.04692561887131154,0.040959890337324514,0.3622857264124626,9.999999839775242,1.4299098327650372,0.20052100718021393,1.0,False,24480.0,10.0
0,2024,data/raw/sow_call_dataset_labeled/calm_grunt/193-0.wav,ca1ead94c16e1fb25c9557ecd7dcc551,calm_grunt,calm_grunt,64000,1.0,DEMAND,TBUS,data/noise_sources/demand/audio/TBUS/ch01.wav,4c24b6789b7a96fa5500d0a785093324ffbbb01a772914cef9483762a2d8c34f,DEMAND:TBUS,1.0,3407.0,active_valid_region,10.0,True,zero_shot_frozen,False,1628763.0,6.715717943237932e+18,5d3305e35269f4001d698d2bc10a468e976690943998e3d4989216fe9fcaf5c0,0.0,demand_noise_offset_v2,1062.7202043558248,0.010790245858048698,31144.94707029531,9.999999942196794,9.999999942196794,15924.5419921875,6.273335839047078e-05,True,0.0,10.0
0,2024,data/external/korea_raw/abdominal_cough/train_abdominal_10313.wav,c13956b428478c5dd0c3458c16330570,cough,abdominal_cough,14016,0.219,DEMAND,TBUS,data/noise_sources/demand/audio/TBUS/ch01.wav,4c24b6789b7a96fa5500d0a785093324ffbbb01a772914cef9483762a2d8c34f,DEMAND:TBUS,1.0,3407.0,active_valid_region,10.0,True,zero_shot_frozen,False,2650443.0,5.10233451497821e+18,c6cf2235427dc16bff4d15484c2661d4ae36639dc21d2ba9db936443ccdc3b42,0.0,demand_noise_offset_v2,0.2093419926545001,0.12096113963768972,0.5472811422654535,9.999999939415067,4.0457086036576175,1.1265804767608643,0.8867542271567828,True,24992.0,10.0
0,2024,data/raw/sow_call_dataset_labeled/feeding/312-1.wav,293a15b43b9611cb2e3eba6d3f5372cc,feeding,feeding,64000,1.0,DEMAND,TBUS,data/noise_sources/demand/audio/TBUS/ch01.wav,4c24b6789b7a96fa5500d0a785093324ffbbb01a772914cef9483762a2d8c34f,DEMAND:TBUS,1.0,3407.0,active_valid_region,10.0,True,zero_shot_frozen,False,6271304.0,6.594498884160746e+18,5b845dcbc61c7516530de05cf8e3744b10aeeadee9f5d4f510eededcff15bfae,0.0,demand_noise_offset_v2,888.6756050769391,0.26493766231463717,1060.717071525305,10.000000251412459,10.000000251412459,10684.98828125,9.349565705683025e-05,True,0.0,10.0
0,2024,data/external/korea_raw/abdominal_cough/train_abdominal_11302.wav,3500df8d4dde9d30a7e33288debf2b46,cough,abdominal_cough,14017,0.219015625,DEMAND,TBUS,data/noise_sources/demand/audio/TBUS/ch01.wav,4c24b6789b7a96fa5500d0a785093324ffbbb01a772914cef9483762a2d8c34f,DEMAND:TBUS,1.0,3407.0,active_valid_region,10.0,True,zero_shot_frozen,False,3608764.0,7.035864614407612e+18,61a46996d581a74f5d278e323a0cf3b41a4bbdfe7f7f8ba46cd34125e116edb7,0.0,demand_noise_offset_v2,0.05705357375906903,0.041103587016030174,0.43893794879923825,9.999999738954232,0.8805419832568775,0.29342103004455566,1.0,False,24991.0,10.0
0,2024,data/raw/sow_call_dataset_labeled/frightened_stress/1063-2.wav,a7e2073c043365484b8a8e53a336da67,stress_vocal,frightened_stress,64000,1.0,DEMAND,TBUS,data/noise_sources/demand/audio/TBUS/ch01.wav,4c24b6789b7a96fa5500d0a785093324ffbbb01a772914cef9483762a2d8c34f,DEMAND:TBUS,1.0,3407.0,active_valid_region,10.0,True,zero_shot_frozen,False,6335101.0,9.951418232337092e+17,0dcf74373afad47880b126d730e7945841627ce5d7e82abbf5710d17c4d83376,0.0,demand_noise_offset_v2,170.68299385195073,0.25634778472767744,210.55263613924456,9.999999721686063,9.999999721686063,1726.5411376953125,0.0005786134938745353,True,0.0,10.0
0,2024,data/raw/sow_call_dataset_labeled/anxious_stress/1422-3.wav,01f9891a3e4465b442eb23655620dc44,stress_vocal,anxious_stress,64000,1.0,DEMAND,TBUS,data/noise_sources/demand/audio/TBUS/ch01.wav,4c24b6789b7a96fa5500d0a785093324ffbbb01a772914cef9483762a2d8c34f,DEMAND:TBUS,1.0,3407.0,active_valid_region,10.0,True,zero_shot_frozen,False,2451719.0,9.169323528128728e+18,7f3ffb2aecbe8afa337d23e52d57f28938e570cec9f92f28fb78f86821849efd,0.0,demand_noise_offset_v2,354.3738632589609,0.09179971394347146,1220.7320731102038,10.000000121773933,10.000000121773933,2016.8212890625,0.0004953339224539699,True,0.0,10.0
0,2024,data/raw/sow_call_dataset_labeled/calm_grunt/182-0.wav,5ec24f69341475ee529256c8a2d68016,calm_grunt,calm_grunt,64000,1.0,DEMAND,TBUS,data/noise_sources/demand/audio/TBUS/ch01.wav,4c24b6789b7a96fa5500d0a785093324ffbbb01a772914cef9483762a2d8c34f,DEMAND:TBUS,1.0,3407.0,active_valid_region,10.0,True,zero_shot_frozen,False,549922.0,6.421890359029795e+18,591f2341c47a0929d538ee16268b65aa1068c25ff000f0e8a0e9b0319846af59,0.0,demand_noise_offset_v2,935.2707237111393,0.06382402837425245,4633.969041343655,9.999999629700241,9.999999629700241,16578.93359375,6.025719292202289e-05,True,0.0,10.0
0,2024,data/external/korea_raw/dry_cough/train_dry_09239.wav,2f9ff30122974c3c0529764de066c3c9,cough,dry_cough,19360,0.3025,DEMAND,TBUS,data/noise_sources/demand/audio/TBUS/ch01.wav,4c24b6789b7a96fa5500d0a785093324ffbbb01a772914cef9483762a2d8c34f,DEMAND:TBUS,1.0,3407.0,active_valid_region,10.0,True,zero_shot_frozen,False,3940671.0,5.738708094065529e+18,4fa3fc9b486f51cd16cc2458d79a322b9b56d92f46d9ab2146dd962b2d9b6dd9,0.0,demand_noise_offset_v2,0.09613606142838353,0.08620350140738287,0.3526642357076177,10.000000089663612,1.674514632633072,0.5923730731010437,1.0,False,22320.0,10.0
0,2024,data/external/korea_raw/abdominal_cough/train_abdominal_17672.wav,f15a33f36baf2b8e736629781a6abc75,cough,abdominal_cough,13920,0.2175,DEMAND,TBUS,data/noise_sources/demand/audio/TBUS/ch01.wav,4c24b6789b7a96fa5500d0a785093324ffbbb01a772914cef9483762a2d8c34f,DEMAND:TBUS,1.0,3407.0,active_valid_region,10.0,True,zero_shot_frozen,False,5849523.0,7.924833115702952e+18,6dfaa9bb2dba00c1a8d32115e6060ad199dd231e618a87fe81f6406468e8ad86,0.0,demand_noise_offset_v2,0.06527721364023754,0.03815689278137856,0.5409892141775805,9.999999910019433,2.459444246673737,0.29707440733909607,1.0,False,25040.0,10.0
0,2024,data/raw/sow_call_dataset_labeled/anxious_stress/1297-3.wav,15736b80e0e4f5e334117af31330abe5,stress_vocal,anxious_stress,63991,0.999859375,DEMAND,TBUS,data/noise_sources/demand/audio/TBUS/ch01.wav,4c24b6789b7a96fa5500d0a785093324ffbbb01a772914cef9483762a2d8c34f,DEMAND:TBUS,1.0,3407.0,active_valid_region,10.0,True,zero_shot_frozen,False,3301889.0,4.2189852133832074e+18,ba8cd8b2cc54e9141b58d54f9adf3b6795aa3359d53a5d74fb1e16f63a07b2ce,0.0,demand_noise_offset_v2,200.41826714700306,0.01667766799253975,3800.1608448622887,9.999999900701658,9.99926595877928,1476.546630859375,0.0006765787000025628,True,4.0,10.0
0,2024,data/external/korea_raw/abdominal_cough/train_abdominal_00790.wav,be383be0d5e164640f96e7b8c086be90,cough,abdominal_cough,13184,0.206,DEMAND,TBUS,data/noise_sources/demand/audio/TBUS/ch01.wav,4c24b6789b7a96fa5500d0a785093324ffbbb01a772914cef9483762a2d8c34f,DEMAND:TBUS,1.0,3407.0,active_valid_region,10.0,True,zero_shot_frozen,False,8066532.0,1.5294893012927e+18,1539d66a7b4fd0e3e91b133a9d12c051e8e9142df5c1289075bb17d9a54adacd,0.0,demand_noise_offset_v2,0.0518932068304845,0.01208367555677622,1.3580365336978508,10.000000096685259,2.940036366626064,0.27791574597358704,1.0,False,25408.0,10.0
0,2024,data/raw/sow_call_dataset_labeled/feeding/444-1.wav,6e8f71772e6578a1413f49c0b64622ef,feeding,feeding,64000,1.0,DEMAND,TBUS,data/noise_sources/demand/audio/TBUS/ch01.wav,4c24b6789b7a96fa5500d0a785093324ffbbb01a772914cef9483762a2d8c34f,DEMAND:TBUS,1.0,3407.0,active_valid_region,10.0,True,zero_shot_frozen,False,4508842.0,3.1549694887040143e+18,2bc8b408c36607570f20ec584970c4457aef12ac7f75f7062da9c73919eddbe8,0.0,demand_noise_offset_v2,1206.573424250525,0.01881825184554084,20275.635676352274,10.000000391994073,10.000000391994073,16034.52734375,6.230305256795699e-05,True,0.0,10.0
0,2024,data/external/korea_raw/abdominal_cough/train_abdominal_08082.wav,d30dcaf230f9e2a911e1947f21cca67c,cough,abdominal_cough,16928,0.2645,DEMAND,TBUS,data/noise_sources/demand/audio/TBUS/ch01.wav,4c24b6789b7a96fa5500d0a785093324ffbbb01a772914cef9483762a2d8c34f,DEMAND:TBUS,1.0,3407.0,active_valid_region,10.0,True,zero_shot_frozen,False,1414744.0,8.251934602077155e+18,f284c2ccca902f9ba28303243de09689d0145ae8f1b4674f3b4651cf7e88a939,0.0,demand_noise_offset_v2,0.07929913907403835,0.02545679121719772,0.9850648254325477,10.000000186393978,4.365387841409312,0.4779530465602875,1.0,False,23536.0,10.0
0,2024,data/external/korea_raw/abdominal_cough/train_abdominal_02327.wav,f671afbd25fd76072e59a1ea9a30ef8f,cough,abdominal_cough,13536,0.2115,DEMAND,TBUS,data/noise_sources/demand/audio/TBUS/ch01.wav,4c24b6789b7a96fa5500d0a785093324ffbbb01a772914cef9483762a2d8c34f,DEMAND:TBUS,1.0,3407.0,active_valid_region,10.0,True,zero_shot_frozen,False,5646669.0,7.60627104468625e+18,e98ee73723dd00738452cd2ca4d4266cab52c6e3d1d9f4247949f3aec1912080,0.0,demand_noise_offset_v2,0.031630398778738876,0.06198583010925723,0.16136607876980757,10.000000187876196,5.235992501315968,0.15261255204677582,1.0,False,25232.0,10.0
0,2024,data/raw/sow_call_dataset_labeled/calm_grunt/66-0.wav,9a1f2c7d433b216204177eeaf261b0b5,calm_grunt,calm_grunt,64000,1.0,DEMAND,TBUS,data/noise_sources/demand/audio/TBUS/ch01.wav,4c24b6789b7a96fa5500d0a785093324ffbbb01a772914cef9483762a2d8c34f,DEMAND:TBUS,1.0,3407.0,active_valid_region,10.0,True,zero_shot_frozen,False,34906.0,7.981494712344986e+17,8b1398b71e991fd4da87aba4e1205aedc1500b05ae62b04bc71e106421b36c33,0.0,demand_noise_offset_v2,922.061769499096,0.011737499352531553,24841.87855868492,9.999999872353564,9.999999872353564,16337.1884765625,6.114883239751905e-05,True,0.0,10.0
0,2024,data/raw/sow_call_dataset_labeled/calm_grunt/46-0.wav,937e8cf48f631aa7ec7153f60ad2f192,calm_grunt,calm_grunt,64000,1.0,DEMAND,TBUS,data/noise_sources/demand/audio/TBUS/ch01.wav,4c24b6789b7a96fa5500d0a785093324ffbbb01a772914cef9483762a2d8c34f,DEMAND:TBUS,1.0,3407.0,active_valid_region,10.0,True,zero_shot_frozen,False,1371739.0,6.239113487321894e+18,d695c8a9152b8d9b859e40b63ca2c036fd1f977b08f23b99585f3e0a469d03c9,0.0,demand_noise_offset_v2,807.7225364948797,0.04346414116526318,5876.667211852477,10.000000317580023,10.000000317580023,14282.263671875,6.99468951807168e-05,True,0.0,10.0
0,2024,data/raw/sow_call_dataset_labeled/feeding/492-1.wav,b998236fc8e1bd90177833e700992ddb,feeding,feeding,63988,0.9998125,DEMAND,TBUS,data/noise_sources/demand/audio/TBUS/ch01.wav,4c24b6789b7a96fa5500d0a785093324ffbbb01a772914cef9483762a2d8c34f,DEMAND:TBUS,1.0,3407.0,active_valid_region,10.0,True,zero_shot_frozen,False,6644294.0,7.95907351560185e+18,6e744f3186aaef628beb7d4bea07bc5e8db946bee3f98d12f97461b58f4f9a74,0.0,demand_noise_offset_v2,253.67080108739273,0.08534016730235756,939.9764878285141,9.99999987436906,9.999283895366597,2530.224365234375,0.00039482664609763273,True,6.0,10.0
0,2024,data/raw/sow_call_dataset_labeled/calm_grunt/13-0.wav,1e6abaca4ee7e6ae5e9ddcd4c3bc70ee,calm_grunt,calm_grunt,64000,1.0,DEMAND,TBUS,data/noise_sources/demand/audio/TBUS/ch01.wav,4c24b6789b7a96fa5500d0a785093324ffbbb01a772914cef9483762a2d8c34f,DEMAND:TBUS,1.0,3407.0,active_valid_region,10.0,True,zero_shot_frozen,False,8625301.0,3.5968134044749537e+18,b1ea72bc1117d0ee38aa0d62f5903990b0e698a6d5636ced62687fb3c096c0d8,0.0,demand_noise_offset_v2,1594.4521304256807,0.016277380258086453,30976.11699369215,9.99999994587455,9.99999994587455,18201.255859375,5.488632255479452e-05,True,0.0,10.0
0,2024,data/raw/sow_call_dataset_labeled/frightened_stress/1096-2.wav,9ea43ffa0a9fefd061e5e02543126bec,stress_vocal,frightened_stress,63990,0.99984375,DEMAND,TBUS,data/noise_sources/demand/audio/TBUS/ch01.wav,4c24b6789b7a96fa5500d0a785093324ffbbb01a772914cef9483762a2d8c34f,DEMAND:TBUS,1.0,3407.0,active_valid_region,10.0,True,zero_shot_frozen,False,1916529.0,4.389008195815701e+16,009bedcc08475ad390764b137abbbd8606fb867852e62a7826afcfd9013099ea,0.0,demand_noise_offset_v2,236.52666961097475,0.0182114915598871,4107.093594641566,9.999999664429453,9.999269865277414,2592.969482421875,0.00038527256366585464,True,5.0,10.0
0,2024,data/raw/sow_call_dataset_labeled/feeding/355-1.wav,92852d0b9cb15d83bc32ce24b43cd421,feeding,feeding,64000,1.0,DEMAND,TBUS,data/noise_sources/demand/audio/TBUS/ch01.wav,4c24b6789b7a96fa5500d0a785093324ffbbb01a772914cef9483762a2d8c34f,DEMAND:TBUS,1.0,3407.0,active_valid_region,10.0,True,zero_shot_frozen,False,4053430.0,6.831155000638435e+18,5ecd2347b2aff147c664b5f572ddc5dbe89fe31e45bfa0e8bc5e188190d1c17c,0.0,demand_noise_offset_v2,726.071745247488,0.10328874529587029,2222.933827977673,9.999999961957604,9.999999961957604,5943.00048828125,0.00016809690693613195,True,0.0,10.0
0,2024,data/external/korea_raw/dry_cough/train_dry_14835.wav,2a6f1b93023cf43370fb4ddc4a25c557,cough,dry_cough,18272,0.2855,DEMAND,TBUS,data/noise_sources/demand/audio/TBUS/ch01.wav,4c24b6789b7a96fa5500d0a785093324ffbbb01a772914cef9483762a2d8c34f,DEMAND:TBUS,1.0,3407.0,active_valid_region,10.0,True,zero_shot_frozen,False,3016547.0,2.2353328291399117e+18,9f057f5d63a743ef914060aa72668e3de806d4a8ad5845e0618675adfa6d08b6,0.0,demand_noise_offset_v2,0.06389787947538701,0.039717737169800635,0.5087471019139185,10.000000014389201,5.391933846604683,0.35680076479911804,1.0,False,22864.0,10.0
0,2024,data/raw/sow_call_dataset_labeled/feeding/480-1.wav,314c5b727c3e60e13838edeb09727eb6,feeding,feeding,64000,1.0,DEMAND,TBUS,data/noise_sources/demand/audio/TBUS/ch01.wav,4c24b6789b7a96fa5500d0a785093324ffbbb01a772914cef9483762a2d8c34f,DEMAND:TBUS,1.0,3407.0,active_valid_region,10.0,True,zero_shot_frozen,False,378614.0,4.89026885970923e+18,c3ddb99e3f1f8c6e549da7189d8118b6d79be3d4b691d63237eb34abf63db0ff,0.0,demand_noise_offset_v2,388.98274525887217,0.03963424975236137,3103.556780331921,9.999999703642521,9.999999703642521,4495.06298828125,0.00022224382675046375,True,0.0,10.0
0,2024,data/raw/sow_call_dataset_labeled/feeding/475-1.wav,fff1ba8bfd4f7a2c0c937a21d2533e26,feeding,feeding,64000,1.0,DEMAND,TBUS,data/noise_sources/demand/audio/TBUS/ch01.wav,4c24b6789b7a96fa5500d0a785093324ffbbb01a772914cef9483762a2d8c34f,DEMAND:TBUS,1.0,3407.0,active_valid_region,10.0,True,zero_shot_frozen,False,6391126.0,2.0795832893393183e+18,9cdc29fbc9e8903b9a378a9aa0cc08293ab9f3a776eb3f5749e0c4b642a5e602,0.0,demand_noise_offset_v2,268.59140350268495,0.2121242500497972,400.40711743726615,10.000000277556811,10.000000277556811,2330.87060546875,0.0004285952200247066,True,0.0,10.0
0,2024,data/raw/sow_call_dataset_labeled/feeding/343-1.wav,04444d7ef6c62b6da94486d0aced7cd9,feeding,feeding,64000,1.0,DEMAND,TBUS,data/noise_sources/demand/audio/TBUS/ch01.wav,4c24b6789b7a96fa5500d0a785093324ffbbb01a772914cef9483762a2d8c34f,DEMAND:TBUS,1.0,3407.0,active_valid_region,10.0,True,zero_shot_frozen,False,4922811.0,4.3881099696533217e+18,3ce5b2c4a8894ff524a8dbf3a40b1bd75ad0d7a2530b0e8fb286db632c885c4c,0.0,demand_noise_offset_v2,908.7684383478191,0.021470738493923523,13384.626391247451,10.000000273932521,10.000000273932521,11280.2841796875,8.856159863409358e-05,True,0.0,10.0
0,2024,data/raw/sow_call_dataset_labeled/feeding/389-1.wav,43ae73622c7a2432d7d3632134dda63a,feeding,feeding,63990,0.99984375,DEMAND,TBUS,data/noise_sources/demand/audio/TBUS/ch01.wav,4c24b6789b7a96fa5500d0a785093324ffbbb01a772914cef9483762a2d8c34f,DEMAND:TBUS,1.0,3407.0,active_valid_region,10.0,True,zero_shot_frozen,False,3154954.0,6.027090384181329e+18,53a486c5824cfd9b705207f562730da4614205d9a8f39e4b27667c17913293d1,0.0,demand_noise_offset_v2,1134.1709979160391,0.013766871855937024,26052.131864465977,9.999999672534347,9.999090588908086,13565.724609375,7.364147723517925e-05,True,5.0,10.0
0,2024,data/raw/sow_call_dataset_labeled/feeding/427-1.wav,fb79ad436b991a7f85596c6e029a1a41,feeding,feeding,63986,0.99978125,DEMAND,TBUS,data/noise_sources/demand/audio/TBUS/ch01.wav,4c24b6789b7a96fa5500d0a785093324ffbbb01a772914cef9483762a2d8c34f,DEMAND:TBUS,1.0,3407.0,active_valid_region,10.0,True,zero_shot_frozen,False,2951807.0,6.811678235617653e+18,5e87f143f63fefd1d54c1f287c4b7d99b49f6d84d0f904363214ee137dc0a861,0.0,demand_noise_offset_v2,645.1817983714217,0.07600312054740836,2684.421340916609,9.99999984896208,9.999416306496816,4369.85986328125,0.00022861145008203277,True,7.0,10.0
0,2024,data/raw/sow_call_dataset_labeled/anxious_stress/1334-3.wav,11d045bea6c3d64015b13638a7d53109,stress_vocal,anxious_stress,63997,0.999953125,DEMAND,TBUS,data/noise_sources/demand/audio/TBUS/ch01.wav,4c24b6789b7a96fa5500d0a785093324ffbbb01a772914cef9483762a2d8c34f,DEMAND:TBUS,1.0,3407.0,active_valid_region,10.0,True,zero_shot_frozen,False,4864407.0,2.3273249441448873e+18,a04c51b4bca96eae681ac44172c40beff8863aedc9874789d27921a815b35dca,0.0,demand_noise_offset_v2,3811.8301009912243,0.02431710109634655,49570.321416860636,10.000000188818763,9.99980599843491,21858.560546875,4.570291798756262e-05,True,1.0,10.0
0,2024,data/raw/sow_call_dataset_labeled/anxious_stress/1383-3.wav,b3b31954241bce03f5720874592aee72,stress_vocal,anxious_stress,63992,0.999875,DEMAND,TBUS,data/noise_sources/demand/audio/TBUS/ch01.wav,4c24b6789b7a96fa5500d0a785093324ffbbb01a772914cef9483762a2d8c34f,DEMAND:TBUS,1.0,3407.0,active_valid_region,10.0,True,zero_shot_frozen,False,6839505.0,6.43319442554079e+18,59474c3ed961c72f91ab7a4c2da538c78e44b9a449cba80d3e3398259f74a086,0.0,demand_noise_offset_v2,1199.8548664566226,0.10634834142675849,3567.779420662792,9.999999709350572,9.999957269530777,6611.5322265625,0.00015109961893347755,True,4.0,10.0
0,2024,data/raw/sow_call_dataset_labeled/frightened_stress/571-2.wav,08169455610f31ed96247239437ecadf,stress_vocal,frightened_stress,64000,1.0,DEMAND,TBUS,data/noise_sources/demand/audio/TBUS/ch01.wav,4c24b6789b7a96fa5500d0a785093324ffbbb01a772914cef9483762a2d8c34f,DEMAND:TBUS,1.0,3407.0,active_valid_region,10.0,True,zero_shot_frozen,False,1221377.0,3.595791195597826e+18,b1e6d10a8415e7a22e9f5c791502a4f4c812fed81d79e000fb46186f3892cc59,0.0,demand_noise_offset_v2,82.93683624858953,0.10489391163577494,250.032914574337,10.000000051148014,10.000000051148014,808.8238525390625,0.0012351267792906156,True,0.0,10.0
0,2024,data/external/korea_raw/abdominal_cough/train_abdominal_06751.wav,1d8dba5e198d447b4483b7ae2ad71b2f,cough,abdominal_cough,10976,0.1715,DEMAND,TBUS,data/noise_sources/demand/audio/TBUS/ch01.wav,4c24b6789b7a96fa5500d0a785093324ffbbb01a772914cef9483762a2d8c34f,DEMAND:TBUS,1.0,3407.0,active_valid_region,10.0,True,zero_shot_frozen,False,3954962.0,4.0994135300656947e+18,b8e40ae2cefeefe0ad35907473839a840dd79030e62907f4c97941b928d9a28f,0.0,demand_noise_offset_v2,0.0590139803387406,0.1279542886633543,0.14584785989769045,10.000000176254819,2.943659548742355,0.31261250376701355,1.0,False,26512.0,10.0
0,2024,data/raw/sow_call_dataset_labeled/calm_grunt/133-0.wav,4d295214452277e46a9aa9d386bf4466,calm_grunt,calm_grunt,64000,1.0,DEMAND,TBUS,data/noise_sources/demand/audio/TBUS/ch01.wav,4c24b6789b7a96fa5500d0a785093324ffbbb01a772914cef9483762a2d8c34f,DEMAND:TBUS,1.0,3407.0,active_valid_region,10.0,True,zero_shot_frozen,False,6263689.0,3.807405439836777e+18,34d69f13355c69f48d4641e6ea35c2f821b31f763e71898fd37c22bea83109c3,0.0,demand_noise_offset_v2,1228.2898693684476,0.24959742803589474,1556.1833487949204,9.999999999283013,9.999999999283013,16319.376953125,6.121557231440147e-05,True,0.0,10.0
0,2024,data/raw/sow_call_dataset_labeled/calm_grunt/134-0.wav,f5e6656b16432a15c846dda524aab2f7,calm_grunt,calm_grunt,64000,1.0,DEMAND,TBUS,data/noise_sources/demand/audio/TBUS/ch01.wav,4c24b6789b7a96fa5500d0a785093324ffbbb01a772914cef9483762a2d8c34f,DEMAND:TBUS,1.0,3407.0,active_valid_region,10.0,True,zero_shot_frozen,False,3224645.0,2.932903670505554e+18,28b3c45960ec40c083ce2bed91508c9e599a0de827f4cd2381004d54b99d6b46,0.0,demand_noise_offset_v2,1263.1512551834044,0.01386219080835777,28815.322562663103,10.000000090180876,10.000000090180876,16172.26953125,6.177240603550493e-05,True,0.0,10.0
0,2024,data/raw/sow_call_dataset_labeled/anxious_stress/1682-3.wav,22f617734eec4c14399d7edd05952a94,stress_vocal,anxious_stress,64000,1.0,DEMAND,TBUS,data/noise_sources/demand/audio/TBUS/ch01.wav,4c24b6789b7a96fa5500d0a785093324ffbbb01a772914cef9483762a2d8c34f,DEMAND:TBUS,1.0,3407.0,active_valid_region,10.0,True,zero_shot_frozen,False,9002220.0,6.216257573656837e+18,56449553fe25ba7f898359a5e3bb67e108390766b37fa65e4ffbba111f155ed5,0.0,demand_noise_offset_v2,3713.545213927236,0.09580831225460774,12257.037822375929,9.999999809201832,9.999999809201832,23138.162109375,4.317542574374265e-05,True,0.0,10.0
0,2024,data/raw/sow_call_dataset_labeled/anxious_stress/1376-3.wav,7955ec6fe3a43547095c229605227135,stress_vocal,anxious_stress,64000,1.0,DEMAND,TBUS,data/noise_sources/demand/audio/TBUS/ch01.wav,4c24b6789b7a96fa5500d0a785093324ffbbb01a772914cef9483762a2d8c34f,DEMAND:TBUS,1.0,3407.0,active_valid_region,10.0,True,zero_shot_frozen,False,2557487.0,2.1327524894661468e+18,9d990f16e075b00ce2407eec1376fe9861ab441f6add13ec5e3599ebc50db01b,0.0,demand_noise_offset_v2,430.83975926257386,0.07069387864014737,1927.2318509549523,10.000000176751914,10.000000176751914,3262.630859375,0.00030619461503878854,True,0.0,10.0
0,2024,data/raw/sow_call_dataset_labeled/anxious_stress/1494-3.wav,c96e034455453c8a80062c77d5b0ffd8,stress_vocal,anxious_stress,64000,1.0,DEMAND,TBUS,data/noise_sources/demand/audio/TBUS/ch01.wav,4c24b6789b7a96fa5500d0a785093324ffbbb01a772914cef9483762a2d8c34f,DEMAND:TBUS,1.0,3407.0,active_valid_region,10.0,True,zero_shot_frozen,False,5470622.0,8.604220992980748e+18,f7685567ef93885ab531e9014bb507138fbb9fc03bda66a56a292639f6d784bc,0.0,demand_noise_offset_v2,3764.493110548208,0.10403517007076565,11442.642384538718,9.999999856156382,9.999999856156382,20987.705078125,4.7599296649219386e-05,True,0.0,10.0
0,2024,data/raw/sow_call_dataset_labeled/calm_grunt/163-0.wav,5695337a3756b87cd039848c7ee34d5d,calm_grunt,calm_grunt,64000,1.0,DEMAND,TBUS,data/noise_sources/demand/audio/TBUS/ch01.wav,4c24b6789b7a96fa5500d0a785093324ffbbb01a772914cef9483762a2d8c34f,DEMAND:TBUS,1.0,3407.0,active_valid_region,10.0,True,zero_shot_frozen,False,2733847.0,6.934899003702504e+18,603db5e6b4e5eb10344d2d4b6d7839cd31d9fb67319f8c71270b1ccfbfe45cf9,0.0,demand_noise_offset_v2,1012.4039790838016,0.09339986963665577,3427.737638796251,10.000000233033715,10.000000233033715,16505.201171875,6.0526375267834015e-05,True,0.0,10.0
0,2024,data/raw/sow_call_dataset_labeled/calm_grunt/200-0.wav,9f56e233d86a50f8c07037764ffc404c,calm_grunt,calm_grunt,64000,1.0,DEMAND,TBUS,data/noise_sources/demand/audio/TBUS/ch01.wav,4c24b6789b7a96fa5500d0a785093324ffbbb01a772914cef9483762a2d8c34f,DEMAND:TBUS,1.0,3407.0,active_valid_region,10.0,True,zero_shot_frozen,False,8878933.0,8.426016665959916e+18,f4ef3983c60fdfb787fccd69f8d2dc10cac4cf50118838232fb25b85ccf9c032,0.0,demand_noise_offset_v2,1501.611902094328,0.059735066352881845,7949.290194446657,10.000000156696016,10.000000156696016,17301.28515625,5.7741375335873033e-05,True,0.0,10.0
0,2024,data/raw/sow_call_dataset_labeled/calm_grunt/181-0.wav,66d65c98af61f5b9edb344b18a179881,calm_grunt,calm_grunt,64000,1.0,DEMAND,TBUS,data/noise_sources/demand/audio/TBUS/ch01.wav,4c24b6789b7a96fa5500d0a785093324ffbbb01a772914cef9483762a2d8c34f,DEMAND:TBUS,1.0,3407.0,active_valid_region,10.0,True,zero_shot_frozen,False,5836515.0,3.8004813511106324e+18,b4be05a72c7224e8b62212967fe1a0d498419e6132f23567be42e8f11495c431,0.0,demand_noise_offset_v2,1080.7881855900323,0.034351361193783084,9949.394189607312,9.999999693929508,9.999999693929508,15188.220703125,6.577465652671575e-05,True,0.0,10.0
0,2024,data/raw/sow_call_dataset_labeled/feeding/489-1.wav,cc82b9acc5ec838472efea0356add029,feeding,feeding,63988,0.9998125,DEMAND,TBUS,data/noise_sources/demand/audio/TBUS/ch01.wav,4c24b6789b7a96fa5500d0a785093324ffbbb01a772914cef9483762a2d8c34f,DEMAND:TBUS,1.0,3407.0,active_valid_region,10.0,True,zero_shot_frozen,False,1176383.0,1.913853321227652e+18,9a8f5f74a3f9cc46e7fe1ac22817c50712fabe3127a95b4ff85390499552731a,0.0,demand_noise_offset_v2,111.61931926581481,0.11279979258888394,312.91837658243384,10.000000310898606,9.999978432121303,1348.090576171875,0.0007410481295973635,True,6.0,10.0
0,2024,data/external/korea_raw/dry_cough/train_dry_17231.wav,414bbf0cced84b1b83253974ff72e055,cough,dry_cough,20064,0.3135,DEMAND,TBUS,data/noise_sources/demand/audio/TBUS/ch01.wav,4c24b6789b7a96fa5500d0a785093324ffbbb01a772914cef9483762a2d8c34f,DEMAND:TBUS,1.0,3407.0,active_valid_region,10.0,True,zero_shot_frozen,False,28176.0,8.213961646233669e+18,71fdda990a70cd64568943b35972f239a6575a0114ffcbd6e7061b267186f419,0.0,demand_noise_offset_v2,0.15677584411372072,0.01251029532212223,3.9628860608764414,9.999999923162772,5.994963464623191,0.9135661125183105,1.0,False,21968.0,10.0
0,2024,data/raw/sow_call_dataset_labeled/feeding/406-1.wav,bf2cba2c96bb0cc4a444e2aed3985121,feeding,feeding,64000,1.0,DEMAND,TBUS,data/noise_sources/demand/audio/TBUS/ch01.wav,4c24b6789b7a96fa5500d0a785093324ffbbb01a772914cef9483762a2d8c34f,DEMAND:TBUS,1.0,3407.0,active_valid_region,10.0,True,zero_shot_frozen,False,1594546.0,8.607173040030374e+18,f772d246f35456471092766a6e322a631db77d718854e88d1ff693e2aa1ea1fd,0.0,demand_noise_offset_v2,527.5342874146062,0.010003567123391323,16676.150332047873,9.999999973547778,9.999999973547778,4004.31982421875,0.00024948057194580024,True,0.0,10.0
0,2024,data/raw/sow_call_dataset_labeled/calm_grunt/255-0.wav,7fe4de8d725fb04b3437a3a1c91ff7ab,calm_grunt,calm_grunt,64000,1.0,DEMAND,TBUS,data/noise_sources/demand/audio/TBUS/ch01.wav,4c24b6789b7a96fa5500d0a785093324ffbbb01a772914cef9483762a2d8c34f,DEMAND:TBUS,1.0,3407.0,active_valid_region,10.0,True,zero_shot_frozen,False,668502.0,6.431738495714022e+18,d9422015c53d52f161acf7637da56cd08a9c03b61a6482c42dd65b0020174858,0.0,demand_noise_offset_v2,1961.689035486129,0.10167136779474639,6101.428108686844,9.999999839018281,9.999999839018281,14919.18359375,6.696076857841637e-05,True,0.0,10.0
0,2024,data/raw/sow_call_dataset_labeled/anxious_stress/1359-3.wav,18b5dc855acc6b3ee7d7d2daae3afaa4,stress_vocal,anxious_stress,64000,1.0,DEMAND,TBUS,data/noise_sources/demand/audio/TBUS/ch01.wav,4c24b6789b7a96fa5500d0a785093324ffbbb01a772914cef9483762a2d8c34f,DEMAND:TBUS,1.0,3407.0,active_valid_region,10.0,True,zero_shot_frozen,False,7062242.0,3.364161412817849e+18,2eafe6fb1a158aa0aaf31e23e01cb91233450e453918088f1e014cca387179ae,0.0,demand_noise_offset_v2,665.4457462232906,0.029292847926553706,7183.747454710394,9.999999876883694,9.999999876883694,6497.05224609375,0.00015376203886934,True,0.0,10.0
0,2024,data/raw/sow_call_dataset_labeled/feeding/298-1.wav,a386793de4da5cae07e7e1b426e07f80,feeding,feeding,63997,0.999953125,DEMAND,TBUS,data/noise_sources/demand/audio/TBUS/ch01.wav,4c24b6789b7a96fa5500d0a785093324ffbbb01a772914cef9483762a2d8c34f,DEMAND:TBUS,1.0,3407.0,active_valid_region,10.0,True,zero_shot_frozen,False,1005400.0,8.453506016364545e+18,7550e2eeec0942d2c06db74b79172e07d25fe521efa9e1afef8263d39cb2a04b,0.0,demand_noise_offset_v2,222.9550765863742,0.08860696097771416,795.7003040512242,9.999999851499904,9.99985935216433,3083.87548828125,0.00032394303978750357,True,1.0,10.0
0,2024,data/raw/sow_call_dataset_labeled/frightened_stress/1038-2.wav,eea3389ab552c4f66b61093bf5aacc49,stress_vocal,frightened_stress,64000,1.0,DEMAND,TBUS,data/noise_sources/demand/audio/TBUS/ch01.wav,4c24b6789b7a96fa5500d0a785093324ffbbb01a772914cef9483762a2d8c34f,DEMAND:TBUS,1.0,3407.0,active_valid_region,10.0,True,zero_shot_frozen,False,9414791.0,2.713558435507854e+18,a5a87f0521b5d9f5a715afb5658be51c72698c6579146d5e4c1ea644138f7b55,0.0,demand_noise_offset_v2,352.08993383815,0.08822457468868687,1262.0136011710551,10.000000357289329,10.000000357289329,6779.48974609375,0.00014735622257937777,True,0.0,10.0
0,2024,data/raw/sow_call_dataset_labeled/calm_grunt/148-0.wav,00e146b24fd459e3f6e2e9469eebe4c4,calm_grunt,calm_grunt,64000,1.0,DEMAND,TBUS,data/noise_sources/demand/audio/TBUS/ch01.wav,4c24b6789b7a96fa5500d0a785093324ffbbb01a772914cef9483762a2d8c34f,DEMAND:TBUS,1.0,3407.0,active_valid_region,10.0,True,zero_shot_frozen,False,2503329.0,2.698546510338973e+18,257329c0ee9fde00b6e7a24e3b7a802792e759142c91103ab9d49a98308ec884,0.0,demand_noise_offset_v2,997.9479044483013,0.08651116016273255,3647.8396062571455,10.000000015480259,10.000000015480259,10845.025390625,9.211596690807079e-05,True,0.0,10.0
0,2024,data/raw/sow_call_dataset_labeled/calm_grunt/31-0.wav,ad1b03b3649c921981340ffcfafbe1d5,calm_grunt,calm_grunt,64000,1.0,DEMAND,TBUS,data/noise_sources/demand/audio/TBUS/ch01.wav,4c24b6789b7a96fa5500d0a785093324ffbbb01a772914cef9483762a2d8c34f,DEMAND:TBUS,1.0,3407.0,active_valid_region,10.0,True,zero_shot_frozen,False,7251642.0,3.832850059325271e+18,353104d2576aeb83348149e47551e0abf102ca1707d11878ece5106bf49c36ff,0.0,demand_noise_offset_v2,888.4460887560168,0.0190480433625697,14749.615828038015,9.999999784093486,9.999999784093486,21864.6015625,4.5690290634583794e-05,True,0.0,10.0
0,2024,data/raw/sow_call_dataset_labeled/feeding/469-1.wav,96f4365be7925a63b199ce1f0e094270,feeding,feeding,64000,1.0,DEMAND,TBUS,data/noise_sources/demand/audio/TBUS/ch01.wav,4c24b6789b7a96fa5500d0a785093324ffbbb01a772914cef9483762a2d8c34f,DEMAND:TBUS,1.0,3407.0,active_valid_region,10.0,True,zero_shot_frozen,False,8416017.0,8.868973807473567e+18,fb14ecb024b4a4c1ed4f03df784b1d8e0fca08a5891ccf08ba35a511c2c6e8bc,0.0,demand_noise_offset_v2,780.9235916986895,0.01924273029936187,12833.403523870582,10.000000131924693,10.000000131924693,10303.0849609375,9.696125032333023e-05,True,0.0,10.0
0,2024,data/external/korea_raw/abdominal_cough/train_abdominal_02305.wav,802c3c06a9ed989a83e4990344122a04,cough,abdominal_cough,15457,0.241515625,DEMAND,TBUS,data/noise_sources/demand/audio/TBUS/ch01.wav,4c24b6789b7a96fa5500d0a785093324ffbbb01a772914cef9483762a2d8c34f,DEMAND:TBUS,1.0,3407.0,active_valid_region,10.0,True,zero_shot_frozen,False,4409525.0,7.778211989514014e+18,ebf1c297feaacc2250b67dfde55fdbf7ff1bca42e1074ff78a0fb7615e7b48da,0.0,demand_noise_offset_v2,0.0532670213899115,0.01938054860202335,0.8691452199007539,10.000000053281273,3.9359264757323538,0.3122481405735016,1.0,False,24271.0,10.0
0,2024,data/raw/sow_call_dataset_labeled/feeding/486-1.wav,faa7678cb4332273bf2df704079aa496,feeding,feeding,63997,0.999953125,DEMAND,TBUS,data/noise_sources/demand/audio/TBUS/ch01.wav,4c24b6789b7a96fa5500d0a785093324ffbbb01a772914cef9483762a2d8c34f,DEMAND:TBUS,1.0,3407.0,active_valid_region,10.0,True,zero_shot_frozen,False,6040667.0,6.633978553826895e+17,0934dcd5aad756c0b00d64eb18c9cc1613533ff26be7d903ce433b031afecf24,0.0,demand_noise_offset_v2,317.2547916993655,0.14926564200287726,672.1223497319882,9.99999966308694,9.99971175053522,3966.0146484375,0.0002518901437728119,True,1.0,10.0
0,2024,data/raw/sow_call_dataset_labeled/feeding/399-1.wav,48cf353f7ec7b595326862ac160f0ad7,feeding,feeding,63998,0.99996875,DEMAND,TBUS,data/noise_sources/demand/audio/TBUS/ch01.wav,4c24b6789b7a96fa5500d0a785093324ffbbb01a772914cef9483762a2d8c34f,DEMAND:TBUS,1.0,3407.0,active_valid_region,10.0,True,zero_shot_frozen,False,8907842.0,6.688239288354736e+18,dcd166326b32077ada3f3aa73313de7fd92de612e37801bed3acfeaf6727ef29,0.0,demand_noise_offset_v2,858.440139263654,0.06559153761430286,4138.683393806178,9.999999583685891,9.999923535066895,8428.166015625,0.00011853112505709441,True,1.0,10.0
0,2024,data/raw/sow_call_dataset_labeled/feeding/324-1.wav,247d290a4193c3f911ea011db4d5a19f,feeding,feeding,64000,1.0,DEMAND,TBUS,data/noise_sources/demand/audio/TBUS/ch01.wav,4c24b6789b7a96fa5500d0a785093324ffbbb01a772914cef9483762a2d8c34f,DEMAND:TBUS,1.0,3407.0,active_valid_region,10.0,True,zero_shot_frozen,False,3724029.0,4.246493521448934e+18,3aee935bdef619b62725de4931bef6c2cec089745c4dd7c302420d25af5a28e8,0.0,demand_noise_offset_v2,1023.1476817421454,0.10037072338189502,3223.526689865296,10.000000209910105,10.000000209910105,12885.35546875,7.752987509136311e-05,True,0.0,10.0
0,2024,data/external/korea_raw/abdominal_cough/train_abdominal_13649.wav,758a24dd5518a227c1e5ba1f0ff3dcb4,cough,abdominal_cough,19137,0.299015625,DEMAND,TBUS,data/noise_sources/demand/audio/TBUS/ch01.wav,4c24b6789b7a96fa5500d0a785093324ffbbb01a772914cef9483762a2d8c34f,DEMAND:TBUS,1.0,3407.0,active_valid_region,10.0,True,zero_shot_frozen,False,9186219.0,8.620371892662649e+18,77a1b6904deb3f78b2631f4d2bb08ae169eda7a82b9a6a162a31d50d1d7ab4eb,0.0,demand_noise_offset_v2,0.07282239663273285,0.07034888611868503,0.3273465306090288,9.999999922264553,3.2761162991287653,0.35955581068992615,1.0,False,22431.0,10.0
0,2024,data/raw/sow_call_dataset_labeled/frightened_stress/809-2.wav,60adaca724f5caf2590a8cfb28d41e6d,stress_vocal,frightened_stress,64000,1.0,DEMAND,TBUS,data/noise_sources/demand/audio/TBUS/ch01.wav,4c24b6789b7a96fa5500d0a785093324ffbbb01a772914cef9483762a2d8c34f,DEMAND:TBUS,1.0,3407.0,active_valid_region,10.0,True,zero_shot_frozen,False,645430.0,2.678393514111987e+18,252b90b5d95aee32195718abfc9f734b093a36af6572273fbd0bc2ff8f422b6a,0.0,demand_noise_offset_v2,94.84308904056803,0.12376883814592948,242.32285459505422,9.999999777100461,9.999999777100461,813.5628051757812,0.0012279322427776827,True,0.0,10.0
0,2024,data/raw/sow_call_dataset_labeled/feeding/471-1.wav,52da60c3cf75c529daf2db0df0c762b2,feeding,feeding,63985,0.999765625,DEMAND,TBUS,data/noise_sources/demand/audio/TBUS/ch01.wav,4c24b6789b7a96fa5500d0a785093324ffbbb01a772914cef9483762a2d8c34f,DEMAND:TBUS,1.0,3407.0,active_valid_region,10.0,True,zero_shot_frozen,False,5371707.0,7.795318765605589e+16,0114f202db593c49943818b6c887d0d539f23801417715648b81b6e86b91b676,0.0,demand_noise_offset_v2,570.4386214492046,0.11617140126488522,1552.7791603313658,9.999999912588258,9.997183033690467,4979.09521484375,0.00020063886246275567,True,7.0,10.0
0,2024,data/external/korea_raw/dry_cough/train_dry_13855.wav,92a4b6e7ce690c211166c2967b9d3651,cough,dry_cough,18016,0.2815,DEMAND,TBUS,data/noise_sources/demand/audio/TBUS/ch01.wav,4c24b6789b7a96fa5500d0a785093324ffbbb01a772914cef9483762a2d8c34f,DEMAND:TBUS,1.0,3407.0,active_valid_region,10.0,True,zero_shot_frozen,False,1415156.0,8.468490638464334e+18,f5861f5e2163366f94a2f5c4e3cd319dc7d464cf764c9b15707531f3c6e908ee,0.0,demand_noise_offset_v2,0.07541487102707227,0.024774561891664843,0.9626114194722667,9.999999845424227,4.408026564560515,0.3819091320037842,1.0,False,22992.0,10.0
0,2024,data/raw/sow_call_dataset_labeled/calm_grunt/246-0.wav,af2331ab38f97aa237f515945a5359e8,calm_grunt,calm_grunt,64000,1.0,DEMAND,TBUS,data/noise_sources/demand/audio/TBUS/ch01.wav,4c24b6789b7a96fa5500d0a785093324ffbbb01a772914cef9483762a2d8c34f,DEMAND:TBUS,1.0,3407.0,active_valid_region,10.0,True,zero_shot_frozen,False,6611866.0,3.696921157075537e+18,b34e1a348a1d0bbe85d55ab6df9cd8c1a2e38622b0faac520872c391cda0beab,0.0,demand_noise_offset_v2,1362.533252620096,0.12235284242910455,3521.5434153021024,9.999999900748747,9.999999900748747,16616.744140625,6.01200807778957e-05,True,0.0,10.0
0,2024,data/raw/sow_call_dataset_labeled/feeding/304-1.wav,c9e37a52d69aa372d3ae6b95468b7620,feeding,feeding,63988,0.9998125,DEMAND,TBUS,data/noise_sources/demand/audio/TBUS/ch01.wav,4c24b6789b7a96fa5500d0a785093324ffbbb01a772914cef9483762a2d8c34f,DEMAND:TBUS,1.0,3407.0,active_valid_region,10.0,True,zero_shot_frozen,False,7555446.0,8.348471636568342e+18,73dbbab8ab147b2e7050fdc22728eb5e8670a504d45ead2785ae461a2f5f7f05,0.0,demand_noise_offset_v2,186.00205111276827,0.020214656173754925,2909.7211741996516,9.999999951641382,9.999802525413688,3174.8076171875,0.0003146647357753899,True,6.0,10.0
0,2024,data/external/korea_raw/dry_cough/train_dry_12111.wav,f59c8ec794987b22feab4606c5b457ec,cough,dry_cough,12001,0.187515625,DEMAND,TBUS,data/noise_sources/demand/audio/TBUS/ch01.wav,4c24b6789b7a96fa5500d0a785093324ffbbb01a772914cef9483762a2d8c34f,DEMAND:TBUS,1.0,3407.0,active_valid_region,10.0,True,zero_shot_frozen,False,476335.0,5.752719351477964e+18,4fd5c3c55d5c0b64fbdc5e3e17d7b5f21e98131be4e99c8cf9b748e2c6a9a81b,0.0,demand_noise_offset_v2,0.04296524671898265,0.07428259694890159,0.18290695996603906,10.000000215917277,5.291694908040424,0.17483752965927124,1.0,False,25999.0,10.0
0,2024,data/raw/sow_call_dataset_labeled/anxious_stress/1452-3.wav,863eeac0b9ddb7b6f0040a6c94e9fb0e,stress_vocal,anxious_stress,63995,0.999921875,DEMAND,TBUS,data/noise_sources/demand/audio/TBUS/ch01.wav,4c24b6789b7a96fa5500d0a785093324ffbbb01a772914cef9483762a2d8c34f,DEMAND:TBUS,1.0,3407.0,active_valid_region,10.0,True,zero_shot_frozen,False,1707155.0,8.664342689761397e+18,783dedc54b7b06d0d4b469c22c891ec2d9076bce190184e3fe78fda7707d64e4,0.0,demand_noise_offset_v2,1607.624752512261,0.007410392167577529,68603.06075360019,9.999999774271156,9.999707379017135,12760.6796875,7.828736591347811e-05,True,2.0,10.0
0,2024,data/raw/sow_call_dataset_labeled/feeding/393-1.wav,d020a377f975c05272b8d05b57521990,feeding,feeding,64000,1.0,DEMAND,TBUS,data/noise_sources/demand/audio/TBUS/ch01.wav,4c24b6789b7a96fa5500d0a785093324ffbbb01a772914cef9483762a2d8c34f,DEMAND:TBUS,1.0,3407.0,active_valid_region,10.0,True,zero_shot_frozen,False,536358.0,4.3335223032339955e+17,0603938eb70cab747779b3559410c0beae70b2d5cfd43d5b2514283a81e9d964,0.0,demand_noise_offset_v2,564.3458696574719,0.057781788147839026,3088.548128105762,10.000000086538057,10.000000086538057,5370.29443359375,0.00018602332001589692,True,0.0,10.0
0,2024,data/raw/sow_call_dataset_labeled/calm_grunt/91-0.wav,cee17336c428ff1a2871511627e221ac,calm_grunt,calm_grunt,64000,1.0,DEMAND,TBUS,data/noise_sources/demand/audio/TBUS/ch01.wav,4c24b6789b7a96fa5500d0a785093324ffbbb01a772914cef9483762a2d8c34f,DEMAND:TBUS,1.0,3407.0,active_valid_region,10.0,True,zero_shot_frozen,False,5110348.0,1.7028653068457708e+18,97a1caf972e0f3cd49a283cb7a9a7ce5ea9a63b16c13e6fc6233a57fe47b7896,0.0,demand_noise_offset_v2,938.9198850949239,0.018965752921017397,15655.193810066065,10.000000248480092,10.000000248480092,17936.68359375,5.5695914731310725e-05,True,0.0,10.0
0,2024,data/external/korea_raw/dry_cough/train_dry_08236.wav,a7ab543a182c83c4cf8ec72231ba0af2,cough,dry_cough,17184,0.2685,DEMAND,TBUS,data/noise_sources/demand/audio/TBUS/ch01.wav,4c24b6789b7a96fa5500d0a785093324ffbbb01a772914cef9483762a2d8c34f,DEMAND:TBUS,1.0,3407.0,active_valid_region,10.0,True,zero_shot_frozen,False,3220108.0,2.0443219348553672e+18,1c5ee3f7ed97ea75c75d8df324f5e8ef43c07e8bccd7184328f3e23ffd219307,0.0,demand_noise_offset_v2,0.10200412159395875,0.015356525933567969,2.10050994838993,10.000000275376363,5.171929641891568,0.484596848487854,1.0,False,23408.0,10.0
0,2024,data/raw/sow_call_dataset_labeled/feeding/462-1.wav,bf71b3916b50f93bb618bec575df25d0,feeding,feeding,64000,1.0,DEMAND,TBUS,data/noise_sources/demand/audio/TBUS/ch01.wav,4c24b6789b7a96fa5500d0a785093324ffbbb01a772914cef9483762a2d8c34f,DEMAND:TBUS,1.0,3407.0,active_valid_region,10.0,True,zero_shot_frozen,False,4759678.0,4.606269702766666e+18,3fecc1e3bd0d226c6053964f0234732dbca7594f41f7c6f5212a152a2378133d,0.0,demand_noise_offset_v2,390.87487317806836,0.019688719592273526,6277.985084704142,10.000000305794236,10.000000305794236,2488.15673828125,0.00040150203748421477,True,0.0,10.0
0,2024,data/raw/sow_call_dataset_labeled/frightened_stress/531-2.wav,439e489d68e585b0f865ab720f41e65a,stress_vocal,frightened_stress,63608,0.993875,DEMAND,TBUS,data/noise_sources/demand/audio/TBUS/ch01.wav,4c24b6789b7a96fa5500d0a785093324ffbbb01a772914cef9483762a2d8c34f,DEMAND:TBUS,1.0,3407.0,active_valid_region,10.0,True,zero_shot_frozen,False,4548933.0,3.22804416258726e+18,accc51101e497391bd6800c0a76aea8c1a9efb9a5112a74fae1a41c7b8a1c0f6,0.0,demand_noise_offset_v2,223.3376366304215,0.019514922455881493,3619.0541909036933,9.999999981139228,9.974452822438922,2352.1318359375,0.00042472109119760456,True,196.0,10.0
0,2024,data/external/korea_raw/dry_cough/train_dry_12259.wav,0dd24b3ee3931c0516f250d0fb57dc2a,cough,dry_cough,13985,0.218515625,DEMAND,TBUS,data/noise_sources/demand/audio/TBUS/ch01.wav,4c24b6789b7a96fa5500d0a785093324ffbbb01a772914cef9483762a2d8c34f,DEMAND:TBUS,1.0,3407.0,active_valid_region,10.0,True,zero_shot_frozen,False,4237437.0,3.6057242451912417e+18,320a1b18d8a330c33fc38d2aa3410e4936dfe0fc21a6917dafe7cf11894eb855,0.0,demand_noise_offset_v2,0.061751605029606374,0.02150586250004589,0.9080115762120624,10.00000019594543,3.3451355338737265,0.24334558844566345,1.0,False,25007.0,10.0
0,2024,data/raw/sow_call_dataset_labeled/feeding/334-1.wav,6d4e3f890abd1b39675ab539c08999df,feeding,feeding,64000,1.0,DEMAND,TBUS,data/noise_sources/demand/audio/TBUS/ch01.wav,4c24b6789b7a96fa5500d0a785093324ffbbb01a772914cef9483762a2d8c34f,DEMAND:TBUS,1.0,3407.0,active_valid_region,10.0,True,zero_shot_frozen,False,9246267.0,9.207364461386338e+18,ffc72131e67d10f46ff935c9f33a886c1e1f51b76324e426410def018f9f59ca,0.0,demand_noise_offset_v2,891.4684230620591,0.0768125189753196,3670.066698242861,10.000000119223568,10.000000119223568,9430.7431640625,0.00010593014597268057,True,0.0,10.0
0,2024,data/raw/sow_call_dataset_labeled/frightened_stress/1031-2.wav,52f370f2037764cd024cc8ac3620035d,stress_vocal,frightened_stress,63997,0.999953125,DEMAND,TBUS,data/noise_sources/demand/audio/TBUS/ch01.wav,4c24b6789b7a96fa5500d0a785093324ffbbb01a772914cef9483762a2d8c34f,DEMAND:TBUS,1.0,3407.0,active_valid_region,10.0,True,zero_shot_frozen,False,9295306.0,7.517212830640656e+18,6852813dd758509f4ee02a82a444375c9be5c0ad38af8af74b50aca90feb2cbb,0.0,demand_noise_offset_v2,251.37542293038825,0.07213564204436687,1101.977970556125,9.999999546422433,9.99955491283971,2828.953857421875,0.00035313407370681676,True,1.0,10.0
0,2024,data/external/korea_raw/dry_cough/train_dry_05498.wav,476f1f61fe985f0e105b631f547552aa,cough,dry_cough,11777,0.184015625,DEMAND,TBUS,data/noise_sources/demand/audio/TBUS/ch01.wav,4c24b6789b7a96fa5500d0a785093324ffbbb01a772914cef9483762a2d8c34f,DEMAND:TBUS,1.0,3407.0,active_valid_region,10.0,True,zero_shot_frozen,False,8028937.0,8.927179310248726e+17,8c63923a7b5bf45706ebcfc5bbb143ccccc92aeffe47613de4af4bf88d1ffabc,0.0,demand_noise_offset_v2,0.042341868179194324,0.013667339081712113,0.9796840704129752,10.000000140785058,2.564822636347277,0.17219555377960205,1.0,False,26111.0,10.0
0,2024,data/raw/sow_call_dataset_labeled/calm_grunt/69-0.wav,5e6972bc79d14fbb0e7d8c9fc5171b8e,calm_grunt,calm_grunt,64000,1.0,DEMAND,TBUS,data/noise_sources/demand/audio/TBUS/ch01.wav,4c24b6789b7a96fa5500d0a785093324ffbbb01a772914cef9483762a2d8c34f,DEMAND:TBUS,1.0,3407.0,active_valid_region,10.0,True,zero_shot_frozen,False,8375821.0,7.403093882501183e+18,e6bd12a9b159b6c99ab82ad8c8abcccb4692f74165bb3bbf1b742c6b3ea94bb9,0.0,demand_noise_offset_v2,984.0544080113978,0.020009202494227853,15552.110443893767,10.000000049075348,10.000000049075348,16268.494140625,6.140703567058116e-05,True,0.0,10.0
0,2024,data/raw/sow_call_dataset_labeled/feeding/365-1.wav,e7f7f9645f68e7861c6960646038694b,feeding,feeding,63998,0.99996875,DEMAND,TBUS,data/noise_sources/demand/audio/TBUS/ch01.wav,4c24b6789b7a96fa5500d0a785093324ffbbb01a772914cef9483762a2d8c34f,DEMAND:TBUS,1.0,3407.0,active_valid_region,10.0,True,zero_shot_frozen,False,4648478.0,6.595538727286275e+18,5b880f871e3afd99e5cbb0133d29b5b7e27c12074bc218b08e6cde61d7a5e2b2,0.0,demand_noise_offset_v2,228.88529049546287,0.01874247960557489,3861.809408930398,10.000000190293576,9.999698762586164,2094.90771484375,0.0004768706482493006,True,1.0,10.0
0,2024,data/raw/sow_call_dataset_labeled/calm_grunt/127-0.wav,c0b1e9c399e2fcb85350d6e1a522b9c7,calm_grunt,calm_grunt,64000,1.0,DEMAND,TBUS,data/noise_sources/demand/audio/TBUS/ch01.wav,4c24b6789b7a96fa5500d0a785093324ffbbb01a772914cef9483762a2d8c34f,DEMAND:TBUS,1.0,3407.0,active_valid_region,10.0,True,zero_shot_frozen,False,8113446.0,3.0580047336138624e+18,aa70371a6c846d39a501156434d713d6a3b0bf5c860dcfcfd2b830e37b34fdb3,0.0,demand_noise_offset_v2,719.0246855373471,0.011945727313705093,19034.049919888195,9.999999611435074,9.999999611435074,7011.88427734375,0.00014247240263617732,True,0.0,10.0
0,2024,data/raw/sow_call_dataset_labeled/frightened_stress/649-2.wav,a79a4d5ca276050cd921a9a53451c118,stress_vocal,frightened_stress,64000,1.0,DEMAND,TBUS,data/noise_sources/demand/audio/TBUS/ch01.wav,4c24b6789b7a96fa5500d0a785093324ffbbb01a772914cef9483762a2d8c34f,DEMAND:TBUS,1.0,3407.0,active_valid_region,10.0,True,zero_shot_frozen,False,624417.0,1.283556668697233e+18,11d01bfd56c845a729812d4be57d5ad739d2725ad1c44e7cc86bd741db6e476e,0.0,demand_noise_offset_v2,182.61161994441022,0.11587773920709392,498.3430382649498,9.999999834229106,9.999999834229106,1831.6217041015625,0.0005454183021324396,True,0.0,10.0
0,2024,data/raw/sow_call_dataset_labeled/anxious_stress/1429-3.wav,08dbebe86b17e15870a88fc0edc1fd56,stress_vocal,anxious_stress,63997,0.999953125,DEMAND,TBUS,data/noise_sources/demand/audio/TBUS/ch01.wav,4c24b6789b7a96fa5500d0a785093324ffbbb01a772914cef9483762a2d8c34f,DEMAND:TBUS,1.0,3407.0,active_valid_region,10.0,True,zero_shot_frozen,False,8035607.0,3.635239380494743e+18,3272f6f4cbe6766387939c0c6d6275f0b05cfb0c5b04f3e0052cb06320c1bb0e,0.0,demand_noise_offset_v2,1018.0890498529338,0.013556454446996486,23748.68938629657,9.999999978811392,9.99996033501189,6947.27197265625,0.0001437974508457365,True,1.0,10.0
0,2024,data/external/korea_raw/abdominal_cough/train_abdominal_16429.wav,89bcd1f7bcfd5c0d3850c0d8d7a77682,cough,abdominal_cough,12321,0.192515625,DEMAND,TBUS,data/noise_sources/demand/audio/TBUS/ch01.wav,4c24b6789b7a96fa5500d0a785093324ffbbb01a772914cef9483762a2d8c34f,DEMAND:TBUS,1.0,3407.0,active_valid_region,10.0,True,zero_shot_frozen,False,6577073.0,3.7670970514534953e+18,b4476acf324e97e670d641c8c8f982cf430831bf8ceefa26b466a6e66a90926c,0.0,demand_noise_offset_v2,0.03146874162552827,0.1620868090012597,0.06139481630195176,9.999999742580236,2.7372970535906975,0.13342571258544922,1.0,False,25839.0,10.0
0,2024,data/raw/sow_call_dataset_labeled/frightened_stress/624-2.wav,6b7d32323ad19193729e70aa61366584,stress_vocal,frightened_stress,64000,1.0,DEMAND,TBUS,data/noise_sources/demand/audio/TBUS/ch01.wav,4c24b6789b7a96fa5500d0a785093324ffbbb01a772914cef9483762a2d8c34f,DEMAND:TBUS,1.0,3407.0,active_valid_region,10.0,True,zero_shot_frozen,False,5122024.0,4.362549400459329e+18,bc8ae390e178be35c00da61786b06df2eeaca811f9e95d52ec0c21ad94446f90,0.0,demand_noise_offset_v2,124.93057706281661,0.019687486397425694,2006.6816298567562,9.999999953037499,9.999999953037499,906.4453125,0.0011021073044602456,True,0.0,10.0
0,2024,data/raw/sow_call_dataset_labeled/calm_grunt/218-0.wav,b3d8482fce8b5eaa3e2cb020780d332e,calm_grunt,calm_grunt,64000,1.0,DEMAND,TBUS,data/noise_sources/demand/audio/TBUS/ch01.wav,4c24b6789b7a96fa5500d0a785093324ffbbb01a772914cef9483762a2d8c34f,DEMAND:TBUS,1.0,3407.0,active_valid_region,10.0,True,zero_shot_frozen,False,6016778.0,4.3735961704655345e+18,3cb2228b739b61bfcb7a84ef00a03776156308cb0ca86f994bdadd2ebf60a53a,0.0,demand_noise_offset_v2,1325.8744849035143,0.149192549257363,2810.316791735306,9.99999968986936,9.99999968986936,16557.505859375,6.0335174179289675e-05,True,0.0,10.0
0,2024,data/external/korea_raw/dry_cough/train_dry_14904.wav,82731434fe93293942ec3e677a251aa0,cough,dry_cough,13408,0.2095,DEMAND,TBUS,data/noise_sources/demand/audio/TBUS/ch01.wav,4c24b6789b7a96fa5500d0a785093324ffbbb01a772914cef9483762a2d8c34f,DEMAND:TBUS,1.0,3407.0,active_valid_region,10.0,True,zero_shot_frozen,False,5612077.0,7.12150090513014e+17,09e210bbf3ca5d2885f0eb245b2f07f1ceb386cd201b73433585fe071eb1feb3,0.0,demand_noise_offset_v2,0.05590034753670979,0.05655851638435329,0.3125478380827707,10.000000142663001,2.1378716595378826,0.25461962819099426,1.0,False,25296.0,10.0
0,2024,data/raw/sow_call_dataset_labeled/calm_grunt/59-0.wav,59a6dd695e64efe4c8241ab5e0cd60df,calm_grunt,calm_grunt,64000,1.0,DEMAND,TBUS,data/noise_sources/demand/audio/TBUS/ch01.wav,4c24b6789b7a96fa5500d0a785093324ffbbb01a772914cef9483762a2d8c34f,DEMAND:TBUS,1.0,3407.0,active_valid_region,10.0,True,zero_shot_frozen,False,2181816.0,8.932238833636946e+18,fbf5afe4e7e12e0c026194dfd9cb459c9a779481e30bee1d3e7ce30518a2b707,0.0,demand_noise_offset_v2,1245.0851120905868,0.06728612691744307,5851.584888818454,9.999999891861147,9.999999891861147,18134.58984375,5.508809455342055e-05,True,0.0,10.0
0,2024,data/external/korea_raw/dry_cough/train_dry_12342.wav,be5b9785349c0ba7847119f6859671bc,cough,dry_cough,14017,0.219015625,DEMAND,TBUS,data/noise_sources/demand/audio/TBUS/ch01.wav,4c24b6789b7a96fa5500d0a785093324ffbbb01a772914cef9483762a2d8c34f,DEMAND:TBUS,1.0,3407.0,active_valid_region,10.0,True,zero_shot_frozen,False,4144968.0,2.0217787359335334e+18,1c0ecd0c69c1acbabfcc64a266ee26a9c9076b4bc1c2a1c801eec5665be00e09,0.0,demand_noise_offset_v2,0.04360133356829202,0.026171820458935405,0.5268243503079878,9.999999923449733,2.9714923348156246,0.16901321709156036,1.0,False,24991.0,10.0
0,2024,data/external/korea_raw/dry_cough/train_dry_07999.wav,4bcc8d92055b679105e93da203cd9111,cough,dry_cough,13313,0.208015625,DEMAND,TBUS,data/noise_sources/demand/audio/TBUS/ch01.wav,4c24b6789b7a96fa5500d0a785093324ffbbb01a772914cef9483762a2d8c34f,DEMAND:TBUS,1.0,3407.0,active_valid_region,10.0,True,zero_shot_frozen,False,7898305.0,3.5322695560274877e+18,b105247249f1f69fff41067baedadd4e63746de7ba1d963df2303c82e7effa72,0.0,demand_noise_offset_v2,0.09846734402329387,0.01612746388211258,1.9307504548581753,9.999999847435785,3.5680442411789333,0.4367792010307312,1.0,False,25343.0,10.0
0,2024,data/raw/sow_call_dataset_labeled/calm_grunt/114-0.wav,6bfb9e30e653d62d2ad67d1d0fbee2b2,calm_grunt,calm_grunt,64000,1.0,DEMAND,TBUS,data/noise_sources/demand/audio/TBUS/ch01.wav,4c24b6789b7a96fa5500d0a785093324ffbbb01a772914cef9483762a2d8c34f,DEMAND:TBUS,1.0,3407.0,active_valid_region,10.0,True,zero_shot_frozen,False,4618151.0,9.108190393629825e+18,fe66cae7deee5987e663d96ef0ce5f29eba6503ee0d2937fdf8563103cadf6e7,0.0,demand_noise_offset_v2,1176.8927172218246,0.01897729765408688,19611.12491316146,9.999999961419585,9.999999961419585,15042.474609375,6.641194523787915e-05,True,0.0,10.0
0,2024,data/raw/sow_call_dataset_labeled/calm_grunt/274-0.wav,867a0d742da7dc4ab82703565363efca,calm_grunt,calm_grunt,64000,1.0,DEMAND,TBUS,data/noise_sources/demand/audio/TBUS/ch01.wav,4c24b6789b7a96fa5500d0a785093324ffbbb01a772914cef9483762a2d8c34f,DEMAND:TBUS,1.0,3407.0,active_valid_region,10.0,True,zero_shot_frozen,False,1277018.0,4.103458494036889e+18,b8f269c25fa0ce9b87ba9f8f91a6ee204cecbc8e3dbe18fd9357c78a590181b2,0.0,demand_noise_offset_v2,1609.9826402124925,0.1144723745229866,4447.546543537917,10.000000309948957,10.000000309948957,16733.078125,5.97021057654328e-05,True,0.0,10.0
0,2024,data/raw/sow_call_dataset_labeled/anxious_stress/1580-3.wav,f770589d5c495dba265407f0501aedab,stress_vocal,anxious_stress,63766,0.99634375,DEMAND,TBUS,data/noise_sources/demand/audio/TBUS/ch01.wav,4c24b6789b7a96fa5500d0a785093324ffbbb01a772914cef9483762a2d8c34f,DEMAND:TBUS,1.0,3407.0,active_valid_region,10.0,True,zero_shot_frozen,False,6717345.0,1.9402896847002934e+18,1aed4b3029ea6905f5dfaebbbbf217889c31e711ac98220e72d4a8d661fd37d4,0.0,demand_noise_offset_v2,309.17193605807984,0.06779909532891767,1442.0362127316896,9.999999745767234,9.996860544827719,1920.1256103515625,0.0005202784623122076,True,117.0,10.0
0,2024,data/external/korea_raw/abdominal_cough/train_abdominal_08112.wav,e88f3f912add02e57df4c7d0d5127334,cough,abdominal_cough,16224,0.2535,DEMAND,TBUS,data/noise_sources/demand/audio/TBUS/ch01.wav,4c24b6789b7a96fa5500d0a785093324ffbbb01a772914cef9483762a2d8c34f,DEMAND:TBUS,1.0,3407.0,active_valid_region,10.0,True,zero_shot_frozen,False,5553774.0,4.677651975186142e+18,c0ea5bb02bdfd532e2652517cc614a540f464a232aeadc5ecf045663239f7f2c,0.0,demand_noise_offset_v2,0.09735584493514245,0.07490967831444094,0.41098322733801934,9.999999843391743,4.997753672810808,0.43697112798690796,1.0,False,23888.0,10.0
0,2024,data/raw/sow_call_dataset_labeled/calm_grunt/250-0.wav,6501451456d9e85981b2e584769706d5,calm_grunt,calm_grunt,64000,1.0,DEMAND,TBUS,data/noise_sources/demand/audio/TBUS/ch01.wav,4c24b6789b7a96fa5500d0a785093324ffbbb01a772914cef9483762a2d8c34f,DEMAND:TBUS,1.0,3407.0,active_valid_region,10.0,True,zero_shot_frozen,False,3314217.0,7.898956503246757e+18,ed9ebb16d848dda284486c5b72f36b535166858d739ae2d0acb70dd7710484e0,0.0,demand_noise_offset_v2,1634.1095044534836,0.01669151128546656,30958.89815981771,9.999999925222978,9.999999925222978,17201.666015625,5.8075770049980394e-05,True,0.0,10.0
0,2024,data/raw/sow_call_dataset_labeled/feeding/484-1.wav,7597d17cfc4d984eaab8bc076ccdf5ea,feeding,feeding,64000,1.0,DEMAND,TBUS,data/noise_sources/demand/audio/TBUS/ch01.wav,4c24b6789b7a96fa5500d0a785093324ffbbb01a772914cef9483762a2d8c34f,DEMAND:TBUS,1.0,3407.0,active_valid_region,10.0,True,zero_shot_frozen,False,7285810.0,2.0417586779022825e+18,1c55c8b3296fcef097b1f5b1655e62b96f50e6e4fbad37d50cf65cde9b8c2334,0.0,demand_noise_offset_v2,880.4726065326456,0.019352114078638526,14387.569454759496,10.000000068796606,10.000000068796606,12220.9931640625,8.174458381481597e-05,True,0.0,10.0
0,2024,data/raw/sow_call_dataset_labeled/calm_grunt/251-0.wav,c0f8ff4583e17d7a26d397f7d7b0a2f7,calm_grunt,calm_grunt,64000,1.0,DEMAND,TBUS,data/noise_sources/demand/audio/TBUS/ch01.wav,4c24b6789b7a96fa5500d0a785093324ffbbb01a772914cef9483762a2d8c34f,DEMAND:TBUS,1.0,3407.0,active_valid_region,10.0,True,zero_shot_frozen,False,639762.0,1.3781973051895027e+18,13205725a6388ee892500bfc57e592d38bc2c4dffc4a05595c094a7d2a96b0be,0.0,demand_noise_offset_v2,1533.8450811438308,0.12659536380225672,3831.4547141210755,9.999999726811307,9.999999726811307,17990.1875,5.5530271710620026e-05,True,0.0,10.0
0,2024,data/raw/sow_call_dataset_labeled/frightened_stress/988-2.wav,e3f63486bc9dd011d4c42a02e2ab82eb,stress_vocal,frightened_stress,63998,0.99996875,DEMAND,TBUS,data/noise_sources/demand/audio/TBUS/ch01.wav,4c24b6789b7a96fa5500d0a785093324ffbbb01a772914cef9483762a2d8c34f,DEMAND:TBUS,1.0,3407.0,active_valid_region,10.0,True,zero_shot_frozen,False,5546708.0,3.3989468703609816e+16,0078c13de02ed3d8c4015c72daff226005e419ca026ddb9d81b93c305f91d659,0.0,demand_noise_offset_v2,207.5423704113459,0.06517597821271119,1006.976219594647,10.000000201599523,9.999965307803784,2723.45068359375,0.0003668140590971752,True,1.0,10.0
0,2024,data/raw/sow_call_dataset_labeled/calm_grunt/89-0.wav,66baf7d1e6268784319cb4666f8d36fd,calm_grunt,calm_grunt,64000,1.0,DEMAND,TBUS,data/noise_sources/demand/audio/TBUS/ch01.wav,4c24b6789b7a96fa5500d0a785093324ffbbb01a772914cef9483762a2d8c34f,DEMAND:TBUS,1.0,3407.0,active_valid_region,10.0,True,zero_shot_frozen,False,9022997.0,8.507105452561579e+18,760f4f5626b8bd911a8b699e4ab0d10931b89e25ae0131b51ea466b142799fec,0.0,demand_noise_offset_v2,1041.6516572237529,0.13645650508468224,2413.9499712907473,10.000000073650519,10.000000073650519,15060.7509765625,6.633135369907125e-05,True,0.0,10.0
0,2024,data/raw/sow_call_dataset_labeled/anxious_stress/1649-3.wav,8ef7b5c15e374567562265858e5d7ed1,stress_vocal,anxious_stress,64000,1.0,DEMAND,TBUS,data/noise_sources/demand/audio/TBUS/ch01.wav,4c24b6789b7a96fa5500d0a785093324ffbbb01a772914cef9483762a2d8c34f,DEMAND:TBUS,1.0,3407.0,active_valid_region,10.0,True,zero_shot_frozen,False,682872.0,1.814506587679505e+18,192e6c20b93e39affbbad5c35d875bd679ca19aa69b4dba53e7d2bbb59916a19,0.0,demand_noise_offset_v2,1846.5257263435033,0.10426380408298622,5600.435457634618,9.999999861745222,9.999999861745222,14751.3935546875,6.772241526174666e-05,True,0.0,10.0
0,2024,data/raw/sow_call_dataset_labeled/anxious_stress/1738-3.wav,ad7a0d5de7477a9d5d43b2bd260d645e,stress_vocal,anxious_stress,64000,1.0,DEMAND,TBUS,data/noise_sources/demand/audio/TBUS/ch01.wav,4c24b6789b7a96fa5500d0a785093324ffbbb01a772914cef9483762a2d8c34f,DEMAND:TBUS,1.0,3407.0,active_valid_region,10.0,True,zero_shot_frozen,False,4640703.0,1.9069154442546227e+18,1a76b97e4780c458de9bf12d130576e54ba452cfa6ef3a29422221f6c015f5a9,0.0,demand_noise_offset_v2,231.88397999285894,0.018712763913247915,3918.616902782673,9.99999990959299,9.99999990959299,1584.101318359375,0.000630641480075685,True,0.0,10.0
0,2024,data/raw/sow_call_dataset_labeled/calm_grunt/165-0.wav,58f3af1d9665f4501de1c256ac27087d,calm_grunt,calm_grunt,64000,1.0,DEMAND,TBUS,data/noise_sources/demand/audio/TBUS/ch01.wav,4c24b6789b7a96fa5500d0a785093324ffbbb01a772914cef9483762a2d8c34f,DEMAND:TBUS,1.0,3407.0,active_valid_region,10.0,True,zero_shot_frozen,False,685887.0,8.776815948761795e+18,79cd839a94ee0866bc6b101af21c45cfb5d93c19c02117b82f98c0bf693e4bf5,0.0,demand_noise_offset_v2,1242.3661302468377,0.1034462992762973,3797.8223357571574,10.00000015601225,10.00000015601225,16402.546875,6.090517573966695e-05,True,0.0,10.0
0,2024,data/raw/sow_call_dataset_labeled/calm_grunt/253-0.wav,88f53ffdc813ee27215e3d68cababb72,calm_grunt,calm_grunt,64000,1.0,DEMAND,TBUS,data/noise_sources/demand/audio/TBUS/ch01.wav,4c24b6789b7a96fa5500d0a785093324ffbbb01a772914cef9483762a2d8c34f,DEMAND:TBUS,1.0,3407.0,active_valid_region,10.0,True,zero_shot_frozen,False,8214246.0,5.97712997670645e+18,52f3080baded429d8151ed21cf4384cfb7bec0ad0ef0ab7201647d3854cbe580,0.0,demand_noise_offset_v2,1677.1380296440782,0.013289547922531904,39907.87463259211,9.999999915749317,9.999999915749317,14920.9296875,6.695293262033878e-05,True,0.0,10.0
0,2024,data/raw/sow_call_dataset_labeled/calm_grunt/252-0.wav,2425faf6d72ec8f1cfb27af49a442721,calm_grunt,calm_grunt,64000,1.0,DEMAND,TBUS,data/noise_sources/demand/audio/TBUS/ch01.wav,4c24b6789b7a96fa5500d0a785093324ffbbb01a772914cef9483762a2d8c34f,DEMAND:TBUS,1.0,3407.0,active_valid_region,10.0,True,zero_shot_frozen,False,8397932.0,8.019494049123586e+18,ef4af7593c5ecef22fd63a6d03c59a40cfc55576b3a422fd1f6ca36900daea46,0.0,demand_noise_offset_v2,1988.6156620474069,0.019816784303886694,31733.47797664671,9.999999854600501,9.999999854600501,17436.212890625,5.729455164757345e-05,True,0.0,10.0
0,2024,data/raw/sow_call_dataset_labeled/frightened_stress/887-2.wav,36d2f03519aad0dc3c6d70f418bede2d,stress_vocal,frightened_stress,64000,1.0,DEMAND,TBUS,data/noise_sources/demand/audio/TBUS/ch01.wav,4c24b6789b7a96fa5500d0a785093324ffbbb01a772914cef9483762a2d8c34f,DEMAND:TBUS,1.0,3407.0,active_valid_region,10.0,True,zero_shot_frozen,False,5008317.0,1.1032503640158614e+18,8f4f885c5d7c5e699181cff2be162583c9bc4a5022bc04b4e8af3e8ce4f156a9,0.0,demand_noise_offset_v2,226.1403217059333,0.021570810658538806,3315.213779927569,9.99999977905219,9.99999977905219,2393.331787109375,0.00041740974042156313,True,0.0,10.0
0,2024,data/raw/sow_call_dataset_labeled/feeding/367-1.wav,940704b541a8d463f81ea666f8da0a2d,feeding,feeding,64000,1.0,DEMAND,TBUS,data/noise_sources/demand/audio/TBUS/ch01.wav,4c24b6789b7a96fa5500d0a785093324ffbbb01a772914cef9483762a2d8c34f,DEMAND:TBUS,1.0,3407.0,active_valid_region,10.0,True,zero_shot_frozen,False,5622027.0,3.894463197014018e+18,b60be9a4d8da47df8c9c1f485436302151c0196341eb432eae854a5657ed403d,0.0,demand_noise_offset_v2,702.5387179613983,0.05637069108373055,3941.0950096616043,10.000000080451672,10.000000080451672,8315.048828125,0.0001201436119798793,True,0.0,10.0
0,2024,data/raw/sow_call_dataset_labeled/anxious_stress/1294-3.wav,3b1abd244c212e4e29ed5d8d492094a3,stress_vocal,anxious_stress,64000,1.0,DEMAND,TBUS,data/noise_sources/demand/audio/TBUS/ch01.wav,4c24b6789b7a96fa5500d0a785093324ffbbb01a772914cef9483762a2d8c34f,DEMAND:TBUS,1.0,3407.0,active_valid_region,10.0,True,zero_shot_frozen,False,2502056.0,3.5937512899744563e+18,b1df91c1fa077f21963dbf1b599421e89b5db184a7f3519c4c4b02929048100e,0.0,demand_noise_offset_v2,309.20159348055824,0.08615380991321374,1134.9251908151168,10.000000149071795,10.000000149071795,2438.012939453125,0.00040975992532020256,True,0.0,10.0
0,2024,data/raw/sow_call_dataset_labeled/calm_grunt/84-0.wav,6284697bc5cf29624df3bee3472e7b55,calm_grunt,calm_grunt,64000,1.0,DEMAND,TBUS,data/noise_sources/demand/audio/TBUS/ch01.wav,4c24b6789b7a96fa5500d0a785093324ffbbb01a772914cef9483762a2d8c34f,DEMAND:TBUS,1.0,3407.0,active_valid_region,10.0,True,zero_shot_frozen,False,3858363.0,1.0570403513910611e+18,0eab5c9961eb14b8aca50fa19e859c6a3b76206f8194f24ceaaa647a476d05fa,0.0,demand_noise_offset_v2,819.4625842053988,0.0643057197311407,4029.7631909120605,10.000000006754275,10.000000006754275,14258.470703125,7.006361487147785e-05,True,0.0,10.0
0,2024,data/external/korea_raw/dry_cough/train_dry_06353.wav,7c4381d73edf61a542eca5b8ad16ccbe,cough,dry_cough,7969,0.124515625,DEMAND,TBUS,data/noise_sources/demand/audio/TBUS/ch01.wav,4c24b6789b7a96fa5500d0a785093324ffbbb01a772914cef9483762a2d8c34f,DEMAND:TBUS,1.0,3407.0,active_valid_region,10.0,True,zero_shot_frozen,False,1496260.0,1.013245319835117e+18,8e0fc53fff196606b6cd8c480247726a1025e256f2b01993a80df10868702319,0.0,demand_noise_offset_v2,0.12077981036285175,0.02260696659018042,1.6894760939564482,9.999999808546463,1.1279738365761838,0.4958273768424988,1.0,False,28015.0,10.0
0,2024,data/raw/sow_call_dataset_labeled/frightened_stress/798-2.wav,9047deea4f6c553333311bf1f5279715,stress_vocal,frightened_stress,64000,1.0,DEMAND,TBUS,data/noise_sources/demand/audio/TBUS/ch01.wav,4c24b6789b7a96fa5500d0a785093324ffbbb01a772914cef9483762a2d8c34f,DEMAND:TBUS,1.0,3407.0,active_valid_region,10.0,True,zero_shot_frozen,False,249488.0,4.5105426559075635e+18,be98aaa5cd9e08d6931bd90340bcd252f2d073cf710d507808a0bdf5919121b9,0.0,demand_noise_offset_v2,109.39846330513913,0.01650768829818106,2095.6799663143074,10.000000149868972,10.000000149868972,1201.92333984375,0.0008311678181820398,True,0.0,10.0
0,2024,data/raw/sow_call_dataset_labeled/feeding/396-1.wav,850bc5be2aeb59aeadd3ce9d998d574e,feeding,feeding,64000,1.0,DEMAND,TBUS,data/noise_sources/demand/audio/TBUS/ch01.wav,4c24b6789b7a96fa5500d0a785093324ffbbb01a772914cef9483762a2d8c34f,DEMAND:TBUS,1.0,3407.0,active_valid_region,10.0,True,zero_shot_frozen,False,3947942.0,1.1409835354857293e+18,0fd5967af73239c0eaa0e8b887257e8921fa065df60f077f3263e74dd3d0b49b,0.0,demand_noise_offset_v2,495.4983345230236,0.12120830557744693,1292.7359279943169,9.99999977244766,9.99999977244766,6150.55078125,0.00016242447799072872,True,0.0,10.0
0,2024,data/external/korea_raw/abdominal_cough/train_abdominal_01211.wav,54d7ff55aaca2d49609a064333bab111,cough,abdominal_cough,17952,0.2805,DEMAND,TBUS,data/noise_sources/demand/audio/TBUS/ch01.wav,4c24b6789b7a96fa5500d0a785093324ffbbb01a772914cef9483762a2d8c34f,DEMAND:TBUS,1.0,3407.0,active_valid_region,10.0,True,zero_shot_frozen,False,5121924.0,8.427681477719543e+17,8bb21d2a4bf6146f32b2f7ac6bc4f8cac97496cdf43be46c20f574a468fd953c,0.0,demand_noise_offset_v2,0.027219146609550993,0.015801889761356866,0.5447101615828511,10.000000036528274,2.568952383622874,0.13533678650856018,1.0,False,23024.0,10.0
0,2024,data/raw/sow_call_dataset_labeled/feeding/382-1.wav,6900556222b8dc7174fb2b5d5e1d09ac,feeding,feeding,63997,0.999953125,DEMAND,TBUS,data/noise_sources/demand/audio/TBUS/ch01.wav,4c24b6789b7a96fa5500d0a785093324ffbbb01a772914cef9483762a2d8c34f,DEMAND:TBUS,1.0,3407.0,active_valid_region,10.0,True,zero_shot_frozen,False,6891992.0,2.6386824179036616e+18,a49e7badc23771bfbd66021f458c1bfcfb6418b53cb306d38f6b3418dd5e53c5,0.0,demand_noise_offset_v2,882.0886951559368,0.096921110538706,2878.020443095034,9.999999807926772,9.999642638434468,9409.5751953125,0.00010616844854990527,True,1.0,10.0
0,2024,data/raw/sow_call_dataset_labeled/feeding/308-1.wav,62f84208f3d66bc2106eced8f9723a09,feeding,feeding,63986,0.99978125,DEMAND,TBUS,data/noise_sources/demand/audio/TBUS/ch01.wav,4c24b6789b7a96fa5500d0a785093324ffbbb01a772914cef9483762a2d8c34f,DEMAND:TBUS,1.0,3407.0,active_valid_region,10.0,True,zero_shot_frozen,False,4971186.0,6.968780203027663e+18,60b614ac273d06b161db968d77d4d5dd6a53fa8d083173dabb511b89ce89c7f9,0.0,demand_noise_offset_v2,377.93868802714655,0.02138194121941631,5589.516208080837,10.000000147842464,9.99829689729042,3351.849365234375,0.00029804442000338696,True,7.0,10.0
0,2024,data/raw/sow_call_dataset_labeled/feeding/411-1.wav,34ffe8b85e2dd2ea42fae8d315374606,feeding,feeding,63998,0.99996875,DEMAND,TBUS,data/noise_sources/demand/audio/TBUS/ch01.wav,4c24b6789b7a96fa5500d0a785093324ffbbb01a772914cef9483762a2d8c34f,DEMAND:TBUS,1.0,3407.0,active_valid_region,10.0,True,zero_shot_frozen,False,5437524.0,6.603593851760078e+17,892a115cb182e4ac5359a2f11ac53b7175d429518da0103929ec0d7208a43825,0.0,demand_noise_offset_v2,398.75886637335407,0.12578455627996415,1002.4968821449697,9.999999952041879,9.999915747610494,3704.4521484375,0.0002696755039530928,True,1.0,10.0
0,2024,data/external/korea_raw/dry_cough/train_dry_02449.wav,2896dd842b3141f1521d6e69312d7362,cough,dry_cough,18497,0.289015625,DEMAND,TBUS,data/noise_sources/demand/audio/TBUS/ch01.wav,4c24b6789b7a96fa5500d0a785093324ffbbb01a772914cef9483762a2d8c34f,DEMAND:TBUS,1.0,3407.0,active_valid_region,10.0,True,zero_shot_frozen,False,6055264.0,1.2969181973127788e+18,91ff943aa591727e324e155a5f7b79e549450f02a837dfe45a3a8418bf26d4d6,0.0,demand_noise_offset_v2,0.07343115627623883,0.1934751635604279,0.1200204205953067,10.000000093429255,6.150783825116961,0.41076764464378357,1.0,False,22751.0,10.0
0,2024,data/raw/sow_call_dataset_labeled/calm_grunt/35-0.wav,bce14de9ae101013d89c90c1a29bb636,calm_grunt,calm_grunt,64000,1.0,DEMAND,TBUS,data/noise_sources/demand/audio/TBUS/ch01.wav,4c24b6789b7a96fa5500d0a785093324ffbbb01a772914cef9483762a2d8c34f,DEMAND:TBUS,1.0,3407.0,active_valid_region,10.0,True,zero_shot_frozen,False,8682122.0,4.9179201388662496e+17,86d3323b231614d2207c467ee641947535d7796e31e849da1d6e297380021e83,0.0,demand_noise_offset_v2,565.1370232751316,0.024232904104218456,7374.766870496156,9.999999742850232,9.999999742850232,9090.0380859375,0.00010990052962984569,True,0.0,10.0
0,2024,data/raw/sow_call_dataset_labeled/feeding/387-1.wav,9241924820d30258f1b5a5e9d94aeac0,feeding,feeding,64000,1.0,DEMAND,TBUS,data/noise_sources/demand/audio/TBUS/ch01.wav,4c24b6789b7a96fa5500d0a785093324ffbbb01a772914cef9483762a2d8c34f,DEMAND:TBUS,1.0,3407.0,active_valid_region,10.0,True,zero_shot_frozen,False,6464910.0,4.762783063122651e+18,c218cdf62bac282f0134013ab8ea1e7b1cdb22f381d37dab9fe1dee05b0fd53b,0.0,demand_noise_offset_v2,844.63572587174,0.17558410541026495,1521.1927529905884,10.000000015756193,10.000000015756193,5607.736328125,0.00017814674969463573,True,0.0,10.0
0,2024,data/raw/sow_call_dataset_labeled/anxious_stress/1616-3.wav,6063d92c24fe5f2476915494d06f6c8a,stress_vocal,anxious_stress,63987,0.999796875,DEMAND,TBUS,data/noise_sources/demand/audio/TBUS/ch01.wav,4c24b6789b7a96fa5500d0a785093324ffbbb01a772914cef9483762a2d8c34f,DEMAND:TBUS,1.0,3407.0,active_valid_region,10.0,True,zero_shot_frozen,False,3755348.0,2.281319108595926e+18,9fa8dfa46f2bc38dc558ed8b9dcb87486d686992021192a6c314d93d4bb8a8e9,0.0,demand_noise_offset_v2,627.475414910057,0.09942230776648488,1995.780958470013,9.999999793489652,9.999626161472221,4028.933349609375,0.0002479564473551934,True,6.0,10.0
0,2024,data/raw/sow_call_dataset_labeled/calm_grunt/155-0.wav,68510d2282aa7349ec4e06faa0638875,calm_grunt,calm_grunt,64000,1.0,DEMAND,TBUS,data/noise_sources/demand/audio/TBUS/ch01.wav,4c24b6789b7a96fa5500d0a785093324ffbbb01a772914cef9483762a2d8c34f,DEMAND:TBUS,1.0,3407.0,active_valid_region,10.0,True,zero_shot_frozen,False,5918982.0,5.752111222390636e+18,4fd39aae4721ba03d43eff590707e5910587c82485192f57ea76877b97bb7087,0.0,demand_noise_offset_v2,897.9188141246865,0.11434837217587443,2483.1736145610466,10.000000105335543,10.000000105335543,11810.3173828125,8.458705787651736e-05,True,0.0,10.0
0,2024,data/raw/sow_call_dataset_labeled/anxious_stress/1468-3.wav,d20184e28961e933d131951e2eb5242b,stress_vocal,anxious_stress,64000,1.0,DEMAND,TBUS,data/noise_sources/demand/audio/TBUS/ch01.wav,4c24b6789b7a96fa5500d0a785093324ffbbb01a772914cef9483762a2d8c34f,DEMAND:TBUS,1.0,3407.0,active_valid_region,10.0,True,zero_shot_frozen,False,4491313.0,7.269086789640748e+18,e4e0fbec02057b9b328b2f81dc4dc03bb968937bfcb909bcfd328ca06dd71c23,0.0,demand_noise_offset_v2,483.6170731235223,0.018015669183658906,8488.89625372179,9.999999767313287,9.999999767313287,4287.91455078125,0.00023298038899072373,True,0.0,10.0
0,2024,data/raw/sow_call_dataset_labeled/calm_grunt/86-0.wav,6686d8c376a0e89e3ba4cf02a3221421,calm_grunt,calm_grunt,64000,1.0,DEMAND,TBUS,data/noise_sources/demand/audio/TBUS/ch01.wav,4c24b6789b7a96fa5500d0a785093324ffbbb01a772914cef9483762a2d8c34f,DEMAND:TBUS,1.0,3407.0,active_valid_region,10.0,True,zero_shot_frozen,False,573668.0,6.653702327138005e+18,dc56b30382402fb89639a6adf364fa5f2bdf2ecb2eb4e47b57442a160ca2538f,0.0,demand_noise_offset_v2,953.8544513051378,0.07376056129186355,4089.384041532687,10.000000015952654,10.000000015952654,16516.09765625,6.048644303225948e-05,True,0.0,10.0
0,2024,data/external/korea_raw/abdominal_cough/train_abdominal_05140.wav,ffc07baef90cf2dfcbaa9c4fa0e982c0,cough,abdominal_cough,13985,0.218515625,DEMAND,TBUS,data/noise_sources/demand/audio/TBUS/ch01.wav,4c24b6789b7a96fa5500d0a785093324ffbbb01a772914cef9483762a2d8c34f,DEMAND:TBUS,1.0,3407.0,active_valid_region,10.0,True,zero_shot_frozen,False,3102600.0,3.29942359755792e+18,adc9e847e7fb30df63c14b60aef5b86106f37719e122cc615de9910e6ce0e57d,0.0,demand_noise_offset_v2,0.0378744874036115,0.027000572994667252,0.44358186557901724,9.999999741103892,3.5764983737726204,0.21027205884456635,1.0,False,25007.0,10.0
0,2024,data/raw/sow_call_dataset_labeled/feeding/321-1.wav,09b3ffe59b3de4c1fad3e875d3de4e0d,feeding,feeding,63992,0.999875,DEMAND,TBUS,data/noise_sources/demand/audio/TBUS/ch01.wav,4c24b6789b7a96fa5500d0a785093324ffbbb01a772914cef9483762a2d8c34f,DEMAND:TBUS,1.0,3407.0,active_valid_region,10.0,True,zero_shot_frozen,False,8261212.0,7.560182584505163e+18,68eb2a014a865de93e4cbded190abd92c400c573e16bf91675d10178fd2cc1b4,0.0,demand_noise_offset_v2,670.3121940538623,0.014028868123620362,15109.65288087658,9.999999750839303,9.999439590251562,5542.9716796875,0.00018022823455167306,True,4.0,10.0
0,2024,data/raw/sow_call_dataset_labeled/feeding/461-1.wav,81b6b443e611971e62ee7f480b5e80b8,feeding,feeding,64000,1.0,DEMAND,TBUS,data/noise_sources/demand/audio/TBUS/ch01.wav,4c24b6789b7a96fa5500d0a785093324ffbbb01a772914cef9483762a2d8c34f,DEMAND:TBUS,1.0,3407.0,active_valid_region,0.0,True,zero_shot_frozen,False,4259318.0,8.461124425210412e+18,756bf3d5f50c3cacde00d07199e1d521459c9634becb2ec3d9d897c649abb451,0.0,demand_noise_offset_v2,330.3920405704791,0.01991617588175044,16589.130490317842,-1.9889497235904235e-07,-1.9889497235904235e-07,3312.12158203125,0.00030161936247139083,True,0.0,0.0
0,2024,data/raw/sow_call_dataset_labeled/calm_grunt/74-0.wav,231dcdc74cf41f59690ae1408467d2ee,calm_grunt,calm_grunt,64000,1.0,DEMAND,TBUS,data/noise_sources/demand/audio/TBUS/ch01.wav,4c24b6789b7a96fa5500d0a785093324ffbbb01a772914cef9483762a2d8c34f,DEMAND:TBUS,1.0,3407.0,active_valid_region,0.0,True,zero_shot_frozen,False,4860409.0,5.4406080072637126e+17,878ce46a6b828bb097b893cd830b20eb98ea0d2911bd776471d147c80853ef3c,0.0,demand_noise_offset_v2,689.0697472656415,0.024009635468688166,28699.71716831279,1.1034779264529105e-07,1.1034779264529105e-07,15719.416015625,6.355197922155634e-05,True,0.0,0.0
0,2024,data/external/korea_raw/dry_cough/train_dry_16871.wav,0087b3873541a379748a345b960d0af7,cough,dry_cough,15649,0.244515625,DEMAND,TBUS,data/noise_sources/demand/audio/TBUS/ch01.wav,4c24b6789b7a96fa5500d0a785093324ffbbb01a772914cef9483762a2d8c34f,DEMAND:TBUS,1.0,3407.0,active_valid_region,0.0,True,zero_shot_frozen,False,8536096.0,2.0562269425823898e+17,02da84c0410565fc576d6badab5bb26701c3c02137907ee16341836a9ec3d1e5,0.0,demand_noise_offset_v2,0.05542253586361861,0.0170495965955011,3.250665524734059,2.6348370464087446e-07,-6.07250761426081,0.34707412123680115,1.0,False,24175.0,0.0
0,2024,data/raw/sow_call_dataset_labeled/anxious_stress/1567-3.wav,d76bf0e98eb7f34a4269a6dcebf2b860,stress_vocal,anxious_stress,64000,1.0,DEMAND,TBUS,data/noise_sources/demand/audio/TBUS/ch01.wav,4c24b6789b7a96fa5500d0a785093324ffbbb01a772914cef9483762a2d8c34f,DEMAND:TBUS,1.0,3407.0,active_valid_region,0.0,True,zero_shot_frozen,False,3096992.0,7.363690486552453e+17,0a381bbf90b02fc1aca6a95f8aff710c8567b1922a176ce45e062cc506b0eea1,0.0,demand_noise_offset_v2,2160.9679133716404,0.026875658430124263,80406.13847620063,-2.377058423627164e-07,-2.377058423627164e-07,15641.619140625,6.386806832582694e-05,True,0.0,0.0
0,2024,data/external/korea_raw/abdominal_cough/train_abdominal_00145.wav,e49ea7e3eb02dd8208d5767cc2a865bd,cough,abdominal_cough,13760,0.215,DEMAND,TBUS,data/noise_sources/demand/audio/TBUS/ch01.wav,4c24b6789b7a96fa5500d0a785093324ffbbb01a772914cef9483762a2d8c34f,DEMAND:TBUS,1.0,3407.0,active_valid_region,0.0,True,zero_shot_frozen,False,8402887.0,5.847803228360255e+18,d127920d9ecba8c08ee56ab45b7ec44c9e25c957bdf89a9050d9867024ea7ff3,0.0,demand_noise_offset_v2,0.054280202175761995,0.01965768794416222,2.7612709251436502,-2.34352422436476e-07,-6.64868010019198,0.34470081329345703,1.0,False,25120.0,0.0
0,2024,data/raw/sow_call_dataset_labeled/calm_grunt/126-0.wav,36fb7ca69b77d3439d07d4eed5009620,calm_grunt,calm_grunt,64000,1.0,DEMAND,TBUS,data/noise_sources/demand/audio/TBUS/ch01.wav,4c24b6789b7a96fa5500d0a785093324ffbbb01a772914cef9483762a2d8c34f,DEMAND:TBUS,1.0,3407.0,active_valid_region,0.0,True,zero_shot_frozen,False,5355214.0,6.044701219285617e+18,d3e317bb94e3c980cd271f9a720b71dd2ceeb7dc425bdc19f10346dfac28318b,0.0,demand_noise_offset_v2,612.6466638729408,0.10970587399659001,5584.447227429077,-6.113078487369114e-08,-6.113078487369114e-08,7630.7333984375,0.00013091795347018142,True,0.0,0.0
0,2024,data/raw/sow_call_dataset_labeled/feeding/422-1.wav,ad0e6cc5f381d90941387e48ac3c90e5,feeding,feeding,64000,1.0,DEMAND,TBUS,data/noise_sources/demand/audio/TBUS/ch01.wav,4c24b6789b7a96fa5500d0a785093324ffbbb01a772914cef9483762a2d8c34f,DEMAND:TBUS,1.0,3407.0,active_valid_region,0.0,True,zero_shot_frozen,False,336301.0,7.96071957683243e+18,ee7a284705985064f1c50f50ef4b9dc6768582c8944b6d654ff1f53becb7b397,0.0,demand_noise_offset_v2,553.9720628504172,0.04212335898598592,13151.184430347043,-8.682935025751929e-08,-8.682935025751929e-08,6772.9521484375,0.0001474984582949499,True,0.0,0.0
0,2024,data/raw/sow_call_dataset_labeled/frightened_stress/1033-2.wav,8922fbed7e0303ce8677c3bc946a39ed,stress_vocal,frightened_stress,63995,0.999921875,DEMAND,TBUS,data/noise_sources/demand/audio/TBUS/ch01.wav,4c24b6789b7a96fa5500d0a785093324ffbbb01a772914cef9483762a2d8c34f,DEMAND:TBUS,1.0,3407.0,active_valid_region,0.0,True,zero_shot_frozen,False,8289827.0,8.903149919357631e+18,fb8e57ae455bfd50f93b98a3ae9cffd5818bc3ef0460ec5b39cfc414e858ada7,0.0,demand_noise_offset_v2,242.93468520624987,0.01410361395468696,17224.99537967834,-3.595474184700399e-07,-0.00019568114415853937,2249.991455078125,0.00044400168620432044,True,2.0,0.0
0,2024,data/external/korea_raw/dry_cough/train_dry_08957.wav,24488fa53abe2228b8830f93c083ba5d,cough,dry_cough,16000,0.25,DEMAND,TBUS,data/noise_sources/demand/audio/TBUS/ch01.wav,4c24b6789b7a96fa5500d0a785093324ffbbb01a772914cef9483762a2d8c34f,DEMAND:TBUS,1.0,3407.0,active_valid_region,0.0,True,zero_shot_frozen,False,4073148.0,6.856548036572229e+18,5f275a1c994a2caffd4c3b321d68f7d26810b7227faf0cb8d95ff97685d24bbf,0.0,demand_noise_offset_v2,0.1368990824889901,0.10514714560847722,1.30197621339854,6.523014915290302e-08,-6.357139259283093,0.8422896862030029,1.0,False,24000.0,0.0
0,2024,data/raw/sow_call_dataset_labeled/calm_grunt/191-0.wav,3edbcd7e4d484f1fa45cd8c3904ed2b2,calm_grunt,calm_grunt,64000,1.0,DEMAND,TBUS,data/noise_sources/demand/audio/TBUS/ch01.wav,4c24b6789b7a96fa5500d0a785093324ffbbb01a772914cef9483762a2d8c34f,DEMAND:TBUS,1.0,3407.0,active_valid_region,0.0,True,zero_shot_frozen,False,9289338.0,3.859277671343562e+17,055b17426d00c31b137b511428c5324020d83168ae110c3381d88a7f7dfd2bb1,0.0,demand_noise_offset_v2,1322.3588303029073,0.06882629547325736,19212.988599927092,1.4652046755626058e-07,1.4652046755626058e-07,18393.46875,5.4312757075796264e-05,True,0.0,0.0
0,2024,data/external/korea_raw/dry_cough/train_dry_03883.wav,d33384b82a4c07ee3479d6a84e6a107a,cough,dry_cough,16000,0.25,DEMAND,TBUS,data/noise_sources/demand/audio/TBUS/ch01.wav,4c24b6789b7a96fa5500d0a785093324ffbbb01a772914cef9483762a2d8c34f,DEMAND:TBUS,1.0,3407.0,active_valid_region,0.0,True,zero_shot_frozen,False,4732315.0,1.500699052051048e+18,14d38dd63844a6088122cc88fcecec4c5e6e1e48634803fa1c681da048bfa261,0.0,demand_noise_offset_v2,0.05905472440135938,0.02013478227151004,2.9329705980938066,2.2148941631030052e-07,-5.928786174217887,0.4037065804004669,1.0,False,24000.0,0.0
0,2024,data/raw/sow_call_dataset_labeled/calm_grunt/164-0.wav,d61f937fb7139f1bd2472783afd2378a,calm_grunt,calm_grunt,64000,1.0,DEMAND,TBUS,data/noise_sources/demand/audio/TBUS/ch01.wav,4c24b6789b7a96fa5500d0a785093324ffbbb01a772914cef9483762a2d8c34f,DEMAND:TBUS,1.0,3407.0,active_valid_region,0.0,True,zero_shot_frozen,False,2402321.0,5.38949407218257e+18,4acb544dcb83fd8cad806e57796ffb3f6689ab4b5b4bd0e1c0baf54fbfbccf53,0.0,demand_noise_offset_v2,1226.1967713311983,0.06964137654070522,17607.302328587506,-2.0377568354121522e-07,-2.0377568354121522e-07,15544.490234375,6.426714449540564e-05,True,0.0,0.0
0,2024,data/external/korea_raw/dry_cough/train_dry_05642.wav,88d7f4aa29a5020b78bb91ee3a01937f,cough,dry_cough,13056,0.204,DEMAND,TBUS,data/noise_sources/demand/audio/TBUS/ch01.wav,4c24b6789b7a96fa5500d0a785093324ffbbb01a772914cef9483762a2d8c34f,DEMAND:TBUS,1.0,3407.0,active_valid_region,0.0,True,zero_shot_frozen,False,1546345.0,7.528934649144337e+18,e87c262c6360e5d31fbfc1d0052b94fb12301f775766b03e69bc2340c06dbcd9,0.0,demand_noise_offset_v2,0.060270272855776005,0.011258914568485837,5.353115745675429,3.074949260239517e-07,-9.662522638551167,0.4103769361972809,1.0,False,25472.0,0.0
0,2024,data/raw/sow_call_dataset_labeled/feeding/386-1.wav,14e3565af5b36ce69c196167511c0621,feeding,feeding,64000,1.0,DEMAND,TBUS,data/noise_sources/demand/audio/TBUS/ch01.wav,4c24b6789b7a96fa5500d0a785093324ffbbb01a772914cef9483762a2d8c34f,DEMAND:TBUS,1.0,3407.0,active_valid_region,0.0,True,zero_shot_frozen,False,4162022.0,3.8046163813036974e+18,34ccb670ea3d30de394356d720264ae69fb54222cd6d37e679d92e6fdaf47e41,0.0,demand_noise_offset_v2,302.42735361492004,0.023130073607183114,13075.070955286554,-2.1679063693320354e-07,-2.1679063693320354e-07,2536.7353515625,0.0003938132526850571,True,0.0,0.0
0,2024,data/raw/sow_call_dataset_labeled/anxious_stress/1691-3.wav,ff6ed75be70451ec0c28fb565f81cd54,stress_vocal,anxious_stress,63988,0.9998125,DEMAND,TBUS,data/noise_sources/demand/audio/TBUS/ch01.wav,4c24b6789b7a96fa5500d0a785093324ffbbb01a772914cef9483762a2d8c34f,DEMAND:TBUS,1.0,3407.0,active_valid_region,0.0,True,zero_shot_frozen,False,7190892.0,3.1550672159389097e+18,abc90ceaa884f540b17674a679add3e25c767903eb1e1b631701694265981230,0.0,demand_noise_offset_v2,496.3896603203642,0.01964741399926986,25264.88525863053,1.672257601546819e-07,-0.001312129899243892,4289.88818359375,0.00023287320257450438,True,6.0,0.0
0,2024,data/external/korea_raw/abdominal_cough/train_abdominal_04314.wav,14cfa356c56f5fb97ab95f6e8f359b80,cough,abdominal_cough,20001,0.312515625,DEMAND,TBUS,data/noise_sources/demand/audio/TBUS/ch01.wav,4c24b6789b7a96fa5500d0a785093324ffbbb01a772914cef9483762a2d8c34f,DEMAND:TBUS,1.0,3407.0,active_valid_region,0.0,True,zero_shot_frozen,False,1697628.0,2.979460372396973e+18,a9592b6c3f131b9859160e35881a2bed1b703908e50a0d055aa725b3b664e27c,0.0,demand_noise_offset_v2,0.041687123283452435,0.0070759533771711305,5.891379021510509,2.060045586755466e-07,-5.300267451265333,0.2556917071342468,1.0,False,21999.0,0.0
0,2024,data/external/korea_raw/dry_cough/train_dry_17215.wav,7de8d3e02d0b1fe49ade87fb918a2119,cough,dry_cough,13536,0.2115,DEMAND,TBUS,data/noise_sources/demand/audio/TBUS/ch01.wav,4c24b6789b7a96fa5500d0a785093324ffbbb01a772914cef9483762a2d8c34f,DEMAND:TBUS,1.0,3407.0,active_valid_region,0.0,True,zero_shot_frozen,False,2116711.0,8.56689084905295e+18,f6e3b5d67f587dec03323331584f78db74d07d2dedcf775e6510d9460f0f7082,0.0,demand_noise_offset_v2,0.3094046526918556,0.08891845104831933,3.479645102271535,2.1215805166810596e-07,-5.033362109136728,1.7227411270141602,0.5798897955907386,True,25232.0,0.0
0,2024,data/external/korea_raw/dry_cough/train_dry_08205.wav,6704c14d5e967fb2463c9162bfcd787d,cough,dry_cough,22977,0.359015625,DEMAND,TBUS,data/noise_sources/demand/audio/TBUS/ch01.wav,4c24b6789b7a96fa5500d0a785093324ffbbb01a772914cef9483762a2d8c34f,DEMAND:TBUS,1.0,3407.0,active_valid_region,0.0,True,zero_shot_frozen,False,7930508.0,6.456750094228858e+18,d99afc0059fb253426d3cc588d11906067246b3331349df635336f221c50ba6f,0.0,demand_noise_offset_v2,0.09645465766897002,0.012145115399168587,7.941847771621254,-3.4466542037004176e-08,-5.06015067408835,0.6382910013198853,1.0,False,20511.0,0.0
0,2024,data/raw/sow_call_dataset_labeled/feeding/372-1.wav,a51ab823a33ac9f98b57ddd7d4c7dbac,feeding,feeding,64000,1.0,DEMAND,TBUS,data/noise_sources/demand/audio/TBUS/ch01.wav,4c24b6789b7a96fa5500d0a785093324ffbbb01a772914cef9483762a2d8c34f,DEMAND:TBUS,1.0,3407.0,active_valid_region,0.0,True,zero_shot_frozen,False,5606180.0,6.151514595623056e+18,555e91eebebe3201ea005088ec1ed4c00ba5bc282fc84a9af89f281d8e9d0115,0.0,demand_noise_offset_v2,174.77702599599246,0.06174648352165886,2830.558373979075,7.735139236413812e-08,7.735139236413812e-08,1997.4190673828125,0.0005001454208149592,True,0.0,0.0
0,2024,data/raw/sow_call_dataset_labeled/calm_grunt/234-0.wav,60811846bec973804cf5cb64ea03726f,calm_grunt,calm_grunt,64000,1.0,DEMAND,TBUS,data/noise_sources/demand/audio/TBUS/ch01.wav,4c24b6789b7a96fa5500d0a785093324ffbbb01a772914cef9483762a2d8c34f,DEMAND:TBUS,1.0,3407.0,active_valid_region,0.0,True,zero_shot_frozen,False,8093782.0,5.162405974477344e+18,47a48ce1d7138cf270280fe76289713acfb8290d9436de5dd79558b78a40bfd7,0.0,demand_noise_offset_v2,1365.608504954749,0.012108856126726655,112777.6637745806,-2.233336609853956e-08,-2.233336609853956e-08,16656.287109375,5.997735230186518e-05,True,0.0,0.0
0,2024,data/raw/sow_call_dataset_labeled/anxious_stress/1358-3.wav,2d25df36b23419dad4eac8cb0c26741b,stress_vocal,anxious_stress,64000,1.0,DEMAND,TBUS,data/noise_sources/demand/audio/TBUS/ch01.wav,4c24b6789b7a96fa5500d0a785093324ffbbb01a772914cef9483762a2d8c34f,DEMAND:TBUS,1.0,3407.0,active_valid_region,0.0,True,zero_shot_frozen,False,7323330.0,3.67739232687026e+17,051a78e23e48ef5e1601fef83042c5839eff6f6c6f887b91bd66f4ea12a0a718,0.0,demand_noise_offset_v2,249.80913756039314,0.033329938532635835,7495.037451562845,-1.7592478997153171e-07,-1.7592478997153171e-07,3432.72802734375,0.00029102218178730216,True,0.0,0.0
0,2024,data/external/korea_raw/abdominal_cough/train_abdominal_04310.wav,f720b0ab06424dff180f34747009278e,cough,abdominal_cough,12000,0.1875,DEMAND,TBUS,data/noise_sources/demand/audio/TBUS/ch01.wav,4c24b6789b7a96fa5500d0a785093324ffbbb01a772914cef9483762a2d8c34f,DEMAND:TBUS,1.0,3407.0,active_valid_region,0.0,True,zero_shot_frozen,False,3712870.0,4.0180609546725535e+18,37c30526511fddc1a7a15b312c3c1fab25242db05915b426d6be970783dfc92d,0.0,demand_noise_offset_v2,0.048781646970011076,0.10709568339137751,0.45549592126640825,-4.405231775634317e-08,-6.170721046571021,0.26377639174461365,1.0,False,26000.0,0.0
0,2024,data/raw/sow_call_dataset_labeled/anxious_stress/1628-3.wav,b4bafd8c58512f0cbd5d3fc95eff2e5e,stress_vocal,anxious_stress,64000,1.0,DEMAND,TBUS,data/noise_sources/demand/audio/TBUS/ch01.wav,4c24b6789b7a96fa5500d0a785093324ffbbb01a772914cef9483762a2d8c34f,DEMAND:TBUS,1.0,3407.0,active_valid_region,0.0,True,zero_shot_frozen,False,8076140.0,5.927757150278429e+18,d2439fb8b920a97c6b8bf075ec1aa3470588b8db1c4537295a8cb7ac6e8be484,0.0,demand_noise_offset_v2,716.2477665910692,0.01203653478672417,59506.14352737655,-1.4573376684579734e-07,-1.4573376684579734e-07,7532.1796875,0.0001326309304141916,True,0.0,0.0
0,2024,data/external/korea_raw/dry_cough/train_dry_10991.wav,fed26a33f0b741bc95bbf8e3ae6cdaa1,cough,dry_cough,10016,0.1565,DEMAND,TBUS,data/noise_sources/demand/audio/TBUS/ch01.wav,4c24b6789b7a96fa5500d0a785093324ffbbb01a772914cef9483762a2d8c34f,DEMAND:TBUS,1.0,3407.0,active_valid_region,0.0,True,zero_shot_frozen,False,6767555.0,2.416197118818521e+18,21880e7a5e800f0837f0e4c19d3efa5f90c6d35f483e9be5e89e6bb530133f5e,0.0,demand_noise_offset_v2,0.11561164243036151,0.07049385068541462,1.6400245029355713,-2.0750094138533638e-07,-8.487860131935518,0.7424235343933105,1.0,False,26992.0,0.0
0,2024,data/raw/sow_call_dataset_labeled/anxious_stress/1697-3.wav,07cbbc074a5616ad1173d36f2d5a9c57,stress_vocal,anxious_stress,63996,0.9999375,DEMAND,TBUS,data/noise_sources/demand/audio/TBUS/ch01.wav,4c24b6789b7a96fa5500d0a785093324ffbbb01a772914cef9483762a2d8c34f,DEMAND:TBUS,1.0,3407.0,active_valid_region,0.0,True,zero_shot_frozen,False,6258882.0,2.490132225947779e+17,8374ac34e5231329eff2dbace5111faafaa883e61de40c4feee8cba4276b8756,0.0,demand_noise_offset_v2,485.1177626907367,0.25819300735670137,1878.8958216073295,-2.382958372094694e-07,-0.000283155723651926,2917.606689453125,0.00034240393114373213,True,2.0,0.0
0,2024,data/raw/sow_call_dataset_labeled/feeding/407-1.wav,194745edca2b4ea2108f74e6798de76b,feeding,feeding,64000,1.0,DEMAND,TBUS,data/noise_sources/demand/audio/TBUS/ch01.wav,4c24b6789b7a96fa5500d0a785093324ffbbb01a772914cef9483762a2d8c34f,DEMAND:TBUS,1.0,3407.0,active_valid_region,0.0,True,zero_shot_frozen,False,5131845.0,3.2220308663769206e+18,2cb6f4007dbd8ecf7387a059e23c2ecb1152b3bc2d468f8638f85d7329fa2885,0.0,demand_noise_offset_v2,651.8142671797953,0.02028830967959474,32127.57876203787,1.7301556672122998e-07,1.7301556672122998e-07,4925.08349609375,0.00020283920075514267,True,0.0,0.0
0,2024,data/external/korea_raw/abdominal_cough/train_abdominal_00976.wav,482167f50b0581254cf3db0cbf02e6d8,cough,abdominal_cough,10113,0.158015625,DEMAND,TBUS,data/noise_sources/demand/audio/TBUS/ch01.wav,4c24b6789b7a96fa5500d0a785093324ffbbb01a772914cef9483762a2d8c34f,DEMAND:TBUS,1.0,3407.0,active_valid_region,0.0,True,zero_shot_frozen,False,4233365.0,6.937819568171688e+18,e04816239ca0a0ce7d50a67786d1c89cb9ca001ad47ed952d641e102fb903b47,0.0,demand_noise_offset_v2,0.04119018243817605,0.025307847328277927,1.6275656283160784,3.6380021204199006e-08,-6.7151528194166925,0.356637567281723,1.0,False,26943.0,0.0
0,2024,data/raw/sow_call_dataset_labeled/calm_grunt/198-0.wav,d6f78c29d16485f14e15c559ba612000,calm_grunt,calm_grunt,64000,1.0,DEMAND,TBUS,data/noise_sources/demand/audio/TBUS/ch01.wav,4c24b6789b7a96fa5500d0a785093324ffbbb01a772914cef9483762a2d8c34f,DEMAND:TBUS,1.0,3407.0,active_valid_region,0.0,True,zero_shot_frozen,False,2114101.0,7.046953820195015e+18,e1cbcf29c14e46810da3164a8faf9ff6c6ea4c77c4ea48dbd286e54949b96aaa,0.0,demand_noise_offset_v2,885.5858411836019,0.0713335551723124,12414.716174518324,2.4647120391101885e-07,2.4647120391101885e-07,16764.76953125,5.9589247447621395e-05,True,0.0,0.0
0,2024,data/raw/sow_call_dataset_labeled/anxious_stress/1471-3.wav,ed129f6416e1cbbabfb2990dc4759456,stress_vocal,anxious_stress,63998,0.99996875,DEMAND,TBUS,data/noise_sources/demand/audio/TBUS/ch01.wav,4c24b6789b7a96fa5500d0a785093324ffbbb01a772914cef9483762a2d8c34f,DEMAND:TBUS,1.0,3407.0,active_valid_region,0.0,True,zero_shot_frozen,False,1402591.0,5.608224024403406e+18,4dd46a095b606dd8f182d8c9a4c9bf94d431503c40a8d90fcec193702c7abb43,0.0,demand_noise_offset_v2,3076.2518728593964,0.027746161809952437,110871.25829980409,3.789564310497094e-08,-0.00019825681614361906,24700.39453125,4.0444698109421014e-05,True,1.0,0.0
0,2024,data/raw/sow_call_dataset_labeled/anxious_stress/1694-3.wav,4cadeb71267741745df4bb50bad5fc80,stress_vocal,anxious_stress,64000,1.0,DEMAND,TBUS,data/noise_sources/demand/audio/TBUS/ch01.wav,4c24b6789b7a96fa5500d0a785093324ffbbb01a772914cef9483762a2d8c34f,DEMAND:TBUS,1.0,3407.0,active_valid_region,0.0,True,zero_shot_frozen,False,6726513.0,5.002386564032799e+18,c56c0c13825ca13f43ed1d9d0bba3270db0d0ecc213d099401c9781f9e6c233b,0.0,demand_noise_offset_v2,825.0489726956336,0.06930976619139877,11903.791024446145,2.2940559677750677e-09,2.2940559677750677e-09,7220.837890625,0.00013834959531455865,True,0.0,0.0
0,2024,data/raw/sow_call_dataset_labeled/calm_grunt/142-0.wav,c549a91a9505158b9f6442db3dcff4e4,calm_grunt,calm_grunt,64000,1.0,DEMAND,TBUS,data/noise_sources/demand/audio/TBUS/ch01.wav,4c24b6789b7a96fa5500d0a785093324ffbbb01a772914cef9483762a2d8c34f,DEMAND:TBUS,1.0,3407.0,active_valid_region,0.0,True,zero_shot_frozen,False,1384624.0,8.458516904498694e+17,8bbd11a185ed9a8888f12c9e4a18ace41828ef7d38eaff8586710c14d98828b8,0.0,demand_noise_offset_v2,1281.8327474401044,0.03775459626809721,33951.70056481993,3.335574544141867e-07,3.335574544141867e-07,15236.412109375,6.556661718183068e-05,True,0.0,0.0
0,2024,data/raw/sow_call_dataset_labeled/anxious_stress/1437-3.wav,9dcd542137ab5deb241d9b7b2ed7c5c9,stress_vocal,anxious_stress,64000,1.0,DEMAND,TBUS,data/noise_sources/demand/audio/TBUS/ch01.wav,4c24b6789b7a96fa5500d0a785093324ffbbb01a772914cef9483762a2d8c34f,DEMAND:TBUS,1.0,3407.0,active_valid_region,0.0,True,zero_shot_frozen,False,6966273.0,8.688999893417664e+17,8c0ef3efca0e8315e41717031c72011129f63a77974ff5b364c0e867fc92fdf2,0.0,demand_noise_offset_v2,3939.1785986192194,0.02319760089055942,169809.74098154786,3.3824644253663064e-07,3.3824644253663064e-07,25936.421875,3.8517263669393486e-05,True,0.0,0.0
0,2024,data/external/korea_raw/abdominal_cough/train_abdominal_14437.wav,12f71686d1214f4a37e7f533b384ea35,cough,abdominal_cough,17280,0.27,DEMAND,TBUS,data/noise_sources/demand/audio/TBUS/ch01.wav,4c24b6789b7a96fa5500d0a785093324ffbbb01a772914cef9483762a2d8c34f,DEMAND:TBUS,1.0,3407.0,active_valid_region,0.0,True,zero_shot_frozen,False,2256558.0,8.842294080204971e+18,fab6239e12281c4665f82023a6ca64d63a4f7dfd944886bb43668594c8fa371a,0.0,demand_noise_offset_v2,0.05661227773846427,0.10887630158851731,0.5199687802807853,-4.5449534732233697e-07,-6.722511385622177,0.3378434479236603,1.0,False,23360.0,0.0
0,2024,data/raw/sow_call_dataset_labeled/anxious_stress/1561-3.wav,5fb81c5b843c88128bdd4a3474a270e3,stress_vocal,anxious_stress,64000,1.0,DEMAND,TBUS,data/noise_sources/demand/audio/TBUS/ch01.wav,4c24b6789b7a96fa5500d0a785093324ffbbb01a772914cef9483762a2d8c34f,DEMAND:TBUS,1.0,3407.0,active_valid_region,0.0,True,zero_shot_frozen,False,2100030.0,6.327074741905052e+17,08c7d41875dc14e550200192dc04fa701009d6469c4c59c8ef42c8815e6d7c5a,0.0,demand_noise_offset_v2,583.0942348172008,0.07349261866693878,7934.051682927857,-8.121894604084991e-08,-8.121894604084991e-08,5663.53466796875,0.00017639161028713108,True,0.0,0.0
0,2024,data/raw/sow_call_dataset_labeled/calm_grunt/146-0.wav,e555283d4dcff3cbe68b58ea6baa9321,calm_grunt,calm_grunt,64000,1.0,DEMAND,TBUS,data/noise_sources/demand/audio/TBUS/ch01.wav,4c24b6789b7a96fa5500d0a785093324ffbbb01a772914cef9483762a2d8c34f,DEMAND:TBUS,1.0,3407.0,active_valid_region,0.0,True,zero_shot_frozen,False,6751265.0,7.30098347095223e+18,65524dc8d91b2da33e2a7924b5d1499c9699de81c7a255a108cede78ce6c4dd3,0.0,demand_noise_offset_v2,1034.7847744680178,0.07233787722905334,14304.881676185172,-9.589721371212332e-08,-9.589721371212332e-08,17974.3046875,5.557934047344495e-05,True,0.0,0.0
0,2024,data/raw/sow_call_dataset_labeled/feeding/385-1.wav,9fe1b1d16ab7b011126eec1b974d15be,feeding,feeding,64000,1.0,DEMAND,TBUS,data/noise_sources/demand/audio/TBUS/ch01.wav,4c24b6789b7a96fa5500d0a785093324ffbbb01a772914cef9483762a2d8c34f,DEMAND:TBUS,1.0,3407.0,active_valid_region,0.0,True,zero_shot_frozen,False,6961692.0,1.7617362173166917e+18,9872f1c16d1a0f0ca0226d29e3da1b149cf8a49869c6604b7dfc946ef3ee76e8,0.0,demand_noise_offset_v2,652.0218966575002,0.023492734409472686,27754.193500548554,4.5217874098914365e-08,4.5217874098914365e-08,5928.81201171875,0.0001684991863505539,True,0.0,0.0
0,2024,data/raw/sow_call_dataset_labeled/feeding/347-1.wav,025adb61783547ff9a35c44600e53f23,feeding,feeding,64000,1.0,DEMAND,TBUS,data/noise_sources/demand/audio/TBUS/ch01.wav,4c24b6789b7a96fa5500d0a785093324ffbbb01a772914cef9483762a2d8c34f,DEMAND:TBUS,1.0,3407.0,active_valid_region,0.0,True,zero_shot_frozen,False,8033351.0,8.298855454289196e+18,732b75110338725e3f6e332cebd314ccb8a840850b35f2ec70e716074fdb34b3,0.0,demand_noise_offset_v2,352.84780930980054,0.013531593759165461,26075.850013661795,1.3779301675720524e-07,1.3779301675720524e-07,3467.18359375,0.0002881301128099513,True,0.0,0.0
0,2024,data/raw/sow_call_dataset_labeled/calm_grunt/220-0.wav,3a8f7f2ee112f7bb25ecfbfa9daf8e5a,calm_grunt,calm_grunt,64000,1.0,DEMAND,TBUS,data/noise_sources/demand/audio/TBUS/ch01.wav,4c24b6789b7a96fa5500d0a785093324ffbbb01a772914cef9483762a2d8c34f,DEMAND:TBUS,1.0,3407.0,active_valid_region,0.0,True,zero_shot_frozen,False,1798785.0,4.3046049661725804e+18,3bbd0768f3195975c9f1f45643b1d7d67d1bd20cd3571a8d15312f9e9aa043b3,0.0,demand_noise_offset_v2,1629.5622357778977,0.03346487232918848,48694.70947769232,-2.7186818437680196e-07,-2.7186818437680196e-07,19304.568359375,5.1749408813631895e-05,True,0.0,0.0
0,2024,data/raw/sow_call_dataset_labeled/feeding/326-1.wav,68271e05998f6bb287503513fa9477b1,feeding,feeding,63986,0.99978125,DEMAND,TBUS,data/noise_sources/demand/audio/TBUS/ch01.wav,4c24b6789b7a96fa5500d0a785093324ffbbb01a772914cef9483762a2d8c34f,DEMAND:TBUS,1.0,3407.0,active_valid_region,0.0,True,zero_shot_frozen,False,6785979.0,5.856150428259783e+18,d14539c98bad0f7bf06aea4d1d9e3514e1c198e157aef07433fa4423c6e3a760,0.0,demand_noise_offset_v2,1257.3880442340817,0.08317999579241668,15116.47160180206,-4.4826181873264276e-08,-0.00022807921251265638,13679.5087890625,7.302893805651516e-05,True,7.0,0.0
0,2024,data/raw/sow_call_dataset_labeled/feeding/362-1.wav,b3e4cd2d5cf837b812811f490fed3fb1,feeding,feeding,63995,0.999921875,DEMAND,TBUS,data/noise_sources/demand/audio/TBUS/ch01.wav,4c24b6789b7a96fa5500d0a785093324ffbbb01a772914cef9483762a2d8c34f,DEMAND:TBUS,1.0,3407.0,active_valid_region,0.0,True,zero_shot_frozen,False,9269564.0,1.7627250974178688e+18,187675230442058c2529acd215139aaf2c403c0374e10cbe1a94ba80b0d95ec0,0.0,demand_noise_offset_v2,603.1509733220147,0.06949211509760322,8679.41596647153,-4.169134516505281e-08,-0.0013116118808068566,5869.10888671875,0.00017021323326623646,True,2.0,0.0
0,2024,data/raw/sow_call_dataset_labeled/anxious_stress/1272-3.wav,ff6f943b9956c3adcddfef8911c4d1af,stress_vocal,anxious_stress,64000,1.0,DEMAND,TBUS,data/noise_sources/demand/audio/TBUS/ch01.wav,4c24b6789b7a96fa5500d0a785093324ffbbb01a772914cef9483762a2d8c34f,DEMAND:TBUS,1.0,3407.0,active_valid_region,0.0,True,zero_shot_frozen,False,8193104.0,2.1977059440780296e+18,9e7fd1e9858912a5c4f23a69b70266438d6e752039387e8723a569908f219ced,0.0,demand_noise_offset_v2,425.3430541197819,0.012619503816099312,33705.21221104995,3.276045531850417e-07,3.276045531850417e-07,3147.29150390625,0.00031741578393996696,True,0.0,0.0
0,2024,data/raw/sow_call_dataset_labeled/frightened_stress/934-2.wav,c1bbeae49e86333d4bd2c70e7d1857ff,stress_vocal,frightened_stress,63988,0.9998125,DEMAND,TBUS,data/noise_sources/demand/audio/TBUS/ch01.wav,4c24b6789b7a96fa5500d0a785093324ffbbb01a772914cef9483762a2d8c34f,DEMAND:TBUS,1.0,3407.0,active_valid_region,0.0,True,zero_shot_frozen,False,5427753.0,8.549817469888993e+18,76a70db0a329992e1fe4e54671a53026e105c40cae7c2b5c061f76a2d30e4f2f,0.0,demand_noise_offset_v2,165.8682129147972,0.13749395755698357,1206.36728960292,-1.4863124595353156e-07,-0.00010183106931195134,2205.377197265625,0.00045298373504479295,True,6.0,0.0
0,2024,data/raw/sow_call_dataset_labeled/feeding/417-1.wav,8f86c8ddfdba8a759f93ddcddf3c6ca4,feeding,feeding,64000,1.0,DEMAND,TBUS,data/noise_sources/demand/audio/TBUS/ch01.wav,4c24b6789b7a96fa5500d0a785093324ffbbb01a772914cef9483762a2d8c34f,DEMAND:TBUS,1.0,3407.0,active_valid_region,0.0,True,zero_shot_frozen,False,4709630.0,7.173227772173173e+18,638c6ca74559419bd457270bcb2798a244391da3ca1ddd1b91e237ffa1ebc8ef,0.0,demand_noise_offset_v2,558.077182472185,0.019477741758889867,28652.04752072822,1.9637689669470218e-07,1.9637689669470218e-07,5169.71728515625,0.00019324074120424676,True,0.0,0.0
0,2024,data/raw/sow_call_dataset_labeled/frightened_stress/668-2.wav,cf12385bb9ae5881f1be95db8e682af9,stress_vocal,frightened_stress,63996,0.9999375,DEMAND,TBUS,data/noise_sources/demand/audio/TBUS/ch01.wav,4c24b6789b7a96fa5500d0a785093324ffbbb01a772914cef9483762a2d8c34f,DEMAND:TBUS,1.0,3407.0,active_valid_region,0.0,True,zero_shot_frozen,False,3125509.0,3.810972761210648e+18,34e34b88f0a676e140b62c179c3a4d69ae14888aae1ada119f08b094e52dc670,0.0,demand_noise_offset_v2,125.29251777555456,0.02000224097783168,6263.92402303398,2.6644655054644884e-07,-0.0013828090132930863,1460.4327392578125,0.0006840438269739754,True,2.0,0.0
0,2024,data/raw/sow_call_dataset_labeled/calm_grunt/151-0.wav,af2dea9baecdb955b1cd31003d1067a8,calm_grunt,calm_grunt,64000,1.0,DEMAND,TBUS,data/noise_sources/demand/audio/TBUS/ch01.wav,4c24b6789b7a96fa5500d0a785093324ffbbb01a772914cef9483762a2d8c34f,DEMAND:TBUS,1.0,3407.0,active_valid_region,0.0,True,zero_shot_frozen,False,7421616.0,3.0471961213824353e+18,aa49d0ba47f2ba90fcc875cca12771d1ab49bdccece3d09e12d18519a129611f,0.0,demand_noise_offset_v2,1022.6523819253595,0.01613247011427515,63390.93608612634,-1.9369294243894784e-07,-1.9369294243894784e-07,8564.0517578125,0.00011665039262387325,True,0.0,0.0
0,2024,data/raw/sow_call_dataset_labeled/anxious_stress/1777-3.wav,8c25af4b7b10e82ca566df1c08e21410,stress_vocal,anxious_stress,64000,1.0,DEMAND,TBUS,data/noise_sources/demand/audio/TBUS/ch01.wav,4c24b6789b7a96fa5500d0a785093324ffbbb01a772914cef9483762a2d8c34f,DEMAND:TBUS,1.0,3407.0,active_valid_region,0.0,True,zero_shot_frozen,False,651045.0,1.7838301979473787e+18,18c1701d2844ac632be9c7e2099307c3c3dc70f05a5f62a776dfb9a13290be6e,0.0,demand_noise_offset_v2,367.3406052258028,0.12308663313403004,2984.406965017904,-5.298835856513344e-08,-5.298835856513344e-08,2425.791015625,0.00041182442904819224,True,0.0,0.0
0,2024,data/external/korea_raw/abdominal_cough/train_abdominal_07806.wav,c3a126a94bddfdd955e8fad5c1655596,cough,abdominal_cough,21088,0.3295,DEMAND,TBUS,data/noise_sources/demand/audio/TBUS/ch01.wav,4c24b6789b7a96fa5500d0a785093324ffbbb01a772914cef9483762a2d8c34f,DEMAND:TBUS,1.0,3407.0,active_valid_region,0.0,True,zero_shot_frozen,False,7347076.0,7.56200879878091e+18,e8f1a6efefb6e81c908ddbdd68b0d1040f1502af8387479e29a4cd0a692a41e6,0.0,demand_noise_offset_v2,0.1663492143652448,0.025378611639450422,6.5547011289876504,-2.7206563139608855e-07,-7.316910069428344,1.311610460281372,0.7616590674228768,True,21456.0,0.0
0,2024,data/raw/sow_call_dataset_labeled/feeding/288-1.wav,afb9ba311c29eb6543ac849e5b6bf4ec,feeding,feeding,63984,0.99975,DEMAND,TBUS,data/noise_sources/demand/audio/TBUS/ch01.wav,4c24b6789b7a96fa5500d0a785093324ffbbb01a772914cef9483762a2d8c34f,DEMAND:TBUS,1.0,3407.0,active_valid_region,0.0,True,zero_shot_frozen,False,247032.0,1.333974338950257e+18,12833a97f49dd8bdbd111eb7b29969daddd9217b1044bf0ca1468ce33152ae17,0.0,demand_noise_offset_v2,693.5544062944717,0.016307824261629716,42528.93550774392,3.924888959211044e-07,-0.0010091414304490875,6913.759765625,0.0001444944623281528,True,8.0,0.0
0,2024,data/raw/sow_call_dataset_labeled/calm_grunt/0-0.wav,375a9f28f51a47761e2685a85bf05fd5,calm_grunt,calm_grunt,64000,1.0,DEMAND,TBUS,data/noise_sources/demand/audio/TBUS/ch01.wav,4c24b6789b7a96fa5500d0a785093324ffbbb01a772914cef9483762a2d8c34f,DEMAND:TBUS,1.0,3407.0,active_valid_region,0.0,True,zero_shot_frozen,False,6953546.0,3.27310379325119e+17,048ad70e4af8da0ea926112bec4cbbccb297f209eb0d902ccde609a42124d9e8,0.0,demand_noise_offset_v2,895.5736098104353,0.02792884614068038,32066.258852920088,-2.3979918134079154e-07,-2.3979918134079154e-07,14951.265625,6.681708592813526e-05,True,0.0,0.0
0,2024,data/external/korea_raw/dry_cough/train_dry_11727.wav,fc93924539d8087a01f3402a5a8c7d0b,cough,dry_cough,12000,0.1875,DEMAND,TBUS,data/noise_sources/demand/audio/TBUS/ch01.wav,4c24b6789b7a96fa5500d0a785093324ffbbb01a772914cef9483762a2d8c34f,DEMAND:TBUS,1.0,3407.0,active_valid_region,0.0,True,zero_shot_frozen,False,9227114.0,8.84311907484582e+17,0c45b4fe9c4440ba36991f265637022c36fb297fb0e1108a294e6d95ad6a6e93,0.0,demand_noise_offset_v2,0.0506836254697083,0.06865129735063752,0.7382762952146547,-9.601828791986905e-08,-9.031665145495943,0.2524091899394989,1.0,False,26000.0,0.0
0,2024,data/external/korea_raw/dry_cough/train_dry_17197.wav,a81227276c0cb075353c856ae7e0af41,cough,dry_cough,11456,0.179,DEMAND,TBUS,data/noise_sources/demand/audio/TBUS/ch01.wav,4c24b6789b7a96fa5500d0a785093324ffbbb01a772914cef9483762a2d8c34f,DEMAND:TBUS,1.0,3407.0,active_valid_region,0.0,True,zero_shot_frozen,False,493390.0,8.357939184391628e+18,f3fd5d67ebfb225e8e1c3d74a8778dc1ee9d8f648ac56efaecfe74c4604cca7e,0.0,demand_noise_offset_v2,0.16823038367116366,0.05179354229848503,3.2480957317353525,-5.381113433658462e-08,-8.220602834388295,0.937329113483429,1.0,False,26272.0,0.0
0,2024,data/raw/sow_call_dataset_labeled/feeding/431-1.wav,91ae5382a6836df66540a8ba89013364,feeding,feeding,63754,0.99615625,DEMAND,TBUS,data/noise_sources/demand/audio/TBUS/ch01.wav,4c24b6789b7a96fa5500d0a785093324ffbbb01a772914cef9483762a2d8c34f,DEMAND:TBUS,1.0,3407.0,active_valid_region,0.0,True,zero_shot_frozen,False,9215170.0,8.584691434285846e+18,7722f36036f24a100ab1707975ebbdbbe19a46bf658dc289a43aee2d47dcf96f,0.0,demand_noise_offset_v2,756.5556176476762,0.08391403221331435,9015.841542740643,-2.463959258574475e-07,-0.0019243684362636757,11215.98046875,8.906934197892167e-05,True,123.0,0.0
0,2024,data/external/korea_raw/abdominal_cough/train_abdominal_01313.wav,a01b0c33cc7f711409675f20113a2224,cough,abdominal_cough,15040,0.235,DEMAND,TBUS,data/noise_sources/demand/audio/TBUS/ch01.wav,4c24b6789b7a96fa5500d0a785093324ffbbb01a772914cef9483762a2d8c34f,DEMAND:TBUS,1.0,3407.0,active_valid_region,0.0,True,zero_shot_frozen,False,8832894.0,8.94969046565632e+18,7c33b00f9f252faa7c98d9f9fc6d215f88ca983ecf93186d97d109844eada177,0.0,demand_noise_offset_v2,0.04692561887131154,0.040959890337324514,1.145648059232004,4.2776265642421704e-07,-8.57008957751057,0.2771207094192505,1.0,False,24480.0,0.0
0,2024,data/raw/sow_call_dataset_labeled/calm_grunt/193-0.wav,ca1ead94c16e1fb25c9557ecd7dcc551,calm_grunt,calm_grunt,64000,1.0,DEMAND,TBUS,data/noise_sources/demand/audio/TBUS/ch01.wav,4c24b6789b7a96fa5500d0a785093324ffbbb01a772914cef9483762a2d8c34f,DEMAND:TBUS,1.0,3407.0,active_valid_region,0.0,True,zero_shot_frozen,False,1628763.0,6.715717943237932e+18,5d3305e35269f4001d698d2bc10a468e976690943998e3d4989216fe9fcaf5c0,0.0,demand_noise_offset_v2,1062.7202043558248,0.010790245858048698,98488.97034752148,1.468618298303807e-07,1.468618298303807e-07,16539.302734375,6.040157895675346e-05,True,0.0,0.0
0,2024,data/external/korea_raw/abdominal_cough/train_abdominal_10313.wav,c13956b428478c5dd0c3458c16330570,cough,abdominal_cough,14016,0.219,DEMAND,TBUS,data/noise_sources/demand/audio/TBUS/ch01.wav,4c24b6789b7a96fa5500d0a785093324ffbbb01a772914cef9483762a2d8c34f,DEMAND:TBUS,1.0,3407.0,active_valid_region,0.0,True,zero_shot_frozen,False,2650443.0,5.10233451497821e+18,c6cf2235427dc16bff4d15484c2661d4ae36639dc21d2ba9db936443ccdc3b42,0.0,demand_noise_offset_v2,0.2093419926545001,0.12096113963768972,1.7306549300174765,-1.2089255206296042e-07,-5.954291458227413,1.3972071409225464,0.7149977771659407,True,24992.0,0.0
0,2024,data/raw/sow_call_dataset_labeled/feeding/312-1.wav,293a15b43b9611cb2e3eba6d3f5372cc,feeding,feeding,64000,1.0,DEMAND,TBUS,data/noise_sources/demand/audio/TBUS/ch01.wav,4c24b6789b7a96fa5500d0a785093324ffbbb01a772914cef9483762a2d8c34f,DEMAND:TBUS,1.0,3407.0,active_valid_region,0.0,True,zero_shot_frozen,False,6271304.0,6.594498884160746e+18,5b845dcbc61c7516530de05cf8e3744b10aeeadee9f5d4f510eededcff15bfae,0.0,demand_noise_offset_v2,888.6756050769391,0.26493766231463717,3354.2818990436976,-2.1668977309932257e-07,-2.1668977309932257e-07,10749.9658203125,9.29305280312937e-05,True,0.0,0.0
0,2024,data/external/korea_raw/abdominal_cough/train_abdominal_11302.wav,3500df8d4dde9d30a7e33288debf2b46,cough,abdominal_cough,14017,0.219015625,DEMAND,TBUS,data/noise_sources/demand/audio/TBUS/ch01.wav,4c24b6789b7a96fa5500d0a785093324ffbbb01a772914cef9483762a2d8c34f,DEMAND:TBUS,1.0,3407.0,active_valid_region,0.0,True,zero_shot_frozen,False,3608764.0,7.035864614407612e+18,61a46996d581a74f5d278e323a0cf3b41a4bbdfe7f7f8ba46cd34125e116edb7,0.0,demand_noise_offset_v2,0.05705357375906903,0.041103587016030174,1.388043669687963,1.6890592908235185e-07,-9.119457581467596,0.28848183155059814,1.0,False,24991.0,0.0
0,2024,data/raw/sow_call_dataset_labeled/frightened_stress/1063-2.wav,a7e2073c043365484b8a8e53a336da67,stress_vocal,frightened_stress,64000,1.0,DEMAND,TBUS,data/noise_sources/demand/audio/TBUS/ch01.wav,4c24b6789b7a96fa5500d0a785093324ffbbb01a772914cef9483762a2d8c34f,DEMAND:TBUS,1.0,3407.0,active_valid_region,0.0,True,zero_shot_frozen,False,6335101.0,9.951418232337092e+17,0dcf74373afad47880b126d730e7945841627ce5d7e82abbf5710d17c4d83376,0.0,demand_noise_offset_v2,170.68299385195073,0.25634778472767744,665.8258975526944,-3.933569983881612e-07,-3.933569983881612e-07,1825.401123046875,0.0005472769723799203,True,0.0,0.0
0,2024,data/raw/sow_call_dataset_labeled/anxious_stress/1422-3.wav,01f9891a3e4465b442eb23655620dc44,stress_vocal,anxious_stress,64000,1.0,DEMAND,TBUS,data/noise_sources/demand/audio/TBUS/ch01.wav,4c24b6789b7a96fa5500d0a785093324ffbbb01a772914cef9483762a2d8c34f,DEMAND:TBUS,1.0,3407.0,active_valid_region,0.0,True,zero_shot_frozen,False,2451719.0,9.169323528128728e+18,7f3ffb2aecbe8afa337d23e52d57f28938e570cec9f92f28fb78f86821849efd,0.0,demand_noise_offset_v2,354.3738632589609,0.09179971394347146,3860.293763847431,1.3893049884553332e-07,1.3893049884553332e-07,2486.220947265625,0.000401814650101276,True,0.0,0.0
0,2024,data/raw/sow_call_dataset_labeled/calm_grunt/182-0.wav,5ec24f69341475ee529256c8a2d68016,calm_grunt,calm_grunt,64000,1.0,DEMAND,TBUS,data/noise_sources/demand/audio/TBUS/ch01.wav,4c24b6789b7a96fa5500d0a785093324ffbbb01a772914cef9483762a2d8c34f,DEMAND:TBUS,1.0,3407.0,active_valid_region,0.0,True,zero_shot_frozen,False,549922.0,6.421890359029795e+18,591f2341c47a0929d538ee16268b65aa1068c25ff000f0e8a0e9b0319846af59,0.0,demand_noise_offset_v2,935.2707237111393,0.06382402837425245,14653.89677735292,1.7212110286874448e-07,1.7212110286874448e-07,16798.51953125,5.946952635567541e-05,True,0.0,0.0
0,2024,data/external/korea_raw/dry_cough/train_dry_09239.wav,2f9ff30122974c3c0529764de066c3c9,cough,dry_cough,19360,0.3025,DEMAND,TBUS,data/noise_sources/demand/audio/TBUS/ch01.wav,4c24b6789b7a96fa5500d0a785093324ffbbb01a772914cef9483762a2d8c34f,DEMAND:TBUS,1.0,3407.0,active_valid_region,0.0,True,zero_shot_frozen,False,3940671.0,5.738708094065529e+18,4fa3fc9b486f51cd16cc2458d79a322b9b56d92f46d9ab2146dd962b2d9b6dd9,0.0,demand_noise_offset_v2,0.09613606142838353,0.08620350140738287,1.1152222341185551,1.4768908777681137e-07,-8.325485310474756,0.7527146339416504,1.0,False,22320.0,0.0
0,2024,data/external/korea_raw/abdominal_cough/train_abdominal_17672.wav,f15a33f36baf2b8e736629781a6abc75,cough,abdominal_cough,13920,0.2175,DEMAND,TBUS,data/noise_sources/demand/audio/TBUS/ch01.wav,4c24b6789b7a96fa5500d0a785093324ffbbb01a772914cef9483762a2d8c34f,DEMAND:TBUS,1.0,3407.0,active_valid_region,0.0,True,zero_shot_frozen,False,5849523.0,7.924833115702952e+18,6dfaa9bb2dba00c1a8d32115e6060ad199dd231e618a87fe81f6406468e8ad86,0.0,demand_noise_offset_v2,0.06527721364023754,0.03815689278137856,1.7107581063858095,7.794174784791981e-08,-7.5405555761552545,0.4179553985595703,1.0,False,25040.0,0.0
0,2024,data/raw/sow_call_dataset_labeled/anxious_stress/1297-3.wav,15736b80e0e4f5e334117af31330abe5,stress_vocal,anxious_stress,63991,0.999859375,DEMAND,TBUS,data/noise_sources/demand/audio/TBUS/ch01.wav,4c24b6789b7a96fa5500d0a785093324ffbbb01a772914cef9483762a2d8c34f,DEMAND:TBUS,1.0,3407.0,active_valid_region,0.0,True,zero_shot_frozen,False,3301889.0,4.2189852133832074e+18,ba8cd8b2cc54e9141b58d54f9adf3b6795aa3359d53a5d74fb1e16f63a07b2ce,0.0,demand_noise_offset_v2,200.41826714700306,0.01667766799253975,12017.16374475461,-2.246667643585339e-07,-0.0007341666783531756,1650.619873046875,0.000605227173326072,True,4.0,0.0
0,2024,data/external/korea_raw/abdominal_cough/train_abdominal_00790.wav,be383be0d5e164640f96e7b8c086be90,cough,abdominal_cough,13184,0.206,DEMAND,TBUS,data/noise_sources/demand/audio/TBUS/ch01.wav,4c24b6789b7a96fa5500d0a785093324ffbbb01a772914cef9483762a2d8c34f,DEMAND:TBUS,1.0,3407.0,active_valid_region,0.0,True,zero_shot_frozen,False,8066532.0,1.5294893012927e+18,1539d66a7b4fd0e3e91b133a9d12c051e8e9142df5c1289075bb17d9a54adacd,0.0,demand_noise_offset_v2,0.0518932068304845,0.01208367555677622,4.294488592205217,3.243705847145817e-07,-7.059963405677002,0.29680684208869934,1.0,False,25408.0,0.0
0,2024,data/raw/sow_call_dataset_labeled/feeding/444-1.wav,6e8f71772e6578a1413f49c0b64622ef,feeding,feeding,64000,1.0,DEMAND,TBUS,data/noise_sources/demand/audio/TBUS/ch01.wav,4c24b6789b7a96fa5500d0a785093324ffbbb01a772914cef9483762a2d8c34f,DEMAND:TBUS,1.0,3407.0,active_valid_region,0.0,True,zero_shot_frozen,False,4508842.0,3.1549694887040143e+18,2bc8b408c36607570f20ec584970c4457aef12ac7f75f7062da9c73919eddbe8,0.0,demand_noise_offset_v2,1206.573424250525,0.01881825184554084,64117.1897450418,-2.2099782612551245e-07,-2.2099782612551245e-07,17315.759765625,5.7693108100471606e-05,True,0.0,0.0
0,2024,data/external/korea_raw/abdominal_cough/train_abdominal_08082.wav,d30dcaf230f9e2a911e1947f21cca67c,cough,abdominal_cough,16928,0.2645,DEMAND,TBUS,data/noise_sources/demand/audio/TBUS/ch01.wav,4c24b6789b7a96fa5500d0a785093324ffbbb01a772914cef9483762a2d8c34f,DEMAND:TBUS,1.0,3407.0,active_valid_region,0.0,True,zero_shot_frozen,False,1414744.0,8.251934602077155e+18,f284c2ccca902f9ba28303243de09689d0145ae8f1b4674f3b4651cf7e88a939,0.0,demand_noise_offset_v2,0.07929913907403835,0.02545679121719772,3.1150484912830105,2.301743864728282e-07,-5.634612111888247,0.5454754829406738,1.0,False,23536.0,0.0
0,2024,data/external/korea_raw/abdominal_cough/train_abdominal_02327.wav,f671afbd25fd76072e59a1ea9a30ef8f,cough,abdominal_cough,13536,0.2115,DEMAND,TBUS,data/noise_sources/demand/audio/TBUS/ch01.wav,4c24b6789b7a96fa5500d0a785093324ffbbb01a772914cef9483762a2d8c34f,DEMAND:TBUS,1.0,3407.0,active_valid_region,0.0,True,zero_shot_frozen,False,5646669.0,7.60627104468625e+18,e98ee73723dd00738452cd2ca4d4266cab52c6e3d1d9f4247949f3aec1912080,0.0,demand_noise_offset_v2,0.031630398778738876,0.06198583010925723,0.5102843460027335,-3.040792551515412e-07,-4.764007994472335,0.17287015914916992,1.0,False,25232.0,0.0
0,2024,data/raw/sow_call_dataset_labeled/calm_grunt/66-0.wav,9a1f2c7d433b216204177eeaf261b0b5,calm_grunt,calm_grunt,64000,1.0,DEMAND,TBUS,data/noise_sources/demand/audio/TBUS/ch01.wav,4c24b6789b7a96fa5500d0a785093324ffbbb01a772914cef9483762a2d8c34f,DEMAND:TBUS,1.0,3407.0,active_valid_region,0.0,True,zero_shot_frozen,False,34906.0,7.981494712344986e+17,8b1398b71e991fd4da87aba4e1205aedc1500b05ae62b04bc71e106421b36c33,0.0,demand_noise_offset_v2,922.061769499096,0.011737499352531553,78556.91760274518,3.9388445513828765e-07,3.9388445513828765e-07,16675.59765625,5.9907897791331974e-05,True,0.0,0.0
0,2024,data/raw/sow_call_dataset_labeled/calm_grunt/46-0.wav,937e8cf48f631aa7ec7153f60ad2f192,calm_grunt,calm_grunt,64000,1.0,DEMAND,TBUS,data/noise_sources/demand/audio/TBUS/ch01.wav,4c24b6789b7a96fa5500d0a785093324ffbbb01a772914cef9483762a2d8c34f,DEMAND:TBUS,1.0,3407.0,active_valid_region,0.0,True,zero_shot_frozen,False,1371739.0,6.239113487321894e+18,d695c8a9152b8d9b859e40b63ca2c036fd1f977b08f23b99585f3e0a469d03c9,0.0,demand_noise_offset_v2,807.7225364948797,0.04346414116526318,18583.653440285085,-3.8985972677420154e-07,-3.8985972677420154e-07,14057.5654296875,7.106493688375512e-05,True,0.0,0.0
0,2024,data/raw/sow_call_dataset_labeled/feeding/492-1.wav,b998236fc8e1bd90177833e700992ddb,feeding,feeding,63988,0.9998125,DEMAND,TBUS,data/noise_sources/demand/audio/TBUS/ch01.wav,4c24b6789b7a96fa5500d0a785093324ffbbb01a772914cef9483762a2d8c34f,DEMAND:TBUS,1.0,3407.0,active_valid_region,0.0,True,zero_shot_frozen,False,6644294.0,7.95907351560185e+18,6e744f3186aaef628beb7d4bea07bc5e8db946bee3f98d12f97461b58f4f9a74,0.0,demand_noise_offset_v2,253.67080108739273,0.08534016730235756,2972.4666485436446,2.747885865412244e-07,-0.0007157042717733541,2625.603759765625,0.0003804839158552911,True,6.0,0.0
0,2024,data/raw/sow_call_dataset_labeled/calm_grunt/13-0.wav,1e6abaca4ee7e6ae5e9ddcd4c3bc70ee,calm_grunt,calm_grunt,64000,1.0,DEMAND,TBUS,data/noise_sources/demand/audio/TBUS/ch01.wav,4c24b6789b7a96fa5500d0a785093324ffbbb01a772914cef9483762a2d8c34f,DEMAND:TBUS,1.0,3407.0,active_valid_region,0.0,True,zero_shot_frozen,False,8625301.0,3.5968134044749537e+18,b1ea72bc1117d0ee38aa0d62f5903990b0e698a6d5636ced62687fb3c096c0d8,0.0,demand_noise_offset_v2,1594.4521304256807,0.016277380258086453,97955.08276791479,-2.8047082847418573e-07,-2.8047082847418573e-07,20363.3515625,4.905872183829022e-05,True,0.0,0.0
0,2024,data/raw/sow_call_dataset_labeled/frightened_stress/1096-2.wav,9ea43ffa0a9fefd061e5e02543126bec,stress_vocal,frightened_stress,63990,0.99984375,DEMAND,TBUS,data/noise_sources/demand/audio/TBUS/ch01.wav,4c24b6789b7a96fa5500d0a785093324ffbbb01a772914cef9483762a2d8c34f,DEMAND:TBUS,1.0,3407.0,active_valid_region,0.0,True,zero_shot_frozen,False,1916529.0,4.389008195815701e+16,009bedcc08475ad390764b137abbbd8606fb867852e62a7826afcfd9013099ea,0.0,demand_noise_offset_v2,236.52666961097475,0.0182114915598871,12987.770322555672,-1.207307870925236e-07,-0.0007299199314437919,2703.71484375,0.0003694916282718655,True,5.0,0.0
0,2024,data/raw/sow_call_dataset_labeled/feeding/355-1.wav,92852d0b9cb15d83bc32ce24b43cd421,feeding,feeding,64000,1.0,DEMAND,TBUS,data/noise_sources/demand/audio/TBUS/ch01.wav,4c24b6789b7a96fa5500d0a785093324ffbbb01a772914cef9483762a2d8c34f,DEMAND:TBUS,1.0,3407.0,active_valid_region,0.0,True,zero_shot_frozen,False,4053430.0,6.831155000638435e+18,5ecd2347b2aff147c664b5f572ddc5dbe89fe31e45bfa0e8bc5e188190d1c17c,0.0,demand_noise_offset_v2,726.071745247488,0.10328874529587029,7029.5339842463745,-2.406852295497545e-07,-2.406852295497545e-07,7392.474609375,0.0001351374272876212,True,0.0,0.0
0,2024,data/external/korea_raw/dry_cough/train_dry_14835.wav,2a6f1b93023cf43370fb4ddc4a25c557,cough,dry_cough,18272,0.2855,DEMAND,TBUS,data/noise_sources/demand/audio/TBUS/ch01.wav,4c24b6789b7a96fa5500d0a785093324ffbbb01a772914cef9483762a2d8c34f,DEMAND:TBUS,1.0,3407.0,active_valid_region,0.0,True,zero_shot_frozen,False,3016547.0,2.2353328291399117e+18,9f057f5d63a743ef914060aa72668e3de806d4a8ad5845e0618675adfa6d08b6,0.0,demand_noise_offset_v2,0.06389787947538701,0.039717737169800635,1.6087995950577905,9.899863247146824e-08,-4.608066067993736,0.40320873260498047,1.0,False,22864.0,0.0
0,2024,data/raw/sow_call_dataset_labeled/feeding/480-1.wav,314c5b727c3e60e13838edeb09727eb6,feeding,feeding,64000,1.0,DEMAND,TBUS,data/noise_sources/demand/audio/TBUS/ch01.wav,4c24b6789b7a96fa5500d0a785093324ffbbb01a772914cef9483762a2d8c34f,DEMAND:TBUS,1.0,3407.0,active_valid_region,0.0,True,zero_shot_frozen,False,378614.0,4.89026885970923e+18,c3ddb99e3f1f8c6e549da7189d8118b6d79be3d4b691d63237eb34abf63db0ff,0.0,demand_noise_offset_v2,388.98274525887217,0.03963424975236137,9814.308273507737,-2.8124727700986447e-07,-2.8124727700986447e-07,4564.841796875,0.00021884657660729788,True,0.0,0.0
0,2024,data/raw/sow_call_dataset_labeled/feeding/475-1.wav,fff1ba8bfd4f7a2c0c937a21d2533e26,feeding,feeding,64000,1.0,DEMAND,TBUS,data/noise_sources/demand/audio/TBUS/ch01.wav,4c24b6789b7a96fa5500d0a785093324ffbbb01a772914cef9483762a2d8c34f,DEMAND:TBUS,1.0,3407.0,active_valid_region,0.0,True,zero_shot_frozen,False,6391126.0,2.0795832893393183e+18,9cdc29fbc9e8903b9a378a9aa0cc08293ab9f3a776eb3f5749e0c4b642a5e602,0.0,demand_noise_offset_v2,268.59140350268495,0.2121242500497972,1266.1984824442834,-3.658660440896335e-08,-3.658660440896335e-08,2514.452392578125,0.000397303207230622,True,0.0,0.0
0,2024,data/raw/sow_call_dataset_labeled/feeding/343-1.wav,04444d7ef6c62b6da94486d0aced7cd9,feeding,feeding,64000,1.0,DEMAND,TBUS,data/noise_sources/demand/audio/TBUS/ch01.wav,4c24b6789b7a96fa5500d0a785093324ffbbb01a772914cef9483762a2d8c34f,DEMAND:TBUS,1.0,3407.0,active_valid_region,0.0,True,zero_shot_frozen,False,4922811.0,4.3881099696533217e+18,3ce5b2c4a8894ff524a8dbf3a40b1bd75ad0d7a2530b0e8fb286db632c885c4c,0.0,demand_noise_offset_v2,908.7684383478191,0.021470738493923523,42325.90502674193,-2.5912143062960754e-07,-2.5912143062960754e-07,11473.57421875,8.706964202728076e-05,True,0.0,0.0
0,2024,data/raw/sow_call_dataset_labeled/feeding/389-1.wav,43ae73622c7a2432d7d3632134dda63a,feeding,feeding,63990,0.99984375,DEMAND,TBUS,data/noise_sources/demand/audio/TBUS/ch01.wav,4c24b6789b7a96fa5500d0a785093324ffbbb01a772914cef9483762a2d8c34f,DEMAND:TBUS,1.0,3407.0,active_valid_region,0.0,True,zero_shot_frozen,False,3154954.0,6.027090384181329e+18,53a486c5824cfd9b705207f562730da4614205d9a8f39e4b27667c17913293d1,0.0,demand_noise_offset_v2,1134.1709979160391,0.013766871855937024,82384.07459476155,-3.7803311584021325e-07,-0.0009094616249511477,14759.833984375,6.768368811312903e-05,True,5.0,0.0
0,2024,data/raw/sow_call_dataset_labeled/feeding/427-1.wav,fb79ad436b991a7f85596c6e029a1a41,feeding,feeding,63986,0.99978125,DEMAND,TBUS,data/noise_sources/demand/audio/TBUS/ch01.wav,4c24b6789b7a96fa5500d0a785093324ffbbb01a772914cef9483762a2d8c34f,DEMAND:TBUS,1.0,3407.0,active_valid_region,0.0,True,zero_shot_frozen,False,2951807.0,6.811678235617653e+18,5e87f143f63fefd1d54c1f287c4b7d99b49f6d84d0f904363214ee137dc0a861,0.0,demand_noise_offset_v2,645.1817983714217,0.07600312054740836,8488.885636859837,-1.0772967965840803e-07,-0.0005836501934591722,4679.12060546875,0.00021350165645066144,True,7.0,0.0
0,2024,data/raw/sow_call_dataset_labeled/anxious_stress/1334-3.wav,11d045bea6c3d64015b13638a7d53109,stress_vocal,anxious_stress,63997,0.999953125,DEMAND,TBUS,data/noise_sources/demand/audio/TBUS/ch01.wav,4c24b6789b7a96fa5500d0a785093324ffbbb01a772914cef9483762a2d8c34f,DEMAND:TBUS,1.0,3407.0,active_valid_region,0.0,True,zero_shot_frozen,False,4864407.0,2.3273249441448873e+18,a04c51b4bca96eae681ac44172c40beff8863aedc9874789d27921a815b35dca,0.0,demand_noise_offset_v2,3811.8301009912243,0.02431710109634655,156755.12002390454,-2.782054688900035e-07,-0.00019446861303742174,27714.91015625,3.604557959480576e-05,True,1.0,0.0
0,2024,data/raw/sow_call_dataset_labeled/anxious_stress/1383-3.wav,b3b31954241bce03f5720874592aee72,stress_vocal,anxious_stress,63992,0.999875,DEMAND,TBUS,data/noise_sources/demand/audio/TBUS/ch01.wav,4c24b6789b7a96fa5500d0a785093324ffbbb01a772914cef9483762a2d8c34f,DEMAND:TBUS,1.0,3407.0,active_valid_region,0.0,True,zero_shot_frozen,False,6839505.0,6.43319442554079e+18,59474c3ed961c72f91ab7a4c2da538c78e44b9a449cba80d3e3398259f74a086,0.0,demand_noise_offset_v2,1199.8548664566226,0.10634834142675849,11282.30915837043,-3.1705664428032117e-07,-4.2756877168351885e-05,8064.599609375,0.00012387471770311753,True,4.0,0.0
0,2024,data/raw/sow_call_dataset_labeled/frightened_stress/571-2.wav,08169455610f31ed96247239437ecadf,stress_vocal,frightened_stress,64000,1.0,DEMAND,TBUS,data/noise_sources/demand/audio/TBUS/ch01.wav,4c24b6789b7a96fa5500d0a785093324ffbbb01a772914cef9483762a2d8c34f,DEMAND:TBUS,1.0,3407.0,active_valid_region,0.0,True,zero_shot_frozen,False,1221377.0,3.595791195597826e+18,b1e6d10a8415e7a22e9f5c791502a4f4c812fed81d79e000fb46186f3892cc59,0.0,demand_noise_offset_v2,82.93683624858953,0.10489391163577494,790.6735000652147,-2.5307663630272737e-07,-2.5307663630272737e-07,865.01708984375,0.001154890477574786,True,0.0,0.0
0,2024,data/external/korea_raw/abdominal_cough/train_abdominal_06751.wav,1d8dba5e198d447b4483b7ae2ad71b2f,cough,abdominal_cough,10976,0.1715,DEMAND,TBUS,data/noise_sources/demand/audio/TBUS/ch01.wav,4c24b6789b7a96fa5500d0a785093324ffbbb01a772914cef9483762a2d8c34f,DEMAND:TBUS,1.0,3407.0,active_valid_region,0.0,True,zero_shot_frozen,False,3954962.0,4.0994135300656947e+18,b8e40ae2cefeefe0ad35907473839a840dd79030e62907f4c97941b928d9a28f,0.0,demand_noise_offset_v2,0.0590139803387406,0.1279542886633543,0.46121142913783414,-2.542273933746848e-07,-7.056340886182011,0.316916823387146,1.0,False,26512.0,0.0
0,2024,data/raw/sow_call_dataset_labeled/calm_grunt/133-0.wav,4d295214452277e46a9aa9d386bf4466,calm_grunt,calm_grunt,64000,1.0,DEMAND,TBUS,data/noise_sources/demand/audio/TBUS/ch01.wav,4c24b6789b7a96fa5500d0a785093324ffbbb01a772914cef9483762a2d8c34f,DEMAND:TBUS,1.0,3407.0,active_valid_region,0.0,True,zero_shot_frozen,False,6263689.0,3.807405439836777e+18,34d69f13355c69f48d4641e6ea35c2f821b31f763e71898fd37c22bea83109c3,0.0,demand_noise_offset_v2,1228.2898693684476,0.24959742803589474,4921.083839020194,-2.587891783413933e-07,-2.587891783413933e-07,15865.0029296875,6.296878761557706e-05,True,0.0,0.0
0,2024,data/raw/sow_call_dataset_labeled/calm_grunt/134-0.wav,f5e6656b16432a15c846dda524aab2f7,calm_grunt,calm_grunt,64000,1.0,DEMAND,TBUS,data/noise_sources/demand/audio/TBUS/ch01.wav,4c24b6789b7a96fa5500d0a785093324ffbbb01a772914cef9483762a2d8c34f,DEMAND:TBUS,1.0,3407.0,active_valid_region,0.0,True,zero_shot_frozen,False,3224645.0,2.932903670505554e+18,28b3c45960ec40c083ce2bed91508c9e599a0de827f4cd2381004d54b99d6b46,0.0,demand_noise_offset_v2,1263.1512551834044,0.01386219080835777,91122.05081045539,-3.700587454823183e-07,-3.700587454823183e-07,16779.6171875,5.9536519149209584e-05,True,0.0,0.0
0,2024,data/raw/sow_call_dataset_labeled/anxious_stress/1682-3.wav,22f617734eec4c14399d7edd05952a94,stress_vocal,anxious_stress,64000,1.0,DEMAND,TBUS,data/noise_sources/demand/audio/TBUS/ch01.wav,4c24b6789b7a96fa5500d0a785093324ffbbb01a772914cef9483762a2d8c34f,DEMAND:TBUS,1.0,3407.0,active_valid_region,0.0,True,zero_shot_frozen,False,9002220.0,6.216257573656837e+18,56449553fe25ba7f898359a5e3bb67e108390766b37fa65e4ffbba111f155ed5,0.0,demand_noise_offset_v2,3713.545213927236,0.09580831225460774,38760.15688553828,1.3949955040308075e-07,1.3949955040308075e-07,26406.5546875,3.783151614522791e-05,True,0.0,0.0
0,2024,data/raw/sow_call_dataset_labeled/anxious_stress/1376-3.wav,7955ec6fe3a43547095c229605227135,stress_vocal,anxious_stress,64000,1.0,DEMAND,TBUS,data/noise_sources/demand/audio/TBUS/ch01.wav,4c24b6789b7a96fa5500d0a785093324ffbbb01a772914cef9483762a2d8c34f,DEMAND:TBUS,1.0,3407.0,active_valid_region,0.0,True,zero_shot_frozen,False,2557487.0,2.1327524894661468e+18,9d990f16e075b00ce2407eec1376fe9861ab441f6add13ec5e3599ebc50db01b,0.0,demand_noise_offset_v2,430.83975926257386,0.07069387864014737,6094.442228239802,-2.233578112941902e-07,-2.233578112941902e-07,3434.45263671875,0.00029087604508485433,True,0.0,0.0
0,2024,data/raw/sow_call_dataset_labeled/anxious_stress/1494-3.wav,c96e034455453c8a80062c77d5b0ffd8,stress_vocal,anxious_stress,64000,1.0,DEMAND,TBUS,data/noise_sources/demand/audio/TBUS/ch01.wav,4c24b6789b7a96fa5500d0a785093324ffbbb01a772914cef9483762a2d8c34f,DEMAND:TBUS,1.0,3407.0,active_valid_region,0.0,True,zero_shot_frozen,False,5470622.0,8.604220992980748e+18,f7685567ef93885ab531e9014bb507138fbb9fc03bda66a56a292639f6d784bc,0.0,demand_noise_offset_v2,3764.493110548208,0.10403517007076565,36184.812385922625,-2.958820030256163e-08,-2.958820030256163e-08,23771.3359375,4.20254041517308e-05,True,0.0,0.0
0,2024,data/raw/sow_call_dataset_labeled/calm_grunt/163-0.wav,5695337a3756b87cd039848c7ee34d5d,calm_grunt,calm_grunt,64000,1.0,DEMAND,TBUS,data/noise_sources/demand/audio/TBUS/ch01.wav,4c24b6789b7a96fa5500d0a785093324ffbbb01a772914cef9483762a2d8c34f,DEMAND:TBUS,1.0,3407.0,active_valid_region,0.0,True,zero_shot_frozen,False,2733847.0,6.934899003702504e+18,603db5e6b4e5eb10344d2d4b6d7839cd31d9fb67319f8c71270b1ccfbfe45cf9,0.0,demand_noise_offset_v2,1012.4039790838016,0.09339986963665577,10839.458160083694,1.2038217332546832e-07,1.2038217332546832e-07,16949.037109375,5.894140142317727e-05,True,0.0,0.0
0,2024,data/raw/sow_call_dataset_labeled/calm_grunt/200-0.wav,9f56e233d86a50f8c07037764ffc404c,calm_grunt,calm_grunt,64000,1.0,DEMAND,TBUS,data/noise_sources/demand/audio/TBUS/ch01.wav,4c24b6789b7a96fa5500d0a785093324ffbbb01a772914cef9483762a2d8c34f,DEMAND:TBUS,1.0,3407.0,active_valid_region,0.0,True,zero_shot_frozen,False,8878933.0,8.426016665959916e+18,f4ef3983c60fdfb787fccd69f8d2dc10cac4cf50118838232fb25b85ccf9c032,0.0,demand_noise_offset_v2,1501.611902094328,0.059735066352881845,25137.862796094214,-1.7240699466324045e-07,-1.7240699466324045e-07,17199.970703125,5.808149427943475e-05,True,0.0,0.0
0,2024,data/raw/sow_call_dataset_labeled/calm_grunt/181-0.wav,66d65c98af61f5b9edb344b18a179881,calm_grunt,calm_grunt,64000,1.0,DEMAND,TBUS,data/noise_sources/demand/audio/TBUS/ch01.wav,4c24b6789b7a96fa5500d0a785093324ffbbb01a772914cef9483762a2d8c34f,DEMAND:TBUS,1.0,3407.0,active_valid_region,0.0,True,zero_shot_frozen,False,5836515.0,3.8004813511106324e+18,b4be05a72c7224e8b62212967fe1a0d498419e6132f23567be42e8f11495c431,0.0,demand_noise_offset_v2,1080.7881855900323,0.034351361193783084,31462.74697800428,2.4517744678926686e-07,2.4517744678926686e-07,16071.087890625,6.216131769043229e-05,True,0.0,0.0
0,2024,data/raw/sow_call_dataset_labeled/feeding/489-1.wav,cc82b9acc5ec838472efea0356add029,feeding,feeding,63988,0.9998125,DEMAND,TBUS,data/noise_sources/demand/audio/TBUS/ch01.wav,4c24b6789b7a96fa5500d0a785093324ffbbb01a772914cef9483762a2d8c34f,DEMAND:TBUS,1.0,3407.0,active_valid_region,0.0,True,zero_shot_frozen,False,1176383.0,1.913853321227652e+18,9a8f5f74a3f9cc46e7fe1ac22817c50712fabe3127a95b4ff85390499552731a,0.0,demand_noise_offset_v2,111.61931926581481,0.11279979258888394,989.5347917227867,2.2843982254964858e-08,-2.1855933251639318e-05,1290.101318359375,0.000774357785534574,True,6.0,0.0
0,2024,data/external/korea_raw/dry_cough/train_dry_17231.wav,414bbf0cced84b1b83253974ff72e055,cough,dry_cough,20064,0.3135,DEMAND,TBUS,data/noise_sources/demand/audio/TBUS/ch01.wav,4c24b6789b7a96fa5500d0a785093324ffbbb01a772914cef9483762a2d8c34f,DEMAND:TBUS,1.0,3407.0,active_valid_region,0.0,True,zero_shot_frozen,False,28176.0,8.213961646233669e+18,71fdda990a70cd64568943b35972f239a6575a0114ffcbd6e7061b267186f419,0.0,demand_noise_offset_v2,0.15677584411372072,0.01251029532212223,12.53174606010224,9.510847186924699e-08,-4.005036360092177,1.718031406402588,0.5814794748670057,True,21968.0,0.0
0,2024,data/raw/sow_call_dataset_labeled/feeding/406-1.wav,bf2cba2c96bb0cc4a444e2aed3985121,feeding,feeding,64000,1.0,DEMAND,TBUS,data/noise_sources/demand/audio/TBUS/ch01.wav,4c24b6789b7a96fa5500d0a785093324ffbbb01a772914cef9483762a2d8c34f,DEMAND:TBUS,1.0,3407.0,active_valid_region,0.0,True,zero_shot_frozen,False,1594546.0,8.607173040030374e+18,f772d246f35456471092766a6e322a631db77d718854e88d1ff693e2aa1ea1fd,0.0,demand_noise_offset_v2,527.5342874146062,0.010003567123391323,52734.6176526445,7.677377757469179e-08,7.677377757469179e-08,4618.1279296875,0.00021632142184237855,True,0.0,0.0
0,2024,data/raw/sow_call_dataset_labeled/calm_grunt/255-0.wav,7fe4de8d725fb04b3437a3a1c91ff7ab,calm_grunt,calm_grunt,64000,1.0,DEMAND,TBUS,data/noise_sources/demand/audio/TBUS/ch01.wav,4c24b6789b7a96fa5500d0a785093324ffbbb01a772914cef9483762a2d8c34f,DEMAND:TBUS,1.0,3407.0,active_valid_region,0.0,True,zero_shot_frozen,False,668502.0,6.431738495714022e+18,d9422015c53d52f161acf7637da56cd08a9c03b61a6482c42dd65b0020174858,0.0,demand_noise_offset_v2,1961.689035486129,0.10167136779474639,19294.409803223814,-1.6053950811192555e-07,-1.6053950811192555e-07,16807.26953125,5.943856604087563e-05,True,0.0,0.0
0,2024,data/raw/sow_call_dataset_labeled/anxious_stress/1359-3.wav,18b5dc855acc6b3ee7d7d2daae3afaa4,stress_vocal,anxious_stress,64000,1.0,DEMAND,TBUS,data/noise_sources/demand/audio/TBUS/ch01.wav,4c24b6789b7a96fa5500d0a785093324ffbbb01a772914cef9483762a2d8c34f,DEMAND:TBUS,1.0,3407.0,active_valid_region,0.0,True,zero_shot_frozen,False,7062242.0,3.364161412817849e+18,2eafe6fb1a158aa0aaf31e23e01cb91233450e453918088f1e014cca387179ae,0.0,demand_noise_offset_v2,665.4457462232906,0.029292847926553706,22717.00409232214,6.787912003878373e-08,6.787912003878373e-08,7072.84423828125,0.00014124445079576132,True,0.0,0.0
0,2024,data/raw/sow_call_dataset_labeled/feeding/298-1.wav,a386793de4da5cae07e7e1b426e07f80,feeding,feeding,63997,0.999953125,DEMAND,TBUS,data/noise_sources/demand/audio/TBUS/ch01.wav,4c24b6789b7a96fa5500d0a785093324ffbbb01a772914cef9483762a2d8c34f,DEMAND:TBUS,1.0,3407.0,active_valid_region,0.0,True,zero_shot_frozen,False,1005400.0,8.453506016364545e+18,7550e2eeec0942d2c06db74b79172e07d25fe521efa9e1afef8263d39cb2a04b,0.0,demand_noise_offset_v2,222.9550765863742,0.08860696097771416,2516.2252956903735,-1.5614416515620742e-07,-0.00014065547707126344,3111.2294921875,0.0003210949248548055,True,1.0,0.0
0,2024,data/raw/sow_call_dataset_labeled/frightened_stress/1038-2.wav,eea3389ab552c4f66b61093bf5aacc49,stress_vocal,frightened_stress,64000,1.0,DEMAND,TBUS,data/noise_sources/demand/audio/TBUS/ch01.wav,4c24b6789b7a96fa5500d0a785093324ffbbb01a772914cef9483762a2d8c34f,DEMAND:TBUS,1.0,3407.0,active_valid_region,0.0,True,zero_shot_frozen,False,9414791.0,2.713558435507854e+18,a5a87f0521b5d9f5a715afb5658be51c72698c6579146d5e4c1ea644138f7b55,0.0,demand_noise_offset_v2,352.08993383815,0.08822457468868687,3990.8374178118747,3.5804134486841005e-08,3.5804134486841005e-08,6698.34375,0.0001491413455751655,True,0.0,0.0
0,2024,data/raw/sow_call_dataset_labeled/calm_grunt/148-0.wav,00e146b24fd459e3f6e2e9469eebe4c4,calm_grunt,calm_grunt,64000,1.0,DEMAND,TBUS,data/noise_sources/demand/audio/TBUS/ch01.wav,4c24b6789b7a96fa5500d0a785093324ffbbb01a772914cef9483762a2d8c34f,DEMAND:TBUS,1.0,3407.0,active_valid_region,0.0,True,zero_shot_frozen,False,2503329.0,2.698546510338973e+18,257329c0ee9fde00b6e7a24e3b7a802792e759142c91103ab9d49a98308ec884,0.0,demand_noise_offset_v2,997.9479044483013,0.08651116016273255,11535.481694744389,1.9110394651058323e-07,1.9110394651058323e-07,11676.892578125,8.555358314004572e-05,True,0.0,0.0
0,2024,data/raw/sow_call_dataset_labeled/calm_grunt/31-0.wav,ad1b03b3649c921981340ffcfafbe1d5,calm_grunt,calm_grunt,64000,1.0,DEMAND,TBUS,data/noise_sources/demand/audio/TBUS/ch01.wav,4c24b6789b7a96fa5500d0a785093324ffbbb01a772914cef9483762a2d8c34f,DEMAND:TBUS,1.0,3407.0,active_valid_region,0.0,True,zero_shot_frozen,False,7251642.0,3.832850059325271e+18,353104d2576aeb83348149e47551e0abf102ca1707d11878ece5106bf49c36ff,0.0,demand_noise_offset_v2,888.4460887560168,0.0190480433625697,46642.38062907055,3.2748545103279393e-07,3.2748545103279393e-07,21227.12890625,4.7062417362805006e-05,True,0.0,0.0
0,2024,data/raw/sow_call_dataset_labeled/feeding/469-1.wav,96f4365be7925a63b199ce1f0e094270,feeding,feeding,64000,1.0,DEMAND,TBUS,data/noise_sources/demand/audio/TBUS/ch01.wav,4c24b6789b7a96fa5500d0a785093324ffbbb01a772914cef9483762a2d8c34f,DEMAND:TBUS,1.0,3407.0,active_valid_region,0.0,True,zero_shot_frozen,False,8416017.0,8.868973807473567e+18,fb14ecb024b4a4c1ed4f03df784b1d8e0fca08a5891ccf08ba35a511c2c6e8bc,0.0,demand_noise_offset_v2,780.9235916986895,0.01924273029936187,40582.785267462095,1.9386706288761558e-08,1.9386706288761558e-08,10705.529296875,9.331626417496361e-05,True,0.0,0.0
0,2024,data/external/korea_raw/abdominal_cough/train_abdominal_02305.wav,802c3c06a9ed989a83e4990344122a04,cough,abdominal_cough,15457,0.241515625,DEMAND,TBUS,data/noise_sources/demand/audio/TBUS/ch01.wav,4c24b6789b7a96fa5500d0a785093324ffbbb01a772914cef9483762a2d8c34f,DEMAND:TBUS,1.0,3407.0,active_valid_region,0.0,True,zero_shot_frozen,False,4409525.0,7.778211989514014e+18,ebf1c297feaacc2250b67dfde55fdbf7ff1bca42e1074ff78a0fb7615e7b48da,0.0,demand_noise_offset_v2,0.0532670213899115,0.01938054860202335,2.748478512334288,3.1752747618291006e-07,-6.064073261707094,0.3581937849521637,1.0,False,24271.0,0.0
0,2024,data/raw/sow_call_dataset_labeled/feeding/486-1.wav,faa7678cb4332273bf2df704079aa496,feeding,feeding,63997,0.999953125,DEMAND,TBUS,data/noise_sources/demand/audio/TBUS/ch01.wav,4c24b6789b7a96fa5500d0a785093324ffbbb01a772914cef9483762a2d8c34f,DEMAND:TBUS,1.0,3407.0,active_valid_region,0.0,True,zero_shot_frozen,False,6040667.0,6.633978553826895e+17,0934dcd5aad756c0b00d64eb18c9cc1613533ff26be7d903ce433b031afecf24,0.0,demand_noise_offset_v2,317.2547916993655,0.14926564200287726,2125.4374914573445,-3.1149820635428414e-08,-0.00028794371910766196,4193.16064453125,0.00023824510546785344,True,1.0,0.0
0,2024,data/raw/sow_call_dataset_labeled/feeding/399-1.wav,48cf353f7ec7b595326862ac160f0ad7,feeding,feeding,63998,0.99996875,DEMAND,TBUS,data/noise_sources/demand/audio/TBUS/ch01.wav,4c24b6789b7a96fa5500d0a785093324ffbbb01a772914cef9483762a2d8c34f,DEMAND:TBUS,1.0,3407.0,active_valid_region,0.0,True,zero_shot_frozen,False,8907842.0,6.688239288354736e+18,dcd166326b32077ada3f3aa73313de7fd92de612e37801bed3acfeaf6727ef29,0.0,demand_noise_offset_v2,858.440139263654,0.06559153761430286,13087.666038743128,1.5338910897516617e-08,-7.60332767241365e-05,8606.103515625,0.00011608040714200609,True,1.0,0.0
0,2024,data/raw/sow_call_dataset_labeled/feeding/324-1.wav,247d290a4193c3f911ea011db4d5a19f,feeding,feeding,64000,1.0,DEMAND,TBUS,data/noise_sources/demand/audio/TBUS/ch01.wav,4c24b6789b7a96fa5500d0a785093324ffbbb01a772914cef9483762a2d8c34f,DEMAND:TBUS,1.0,3407.0,active_valid_region,0.0,True,zero_shot_frozen,False,3724029.0,4.246493521448934e+18,3aee935bdef619b62725de4931bef6c2cec089745c4dd7c302420d25af5a28e8,0.0,demand_noise_offset_v2,1023.1476817421454,0.10037072338189502,10193.686438317549,-6.914946483107779e-08,-6.914946483107779e-08,13693.3984375,7.29548624879119e-05,True,0.0,0.0
0,2024,data/external/korea_raw/abdominal_cough/train_abdominal_13649.wav,758a24dd5518a227c1e5ba1f0ff3dcb4,cough,abdominal_cough,19137,0.299015625,DEMAND,TBUS,data/noise_sources/demand/audio/TBUS/ch01.wav,4c24b6789b7a96fa5500d0a785093324ffbbb01a772914cef9483762a2d8c34f,DEMAND:TBUS,1.0,3407.0,active_valid_region,0.0,True,zero_shot_frozen,False,9186219.0,8.620371892662649e+18,77a1b6904deb3f78b2631f4d2bb08ae169eda7a82b9a6a162a31d50d1d7ab4eb,0.0,demand_noise_offset_v2,0.07282239663273285,0.07034888611868503,1.0351606208785562,-3.3554175910625147e-07,-6.723883957948777,0.43939122557640076,1.0,False,22431.0,0.0
0,2024,data/raw/sow_call_dataset_labeled/frightened_stress/809-2.wav,60adaca724f5caf2590a8cfb28d41e6d,stress_vocal,frightened_stress,64000,1.0,DEMAND,TBUS,data/noise_sources/demand/audio/TBUS/ch01.wav,4c24b6789b7a96fa5500d0a785093324ffbbb01a772914cef9483762a2d8c34f,DEMAND:TBUS,1.0,3407.0,active_valid_region,0.0,True,zero_shot_frozen,False,645430.0,2.678393514111987e+18,252b90b5d95aee32195718abfc9f734b093a36af6572273fbd0bc2ff8f422b6a,0.0,demand_noise_offset_v2,94.84308904056803,0.12376883814592948,766.2921496341705,-2.90326796493914e-07,-2.90326796493914e-07,793.9472045898438,0.0012582700640857943,True,0.0,0.0
0,2024,data/raw/sow_call_dataset_labeled/feeding/471-1.wav,52da60c3cf75c529daf2db0df0c762b2,feeding,feeding,63985,0.999765625,DEMAND,TBUS,data/noise_sources/demand/audio/TBUS/ch01.wav,4c24b6789b7a96fa5500d0a785093324ffbbb01a772914cef9483762a2d8c34f,DEMAND:TBUS,1.0,3407.0,active_valid_region,0.0,True,zero_shot_frozen,False,5371707.0,7.795318765605589e+16,0114f202db593c49943818b6c887d0d539f23801417715648b81b6e86b91b676,0.0,demand_noise_offset_v2,570.4386214492046,0.11617140126488522,4910.318849890892,6.827720044133973e-09,-0.002816872246343546,5664.453125,0.0001763630094476243,True,7.0,0.0
0,2024,data/external/korea_raw/dry_cough/train_dry_13855.wav,92a4b6e7ce690c211166c2967b9d3651,cough,dry_cough,18016,0.2815,DEMAND,TBUS,data/noise_sources/demand/audio/TBUS/ch01.wav,4c24b6789b7a96fa5500d0a785093324ffbbb01a772914cef9483762a2d8c34f,DEMAND:TBUS,1.0,3407.0,active_valid_region,0.0,True,zero_shot_frozen,False,1415156.0,8.468490638464334e+18,f5861f5e2163366f94a2f5c4e3cd319dc7d464cf764c9b15707531f3c6e908ee,0.0,demand_noise_offset_v2,0.07541487102707227,0.024774561891664843,3.044044587220122,2.626629559156747e-07,-5.591973016303369,0.4506359100341797,1.0,False,22992.0,0.0
0,2024,data/raw/sow_call_dataset_labeled/calm_grunt/246-0.wav,af2331ab38f97aa237f515945a5359e8,calm_grunt,calm_grunt,64000,1.0,DEMAND,TBUS,data/noise_sources/demand/audio/TBUS/ch01.wav,4c24b6789b7a96fa5500d0a785093324ffbbb01a772914cef9483762a2d8c34f,DEMAND:TBUS,1.0,3407.0,active_valid_region,0.0,True,zero_shot_frozen,False,6611866.0,3.696921157075537e+18,b34e1a348a1d0bbe85d55ab6df9cd8c1a2e38622b0faac520872c391cda0beab,0.0,demand_noise_offset_v2,1362.533252620096,0.12235284242910455,11136.098071522896,3.1382731132646914e-07,3.1382731132646914e-07,17141.57421875,5.827936146653683e-05,True,0.0,0.0
0,2024,data/raw/sow_call_dataset_labeled/feeding/304-1.wav,c9e37a52d69aa372d3ae6b95468b7620,feeding,feeding,63988,0.9998125,DEMAND,TBUS,data/noise_sources/demand/audio/TBUS/ch01.wav,4c24b6789b7a96fa5500d0a785093324ffbbb01a772914cef9483762a2d8c34f,DEMAND:TBUS,1.0,3407.0,active_valid_region,0.0,True,zero_shot_frozen,False,7555446.0,8.348471636568342e+18,73dbbab8ab147b2e7050fdc22728eb5e8670a504d45ead2785ae461a2f5f7f05,0.0,demand_noise_offset_v2,186.00205111276827,0.020214656173754925,9201.346266490464,-4.028276627285511e-07,-0.0001978290463068249,3186.660888671875,0.0003134942922704146,True,6.0,0.0
0,2024,data/external/korea_raw/dry_cough/train_dry_12111.wav,f59c8ec794987b22feab4606c5b457ec,cough,dry_cough,12001,0.187515625,DEMAND,TBUS,data/noise_sources/demand/audio/TBUS/ch01.wav,4c24b6789b7a96fa5500d0a785093324ffbbb01a772914cef9483762a2d8c34f,DEMAND:TBUS,1.0,3407.0,active_valid_region,0.0,True,zero_shot_frozen,False,476335.0,5.752719351477964e+18,4fd5c3c55d5c0b64fbdc5e3e17d7b5f21e98131be4e99c8cf9b748e2c6a9a81b,0.0,demand_noise_offset_v2,0.04296524671898265,0.07428259694890159,0.5784025933899175,2.1978449889332678e-07,-4.708305088661564,0.2414013147354126,1.0,False,25999.0,0.0
0,2024,data/raw/sow_call_dataset_labeled/anxious_stress/1452-3.wav,863eeac0b9ddb7b6f0040a6c94e9fb0e,stress_vocal,anxious_stress,63995,0.999921875,DEMAND,TBUS,data/noise_sources/demand/audio/TBUS/ch01.wav,4c24b6789b7a96fa5500d0a785093324ffbbb01a772914cef9483762a2d8c34f,DEMAND:TBUS,1.0,3407.0,active_valid_region,0.0,True,zero_shot_frozen,False,1707155.0,8.664342689761397e+18,783dedc54b7b06d0d4b469c22c891ec2d9076bce190184e3fe78fda7707d64e4,0.0,demand_noise_offset_v2,1607.624752512261,0.007410392167577529,216941.926440284,1.8377894416254197e-07,-0.00029221148880295385,13873.7353515625,7.200656309819905e-05,True,2.0,0.0
0,2024,data/raw/sow_call_dataset_labeled/feeding/393-1.wav,d020a377f975c05272b8d05b57521990,feeding,feeding,64000,1.0,DEMAND,TBUS,data/noise_sources/demand/audio/TBUS/ch01.wav,4c24b6789b7a96fa5500d0a785093324ffbbb01a772914cef9483762a2d8c34f,DEMAND:TBUS,1.0,3407.0,active_valid_region,0.0,True,zero_shot_frozen,False,536358.0,4.3335223032339955e+17,0603938eb70cab747779b3559410c0beae70b2d5cfd43d5b2514283a81e9d964,0.0,demand_noise_offset_v2,564.3458696574719,0.057781788147839026,9766.846747863718,6.966250095358901e-08,6.966250095358901e-08,5981.3740234375,0.0001670184803835213,True,0.0,0.0
0,2024,data/raw/sow_call_dataset_labeled/calm_grunt/91-0.wav,cee17336c428ff1a2871511627e221ac,calm_grunt,calm_grunt,64000,1.0,DEMAND,TBUS,data/noise_sources/demand/audio/TBUS/ch01.wav,4c24b6789b7a96fa5500d0a785093324ffbbb01a772914cef9483762a2d8c34f,DEMAND:TBUS,1.0,3407.0,active_valid_region,0.0,True,zero_shot_frozen,False,5110348.0,1.7028653068457708e+18,97a1caf972e0f3cd49a283cb7a9a7ce5ea9a63b16c13e6fc6233a57fe47b7896,0.0,demand_noise_offset_v2,938.9198850949239,0.018965752921017397,49506.069651178215,-1.1452736677757778e-07,-1.1452736677757778e-07,17989.7109375,5.55317427539961e-05,True,0.0,0.0
0,2024,data/external/korea_raw/dry_cough/train_dry_08236.wav,a7ab543a182c83c4cf8ec72231ba0af2,cough,dry_cough,17184,0.2685,DEMAND,TBUS,data/noise_sources/demand/audio/TBUS/ch01.wav,4c24b6789b7a96fa5500d0a785093324ffbbb01a772914cef9483762a2d8c34f,DEMAND:TBUS,1.0,3407.0,active_valid_region,0.0,True,zero_shot_frozen,False,3220108.0,2.0443219348553672e+18,1c5ee3f7ed97ea75c75d8df324f5e8ef43c07e8bccd7184328f3e23ffd219307,0.0,demand_noise_offset_v2,0.10200412159395875,0.015356525933567969,6.64239568475491,2.4796592687087296e-07,-4.828070386413171,0.6115512847900391,1.0,False,23408.0,0.0
0,2024,data/raw/sow_call_dataset_labeled/feeding/462-1.wav,bf71b3916b50f93bb618bec575df25d0,feeding,feeding,64000,1.0,DEMAND,TBUS,data/noise_sources/demand/audio/TBUS/ch01.wav,4c24b6789b7a96fa5500d0a785093324ffbbb01a772914cef9483762a2d8c34f,DEMAND:TBUS,1.0,3407.0,active_valid_region,0.0,True,zero_shot_frozen,False,4759678.0,4.606269702766666e+18,3fecc1e3bd0d226c6053964f0234732dbca7594f41f7c6f5212a152a2378133d,0.0,demand_noise_offset_v2,390.87487317806836,0.019688719592273526,19852.7319842302,-1.9460602556433798e-07,-1.9460602556433798e-07,2853.189453125,0.00035013447806833497,True,0.0,0.0
0,2024,data/raw/sow_call_dataset_labeled/frightened_stress/531-2.wav,439e489d68e585b0f865ab720f41e65a,stress_vocal,frightened_stress,63608,0.993875,DEMAND,TBUS,data/noise_sources/demand/audio/TBUS/ch01.wav,4c24b6789b7a96fa5500d0a785093324ffbbb01a772914cef9483762a2d8c34f,DEMAND:TBUS,1.0,3407.0,active_valid_region,0.0,True,zero_shot_frozen,False,4548933.0,3.22804416258726e+18,accc51101e497391bd6800c0a76aea8c1a9efb9a5112a74fae1a41c7b8a1c0f6,0.0,demand_noise_offset_v2,223.3376366304215,0.019514922455881493,11444.454218833498,8.074724064822136e-08,-0.025547077468554922,2354.258544921875,0.00042433742128910966,True,196.0,0.0
0,2024,data/external/korea_raw/dry_cough/train_dry_12259.wav,0dd24b3ee3931c0516f250d0fb57dc2a,cough,dry_cough,13985,0.218515625,DEMAND,TBUS,data/noise_sources/demand/audio/TBUS/ch01.wav,4c24b6789b7a96fa5500d0a785093324ffbbb01a772914cef9483762a2d8c34f,DEMAND:TBUS,1.0,3407.0,active_valid_region,0.0,True,zero_shot_frozen,False,4237437.0,3.6057242451912417e+18,320a1b18d8a330c33fc38d2aa3410e4936dfe0fc21a6917dafe7cf11894eb855,0.0,demand_noise_offset_v2,0.061751605029606374,0.02150586250004589,2.871384722629683,3.1499182156099673e-07,-6.654864349730968,0.31608542799949646,1.0,False,25007.0,0.0
0,2024,data/raw/sow_call_dataset_labeled/feeding/334-1.wav,6d4e3f890abd1b39675ab539c08999df,feeding,feeding,64000,1.0,DEMAND,TBUS,data/noise_sources/demand/audio/TBUS/ch01.wav,4c24b6789b7a96fa5500d0a785093324ffbbb01a772914cef9483762a2d8c34f,DEMAND:TBUS,1.0,3407.0,active_valid_region,0.0,True,zero_shot_frozen,False,9246267.0,9.207364461386338e+18,ffc72131e67d10f46ff935c9f33a886c1e1f51b76324e426410def018f9f59ca,0.0,demand_noise_offset_v2,891.4684230620591,0.0768125189753196,11605.769931181323,3.014440780395667e-07,3.014440780395667e-07,9775.8505859375,0.00010219059622669103,True,0.0,0.0
0,2024,data/raw/sow_call_dataset_labeled/frightened_stress/1031-2.wav,52f370f2037764cd024cc8ac3620035d,stress_vocal,frightened_stress,63997,0.999953125,DEMAND,TBUS,data/noise_sources/demand/audio/TBUS/ch01.wav,4c24b6789b7a96fa5500d0a785093324ffbbb01a772914cef9483762a2d8c34f,DEMAND:TBUS,1.0,3407.0,active_valid_region,0.0,True,zero_shot_frozen,False,9295306.0,7.517212830640656e+18,6852813dd758509f4ee02a82a444375c9be5c0ad38af8af74b50aca90feb2cbb,0.0,demand_noise_offset_v2,251.37542293038825,0.07213564204436687,3484.760318287322,1.6548349046767916e-07,-0.00044446809290174923,2984.219482421875,0.0003347609000894435,True,1.0,0.0
0,2024,data/external/korea_raw/dry_cough/train_dry_05498.wav,476f1f61fe985f0e105b631f547552aa,cough,dry_cough,11777,0.184015625,DEMAND,TBUS,data/noise_sources/demand/audio/TBUS/ch01.wav,4c24b6789b7a96fa5500d0a785093324ffbbb01a772914cef9483762a2d8c34f,DEMAND:TBUS,1.0,3407.0,active_valid_region,0.0,True,zero_shot_frozen,False,8028937.0,8.927179310248726e+17,8c63923a7b5bf45706ebcfc5bbb143ccccc92aeffe47613de4af4bf88d1ffabc,0.0,demand_noise_offset_v2,0.042341868179194324,0.013667339081712113,3.0980330498897772,2.775317412951897e-07,-7.435177225112959,0.23800784349441528,1.0,False,26111.0,0.0
0,2024,data/raw/sow_call_dataset_labeled/calm_grunt/69-0.wav,5e6972bc79d14fbb0e7d8c9fc5171b8e,calm_grunt,calm_grunt,64000,1.0,DEMAND,TBUS,data/noise_sources/demand/audio/TBUS/ch01.wav,4c24b6789b7a96fa5500d0a785093324ffbbb01a772914cef9483762a2d8c34f,DEMAND:TBUS,1.0,3407.0,active_valid_region,0.0,True,zero_shot_frozen,False,8375821.0,7.403093882501183e+18,e6bd12a9b159b6c99ab82ad8c8abcccb4692f74165bb3bbf1b742c6b3ea94bb9,0.0,demand_noise_offset_v2,984.0544080113978,0.020009202494227853,49180.0914251966,2.7460134886893e-07,2.7460134886893e-07,16644.064453125,6.002139698590467e-05,True,0.0,0.0
0,2024,data/raw/sow_call_dataset_labeled/feeding/365-1.wav,e7f7f9645f68e7861c6960646038694b,feeding,feeding,63998,0.99996875,DEMAND,TBUS,data/noise_sources/demand/audio/TBUS/ch01.wav,4c24b6789b7a96fa5500d0a785093324ffbbb01a772914cef9483762a2d8c34f,DEMAND:TBUS,1.0,3407.0,active_valid_region,0.0,True,zero_shot_frozen,False,4648478.0,6.595538727286275e+18,5b880f871e3afd99e5cbb0133d29b5b7e27c12074bc218b08e6cde61d7a5e2b2,0.0,demand_noise_offset_v2,228.88529049546287,0.01874247960557489,12212.113621688652,2.4067427294230905e-07,-0.00030118700877608653,2194.843017578125,0.00045515783680162027,True,1.0,0.0
0,2024,data/raw/sow_call_dataset_labeled/calm_grunt/127-0.wav,c0b1e9c399e2fcb85350d6e1a522b9c7,calm_grunt,calm_grunt,64000,1.0,DEMAND,TBUS,data/noise_sources/demand/audio/TBUS/ch01.wav,4c24b6789b7a96fa5500d0a785093324ffbbb01a772914cef9483762a2d8c34f,DEMAND:TBUS,1.0,3407.0,active_valid_region,0.0,True,zero_shot_frozen,False,8113446.0,3.0580047336138624e+18,aa70371a6c846d39a501156434d713d6a3b0bf5c860dcfcfd2b830e37b34fdb3,0.0,demand_noise_offset_v2,719.0246855373471,0.011945727313705093,60190.95084419217,2.375548433955183e-07,2.375548433955183e-07,7054.18994140625,0.00014161796156581089,True,0.0,0.0
0,2024,data/raw/sow_call_dataset_labeled/frightened_stress/649-2.wav,a79a4d5ca276050cd921a9a53451c118,stress_vocal,frightened_stress,64000,1.0,DEMAND,TBUS,data/noise_sources/demand/audio/TBUS/ch01.wav,4c24b6789b7a96fa5500d0a785093324ffbbb01a772914cef9483762a2d8c34f,DEMAND:TBUS,1.0,3407.0,active_valid_region,0.0,True,zero_shot_frozen,False,624417.0,1.283556668697233e+18,11d01bfd56c845a729812d4be57d5ad739d2725ad1c44e7cc86bd741db6e476e,0.0,demand_noise_offset_v2,182.61161994441022,0.11587773920709392,1575.899057005687,5.2188810236012275e-08,5.2188810236012275e-08,1997.8250732421875,0.0005000437792978363,True,0.0,0.0
0,2024,data/raw/sow_call_dataset_labeled/anxious_stress/1429-3.wav,08dbebe86b17e15870a88fc0edc1fd56,stress_vocal,anxious_stress,63997,0.999953125,DEMAND,TBUS,data/noise_sources/demand/audio/TBUS/ch01.wav,4c24b6789b7a96fa5500d0a785093324ffbbb01a772914cef9483762a2d8c34f,DEMAND:TBUS,1.0,3407.0,active_valid_region,0.0,True,zero_shot_frozen,False,8035607.0,3.635239380494743e+18,3272f6f4cbe6766387939c0c6d6275f0b05cfb0c5b04f3e0052cb06320c1bb0e,0.0,demand_noise_offset_v2,1018.0890498529338,0.013556454446996486,75099.94990456355,-3.750552994955737e-07,-4.001885892820399e-05,7748.3759765625,0.0001289302433208975,True,1.0,0.0
0,2024,data/external/korea_raw/abdominal_cough/train_abdominal_16429.wav,89bcd1f7bcfd5c0d3850c0d8d7a77682,cough,abdominal_cough,12321,0.192515625,DEMAND,TBUS,data/noise_sources/demand/audio/TBUS/ch01.wav,4c24b6789b7a96fa5500d0a785093324ffbbb01a772914cef9483762a2d8c34f,DEMAND:TBUS,1.0,3407.0,active_valid_region,0.0,True,zero_shot_frozen,False,6577073.0,3.7670970514534953e+18,b4476acf324e97e670d641c8c8f982cf430831bf8ceefa26b466a6e66a90926c,0.0,demand_noise_offset_v2,0.03146874162552827,0.1620868090012597,0.1941474560418035,1.4723300139462827e-07,-7.262702539499424,0.17577829957008362,1.0,False,25839.0,0.0
0,2024,data/raw/sow_call_dataset_labeled/frightened_stress/624-2.wav,6b7d32323ad19193729e70aa61366584,stress_vocal,frightened_stress,64000,1.0,DEMAND,TBUS,data/noise_sources/demand/audio/TBUS/ch01.wav,4c24b6789b7a96fa5500d0a785093324ffbbb01a772914cef9483762a2d8c34f,DEMAND:TBUS,1.0,3407.0,active_valid_region,0.0,True,zero_shot_frozen,False,5122024.0,4.362549400459329e+18,bc8ae390e178be35c00da61786b06df2eeaca811f9e95d52ec0c21ad94446f90,0.0,demand_noise_offset_v2,124.93057706281661,0.019687486397425694,6345.684489166293,-1.1034055387646717e-07,-1.1034055387646717e-07,983.0992431640625,0.0010161741115624924,True,0.0,0.0
0,2024,data/raw/sow_call_dataset_labeled/calm_grunt/218-0.wav,b3d8482fce8b5eaa3e2cb020780d332e,calm_grunt,calm_grunt,64000,1.0,DEMAND,TBUS,data/noise_sources/demand/audio/TBUS/ch01.wav,4c24b6789b7a96fa5500d0a785093324ffbbb01a772914cef9483762a2d8c34f,DEMAND:TBUS,1.0,3407.0,active_valid_region,0.0,True,zero_shot_frozen,False,6016778.0,4.3735961704655345e+18,3cb2228b739b61bfcb7a84ef00a03776156308cb0ca86f994bdadd2ebf60a53a,0.0,demand_noise_offset_v2,1325.8744849035143,0.149192549257363,8887.00200850063,5.303506351377994e-08,5.303506351377994e-08,17105.169921875,5.8403395263698944e-05,True,0.0,0.0
0,2024,data/external/korea_raw/dry_cough/train_dry_14904.wav,82731434fe93293942ec3e677a251aa0,cough,dry_cough,13408,0.2095,DEMAND,TBUS,data/noise_sources/demand/audio/TBUS/ch01.wav,4c24b6789b7a96fa5500d0a785093324ffbbb01a772914cef9483762a2d8c34f,DEMAND:TBUS,1.0,3407.0,active_valid_region,0.0,True,zero_shot_frozen,False,5612077.0,7.12150090513014e+17,09e210bbf3ca5d2885f0eb245b2f07f1ceb386cd201b73433585fe071eb1feb3,0.0,demand_noise_offset_v2,0.05590034753670979,0.05655851638435329,0.9883630461030697,1.6557344871800972e-07,-7.862128321981291,0.3541278541088104,1.0,False,25296.0,0.0
0,2024,data/raw/sow_call_dataset_labeled/calm_grunt/59-0.wav,59a6dd695e64efe4c8241ab5e0cd60df,calm_grunt,calm_grunt,64000,1.0,DEMAND,TBUS,data/noise_sources/demand/audio/TBUS/ch01.wav,4c24b6789b7a96fa5500d0a785093324ffbbb01a772914cef9483762a2d8c34f,DEMAND:TBUS,1.0,3407.0,active_valid_region,0.0,True,zero_shot_frozen,False,2181816.0,8.932238833636946e+18,fbf5afe4e7e12e0c026194dfd9cb459c9a779481e30bee1d3e7ce30518a2b707,0.0,demand_noise_offset_v2,1245.0851120905868,0.06728612691744307,18504.336170489467,1.0242383487482402e-07,1.0242383487482402e-07,18771.912109375,5.321780723131998e-05,True,0.0,0.0
0,2024,data/external/korea_raw/dry_cough/train_dry_12342.wav,be5b9785349c0ba7847119f6859671bc,cough,dry_cough,14017,0.219015625,DEMAND,TBUS,data/noise_sources/demand/audio/TBUS/ch01.wav,4c24b6789b7a96fa5500d0a785093324ffbbb01a772914cef9483762a2d8c34f,DEMAND:TBUS,1.0,3407.0,active_valid_region,0.0,True,zero_shot_frozen,False,4144968.0,2.0217787359335334e+18,1c0ecd0c69c1acbabfcc64a266ee26a9c9076b4bc1c2a1c801eec5665be00e09,0.0,demand_noise_offset_v2,0.04360133356829202,0.026171820458935405,1.6659648738116704,1.6189719526025186e-07,-7.028507418459881,0.2106150984764099,1.0,False,24991.0,0.0
0,2024,data/external/korea_raw/dry_cough/train_dry_07999.wav,4bcc8d92055b679105e93da203cd9111,cough,dry_cough,13313,0.208015625,DEMAND,TBUS,data/noise_sources/demand/audio/TBUS/ch01.wav,4c24b6789b7a96fa5500d0a785093324ffbbb01a772914cef9483762a2d8c34f,DEMAND:TBUS,1.0,3407.0,active_valid_region,0.0,True,zero_shot_frozen,False,7898305.0,3.5322695560274877e+18,b105247249f1f69fff41067baedadd4e63746de7ba1d963df2303c82e7effa72,0.0,demand_noise_offset_v2,0.09846734402329387,0.01612746388211258,6.105569030757945,2.1125310172303504e-07,-6.431955398044581,0.5152111053466797,1.0,False,25343.0,0.0
0,2024,data/raw/sow_call_dataset_labeled/calm_grunt/114-0.wav,6bfb9e30e653d62d2ad67d1d0fbee2b2,calm_grunt,calm_grunt,64000,1.0,DEMAND,TBUS,data/noise_sources/demand/audio/TBUS/ch01.wav,4c24b6789b7a96fa5500d0a785093324ffbbb01a772914cef9483762a2d8c34f,DEMAND:TBUS,1.0,3407.0,active_valid_region,0.0,True,zero_shot_frozen,False,4618151.0,9.108190393629825e+18,fe66cae7deee5987e663d96ef0ce5f29eba6503ee0d2937fdf8563103cadf6e7,0.0,demand_noise_offset_v2,1176.8927172218246,0.01897729765408688,62015.822203662035,2.685160724434838e-07,2.685160724434838e-07,15369.2001953125,6.500012930436602e-05,True,0.0,0.0
0,2024,data/raw/sow_call_dataset_labeled/calm_grunt/274-0.wav,867a0d742da7dc4ab82703565363efca,calm_grunt,calm_grunt,64000,1.0,DEMAND,TBUS,data/noise_sources/demand/audio/TBUS/ch01.wav,4c24b6789b7a96fa5500d0a785093324ffbbb01a772914cef9483762a2d8c34f,DEMAND:TBUS,1.0,3407.0,active_valid_region,0.0,True,zero_shot_frozen,False,1277018.0,4.103458494036889e+18,b8f269c25fa0ce9b87ba9f8f91a6ee204cecbc8e3dbe18fd9357c78a590181b2,0.0,demand_noise_offset_v2,1609.9826402124925,0.1144723745229866,14064.377077189049,7.613659049215564e-08,7.613659049215564e-08,18717.619140625,5.337217263021211e-05,True,0.0,0.0
0,2024,data/raw/sow_call_dataset_labeled/anxious_stress/1580-3.wav,f770589d5c495dba265407f0501aedab,stress_vocal,anxious_stress,63766,0.99634375,DEMAND,TBUS,data/noise_sources/demand/audio/TBUS/ch01.wav,4c24b6789b7a96fa5500d0a785093324ffbbb01a772914cef9483762a2d8c34f,DEMAND:TBUS,1.0,3407.0,active_valid_region,0.0,True,zero_shot_frozen,False,6717345.0,1.9402896847002934e+18,1aed4b3029ea6905f5dfaebbbbf217889c31e711ac98220e72d4a8d661fd37d4,0.0,demand_noise_offset_v2,309.17193605807984,0.06779909532891767,4560.118900675239,-4.605095051041543e-07,-0.00313966147296806,2102.1123046875,0.00047523626486193433,True,117.0,0.0
0,2024,data/external/korea_raw/abdominal_cough/train_abdominal_08112.wav,e88f3f912add02e57df4c7d0d5127334,cough,abdominal_cough,16224,0.2535,DEMAND,TBUS,data/noise_sources/demand/audio/TBUS/ch01.wav,4c24b6789b7a96fa5500d0a785093324ffbbb01a772914cef9483762a2d8c34f,DEMAND:TBUS,1.0,3407.0,active_valid_region,0.0,True,zero_shot_frozen,False,5553774.0,4.677651975186142e+18,c0ea5bb02bdfd532e2652517cc614a540f464a232aeadc5ecf045663239f7f2c,0.0,demand_noise_offset_v2,0.09735584493514245,0.07490967831444094,1.2996430785149211,2.645097663919957e-07,-5.002245913239138,0.5315753221511841,1.0,False,23888.0,0.0
0,2024,data/raw/sow_call_dataset_labeled/calm_grunt/250-0.wav,6501451456d9e85981b2e584769706d5,calm_grunt,calm_grunt,64000,1.0,DEMAND,TBUS,data/noise_sources/demand/audio/TBUS/ch01.wav,4c24b6789b7a96fa5500d0a785093324ffbbb01a772914cef9483762a2d8c34f,DEMAND:TBUS,1.0,3407.0,active_valid_region,0.0,True,zero_shot_frozen,False,3314217.0,7.898956503246757e+18,ed9ebb16d848dda284486c5b72f36b535166858d739ae2d0acb70dd7710484e0,0.0,demand_noise_offset_v2,1634.1095044534836,0.01669151128546656,97900.6320342195,-7.448418227980716e-08,-7.448418227980716e-08,18337.333984375,5.4479020824468524e-05,True,0.0,0.0
0,2024,data/raw/sow_call_dataset_labeled/feeding/484-1.wav,7597d17cfc4d984eaab8bc076ccdf5ea,feeding,feeding,64000,1.0,DEMAND,TBUS,data/noise_sources/demand/audio/TBUS/ch01.wav,4c24b6789b7a96fa5500d0a785093324ffbbb01a772914cef9483762a2d8c34f,DEMAND:TBUS,1.0,3407.0,active_valid_region,0.0,True,zero_shot_frozen,False,7285810.0,2.0417586779022825e+18,1c55c8b3296fcef097b1f5b1655e62b96f50e6e4fbad37d50cf65cde9b8c2334,0.0,demand_noise_offset_v2,880.4726065326456,0.019352114078638526,45497.489470906905,2.175374751610147e-07,2.175374751610147e-07,11638.822265625,8.583342688809021e-05,True,0.0,0.0
0,2024,data/raw/sow_call_dataset_labeled/calm_grunt/251-0.wav,c0f8ff4583e17d7a26d397f7d7b0a2f7,calm_grunt,calm_grunt,64000,1.0,DEMAND,TBUS,data/noise_sources/demand/audio/TBUS/ch01.wav,4c24b6789b7a96fa5500d0a785093324ffbbb01a772914cef9483762a2d8c34f,DEMAND:TBUS,1.0,3407.0,active_valid_region,0.0,True,zero_shot_frozen,False,639762.0,1.3781973051895027e+18,13205725a6388ee892500bfc57e592d38bc2c4dffc4a05595c094a7d2a96b0be,0.0,demand_noise_offset_v2,1533.8450811438308,0.12659536380225672,12116.123648411904,-2.669396801213283e-07,-2.669396801213283e-07,17701.8125,5.6434898968679054e-05,True,0.0,0.0
0,2024,data/raw/sow_call_dataset_labeled/frightened_stress/988-2.wav,e3f63486bc9dd011d4c42a02e2ab82eb,stress_vocal,frightened_stress,63998,0.99996875,DEMAND,TBUS,data/noise_sources/demand/audio/TBUS/ch01.wav,4c24b6789b7a96fa5500d0a785093324ffbbb01a772914cef9483762a2d8c34f,DEMAND:TBUS,1.0,3407.0,active_valid_region,0.0,True,zero_shot_frozen,False,5546708.0,3.3989468703609816e+16,0078c13de02ed3d8c4015c72daff226005e419ca026ddb9d81b93c305f91d659,0.0,demand_noise_offset_v2,207.5423704113459,0.06517597821271119,3184.338403544961,7.000165106353926e-08,-3.482380130417583e-05,2835.570556640625,0.00035231004838177666,True,1.0,0.0
0,2024,data/raw/sow_call_dataset_labeled/calm_grunt/89-0.wav,66baf7d1e6268784319cb4666f8d36fd,calm_grunt,calm_grunt,64000,1.0,DEMAND,TBUS,data/noise_sources/demand/audio/TBUS/ch01.wav,4c24b6789b7a96fa5500d0a785093324ffbbb01a772914cef9483762a2d8c34f,DEMAND:TBUS,1.0,3407.0,active_valid_region,0.0,True,zero_shot_frozen,False,9022997.0,8.507105452561579e+18,760f4f5626b8bd911a8b699e4ab0d10931b89e25ae0131b51ea466b142799fec,0.0,demand_noise_offset_v2,1041.6516572237529,0.13645650508468224,7633.5800669768305,-9.662214062350118e-09,-9.662214062350118e-09,15300.20703125,6.52932341346484e-05,True,0.0,0.0
0,2024,data/raw/sow_call_dataset_labeled/anxious_stress/1649-3.wav,8ef7b5c15e374567562265858e5d7ed1,stress_vocal,anxious_stress,64000,1.0,DEMAND,TBUS,data/noise_sources/demand/audio/TBUS/ch01.wav,4c24b6789b7a96fa5500d0a785093324ffbbb01a772914cef9483762a2d8c34f,DEMAND:TBUS,1.0,3407.0,active_valid_region,0.0,True,zero_shot_frozen,False,682872.0,1.814506587679505e+18,192e6c20b93e39affbbad5c35d875bd679ca19aa69b4dba53e7d2bbb59916a19,0.0,demand_noise_offset_v2,1846.5257263435033,0.10426380408298622,17710.131934892826,-4.2407306013265954e-07,-4.2407306013265954e-07,15581.6650390625,6.411381566062125e-05,True,0.0,0.0
0,2024,data/raw/sow_call_dataset_labeled/anxious_stress/1738-3.wav,ad7a0d5de7477a9d5d43b2bd260d645e,stress_vocal,anxious_stress,64000,1.0,DEMAND,TBUS,data/noise_sources/demand/audio/TBUS/ch01.wav,4c24b6789b7a96fa5500d0a785093324ffbbb01a772914cef9483762a2d8c34f,DEMAND:TBUS,1.0,3407.0,active_valid_region,0.0,True,zero_shot_frozen,False,4640703.0,1.9069154442546227e+18,1a76b97e4780c458de9bf12d130576e54ba452cfa6ef3a29422221f6c015f5a9,0.0,demand_noise_offset_v2,231.88397999285894,0.018712763913247915,12391.754690427853,-1.3262526993728638e-07,-1.3262526993728638e-07,1543.968505859375,0.0006470339234309415,True,0.0,0.0
0,2024,data/raw/sow_call_dataset_labeled/calm_grunt/165-0.wav,58f3af1d9665f4501de1c256ac27087d,calm_grunt,calm_grunt,64000,1.0,DEMAND,TBUS,data/noise_sources/demand/audio/TBUS/ch01.wav,4c24b6789b7a96fa5500d0a785093324ffbbb01a772914cef9483762a2d8c34f,DEMAND:TBUS,1.0,3407.0,active_valid_region,0.0,True,zero_shot_frozen,False,685887.0,8.776815948761795e+18,79cd839a94ee0866bc6b101af21c45cfb5d93c19c02117b82f98c0bf693e4bf5,0.0,demand_noise_offset_v2,1242.3661302468377,0.1034462992762973,12009.768729653353,1.3140127118571833e-07,1.3140127118571833e-07,16317.9677734375,6.122085874113437e-05,True,0.0,0.0
0,2024,data/raw/sow_call_dataset_labeled/calm_grunt/253-0.wav,88f53ffdc813ee27215e3d68cababb72,calm_grunt,calm_grunt,64000,1.0,DEMAND,TBUS,data/noise_sources/demand/audio/TBUS/ch01.wav,4c24b6789b7a96fa5500d0a785093324ffbbb01a772914cef9483762a2d8c34f,DEMAND:TBUS,1.0,3407.0,active_valid_region,0.0,True,zero_shot_frozen,False,8214246.0,5.97712997670645e+18,52f3080baded429d8151ed21cf4384cfb7bec0ad0ef0ab7201647d3854cbe580,0.0,demand_noise_offset_v2,1677.1380296440782,0.013289547922531904,126199.78041544641,-6.217294321746711e-08,-6.217294321746711e-08,15557.80859375,6.421212820431059e-05,True,0.0,0.0
0,2024,data/raw/sow_call_dataset_labeled/calm_grunt/252-0.wav,2425faf6d72ec8f1cfb27af49a442721,calm_grunt,calm_grunt,64000,1.0,DEMAND,TBUS,data/noise_sources/demand/audio/TBUS/ch01.wav,4c24b6789b7a96fa5500d0a785093324ffbbb01a772914cef9483762a2d8c34f,DEMAND:TBUS,1.0,3407.0,active_valid_region,0.0,True,zero_shot_frozen,False,8397932.0,8.019494049123586e+18,ef4af7593c5ecef22fd63a6d03c59a40cfc55576b3a422fd1f6ca36900daea46,0.0,demand_noise_offset_v2,1988.6156620474069,0.019816784303886694,100350.06848499516,-1.6305777797750666e-07,-1.6305777797750666e-07,18001.88671875,5.549418322688833e-05,True,0.0,0.0
0,2024,data/raw/sow_call_dataset_labeled/frightened_stress/887-2.wav,36d2f03519aad0dc3c6d70f418bede2d,stress_vocal,frightened_stress,64000,1.0,DEMAND,TBUS,data/noise_sources/demand/audio/TBUS/ch01.wav,4c24b6789b7a96fa5500d0a785093324ffbbb01a772914cef9483762a2d8c34f,DEMAND:TBUS,1.0,3407.0,active_valid_region,0.0,True,zero_shot_frozen,False,5008317.0,1.1032503640158614e+18,8f4f885c5d7c5e699181cff2be162583c9bc4a5022bc04b4e8af3e8ce4f156a9,0.0,demand_noise_offset_v2,226.1403217059333,0.021570810658538806,10483.626474947321,-3.9418982152018405e-07,-3.9418982152018405e-07,2616.40087890625,0.0003818222230599533,True,0.0,0.0
0,2024,data/raw/sow_call_dataset_labeled/feeding/367-1.wav,940704b541a8d463f81ea666f8da0a2d,feeding,feeding,64000,1.0,DEMAND,TBUS,data/noise_sources/demand/audio/TBUS/ch01.wav,4c24b6789b7a96fa5500d0a785093324ffbbb01a772914cef9483762a2d8c34f,DEMAND:TBUS,1.0,3407.0,active_valid_region,0.0,True,zero_shot_frozen,False,5622027.0,3.894463197014018e+18,b60be9a4d8da47df8c9c1f485436302151c0196341eb432eae854a5657ed403d,0.0,demand_noise_offset_v2,702.5387179613983,0.05637069108373055,12462.836705653974,-1.3915989143182776e-07,-1.3915989143182776e-07,8565.0947265625,0.00011663618814417209,True,0.0,0.0
0,2024,data/raw/sow_call_dataset_labeled/anxious_stress/1294-3.wav,3b1abd244c212e4e29ed5d8d492094a3,stress_vocal,anxious_stress,64000,1.0,DEMAND,TBUS,data/noise_sources/demand/audio/TBUS/ch01.wav,4c24b6789b7a96fa5500d0a785093324ffbbb01a772914cef9483762a2d8c34f,DEMAND:TBUS,1.0,3407.0,active_valid_region,0.0,True,zero_shot_frozen,False,2502056.0,3.5937512899744563e+18,b1df91c1fa077f21963dbf1b599421e89b5db184a7f3519c4c4b02929048100e,0.0,demand_noise_offset_v2,309.20159348055824,0.08615380991321374,3588.9485768769796,2.1531079487985146e-07,2.1531079487985146e-07,2821.634033203125,0.0003540501667630983,True,0.0,0.0
0,2024,data/raw/sow_call_dataset_labeled/calm_grunt/84-0.wav,6284697bc5cf29624df3bee3472e7b55,calm_grunt,calm_grunt,64000,1.0,DEMAND,TBUS,data/noise_sources/demand/audio/TBUS/ch01.wav,4c24b6789b7a96fa5500d0a785093324ffbbb01a772914cef9483762a2d8c34f,DEMAND:TBUS,1.0,3407.0,active_valid_region,0.0,True,zero_shot_frozen,False,3858363.0,1.0570403513910611e+18,0eab5c9961eb14b8aca50fa19e859c6a3b76206f8194f24ceaaa647a476d05fa,0.0,demand_noise_offset_v2,819.4625842053988,0.0643057197311407,12743.230114390053,-2.5062855305907044e-07,-2.5062855305907044e-07,14747.5419921875,6.774010208136512e-05,True,0.0,0.0
0,2024,data/external/korea_raw/dry_cough/train_dry_06353.wav,7c4381d73edf61a542eca5b8ad16ccbe,cough,dry_cough,7969,0.124515625,DEMAND,TBUS,data/noise_sources/demand/audio/TBUS/ch01.wav,4c24b6789b7a96fa5500d0a785093324ffbbb01a772914cef9483762a2d8c34f,DEMAND:TBUS,1.0,3407.0,active_valid_region,0.0,True,zero_shot_frozen,False,1496260.0,1.013245319835117e+18,8e0fc53fff196606b6cd8c480247726a1025e256f2b01993a80df10868702319,0.0,demand_noise_offset_v2,0.12077981036285175,0.02260696659018042,5.34259250930701,-3.372705302377015e-07,-8.872026306013998,0.6463335752487183,1.0,False,28015.0,0.0
0,2024,data/raw/sow_call_dataset_labeled/frightened_stress/798-2.wav,9047deea4f6c553333311bf1f5279715,stress_vocal,frightened_stress,64000,1.0,DEMAND,TBUS,data/noise_sources/demand/audio/TBUS/ch01.wav,4c24b6789b7a96fa5500d0a785093324ffbbb01a772914cef9483762a2d8c34f,DEMAND:TBUS,1.0,3407.0,active_valid_region,0.0,True,zero_shot_frozen,False,249488.0,4.5105426559075635e+18,be98aaa5cd9e08d6931bd90340bcd252f2d073cf710d507808a0bdf5919121b9,0.0,demand_noise_offset_v2,109.39846330513913,0.01650768829818106,6627.121940338156,-1.7977846536643098e-07,-1.7977846536643098e-07,1287.8472900390625,0.0007757130893754482,True,0.0,0.0
0,2024,data/raw/sow_call_dataset_labeled/feeding/396-1.wav,850bc5be2aeb59aeadd3ce9d998d574e,feeding,feeding,64000,1.0,DEMAND,TBUS,data/noise_sources/demand/audio/TBUS/ch01.wav,4c24b6789b7a96fa5500d0a785093324ffbbb01a772914cef9483762a2d8c34f,DEMAND:TBUS,1.0,3407.0,active_valid_region,0.0,True,zero_shot_frozen,False,3947942.0,1.1409835354857293e+18,0fd5967af73239c0eaa0e8b887257e8921fa065df60f077f3263e74dd3d0b49b,0.0,demand_noise_offset_v2,495.4983345230236,0.12120830557744693,4087.989945593467,-9.757849359626985e-08,-9.757849359626985e-08,6127.27294921875,0.00016304153712091057,True,0.0,0.0
0,2024,data/external/korea_raw/abdominal_cough/train_abdominal_01211.wav,54d7ff55aaca2d49609a064333bab111,cough,abdominal_cough,17952,0.2805,DEMAND,TBUS,data/noise_sources/demand/audio/TBUS/ch01.wav,4c24b6789b7a96fa5500d0a785093324ffbbb01a772914cef9483762a2d8c34f,DEMAND:TBUS,1.0,3407.0,active_valid_region,0.0,True,zero_shot_frozen,False,5121924.0,8.427681477719543e+17,8bb21d2a4bf6146f32b2f7ac6bc4f8cac97496cdf43be46c20f574a468fd953c,0.0,demand_noise_offset_v2,0.027219146609550993,0.015801889761356866,1.7225247752401582,6.108719780660216e-08,-7.431047587708676,0.1765044778585434,1.0,False,23024.0,0.0
0,2024,data/raw/sow_call_dataset_labeled/feeding/382-1.wav,6900556222b8dc7174fb2b5d5e1d09ac,feeding,feeding,63997,0.999953125,DEMAND,TBUS,data/noise_sources/demand/audio/TBUS/ch01.wav,4c24b6789b7a96fa5500d0a785093324ffbbb01a772914cef9483762a2d8c34f,DEMAND:TBUS,1.0,3407.0,active_valid_region,0.0,True,zero_shot_frozen,False,6891992.0,2.6386824179036616e+18,a49e7badc23771bfbd66021f458c1bfcfb6418b53cb306d38f6b3418dd5e53c5,0.0,demand_noise_offset_v2,882.0886951559368,0.096921110538706,9101.099752707327,1.358774554926168e-07,-0.00035703362423402,10183.369140625,9.810112804559365e-05,True,1.0,0.0
0,2024,data/raw/sow_call_dataset_labeled/feeding/308-1.wav,62f84208f3d66bc2106eced8f9723a09,feeding,feeding,63986,0.99978125,DEMAND,TBUS,data/noise_sources/demand/audio/TBUS/ch01.wav,4c24b6789b7a96fa5500d0a785093324ffbbb01a772914cef9483762a2d8c34f,DEMAND:TBUS,1.0,3407.0,active_valid_region,0.0,True,zero_shot_frozen,False,4971186.0,6.968780203027663e+18,60b614ac273d06b161db968d77d4d5dd6a53fa8d083173dabb511b89ce89c7f9,0.0,demand_noise_offset_v2,377.93868802714655,0.02138194121941631,17675.602235963102,3.28321119825867e-07,-0.0017029222623671648,3525.91552734375,0.0002833306675252646,True,7.0,0.0
0,2024,data/raw/sow_call_dataset_labeled/feeding/411-1.wav,34ffe8b85e2dd2ea42fae8d315374606,feeding,feeding,63998,0.99996875,DEMAND,TBUS,data/noise_sources/demand/audio/TBUS/ch01.wav,4c24b6789b7a96fa5500d0a785093324ffbbb01a772914cef9483762a2d8c34f,DEMAND:TBUS,1.0,3407.0,active_valid_region,0.0,True,zero_shot_frozen,False,5437524.0,6.603593851760078e+17,892a115cb182e4ac5359a2f11ac53b7175d429518da0103929ec0d7208a43825,0.0,demand_noise_offset_v2,398.75886637335407,0.12578455627996415,3170.173494795491,-2.3466818761661432e-07,-8.44390968878047e-05,3860.430419921875,0.00025877943424252084,True,1.0,0.0
0,2024,data/external/korea_raw/dry_cough/train_dry_02449.wav,2896dd842b3141f1521d6e69312d7362,cough,dry_cough,18497,0.289015625,DEMAND,TBUS,data/noise_sources/demand/audio/TBUS/ch01.wav,4c24b6789b7a96fa5500d0a785093324ffbbb01a772914cef9483762a2d8c34f,DEMAND:TBUS,1.0,3407.0,active_valid_region,0.0,True,zero_shot_frozen,False,6055264.0,1.2969181973127788e+18,91ff943aa591727e324e155a5f7b79e549450f02a837dfe45a3a8418bf26d4d6,0.0,demand_noise_offset_v2,0.07343115627623883,0.1934751635604279,0.37953789481255124,3.307271649800106e-07,-3.849215935997199,0.43220168352127075,1.0,False,22751.0,0.0
0,2024,data/raw/sow_call_dataset_labeled/calm_grunt/35-0.wav,bce14de9ae101013d89c90c1a29bb636,calm_grunt,calm_grunt,64000,1.0,DEMAND,TBUS,data/noise_sources/demand/audio/TBUS/ch01.wav,4c24b6789b7a96fa5500d0a785093324ffbbb01a772914cef9483762a2d8c34f,DEMAND:TBUS,1.0,3407.0,active_valid_region,0.0,True,zero_shot_frozen,False,8682122.0,4.9179201388662496e+17,86d3323b231614d2207c467ee641947535d7796e31e849da1d6e297380021e83,0.0,demand_noise_offset_v2,565.1370232751316,0.024232904104218456,23321.060523519867,-6.6355488718173675e-09,-6.6355488718173675e-09,8976.4580078125,0.0001112911127229179,True,0.0,0.0
0,2024,data/raw/sow_call_dataset_labeled/feeding/387-1.wav,9241924820d30258f1b5a5e9d94aeac0,feeding,feeding,64000,1.0,DEMAND,TBUS,data/noise_sources/demand/audio/TBUS/ch01.wav,4c24b6789b7a96fa5500d0a785093324ffbbb01a772914cef9483762a2d8c34f,DEMAND:TBUS,1.0,3407.0,active_valid_region,0.0,True,zero_shot_frozen,False,6464910.0,4.762783063122651e+18,c218cdf62bac282f0134013ab8ea1e7b1cdb22f381d37dab9fe1dee05b0fd53b,0.0,demand_noise_offset_v2,844.63572587174,0.17558410541026495,4810.4338595921745,-4.0472916711023154e-07,-4.0472916711023154e-07,6236.4658203125,0.00016018687968211162,True,0.0,0.0
0,2024,data/raw/sow_call_dataset_labeled/anxious_stress/1616-3.wav,6063d92c24fe5f2476915494d06f6c8a,stress_vocal,anxious_stress,63987,0.999796875,DEMAND,TBUS,data/noise_sources/demand/audio/TBUS/ch01.wav,4c24b6789b7a96fa5500d0a785093324ffbbb01a772914cef9483762a2d8c34f,DEMAND:TBUS,1.0,3407.0,active_valid_region,0.0,True,zero_shot_frozen,False,3755348.0,2.281319108595926e+18,9fa8dfa46f2bc38dc558ed8b9dcb87486d686992021192a6c314d93d4bb8a8e9,0.0,demand_noise_offset_v2,627.475414910057,0.09942230776648488,6311.213539559159,2.243932897498337e-07,-0.0003734076147828648,5102.8125,0.00019577438912364505,True,6.0,0.0
0,2024,data/raw/sow_call_dataset_labeled/calm_grunt/155-0.wav,68510d2282aa7349ec4e06faa0638875,calm_grunt,calm_grunt,64000,1.0,DEMAND,TBUS,data/noise_sources/demand/audio/TBUS/ch01.wav,4c24b6789b7a96fa5500d0a785093324ffbbb01a772914cef9483762a2d8c34f,DEMAND:TBUS,1.0,3407.0,active_valid_region,0.0,True,zero_shot_frozen,False,5918982.0,5.752111222390636e+18,4fd39aae4721ba03d43eff590707e5910587c82485192f57ea76877b97bb7087,0.0,demand_noise_offset_v2,897.9188141246865,0.11434837217587443,7852.484447645965,8.473183977340833e-08,8.473183977340833e-08,11733.1982421875,8.514302574450917e-05,True,0.0,0.0
0,2024,data/raw/sow_call_dataset_labeled/anxious_stress/1468-3.wav,d20184e28961e933d131951e2eb5242b,stress_vocal,anxious_stress,64000,1.0,DEMAND,TBUS,data/noise_sources/demand/audio/TBUS/ch01.wav,4c24b6789b7a96fa5500d0a785093324ffbbb01a772914cef9483762a2d8c34f,DEMAND:TBUS,1.0,3407.0,active_valid_region,0.0,True,zero_shot_frozen,False,4491313.0,7.269086789640748e+18,e4e0fbec02057b9b328b2f81dc4dc03bb968937bfcb909bcfd328ca06dd71c23,0.0,demand_noise_offset_v2,483.6170731235223,0.018015669183658906,26844.246982631466,2.8941238065796116e-07,2.8941238065796116e-07,4583.3212890625,0.00021796420913890185,True,0.0,0.0
0,2024,data/raw/sow_call_dataset_labeled/calm_grunt/86-0.wav,6686d8c376a0e89e3ba4cf02a3221421,calm_grunt,calm_grunt,64000,1.0,DEMAND,TBUS,data/noise_sources/demand/audio/TBUS/ch01.wav,4c24b6789b7a96fa5500d0a785093324ffbbb01a772914cef9483762a2d8c34f,DEMAND:TBUS,1.0,3407.0,active_valid_region,0.0,True,zero_shot_frozen,False,573668.0,6.653702327138005e+18,dc56b30382402fb89639a6adf364fa5f2bdf2ecb2eb4e47b57442a160ca2538f,0.0,demand_noise_offset_v2,953.8544513051378,0.07376056129186355,12931.767798387897,1.4933036538220305e-07,1.4933036538220305e-07,18372.779296875,5.4373918276475376e-05,True,0.0,0.0
0,2024,data/external/korea_raw/abdominal_cough/train_abdominal_05140.wav,ffc07baef90cf2dfcbaa9c4fa0e982c0,cough,abdominal_cough,13985,0.218515625,DEMAND,TBUS,data/noise_sources/demand/audio/TBUS/ch01.wav,4c24b6789b7a96fa5500d0a785093324ffbbb01a772914cef9483762a2d8c34f,DEMAND:TBUS,1.0,3407.0,active_valid_region,0.0,True,zero_shot_frozen,False,3102600.0,3.29942359755792e+18,adc9e847e7fb30df63c14b60aef5b86106f37719e122cc615de9910e6ce0e57d,0.0,demand_noise_offset_v2,0.0378744874036115,0.027000572994667252,1.4027290239763393,-6.644375191132109e-08,-6.423501422144756,0.2762296497821808,1.0,False,25007.0,0.0
0,2024,data/raw/sow_call_dataset_labeled/feeding/321-1.wav,09b3ffe59b3de4c1fad3e875d3de4e0d,feeding,feeding,63992,0.999875,DEMAND,TBUS,data/noise_sources/demand/audio/TBUS/ch01.wav,4c24b6789b7a96fa5500d0a785093324ffbbb01a772914cef9483762a2d8c34f,DEMAND:TBUS,1.0,3407.0,active_valid_region,0.0,True,zero_shot_frozen,False,8261212.0,7.560182584505163e+18,68eb2a014a865de93e4cbded190abd92c400c573e16bf91675d10178fd2cc1b4,0.0,demand_noise_offset_v2,670.3121940538623,0.014028868123620362,47780.9177580948,-3.884513938461788e-08,-0.0005601994041096332,6272.5888671875,0.0001592643836783027,True,4.0,0.0
0,2024,data/raw/sow_call_dataset_labeled/feeding/461-1.wav,81b6b443e611971e62ee7f480b5e80b8,feeding,feeding,64000,1.0,DEMAND,STRAFFIC,data/noise_sources/demand/audio/STRAFFIC/ch01.wav,5cd76b6a746746009de5d2b3e6955a3facbb7d1f9e5ba3450140372694dc33f1,DEMAND:STRAFFIC,1.0,3407.0,active_valid_region,20.0,True,zero_shot_frozen,False,970743.0,1.0901558491498015e+18,8f2102f80a6363ebd2dd3144a40d03882a97b9f7e1d5a92d4d83cb7de15983e4,0.0,demand_noise_offset_v2,330.3920405704791,0.03440747987283822,960.2331870614433,19.999999750468525,19.999999750468525,2972.9560546875,0.0003360291849672191,True,0.0,20.0
0,2024,data/raw/sow_call_dataset_labeled/calm_grunt/74-0.wav,231dcdc74cf41f59690ae1408467d2ee,calm_grunt,calm_grunt,64000,1.0,DEMAND,STRAFFIC,data/noise_sources/demand/audio/STRAFFIC/ch01.wav,5cd76b6a746746009de5d2b3e6955a3facbb7d1f9e5ba3450140372694dc33f1,DEMAND:STRAFFIC,1.0,3407.0,active_valid_region,20.0,True,zero_shot_frozen,False,990632.0,8.483478084582994e+18,75bb5e5edb616f6fd9f726a6fe1d21ffb38817efd62cfb8d6d400bf8fb1d0171,0.0,demand_noise_offset_v2,689.0697472656415,0.04261919412175337,1616.8061397339552,19.99999994442925,19.99999994442925,15029.4833984375,6.64693505103348e-05,True,0.0,20.0
0,2024,data/external/korea_raw/dry_cough/train_dry_16871.wav,0087b3873541a379748a345b960d0af7,cough,dry_cough,15649,0.244515625,DEMAND,STRAFFIC,data/noise_sources/demand/audio/STRAFFIC/ch01.wav,5cd76b6a746746009de5d2b3e6955a3facbb7d1f9e5ba3450140372694dc33f1,DEMAND:STRAFFIC,1.0,3407.0,active_valid_region,20.0,True,zero_shot_frozen,False,5012885.0,6.569791830409148e+18,5b2c96dc8bccf6675e1e95f7c4dbb2b2a52b85a8344b936618874398a0ce4ef7,0.0,demand_noise_offset_v2,0.05542253586361861,0.014263076580510629,0.38857349990919304,20.000000052802203,14.085085257494569,0.3554365932941437,1.0,False,24175.0,20.0
0,2024,data/raw/sow_call_dataset_labeled/anxious_stress/1567-3.wav,d76bf0e98eb7f34a4269a6dcebf2b860,stress_vocal,anxious_stress,64000,1.0,DEMAND,STRAFFIC,data/noise_sources/demand/audio/STRAFFIC/ch01.wav,5cd76b6a746746009de5d2b3e6955a3facbb7d1f9e5ba3450140372694dc33f1,DEMAND:STRAFFIC,1.0,3407.0,active_valid_region,20.0,True,zero_shot_frozen,False,8629889.0,4.4980168085577723e+18,be6c2a74b3d27e4587ee926ae85f1f311fc03cfab6f618e4b146f496ab4f5a93,0.0,demand_noise_offset_v2,2160.9679133716404,0.007744600885498318,27902.895776308236,19.99999978038566,19.99999978038566,12205.6923828125,8.184705698521013e-05,True,0.0,20.0
0,2024,data/external/korea_raw/abdominal_cough/train_abdominal_00145.wav,e49ea7e3eb02dd8208d5767cc2a865bd,cough,abdominal_cough,13760,0.215,DEMAND,STRAFFIC,data/noise_sources/demand/audio/STRAFFIC/ch01.wav,5cd76b6a746746009de5d2b3e6955a3facbb7d1f9e5ba3450140372694dc33f1,DEMAND:STRAFFIC,1.0,3407.0,active_valid_region,20.0,True,zero_shot_frozen,False,1127932.0,5.072162323738803e+18,c663f0c28d923ca4b4c09e4d4a06579ad960b1fab9994242f85aedb81eb5ca35,0.0,demand_noise_offset_v2,0.054280202175761995,0.014385691649690889,0.3773207677291508,20.00000002093451,12.272046490651062,0.30072396993637085,1.0,False,25120.0,20.0
0,2024,data/raw/sow_call_dataset_labeled/calm_grunt/126-0.wav,36fb7ca69b77d3439d07d4eed5009620,calm_grunt,calm_grunt,64000,1.0,DEMAND,STRAFFIC,data/noise_sources/demand/audio/STRAFFIC/ch01.wav,5cd76b6a746746009de5d2b3e6955a3facbb7d1f9e5ba3450140372694dc33f1,DEMAND:STRAFFIC,1.0,3407.0,active_valid_region,20.0,True,zero_shot_frozen,False,4775453.0,8.242777855647401e+17,8b706c475cd4f9e654a6f41b218e34560a62bc54d84d68aba55ae99ccff0d7f1,0.0,demand_noise_offset_v2,612.6466638729408,0.01779017513398223,3443.735990561906,19.99999976533922,19.99999976533922,7972.0185546875,0.00012531330592709092,True,0.0,20.0
0,2024,data/raw/sow_call_dataset_labeled/feeding/422-1.wav,ad0e6cc5f381d90941387e48ac3c90e5,feeding,feeding,64000,1.0,DEMAND,STRAFFIC,data/noise_sources/demand/audio/STRAFFIC/ch01.wav,5cd76b6a746746009de5d2b3e6955a3facbb7d1f9e5ba3450140372694dc33f1,DEMAND:STRAFFIC,1.0,3407.0,active_valid_region,20.0,True,zero_shot_frozen,False,229108.0,1.0006489262054593e+18,0de304e58f5a3b9795b7fb5b6a402825635f5e643fc28a797a6fb63c6516c7ba,0.0,demand_noise_offset_v2,553.9720628504172,0.023598795295431286,2347.4590796491457,20.00000034449386,20.00000034449386,6390.197265625,0.00015633320200832512,True,0.0,20.0
0,2024,data/raw/sow_call_dataset_labeled/frightened_stress/1033-2.wav,8922fbed7e0303ce8677c3bc946a39ed,stress_vocal,frightened_stress,63995,0.999921875,DEMAND,STRAFFIC,data/noise_sources/demand/audio/STRAFFIC/ch01.wav,5cd76b6a746746009de5d2b3e6955a3facbb7d1f9e5ba3450140372694dc33f1,DEMAND:STRAFFIC,1.0,3407.0,active_valid_region,20.0,True,zero_shot_frozen,False,7318311.0,8.231775114052289e+18,723d23da37fcc150d1c7cde3be483f2fc0ae3e34f236991cf708964a2ac938e8,0.0,demand_noise_offset_v2,242.93468520624987,0.007278378508381301,3337.75833348736,20.000000089334016,19.998796760702685,2138.262451171875,0.00046720176910579797,True,2.0,20.0
0,2024,data/external/korea_raw/dry_cough/train_dry_08957.wav,24488fa53abe2228b8830f93c083ba5d,cough,dry_cough,16000,0.25,DEMAND,STRAFFIC,data/noise_sources/demand/audio/STRAFFIC/ch01.wav,5cd76b6a746746009de5d2b3e6955a3facbb7d1f9e5ba3450140372694dc33f1,DEMAND:STRAFFIC,1.0,3407.0,active_valid_region,20.0,True,zero_shot_frozen,False,4910955.0,6.414888772076209e+18,d9064359c53e85ba576507891a0d187f21ef773a0b25c833a782e4fc5416f035,0.0,demand_noise_offset_v2,0.1368990824889901,0.02487906095258929,0.550258238242478,20.000000299059693,14.811396620937732,0.7589441537857056,1.0,False,24000.0,20.0
0,2024,data/raw/sow_call_dataset_labeled/calm_grunt/191-0.wav,3edbcd7e4d484f1fa45cd8c3904ed2b2,calm_grunt,calm_grunt,64000,1.0,DEMAND,STRAFFIC,data/noise_sources/demand/audio/STRAFFIC/ch01.wav,5cd76b6a746746009de5d2b3e6955a3facbb7d1f9e5ba3450140372694dc33f1,DEMAND:STRAFFIC,1.0,3407.0,active_valid_region,20.0,True,zero_shot_frozen,False,3935951.0,6.25156535614979e+18,56c20591b7725382445f7df985ebe65933f8dede4b1fcd098073d60ab9fdbebc,0.0,demand_noise_offset_v2,1322.3588303029073,0.02277975610922898,5804.9736088577665,19.999999967212503,19.999999967212503,17361.548828125,5.7540949248817064e-05,True,0.0,20.0
0,2024,data/external/korea_raw/dry_cough/train_dry_03883.wav,d33384b82a4c07ee3479d6a84e6a107a,cough,dry_cough,16000,0.25,DEMAND,STRAFFIC,data/noise_sources/demand/audio/STRAFFIC/ch01.wav,5cd76b6a746746009de5d2b3e6955a3facbb7d1f9e5ba3450140372694dc33f1,DEMAND:STRAFFIC,1.0,3407.0,active_valid_region,20.0,True,zero_shot_frozen,False,1462460.0,6.266484585214763e+18,56f706876c2fdeba7e9bb0dbf5d3740e98e22d031454b01800bfd61ea3c74b3d,0.0,demand_noise_offset_v2,0.05905472440135938,0.014445581534117355,0.4088082176676988,19.99999970850787,15.049803828483249,0.3464145064353943,1.0,False,24000.0,20.0
0,2024,data/raw/sow_call_dataset_labeled/calm_grunt/164-0.wav,d61f937fb7139f1bd2472783afd2378a,calm_grunt,calm_grunt,64000,1.0,DEMAND,STRAFFIC,data/noise_sources/demand/audio/STRAFFIC/ch01.wav,5cd76b6a746746009de5d2b3e6955a3facbb7d1f9e5ba3450140372694dc33f1,DEMAND:STRAFFIC,1.0,3407.0,active_valid_region,20.0,True,zero_shot_frozen,False,4976001.0,6.189412990588895e+18,d5e53652703d3f335ba345998f1356cc8d1e5b37a6d785459d17e70407d077e5,0.0,demand_noise_offset_v2,1226.1967713311983,0.012610290973582221,9723.778570217013,20.000000221523514,20.000000221523514,15054.666015625,6.635816423713111e-05,True,0.0,20.0
0,2024,data/external/korea_raw/dry_cough/train_dry_05642.wav,88d7f4aa29a5020b78bb91ee3a01937f,cough,dry_cough,13056,0.204,DEMAND,STRAFFIC,data/noise_sources/demand/audio/STRAFFIC/ch01.wav,5cd76b6a746746009de5d2b3e6955a3facbb7d1f9e5ba3450140372694dc33f1,DEMAND:STRAFFIC,1.0,3407.0,active_valid_region,20.0,True,zero_shot_frozen,False,8434406.0,8.580082896444822e+18,771293ef61ff8f88f16f0e4058423db560fe373c37ebfc7f792d96089b6ad16b,0.0,demand_noise_offset_v2,0.060270272855776005,0.00850444542655085,0.7086913941220955,19.999999702081983,11.104427767962408,0.3811008334159851,1.0,False,25472.0,20.0
0,2024,data/raw/sow_call_dataset_labeled/feeding/386-1.wav,14e3565af5b36ce69c196167511c0621,feeding,feeding,64000,1.0,DEMAND,STRAFFIC,data/noise_sources/demand/audio/STRAFFIC/ch01.wav,5cd76b6a746746009de5d2b3e6955a3facbb7d1f9e5ba3450140372694dc33f1,DEMAND:STRAFFIC,1.0,3407.0,active_valid_region,20.0,True,zero_shot_frozen,False,2646951.0,4.2410001406687616e+17,05e2b4b73fb1bf1b4ecad6456fa81c5972b0f5e5edff0a89aa739fe60f8c569f,0.0,demand_noise_offset_v2,302.42735361492004,0.023221042163402855,1302.384929525496,20.000000277316914,20.000000277316914,2656.360107421875,0.0003760785283624732,True,0.0,20.0
0,2024,data/raw/sow_call_dataset_labeled/anxious_stress/1691-3.wav,ff6ed75be70451ec0c28fb565f81cd54,stress_vocal,anxious_stress,63988,0.9998125,DEMAND,STRAFFIC,data/noise_sources/demand/audio/STRAFFIC/ch01.wav,5cd76b6a746746009de5d2b3e6955a3facbb7d1f9e5ba3450140372694dc33f1,DEMAND:STRAFFIC,1.0,3407.0,active_valid_region,20.0,True,zero_shot_frozen,False,8906761.0,1.9428996974088896e+17,02b241b2b5d3bb7ab4e2f7d7a80a32de95880a77fc4d0557e7cff4059e160c85,0.0,demand_noise_offset_v2,496.3896603203642,0.007184286163742658,6909.380403379836,20.000000036570583,19.99873356718678,4036.108642578125,0.0002475156365865002,True,6.0,20.0
0,2024,data/external/korea_raw/abdominal_cough/train_abdominal_04314.wav,14cfa356c56f5fb97ab95f6e8f359b80,cough,abdominal_cough,20001,0.312515625,DEMAND,STRAFFIC,data/noise_sources/demand/audio/STRAFFIC/ch01.wav,5cd76b6a746746009de5d2b3e6955a3facbb7d1f9e5ba3450140372694dc33f1,DEMAND:STRAFFIC,1.0,3407.0,active_valid_region,20.0,True,zero_shot_frozen,False,3399054.0,7.386046038919683e+17,8a400cf95472e915b99815f906333c8bd97b320e60c32df4fef99d49da67fadb,0.0,demand_noise_offset_v2,0.041687123283452435,0.023169587220236137,0.17992173484663215,20.000000167069366,14.074330366176637,0.21208596229553223,1.0,False,21999.0,20.0
0,2024,data/external/korea_raw/dry_cough/train_dry_17215.wav,7de8d3e02d0b1fe49ade87fb918a2119,cough,dry_cough,13536,0.2115,DEMAND,STRAFFIC,data/noise_sources/demand/audio/STRAFFIC/ch01.wav,5cd76b6a746746009de5d2b3e6955a3facbb7d1f9e5ba3450140372694dc33f1,DEMAND:STRAFFIC,1.0,3407.0,active_valid_region,20.0,True,zero_shot_frozen,False,6330366.0,1.5478862477688701e+18,957b32575ef9cc937541dbc4b719cb6dc3c96380e1b011c5d15e42997e093621,0.0,demand_noise_offset_v2,0.3094046526918556,0.014409982407113886,2.1471549648742765,19.999999679424242,13.28848385711259,1.0762063264846802,0.9282606647213579,True,25232.0,20.0
0,2024,data/external/korea_raw/dry_cough/train_dry_08205.wav,6704c14d5e967fb2463c9162bfcd787d,cough,dry_cough,22977,0.359015625,DEMAND,STRAFFIC,data/noise_sources/demand/audio/STRAFFIC/ch01.wav,5cd76b6a746746009de5d2b3e6955a3facbb7d1f9e5ba3450140372694dc33f1,DEMAND:STRAFFIC,1.0,3407.0,active_valid_region,20.0,True,zero_shot_frozen,False,6734035.0,2.5623352147060326e+18,238f3e4d4c06ffc5c443c851feaec8f2aff149d314f0c019ec4c2085eb2f6047,0.0,demand_noise_offset_v2,0.09645465766897002,0.011661210684287502,0.8271410257507356,19.999999781800497,14.307656196653786,0.5511031150817871,1.0,False,20511.0,20.0
0,2024,data/raw/sow_call_dataset_labeled/feeding/372-1.wav,a51ab823a33ac9f98b57ddd7d4c7dbac,feeding,feeding,64000,1.0,DEMAND,STRAFFIC,data/noise_sources/demand/audio/STRAFFIC/ch01.wav,5cd76b6a746746009de5d2b3e6955a3facbb7d1f9e5ba3450140372694dc33f1,DEMAND:STRAFFIC,1.0,3407.0,active_valid_region,20.0,True,zero_shot_frozen,False,8488578.0,6.950258491486825e+18,607447462236eddbe479322b0770755c4edc2af7427626c2a59aed3a00c734be,0.0,demand_noise_offset_v2,174.77702599599246,0.011513874730779333,1517.9687992329098,20.00000028773774,20.00000028773774,2067.3505859375,0.00048322718304064257,True,0.0,20.0
0,2024,data/raw/sow_call_dataset_labeled/calm_grunt/234-0.wav,60811846bec973804cf5cb64ea03726f,calm_grunt,calm_grunt,64000,1.0,DEMAND,STRAFFIC,data/noise_sources/demand/audio/STRAFFIC/ch01.wav,5cd76b6a746746009de5d2b3e6955a3facbb7d1f9e5ba3450140372694dc33f1,DEMAND:STRAFFIC,1.0,3407.0,active_valid_region,20.0,True,zero_shot_frozen,False,8757404.0,4.5736088743750006e+18,bf78b90a0ab232a44f3110651ff851da933c0b2b077c66ad2303bddba6ecaac2,0.0,demand_noise_offset_v2,1365.608504954749,0.008388728049651744,16279.088997424844,20.00000006873487,20.00000006873487,16332.43359375,6.1166634737293e-05,True,0.0,20.0
0,2024,data/raw/sow_call_dataset_labeled/anxious_stress/1358-3.wav,2d25df36b23419dad4eac8cb0c26741b,stress_vocal,anxious_stress,64000,1.0,DEMAND,STRAFFIC,data/noise_sources/demand/audio/STRAFFIC/ch01.wav,5cd76b6a746746009de5d2b3e6955a3facbb7d1f9e5ba3450140372694dc33f1,DEMAND:STRAFFIC,1.0,3407.0,active_valid_region,20.0,True,zero_shot_frozen,False,4875903.0,6.882431747873697e+18,5f834f35c2e1ebe77bcc4b893b67d2888ba4bf1dda0aa9193473f0a66e3d65f6,0.0,demand_noise_offset_v2,249.80913756039314,0.023569786823796422,1059.8701610155504,20.000000358446165,20.000000358446165,2195.579833984375,0.0004550050900162847,True,0.0,20.0
0,2024,data/external/korea_raw/abdominal_cough/train_abdominal_04310.wav,f720b0ab06424dff180f34747009278e,cough,abdominal_cough,12000,0.1875,DEMAND,STRAFFIC,data/noise_sources/demand/audio/STRAFFIC/ch01.wav,5cd76b6a746746009de5d2b3e6955a3facbb7d1f9e5ba3450140372694dc33f1,DEMAND:STRAFFIC,1.0,3407.0,active_valid_region,20.0,True,zero_shot_frozen,False,5232394.0,9.16435724519638e+18,ff2e565c12b5287d61d4f7cc965e8c01d40fa25ee52350b21c073f542c512ed1,0.0,demand_noise_offset_v2,0.048781646970011076,0.009531244060853544,0.5118077625392647,20.000000383177266,11.98812153025952,0.21340835094451904,1.0,False,26000.0,20.0
0,2024,data/raw/sow_call_dataset_labeled/anxious_stress/1628-3.wav,b4bafd8c58512f0cbd5d3fc95eff2e5e,stress_vocal,anxious_stress,64000,1.0,DEMAND,STRAFFIC,data/noise_sources/demand/audio/STRAFFIC/ch01.wav,5cd76b6a746746009de5d2b3e6955a3facbb7d1f9e5ba3450140372694dc33f1,DEMAND:STRAFFIC,1.0,3407.0,active_valid_region,20.0,True,zero_shot_frozen,False,7927918.0,7.922591686680416e+18,edf2b329d10c8e87fde70b87609290cfe3851e7213dc952cf0e4610e753c5d71,0.0,demand_noise_offset_v2,716.2477665910692,0.016915583999040546,4234.247937474076,19.999999773942644,19.999999773942644,6941.4365234375,0.00014391833687838447,True,0.0,20.0
0,2024,data/external/korea_raw/dry_cough/train_dry_10991.wav,fed26a33f0b741bc95bbf8e3ae6cdaa1,cough,dry_cough,10016,0.1565,DEMAND,STRAFFIC,data/noise_sources/demand/audio/STRAFFIC/ch01.wav,5cd76b6a746746009de5d2b3e6955a3facbb7d1f9e5ba3450140372694dc33f1,DEMAND:STRAFFIC,1.0,3407.0,active_valid_region,20.0,True,zero_shot_frozen,False,3502336.0,8.938555917542676e+18,7c0c213f9e18d78af2456808648dcff78defd15bf37c4359a63702f3a55258a0,0.0,demand_noise_offset_v2,0.11561164243036151,0.018348494576197572,0.6300878905909683,19.9999997009003,11.61855228921334,0.5792847871780396,1.0,False,26992.0,20.0
0,2024,data/raw/sow_call_dataset_labeled/anxious_stress/1697-3.wav,07cbbc074a5616ad1173d36f2d5a9c57,stress_vocal,anxious_stress,63996,0.9999375,DEMAND,STRAFFIC,data/noise_sources/demand/audio/STRAFFIC/ch01.wav,5cd76b6a746746009de5d2b3e6955a3facbb7d1f9e5ba3450140372694dc33f1,DEMAND:STRAFFIC,1.0,3407.0,active_valid_region,20.0,True,zero_shot_frozen,False,9389488.0,1.3489805696505444e+18,92b88aae4eecbf693979f2485c04874bb580be8c9fc086b6bc071388d533654f,0.0,demand_noise_offset_v2,485.1177626907367,0.02121732281891093,2286.4230649229357,19.9999998768181,19.99988669206668,2515.010986328125,0.00039721496463859335,True,2.0,20.0
0,2024,data/raw/sow_call_dataset_labeled/feeding/407-1.wav,194745edca2b4ea2108f74e6798de76b,feeding,feeding,64000,1.0,DEMAND,STRAFFIC,data/noise_sources/demand/audio/STRAFFIC/ch01.wav,5cd76b6a746746009de5d2b3e6955a3facbb7d1f9e5ba3450140372694dc33f1,DEMAND:STRAFFIC,1.0,3407.0,active_valid_region,20.0,True,zero_shot_frozen,False,8331630.0,8.712049248740845e+18,f8e76aa220e822b70e507c69a4fa56dbc7960ef32cf4f5014b6074738adbd775,0.0,demand_noise_offset_v2,651.8142671797953,0.01293821664792823,5037.898845851903,19.999999861199985,19.999999861199985,4839.11083984375,0.0002064428844602073,True,0.0,20.0
0,2024,data/external/korea_raw/abdominal_cough/train_abdominal_00976.wav,482167f50b0581254cf3db0cbf02e6d8,cough,abdominal_cough,10113,0.158015625,DEMAND,STRAFFIC,data/noise_sources/demand/audio/STRAFFIC/ch01.wav,5cd76b6a746746009de5d2b3e6955a3facbb7d1f9e5ba3450140372694dc33f1,DEMAND:STRAFFIC,1.0,3407.0,active_valid_region,20.0,True,zero_shot_frozen,False,2986705.0,8.272918442096888e+18,f2cf4f7dc4f68880d1bf1702a94f31c18001575c820d65bc2f8f0095ca34685d,0.0,demand_noise_offset_v2,0.04119018243817605,0.014025338551788969,0.293684051091388,19.999999576366758,14.106676420722302,0.27846887707710266,1.0,False,26943.0,20.0
0,2024,data/raw/sow_call_dataset_labeled/calm_grunt/198-0.wav,d6f78c29d16485f14e15c559ba612000,calm_grunt,calm_grunt,64000,1.0,DEMAND,STRAFFIC,data/noise_sources/demand/audio/STRAFFIC/ch01.wav,5cd76b6a746746009de5d2b3e6955a3facbb7d1f9e5ba3450140372694dc33f1,DEMAND:STRAFFIC,1.0,3407.0,active_valid_region,20.0,True,zero_shot_frozen,False,1128201.0,8.838667536967278e+18,7aa9414bacb61b5a03c31994c5175e55088b166d169ed9b0422dbccb525b5581,0.0,demand_noise_offset_v2,885.5858411836019,0.016246632427690047,5450.888638769523,19.999999957454293,19.999999957454293,15606.1611328125,6.401317989082962e-05,True,0.0,20.0
0,2024,data/raw/sow_call_dataset_labeled/anxious_stress/1471-3.wav,ed129f6416e1cbbabfb2990dc4759456,stress_vocal,anxious_stress,63998,0.99996875,DEMAND,STRAFFIC,data/noise_sources/demand/audio/STRAFFIC/ch01.wav,5cd76b6a746746009de5d2b3e6955a3facbb7d1f9e5ba3450140372694dc33f1,DEMAND:STRAFFIC,1.0,3407.0,active_valid_region,20.0,True,zero_shot_frozen,False,3223539.0,6.704429645897066e+18,5d0aeb3dc94ae938675e7296462c4ac30018768f570bcfdc16771a3df9140b87,0.0,demand_noise_offset_v2,3076.2518728593964,0.01705267313103771,18039.704679850372,19.999999805568983,19.99985249837538,20011.21875,4.9921996879875196e-05,True,1.0,20.0
0,2024,data/raw/sow_call_dataset_labeled/anxious_stress/1694-3.wav,4cadeb71267741745df4bb50bad5fc80,stress_vocal,anxious_stress,64000,1.0,DEMAND,STRAFFIC,data/noise_sources/demand/audio/STRAFFIC/ch01.wav,5cd76b6a746746009de5d2b3e6955a3facbb7d1f9e5ba3450140372694dc33f1,DEMAND:STRAFFIC,1.0,3407.0,active_valid_region,20.0,True,zero_shot_frozen,False,9477568.0,2.606909631787321e+18,242d9a7f843a46cce8ca617068dae9c67fd3702b680375487959f5d7d95354d7,0.0,demand_noise_offset_v2,825.0489726956336,0.0303562341686959,2717.8897359621915,20.00000028553417,20.00000028553417,5302.171875,0.00018841335655494948,True,0.0,20.0
0,2024,data/raw/sow_call_dataset_labeled/calm_grunt/142-0.wav,c549a91a9505158b9f6442db3dcff4e4,calm_grunt,calm_grunt,64000,1.0,DEMAND,STRAFFIC,data/noise_sources/demand/audio/STRAFFIC/ch01.wav,5cd76b6a746746009de5d2b3e6955a3facbb7d1f9e5ba3450140372694dc33f1,DEMAND:STRAFFIC,1.0,3407.0,active_valid_region,20.0,True,zero_shot_frozen,False,6485772.0,3.681590523820869e+18,b317a31354c986e34bee4e93349e1225f1a54663fa7a37c38a84e4234d1afc71,0.0,demand_noise_offset_v2,1281.8327474401044,0.011690773680231331,10964.481757162373,20.00000024834664,20.00000024834664,14833.974609375,6.734540312403102e-05,True,0.0,20.0
0,2024,data/raw/sow_call_dataset_labeled/anxious_stress/1437-3.wav,9dcd542137ab5deb241d9b7b2ed7c5c9,stress_vocal,anxious_stress,64000,1.0,DEMAND,STRAFFIC,data/noise_sources/demand/audio/STRAFFIC/ch01.wav,5cd76b6a746746009de5d2b3e6955a3facbb7d1f9e5ba3450140372694dc33f1,DEMAND:STRAFFIC,1.0,3407.0,active_valid_region,20.0,True,zero_shot_frozen,False,5752156.0,1.5286187411929792e+17,821f13108a94cb783c47800f505c65c6d3b98d64582506e4be19af91f7b8fa30,0.0,demand_noise_offset_v2,3939.1785986192194,0.02818434433673624,13976.477691144255,20.00000009283157,20.00000009283157,23191.380859375,4.307634832344014e-05,True,0.0,20.0
0,2024,data/external/korea_raw/abdominal_cough/train_abdominal_14437.wav,12f71686d1214f4a37e7f533b384ea35,cough,abdominal_cough,17280,0.27,DEMAND,STRAFFIC,data/noise_sources/demand/audio/STRAFFIC/ch01.wav,5cd76b6a746746009de5d2b3e6955a3facbb7d1f9e5ba3450140372694dc33f1,DEMAND:STRAFFIC,1.0,3407.0,active_valid_region,20.0,True,zero_shot_frozen,False,2711298.0,9.075815886862353e+17,0c9860a57653e6983cb12d00f17ab695b12e0bf4b822792f124ad75d797ba159,0.0,demand_noise_offset_v2,0.05661227773846427,0.015813796004614286,0.35799296843051126,19.999999793548106,13.722275381694043,0.29454725980758667,1.0,False,23360.0,20.0
0,2024,data/raw/sow_call_dataset_labeled/anxious_stress/1561-3.wav,5fb81c5b843c88128bdd4a3474a270e3,stress_vocal,anxious_stress,64000,1.0,DEMAND,STRAFFIC,data/noise_sources/demand/audio/STRAFFIC/ch01.wav,5cd76b6a746746009de5d2b3e6955a3facbb7d1f9e5ba3450140372694dc33f1,DEMAND:STRAFFIC,1.0,3407.0,active_valid_region,20.0,True,zero_shot_frozen,False,8968210.0,2.4565107214210368e+17,8368ba593db95474e77a34d0eb81365a86a4a806a8ad55ad2c33a6993ef84010,0.0,demand_noise_offset_v2,583.0942348172008,0.006601096092667317,8833.294147390436,20.000000195448578,20.000000195448578,5196.4521484375,0.00019224655042775392,True,0.0,20.0
0,2024,data/raw/sow_call_dataset_labeled/calm_grunt/146-0.wav,e555283d4dcff3cbe68b58ea6baa9321,calm_grunt,calm_grunt,64000,1.0,DEMAND,STRAFFIC,data/noise_sources/demand/audio/STRAFFIC/ch01.wav,5cd76b6a746746009de5d2b3e6955a3facbb7d1f9e5ba3450140372694dc33f1,DEMAND:STRAFFIC,1.0,3407.0,active_valid_region,20.0,True,zero_shot_frozen,False,5639118.0,2.818272164507595e+17,03e9405c3495ab3850009fcdf0bbf6c7b20eb06a564829b539977d5123256b25,0.0,demand_noise_offset_v2,1034.7847744680178,0.03472802463296915,2979.6822174724034,20.00000025683539,20.00000025683539,15558.30859375,6.421006460826422e-05,True,0.0,20.0
0,2024,data/raw/sow_call_dataset_labeled/feeding/385-1.wav,9fe1b1d16ab7b011126eec1b974d15be,feeding,feeding,64000,1.0,DEMAND,STRAFFIC,data/noise_sources/demand/audio/STRAFFIC/ch01.wav,5cd76b6a746746009de5d2b3e6955a3facbb7d1f9e5ba3450140372694dc33f1,DEMAND:STRAFFIC,1.0,3407.0,active_valid_region,20.0,True,zero_shot_frozen,False,3123037.0,7.619172072184477e+18,e9bcbca1ad21f2344e59e410bf92cafc667e561b6acb0ab2c59a78cb20341aef,0.0,demand_noise_offset_v2,652.0218966575002,0.012745207594998741,5115.820137079254,19.99999970217945,19.99999970217945,5493.98974609375,0.00018183506816886458,True,0.0,20.0
0,2024,data/raw/sow_call_dataset_labeled/feeding/347-1.wav,025adb61783547ff9a35c44600e53f23,feeding,feeding,64000,1.0,DEMAND,STRAFFIC,data/noise_sources/demand/audio/STRAFFIC/ch01.wav,5cd76b6a746746009de5d2b3e6955a3facbb7d1f9e5ba3450140372694dc33f1,DEMAND:STRAFFIC,1.0,3407.0,active_valid_region,20.0,True,zero_shot_frozen,False,4830558.0,3.6557370772167224e+18,32bbc980b7ba3ef8e3f12ecda5c77e9a1ba8327628f31db21ebfa07e90dd653b,0.0,demand_noise_offset_v2,352.84780930980054,0.021884758937689687,1612.29927327246,19.999999766679256,19.999999766679256,3962.56884765625,0.0002521091843213982,True,0.0,20.0
0,2024,data/raw/sow_call_dataset_labeled/calm_grunt/220-0.wav,3a8f7f2ee112f7bb25ecfbfa9daf8e5a,calm_grunt,calm_grunt,64000,1.0,DEMAND,STRAFFIC,data/noise_sources/demand/audio/STRAFFIC/ch01.wav,5cd76b6a746746009de5d2b3e6955a3facbb7d1f9e5ba3450140372694dc33f1,DEMAND:STRAFFIC,1.0,3407.0,active_valid_region,20.0,True,zero_shot_frozen,False,1015863.0,3.075599494047178e+18,aaaeb971d20d9d502d1315e763ac3b0885edbe2745771536dc62eace462abd1c,0.0,demand_noise_offset_v2,1629.5622357778977,0.0426731879544293,3818.702829322495,19.999999884240736,19.999999884240736,18143.7890625,5.506016392489682e-05,True,0.0,20.0
0,2024,data/raw/sow_call_dataset_labeled/feeding/326-1.wav,68271e05998f6bb287503513fa9477b1,feeding,feeding,63986,0.99978125,DEMAND,STRAFFIC,data/noise_sources/demand/audio/STRAFFIC/ch01.wav,5cd76b6a746746009de5d2b3e6955a3facbb7d1f9e5ba3450140372694dc33f1,DEMAND:STRAFFIC,1.0,3407.0,active_valid_region,20.0,True,zero_shot_frozen,False,8741236.0,2.875683431377412e+18,27e87ad845ba20069a3a9c807e60dd690251c0b03a30bd89554ede5c6a0db453,0.0,demand_noise_offset_v2,1257.3880442340817,0.008693882082279001,14462.906585736344,20.00000020648923,19.999513582483566,12917.48046875,7.733706293706293e-05,True,7.0,20.0
0,2024,data/raw/sow_call_dataset_labeled/feeding/362-1.wav,b3e4cd2d5cf837b812811f490fed3fb1,feeding,feeding,63995,0.999921875,DEMAND,STRAFFIC,data/noise_sources/demand/audio/STRAFFIC/ch01.wav,5cd76b6a746746009de5d2b3e6955a3facbb7d1f9e5ba3450140372694dc33f1,DEMAND:STRAFFIC,1.0,3407.0,active_valid_region,20.0,True,zero_shot_frozen,False,1505508.0,6.862535559875716e+18,df3c9fbb80e0e3d6034c937ad55e2df0abdbe99b26649d3c6549b6c99556eea3,0.0,demand_noise_offset_v2,603.1509733220147,0.011427033070914566,5278.281506485054,19.999999622919155,19.99937638826578,5572.90283203125,0.00017926025809351454,True,2.0,20.0
0,2024,data/raw/sow_call_dataset_labeled/anxious_stress/1272-3.wav,ff6f943b9956c3adcddfef8911c4d1af,stress_vocal,anxious_stress,64000,1.0,DEMAND,STRAFFIC,data/noise_sources/demand/audio/STRAFFIC/ch01.wav,5cd76b6a746746009de5d2b3e6955a3facbb7d1f9e5ba3450140372694dc33f1,DEMAND:STRAFFIC,1.0,3407.0,active_valid_region,20.0,True,zero_shot_frozen,False,1905793.0,5.547566185038508e+18,4cfcea0d933071544f270621dd1078581348450cab31ec0a700c65b8b76cfcde,0.0,demand_noise_offset_v2,425.3430541197819,0.010582461349002887,4019.3206484978955,20.000000200087655,20.000000200087655,2702.90625,0.00036960216433699834,True,0.0,20.0
0,2024,data/raw/sow_call_dataset_labeled/frightened_stress/934-2.wav,c1bbeae49e86333d4bd2c70e7d1857ff,stress_vocal,frightened_stress,63988,0.9998125,DEMAND,STRAFFIC,data/noise_sources/demand/audio/STRAFFIC/ch01.wav,5cd76b6a746746009de5d2b3e6955a3facbb7d1f9e5ba3450140372694dc33f1,DEMAND:STRAFFIC,1.0,3407.0,active_valid_region,20.0,True,zero_shot_frozen,False,6496467.0,4.967434014403003e+18,44efdeeae1af02c2de3b4b1f39d0f5f50b2bff8f6efe73331632fffd9e11fdee,0.0,demand_noise_offset_v2,165.8682129147972,0.011439496621138976,1449.9607667027092,19.999999700716288,19.9999244379261,2221.800048828125,0.00044963542085027703,True,6.0,20.0
0,2024,data/raw/sow_call_dataset_labeled/feeding/417-1.wav,8f86c8ddfdba8a759f93ddcddf3c6ca4,feeding,feeding,64000,1.0,DEMAND,STRAFFIC,data/noise_sources/demand/audio/STRAFFIC/ch01.wav,5cd76b6a746746009de5d2b3e6955a3facbb7d1f9e5ba3450140372694dc33f1,DEMAND:STRAFFIC,1.0,3407.0,active_valid_region,20.0,True,zero_shot_frozen,False,9068237.0,1.058289184512135e+18,8eafcc68007bcf47851fb5880ba23e1ffff2713a377d0bf32090852e83037e0e,0.0,demand_noise_offset_v2,558.077182472185,0.007858662618339753,7101.426916709731,20.000000196127196,20.000000196127196,5101.11767578125,0.0001958394343151475,True,0.0,20.0
0,2024,data/raw/sow_call_dataset_labeled/frightened_stress/668-2.wav,cf12385bb9ae5881f1be95db8e682af9,stress_vocal,frightened_stress,63996,0.9999375,DEMAND,STRAFFIC,data/noise_sources/demand/audio/STRAFFIC/ch01.wav,5cd76b6a746746009de5d2b3e6955a3facbb7d1f9e5ba3450140372694dc33f1,DEMAND:STRAFFIC,1.0,3407.0,active_valid_region,20.0,True,zero_shot_frozen,False,922278.0,5.409567176748652e+18,4b12a4afa6b755493090bc05bc36b694d5c13d73ecb2f4778117982deddee249,0.0,demand_noise_offset_v2,125.29251777555456,0.02227898938788105,562.3797183713776,20.000000293373787,19.999615320939878,1228.973876953125,0.0008128732585241952,True,2.0,20.0
0,2024,data/raw/sow_call_dataset_labeled/calm_grunt/151-0.wav,af2dea9baecdb955b1cd31003d1067a8,calm_grunt,calm_grunt,64000,1.0,DEMAND,STRAFFIC,data/noise_sources/demand/audio/STRAFFIC/ch01.wav,5cd76b6a746746009de5d2b3e6955a3facbb7d1f9e5ba3450140372694dc33f1,DEMAND:STRAFFIC,1.0,3407.0,active_valid_region,20.0,True,zero_shot_frozen,False,8015507.0,7.931282510958155e+18,ee11936c06edd30fac0889ce82a25e045c0d4ecca63195073b3da50cba022d40,0.0,demand_noise_offset_v2,1022.6523819253595,0.017087242444071463,5984.888347389112,20.000000238823596,20.000000238823596,9593.2236328125,0.00010413600664775888,True,0.0,20.0
0,2024,data/raw/sow_call_dataset_labeled/anxious_stress/1777-3.wav,8c25af4b7b10e82ca566df1c08e21410,stress_vocal,anxious_stress,64000,1.0,DEMAND,STRAFFIC,data/noise_sources/demand/audio/STRAFFIC/ch01.wav,5cd76b6a746746009de5d2b3e6955a3facbb7d1f9e5ba3450140372694dc33f1,DEMAND:STRAFFIC,1.0,3407.0,active_valid_region,20.0,True,zero_shot_frozen,False,2933326.0,5.185239934354772e+18,c7f5ac3f6a62cebd136d73f3c3f89c6fd9fb34020d61cdf8146617dedbc76fda,0.0,demand_noise_offset_v2,367.3406052258028,0.006382635493212055,5755.312294058939,19.999999690671547,19.999999690671547,2153.359619140625,0.0004639262253829607,True,0.0,20.0
0,2024,data/external/korea_raw/abdominal_cough/train_abdominal_07806.wav,c3a126a94bddfdd955e8fad5c1655596,cough,abdominal_cough,21088,0.3295,DEMAND,STRAFFIC,data/noise_sources/demand/audio/STRAFFIC/ch01.wav,5cd76b6a746746009de5d2b3e6955a3facbb7d1f9e5ba3450140372694dc33f1,DEMAND:STRAFFIC,1.0,3407.0,active_valid_region,20.0,True,zero_shot_frozen,False,747963.0,8.280119438998434e+18,72e8e4c2834ef13574ba326e8dbd9d1b8e9061c68d5c2f89ef18ca4211c4bf1c,0.0,demand_noise_offset_v2,0.1663492143652448,0.00982865649218495,1.6924918934496682,20.000000021887132,13.858118705281594,1.0167555809020996,0.9825370214478231,True,21456.0,20.0
0,2024,data/raw/sow_call_dataset_labeled/feeding/288-1.wav,afb9ba311c29eb6543ac849e5b6bf4ec,feeding,feeding,63984,0.99975,DEMAND,STRAFFIC,data/noise_sources/demand/audio/STRAFFIC/ch01.wav,5cd76b6a746746009de5d2b3e6955a3facbb7d1f9e5ba3450140372694dc33f1,DEMAND:STRAFFIC,1.0,3407.0,active_valid_region,20.0,True,zero_shot_frozen,False,1619183.0,8.222655090211517e+18,721cbd3d329d723fb5c5b518e97eff405cc16235d437d6884bff5f91f0a4a20e,0.0,demand_noise_offset_v2,693.5544062944717,0.016189702365748345,4283.92314216836,19.999999591084357,19.999711364714056,7072.8154296875,0.00014124502610470907,True,8.0,20.0
0,2024,data/raw/sow_call_dataset_labeled/calm_grunt/0-0.wav,375a9f28f51a47761e2685a85bf05fd5,calm_grunt,calm_grunt,64000,1.0,DEMAND,STRAFFIC,data/noise_sources/demand/audio/STRAFFIC/ch01.wav,5cd76b6a746746009de5d2b3e6955a3facbb7d1f9e5ba3450140372694dc33f1,DEMAND:STRAFFIC,1.0,3407.0,active_valid_region,20.0,True,zero_shot_frozen,False,7863759.0,2.2680530256651246e+18,9f79be35ce8509019582058be8e356722b6f7f423f1b3b7d3a7c3ce8db88aebe,0.0,demand_noise_offset_v2,895.5736098104353,0.010279002742533985,8712.650752631846,20.00000035452423,20.00000035452423,14566.4501953125,6.858225488056652e-05,True,0.0,20.0
0,2024,data/external/korea_raw/dry_cough/train_dry_11727.wav,fc93924539d8087a01f3402a5a8c7d0b,cough,dry_cough,12000,0.1875,DEMAND,STRAFFIC,data/noise_sources/demand/audio/STRAFFIC/ch01.wav,5cd76b6a746746009de5d2b3e6955a3facbb7d1f9e5ba3450140372694dc33f1,DEMAND:STRAFFIC,1.0,3407.0,active_valid_region,20.0,True,zero_shot_frozen,False,4812555.0,5.76369914948251e+18,cffcc5d6cd2048a8313fd2d5087b1159a86aaeaa65fb9e0e1c7bf10773ddd459,0.0,demand_noise_offset_v2,0.0506836254697083,0.021138410839219125,0.23977027343830645,19.999999825974747,12.672253655463553,0.21887068450450897,1.0,False,26000.0,20.0
0,2024,data/external/korea_raw/dry_cough/train_dry_17197.wav,a81227276c0cb075353c856ae7e0af41,cough,dry_cough,11456,0.179,DEMAND,STRAFFIC,data/noise_sources/demand/audio/STRAFFIC/ch01.wav,5cd76b6a746746009de5d2b3e6955a3facbb7d1f9e5ba3450140372694dc33f1,DEMAND:STRAFFIC,1.0,3407.0,active_valid_region,20.0,True,zero_shot_frozen,False,8434243.0,8.310864306278752e+18,73561f0dc037e16b3da7407694f333ac16274c553dd79c3928d475c6427a55ad,0.0,demand_noise_offset_v2,0.16823038367116366,0.00858941644373925,1.9585775677902464,20.000000242864374,10.623078775689725,0.8896196484565735,1.0,False,26272.0,20.0
0,2024,data/raw/sow_call_dataset_labeled/feeding/431-1.wav,91ae5382a6836df66540a8ba89013364,feeding,feeding,63754,0.99615625,DEMAND,STRAFFIC,data/noise_sources/demand/audio/STRAFFIC/ch01.wav,5cd76b6a746746009de5d2b3e6955a3facbb7d1f9e5ba3450140372694dc33f1,DEMAND:STRAFFIC,1.0,3407.0,active_valid_region,20.0,True,zero_shot_frozen,False,2071757.0,6.903817971832655e+18,5fcf49de0d0b0bb58253d10d618d815c4316f70264dd4f3a3e27ce28e94de2e8,0.0,demand_noise_offset_v2,756.5556176476762,0.011791231831621101,6416.255981150208,20.000000166009706,19.98691015188063,11835.3583984375,8.440809026382232e-05,True,123.0,20.0
0,2024,data/external/korea_raw/abdominal_cough/train_abdominal_01313.wav,a01b0c33cc7f711409675f20113a2224,cough,abdominal_cough,15040,0.235,DEMAND,STRAFFIC,data/noise_sources/demand/audio/STRAFFIC/ch01.wav,5cd76b6a746746009de5d2b3e6955a3facbb7d1f9e5ba3450140372694dc33f1,DEMAND:STRAFFIC,1.0,3407.0,active_valid_region,20.0,True,zero_shot_frozen,False,2413045.0,1.5744242845430548e+18,15d97a8b8deff3f9732002cd8cd06934cb45f0befee1088470f8fc508beec35c,0.0,demand_noise_offset_v2,0.04692561887131154,0.019917393391087165,0.235601205187373,20.000000129340595,13.995948456300571,0.21932576596736908,1.0,False,24480.0,20.0
0,2024,data/raw/sow_call_dataset_labeled/calm_grunt/193-0.wav,ca1ead94c16e1fb25c9557ecd7dcc551,calm_grunt,calm_grunt,64000,1.0,DEMAND,STRAFFIC,data/noise_sources/demand/audio/STRAFFIC/ch01.wav,5cd76b6a746746009de5d2b3e6955a3facbb7d1f9e5ba3450140372694dc33f1,DEMAND:STRAFFIC,1.0,3407.0,active_valid_region,20.0,True,zero_shot_frozen,False,7072104.0,3.6526656328112755e+17,8511b00108b30866ab6176b42ee72e88247991fb37a2775a72e9bf93b9a4bcc2,0.0,demand_noise_offset_v2,1062.7202043558248,0.030347909354328004,3501.7904922148027,19.999999910603364,19.999999910603364,15855.400390625,6.300692353317611e-05,True,0.0,20.0
0,2024,data/external/korea_raw/abdominal_cough/train_abdominal_10313.wav,c13956b428478c5dd0c3458c16330570,cough,abdominal_cough,14016,0.219,DEMAND,STRAFFIC,data/noise_sources/demand/audio/STRAFFIC/ch01.wav,5cd76b6a746746009de5d2b3e6955a3facbb7d1f9e5ba3450140372694dc33f1,DEMAND:STRAFFIC,1.0,3407.0,active_valid_region,20.0,True,zero_shot_frozen,False,4556491.0,3.1967933918654577e+18,2c5d4aa70e74eb03c0f8651b3f68db15581fe472c3751804897cae681c790d49,0.0,demand_noise_offset_v2,0.2093419926545001,0.01668018657072775,1.2550338796682092,20.00000019801781,13.97808976243802,1.0126973390579224,0.9864744000703463,True,24992.0,20.0
0,2024,data/raw/sow_call_dataset_labeled/feeding/312-1.wav,293a15b43b9611cb2e3eba6d3f5372cc,feeding,feeding,64000,1.0,DEMAND,STRAFFIC,data/noise_sources/demand/audio/STRAFFIC/ch01.wav,5cd76b6a746746009de5d2b3e6955a3facbb7d1f9e5ba3450140372694dc33f1,DEMAND:STRAFFIC,1.0,3407.0,active_valid_region,20.0,True,zero_shot_frozen,False,6124783.0,7.450206284495864e+18,6764732492c240d8a70c42eaa2877970e267706f38dae4b58f70324762e26981,0.0,demand_noise_offset_v2,888.6756050769391,0.018668000233045247,4760.422080474618,20.00000037918349,20.00000037918349,10657.9677734375,9.373269100041516e-05,True,0.0,20.0
0,2024,data/external/korea_raw/abdominal_cough/train_abdominal_11302.wav,3500df8d4dde9d30a7e33288debf2b46,cough,abdominal_cough,14017,0.219015625,DEMAND,STRAFFIC,data/noise_sources/demand/audio/STRAFFIC/ch01.wav,5cd76b6a746746009de5d2b3e6955a3facbb7d1f9e5ba3450140372694dc33f1,DEMAND:STRAFFIC,1.0,3407.0,active_valid_region,20.0,True,zero_shot_frozen,False,1663810.0,8.396042041326919e+18,7484bbc0a0895c2b379ffca144e9a484f7d1cc1d4fae8cef47143a5a1ef4eb28,0.0,demand_noise_offset_v2,0.05705357375906903,0.008953298097899862,0.6372352750373838,19.999999878434284,12.292022038073808,0.31047436594963074,1.0,False,24991.0,20.0
0,2024,data/raw/sow_call_dataset_labeled/frightened_stress/1063-2.wav,a7e2073c043365484b8a8e53a336da67,stress_vocal,frightened_stress,64000,1.0,DEMAND,STRAFFIC,data/noise_sources/demand/audio/STRAFFIC/ch01.wav,5cd76b6a746746009de5d2b3e6955a3facbb7d1f9e5ba3450140372694dc33f1,DEMAND:STRAFFIC,1.0,3407.0,active_valid_region,20.0,True,zero_shot_frozen,False,8103422.0,8.354049484273345e+18,f3ef8bbe8a25e146184ce1da467f0f188c068da85d7e98ee4412cb4f5b437271,0.0,demand_noise_offset_v2,170.68299385195073,0.013875405972155155,1230.1117112859502,20.00000011433675,20.00000011433675,1669.3143310546875,0.0005984493042534554,True,0.0,20.0
0,2024,data/raw/sow_call_dataset_labeled/anxious_stress/1422-3.wav,01f9891a3e4465b442eb23655620dc44,stress_vocal,anxious_stress,64000,1.0,DEMAND,STRAFFIC,data/noise_sources/demand/audio/STRAFFIC/ch01.wav,5cd76b6a746746009de5d2b3e6955a3facbb7d1f9e5ba3450140372694dc33f1,DEMAND:STRAFFIC,1.0,3407.0,active_valid_region,20.0,True,zero_shot_frozen,False,4733514.0,7.123429137969647e+18,62db810f37590ca70a736221b90f47f0708900ef3adc3923d3a8143f9a60daf6,0.0,demand_noise_offset_v2,354.3738632589609,0.013772992731014034,2572.9619566340266,20.00000014164143,20.00000014164143,1926.74169921875,0.0005184919184575036,True,0.0,20.0
0,2024,data/raw/sow_call_dataset_labeled/calm_grunt/182-0.wav,5ec24f69341475ee529256c8a2d68016,calm_grunt,calm_grunt,64000,1.0,DEMAND,STRAFFIC,data/noise_sources/demand/audio/STRAFFIC/ch01.wav,5cd76b6a746746009de5d2b3e6955a3facbb7d1f9e5ba3450140372694dc33f1,DEMAND:STRAFFIC,1.0,3407.0,active_valid_region,20.0,True,zero_shot_frozen,False,9401757.0,3.880569778196409e+18,b5da8da733836a16c4f21b5fd099a2b9cdba6a1d8c564a0e17003e58aea0f409,0.0,demand_noise_offset_v2,935.2707237111393,0.025148807173141944,3718.9466572791416,19.999999721448734,19.999999721448734,16522.640625,6.046249038960744e-05,True,0.0,20.0
0,2024,data/external/korea_raw/dry_cough/train_dry_09239.wav,2f9ff30122974c3c0529764de066c3c9,cough,dry_cough,19360,0.3025,DEMAND,STRAFFIC,data/noise_sources/demand/audio/STRAFFIC/ch01.wav,5cd76b6a746746009de5d2b3e6955a3facbb7d1f9e5ba3450140372694dc33f1,DEMAND:STRAFFIC,1.0,3407.0,active_valid_region,20.0,True,zero_shot_frozen,False,3681666.0,6.872630529086116e+18,df607d0daeaed0a524e201a03c50902d8626ad578b10a1a36f8aec6674e8c4c3,0.0,demand_noise_offset_v2,0.09613606142838353,0.015156729996676917,0.63427969917958,19.999999603449364,13.937438853604753,0.5567103028297424,1.0,False,22320.0,20.0
0,2024,data/external/korea_raw/abdominal_cough/train_abdominal_17672.wav,f15a33f36baf2b8e736629781a6abc75,cough,abdominal_cough,13920,0.2175,DEMAND,STRAFFIC,data/noise_sources/demand/audio/STRAFFIC/ch01.wav,5cd76b6a746746009de5d2b3e6955a3facbb7d1f9e5ba3450140372694dc33f1,DEMAND:STRAFFIC,1.0,3407.0,active_valid_region,20.0,True,zero_shot_frozen,False,8140288.0,2.951017566662882e+17,8418697bf2b01844da62ae5ea10b67a78fc7bb0f21daf4c185c1cf69f1abac1d,0.0,demand_noise_offset_v2,0.06527721364023754,0.015385605782333871,0.42427457562438287,20.000000247252608,13.55910155899817,0.2737552523612976,1.0,False,25040.0,20.0
0,2024,data/raw/sow_call_dataset_labeled/anxious_stress/1297-3.wav,15736b80e0e4f5e334117af31330abe5,stress_vocal,anxious_stress,63991,0.999859375,DEMAND,STRAFFIC,data/noise_sources/demand/audio/STRAFFIC/ch01.wav,5cd76b6a746746009de5d2b3e6955a3facbb7d1f9e5ba3450140372694dc33f1,DEMAND:STRAFFIC,1.0,3407.0,active_valid_region,20.0,True,zero_shot_frozen,False,244960.0,4.322030487490121e+18,3bfaefd44b41ce8b003763f67b7b2cb5312e17bb35ab8c1c4a9e8effb996d650,0.0,demand_noise_offset_v2,200.41826714700306,0.02443815567530174,820.1038974048048,20.000000161385174,19.999156705725152,1377.263916015625,0.0007253511751691506,True,4.0,20.0
0,2024,data/external/korea_raw/abdominal_cough/train_abdominal_00790.wav,be383be0d5e164640f96e7b8c086be90,cough,abdominal_cough,13184,0.206,DEMAND,STRAFFIC,data/noise_sources/demand/audio/STRAFFIC/ch01.wav,5cd76b6a746746009de5d2b3e6955a3facbb7d1f9e5ba3450140372694dc33f1,DEMAND:STRAFFIC,1.0,3407.0,active_valid_region,20.0,True,zero_shot_frozen,False,488798.0,8.787057639544165e+18,f9f1e65e09e9953dd9bbdc18f795723d030f9c6f9666b02d2981adf776740e0e,0.0,demand_noise_offset_v2,0.0518932068304845,0.00880582049252214,0.589305753785828,19.999999931622792,14.449864245371547,0.26359692215919495,1.0,False,25408.0,20.0
0,2024,data/raw/sow_call_dataset_labeled/feeding/444-1.wav,6e8f71772e6578a1413f49c0b64622ef,feeding,feeding,64000,1.0,DEMAND,STRAFFIC,data/noise_sources/demand/audio/STRAFFIC/ch01.wav,5cd76b6a746746009de5d2b3e6955a3facbb7d1f9e5ba3450140372694dc33f1,DEMAND:STRAFFIC,1.0,3407.0,active_valid_region,20.0,True,zero_shot_frozen,False,3140297.0,4.7678829449136557e+17,069de46d7e38e0cfdfec8cec2caeec657ab5d7e225da6db9fad82b73aad8a251,0.0,demand_noise_offset_v2,1206.573424250525,0.01438188634537155,8389.535247848975,20.000000086298137,20.000000086298137,15882.2724609375,6.290031873316892e-05,True,0.0,20.0
0,2024,data/external/korea_raw/abdominal_cough/train_abdominal_08082.wav,d30dcaf230f9e2a911e1947f21cca67c,cough,abdominal_cough,16928,0.2645,DEMAND,STRAFFIC,data/noise_sources/demand/audio/STRAFFIC/ch01.wav,5cd76b6a746746009de5d2b3e6955a3facbb7d1f9e5ba3450140372694dc33f1,DEMAND:STRAFFIC,1.0,3407.0,active_valid_region,20.0,True,zero_shot_frozen,False,1166671.0,6.829164310810553e+18,5ec610c21aa36b4f7cc5aabbe2c914721f3542677395a9632b36aff17ee90718,0.0,demand_noise_offset_v2,0.07929913907403835,0.012112541656599078,0.654686203129259,19.99999987607728,14.371108126854924,0.4670848548412323,1.0,False,23536.0,20.0
0,2024,data/external/korea_raw/abdominal_cough/train_abdominal_02327.wav,f671afbd25fd76072e59a1ea9a30ef8f,cough,abdominal_cough,13536,0.2115,DEMAND,STRAFFIC,data/noise_sources/demand/audio/STRAFFIC/ch01.wav,5cd76b6a746746009de5d2b3e6955a3facbb7d1f9e5ba3450140372694dc33f1,DEMAND:STRAFFIC,1.0,3407.0,active_valid_region,20.0,True,zero_shot_frozen,False,2031113.0,4.3916376552515866e+18,bcf23b2df7800dd800a737506c2359fe383e9a43b3639120c87ab28750fa9b42,0.0,demand_noise_offset_v2,0.031630398778738876,0.009637087303582668,0.32821533916144985,20.000000220800523,12.895680752492694,0.14250296354293823,1.0,False,25232.0,20.0
0,2024,data/raw/sow_call_dataset_labeled/calm_grunt/66-0.wav,9a1f2c7d433b216204177eeaf261b0b5,calm_grunt,calm_grunt,64000,1.0,DEMAND,STRAFFIC,data/noise_sources/demand/audio/STRAFFIC/ch01.wav,5cd76b6a746746009de5d2b3e6955a3facbb7d1f9e5ba3450140372694dc33f1,DEMAND:STRAFFIC,1.0,3407.0,active_valid_region,20.0,True,zero_shot_frozen,False,7355741.0,9.196632558904125e+16,8146bae2c8086061ed4697c579ab00e9cdaf120b4f30d4be8cd393fdb859e8ca,0.0,demand_noise_offset_v2,922.061769499096,0.0071767599278565455,12847.883707522658,19.99999994761009,19.99999994761009,16233.9521484375,6.153769524916043e-05,True,0.0,20.0
0,2024,data/raw/sow_call_dataset_labeled/calm_grunt/46-0.wav,937e8cf48f631aa7ec7153f60ad2f192,calm_grunt,calm_grunt,64000,1.0,DEMAND,STRAFFIC,data/noise_sources/demand/audio/STRAFFIC/ch01.wav,5cd76b6a746746009de5d2b3e6955a3facbb7d1f9e5ba3450140372694dc33f1,DEMAND:STRAFFIC,1.0,3407.0,active_valid_region,20.0,True,zero_shot_frozen,False,8742884.0,1.2917758701939371e+17,81caee54bb3baab74ed38e4ae88e05f4ba4ed664721ec34b2e323c2b60702f23,0.0,demand_noise_offset_v2,807.7225364948797,0.008589382081677477,9403.7327576553,20.000000307707367,20.000000307707367,14318.583984375,6.97694689007061e-05,True,0.0,20.0
0,2024,data/raw/sow_call_dataset_labeled/feeding/492-1.wav,b998236fc8e1bd90177833e700992ddb,feeding,feeding,63988,0.9998125,DEMAND,STRAFFIC,data/noise_sources/demand/audio/STRAFFIC/ch01.wav,5cd76b6a746746009de5d2b3e6955a3facbb7d1f9e5ba3450140372694dc33f1,DEMAND:STRAFFIC,1.0,3407.0,active_valid_region,20.0,True,zero_shot_frozen,False,8023497.0,1.7560655840984937e+18,985ecc583e7ac5449fa6393e11ff1c813df6d6ce3f0fd38cd9c8d74bf61d26d1,0.0,demand_noise_offset_v2,253.67080108739273,0.0157167488238159,1614.015747983453,20.000000014276203,19.99987989489948,2572.4267578125,0.0003883492491928182,True,6.0,20.0
0,2024,data/raw/sow_call_dataset_labeled/calm_grunt/13-0.wav,1e6abaca4ee7e6ae5e9ddcd4c3bc70ee,calm_grunt,calm_grunt,64000,1.0,DEMAND,STRAFFIC,data/noise_sources/demand/audio/STRAFFIC/ch01.wav,5cd76b6a746746009de5d2b3e6955a3facbb7d1f9e5ba3450140372694dc33f1,DEMAND:STRAFFIC,1.0,3407.0,active_valid_region,20.0,True,zero_shot_frozen,False,8443585.0,6.162600584792653e+18,d585f494bd2e3d3ac71c219f4b996f6096ed1c408717ed6428f449b55341542c,0.0,demand_noise_offset_v2,1594.4521304256807,0.01135362987346964,14043.5450881791,20.00000010663459,20.00000010663459,19182.41015625,5.207896149976266e-05,True,0.0,20.0
0,2024,data/raw/sow_call_dataset_labeled/frightened_stress/1096-2.wav,9ea43ffa0a9fefd061e5e02543126bec,stress_vocal,frightened_stress,63990,0.99984375,DEMAND,STRAFFIC,data/noise_sources/demand/audio/STRAFFIC/ch01.wav,5cd76b6a746746009de5d2b3e6955a3facbb7d1f9e5ba3450140372694dc33f1,DEMAND:STRAFFIC,1.0,3407.0,active_valid_region,20.0,True,zero_shot_frozen,False,6954848.0,5.676416369119473e+18,cec6ae9cde942ba5625201cede2b06ea1481a8f7bf63809304befbc6ee2d8457,0.0,demand_noise_offset_v2,236.52666961097475,0.012316082454496639,1920.4700072839973,20.000000165358053,19.998410010489316,2520.90625,0.0003962860578413021,True,5.0,20.0
0,2024,data/raw/sow_call_dataset_labeled/feeding/355-1.wav,92852d0b9cb15d83bc32ce24b43cd421,feeding,feeding,64000,1.0,DEMAND,STRAFFIC,data/noise_sources/demand/audio/STRAFFIC/ch01.wav,5cd76b6a746746009de5d2b3e6955a3facbb7d1f9e5ba3450140372694dc33f1,DEMAND:STRAFFIC,1.0,3407.0,active_valid_region,20.0,True,zero_shot_frozen,False,3697991.0,3.521444717329915e+17,84e31188034335eae01b72ec9422db91cb3db6cf33e7e87e9064259c0f0df160,0.0,demand_noise_offset_v2,726.071745247488,0.01733790714821313,4187.770409892396,19.99999978969627,19.99999978969627,6417.69091796875,0.00015566346412896297,True,0.0,20.0
0,2024,data/external/korea_raw/dry_cough/train_dry_14835.wav,2a6f1b93023cf43370fb4ddc4a25c557,cough,dry_cough,18272,0.2855,DEMAND,STRAFFIC,data/noise_sources/demand/audio/STRAFFIC/ch01.wav,5cd76b6a746746009de5d2b3e6955a3facbb7d1f9e5ba3450140372694dc33f1,DEMAND:STRAFFIC,1.0,3407.0,active_valid_region,20.0,True,zero_shot_frozen,False,3330780.0,2.5686389448223e+18,23a5a382d65e0ef4fbb3333171a7210cdb71c4a85c20994b2b50cde34cca371a,0.0,demand_noise_offset_v2,0.06389787947538701,0.01753877851722576,0.364323430007566,19.99999982912684,13.4753823211557,0.34804943203926086,1.0,False,22864.0,20.0
0,2024,data/raw/sow_call_dataset_labeled/feeding/480-1.wav,314c5b727c3e60e13838edeb09727eb6,feeding,feeding,64000,1.0,DEMAND,STRAFFIC,data/noise_sources/demand/audio/STRAFFIC/ch01.wav,5cd76b6a746746009de5d2b3e6955a3facbb7d1f9e5ba3450140372694dc33f1,DEMAND:STRAFFIC,1.0,3407.0,active_valid_region,20.0,True,zero_shot_frozen,False,6607614.0,2.7153004020394854e+18,25aeaf545209f4de8ba4f163396d1d6e46ca9e7f2cf06dc05946d18cc2ae338c,0.0,demand_noise_offset_v2,388.98274525887217,0.010969443188286672,3546.057339302632,19.99999992033338,19.99999992033338,4416.50244140625,0.00022619708994928357,True,0.0,20.0
0,2024,data/raw/sow_call_dataset_labeled/feeding/475-1.wav,fff1ba8bfd4f7a2c0c937a21d2533e26,feeding,feeding,64000,1.0,DEMAND,STRAFFIC,data/noise_sources/demand/audio/STRAFFIC/ch01.wav,5cd76b6a746746009de5d2b3e6955a3facbb7d1f9e5ba3450140372694dc33f1,DEMAND:STRAFFIC,1.0,3407.0,active_valid_region,20.0,True,zero_shot_frozen,False,2338284.0,6.140893318097112e+18,5538d5efdcbf8a53e44d7c09c94a85964cad3c50db6aa33e78da4b45b3643658,0.0,demand_noise_offset_v2,268.59140350268495,0.021096593679453244,1273.1505738970368,19.999999588924197,19.999999588924197,2245.384521484375,0.00044491265992142084,True,0.0,20.0
0,2024,data/raw/sow_call_dataset_labeled/feeding/343-1.wav,04444d7ef6c62b6da94486d0aced7cd9,feeding,feeding,64000,1.0,DEMAND,STRAFFIC,data/noise_sources/demand/audio/STRAFFIC/ch01.wav,5cd76b6a746746009de5d2b3e6955a3facbb7d1f9e5ba3450140372694dc33f1,DEMAND:STRAFFIC,1.0,3407.0,active_valid_region,20.0,True,zero_shot_frozen,False,6805150.0,1.075426912045212e+18,0eecaf142259a162b902440a6b32b7f7f8412035f2ccb280d749bf733c22c39b,0.0,demand_noise_offset_v2,908.7684383478191,0.02174718830449277,4178.785899233125,19.999999522415308,19.999999522415308,11330.1982421875,8.817144931147514e-05,True,0.0,20.0
0,2024,data/raw/sow_call_dataset_labeled/feeding/389-1.wav,43ae73622c7a2432d7d3632134dda63a,feeding,feeding,63990,0.99984375,DEMAND,STRAFFIC,data/noise_sources/demand/audio/STRAFFIC/ch01.wav,5cd76b6a746746009de5d2b3e6955a3facbb7d1f9e5ba3450140372694dc33f1,DEMAND:STRAFFIC,1.0,3407.0,active_valid_region,20.0,True,zero_shot_frozen,False,4061905.0,6.554432244436109e+18,5af6056641fb098a53f76879a79c62b20ef2c02ca6ade1fd2e75b559366e8c4f,0.0,demand_noise_offset_v2,1134.1709979160391,0.014532550485391465,7804.349271355639,20.000000169545945,19.998942075446,13288.212890625,7.51794096183398e-05,True,5.0,20.0
0,2024,data/raw/sow_call_dataset_labeled/feeding/427-1.wav,fb79ad436b991a7f85596c6e029a1a41,feeding,feeding,63986,0.99978125,DEMAND,STRAFFIC,data/noise_sources/demand/audio/STRAFFIC/ch01.wav,5cd76b6a746746009de5d2b3e6955a3facbb7d1f9e5ba3450140372694dc33f1,DEMAND:STRAFFIC,1.0,3407.0,active_valid_region,20.0,True,zero_shot_frozen,False,8545194.0,6.552427788221628e+18,daeee65b6d593fbe51d798e5a67a6c0a58c98a364065a2aa58d72c1a1213b989,0.0,demand_noise_offset_v2,645.1817983714217,0.010729256768254508,6013.294418308374,19.999999974999362,19.999807246191203,4401.07275390625,0.00022699011260682292,True,7.0,20.0
0,2024,data/raw/sow_call_dataset_labeled/anxious_stress/1334-3.wav,11d045bea6c3d64015b13638a7d53109,stress_vocal,anxious_stress,63997,0.999953125,DEMAND,STRAFFIC,data/noise_sources/demand/audio/STRAFFIC/ch01.wav,5cd76b6a746746009de5d2b3e6955a3facbb7d1f9e5ba3450140372694dc33f1,DEMAND:STRAFFIC,1.0,3407.0,active_valid_region,20.0,True,zero_shot_frozen,False,6081687.0,2.0070436525705748e+18,1bda7391782befae9041759165261488ab11a247ed8c5b91ff8f710a4a6ec9b9,0.0,demand_noise_offset_v2,3811.8301009912243,0.015503640736442453,24586.677192739873,19.99999980780705,19.99999053202066,20605.87109375,4.848132823188476e-05,True,1.0,20.0
0,2024,data/raw/sow_call_dataset_labeled/anxious_stress/1383-3.wav,b3b31954241bce03f5720874592aee72,stress_vocal,anxious_stress,63992,0.999875,DEMAND,STRAFFIC,data/noise_sources/demand/audio/STRAFFIC/ch01.wav,5cd76b6a746746009de5d2b3e6955a3facbb7d1f9e5ba3450140372694dc33f1,DEMAND:STRAFFIC,1.0,3407.0,active_valid_region,20.0,True,zero_shot_frozen,False,7835346.0,1.377310571362685e+18,131d30aad776901699779050bdfceb8370634d089f3822949c4142e790b6276b,0.0,demand_noise_offset_v2,1199.8548664566226,0.00994719192557771,12062.247068656392,19.99999999534304,19.998347674321646,6900.12548828125,0.00014477997562459412,True,4.0,20.0
0,2024,data/raw/sow_call_dataset_labeled/frightened_stress/571-2.wav,08169455610f31ed96247239437ecadf,stress_vocal,frightened_stress,64000,1.0,DEMAND,STRAFFIC,data/noise_sources/demand/audio/STRAFFIC/ch01.wav,5cd76b6a746746009de5d2b3e6955a3facbb7d1f9e5ba3450140372694dc33f1,DEMAND:STRAFFIC,1.0,3407.0,active_valid_region,20.0,True,zero_shot_frozen,False,5336403.0,3.4407809451618473e+18,2fc01c0a224e013a164ca1a6fa1a311b5a0f5234106e04748e4e91aa8da5d7ac,0.0,demand_noise_offset_v2,82.93683624858953,0.015197283902338134,545.734598245082,19.9999996677704,19.9999996677704,843.0595092773438,0.0011849697310885275,True,0.0,20.0
0,2024,data/external/korea_raw/abdominal_cough/train_abdominal_06751.wav,1d8dba5e198d447b4483b7ae2ad71b2f,cough,abdominal_cough,10976,0.1715,DEMAND,STRAFFIC,data/noise_sources/demand/audio/STRAFFIC/ch01.wav,5cd76b6a746746009de5d2b3e6955a3facbb7d1f9e5ba3450140372694dc33f1,DEMAND:STRAFFIC,1.0,3407.0,active_valid_region,20.0,True,zero_shot_frozen,False,3873417.0,8.929588971169514e+18,7bec45dbb8ce034b3ff2680131d410be28927e67262e4d5a8f50b948b7a3e3b9,0.0,demand_noise_offset_v2,0.0590139803387406,0.015377131309515728,0.3837775665102201,20.000000180812783,12.167450523371885,0.3039233088493347,1.0,False,26512.0,20.0
0,2024,data/raw/sow_call_dataset_labeled/calm_grunt/133-0.wav,4d295214452277e46a9aa9d386bf4466,calm_grunt,calm_grunt,64000,1.0,DEMAND,STRAFFIC,data/noise_sources/demand/audio/STRAFFIC/ch01.wav,5cd76b6a746746009de5d2b3e6955a3facbb7d1f9e5ba3450140372694dc33f1,DEMAND:STRAFFIC,1.0,3407.0,active_valid_region,20.0,True,zero_shot_frozen,False,3036438.0,7.801522895892819e+18,ec4493bd54c4ad34c73ce65ede1c5c867df6508816ea627e0ca35f651db541da,0.0,demand_noise_offset_v2,1228.2898693684476,0.010690497951910368,11489.547773113365,19.99999993909945,19.99999993909945,16716.96484375,5.975965190675733e-05,True,0.0,20.0
0,2024,data/raw/sow_call_dataset_labeled/calm_grunt/134-0.wav,f5e6656b16432a15c846dda524aab2f7,calm_grunt,calm_grunt,64000,1.0,DEMAND,STRAFFIC,data/noise_sources/demand/audio/STRAFFIC/ch01.wav,5cd76b6a746746009de5d2b3e6955a3facbb7d1f9e5ba3450140372694dc33f1,DEMAND:STRAFFIC,1.0,3407.0,active_valid_region,20.0,True,zero_shot_frozen,False,8723903.0,5.235302507044108e+18,48a787e470137998915db221da07540fdd69ffee5006e53b97ef28b87beb8c14,0.0,demand_noise_offset_v2,1263.1512551834044,0.00893285483053721,14140.510275229,19.999999715788658,19.999999715788658,16819.173828125,5.939649653477471e-05,True,0.0,20.0
0,2024,data/raw/sow_call_dataset_labeled/anxious_stress/1682-3.wav,22f617734eec4c14399d7edd05952a94,stress_vocal,anxious_stress,64000,1.0,DEMAND,STRAFFIC,data/noise_sources/demand/audio/STRAFFIC/ch01.wav,5cd76b6a746746009de5d2b3e6955a3facbb7d1f9e5ba3450140372694dc33f1,DEMAND:STRAFFIC,1.0,3407.0,active_valid_region,20.0,True,zero_shot_frozen,False,6217076.0,3.3808056981729843e+18,2eeb08dec6379b0d04d0daa90cc41a0f0601a2c820a29c5a90be826a794303ac,0.0,demand_noise_offset_v2,3713.545213927236,0.01648737266612862,22523.57176080747,19.99999979849545,19.99999979849545,22612.4296875,4.41792418508764e-05,True,0.0,20.0
0,2024,data/raw/sow_call_dataset_labeled/anxious_stress/1376-3.wav,7955ec6fe3a43547095c229605227135,stress_vocal,anxious_stress,64000,1.0,DEMAND,STRAFFIC,data/noise_sources/demand/audio/STRAFFIC/ch01.wav,5cd76b6a746746009de5d2b3e6955a3facbb7d1f9e5ba3450140372694dc33f1,DEMAND:STRAFFIC,1.0,3407.0,active_valid_region,20.0,True,zero_shot_frozen,False,973633.0,5.320632947519834e+18,c9d6af79d128c70713533fa7441e5c7f31d8d8ffb5a442e999e6e0a3526cde2b,0.0,demand_noise_offset_v2,430.83975926257386,0.03579908152073435,1203.4938913531546,19.999999960136375,19.999999960136375,3153.77197265625,0.0003167635481136567,True,0.0,20.0
0,2024,data/raw/sow_call_dataset_labeled/anxious_stress/1494-3.wav,c96e034455453c8a80062c77d5b0ffd8,stress_vocal,anxious_stress,64000,1.0,DEMAND,STRAFFIC,data/noise_sources/demand/audio/STRAFFIC/ch01.wav,5cd76b6a746746009de5d2b3e6955a3facbb7d1f9e5ba3450140372694dc33f1,DEMAND:STRAFFIC,1.0,3407.0,active_valid_region,20.0,True,zero_shot_frozen,False,244698.0,1.5698118841202004e+18,15c91797652bd57ba079156dc9c2a941ec1033f50dbe00df56160e643b9601b1,0.0,demand_noise_offset_v2,3764.493110548208,0.024367833510487102,15448.616344691027,20.000000077714915,20.000000077714915,22265.3671875,4.4867887943965665e-05,True,0.0,20.0
0,2024,data/raw/sow_call_dataset_labeled/calm_grunt/163-0.wav,5695337a3756b87cd039848c7ee34d5d,calm_grunt,calm_grunt,64000,1.0,DEMAND,STRAFFIC,data/noise_sources/demand/audio/STRAFFIC/ch01.wav,5cd76b6a746746009de5d2b3e6955a3facbb7d1f9e5ba3450140372694dc33f1,DEMAND:STRAFFIC,1.0,3407.0,active_valid_region,20.0,True,zero_shot_frozen,False,6862012.0,1.619811385492079e+18,967ab9df7b63819ab637c8a69981cfefa561a13708d65a85e9422e48ec56b225,0.0,demand_noise_offset_v2,1012.4039790838016,0.01208429382390126,8377.849743121853,20.000000135451025,20.000000135451025,16315.373046875,6.123059504246797e-05,True,0.0,20.0
0,2024,data/raw/sow_call_dataset_labeled/calm_grunt/200-0.wav,9f56e233d86a50f8c07037764ffc404c,calm_grunt,calm_grunt,64000,1.0,DEMAND,STRAFFIC,data/noise_sources/demand/audio/STRAFFIC/ch01.wav,5cd76b6a746746009de5d2b3e6955a3facbb7d1f9e5ba3450140372694dc33f1,DEMAND:STRAFFIC,1.0,3407.0,active_valid_region,20.0,True,zero_shot_frozen,False,6607768.0,3.2831126159060833e+18,ad8ff5878caf8191005c052c971fba2057ddb2872b27023d9519327fed8baa20,0.0,demand_noise_offset_v2,1501.611902094328,0.011006595990249037,13642.836562954031,19.999999776352514,19.999999776352514,17289.87109375,5.777949381942598e-05,True,0.0,20.0
0,2024,data/raw/sow_call_dataset_labeled/calm_grunt/181-0.wav,66d65c98af61f5b9edb344b18a179881,calm_grunt,calm_grunt,64000,1.0,DEMAND,STRAFFIC,data/noise_sources/demand/audio/STRAFFIC/ch01.wav,5cd76b6a746746009de5d2b3e6955a3facbb7d1f9e5ba3450140372694dc33f1,DEMAND:STRAFFIC,1.0,3407.0,active_valid_region,20.0,True,zero_shot_frozen,False,4792296.0,1.3640535946936453e+18,12ee17846e4f33d0672fd9d6bc887db585b7fdc4015f9d31374cfd09aef6c1de,0.0,demand_noise_offset_v2,1080.7881855900323,0.019866061945439353,5440.374587365809,20.000000117170966,20.000000117170966,14614.083984375,6.835871485808519e-05,True,0.0,20.0
0,2024,data/raw/sow_call_dataset_labeled/feeding/489-1.wav,cc82b9acc5ec838472efea0356add029,feeding,feeding,63988,0.9998125,DEMAND,STRAFFIC,data/noise_sources/demand/audio/STRAFFIC/ch01.wav,5cd76b6a746746009de5d2b3e6955a3facbb7d1f9e5ba3450140372694dc33f1,DEMAND:STRAFFIC,1.0,3407.0,active_valid_region,20.0,True,zero_shot_frozen,False,2120268.0,3.0111186612955884e+18,29c9a4780712c3ceeb82d934948ab4e84fb46499cdc7f440a9a859d43f324f4d,0.0,demand_noise_offset_v2,111.61931926581481,0.01045709493647694,1067.4027532872342,20.000000344876213,19.99959890594823,1363.683349609375,0.000732574758125603,True,6.0,20.0
0,2024,data/external/korea_raw/dry_cough/train_dry_17231.wav,414bbf0cced84b1b83253974ff72e055,cough,dry_cough,20064,0.3135,DEMAND,STRAFFIC,data/noise_sources/demand/audio/STRAFFIC/ch01.wav,5cd76b6a746746009de5d2b3e6955a3facbb7d1f9e5ba3450140372694dc33f1,DEMAND:STRAFFIC,1.0,3407.0,active_valid_region,20.0,True,zero_shot_frozen,False,6404145.0,7.071840031646838e+17,09d06c1aa3783dcab0fd9af4805f13d5dab7309645940110f34d8dccb6f60629,0.0,demand_noise_offset_v2,0.15677584411372072,0.01664065383301101,0.9421255059264294,20.000000059687395,14.499205936479463,0.8528770804405212,1.0,False,21968.0,20.0
0,2024,data/raw/sow_call_dataset_labeled/feeding/406-1.wav,bf2cba2c96bb0cc4a444e2aed3985121,feeding,feeding,64000,1.0,DEMAND,STRAFFIC,data/noise_sources/demand/audio/STRAFFIC/ch01.wav,5cd76b6a746746009de5d2b3e6955a3facbb7d1f9e5ba3450140372694dc33f1,DEMAND:STRAFFIC,1.0,3407.0,active_valid_region,20.0,True,zero_shot_frozen,False,3319771.0,1.8447264190841585e+18,1999c8e7854a25b591a931dd54cff173f0fc0adae3f03f2118153936637a79fe,0.0,demand_noise_offset_v2,527.5342874146062,0.019462612214046753,2710.5009420773886,19.99999989423422,19.99999989423422,3833.564453125,0.0002605929839488278,True,0.0,20.0
0,2024,data/raw/sow_call_dataset_labeled/calm_grunt/255-0.wav,7fe4de8d725fb04b3437a3a1c91ff7ab,calm_grunt,calm_grunt,64000,1.0,DEMAND,STRAFFIC,data/noise_sources/demand/audio/STRAFFIC/ch01.wav,5cd76b6a746746009de5d2b3e6955a3facbb7d1f9e5ba3450140372694dc33f1,DEMAND:STRAFFIC,1.0,3407.0,active_valid_region,20.0,True,zero_shot_frozen,False,7140499.0,6.161346149495319e+18,55817fadc2e3a8423de91ae56d24baea97735f834c6f9861caa8823d1040d9a1,0.0,demand_noise_offset_v2,1961.689035486129,0.012313101219179381,15931.721834873924,20.00000008522969,20.00000008522969,15605.830078125,6.401453783610767e-05,True,0.0,20.0
0,2024,data/raw/sow_call_dataset_labeled/anxious_stress/1359-3.wav,18b5dc855acc6b3ee7d7d2daae3afaa4,stress_vocal,anxious_stress,64000,1.0,DEMAND,STRAFFIC,data/noise_sources/demand/audio/STRAFFIC/ch01.wav,5cd76b6a746746009de5d2b3e6955a3facbb7d1f9e5ba3450140372694dc33f1,DEMAND:STRAFFIC,1.0,3407.0,active_valid_region,20.0,True,zero_shot_frozen,False,6904010.0,3.936664244122927e+18,36a1d745ceedbf45f092c349f7d9afdd5e3d06fed321edbae878ed8a0a6cb785,0.0,demand_noise_offset_v2,665.4457462232906,0.013375475548592662,4975.118408356759,19.99999957657354,19.99999957657354,6347.267578125,0.00015739056022199513,True,0.0,20.0
0,2024,data/raw/sow_call_dataset_labeled/feeding/298-1.wav,a386793de4da5cae07e7e1b426e07f80,feeding,feeding,63997,0.999953125,DEMAND,STRAFFIC,data/noise_sources/demand/audio/STRAFFIC/ch01.wav,5cd76b6a746746009de5d2b3e6955a3facbb7d1f9e5ba3450140372694dc33f1,DEMAND:STRAFFIC,1.0,3407.0,active_valid_region,20.0,True,zero_shot_frozen,False,2358558.0,3.9264820617941903e+18,b67daaa1be2fa31de34cf784850013a41a70fcad0e2c138a01340733a61c7047,0.0,demand_noise_offset_v2,222.9550765863742,0.021952036909995254,1015.6464181456334,19.99999995582137,19.99991171238278,3080.7841796875,0.0003242680894645901,True,1.0,20.0
0,2024,data/raw/sow_call_dataset_labeled/frightened_stress/1038-2.wav,eea3389ab552c4f66b61093bf5aacc49,stress_vocal,frightened_stress,64000,1.0,DEMAND,STRAFFIC,data/noise_sources/demand/audio/STRAFFIC/ch01.wav,5cd76b6a746746009de5d2b3e6955a3facbb7d1f9e5ba3450140372694dc33f1,DEMAND:STRAFFIC,1.0,3407.0,active_valid_region,20.0,True,zero_shot_frozen,False,2686805.0,8.091738075699985e+18,704ba0e87199bc6ed6e07a14bb0e3e3c38397f3617fe62d1f9780a361d867836,0.0,demand_noise_offset_v2,352.08993383815,0.018132415293449975,1941.7707356688243,19.99999992139149,19.99999992139149,6797.45654296875,0.00014696673582023263,True,0.0,20.0
0,2024,data/raw/sow_call_dataset_labeled/calm_grunt/148-0.wav,00e146b24fd459e3f6e2e9469eebe4c4,calm_grunt,calm_grunt,64000,1.0,DEMAND,STRAFFIC,data/noise_sources/demand/audio/STRAFFIC/ch01.wav,5cd76b6a746746009de5d2b3e6955a3facbb7d1f9e5ba3450140372694dc33f1,DEMAND:STRAFFIC,1.0,3407.0,active_valid_region,20.0,True,zero_shot_frozen,False,7157294.0,1.307286557899767e+18,92246a32b7423ccfb448a6000d3b7993f0c5b1c08936d7b1bdc8e1c15eb68dcc,0.0,demand_noise_offset_v2,997.9479044483013,0.01195893553074825,8344.788730421908,19.999999655294097,19.999999655294097,10474.2646484375,9.537662389970507e-05,True,0.0,20.0
0,2024,data/raw/sow_call_dataset_labeled/calm_grunt/31-0.wav,ad1b03b3649c921981340ffcfafbe1d5,calm_grunt,calm_grunt,64000,1.0,DEMAND,STRAFFIC,data/noise_sources/demand/audio/STRAFFIC/ch01.wav,5cd76b6a746746009de5d2b3e6955a3facbb7d1f9e5ba3450140372694dc33f1,DEMAND:STRAFFIC,1.0,3407.0,active_valid_region,20.0,True,zero_shot_frozen,False,3715748.0,5.963661781472968e+18,d2c32ecb1d44fb4d075d6496d157ddd2c74a256b492ac6571f50d7b729a5a6ef,0.0,demand_noise_offset_v2,888.4460887560168,0.01760440703956527,5046.725440733484,19.999999751441997,19.999999751441997,22261.6015625,4.487547749856553e-05,True,0.0,20.0
0,2024,data/raw/sow_call_dataset_labeled/feeding/469-1.wav,96f4365be7925a63b199ce1f0e094270,feeding,feeding,64000,1.0,DEMAND,STRAFFIC,data/noise_sources/demand/audio/STRAFFIC/ch01.wav,5cd76b6a746746009de5d2b3e6955a3facbb7d1f9e5ba3450140372694dc33f1,DEMAND:STRAFFIC,1.0,3407.0,active_valid_region,20.0,True,zero_shot_frozen,False,3042569.0,8.121298542991833e+18,70b4a5ff11ecf756bcc2e970144f10c71e8ec00ea08ae3dabfe9265887d12e79,0.0,demand_noise_offset_v2,780.9235916986895,0.010792814951869789,7235.5877051649,19.99999977515306,19.99999977515306,10253.736328125,9.74279002337753e-05,True,0.0,20.0
0,2024,data/external/korea_raw/abdominal_cough/train_abdominal_02305.wav,802c3c06a9ed989a83e4990344122a04,cough,abdominal_cough,15457,0.241515625,DEMAND,STRAFFIC,data/noise_sources/demand/audio/STRAFFIC/ch01.wav,5cd76b6a746746009de5d2b3e6955a3facbb7d1f9e5ba3450140372694dc33f1,DEMAND:STRAFFIC,1.0,3407.0,active_valid_region,20.0,True,zero_shot_frozen,False,4390004.0,3.558661094745065e+18,b162e7693c4846499a055eb0559eebe07b9f98b92f45c55647ab6b0dfab841db,0.0,demand_noise_offset_v2,0.0532670213899115,0.011212774074877042,0.47505658309177706,19.999999898941276,13.427508108294258,0.30035626888275146,1.0,False,24271.0,20.0
0,2024,data/raw/sow_call_dataset_labeled/feeding/486-1.wav,faa7678cb4332273bf2df704079aa496,feeding,feeding,63997,0.999953125,DEMAND,STRAFFIC,data/noise_sources/demand/audio/STRAFFIC/ch01.wav,5cd76b6a746746009de5d2b3e6955a3facbb7d1f9e5ba3450140372694dc33f1,DEMAND:STRAFFIC,1.0,3407.0,active_valid_region,20.0,True,zero_shot_frozen,False,3509726.0,1.8007879286666703e+18,98fdaf1483fd04f410c21dd6ee085fbc8138119a4dcfd27a5871324482e99904,0.0,demand_noise_offset_v2,317.2547916993655,0.018825688691336138,1685.2227660886101,19.999999943155352,19.999686422249958,3911.004638671875,0.00025543309003572216,True,1.0,20.0
0,2024,data/raw/sow_call_dataset_labeled/feeding/399-1.wav,48cf353f7ec7b595326862ac160f0ad7,feeding,feeding,63998,0.99996875,DEMAND,STRAFFIC,data/noise_sources/demand/audio/STRAFFIC/ch01.wav,5cd76b6a746746009de5d2b3e6955a3facbb7d1f9e5ba3450140372694dc33f1,DEMAND:STRAFFIC,1.0,3407.0,active_valid_region,20.0,True,zero_shot_frozen,False,9028003.0,8.398813713766518e+18,f48e9492e7bb8d31fcb4a98b7859c808df4b0204edb1d56a9dc9e51ecda0c7cf,0.0,demand_noise_offset_v2,858.440139263654,0.006824166391959572,12579.413952671095,19.999999930605604,19.999744575886485,8243.7744140625,0.00012118235529296788,True,1.0,20.0
0,2024,data/raw/sow_call_dataset_labeled/feeding/324-1.wav,247d290a4193c3f911ea011db4d5a19f,feeding,feeding,64000,1.0,DEMAND,STRAFFIC,data/noise_sources/demand/audio/STRAFFIC/ch01.wav,5cd76b6a746746009de5d2b3e6955a3facbb7d1f9e5ba3450140372694dc33f1,DEMAND:STRAFFIC,1.0,3407.0,active_valid_region,20.0,True,zero_shot_frozen,False,3442111.0,3.730248368779812e+18,33c48120b119db788b3ae6e53f3bffdc964d1ff4b6494d61c3252c81610bcfad,0.0,demand_noise_offset_v2,1023.1476817421454,0.02275062158254984,4497.229572518227,20.000000153459144,20.000000153459144,13058.5341796875,7.650169507952437e-05,True,0.0,20.0
0,2024,data/external/korea_raw/abdominal_cough/train_abdominal_13649.wav,758a24dd5518a227c1e5ba1f0ff3dcb4,cough,abdominal_cough,19137,0.299015625,DEMAND,STRAFFIC,data/noise_sources/demand/audio/STRAFFIC/ch01.wav,5cd76b6a746746009de5d2b3e6955a3facbb7d1f9e5ba3450140372694dc33f1,DEMAND:STRAFFIC,1.0,3407.0,active_valid_region,20.0,True,zero_shot_frozen,False,3496231.0,5.802995511845261e+18,508861ac24b9116c6dd6f88851e69afd50bb7b47abfd409436b71f267f5f401c,0.0,demand_noise_offset_v2,0.07282239663273285,0.01897964858327434,0.38368674906292516,19.999999956774445,14.57362818994201,0.3356863558292389,1.0,False,22431.0,20.0
0,2024,data/raw/sow_call_dataset_labeled/frightened_stress/809-2.wav,60adaca724f5caf2590a8cfb28d41e6d,stress_vocal,frightened_stress,64000,1.0,DEMAND,STRAFFIC,data/noise_sources/demand/audio/STRAFFIC/ch01.wav,5cd76b6a746746009de5d2b3e6955a3facbb7d1f9e5ba3450140372694dc33f1,DEMAND:STRAFFIC,1.0,3407.0,active_valid_region,20.0,True,zero_shot_frozen,False,657863.0,8.455748527100533e+18,f558da7c23dc17cfb5c2b1020dee95e512fb0004ca012a7a77a56650960e967a,0.0,demand_noise_offset_v2,94.84308904056803,0.008250539998637214,1149.537958197085,19.99999995371903,19.99999995371903,837.7221069335938,0.0011925195619544402,True,0.0,20.0
0,2024,data/raw/sow_call_dataset_labeled/feeding/471-1.wav,52da60c3cf75c529daf2db0df0c762b2,feeding,feeding,63985,0.999765625,DEMAND,STRAFFIC,data/noise_sources/demand/audio/STRAFFIC/ch01.wav,5cd76b6a746746009de5d2b3e6955a3facbb7d1f9e5ba3450140372694dc33f1,DEMAND:STRAFFIC,1.0,3407.0,active_valid_region,20.0,True,zero_shot_frozen,False,1870237.0,4.301347878519113e+17,85f8254f8373809b49ef4b7b93990ff00986bb7f3044762c3a34dd6e4fab5092,0.0,demand_noise_offset_v2,570.4386214492046,0.009359427347215449,6094.802601559992,19.999999804999792,19.99891298822557,4669.4306640625,0.0002139447122940786,True,7.0,20.0
0,2024,data/external/korea_raw/dry_cough/train_dry_13855.wav,92a4b6e7ce690c211166c2967b9d3651,cough,dry_cough,18016,0.2815,DEMAND,STRAFFIC,data/noise_sources/demand/audio/STRAFFIC/ch01.wav,5cd76b6a746746009de5d2b3e6955a3facbb7d1f9e5ba3450140372694dc33f1,DEMAND:STRAFFIC,1.0,3407.0,active_valid_region,20.0,True,zero_shot_frozen,False,5176911.0,6.465437779982515e+18,d9b9d967d13f7c3b1e06c69eb89c1e037c5650a2d6a377abe91c55841cd24765,0.0,demand_noise_offset_v2,0.07541487102707227,0.011590024940595724,0.6506877372016765,19.999999774944904,14.698508858216353,0.3549814820289612,1.0,False,22992.0,20.0
0,2024,data/raw/sow_call_dataset_labeled/calm_grunt/246-0.wav,af2331ab38f97aa237f515945a5359e8,calm_grunt,calm_grunt,64000,1.0,DEMAND,STRAFFIC,data/noise_sources/demand/audio/STRAFFIC/ch01.wav,5cd76b6a746746009de5d2b3e6955a3facbb7d1f9e5ba3450140372694dc33f1,DEMAND:STRAFFIC,1.0,3407.0,active_valid_region,20.0,True,zero_shot_frozen,False,1118846.0,6.713182877003894e+18,dd2a0442380d4ba28201d2c2fc61145bbabb6193f3312359e0e2c8d72bd03520,0.0,demand_noise_offset_v2,1362.533252620096,0.01736114669596991,7848.175448781757,20.00000017872182,20.00000017872182,16092.06640625,6.208028072839659e-05,True,0.0,20.0
0,2024,data/raw/sow_call_dataset_labeled/feeding/304-1.wav,c9e37a52d69aa372d3ae6b95468b7620,feeding,feeding,63988,0.9998125,DEMAND,STRAFFIC,data/noise_sources/demand/audio/STRAFFIC/ch01.wav,5cd76b6a746746009de5d2b3e6955a3facbb7d1f9e5ba3450140372694dc33f1,DEMAND:STRAFFIC,1.0,3407.0,active_valid_region,20.0,True,zero_shot_frozen,False,8412422.0,7.395246192884753e+17,0a4351b91b5876a0160135842a465f514f9072e90df05a2a5cf9737fdb05636a,0.0,demand_noise_offset_v2,186.00205111276827,0.010111196807354696,1839.5651341439013,19.9999997581331,19.999149702618666,3147.11767578125,0.000317433316106302,True,6.0,20.0
0,2024,data/external/korea_raw/dry_cough/train_dry_12111.wav,f59c8ec794987b22feab4606c5b457ec,cough,dry_cough,12001,0.187515625,DEMAND,STRAFFIC,data/noise_sources/demand/audio/STRAFFIC/ch01.wav,5cd76b6a746746009de5d2b3e6955a3facbb7d1f9e5ba3450140372694dc33f1,DEMAND:STRAFFIC,1.0,3407.0,active_valid_region,20.0,True,zero_shot_frozen,False,9314621.0,3.8719850702742876e+18,35bc0de8215098e2986029837f070930ed802f322dcb79ac08ce213cc6a416e5,0.0,demand_noise_offset_v2,0.04296524671898265,0.014465323606731313,0.297022368023548,19.99999986335127,13.543584113783398,0.1573542356491089,1.0,False,25999.0,20.0
0,2024,data/raw/sow_call_dataset_labeled/anxious_stress/1452-3.wav,863eeac0b9ddb7b6f0040a6c94e9fb0e,stress_vocal,anxious_stress,63995,0.999921875,DEMAND,STRAFFIC,data/noise_sources/demand/audio/STRAFFIC/ch01.wav,5cd76b6a746746009de5d2b3e6955a3facbb7d1f9e5ba3450140372694dc33f1,DEMAND:STRAFFIC,1.0,3407.0,active_valid_region,20.0,True,zero_shot_frozen,False,266266.0,3.756280055194875e+18,3420fccefec6734b7e1e9c47c18ca6f0c4b4de34c454d2ecf78d5ff372b04e3a,0.0,demand_noise_offset_v2,1607.624752512261,0.024573066332000546,6542.222817421503,20.00000021091095,19.99989551506214,13387.6357421875,7.462109212098763e-05,True,2.0,20.0
0,2024,data/raw/sow_call_dataset_labeled/feeding/393-1.wav,d020a377f975c05272b8d05b57521990,feeding,feeding,64000,1.0,DEMAND,STRAFFIC,data/noise_sources/demand/audio/STRAFFIC/ch01.wav,5cd76b6a746746009de5d2b3e6955a3facbb7d1f9e5ba3450140372694dc33f1,DEMAND:STRAFFIC,1.0,3407.0,active_valid_region,20.0,True,zero_shot_frozen,False,8051303.0,2.139280617452659e+17,82f806704fd07ce13ef2b2796df6bcd0d35bf72ee325b3935003444c724046c2,0.0,demand_noise_offset_v2,564.3458696574719,0.014106977498603623,4000.4733098449583,19.99999983917752,19.99999983917752,5165.2265625,0.00019340874749867277,True,0.0,20.0
0,2024,data/raw/sow_call_dataset_labeled/calm_grunt/91-0.wav,cee17336c428ff1a2871511627e221ac,calm_grunt,calm_grunt,64000,1.0,DEMAND,STRAFFIC,data/noise_sources/demand/audio/STRAFFIC/ch01.wav,5cd76b6a746746009de5d2b3e6955a3facbb7d1f9e5ba3450140372694dc33f1,DEMAND:STRAFFIC,1.0,3407.0,active_valid_region,20.0,True,zero_shot_frozen,False,2766026.0,8.676037255581129e+18,f86779ea94f7d830acf87c56e2aeaa7754b920c1f190a7aa470e2b58fc394b18,0.0,demand_noise_offset_v2,938.9198850949239,0.015052545430440498,6237.615355049271,20.000000165789587,20.000000165789587,17889.1875,5.584378832185643e-05,True,0.0,20.0
0,2024,data/external/korea_raw/dry_cough/train_dry_08236.wav,a7ab543a182c83c4cf8ec72231ba0af2,cough,dry_cough,17184,0.2685,DEMAND,STRAFFIC,data/noise_sources/demand/audio/STRAFFIC/ch01.wav,5cd76b6a746746009de5d2b3e6955a3facbb7d1f9e5ba3450140372694dc33f1,DEMAND:STRAFFIC,1.0,3407.0,active_valid_region,20.0,True,zero_shot_frozen,False,6269367.0,7.117903529678086e+16,80fce0f49a51d2432bafd536371407357bec21ac3e4d4c9e825557378c8ddbd7,0.0,demand_noise_offset_v2,0.10200412159395875,0.012977709857143267,0.7859947765576917,20.000000100224092,13.585635977280823,0.43638426065444946,1.0,False,23408.0,20.0
0,2024,data/raw/sow_call_dataset_labeled/feeding/462-1.wav,bf71b3916b50f93bb618bec575df25d0,feeding,feeding,64000,1.0,DEMAND,STRAFFIC,data/noise_sources/demand/audio/STRAFFIC/ch01.wav,5cd76b6a746746009de5d2b3e6955a3facbb7d1f9e5ba3450140372694dc33f1,DEMAND:STRAFFIC,1.0,3407.0,active_valid_region,20.0,True,zero_shot_frozen,False,3977471.0,4.2136220689632824e+18,ba79caf26e4d8d23f41197ac63895959d42708b056dd16191ab0e9e8c21d3797,0.0,demand_noise_offset_v2,390.87487317806836,0.01992092881391067,1962.131770207033,20.00000025265227,20.00000025265227,2403.16259765625,0.00041570220882028626,True,0.0,20.0
0,2024,data/raw/sow_call_dataset_labeled/frightened_stress/531-2.wav,439e489d68e585b0f865ab720f41e65a,stress_vocal,frightened_stress,63608,0.993875,DEMAND,STRAFFIC,data/noise_sources/demand/audio/STRAFFIC/ch01.wav,5cd76b6a746746009de5d2b3e6955a3facbb7d1f9e5ba3450140372694dc33f1,DEMAND:STRAFFIC,1.0,3407.0,active_valid_region,20.0,True,zero_shot_frozen,False,469990.0,3.5273349880280673e+18,30f39c7ba5383e0b694311da5bf5e188e5b170dc2cc8e811e400e36343bc1a8a,0.0,demand_noise_offset_v2,223.3376366304215,0.008125923536441825,2748.4585060249838,20.000000033432805,19.971735658860837,2385.41943359375,0.00041879427405140153,True,196.0,20.0
0,2024,data/external/korea_raw/dry_cough/train_dry_12259.wav,0dd24b3ee3931c0516f250d0fb57dc2a,cough,dry_cough,13985,0.218515625,DEMAND,STRAFFIC,data/noise_sources/demand/audio/STRAFFIC/ch01.wav,5cd76b6a746746009de5d2b3e6955a3facbb7d1f9e5ba3450140372694dc33f1,DEMAND:STRAFFIC,1.0,3407.0,active_valid_region,20.0,True,zero_shot_frozen,False,3719813.0,4.016603304620117e+18,b7bdd76cb78acbf61cc6cebad2b52429ad2ab0b1a9bf8c066a1fe203c461c80b,0.0,demand_noise_offset_v2,0.061751605029606374,0.01839786962649624,0.3356454104918374,20.000000078326387,13.657317127503186,0.24030178785324097,1.0,False,25007.0,20.0
0,2024,data/raw/sow_call_dataset_labeled/feeding/334-1.wav,6d4e3f890abd1b39675ab539c08999df,feeding,feeding,64000,1.0,DEMAND,STRAFFIC,data/noise_sources/demand/audio/STRAFFIC/ch01.wav,5cd76b6a746746009de5d2b3e6955a3facbb7d1f9e5ba3450140372694dc33f1,DEMAND:STRAFFIC,1.0,3407.0,active_valid_region,20.0,True,zero_shot_frozen,False,7808437.0,8.869404789933667e+18,7b1674aa1124f3ae7ca1cbd180f207b61805a85b9f02f0953379438bbf7180e7,0.0,demand_noise_offset_v2,891.4684230620591,0.010119157100686752,8809.710277168819,20.00000031299795,20.00000031299795,9390.1484375,0.00010638809457052312,True,0.0,20.0
0,2024,data/raw/sow_call_dataset_labeled/frightened_stress/1031-2.wav,52f370f2037764cd024cc8ac3620035d,stress_vocal,frightened_stress,63997,0.999953125,DEMAND,STRAFFIC,data/noise_sources/demand/audio/STRAFFIC/ch01.wav,5cd76b6a746746009de5d2b3e6955a3facbb7d1f9e5ba3450140372694dc33f1,DEMAND:STRAFFIC,1.0,3407.0,active_valid_region,20.0,True,zero_shot_frozen,False,382892.0,3.4628558926435564e+18,b00e89165d632be6b10afdaedf8222bd1bded72724fe14671e19b8464aeb67e5,0.0,demand_noise_offset_v2,251.37542293038825,0.010767043340486655,2334.6745711067833,20.000000042567358,19.99998584877027,2758.386474609375,0.000362168249154235,True,1.0,20.0
0,2024,data/external/korea_raw/dry_cough/train_dry_05498.wav,476f1f61fe985f0e105b631f547552aa,cough,dry_cough,11777,0.184015625,DEMAND,STRAFFIC,data/noise_sources/demand/audio/STRAFFIC/ch01.wav,5cd76b6a746746009de5d2b3e6955a3facbb7d1f9e5ba3450140372694dc33f1,DEMAND:STRAFFIC,1.0,3407.0,active_valid_region,20.0,True,zero_shot_frozen,False,2457862.0,1.3654967662774968e+18,92f33812ffea2f9502ae2886b178bc41b06d1dc20fa882e34c00d177eb168b14,0.0,demand_noise_offset_v2,0.042341868179194324,0.03322779779480077,0.12742905335068475,20.00000001233623,12.021334450530013,0.1538313925266266,1.0,False,26111.0,20.0
0,2024,data/raw/sow_call_dataset_labeled/calm_grunt/69-0.wav,5e6972bc79d14fbb0e7d8c9fc5171b8e,calm_grunt,calm_grunt,64000,1.0,DEMAND,STRAFFIC,data/noise_sources/demand/audio/STRAFFIC/ch01.wav,5cd76b6a746746009de5d2b3e6955a3facbb7d1f9e5ba3450140372694dc33f1,DEMAND:STRAFFIC,1.0,3407.0,active_valid_region,20.0,True,zero_shot_frozen,False,6140087.0,4.2128132155144945e+18,3a76eb4c8fd006256e50c9b57a82feeac1dfb08cae72d194d2f854eb3fade53c,0.0,demand_noise_offset_v2,984.0544080113978,0.018195708514526242,5408.167575479648,20.000000151015346,20.000000151015346,16138.8251953125,6.190041641259973e-05,True,0.0,20.0
0,2024,data/raw/sow_call_dataset_labeled/feeding/365-1.wav,e7f7f9645f68e7861c6960646038694b,feeding,feeding,63998,0.99996875,DEMAND,STRAFFIC,data/noise_sources/demand/audio/STRAFFIC/ch01.wav,5cd76b6a746746009de5d2b3e6955a3facbb7d1f9e5ba3450140372694dc33f1,DEMAND:STRAFFIC,1.0,3407.0,active_valid_region,20.0,True,zero_shot_frozen,False,2765292.0,5.129489708107562e+17,071e5c5f0913cc616bfb51eefbaaa54b98d2b7f57bb291071781abce34ec348b,0.0,demand_noise_offset_v2,228.88529049546287,0.015048101956309446,1521.0243202764495,20.000000162701276,19.999892583685796,2050.965087890625,0.0004870877646325276,True,1.0,20.0
0,2024,data/raw/sow_call_dataset_labeled/calm_grunt/127-0.wav,c0b1e9c399e2fcb85350d6e1a522b9c7,calm_grunt,calm_grunt,64000,1.0,DEMAND,STRAFFIC,data/noise_sources/demand/audio/STRAFFIC/ch01.wav,5cd76b6a746746009de5d2b3e6955a3facbb7d1f9e5ba3450140372694dc33f1,DEMAND:STRAFFIC,1.0,3407.0,active_valid_region,20.0,True,zero_shot_frozen,False,782547.0,8.625206842695263e+18,f7b2e3ecd51ea435b03cfedff0184715826dc220dd693ea94893222dbaf3b4db,0.0,demand_noise_offset_v2,719.0246855373471,0.015059108634861141,4774.6829043575535,19.99999963436187,19.99999963436187,7173.591796875,0.00013926078152860468,True,0.0,20.0
0,2024,data/raw/sow_call_dataset_labeled/frightened_stress/649-2.wav,a79a4d5ca276050cd921a9a53451c118,stress_vocal,frightened_stress,64000,1.0,DEMAND,STRAFFIC,data/noise_sources/demand/audio/STRAFFIC/ch01.wav,5cd76b6a746746009de5d2b3e6955a3facbb7d1f9e5ba3450140372694dc33f1,DEMAND:STRAFFIC,1.0,3407.0,active_valid_region,20.0,True,zero_shot_frozen,False,776693.0,3.320366428080375e+18,ae144fac9ddd0426adb68ee4be651d64b44b0e3cf9220b0bceebb424b86b08ee,0.0,demand_noise_offset_v2,182.61161994441022,0.014599781780577093,1250.7832150433144,20.000000083932584,20.000000083932584,1797.8712158203125,0.0005556571523084246,True,0.0,20.0
0,2024,data/raw/sow_call_dataset_labeled/anxious_stress/1429-3.wav,08dbebe86b17e15870a88fc0edc1fd56,stress_vocal,anxious_stress,63997,0.999953125,DEMAND,STRAFFIC,data/noise_sources/demand/audio/STRAFFIC/ch01.wav,5cd76b6a746746009de5d2b3e6955a3facbb7d1f9e5ba3450140372694dc33f1,DEMAND:STRAFFIC,1.0,3407.0,active_valid_region,20.0,True,zero_shot_frozen,False,3448438.0,5.018154060227327e+18,45a41087cc08b2278df42dec10b9243b81039892f3048438ff28ef8cea0e2683,0.0,demand_noise_offset_v2,1018.0890498529338,0.02211925951216509,4602.726638715044,20.000000146780522,19.999548639146067,6862.5244140625,0.0001455732525997104,True,1.0,20.0
0,2024,data/external/korea_raw/abdominal_cough/train_abdominal_16429.wav,89bcd1f7bcfd5c0d3850c0d8d7a77682,cough,abdominal_cough,12321,0.192515625,DEMAND,STRAFFIC,data/noise_sources/demand/audio/STRAFFIC/ch01.wav,5cd76b6a746746009de5d2b3e6955a3facbb7d1f9e5ba3450140372694dc33f1,DEMAND:STRAFFIC,1.0,3407.0,active_valid_region,20.0,True,zero_shot_frozen,False,699452.0,3.2749335582366474e+18,2d72e6b849b3906d3d007540e5abd2ae2f486d276c65eab81a6c264de0a3791c,0.0,demand_noise_offset_v2,0.03146874162552827,0.008361758426060451,0.3763411955008418,20.00000003608482,12.073268375946382,0.14412856101989746,1.0,False,25839.0,20.0
0,2024,data/raw/sow_call_dataset_labeled/frightened_stress/624-2.wav,6b7d32323ad19193729e70aa61366584,stress_vocal,frightened_stress,64000,1.0,DEMAND,STRAFFIC,data/noise_sources/demand/audio/STRAFFIC/ch01.wav,5cd76b6a746746009de5d2b3e6955a3facbb7d1f9e5ba3450140372694dc33f1,DEMAND:STRAFFIC,1.0,3407.0,active_valid_region,20.0,True,zero_shot_frozen,False,9169636.0,7.341866425176284e+18,65e38c9d64ffdb6f952cca7cecfc37d44a8fcd8adc611ad77298fffa0f0beff9,0.0,demand_noise_offset_v2,124.93057706281661,0.00975016366030511,1281.3177441465346,19.999999969025968,19.999999969025968,931.7845458984375,0.0010721362619689648,True,0.0,20.0
0,2024,data/raw/sow_call_dataset_labeled/calm_grunt/218-0.wav,b3d8482fce8b5eaa3e2cb020780d332e,calm_grunt,calm_grunt,64000,1.0,DEMAND,STRAFFIC,data/noise_sources/demand/audio/STRAFFIC/ch01.wav,5cd76b6a746746009de5d2b3e6955a3facbb7d1f9e5ba3450140372694dc33f1,DEMAND:STRAFFIC,1.0,3407.0,active_valid_region,20.0,True,zero_shot_frozen,False,1940084.0,5.461416484393292e+18,4bcad95b52b991479636174a094b5d0e5e12790d025c363f9c14209433488ab7,0.0,demand_noise_offset_v2,1325.8744849035143,0.012393509507084613,10698.135860109622,20.00000010740429,20.00000010740429,16286.4541015625,6.1339318784201e-05,True,0.0,20.0
0,2024,data/external/korea_raw/dry_cough/train_dry_14904.wav,82731434fe93293942ec3e677a251aa0,cough,dry_cough,13408,0.2095,DEMAND,STRAFFIC,data/noise_sources/demand/audio/STRAFFIC/ch01.wav,5cd76b6a746746009de5d2b3e6955a3facbb7d1f9e5ba3450140372694dc33f1,DEMAND:STRAFFIC,1.0,3407.0,active_valid_region,20.0,True,zero_shot_frozen,False,5952670.0,2.238380113001721e+18,1f1052da73c42c85560925ce00ff3c1346a2205f41e426b017dd6ca1809e000d,0.0,demand_noise_offset_v2,0.05590034753670979,0.01228934917024163,0.4548682502412021,19.999999869496968,11.902173918702768,0.23192821443080902,1.0,False,25296.0,20.0
0,2024,data/raw/sow_call_dataset_labeled/calm_grunt/59-0.wav,59a6dd695e64efe4c8241ab5e0cd60df,calm_grunt,calm_grunt,64000,1.0,DEMAND,STRAFFIC,data/noise_sources/demand/audio/STRAFFIC/ch01.wav,5cd76b6a746746009de5d2b3e6955a3facbb7d1f9e5ba3450140372694dc33f1,DEMAND:STRAFFIC,1.0,3407.0,active_valid_region,20.0,True,zero_shot_frozen,False,5682487.0,8.392661225009228e+18,f478b8eafcdea61390bd2fdf30a76a4738da5cb425a1038babcf7dc8d2e3cd22,0.0,demand_noise_offset_v2,1245.0851120905868,0.052264518198308456,2382.2760737338704,19.99999981592794,19.99999981592794,17877.83984375,5.587923422131143e-05,True,0.0,20.0
0,2024,data/external/korea_raw/dry_cough/train_dry_12342.wav,be5b9785349c0ba7847119f6859671bc,cough,dry_cough,14017,0.219015625,DEMAND,STRAFFIC,data/noise_sources/demand/audio/STRAFFIC/ch01.wav,5cd76b6a746746009de5d2b3e6955a3facbb7d1f9e5ba3450140372694dc33f1,DEMAND:STRAFFIC,1.0,3407.0,active_valid_region,20.0,True,zero_shot_frozen,False,9126620.0,8.720253278141692e+18,7904902793123782cec7ef3d680b262a6c38e0c10be8e737d05b18829465cfec,0.0,demand_noise_offset_v2,0.04360133356829202,0.009909082101741034,0.4400138491195994,19.999999867175667,13.475976700743963,0.17265364527702332,1.0,False,24991.0,20.0
0,2024,data/external/korea_raw/dry_cough/train_dry_07999.wav,4bcc8d92055b679105e93da203cd9111,cough,dry_cough,13313,0.208015625,DEMAND,STRAFFIC,data/noise_sources/demand/audio/STRAFFIC/ch01.wav,5cd76b6a746746009de5d2b3e6955a3facbb7d1f9e5ba3450140372694dc33f1,DEMAND:STRAFFIC,1.0,3407.0,active_valid_region,20.0,True,zero_shot_frozen,False,4509083.0,3.580150293423009e+18,31af3fb931fd2c994ea0201426db1538f7bc00c7e59d7695f173fe9fc895a897,0.0,demand_noise_offset_v2,0.09846734402329387,0.014268034873325116,0.6901254790691886,20.00000016952043,12.42344156210133,0.45503005385398865,1.0,False,25343.0,20.0
0,2024,data/raw/sow_call_dataset_labeled/calm_grunt/114-0.wav,6bfb9e30e653d62d2ad67d1d0fbee2b2,calm_grunt,calm_grunt,64000,1.0,DEMAND,STRAFFIC,data/noise_sources/demand/audio/STRAFFIC/ch01.wav,5cd76b6a746746009de5d2b3e6955a3facbb7d1f9e5ba3450140372694dc33f1,DEMAND:STRAFFIC,1.0,3407.0,active_valid_region,20.0,True,zero_shot_frozen,False,3625999.0,5.08341087957131e+18,c68be7430c3435ebe15be0afe1a447de53d656df6e96eb041a0a48bfe5737bd9,0.0,demand_noise_offset_v2,1176.8927172218246,0.032844298494385804,3583.248147080977,20.000000248798543,20.000000248798543,15387.5107421875,6.492278164661618e-05,True,0.0,20.0
0,2024,data/raw/sow_call_dataset_labeled/calm_grunt/274-0.wav,867a0d742da7dc4ab82703565363efca,calm_grunt,calm_grunt,64000,1.0,DEMAND,STRAFFIC,data/noise_sources/demand/audio/STRAFFIC/ch01.wav,5cd76b6a746746009de5d2b3e6955a3facbb7d1f9e5ba3450140372694dc33f1,DEMAND:STRAFFIC,1.0,3407.0,active_valid_region,20.0,True,zero_shot_frozen,False,5144738.0,1.6516674031339223e+18,16ebe6c092e3ac2fa963e674669b0746b163051f4441e92328ad6080182c3941,0.0,demand_noise_offset_v2,1609.9826402124925,0.011918926252267897,13507.782547997138,20.000000220853785,20.000000220853785,16801.44921875,5.9459156587822245e-05,True,0.0,20.0
0,2024,data/raw/sow_call_dataset_labeled/anxious_stress/1580-3.wav,f770589d5c495dba265407f0501aedab,stress_vocal,anxious_stress,63766,0.99634375,DEMAND,STRAFFIC,data/noise_sources/demand/audio/STRAFFIC/ch01.wav,5cd76b6a746746009de5d2b3e6955a3facbb7d1f9e5ba3450140372694dc33f1,DEMAND:STRAFFIC,1.0,3407.0,active_valid_region,20.0,True,zero_shot_frozen,False,703515.0,5.377384225490726e+18,4aa04e766529ea6dd10fa4ced36c6ba8fde39dda4c054950b14618e4f824471c,0.0,demand_noise_offset_v2,309.17193605807984,0.009147216105335284,3379.956617377276,20.000000188271628,19.997874219411628,1977.1319580078125,0.0005052773518499025,True,117.0,20.0
0,2024,data/external/korea_raw/abdominal_cough/train_abdominal_08112.wav,e88f3f912add02e57df4c7d0d5127334,cough,abdominal_cough,16224,0.2535,DEMAND,STRAFFIC,data/noise_sources/demand/audio/STRAFFIC/ch01.wav,5cd76b6a746746009de5d2b3e6955a3facbb7d1f9e5ba3450140372694dc33f1,DEMAND:STRAFFIC,1.0,3407.0,active_valid_region,20.0,True,zero_shot_frozen,False,6842141.0,6.256199715818148e+18,d6d27c7ea93d8e497caf60a1a102f4cffbe0d8cdea11b1b78380702d6f642a7f,0.0,demand_noise_offset_v2,0.09735584493514245,0.012688968867484291,0.7672478824076757,20.00000030307454,12.114995649045028,0.39091047644615173,1.0,False,23888.0,20.0
0,2024,data/raw/sow_call_dataset_labeled/calm_grunt/250-0.wav,6501451456d9e85981b2e584769706d5,calm_grunt,calm_grunt,64000,1.0,DEMAND,STRAFFIC,data/noise_sources/demand/audio/STRAFFIC/ch01.wav,5cd76b6a746746009de5d2b3e6955a3facbb7d1f9e5ba3450140372694dc33f1,DEMAND:STRAFFIC,1.0,3407.0,active_valid_region,20.0,True,zero_shot_frozen,False,2934281.0,9.20709066646933e+17,8cc704049af8cde5e010c16b283644c54a8993a053c0315ce0a3a8ec99ecbe04,0.0,demand_noise_offset_v2,1634.1095044534836,0.0064291074867628565,25417.361707173448,20.000000118298495,20.000000118298495,16910.904296875,5.9074309833602876e-05,True,0.0,20.0
0,2024,data/raw/sow_call_dataset_labeled/feeding/484-1.wav,7597d17cfc4d984eaab8bc076ccdf5ea,feeding,feeding,64000,1.0,DEMAND,STRAFFIC,data/noise_sources/demand/audio/STRAFFIC/ch01.wav,5cd76b6a746746009de5d2b3e6955a3facbb7d1f9e5ba3450140372694dc33f1,DEMAND:STRAFFIC,1.0,3407.0,active_valid_region,20.0,True,zero_shot_frozen,False,4752792.0,2.658206717692038e+18,24e3d8ed0b974cbdf5c6b81e7e58b0449fe7994287e6ebca4741452f04fac219,0.0,demand_noise_offset_v2,880.4726065326456,0.014938113053689198,5894.135379536435,20.00000018669947,20.00000018669947,12659.123046875,7.891541904607766e-05,True,0.0,20.0
0,2024,data/raw/sow_call_dataset_labeled/calm_grunt/251-0.wav,c0f8ff4583e17d7a26d397f7d7b0a2f7,calm_grunt,calm_grunt,64000,1.0,DEMAND,STRAFFIC,data/noise_sources/demand/audio/STRAFFIC/ch01.wav,5cd76b6a746746009de5d2b3e6955a3facbb7d1f9e5ba3450140372694dc33f1,DEMAND:STRAFFIC,1.0,3407.0,active_valid_region,20.0,True,zero_shot_frozen,False,7152197.0,1.589060259257757e+18,960d79e2f7bfac9f6489305e1bb793a38a5809352cb52e370b515491ad0d924d,0.0,demand_noise_offset_v2,1533.8450811438308,0.012131597599380392,12643.389039067455,20.000000259648957,20.000000259648957,18772.33984375,5.321659464483879e-05,True,0.0,20.0
0,2024,data/raw/sow_call_dataset_labeled/frightened_stress/988-2.wav,e3f63486bc9dd011d4c42a02e2ab82eb,stress_vocal,frightened_stress,63998,0.99996875,DEMAND,STRAFFIC,data/noise_sources/demand/audio/STRAFFIC/ch01.wav,5cd76b6a746746009de5d2b3e6955a3facbb7d1f9e5ba3450140372694dc33f1,DEMAND:STRAFFIC,1.0,3407.0,active_valid_region,20.0,True,zero_shot_frozen,False,3079760.0,1.8805898723909353e+18,9a193286700f12b67b3b90434499a2285a6999c1391e24d6c60743175280972d,0.0,demand_noise_offset_v2,207.5423704113459,0.010869548645552153,1909.3927188620917,20.00000008121575,19.999946246381576,2670.02783203125,0.000374153403202543,True,1.0,20.0
0,2024,data/raw/sow_call_dataset_labeled/calm_grunt/89-0.wav,66baf7d1e6268784319cb4666f8d36fd,calm_grunt,calm_grunt,64000,1.0,DEMAND,STRAFFIC,data/noise_sources/demand/audio/STRAFFIC/ch01.wav,5cd76b6a746746009de5d2b3e6955a3facbb7d1f9e5ba3450140372694dc33f1,DEMAND:STRAFFIC,1.0,3407.0,active_valid_region,20.0,True,zero_shot_frozen,False,1488172.0,8.594904535555222e+18,f7473c232829a82e62bae05f96f969b77c591b736f1fa795ef13e9754ca0aed9,0.0,demand_noise_offset_v2,1041.6516572237529,0.012241732084142936,8509.021844817484,20.00000037538678,20.00000037538678,15167.2578125,6.586556464918005e-05,True,0.0,20.0
0,2024,data/raw/sow_call_dataset_labeled/anxious_stress/1649-3.wav,8ef7b5c15e374567562265858e5d7ed1,stress_vocal,anxious_stress,64000,1.0,DEMAND,STRAFFIC,data/noise_sources/demand/audio/STRAFFIC/ch01.wav,5cd76b6a746746009de5d2b3e6955a3facbb7d1f9e5ba3450140372694dc33f1,DEMAND:STRAFFIC,1.0,3407.0,active_valid_region,20.0,True,zero_shot_frozen,False,3981628.0,6.967436651127037e+18,60b14eb81976da6e43b6d33f84e19fc80278f00dfc046fa1b9d3759675d16adb,0.0,demand_noise_offset_v2,1846.5257263435033,0.018628681337383563,9912.272870532937,20.00000035575091,20.00000035575091,14933.625,6.689601486578108e-05,True,0.0,20.0
0,2024,data/raw/sow_call_dataset_labeled/anxious_stress/1738-3.wav,ad7a0d5de7477a9d5d43b2bd260d645e,stress_vocal,anxious_stress,64000,1.0,DEMAND,STRAFFIC,data/noise_sources/demand/audio/STRAFFIC/ch01.wav,5cd76b6a746746009de5d2b3e6955a3facbb7d1f9e5ba3450140372694dc33f1,DEMAND:STRAFFIC,1.0,3407.0,active_valid_region,20.0,True,zero_shot_frozen,False,4483056.0,5.561178857308862e+17,07b7ba45483b123c391232e72ed13a18e7c73d16a2526d80de4076c7bfc14332,0.0,demand_noise_offset_v2,231.88397999285894,0.014495342002757969,1599.713755968913,20.000000064022974,20.000000064022974,1619.760986328125,0.0006167576626627222,True,0.0,20.0
0,2024,data/raw/sow_call_dataset_labeled/calm_grunt/165-0.wav,58f3af1d9665f4501de1c256ac27087d,calm_grunt,calm_grunt,64000,1.0,DEMAND,STRAFFIC,data/noise_sources/demand/audio/STRAFFIC/ch01.wav,5cd76b6a746746009de5d2b3e6955a3facbb7d1f9e5ba3450140372694dc33f1,DEMAND:STRAFFIC,1.0,3407.0,active_valid_region,20.0,True,zero_shot_frozen,False,5827515.0,8.239646007233246e+18,72591a63581a72df3e790b53a5c128aa90e64225e39c901ede6e8dfd1178f656,0.0,demand_noise_offset_v2,1242.3661302468377,0.019568315651933413,6348.865954255433,20.00000031788483,20.00000031788483,16472.25,6.064745253380686e-05,True,0.0,20.0
0,2024,data/raw/sow_call_dataset_labeled/calm_grunt/253-0.wav,88f53ffdc813ee27215e3d68cababb72,calm_grunt,calm_grunt,64000,1.0,DEMAND,STRAFFIC,data/noise_sources/demand/audio/STRAFFIC/ch01.wav,5cd76b6a746746009de5d2b3e6955a3facbb7d1f9e5ba3450140372694dc33f1,DEMAND:STRAFFIC,1.0,3407.0,active_valid_region,20.0,True,zero_shot_frozen,False,3246284.0,8.870099416413218e+18,7b18ec6c65b5a49a599028aeceabd7bd5be93756f78653e5d977c00946f14ee8,0.0,demand_noise_offset_v2,1677.1380296440782,0.018963665554130014,8843.954903427526,19.99999983262809,19.99999983262809,15506.4189453125,6.442493289541824e-05,True,0.0,20.0
0,2024,data/raw/sow_call_dataset_labeled/calm_grunt/252-0.wav,2425faf6d72ec8f1cfb27af49a442721,calm_grunt,calm_grunt,64000,1.0,DEMAND,STRAFFIC,data/noise_sources/demand/audio/STRAFFIC/ch01.wav,5cd76b6a746746009de5d2b3e6955a3facbb7d1f9e5ba3450140372694dc33f1,DEMAND:STRAFFIC,1.0,3407.0,active_valid_region,20.0,True,zero_shot_frozen,False,664491.0,3.191407093757897e+18,2c4a27d7cd19ea9802e27f9082257131dd01bb561a22d8eef4d910cca9bf4c42,0.0,demand_noise_offset_v2,1988.6156620474069,0.008703698683428794,22847.9378064131,20.000000119072876,20.000000119072876,17857.416015625,5.5943144244715384e-05,True,0.0,20.0
0,2024,data/raw/sow_call_dataset_labeled/frightened_stress/887-2.wav,36d2f03519aad0dc3c6d70f418bede2d,stress_vocal,frightened_stress,64000,1.0,DEMAND,STRAFFIC,data/noise_sources/demand/audio/STRAFFIC/ch01.wav,5cd76b6a746746009de5d2b3e6955a3facbb7d1f9e5ba3450140372694dc33f1,DEMAND:STRAFFIC,1.0,3407.0,active_valid_region,20.0,True,zero_shot_frozen,False,8104100.0,2.2874944917308677e+18,1fbed01edd47f5b32405dbca6d03d22d46f230fd4d3c9dbac135887632420732,0.0,demand_noise_offset_v2,226.1403217059333,0.013863074098797683,1631.242248972369,19.999999682195543,19.999999682195543,2309.6318359375,0.0004325364694302012,True,0.0,20.0
0,2024,data/raw/sow_call_dataset_labeled/feeding/367-1.wav,940704b541a8d463f81ea666f8da0a2d,feeding,feeding,64000,1.0,DEMAND,STRAFFIC,data/noise_sources/demand/audio/STRAFFIC/ch01.wav,5cd76b6a746746009de5d2b3e6955a3facbb7d1f9e5ba3450140372694dc33f1,DEMAND:STRAFFIC,1.0,3407.0,active_valid_region,20.0,True,zero_shot_frozen,False,6587666.0,8.351849062375634e+18,73e7ba78e49435ffec017bb120f2e13d4c957e3a6af8b70e3f99e061cf95a4bc,0.0,demand_noise_offset_v2,702.5387179613983,0.011957671055338969,5875.213615679138,20.000000350606747,20.000000350606747,8278.43359375,0.00012067500314965609,True,0.0,20.0
0,2024,data/raw/sow_call_dataset_labeled/anxious_stress/1294-3.wav,3b1abd244c212e4e29ed5d8d492094a3,stress_vocal,anxious_stress,64000,1.0,DEMAND,STRAFFIC,data/noise_sources/demand/audio/STRAFFIC/ch01.wav,5cd76b6a746746009de5d2b3e6955a3facbb7d1f9e5ba3450140372694dc33f1,DEMAND:STRAFFIC,1.0,3407.0,active_valid_region,20.0,True,zero_shot_frozen,False,3032045.0,5.504119819394632e+18,cc628fd04c344646af8128a60bc96776151cd1c8cb647feea136fbbc820ad24c,0.0,demand_noise_offset_v2,309.20159348055824,0.010708800667592767,2887.35968740432,20.000000203142303,20.000000203142303,2238.85791015625,0.00044620964799426673,True,0.0,20.0
0,2024,data/raw/sow_call_dataset_labeled/calm_grunt/84-0.wav,6284697bc5cf29624df3bee3472e7b55,calm_grunt,calm_grunt,64000,1.0,DEMAND,STRAFFIC,data/noise_sources/demand/audio/STRAFFIC/ch01.wav,5cd76b6a746746009de5d2b3e6955a3facbb7d1f9e5ba3450140372694dc33f1,DEMAND:STRAFFIC,1.0,3407.0,active_valid_region,20.0,True,zero_shot_frozen,False,2692878.0,7.967446025396238e+18,6e920df25ed7378b201c2117c3d322c19989c090daf8c8998b38e561c8e19813,0.0,demand_noise_offset_v2,819.4625842053988,0.017928465559721215,4570.7346313364105,19.99999955646614,19.99999955646614,14416.3994140625,6.929608228151086e-05,True,0.0,20.0
0,2024,data/external/korea_raw/dry_cough/train_dry_06353.wav,7c4381d73edf61a542eca5b8ad16ccbe,cough,dry_cough,7969,0.124515625,DEMAND,STRAFFIC,data/noise_sources/demand/audio/STRAFFIC/ch01.wav,5cd76b6a746746009de5d2b3e6955a3facbb7d1f9e5ba3450140372694dc33f1,DEMAND:STRAFFIC,1.0,3407.0,active_valid_region,20.0,True,zero_shot_frozen,False,5286407.0,2.06900292732083e+18,1cb693334a338f8899c5583220642a021366a36a73411eb24c3d0c7ff42b47e4,0.0,demand_noise_offset_v2,0.12077981036285175,0.012933025554994294,0.9338867370923171,19.99999972431604,10.325226664306417,0.4434058964252472,1.0,False,28015.0,20.0
0,2024,data/raw/sow_call_dataset_labeled/frightened_stress/798-2.wav,9047deea4f6c553333311bf1f5279715,stress_vocal,frightened_stress,64000,1.0,DEMAND,STRAFFIC,data/noise_sources/demand/audio/STRAFFIC/ch01.wav,5cd76b6a746746009de5d2b3e6955a3facbb7d1f9e5ba3450140372694dc33f1,DEMAND:STRAFFIC,1.0,3407.0,active_valid_region,20.0,True,zero_shot_frozen,False,4016938.0,4.301436516260851e+18,3bb1c5b8b79f2df326045446639d151659c4eccede70ae4a4866921a3a724750,0.0,demand_noise_offset_v2,109.39846330513913,0.011099827289827545,985.5870767052162,19.999999816778857,19.999999816778857,1154.8482666015625,0.0008650487071689634,True,0.0,20.0
0,2024,data/raw/sow_call_dataset_labeled/feeding/396-1.wav,850bc5be2aeb59aeadd3ce9d998d574e,feeding,feeding,64000,1.0,DEMAND,STRAFFIC,data/noise_sources/demand/audio/STRAFFIC/ch01.wav,5cd76b6a746746009de5d2b3e6955a3facbb7d1f9e5ba3450140372694dc33f1,DEMAND:STRAFFIC,1.0,3407.0,active_valid_region,20.0,True,zero_shot_frozen,False,8816661.0,5.883182069552799e+18,51a542ebfca45db2d549626501401ec769c9765ad18ac1e49a064ce365e7b94d,0.0,demand_noise_offset_v2,495.4983345230236,0.00809278766436566,6122.715127011335,19.999999703930747,19.999999703930747,6225.2646484375,0.0001604751053034737,True,0.0,20.0
0,2024,data/external/korea_raw/abdominal_cough/train_abdominal_01211.wav,54d7ff55aaca2d49609a064333bab111,cough,abdominal_cough,17952,0.2805,DEMAND,STRAFFIC,data/noise_sources/demand/audio/STRAFFIC/ch01.wav,5cd76b6a746746009de5d2b3e6955a3facbb7d1f9e5ba3450140372694dc33f1,DEMAND:STRAFFIC,1.0,3407.0,active_valid_region,20.0,True,zero_shot_frozen,False,8802507.0,5.8833226184099e+18,51a5c2c01157d76ddaff29fc95d5ffacd0dba2d9fcf5de0b932ed524e3363073,0.0,demand_noise_offset_v2,0.027219146609550993,0.00843087862638663,0.3228506519399009,20.000000201087,15.145417145157975,0.13374468684196472,1.0,False,23024.0,20.0
0,2024,data/raw/sow_call_dataset_labeled/feeding/382-1.wav,6900556222b8dc7174fb2b5d5e1d09ac,feeding,feeding,63997,0.999953125,DEMAND,STRAFFIC,data/noise_sources/demand/audio/STRAFFIC/ch01.wav,5cd76b6a746746009de5d2b3e6955a3facbb7d1f9e5ba3450140372694dc33f1,DEMAND:STRAFFIC,1.0,3407.0,active_valid_region,20.0,True,zero_shot_frozen,False,2526188.0,7.3137650600483e+17,8a265f0ea57bf6e17858e380155229e8274a7ac668ac5f019e214e00cb706a2d,0.0,demand_noise_offset_v2,882.0886951559368,0.03310506427714325,2664.5128605442937,19.999999740583146,19.999839310869866,9132.453125,0.00010939010431548204,True,1.0,20.0
0,2024,data/raw/sow_call_dataset_labeled/feeding/308-1.wav,62f84208f3d66bc2106eced8f9723a09,feeding,feeding,63986,0.99978125,DEMAND,STRAFFIC,data/noise_sources/demand/audio/STRAFFIC/ch01.wav,5cd76b6a746746009de5d2b3e6955a3facbb7d1f9e5ba3450140372694dc33f1,DEMAND:STRAFFIC,1.0,3407.0,active_valid_region,20.0,True,zero_shot_frozen,False,6534645.0,4.504201751598376e+18,be8223a0f8b6a38dc551e2bb009853b60cd5dd53c0190a4125ee0aba0dc6ae7a,0.0,demand_noise_offset_v2,377.93868802714655,0.011662309648550764,3240.6847306966483,19.999999775570153,19.998523975252343,3271.257568359375,0.00030538714213843634,True,7.0,20.0
0,2024,data/raw/sow_call_dataset_labeled/feeding/411-1.wav,34ffe8b85e2dd2ea42fae8d315374606,feeding,feeding,63998,0.99996875,DEMAND,STRAFFIC,data/noise_sources/demand/audio/STRAFFIC/ch01.wav,5cd76b6a746746009de5d2b3e6955a3facbb7d1f9e5ba3450140372694dc33f1,DEMAND:STRAFFIC,1.0,3407.0,active_valid_region,20.0,True,zero_shot_frozen,False,6228632.0,5.490409591130774e+18,4c31da6f06bf57c5cb40cf0c7df3b761ee9267e21b3ca6ca7643034bba44f28d,0.0,demand_noise_offset_v2,398.75886637335407,0.01672340938539452,2384.4352379581896,19.99999975970533,19.999946155595605,3809.35693359375,0.00026224898779898337,True,1.0,20.0
0,2024,data/external/korea_raw/dry_cough/train_dry_02449.wav,2896dd842b3141f1521d6e69312d7362,cough,dry_cough,18497,0.289015625,DEMAND,STRAFFIC,data/noise_sources/demand/audio/STRAFFIC/ch01.wav,5cd76b6a746746009de5d2b3e6955a3facbb7d1f9e5ba3450140372694dc33f1,DEMAND:STRAFFIC,1.0,3407.0,active_valid_region,20.0,True,zero_shot_frozen,False,8112204.0,8.245958404018104e+18,f26f877ac02566aee66224736d067e79ca058ebfba782cff46f8a5ae24844daf,0.0,demand_noise_offset_v2,0.07343115627623883,0.014896992494133086,0.49292604735592355,19.999999754600818,15.02996720462428,0.41741421818733215,1.0,False,22751.0,20.0
0,2024,data/raw/sow_call_dataset_labeled/calm_grunt/35-0.wav,bce14de9ae101013d89c90c1a29bb636,calm_grunt,calm_grunt,64000,1.0,DEMAND,STRAFFIC,data/noise_sources/demand/audio/STRAFFIC/ch01.wav,5cd76b6a746746009de5d2b3e6955a3facbb7d1f9e5ba3450140372694dc33f1,DEMAND:STRAFFIC,1.0,3407.0,active_valid_region,20.0,True,zero_shot_frozen,False,2631778.0,5.767141074289357e+18,d00900405e94f0b292080ba0ab04fe5e066ed7e35160fbf7ff373795bb5ff812,0.0,demand_noise_offset_v2,565.1370232751316,0.023480908902288062,2406.7936451133824,19.999999799354804,19.999999799354804,9116.8427734375,0.00010957740797183098,True,0.0,20.0
0,2024,data/raw/sow_call_dataset_labeled/feeding/387-1.wav,9241924820d30258f1b5a5e9d94aeac0,feeding,feeding,64000,1.0,DEMAND,STRAFFIC,data/noise_sources/demand/audio/STRAFFIC/ch01.wav,5cd76b6a746746009de5d2b3e6955a3facbb7d1f9e5ba3450140372694dc33f1,DEMAND:STRAFFIC,1.0,3407.0,active_valid_region,20.0,True,zero_shot_frozen,False,1927803.0,5.484623075783073e+18,4c1d4ba0eef5ddd3365221043a78b101474cc2a6be0508150c186f86ab5de2a7,0.0,demand_noise_offset_v2,844.63572587174,0.011915601237380913,7088.486002888375,20.000000197979986,20.000000197979986,5498.4228515625,0.0001816884635775351,True,0.0,20.0
0,2024,data/raw/sow_call_dataset_labeled/anxious_stress/1616-3.wav,6063d92c24fe5f2476915494d06f6c8a,stress_vocal,anxious_stress,63987,0.999796875,DEMAND,STRAFFIC,data/noise_sources/demand/audio/STRAFFIC/ch01.wav,5cd76b6a746746009de5d2b3e6955a3facbb7d1f9e5ba3450140372694dc33f1,DEMAND:STRAFFIC,1.0,3407.0,active_valid_region,20.0,True,zero_shot_frozen,False,6613368.0,4.683041935488635e+18,40fd81d4190ecea9b91f2b2af2ac570e4258b5bc687b8e94e9b2ab3864e66ec8,0.0,demand_noise_offset_v2,627.475414910057,0.011357944567039773,5524.550777708156,19.99999999171389,19.999510849409848,4062.057861328125,0.00024593445837164127,True,6.0,20.0
0,2024,data/raw/sow_call_dataset_labeled/calm_grunt/155-0.wav,68510d2282aa7349ec4e06faa0638875,calm_grunt,calm_grunt,64000,1.0,DEMAND,STRAFFIC,data/noise_sources/demand/audio/STRAFFIC/ch01.wav,5cd76b6a746746009de5d2b3e6955a3facbb7d1f9e5ba3450140372694dc33f1,DEMAND:STRAFFIC,1.0,3407.0,active_valid_region,20.0,True,zero_shot_frozen,False,1954586.0,7.74131285847761e+18,6b6eab0790b8c3903b7be533d6b9f16ad3ec03e7f3e320a70e23c31ef14c81f2,0.0,demand_noise_offset_v2,897.9188141246865,0.012882399543394062,6970.120831139168,20.0000002802895,20.0000002802895,11804.1806640625,8.463103271889321e-05,True,0.0,20.0
0,2024,data/raw/sow_call_dataset_labeled/anxious_stress/1468-3.wav,d20184e28961e933d131951e2eb5242b,stress_vocal,anxious_stress,64000,1.0,DEMAND,STRAFFIC,data/noise_sources/demand/audio/STRAFFIC/ch01.wav,5cd76b6a746746009de5d2b3e6955a3facbb7d1f9e5ba3450140372694dc33f1,DEMAND:STRAFFIC,1.0,3407.0,active_valid_region,20.0,True,zero_shot_frozen,False,8802455.0,8.180250608585033e+18,f18616967262431ab951803b9cc0205ded5ab061742fdcea26fcc1f1c98429c0,0.0,demand_noise_offset_v2,483.6170731235223,0.0078097365565498395,6192.48894788806,20.00000025400301,20.00000025400301,4239.4267578125,0.00023564506643711274,True,0.0,20.0
0,2024,data/raw/sow_call_dataset_labeled/calm_grunt/86-0.wav,6686d8c376a0e89e3ba4cf02a3221421,calm_grunt,calm_grunt,64000,1.0,DEMAND,STRAFFIC,data/noise_sources/demand/audio/STRAFFIC/ch01.wav,5cd76b6a746746009de5d2b3e6955a3facbb7d1f9e5ba3450140372694dc33f1,DEMAND:STRAFFIC,1.0,3407.0,active_valid_region,20.0,True,zero_shot_frozen,False,2813546.0,6.44949926338842e+18,59813968bd69067c7f5f6168a01ac06aaefab46e13a774f8a0ef7737b83dfdb5,0.0,demand_noise_offset_v2,953.8544513051378,0.010771682439538889,8855.203972630017,19.999999871786912,19.999999871786912,15564.375,6.418503794723528e-05,True,0.0,20.0
0,2024,data/external/korea_raw/abdominal_cough/train_abdominal_05140.wav,ffc07baef90cf2dfcbaa9c4fa0e982c0,cough,abdominal_cough,13985,0.218515625,DEMAND,STRAFFIC,data/noise_sources/demand/audio/STRAFFIC/ch01.wav,5cd76b6a746746009de5d2b3e6955a3facbb7d1f9e5ba3450140372694dc33f1,DEMAND:STRAFFIC,1.0,3407.0,active_valid_region,20.0,True,zero_shot_frozen,False,7624687.0,1.9934368135566536e+18,1baa1c38623b1e515fcd04234bd1d2067157f13c50055e6ee94e10d9b2d96291,0.0,demand_noise_offset_v2,0.0378744874036115,0.013965347923775039,0.27120332132315017,20.000000383635907,13.727915317500054,0.20471404492855072,1.0,False,25007.0,20.0
0,2024,data/raw/sow_call_dataset_labeled/feeding/321-1.wav,09b3ffe59b3de4c1fad3e875d3de4e0d,feeding,feeding,63992,0.999875,DEMAND,STRAFFIC,data/noise_sources/demand/audio/STRAFFIC/ch01.wav,5cd76b6a746746009de5d2b3e6955a3facbb7d1f9e5ba3450140372694dc33f1,DEMAND:STRAFFIC,1.0,3407.0,active_valid_region,20.0,True,zero_shot_frozen,False,803447.0,7.35401983170332e+18,660eba12dbdab4ee262eee576c0a27a2fa4dbb8d448fd0d6fe2bcd21b96c690d,0.0,demand_noise_offset_v2,670.3121940538623,0.015478761238889645,4330.52867544552,19.99999972790512,19.999054185476833,5247.97802734375,0.00019035902871446304,True,4.0,20.0
0,2024,data/raw/sow_call_dataset_labeled/feeding/461-1.wav,81b6b443e611971e62ee7f480b5e80b8,feeding,feeding,64000,1.0,DEMAND,STRAFFIC,data/noise_sources/demand/audio/STRAFFIC/ch01.wav,5cd76b6a746746009de5d2b3e6955a3facbb7d1f9e5ba3450140372694dc33f1,DEMAND:STRAFFIC,1.0,3407.0,active_valid_region,10.0,True,zero_shot_frozen,False,970743.0,1.0901558491498015e+18,8f2102f80a6363ebd2dd3144a40d03882a97b9f7e1d5a92d4d83cb7de15983e4,0.0,demand_noise_offset_v2,330.3920405704791,0.03440747987283822,3036.5239559966863,10.000000087506757,10.000000087506757,3082.409423828125,0.0003240971145096344,True,0.0,10.0
0,2024,data/raw/sow_call_dataset_labeled/calm_grunt/74-0.wav,231dcdc74cf41f59690ae1408467d2ee,calm_grunt,calm_grunt,64000,1.0,DEMAND,STRAFFIC,data/noise_sources/demand/audio/STRAFFIC/ch01.wav,5cd76b6a746746009de5d2b3e6955a3facbb7d1f9e5ba3450140372694dc33f1,DEMAND:STRAFFIC,1.0,3407.0,active_valid_region,10.0,True,zero_shot_frozen,False,990632.0,8.483478084582994e+18,75bb5e5edb616f6fd9f726a6fe1d21ffb38817efd62cfb8d6d400bf8fb1d0171,0.0,demand_noise_offset_v2,689.0697472656415,0.04261919412175337,5112.789936503762,9.99999982799685,9.99999982799685,14962.6103515625,6.676642487690508e-05,True,0.0,10.0
0,2024,data/external/korea_raw/dry_cough/train_dry_16871.wav,0087b3873541a379748a345b960d0af7,cough,dry_cough,15649,0.244515625,DEMAND,STRAFFIC,data/noise_sources/demand/audio/STRAFFIC/ch01.wav,5cd76b6a746746009de5d2b3e6955a3facbb7d1f9e5ba3450140372694dc33f1,DEMAND:STRAFFIC,1.0,3407.0,active_valid_region,10.0,True,zero_shot_frozen,False,5012885.0,6.569791830409148e+18,5b2c96dc8bccf6675e1e95f7c4dbb2b2a52b85a8344b936618874398a0ce4ef7,0.0,demand_noise_offset_v2,0.05542253586361861,0.014263076580510629,1.228777298096281,10.000000060065386,4.085085266333666,0.361711710691452,1.0,False,24175.0,10.0
0,2024,data/raw/sow_call_dataset_labeled/anxious_stress/1567-3.wav,d76bf0e98eb7f34a4269a6dcebf2b860,stress_vocal,anxious_stress,64000,1.0,DEMAND,STRAFFIC,data/noise_sources/demand/audio/STRAFFIC/ch01.wav,5cd76b6a746746009de5d2b3e6955a3facbb7d1f9e5ba3450140372694dc33f1,DEMAND:STRAFFIC,1.0,3407.0,active_valid_region,10.0,True,zero_shot_frozen,False,8629889.0,4.4980168085577723e+18,be6c2a74b3d27e4587ee926ae85f1f311fc03cfab6f618e4b146f496ab4f5a93,0.0,demand_noise_offset_v2,2160.9679133716404,0.007744600885498318,88236.70396742615,10.000000081672445,10.000000081672445,11968.74609375,8.346739016559732e-05,True,0.0,10.0
0,2024,data/external/korea_raw/abdominal_cough/train_abdominal_00145.wav,e49ea7e3eb02dd8208d5767cc2a865bd,cough,abdominal_cough,13760,0.215,DEMAND,STRAFFIC,data/noise_sources/demand/audio/STRAFFIC/ch01.wav,5cd76b6a746746009de5d2b3e6955a3facbb7d1f9e5ba3450140372694dc33f1,DEMAND:STRAFFIC,1.0,3407.0,active_valid_region,10.0,True,zero_shot_frozen,False,1127932.0,5.072162323738803e+18,c663f0c28d923ca4b4c09e4d4a06579ad960b1fab9994242f85aedb81eb5ca35,0.0,demand_noise_offset_v2,0.054280202175761995,0.014385691649690889,1.1931930345074755,9.99999968165019,2.2720461409447825,0.31965866684913635,1.0,False,25120.0,10.0
0,2024,data/raw/sow_call_dataset_labeled/calm_grunt/126-0.wav,36fb7ca69b77d3439d07d4eed5009620,calm_grunt,calm_grunt,64000,1.0,DEMAND,STRAFFIC,data/noise_sources/demand/audio/STRAFFIC/ch01.wav,5cd76b6a746746009de5d2b3e6955a3facbb7d1f9e5ba3450140372694dc33f1,DEMAND:STRAFFIC,1.0,3407.0,active_valid_region,10.0,True,zero_shot_frozen,False,4775453.0,8.242777855647401e+17,8b706c475cd4f9e654a6f41b218e34560a62bc54d84d68aba55ae99ccff0d7f1,0.0,demand_noise_offset_v2,612.6466638729408,0.01779017513398223,10890.04939047174,9.99999966478315,9.99999966478315,7774.333984375,0.000128499753420397,True,0.0,10.0
0,2024,data/raw/sow_call_dataset_labeled/feeding/422-1.wav,ad0e6cc5f381d90941387e48ac3c90e5,feeding,feeding,64000,1.0,DEMAND,STRAFFIC,data/noise_sources/demand/audio/STRAFFIC/ch01.wav,5cd76b6a746746009de5d2b3e6955a3facbb7d1f9e5ba3450140372694dc33f1,DEMAND:STRAFFIC,1.0,3407.0,active_valid_region,10.0,True,zero_shot_frozen,False,229108.0,1.0006489262054593e+18,0de304e58f5a3b9795b7fb5b6a402825635f5e643fc28a797a6fb63c6516c7ba,0.0,demand_noise_offset_v2,553.9720628504172,0.023598795295431286,7423.317405733917,10.000000033333091,10.000000033333091,6463.85107421875,0.00015455182808659366,True,0.0,10.0
0,2024,data/raw/sow_call_dataset_labeled/frightened_stress/1033-2.wav,8922fbed7e0303ce8677c3bc946a39ed,stress_vocal,frightened_stress,63995,0.999921875,DEMAND,STRAFFIC,data/noise_sources/demand/audio/STRAFFIC/ch01.wav,5cd76b6a746746009de5d2b3e6955a3facbb7d1f9e5ba3450140372694dc33f1,DEMAND:STRAFFIC,1.0,3407.0,active_valid_region,10.0,True,zero_shot_frozen,False,7318311.0,8.231775114052289e+18,723d23da37fcc150d1c7cde3be483f2fc0ae3e34f236991cf708964a2ac938e8,0.0,demand_noise_offset_v2,242.93468520624987,0.007278378508381301,10554.918613027918,9.999999731140296,9.998796402483936,2250.957763671875,0.00044381108171944605,True,2.0,10.0
0,2024,data/external/korea_raw/dry_cough/train_dry_08957.wav,24488fa53abe2228b8830f93c083ba5d,cough,dry_cough,16000,0.25,DEMAND,STRAFFIC,data/noise_sources/demand/audio/STRAFFIC/ch01.wav,5cd76b6a746746009de5d2b3e6955a3facbb7d1f9e5ba3450140372694dc33f1,DEMAND:STRAFFIC,1.0,3407.0,active_valid_region,10.0,True,zero_shot_frozen,False,4910955.0,6.414888772076209e+18,d9064359c53e85ba576507891a0d187f21ef773a0b25c833a782e4fc5416f035,0.0,demand_noise_offset_v2,0.1368990824889901,0.02487906095258929,1.740069334117798,9.999999729225458,4.811396044671352,0.7339809536933899,1.0,False,24000.0,10.0
0,2024,data/raw/sow_call_dataset_labeled/calm_grunt/191-0.wav,3edbcd7e4d484f1fa45cd8c3904ed2b2,calm_grunt,calm_grunt,64000,1.0,DEMAND,STRAFFIC,data/noise_sources/demand/audio/STRAFFIC/ch01.wav,5cd76b6a746746009de5d2b3e6955a3facbb7d1f9e5ba3450140372694dc33f1,DEMAND:STRAFFIC,1.0,3407.0,active_valid_region,10.0,True,zero_shot_frozen,False,3935951.0,6.25156535614979e+18,56c20591b7725382445f7df985ebe65933f8dede4b1fcd098073d60ab9fdbebc,0.0,demand_noise_offset_v2,1322.3588303029073,0.02277975610922898,18356.938361157932,10.000000406597584,10.000000406597584,17764.251953125,5.623653631101876e-05,True,0.0,10.0
0,2024,data/external/korea_raw/dry_cough/train_dry_03883.wav,d33384b82a4c07ee3479d6a84e6a107a,cough,dry_cough,16000,0.25,DEMAND,STRAFFIC,data/noise_sources/demand/audio/STRAFFIC/ch01.wav,5cd76b6a746746009de5d2b3e6955a3facbb7d1f9e5ba3450140372694dc33f1,DEMAND:STRAFFIC,1.0,3407.0,active_valid_region,10.0,True,zero_shot_frozen,False,1462460.0,6.266484585214763e+18,56f706876c2fdeba7e9bb0dbf5d3740e98e22d031454b01800bfd61ea3c74b3d,0.0,demand_noise_offset_v2,0.05905472440135938,0.014445581534117355,1.292765094023816,9.999999688942435,5.049803809738554,0.3330608904361725,1.0,False,24000.0,10.0
0,2024,data/raw/sow_call_dataset_labeled/calm_grunt/164-0.wav,d61f937fb7139f1bd2472783afd2378a,calm_grunt,calm_grunt,64000,1.0,DEMAND,STRAFFIC,data/noise_sources/demand/audio/STRAFFIC/ch01.wav,5cd76b6a746746009de5d2b3e6955a3facbb7d1f9e5ba3450140372694dc33f1,DEMAND:STRAFFIC,1.0,3407.0,active_valid_region,10.0,True,zero_shot_frozen,False,4976001.0,6.189412990588895e+18,d5e53652703d3f335ba345998f1356cc8d1e5b37a6d785459d17e70407d077e5,0.0,demand_noise_offset_v2,1226.1967713311983,0.012610290973582221,30749.28774502128,10.000000178087586,10.000000178087586,15150.4287109375,6.593872814165287e-05,True,0.0,10.0
0,2024,data/external/korea_raw/dry_cough/train_dry_05642.wav,88d7f4aa29a5020b78bb91ee3a01937f,cough,dry_cough,13056,0.204,DEMAND,STRAFFIC,data/noise_sources/demand/audio/STRAFFIC/ch01.wav,5cd76b6a746746009de5d2b3e6955a3facbb7d1f9e5ba3450140372694dc33f1,DEMAND:STRAFFIC,1.0,3407.0,active_valid_region,10.0,True,zero_shot_frozen,False,8434406.0,8.580082896444822e+18,771293ef61ff8f88f16f0e4058423db560fe373c37ebfc7f792d96089b6ad16b,0.0,demand_noise_offset_v2,0.060270272855776005,0.00850444542655085,2.2410789635858865,10.000000427641924,1.1044284932443336,0.36732912063598633,1.0,False,25472.0,10.0
0,2024,data/raw/sow_call_dataset_labeled/feeding/386-1.wav,14e3565af5b36ce69c196167511c0621,feeding,feeding,64000,1.0,DEMAND,STRAFFIC,data/noise_sources/demand/audio/STRAFFIC/ch01.wav,5cd76b6a746746009de5d2b3e6955a3facbb7d1f9e5ba3450140372694dc33f1,DEMAND:STRAFFIC,1.0,3407.0,active_valid_region,10.0,True,zero_shot_frozen,False,2646951.0,4.2410001406687616e+17,05e2b4b73fb1bf1b4ecad6456fa81c5972b0f5e5edff0a89aa739fe60f8c569f,0.0,demand_noise_offset_v2,302.42735361492004,0.023221042163402855,4118.502767578446,9.999999661138283,9.999999661138283,2727.94189453125,0.00036621014619215745,True,0.0,10.0
0,2024,data/raw/sow_call_dataset_labeled/anxious_stress/1691-3.wav,ff6ed75be70451ec0c28fb565f81cd54,stress_vocal,anxious_stress,63988,0.9998125,DEMAND,STRAFFIC,data/noise_sources/demand/audio/STRAFFIC/ch01.wav,5cd76b6a746746009de5d2b3e6955a3facbb7d1f9e5ba3450140372694dc33f1,DEMAND:STRAFFIC,1.0,3407.0,active_valid_region,10.0,True,zero_shot_frozen,False,8906761.0,1.9428996974088896e+17,02b241b2b5d3bb7ab4e2f7d7a80a32de95880a77fc4d0557e7cff4059e160c85,0.0,demand_noise_offset_v2,496.3896603203642,0.007184286163742658,21849.37929521324,10.000000150052966,9.998733680677086,4014.071044921875,0.0002488745188662806,True,6.0,10.0
0,2024,data/external/korea_raw/abdominal_cough/train_abdominal_04314.wav,14cfa356c56f5fb97ab95f6e8f359b80,cough,abdominal_cough,20001,0.312515625,DEMAND,STRAFFIC,data/noise_sources/demand/audio/STRAFFIC/ch01.wav,5cd76b6a746746009de5d2b3e6955a3facbb7d1f9e5ba3450140372694dc33f1,DEMAND:STRAFFIC,1.0,3407.0,active_valid_region,10.0,True,zero_shot_frozen,False,3399054.0,7.386046038919683e+17,8a400cf95472e915b99815f906333c8bd97b320e60c32df4fef99d49da67fadb,0.0,demand_noise_offset_v2,0.041687123283452435,0.023169587220236137,0.5689624826842435,10.000000424024682,4.074330623258277,0.20883260667324066,1.0,False,21999.0,10.0
0,2024,data/external/korea_raw/dry_cough/train_dry_17215.wav,7de8d3e02d0b1fe49ade87fb918a2119,cough,dry_cough,13536,0.2115,DEMAND,STRAFFIC,data/noise_sources/demand/audio/STRAFFIC/ch01.wav,5cd76b6a746746009de5d2b3e6955a3facbb7d1f9e5ba3450140372694dc33f1,DEMAND:STRAFFIC,1.0,3407.0,active_valid_region,10.0,True,zero_shot_frozen,False,6330366.0,1.5478862477688701e+18,957b32575ef9cc937541dbc4b719cb6dc3c96380e1b011c5d15e42997e093621,0.0,demand_noise_offset_v2,0.3094046526918556,0.014409982407113886,6.789900178341545,9.999999832373351,3.288484020917939,1.2134169340133667,0.8232949219653756,True,25232.0,10.0
0,2024,data/external/korea_raw/dry_cough/train_dry_08205.wav,6704c14d5e967fb2463c9162bfcd787d,cough,dry_cough,22977,0.359015625,DEMAND,STRAFFIC,data/noise_sources/demand/audio/STRAFFIC/ch01.wav,5cd76b6a746746009de5d2b3e6955a3facbb7d1f9e5ba3450140372694dc33f1,DEMAND:STRAFFIC,1.0,3407.0,active_valid_region,10.0,True,zero_shot_frozen,False,6734035.0,2.5623352147060326e+18,238f3e4d4c06ffc5c443c851feaec8f2aff149d314f0c019ec4c2085eb2f6047,0.0,demand_noise_offset_v2,0.09645465766897002,0.011661210684287502,2.615649587540309,9.999999628155788,4.307656042790351,0.5603904128074646,1.0,False,20511.0,10.0
0,2024,data/raw/sow_call_dataset_labeled/feeding/372-1.wav,a51ab823a33ac9f98b57ddd7d4c7dbac,feeding,feeding,64000,1.0,DEMAND,STRAFFIC,data/noise_sources/demand/audio/STRAFFIC/ch01.wav,5cd76b6a746746009de5d2b3e6955a3facbb7d1f9e5ba3450140372694dc33f1,DEMAND:STRAFFIC,1.0,3407.0,active_valid_region,10.0,True,zero_shot_frozen,False,8488578.0,6.950258491486825e+18,607447462236eddbe479322b0770755c4edc2af7427626c2a59aed3a00c734be,0.0,demand_noise_offset_v2,174.77702599599246,0.011513874730779333,4800.23882264685,10.000000094380093,10.000000094380093,2078.320068359375,0.0004806766846016216,True,0.0,10.0
0,2024,data/raw/sow_call_dataset_labeled/calm_grunt/234-0.wav,60811846bec973804cf5cb64ea03726f,calm_grunt,calm_grunt,64000,1.0,DEMAND,STRAFFIC,data/noise_sources/demand/audio/STRAFFIC/ch01.wav,5cd76b6a746746009de5d2b3e6955a3facbb7d1f9e5ba3450140372694dc33f1,DEMAND:STRAFFIC,1.0,3407.0,active_valid_region,10.0,True,zero_shot_frozen,False,8757404.0,4.5736088743750006e+18,bf78b90a0ab232a44f3110651ff851da933c0b2b077c66ad2303bddba6ecaac2,0.0,demand_noise_offset_v2,1365.608504954749,0.008388728049651744,51478.99946444945,9.999999905023508,9.999999905023508,16071.9033203125,6.215816385215634e-05,True,0.0,10.0
0,2024,data/raw/sow_call_dataset_labeled/anxious_stress/1358-3.wav,2d25df36b23419dad4eac8cb0c26741b,stress_vocal,anxious_stress,64000,1.0,DEMAND,STRAFFIC,data/noise_sources/demand/audio/STRAFFIC/ch01.wav,5cd76b6a746746009de5d2b3e6955a3facbb7d1f9e5ba3450140372694dc33f1,DEMAND:STRAFFIC,1.0,3407.0,active_valid_region,10.0,True,zero_shot_frozen,False,4875903.0,6.882431747873697e+18,5f834f35c2e1ebe77bcc4b893b67d2888ba4bf1dda0aa9193473f0a66e3d65f6,0.0,demand_noise_offset_v2,249.80913756039314,0.023569786823796422,3351.603732858538,9.99999993907165,9.99999993907165,2195.23193359375,0.00045507719922995395,True,0.0,10.0
0,2024,data/external/korea_raw/abdominal_cough/train_abdominal_04310.wav,f720b0ab06424dff180f34747009278e,cough,abdominal_cough,12000,0.1875,DEMAND,STRAFFIC,data/noise_sources/demand/audio/STRAFFIC/ch01.wav,5cd76b6a746746009de5d2b3e6955a3facbb7d1f9e5ba3450140372694dc33f1,DEMAND:STRAFFIC,1.0,3407.0,active_valid_region,10.0,True,zero_shot_frozen,False,5232394.0,9.16435724519638e+18,ff2e565c12b5287d61d4f7cc965e8c01d40fa25ee52350b21c073f542c512ed1,0.0,demand_noise_offset_v2,0.048781646970011076,0.009531244060853544,1.6184782537786793,9.999999763029845,1.9881209055383922,0.20335659384727478,1.0,False,26000.0,10.0
0,2024,data/raw/sow_call_dataset_labeled/anxious_stress/1628-3.wav,b4bafd8c58512f0cbd5d3fc95eff2e5e,stress_vocal,anxious_stress,64000,1.0,DEMAND,STRAFFIC,data/noise_sources/demand/audio/STRAFFIC/ch01.wav,5cd76b6a746746009de5d2b3e6955a3facbb7d1f9e5ba3450140372694dc33f1,DEMAND:STRAFFIC,1.0,3407.0,active_valid_region,10.0,True,zero_shot_frozen,False,7927918.0,7.922591686680416e+18,edf2b329d10c8e87fde70b87609290cfe3851e7213dc952cf0e4610e753c5d71,0.0,demand_noise_offset_v2,716.2477665910692,0.016915583999040546,13389.867660288306,10.000000308321862,10.000000308321862,6817.662109375,0.00014653116918573455,True,0.0,10.0
0,2024,data/external/korea_raw/dry_cough/train_dry_10991.wav,fed26a33f0b741bc95bbf8e3ae6cdaa1,cough,dry_cough,10016,0.1565,DEMAND,STRAFFIC,data/noise_sources/demand/audio/STRAFFIC/ch01.wav,5cd76b6a746746009de5d2b3e6955a3facbb7d1f9e5ba3450140372694dc33f1,DEMAND:STRAFFIC,1.0,3407.0,active_valid_region,10.0,True,zero_shot_frozen,False,3502336.0,8.938555917542676e+18,7c0c213f9e18d78af2456808648dcff78defd15bf37c4359a63702f3a55258a0,0.0,demand_noise_offset_v2,0.11561164243036151,0.018348494576197572,1.9925128603584368,10.0000001589635,1.6185527517016174,0.5831596851348877,1.0,False,26992.0,10.0
0,2024,data/raw/sow_call_dataset_labeled/anxious_stress/1697-3.wav,07cbbc074a5616ad1173d36f2d5a9c57,stress_vocal,anxious_stress,63996,0.9999375,DEMAND,STRAFFIC,data/noise_sources/demand/audio/STRAFFIC/ch01.wav,5cd76b6a746746009de5d2b3e6955a3facbb7d1f9e5ba3450140372694dc33f1,DEMAND:STRAFFIC,1.0,3407.0,active_valid_region,10.0,True,zero_shot_frozen,False,9389488.0,1.3489805696505444e+18,92b88aae4eecbf693979f2485c04874bb580be8c9fc086b6bc071388d533654f,0.0,demand_noise_offset_v2,485.1177626907367,0.02121732281891093,7230.304579899516,9.999999871881153,9.999886687126052,2642.04296875,0.0003781164847870153,True,2.0,10.0
0,2024,data/raw/sow_call_dataset_labeled/feeding/407-1.wav,194745edca2b4ea2108f74e6798de76b,feeding,feeding,64000,1.0,DEMAND,STRAFFIC,data/noise_sources/demand/audio/STRAFFIC/ch01.wav,5cd76b6a746746009de5d2b3e6955a3facbb7d1f9e5ba3450140372694dc33f1,DEMAND:STRAFFIC,1.0,3407.0,active_valid_region,10.0,True,zero_shot_frozen,False,8331630.0,8.712049248740845e+18,f8e76aa220e822b70e507c69a4fa56dbc7960ef32cf4f5014b6074738adbd775,0.0,demand_noise_offset_v2,651.8142671797953,0.01293821664792823,15931.234974425537,9.999999800056354,9.999999800056354,4767.5625,0.00020954103905297517,True,0.0,10.0
0,2024,data/external/korea_raw/abdominal_cough/train_abdominal_00976.wav,482167f50b0581254cf3db0cbf02e6d8,cough,abdominal_cough,10113,0.158015625,DEMAND,STRAFFIC,data/noise_sources/demand/audio/STRAFFIC/ch01.wav,5cd76b6a746746009de5d2b3e6955a3facbb7d1f9e5ba3450140372694dc33f1,DEMAND:STRAFFIC,1.0,3407.0,active_valid_region,10.0,True,zero_shot_frozen,False,2986705.0,8.272918442096888e+18,f2cf4f7dc4f68880d1bf1702a94f31c18001575c820d65bc2f8f0095ca34685d,0.0,demand_noise_offset_v2,0.04119018243817605,0.014025338551788969,0.9287105139140451,9.999999945224541,4.10667678503432,0.28949809074401855,1.0,False,26943.0,10.0
0,2024,data/raw/sow_call_dataset_labeled/calm_grunt/198-0.wav,d6f78c29d16485f14e15c559ba612000,calm_grunt,calm_grunt,64000,1.0,DEMAND,STRAFFIC,data/noise_sources/demand/audio/STRAFFIC/ch01.wav,5cd76b6a746746009de5d2b3e6955a3facbb7d1f9e5ba3450140372694dc33f1,DEMAND:STRAFFIC,1.0,3407.0,active_valid_region,10.0,True,zero_shot_frozen,False,1128201.0,8.838667536967278e+18,7aa9414bacb61b5a03c31994c5175e55088b166d169ed9b0422dbccb525b5581,0.0,demand_noise_offset_v2,885.5858411836019,0.016246632427690047,17237.22337044649,10.000000358062533,10.000000358062533,15665.109375,6.37722965148464e-05,True,0.0,10.0
0,2024,data/raw/sow_call_dataset_labeled/anxious_stress/1471-3.wav,ed129f6416e1cbbabfb2990dc4759456,stress_vocal,anxious_stress,63998,0.99996875,DEMAND,STRAFFIC,data/noise_sources/demand/audio/STRAFFIC/ch01.wav,5cd76b6a746746009de5d2b3e6955a3facbb7d1f9e5ba3450140372694dc33f1,DEMAND:STRAFFIC,1.0,3407.0,active_valid_region,10.0,True,zero_shot_frozen,False,3223539.0,6.704429645897066e+18,5d0aeb3dc94ae938675e7296462c4ac30018768f570bcfdc16771a3df9140b87,0.0,demand_noise_offset_v2,3076.2518728593964,0.01705267313103771,57046.55510512579,10.000000060711503,9.99985275353829,19827.185546875,5.038536597330902e-05,True,1.0,10.0
0,2024,data/raw/sow_call_dataset_labeled/anxious_stress/1694-3.wav,4cadeb71267741745df4bb50bad5fc80,stress_vocal,anxious_stress,64000,1.0,DEMAND,STRAFFIC,data/noise_sources/demand/audio/STRAFFIC/ch01.wav,5cd76b6a746746009de5d2b3e6955a3facbb7d1f9e5ba3450140372694dc33f1,DEMAND:STRAFFIC,1.0,3407.0,active_valid_region,10.0,True,zero_shot_frozen,False,9477568.0,2.606909631787321e+18,242d9a7f843a46cce8ca617068dae9c67fd3702b680375487959f5d7d95354d7,0.0,demand_noise_offset_v2,825.0489726956336,0.0303562341686959,8594.721994834174,10.000000318021362,10.000000318021362,5764.7451171875,0.00017329473891594907,True,0.0,10.0
0,2024,data/raw/sow_call_dataset_labeled/calm_grunt/142-0.wav,c549a91a9505158b9f6442db3dcff4e4,calm_grunt,calm_grunt,64000,1.0,DEMAND,STRAFFIC,data/noise_sources/demand/audio/STRAFFIC/ch01.wav,5cd76b6a746746009de5d2b3e6955a3facbb7d1f9e5ba3450140372694dc33f1,DEMAND:STRAFFIC,1.0,3407.0,active_valid_region,10.0,True,zero_shot_frozen,False,6485772.0,3.681590523820869e+18,b317a31354c986e34bee4e93349e1225f1a54663fa7a37c38a84e4234d1afc71,0.0,demand_noise_offset_v2,1281.8327474401044,0.011690773680231331,34672.73571599831,10.0000003367702,10.0000003367702,14733.37890625,6.780522013020499e-05,True,0.0,10.0
0,2024,data/raw/sow_call_dataset_labeled/anxious_stress/1437-3.wav,9dcd542137ab5deb241d9b7b2ed7c5c9,stress_vocal,anxious_stress,64000,1.0,DEMAND,STRAFFIC,data/noise_sources/demand/audio/STRAFFIC/ch01.wav,5cd76b6a746746009de5d2b3e6955a3facbb7d1f9e5ba3450140372694dc33f1,DEMAND:STRAFFIC,1.0,3407.0,active_valid_region,10.0,True,zero_shot_frozen,False,5752156.0,1.5286187411929792e+17,821f13108a94cb783c47800f505c65c6d3b98d64582506e4be19af91f7b8fa30,0.0,demand_noise_offset_v2,3939.1785986192194,0.02818434433673624,44197.5031705472,9.99999985869959,9.99999985869959,22698.3125,4.4012082395993096e-05,True,0.0,10.0
0,2024,data/external/korea_raw/abdominal_cough/train_abdominal_14437.wav,12f71686d1214f4a37e7f533b384ea35,cough,abdominal_cough,17280,0.27,DEMAND,STRAFFIC,data/noise_sources/demand/audio/STRAFFIC/ch01.wav,5cd76b6a746746009de5d2b3e6955a3facbb7d1f9e5ba3450140372694dc33f1,DEMAND:STRAFFIC,1.0,3407.0,active_valid_region,10.0,True,zero_shot_frozen,False,2711298.0,9.075815886862353e+17,0c9860a57653e6983cb12d00f17ab695b12e0bf4b822792f124ad75d797ba159,0.0,demand_noise_offset_v2,0.05661227773846427,0.015813796004614286,1.1320731665651695,10.000000019712342,3.722275605004829,0.2881554067134857,1.0,False,23360.0,10.0
0,2024,data/raw/sow_call_dataset_labeled/anxious_stress/1561-3.wav,5fb81c5b843c88128bdd4a3474a270e3,stress_vocal,anxious_stress,64000,1.0,DEMAND,STRAFFIC,data/noise_sources/demand/audio/STRAFFIC/ch01.wav,5cd76b6a746746009de5d2b3e6955a3facbb7d1f9e5ba3450140372694dc33f1,DEMAND:STRAFFIC,1.0,3407.0,active_valid_region,10.0,True,zero_shot_frozen,False,8968210.0,2.4565107214210368e+17,8368ba593db95474e77a34d0eb81365a86a4a806a8ad55ad2c33a6993ef84010,0.0,demand_noise_offset_v2,583.0942348172008,0.006601096092667317,27933.328747988864,10.000000194463045,10.000000194463045,5070.97705078125,0.0001970034551519201,True,0.0,10.0
0,2024,data/raw/sow_call_dataset_labeled/calm_grunt/146-0.wav,e555283d4dcff3cbe68b58ea6baa9321,calm_grunt,calm_grunt,64000,1.0,DEMAND,STRAFFIC,data/noise_sources/demand/audio/STRAFFIC/ch01.wav,5cd76b6a746746009de5d2b3e6955a3facbb7d1f9e5ba3450140372694dc33f1,DEMAND:STRAFFIC,1.0,3407.0,active_valid_region,10.0,True,zero_shot_frozen,False,5639118.0,2.818272164507595e+17,03e9405c3495ab3850009fcdf0bbf6c7b20eb06a564829b539977d5123256b25,0.0,demand_noise_offset_v2,1034.7847744680178,0.03472802463296915,9422.582510713959,10.000000444321211,10.000000444321211,15295.162109375,6.531477030816653e-05,True,0.0,10.0
0,2024,data/raw/sow_call_dataset_labeled/feeding/385-1.wav,9fe1b1d16ab7b011126eec1b974d15be,feeding,feeding,64000,1.0,DEMAND,STRAFFIC,data/noise_sources/demand/audio/STRAFFIC/ch01.wav,5cd76b6a746746009de5d2b3e6955a3facbb7d1f9e5ba3450140372694dc33f1,DEMAND:STRAFFIC,1.0,3407.0,active_valid_region,10.0,True,zero_shot_frozen,False,3123037.0,7.619172072184477e+18,e9bcbca1ad21f2344e59e410bf92cafc667e561b6acb0ab2c59a78cb20341aef,0.0,demand_noise_offset_v2,652.0218966575002,0.012745207594998741,16177.643732925262,10.000000091624823,10.000000091624823,5617.97265625,0.00017782215420514936,True,0.0,10.0
0,2024,data/raw/sow_call_dataset_labeled/feeding/347-1.wav,025adb61783547ff9a35c44600e53f23,feeding,feeding,64000,1.0,DEMAND,STRAFFIC,data/noise_sources/demand/audio/STRAFFIC/ch01.wav,5cd76b6a746746009de5d2b3e6955a3facbb7d1f9e5ba3450140372694dc33f1,DEMAND:STRAFFIC,1.0,3407.0,active_valid_region,10.0,True,zero_shot_frozen,False,4830558.0,3.6557370772167224e+18,32bbc980b7ba3ef8e3f12ecda5c77e9a1ba8327628f31db21ebfa07e90dd653b,0.0,demand_noise_offset_v2,352.84780930980054,0.021884758937689687,5098.5379733752125,9.999999813437654,9.999999813437654,3898.065185546875,0.00025628098875925964,True,0.0,10.0
0,2024,data/raw/sow_call_dataset_labeled/calm_grunt/220-0.wav,3a8f7f2ee112f7bb25ecfbfa9daf8e5a,calm_grunt,calm_grunt,64000,1.0,DEMAND,STRAFFIC,data/noise_sources/demand/audio/STRAFFIC/ch01.wav,5cd76b6a746746009de5d2b3e6955a3facbb7d1f9e5ba3450140372694dc33f1,DEMAND:STRAFFIC,1.0,3407.0,active_valid_region,10.0,True,zero_shot_frozen,False,1015863.0,3.075599494047178e+18,aaaeb971d20d9d502d1315e763ac3b0885edbe2745771536dc62eace462abd1c,0.0,demand_noise_offset_v2,1629.5622357778977,0.0426731879544293,12075.798647988307,9.999999864100152,9.999999864100152,18274.5703125,5.4666128008310726e-05,True,0.0,10.0
0,2024,data/raw/sow_call_dataset_labeled/feeding/326-1.wav,68271e05998f6bb287503513fa9477b1,feeding,feeding,63986,0.99978125,DEMAND,STRAFFIC,data/noise_sources/demand/audio/STRAFFIC/ch01.wav,5cd76b6a746746009de5d2b3e6955a3facbb7d1f9e5ba3450140372694dc33f1,DEMAND:STRAFFIC,1.0,3407.0,active_valid_region,10.0,True,zero_shot_frozen,False,8741236.0,2.875683431377412e+18,27e87ad845ba20069a3a9c807e60dd690251c0b03a30bd89554ede5c6a0db453,0.0,demand_noise_offset_v2,1257.3880442340817,0.008693882082279001,45735.726397176164,9.999999970221152,9.99951334622187,13675.85546875,7.3048446752217e-05,True,7.0,10.0
0,2024,data/raw/sow_call_dataset_labeled/feeding/362-1.wav,b3e4cd2d5cf837b812811f490fed3fb1,feeding,feeding,63995,0.999921875,DEMAND,STRAFFIC,data/noise_sources/demand/audio/STRAFFIC/ch01.wav,5cd76b6a746746009de5d2b3e6955a3facbb7d1f9e5ba3450140372694dc33f1,DEMAND:STRAFFIC,1.0,3407.0,active_valid_region,10.0,True,zero_shot_frozen,False,1505508.0,6.862535559875716e+18,df3c9fbb80e0e3d6034c937ad55e2df0abdbe99b26649d3c6549b6c99556eea3,0.0,demand_noise_offset_v2,603.1509733220147,0.011427033070914566,16691.391692037585,9.999999534521006,9.999376299870198,5735.861328125,0.00017416739053671714,True,2.0,10.0
0,2024,data/raw/sow_call_dataset_labeled/anxious_stress/1272-3.wav,ff6f943b9956c3adcddfef8911c4d1af,stress_vocal,anxious_stress,64000,1.0,DEMAND,STRAFFIC,data/noise_sources/demand/audio/STRAFFIC/ch01.wav,5cd76b6a746746009de5d2b3e6955a3facbb7d1f9e5ba3450140372694dc33f1,DEMAND:STRAFFIC,1.0,3407.0,active_valid_region,10.0,True,zero_shot_frozen,False,1905793.0,5.547566185038508e+18,4cfcea0d933071544f270621dd1078581348450cab31ec0a700c65b8b76cfcde,0.0,demand_noise_offset_v2,425.3430541197819,0.010582461349002887,12710.207895798376,9.999999922488174,9.999999922488174,2811.431640625,0.00035533497793953676,True,0.0,10.0
0,2024,data/raw/sow_call_dataset_labeled/frightened_stress/934-2.wav,c1bbeae49e86333d4bd2c70e7d1857ff,stress_vocal,frightened_stress,63988,0.9998125,DEMAND,STRAFFIC,data/noise_sources/demand/audio/STRAFFIC/ch01.wav,5cd76b6a746746009de5d2b3e6955a3facbb7d1f9e5ba3450140372694dc33f1,DEMAND:STRAFFIC,1.0,3407.0,active_valid_region,10.0,True,zero_shot_frozen,False,6496467.0,4.967434014403003e+18,44efdeeae1af02c2de3b4b1f39d0f5f50b2bff8f6efe73331632fffd9e11fdee,0.0,demand_noise_offset_v2,165.8682129147972,0.011439496621138976,4585.178540664592,9.999999680120924,9.999924417330558,2193.97900390625,0.0004553370830902846,True,6.0,10.0
0,2024,data/raw/sow_call_dataset_labeled/feeding/417-1.wav,8f86c8ddfdba8a759f93ddcddf3c6ca4,feeding,feeding,64000,1.0,DEMAND,STRAFFIC,data/noise_sources/demand/audio/STRAFFIC/ch01.wav,5cd76b6a746746009de5d2b3e6955a3facbb7d1f9e5ba3450140372694dc33f1,DEMAND:STRAFFIC,1.0,3407.0,active_valid_region,10.0,True,zero_shot_frozen,False,9068237.0,1.058289184512135e+18,8eafcc68007bcf47851fb5880ba23e1ffff2713a377d0bf32090852e83037e0e,0.0,demand_noise_offset_v2,558.077182472185,0.007858662618339753,22456.683694029594,10.000000034752894,10.000000034752894,5098.6630859375,0.00019593371500762973,True,0.0,10.0
0,2024,data/raw/sow_call_dataset_labeled/frightened_stress/668-2.wav,cf12385bb9ae5881f1be95db8e682af9,stress_vocal,frightened_stress,63996,0.9999375,DEMAND,STRAFFIC,data/noise_sources/demand/audio/STRAFFIC/ch01.wav,5cd76b6a746746009de5d2b3e6955a3facbb7d1f9e5ba3450140372694dc33f1,DEMAND:STRAFFIC,1.0,3407.0,active_valid_region,10.0,True,zero_shot_frozen,False,922278.0,5.409567176748652e+18,4b12a4afa6b755493090bc05bc36b694d5c13d73ecb2f4778117982deddee249,0.0,demand_noise_offset_v2,125.29251777555456,0.02227898938788105,1778.4008199375921,9.999999720830138,9.999614748380608,1192.716796875,0.0008375835760990779,True,2.0,10.0
0,2024,data/raw/sow_call_dataset_labeled/calm_grunt/151-0.wav,af2dea9baecdb955b1cd31003d1067a8,calm_grunt,calm_grunt,64000,1.0,DEMAND,STRAFFIC,data/noise_sources/demand/audio/STRAFFIC/ch01.wav,5cd76b6a746746009de5d2b3e6955a3facbb7d1f9e5ba3450140372694dc33f1,DEMAND:STRAFFIC,1.0,3407.0,active_valid_region,10.0,True,zero_shot_frozen,False,8015507.0,7.931282510958155e+18,ee11936c06edd30fac0889ce82a25e045c0d4ecca63195073b3da50cba022d40,0.0,demand_noise_offset_v2,1022.6523819253595,0.017087242444071463,18925.878719550637,9.99999990812,9.99999990812,9772.173828125,0.00010222904520228735,True,0.0,10.0
0,2024,data/raw/sow_call_dataset_labeled/anxious_stress/1777-3.wav,8c25af4b7b10e82ca566df1c08e21410,stress_vocal,anxious_stress,64000,1.0,DEMAND,STRAFFIC,data/noise_sources/demand/audio/STRAFFIC/ch01.wav,5cd76b6a746746009de5d2b3e6955a3facbb7d1f9e5ba3450140372694dc33f1,DEMAND:STRAFFIC,1.0,3407.0,active_valid_region,10.0,True,zero_shot_frozen,False,2933326.0,5.185239934354772e+18,c7f5ac3f6a62cebd136d73f3c3f89c6fd9fb34020d61cdf8146617dedbc76fda,0.0,demand_noise_offset_v2,367.3406052258028,0.006382635493212055,18199.895494795008,10.000000462601754,10.000000462601754,2149.270263671875,0.00046480892463160017,True,0.0,10.0
0,2024,data/external/korea_raw/abdominal_cough/train_abdominal_07806.wav,c3a126a94bddfdd955e8fad5c1655596,cough,abdominal_cough,21088,0.3295,DEMAND,STRAFFIC,data/noise_sources/demand/audio/STRAFFIC/ch01.wav,5cd76b6a746746009de5d2b3e6955a3facbb7d1f9e5ba3450140372694dc33f1,DEMAND:STRAFFIC,1.0,3407.0,active_valid_region,10.0,True,zero_shot_frozen,False,747963.0,8.280119438998434e+18,72e8e4c2834ef13574ba326e8dbd9d1b8e9061c68d5c2f89ef18ca4211c4bf1c,0.0,demand_noise_offset_v2,0.1663492143652448,0.00982865649218495,5.352129304671966,9.99999975247319,3.8581184312597356,1.0513092279434204,0.9502437279602804,True,21456.0,10.0
0,2024,data/raw/sow_call_dataset_labeled/feeding/288-1.wav,afb9ba311c29eb6543ac849e5b6bf4ec,feeding,feeding,63984,0.99975,DEMAND,STRAFFIC,data/noise_sources/demand/audio/STRAFFIC/ch01.wav,5cd76b6a746746009de5d2b3e6955a3facbb7d1f9e5ba3450140372694dc33f1,DEMAND:STRAFFIC,1.0,3407.0,active_valid_region,10.0,True,zero_shot_frozen,False,1619183.0,8.222655090211517e+18,721cbd3d329d723fb5c5b518e97eff405cc16235d437d6884bff5f91f0a4a20e,0.0,demand_noise_offset_v2,693.5544062944717,0.016189702365748345,13546.95445035733,10.000000221962551,9.999711995599208,7292.59521484375,0.0001369882696857465,True,8.0,10.0
0,2024,data/raw/sow_call_dataset_labeled/calm_grunt/0-0.wav,375a9f28f51a47761e2685a85bf05fd5,calm_grunt,calm_grunt,64000,1.0,DEMAND,STRAFFIC,data/noise_sources/demand/audio/STRAFFIC/ch01.wav,5cd76b6a746746009de5d2b3e6955a3facbb7d1f9e5ba3450140372694dc33f1,DEMAND:STRAFFIC,1.0,3407.0,active_valid_region,10.0,True,zero_shot_frozen,False,7863759.0,2.2680530256651246e+18,9f79be35ce8509019582058be8e356722b6f7f423f1b3b7d3a7c3ce8db88aebe,0.0,demand_noise_offset_v2,895.5736098104353,0.010279002742533985,27551.8208358969,10.000000163698427,10.000000163698427,14251.662109375,7.00970870859224e-05,True,0.0,10.0
0,2024,data/external/korea_raw/dry_cough/train_dry_11727.wav,fc93924539d8087a01f3402a5a8c7d0b,cough,dry_cough,12000,0.1875,DEMAND,STRAFFIC,data/noise_sources/demand/audio/STRAFFIC/ch01.wav,5cd76b6a746746009de5d2b3e6955a3facbb7d1f9e5ba3450140372694dc33f1,DEMAND:STRAFFIC,1.0,3407.0,active_valid_region,10.0,True,zero_shot_frozen,False,4812555.0,5.76369914948251e+18,cffcc5d6cd2048a8313fd2d5087b1159a86aaeaa65fb9e0e1c7bf10773ddd459,0.0,demand_noise_offset_v2,0.0506836254697083,0.021138410839219125,0.7582201792664202,9.999999811402914,2.672253643648851,0.21757933497428894,1.0,False,26000.0,10.0
0,2024,data/external/korea_raw/dry_cough/train_dry_17197.wav,a81227276c0cb075353c856ae7e0af41,cough,dry_cough,11456,0.179,DEMAND,STRAFFIC,data/noise_sources/demand/audio/STRAFFIC/ch01.wav,5cd76b6a746746009de5d2b3e6955a3facbb7d1f9e5ba3450140372694dc33f1,DEMAND:STRAFFIC,1.0,3407.0,active_valid_region,10.0,True,zero_shot_frozen,False,8434243.0,8.310864306278752e+18,73561f0dc037e16b3da7407694f333ac16274c553dd79c3928d475c6427a55ad,0.0,demand_noise_offset_v2,0.16823038367116366,0.00858941644373925,6.193566088330015,9.999999673940037,0.6230782058683414,0.9393750429153442,1.0,False,26272.0,10.0
0,2024,data/raw/sow_call_dataset_labeled/feeding/431-1.wav,91ae5382a6836df66540a8ba89013364,feeding,feeding,63754,0.99615625,DEMAND,STRAFFIC,data/noise_sources/demand/audio/STRAFFIC/ch01.wav,5cd76b6a746746009de5d2b3e6955a3facbb7d1f9e5ba3450140372694dc33f1,DEMAND:STRAFFIC,1.0,3407.0,active_valid_region,10.0,True,zero_shot_frozen,False,2071757.0,6.903817971832655e+18,5fcf49de0d0b0bb58253d10d618d815c4316f70264dd4f3a3e27ce28e94de2e8,0.0,demand_noise_offset_v2,756.5556176476762,0.011791231831621101,20289.98295111305,10.000000224462202,9.986910210380298,11992.6181640625,8.330124300910692e-05,True,123.0,10.0
0,2024,data/external/korea_raw/abdominal_cough/train_abdominal_01313.wav,a01b0c33cc7f711409675f20113a2224,cough,abdominal_cough,15040,0.235,DEMAND,STRAFFIC,data/noise_sources/demand/audio/STRAFFIC/ch01.wav,5cd76b6a746746009de5d2b3e6955a3facbb7d1f9e5ba3450140372694dc33f1,DEMAND:STRAFFIC,1.0,3407.0,active_valid_region,10.0,True,zero_shot_frozen,False,2413045.0,1.5744242845430548e+18,15d97a8b8deff3f9732002cd8cd06934cb45f0befee1088470f8fc508beec35c,0.0,demand_noise_offset_v2,0.04692561887131154,0.019917393391087165,0.7450364278727761,10.0000000526624,3.9959483771986064,0.21586179733276367,1.0,False,24480.0,10.0
0,2024,data/raw/sow_call_dataset_labeled/calm_grunt/193-0.wav,ca1ead94c16e1fb25c9557ecd7dcc551,calm_grunt,calm_grunt,64000,1.0,DEMAND,STRAFFIC,data/noise_sources/demand/audio/STRAFFIC/ch01.wav,5cd76b6a746746009de5d2b3e6955a3facbb7d1f9e5ba3450140372694dc33f1,DEMAND:STRAFFIC,1.0,3407.0,active_valid_region,10.0,True,zero_shot_frozen,False,7072104.0,3.6526656328112755e+17,8511b00108b30866ab6176b42ee72e88247991fb37a2775a72e9bf93b9a4bcc2,0.0,demand_noise_offset_v2,1062.7202043558248,0.030347909354328004,11073.633844120903,10.000000047067182,10.000000047067182,15861.970703125,6.298082493641126e-05,True,0.0,10.0
0,2024,data/external/korea_raw/abdominal_cough/train_abdominal_10313.wav,c13956b428478c5dd0c3458c16330570,cough,abdominal_cough,14016,0.219,DEMAND,STRAFFIC,data/noise_sources/demand/audio/STRAFFIC/ch01.wav,5cd76b6a746746009de5d2b3e6955a3facbb7d1f9e5ba3450140372694dc33f1,DEMAND:STRAFFIC,1.0,3407.0,active_valid_region,10.0,True,zero_shot_frozen,False,4556491.0,3.1967933918654577e+18,2c5d4aa70e74eb03c0f8651b3f68db15581fe472c3751804897cae681c790d49,0.0,demand_noise_offset_v2,0.2093419926545001,0.01668018657072775,3.968765600429228,10.000000233297047,3.978089798421898,1.0386641025543213,0.9618123872224159,True,24992.0,10.0
0,2024,data/raw/sow_call_dataset_labeled/feeding/312-1.wav,293a15b43b9611cb2e3eba6d3f5372cc,feeding,feeding,64000,1.0,DEMAND,STRAFFIC,data/noise_sources/demand/audio/STRAFFIC/ch01.wav,5cd76b6a746746009de5d2b3e6955a3facbb7d1f9e5ba3450140372694dc33f1,DEMAND:STRAFFIC,1.0,3407.0,active_valid_region,10.0,True,zero_shot_frozen,False,6124783.0,7.450206284495864e+18,6764732492c240d8a70c42eaa2877970e267706f38dae4b58f70324762e26981,0.0,demand_noise_offset_v2,888.6756050769391,0.018668000233045247,15053.776398057162,10.000000015617601,10.000000015617601,10664.51953125,9.367510623171096e-05,True,0.0,10.0
0,2024,data/external/korea_raw/abdominal_cough/train_abdominal_11302.wav,3500df8d4dde9d30a7e33288debf2b46,cough,abdominal_cough,14017,0.219015625,DEMAND,STRAFFIC,data/noise_sources/demand/audio/STRAFFIC/ch01.wav,5cd76b6a746746009de5d2b3e6955a3facbb7d1f9e5ba3450140372694dc33f1,DEMAND:STRAFFIC,1.0,3407.0,active_valid_region,10.0,True,zero_shot_frozen,False,1663810.0,8.396042041326919e+18,7484bbc0a0895c2b379ffca144e9a484f7d1cc1d4fae8cef47143a5a1ef4eb28,0.0,demand_noise_offset_v2,0.05705357375906903,0.008953298097899862,2.0151148745219714,10.000000386652214,2.2920225472609856,0.3128480911254883,1.0,False,24991.0,10.0
0,2024,data/raw/sow_call_dataset_labeled/frightened_stress/1063-2.wav,a7e2073c043365484b8a8e53a336da67,stress_vocal,frightened_stress,64000,1.0,DEMAND,STRAFFIC,data/noise_sources/demand/audio/STRAFFIC/ch01.wav,5cd76b6a746746009de5d2b3e6955a3facbb7d1f9e5ba3450140372694dc33f1,DEMAND:STRAFFIC,1.0,3407.0,active_valid_region,10.0,True,zero_shot_frozen,False,8103422.0,8.354049484273345e+18,f3ef8bbe8a25e146184ce1da467f0f188c068da85d7e98ee4412cb4f5b437271,0.0,demand_noise_offset_v2,170.68299385195073,0.013875405972155155,3889.9547841110557,9.999999889569368,9.999999889569368,1644.4339599609375,0.0006075038732620984,True,0.0,10.0
0,2024,data/raw/sow_call_dataset_labeled/anxious_stress/1422-3.wav,01f9891a3e4465b442eb23655620dc44,stress_vocal,anxious_stress,64000,1.0,DEMAND,STRAFFIC,data/noise_sources/demand/audio/STRAFFIC/ch01.wav,5cd76b6a746746009de5d2b3e6955a3facbb7d1f9e5ba3450140372694dc33f1,DEMAND:STRAFFIC,1.0,3407.0,active_valid_region,10.0,True,zero_shot_frozen,False,4733514.0,7.123429137969647e+18,62db810f37590ca70a736221b90f47f0708900ef3adc3923d3a8143f9a60daf6,0.0,demand_noise_offset_v2,354.3738632589609,0.013772992731014034,8136.420115926903,10.000000211089846,10.000000211089846,1939.9554443359375,0.0005149602806171488,True,0.0,10.0
0,2024,data/raw/sow_call_dataset_labeled/calm_grunt/182-0.wav,5ec24f69341475ee529256c8a2d68016,calm_grunt,calm_grunt,64000,1.0,DEMAND,STRAFFIC,data/noise_sources/demand/audio/STRAFFIC/ch01.wav,5cd76b6a746746009de5d2b3e6955a3facbb7d1f9e5ba3450140372694dc33f1,DEMAND:STRAFFIC,1.0,3407.0,active_valid_region,10.0,True,zero_shot_frozen,False,9401757.0,3.880569778196409e+18,b5da8da733836a16c4f21b5fd099a2b9cdba6a1d8c564a0e17003e58aea0f409,0.0,demand_noise_offset_v2,935.2707237111393,0.025148807173141944,11760.3419336717,10.00000010281623,10.00000010281623,16620.50390625,6.0106480864538316e-05,True,0.0,10.0
0,2024,data/external/korea_raw/dry_cough/train_dry_09239.wav,2f9ff30122974c3c0529764de066c3c9,cough,dry_cough,19360,0.3025,DEMAND,STRAFFIC,data/noise_sources/demand/audio/STRAFFIC/ch01.wav,5cd76b6a746746009de5d2b3e6955a3facbb7d1f9e5ba3450140372694dc33f1,DEMAND:STRAFFIC,1.0,3407.0,active_valid_region,10.0,True,zero_shot_frozen,False,3681666.0,6.872630529086116e+18,df607d0daeaed0a524e201a03c50902d8626ad578b10a1a36f8aec6674e8c4c3,0.0,demand_noise_offset_v2,0.09613606142838353,0.015156729996676917,2.005768523013906,9.999999937397815,3.937439183883813,0.5492135882377625,1.0,False,22320.0,10.0
0,2024,data/external/korea_raw/abdominal_cough/train_abdominal_17672.wav,f15a33f36baf2b8e736629781a6abc75,cough,abdominal_cough,13920,0.2175,DEMAND,STRAFFIC,data/noise_sources/demand/audio/STRAFFIC/ch01.wav,5cd76b6a746746009de5d2b3e6955a3facbb7d1f9e5ba3450140372694dc33f1,DEMAND:STRAFFIC,1.0,3407.0,active_valid_region,10.0,True,zero_shot_frozen,False,8140288.0,2.951017566662882e+17,8418697bf2b01844da62ae5ea10b67a78fc7bb0f21daf4c185c1cf69f1abac1d,0.0,demand_noise_offset_v2,0.06527721364023754,0.015385605782333871,1.3416740122744055,10.000000265217535,3.559101583871818,0.2871093153953552,1.0,False,25040.0,10.0
0,2024,data/raw/sow_call_dataset_labeled/anxious_stress/1297-3.wav,15736b80e0e4f5e334117af31330abe5,stress_vocal,anxious_stress,63991,0.999859375,DEMAND,STRAFFIC,data/noise_sources/demand/audio/STRAFFIC/ch01.wav,5cd76b6a746746009de5d2b3e6955a3facbb7d1f9e5ba3450140372694dc33f1,DEMAND:STRAFFIC,1.0,3407.0,active_valid_region,10.0,True,zero_shot_frozen,False,244960.0,4.322030487490121e+18,3bfaefd44b41ce8b003763f67b7b2cb5312e17bb35ab8c1c4a9e8effb996d650,0.0,demand_noise_offset_v2,200.41826714700306,0.02443815567530174,2593.3962337802345,9.999999973983035,9.999156518349876,1354.8258056640625,0.000737364165801628,True,4.0,10.0
0,2024,data/external/korea_raw/abdominal_cough/train_abdominal_00790.wav,be383be0d5e164640f96e7b8c086be90,cough,abdominal_cough,13184,0.206,DEMAND,STRAFFIC,data/noise_sources/demand/audio/STRAFFIC/ch01.wav,5cd76b6a746746009de5d2b3e6955a3facbb7d1f9e5ba3450140372694dc33f1,DEMAND:STRAFFIC,1.0,3407.0,active_valid_region,10.0,True,zero_shot_frozen,False,488798.0,8.787057639544165e+18,f9f1e65e09e9953dd9bbdc18f795723d030f9c6f9666b02d2981adf776740e0e,0.0,demand_noise_offset_v2,0.0518932068304845,0.00880582049252214,1.8635484202056105,10.000000102239992,4.449864419248966,0.27150097489356995,1.0,False,25408.0,10.0
0,2024,data/raw/sow_call_dataset_labeled/feeding/444-1.wav,6e8f71772e6578a1413f49c0b64622ef,feeding,feeding,64000,1.0,DEMAND,STRAFFIC,data/noise_sources/demand/audio/STRAFFIC/ch01.wav,5cd76b6a746746009de5d2b3e6955a3facbb7d1f9e5ba3450140372694dc33f1,DEMAND:STRAFFIC,1.0,3407.0,active_valid_region,10.0,True,zero_shot_frozen,False,3140297.0,4.7678829449136557e+17,069de46d7e38e0cfdfec8cec2caeec657ab5d7e225da6db9fad82b73aad8a251,0.0,demand_noise_offset_v2,1206.573424250525,0.01438188634537155,26530.039893467998,10.00000026561598,10.00000026561598,16062.0341796875,6.219635625376538e-05,True,0.0,10.0
0,2024,data/external/korea_raw/abdominal_cough/train_abdominal_08082.wav,d30dcaf230f9e2a911e1947f21cca67c,cough,abdominal_cough,16928,0.2645,DEMAND,STRAFFIC,data/noise_sources/demand/audio/STRAFFIC/ch01.wav,5cd76b6a746746009de5d2b3e6955a3facbb7d1f9e5ba3450140372694dc33f1,DEMAND:STRAFFIC,1.0,3407.0,active_valid_region,10.0,True,zero_shot_frozen,False,1166671.0,6.829164310810553e+18,5ec610c21aa36b4f7cc5aabbe2c914721f3542677395a9632b36aff17ee90718,0.0,demand_noise_offset_v2,0.07929913907403835,0.012112541656599078,2.0702995545761134,9.999999700797979,4.371107955978659,0.4515257179737091,1.0,False,23536.0,10.0
0,2024,data/external/korea_raw/abdominal_cough/train_abdominal_02327.wav,f671afbd25fd76072e59a1ea9a30ef8f,cough,abdominal_cough,13536,0.2115,DEMAND,STRAFFIC,data/noise_sources/demand/audio/STRAFFIC/ch01.wav,5cd76b6a746746009de5d2b3e6955a3facbb7d1f9e5ba3450140372694dc33f1,DEMAND:STRAFFIC,1.0,3407.0,active_valid_region,10.0,True,zero_shot_frozen,False,2031113.0,4.3916376552515866e+18,bcf23b2df7800dd800a737506c2359fe383e9a43b3639120c87ab28750fa9b42,0.0,demand_noise_offset_v2,0.031630398778738876,0.009637087303582668,1.0379080347548404,9.999999641502619,2.89568017261423,0.14392299950122833,1.0,False,25232.0,10.0
0,2024,data/raw/sow_call_dataset_labeled/calm_grunt/66-0.wav,9a1f2c7d433b216204177eeaf261b0b5,calm_grunt,calm_grunt,64000,1.0,DEMAND,STRAFFIC,data/noise_sources/demand/audio/STRAFFIC/ch01.wav,5cd76b6a746746009de5d2b3e6955a3facbb7d1f9e5ba3450140372694dc33f1,DEMAND:STRAFFIC,1.0,3407.0,active_valid_region,10.0,True,zero_shot_frozen,False,7355741.0,9.196632558904125e+16,8146bae2c8086061ed4697c579ab00e9cdaf120b4f30d4be8cd393fdb859e8ca,0.0,demand_noise_offset_v2,922.061769499096,0.0071767599278565455,40628.5756287402,10.000000299030491,10.000000299030491,16349.134765625,6.110415103436881e-05,True,0.0,10.0
0,2024,data/raw/sow_call_dataset_labeled/calm_grunt/46-0.wav,937e8cf48f631aa7ec7153f60ad2f192,calm_grunt,calm_grunt,64000,1.0,DEMAND,STRAFFIC,data/noise_sources/demand/audio/STRAFFIC/ch01.wav,5cd76b6a746746009de5d2b3e6955a3facbb7d1f9e5ba3450140372694dc33f1,DEMAND:STRAFFIC,1.0,3407.0,active_valid_region,10.0,True,zero_shot_frozen,False,8742884.0,1.2917758701939371e+17,81caee54bb3baab74ed38e4ae88e05f4ba4ed664721ec34b2e323c2b60702f23,0.0,demand_noise_offset_v2,807.7225364948797,0.008589382081677477,29737.214021726948,9.999999756647988,9.999999756647988,14172.41796875,7.048903032656687e-05,True,0.0,10.0
0,2024,data/raw/sow_call_dataset_labeled/feeding/492-1.wav,b998236fc8e1bd90177833e700992ddb,feeding,feeding,63988,0.9998125,DEMAND,STRAFFIC,data/noise_sources/demand/audio/STRAFFIC/ch01.wav,5cd76b6a746746009de5d2b3e6955a3facbb7d1f9e5ba3450140372694dc33f1,DEMAND:STRAFFIC,1.0,3407.0,active_valid_region,10.0,True,zero_shot_frozen,False,8023497.0,1.7560655840984937e+18,985ecc583e7ac5449fa6393e11ff1c813df6d6ce3f0fd38cd9c8d74bf61d26d1,0.0,demand_noise_offset_v2,253.67080108739273,0.0157167488238159,5103.96594300803,10.000000205290823,9.999880085908043,2572.72998046875,0.00038830347824453105,True,6.0,10.0
0,2024,data/raw/sow_call_dataset_labeled/calm_grunt/13-0.wav,1e6abaca4ee7e6ae5e9ddcd4c3bc70ee,calm_grunt,calm_grunt,64000,1.0,DEMAND,STRAFFIC,data/noise_sources/demand/audio/STRAFFIC/ch01.wav,5cd76b6a746746009de5d2b3e6955a3facbb7d1f9e5ba3450140372694dc33f1,DEMAND:STRAFFIC,1.0,3407.0,active_valid_region,10.0,True,zero_shot_frozen,False,8443585.0,6.162600584792653e+18,d585f494bd2e3d3ac71c219f4b996f6096ed1c408717ed6428f449b55341542c,0.0,demand_noise_offset_v2,1594.4521304256807,0.01135362987346964,44409.58890191614,9.999999815164589,9.999999815164589,19081.67578125,5.23538923652416e-05,True,0.0,10.0
0,2024,data/raw/sow_call_dataset_labeled/frightened_stress/1096-2.wav,9ea43ffa0a9fefd061e5e02543126bec,stress_vocal,frightened_stress,63990,0.99984375,DEMAND,STRAFFIC,data/noise_sources/demand/audio/STRAFFIC/ch01.wav,5cd76b6a746746009de5d2b3e6955a3facbb7d1f9e5ba3450140372694dc33f1,DEMAND:STRAFFIC,1.0,3407.0,active_valid_region,10.0,True,zero_shot_frozen,False,6954848.0,5.676416369119473e+18,cec6ae9cde942ba5625201cede2b06ea1481a8f7bf63809304befbc6ee2d8457,0.0,demand_noise_offset_v2,236.52666961097475,0.012316082454496639,6073.05940105759,9.999999769241931,9.998409614334005,2475.83056640625,0.00040350095582270863,True,5.0,10.0
0,2024,data/raw/sow_call_dataset_labeled/feeding/355-1.wav,92852d0b9cb15d83bc32ce24b43cd421,feeding,feeding,64000,1.0,DEMAND,STRAFFIC,data/noise_sources/demand/audio/STRAFFIC/ch01.wav,5cd76b6a746746009de5d2b3e6955a3facbb7d1f9e5ba3450140372694dc33f1,DEMAND:STRAFFIC,1.0,3407.0,active_valid_region,10.0,True,zero_shot_frozen,False,3697991.0,3.521444717329915e+17,84e31188034335eae01b72ec9422db91cb3db6cf33e7e87e9064259c0f0df160,0.0,demand_noise_offset_v2,726.071745247488,0.01733790714821313,13242.892813116901,10.000000157094844,10.000000157094844,6430.18701171875,0.00015536095578236897,True,0.0,10.0
0,2024,data/external/korea_raw/dry_cough/train_dry_14835.wav,2a6f1b93023cf43370fb4ddc4a25c557,cough,dry_cough,18272,0.2855,DEMAND,STRAFFIC,data/noise_sources/demand/audio/STRAFFIC/ch01.wav,5cd76b6a746746009de5d2b3e6955a3facbb7d1f9e5ba3450140372694dc33f1,DEMAND:STRAFFIC,1.0,3407.0,active_valid_region,10.0,True,zero_shot_frozen,False,3330780.0,2.5686389448223e+18,23a5a382d65e0ef4fbb3333171a7210cdb71c4a85c20994b2b50cde34cca371a,0.0,demand_noise_offset_v2,0.06389787947538701,0.01753877851722576,1.152091843788844,9.999999869420002,3.4753823648714377,0.37264877557754517,1.0,False,22864.0,10.0
0,2024,data/raw/sow_call_dataset_labeled/feeding/480-1.wav,314c5b727c3e60e13838edeb09727eb6,feeding,feeding,64000,1.0,DEMAND,STRAFFIC,data/noise_sources/demand/audio/STRAFFIC/ch01.wav,5cd76b6a746746009de5d2b3e6955a3facbb7d1f9e5ba3450140372694dc33f1,DEMAND:STRAFFIC,1.0,3407.0,active_valid_region,10.0,True,zero_shot_frozen,False,6607614.0,2.7153004020394854e+18,25aeaf545209f4de8ba4f163396d1d6e46ca9e7f2cf06dc05946d18cc2ae338c,0.0,demand_noise_offset_v2,388.98274525887217,0.010969443188286672,11213.617905752835,9.999999804033502,9.999999804033502,4316.41162109375,0.00023144224594290664,True,0.0,10.0
0,2024,data/raw/sow_call_dataset_labeled/feeding/475-1.wav,fff1ba8bfd4f7a2c0c937a21d2533e26,feeding,feeding,64000,1.0,DEMAND,STRAFFIC,data/noise_sources/demand/audio/STRAFFIC/ch01.wav,5cd76b6a746746009de5d2b3e6955a3facbb7d1f9e5ba3450140372694dc33f1,DEMAND:STRAFFIC,1.0,3407.0,active_valid_region,10.0,True,zero_shot_frozen,False,2338284.0,6.140893318097112e+18,5538d5efdcbf8a53e44d7c09c94a85964cad3c50db6aa33e78da4b45b3643658,0.0,demand_noise_offset_v2,268.59140350268495,0.021096593679453244,4026.0556178651505,9.999999898739064,9.999999898739064,2244.12158203125,0.00044516304642271766,True,0.0,10.0
0,2024,data/raw/sow_call_dataset_labeled/feeding/343-1.wav,04444d7ef6c62b6da94486d0aced7cd9,feeding,feeding,64000,1.0,DEMAND,STRAFFIC,data/noise_sources/demand/audio/STRAFFIC/ch01.wav,5cd76b6a746746009de5d2b3e6955a3facbb7d1f9e5ba3450140372694dc33f1,DEMAND:STRAFFIC,1.0,3407.0,active_valid_region,10.0,True,zero_shot_frozen,False,6805150.0,1.075426912045212e+18,0eecaf142259a162b902440a6b32b7f7f8412035f2ccb280d749bf733c22c39b,0.0,demand_noise_offset_v2,908.7684383478191,0.02174718830449277,13214.481295771544,9.999999899720034,9.999999899720034,11330.0615234375,8.8172513267775e-05,True,0.0,10.0
0,2024,data/raw/sow_call_dataset_labeled/feeding/389-1.wav,43ae73622c7a2432d7d3632134dda63a,feeding,feeding,63990,0.99984375,DEMAND,STRAFFIC,data/noise_sources/demand/audio/STRAFFIC/ch01.wav,5cd76b6a746746009de5d2b3e6955a3facbb7d1f9e5ba3450140372694dc33f1,DEMAND:STRAFFIC,1.0,3407.0,active_valid_region,10.0,True,zero_shot_frozen,False,4061905.0,6.554432244436109e+18,5af6056641fb098a53f76879a79c62b20ef2c02ca6ade1fd2e75b559366e8c4f,0.0,demand_noise_offset_v2,1134.1709979160391,0.014532550485391465,24679.519352959305,9.99999993625302,9.998941842096533,13577.470703125,7.35777687791342e-05,True,5.0,10.0
0,2024,data/raw/sow_call_dataset_labeled/feeding/427-1.wav,fb79ad436b991a7f85596c6e029a1a41,feeding,feeding,63986,0.99978125,DEMAND,STRAFFIC,data/noise_sources/demand/audio/STRAFFIC/ch01.wav,5cd76b6a746746009de5d2b3e6955a3facbb7d1f9e5ba3450140372694dc33f1,DEMAND:STRAFFIC,1.0,3407.0,active_valid_region,10.0,True,zero_shot_frozen,False,8545194.0,6.552427788221628e+18,daeee65b6d593fbe51d798e5a67a6c0a58c98a364065a2aa58d72c1a1213b989,0.0,demand_noise_offset_v2,645.1817983714217,0.010729256768254508,19015.706603031776,9.999999804859938,9.99980707604554,4365.59521484375,0.0002288347752909463,True,7.0,10.0
0,2024,data/raw/sow_call_dataset_labeled/anxious_stress/1334-3.wav,11d045bea6c3d64015b13638a7d53109,stress_vocal,anxious_stress,63997,0.999953125,DEMAND,STRAFFIC,data/noise_sources/demand/audio/STRAFFIC/ch01.wav,5cd76b6a746746009de5d2b3e6955a3facbb7d1f9e5ba3450140372694dc33f1,DEMAND:STRAFFIC,1.0,3407.0,active_valid_region,10.0,True,zero_shot_frozen,False,6081687.0,2.0070436525705748e+18,1bda7391782befae9041759165261488ab11a247ed8c5b91ff8f710a4a6ec9b9,0.0,demand_noise_offset_v2,3811.8301009912243,0.015503640736442453,77749.90002437269,10.000000182204031,9.999990906418342,22389.841796875,4.4618448359891164e-05,True,1.0,10.0
0,2024,data/raw/sow_call_dataset_labeled/anxious_stress/1383-3.wav,b3b31954241bce03f5720874592aee72,stress_vocal,anxious_stress,63992,0.999875,DEMAND,STRAFFIC,data/noise_sources/demand/audio/STRAFFIC/ch01.wav,5cd76b6a746746009de5d2b3e6955a3facbb7d1f9e5ba3450140372694dc33f1,DEMAND:STRAFFIC,1.0,3407.0,active_valid_region,10.0,True,zero_shot_frozen,False,7835346.0,1.377310571362685e+18,131d30aad776901699779050bdfceb8370634d089f3822949c4142e790b6276b,0.0,demand_noise_offset_v2,1199.8548664566226,0.00994719192557771,38144.174436643625,9.999999694987117,9.998347373881618,7210.68896484375,0.00013854432008795535,True,4.0,10.0
0,2024,data/raw/sow_call_dataset_labeled/frightened_stress/571-2.wav,08169455610f31ed96247239437ecadf,stress_vocal,frightened_stress,64000,1.0,DEMAND,STRAFFIC,data/noise_sources/demand/audio/STRAFFIC/ch01.wav,5cd76b6a746746009de5d2b3e6955a3facbb7d1f9e5ba3450140372694dc33f1,DEMAND:STRAFFIC,1.0,3407.0,active_valid_region,10.0,True,zero_shot_frozen,False,5336403.0,3.4407809451618473e+18,2fc01c0a224e013a164ca1a6fa1a311b5a0f5234106e04748e4e91aa8da5d7ac,0.0,demand_noise_offset_v2,82.93683624858953,0.015197283902338134,1725.764328411388,10.000000240171566,10.000000240171566,873.9530639648438,0.0011430819813913788,True,0.0,10.0
0,2024,data/external/korea_raw/abdominal_cough/train_abdominal_06751.wav,1d8dba5e198d447b4483b7ae2ad71b2f,cough,abdominal_cough,10976,0.1715,DEMAND,STRAFFIC,data/noise_sources/demand/audio/STRAFFIC/ch01.wav,5cd76b6a746746009de5d2b3e6955a3facbb7d1f9e5ba3450140372694dc33f1,DEMAND:STRAFFIC,1.0,3407.0,active_valid_region,10.0,True,zero_shot_frozen,False,3873417.0,8.929588971169514e+18,7bec45dbb8ce034b3ff2680131d410be28927e67262e4d5a8f50b948b7a3e3b9,0.0,demand_noise_offset_v2,0.0590139803387406,0.015377131309515728,1.2136112250490534,9.999999855524125,2.167450203372135,0.28943920135498047,1.0,False,26512.0,10.0
0,2024,data/raw/sow_call_dataset_labeled/calm_grunt/133-0.wav,4d295214452277e46a9aa9d386bf4466,calm_grunt,calm_grunt,64000,1.0,DEMAND,STRAFFIC,data/noise_sources/demand/audio/STRAFFIC/ch01.wav,5cd76b6a746746009de5d2b3e6955a3facbb7d1f9e5ba3450140372694dc33f1,DEMAND:STRAFFIC,1.0,3407.0,active_valid_region,10.0,True,zero_shot_frozen,False,3036438.0,7.801522895892819e+18,ec4493bd54c4ad34c73ce65ede1c5c867df6508816ea627e0ca35f651db541da,0.0,demand_noise_offset_v2,1228.2898693684476,0.010690497951910368,36333.14024835374,9.999999910965467,9.999999910965467,16811.80859375,5.9422518072885435e-05,True,0.0,10.0
0,2024,data/raw/sow_call_dataset_labeled/calm_grunt/134-0.wav,f5e6656b16432a15c846dda524aab2f7,calm_grunt,calm_grunt,64000,1.0,DEMAND,STRAFFIC,data/noise_sources/demand/audio/STRAFFIC/ch01.wav,5cd76b6a746746009de5d2b3e6955a3facbb7d1f9e5ba3450140372694dc33f1,DEMAND:STRAFFIC,1.0,3407.0,active_valid_region,10.0,True,zero_shot_frozen,False,8723903.0,5.235302507044108e+18,48a787e470137998915db221da07540fdd69ffee5006e53b97ef28b87beb8c14,0.0,demand_noise_offset_v2,1263.1512551834044,0.00893285483053721,44716.21974673809,10.000000200903528,10.000000200903528,16603.923828125,6.016650102356029e-05,True,0.0,10.0
0,2024,data/raw/sow_call_dataset_labeled/anxious_stress/1682-3.wav,22f617734eec4c14399d7edd05952a94,stress_vocal,anxious_stress,64000,1.0,DEMAND,STRAFFIC,data/noise_sources/demand/audio/STRAFFIC/ch01.wav,5cd76b6a746746009de5d2b3e6955a3facbb7d1f9e5ba3450140372694dc33f1,DEMAND:STRAFFIC,1.0,3407.0,active_valid_region,10.0,True,zero_shot_frozen,False,6217076.0,3.3808056981729843e+18,2eeb08dec6379b0d04d0daa90cc41a0f0601a2c820a29c5a90be826a794303ac,0.0,demand_noise_offset_v2,3713.545213927236,0.01648737266612862,71225.78780640084,9.999999845868611,9.999999845868611,24284.8984375,4.1136676052858206e-05,True,0.0,10.0
0,2024,data/raw/sow_call_dataset_labeled/anxious_stress/1376-3.wav,7955ec6fe3a43547095c229605227135,stress_vocal,anxious_stress,64000,1.0,DEMAND,STRAFFIC,data/noise_sources/demand/audio/STRAFFIC/ch01.wav,5cd76b6a746746009de5d2b3e6955a3facbb7d1f9e5ba3450140372694dc33f1,DEMAND:STRAFFIC,1.0,3407.0,active_valid_region,10.0,True,zero_shot_frozen,False,973633.0,5.320632947519834e+18,c9d6af79d128c70713533fa7441e5c7f31d8d8ffb5a442e999e6e0a3526cde2b,0.0,demand_noise_offset_v2,430.83975926257386,0.03579908152073435,3805.781846775191,10.000000247569137,10.000000247569137,3310.84619140625,0.0003017355510482607,True,0.0,10.0
0,2024,data/raw/sow_call_dataset_labeled/anxious_stress/1494-3.wav,c96e034455453c8a80062c77d5b0ffd8,stress_vocal,anxious_stress,64000,1.0,DEMAND,STRAFFIC,data/noise_sources/demand/audio/STRAFFIC/ch01.wav,5cd76b6a746746009de5d2b3e6955a3facbb7d1f9e5ba3450140372694dc33f1,DEMAND:STRAFFIC,1.0,3407.0,active_valid_region,10.0,True,zero_shot_frozen,False,244698.0,1.5698118841202004e+18,15c91797652bd57ba079156dc9c2a941ec1033f50dbe00df56160e643b9601b1,0.0,demand_noise_offset_v2,3764.493110548208,0.024367833510487102,48852.814347328516,10.000000326639608,10.000000326639608,21400.470703125,4.668121621521723e-05,True,0.0,10.0
0,2024,data/raw/sow_call_dataset_labeled/calm_grunt/163-0.wav,5695337a3756b87cd039848c7ee34d5d,calm_grunt,calm_grunt,64000,1.0,DEMAND,STRAFFIC,data/noise_sources/demand/audio/STRAFFIC/ch01.wav,5cd76b6a746746009de5d2b3e6955a3facbb7d1f9e5ba3450140372694dc33f1,DEMAND:STRAFFIC,1.0,3407.0,active_valid_region,10.0,True,zero_shot_frozen,False,6862012.0,1.619811385492079e+18,967ab9df7b63819ab637c8a69981cfefa561a13708d65a85e9422e48ec56b225,0.0,demand_noise_offset_v2,1012.4039790838016,0.01208429382390126,26493.087082921633,9.999999736296203,9.999999736296203,16348.748046875,6.110559641237819e-05,True,0.0,10.0
0,2024,data/raw/sow_call_dataset_labeled/calm_grunt/200-0.wav,9f56e233d86a50f8c07037764ffc404c,calm_grunt,calm_grunt,64000,1.0,DEMAND,STRAFFIC,data/noise_sources/demand/audio/STRAFFIC/ch01.wav,5cd76b6a746746009de5d2b3e6955a3facbb7d1f9e5ba3450140372694dc33f1,DEMAND:STRAFFIC,1.0,3407.0,active_valid_region,10.0,True,zero_shot_frozen,False,6607768.0,3.2831126159060833e+18,ad8ff5878caf8191005c052c971fba2057ddb2872b27023d9519327fed8baa20,0.0,demand_noise_offset_v2,1501.611902094328,0.011006595990249037,43142.43728435789,9.99999995466437,9.99999995466437,16979.6953125,5.883497799071593e-05,True,0.0,10.0
0,2024,data/raw/sow_call_dataset_labeled/calm_grunt/181-0.wav,66d65c98af61f5b9edb344b18a179881,calm_grunt,calm_grunt,64000,1.0,DEMAND,STRAFFIC,data/noise_sources/demand/audio/STRAFFIC/ch01.wav,5cd76b6a746746009de5d2b3e6955a3facbb7d1f9e5ba3450140372694dc33f1,DEMAND:STRAFFIC,1.0,3407.0,active_valid_region,10.0,True,zero_shot_frozen,False,4792296.0,1.3640535946936453e+18,12ee17846e4f33d0672fd9d6bc887db585b7fdc4015f9d31374cfd09aef6c1de,0.0,demand_noise_offset_v2,1080.7881855900323,0.019866061945439353,17203.975020574664,10.00000021069524,10.00000021069524,14255.5068359375,7.007818182104654e-05,True,0.0,10.0
0,2024,data/raw/sow_call_dataset_labeled/feeding/489-1.wav,cc82b9acc5ec838472efea0356add029,feeding,feeding,63988,0.9998125,DEMAND,STRAFFIC,data/noise_sources/demand/audio/STRAFFIC/ch01.wav,5cd76b6a746746009de5d2b3e6955a3facbb7d1f9e5ba3450140372694dc33f1,DEMAND:STRAFFIC,1.0,3407.0,active_valid_region,10.0,True,zero_shot_frozen,False,2120268.0,3.0111186612955884e+18,29c9a4780712c3ceeb82d934948ab4e84fb46499cdc7f440a9a859d43f324f4d,0.0,demand_noise_offset_v2,111.61931926581481,0.01045709493647694,3375.423881122441,10.000000129642734,9.999598690683476,1339.4100341796875,0.0007458507660141807,True,6.0,10.0
0,2024,data/external/korea_raw/dry_cough/train_dry_17231.wav,414bbf0cced84b1b83253974ff72e055,cough,dry_cough,20064,0.3135,DEMAND,STRAFFIC,data/noise_sources/demand/audio/STRAFFIC/ch01.wav,5cd76b6a746746009de5d2b3e6955a3facbb7d1f9e5ba3450140372694dc33f1,DEMAND:STRAFFIC,1.0,3407.0,active_valid_region,10.0,True,zero_shot_frozen,False,6404145.0,7.071840031646838e+17,09d06c1aa3783dcab0fd9af4805f13d5dab7309645940110f34d8dccb6f60629,0.0,demand_noise_offset_v2,0.15677584411372072,0.01664065383301101,2.9792624404659795,10.000000258829578,4.499206134159573,0.8830223679542542,1.0,False,21968.0,10.0
0,2024,data/raw/sow_call_dataset_labeled/feeding/406-1.wav,bf2cba2c96bb0cc4a444e2aed3985121,feeding,feeding,64000,1.0,DEMAND,STRAFFIC,data/noise_sources/demand/audio/STRAFFIC/ch01.wav,5cd76b6a746746009de5d2b3e6955a3facbb7d1f9e5ba3450140372694dc33f1,DEMAND:STRAFFIC,1.0,3407.0,active_valid_region,10.0,True,zero_shot_frozen,False,3319771.0,1.8447264190841585e+18,1999c8e7854a25b591a931dd54cff173f0fc0adae3f03f2118153936637a79fe,0.0,demand_noise_offset_v2,527.5342874146062,0.019462612214046753,8571.356576996674,10.000000132639943,10.000000132639943,4071.2392578125,0.0002453798307439117,True,0.0,10.0
0,2024,data/raw/sow_call_dataset_labeled/calm_grunt/255-0.wav,7fe4de8d725fb04b3437a3a1c91ff7ab,calm_grunt,calm_grunt,64000,1.0,DEMAND,STRAFFIC,data/noise_sources/demand/audio/STRAFFIC/ch01.wav,5cd76b6a746746009de5d2b3e6955a3facbb7d1f9e5ba3450140372694dc33f1,DEMAND:STRAFFIC,1.0,3407.0,active_valid_region,10.0,True,zero_shot_frozen,False,7140499.0,6.161346149495319e+18,55817fadc2e3a8423de91ae56d24baea97735f834c6f9861caa8823d1040d9a1,0.0,demand_noise_offset_v2,1961.689035486129,0.012313101219179381,50380.52804643859,10.000000122417035,10.000000122417035,15851.1083984375,6.302398386843881e-05,True,0.0,10.0
0,2024,data/raw/sow_call_dataset_labeled/anxious_stress/1359-3.wav,18b5dc855acc6b3ee7d7d2daae3afaa4,stress_vocal,anxious_stress,64000,1.0,DEMAND,STRAFFIC,data/noise_sources/demand/audio/STRAFFIC/ch01.wav,5cd76b6a746746009de5d2b3e6955a3facbb7d1f9e5ba3450140372694dc33f1,DEMAND:STRAFFIC,1.0,3407.0,active_valid_region,10.0,True,zero_shot_frozen,False,6904010.0,3.936664244122927e+18,36a1d745ceedbf45f092c349f7d9afdd5e3d06fed321edbae878ed8a0a6cb785,0.0,demand_noise_offset_v2,665.4457462232906,0.013375475548592662,15732.705799439038,9.999999858096304,9.999999858096304,6385.02294921875,0.00015645989183519447,True,0.0,10.0
0,2024,data/raw/sow_call_dataset_labeled/feeding/298-1.wav,a386793de4da5cae07e7e1b426e07f80,feeding,feeding,63997,0.999953125,DEMAND,STRAFFIC,data/noise_sources/demand/audio/STRAFFIC/ch01.wav,5cd76b6a746746009de5d2b3e6955a3facbb7d1f9e5ba3450140372694dc33f1,DEMAND:STRAFFIC,1.0,3407.0,active_valid_region,10.0,True,zero_shot_frozen,False,2358558.0,3.9264820617941903e+18,b67daaa1be2fa31de34cf784850013a41a70fcad0e2c138a01340733a61c7047,0.0,demand_noise_offset_v2,222.9550765863742,0.021952036909995254,3211.7559787319688,10.000000322723295,9.999912079284197,3101.454345703125,0.000322106950045566,True,1.0,10.0
0,2024,data/raw/sow_call_dataset_labeled/frightened_stress/1038-2.wav,eea3389ab552c4f66b61093bf5aacc49,stress_vocal,frightened_stress,64000,1.0,DEMAND,STRAFFIC,data/noise_sources/demand/audio/STRAFFIC/ch01.wav,5cd76b6a746746009de5d2b3e6955a3facbb7d1f9e5ba3450140372694dc33f1,DEMAND:STRAFFIC,1.0,3407.0,active_valid_region,10.0,True,zero_shot_frozen,False,2686805.0,8.091738075699985e+18,704ba0e87199bc6ed6e07a14bb0e3e3c38397f3617fe62d1f9780a361d867836,0.0,demand_noise_offset_v2,352.08993383815,0.018132415293449975,6140.418218574242,9.999999656380243,9.999999656380243,6755.15869140625,0.00014788697729202182,True,0.0,10.0
0,2024,data/raw/sow_call_dataset_labeled/calm_grunt/148-0.wav,00e146b24fd459e3f6e2e9469eebe4c4,calm_grunt,calm_grunt,64000,1.0,DEMAND,STRAFFIC,data/noise_sources/demand/audio/STRAFFIC/ch01.wav,5cd76b6a746746009de5d2b3e6955a3facbb7d1f9e5ba3450140372694dc33f1,DEMAND:STRAFFIC,1.0,3407.0,active_valid_region,10.0,True,zero_shot_frozen,False,7157294.0,1.307286557899767e+18,92246a32b7423ccfb448a6000d3b7993f0c5b1c08936d7b1bdc8e1c15eb68dcc,0.0,demand_noise_offset_v2,997.9479044483013,0.01195893553074825,26388.53898103805,9.999999965903951,9.999999965903951,10504.4453125,9.510259421420544e-05,True,0.0,10.0
0,2024,data/raw/sow_call_dataset_labeled/calm_grunt/31-0.wav,ad1b03b3649c921981340ffcfafbe1d5,calm_grunt,calm_grunt,64000,1.0,DEMAND,STRAFFIC,data/noise_sources/demand/audio/STRAFFIC/ch01.wav,5cd76b6a746746009de5d2b3e6955a3facbb7d1f9e5ba3450140372694dc33f1,DEMAND:STRAFFIC,1.0,3407.0,active_valid_region,10.0,True,zero_shot_frozen,False,3715748.0,5.963661781472968e+18,d2c32ecb1d44fb4d075d6496d157ddd2c74a256b492ac6571f50d7b729a5a6ef,0.0,demand_noise_offset_v2,888.4460887560168,0.01760440703956527,15959.147118234914,9.999999815904424,9.999999815904424,22482.556640625,4.4434448268879287e-05,True,0.0,10.0
0,2024,data/raw/sow_call_dataset_labeled/feeding/469-1.wav,96f4365be7925a63b199ce1f0e094270,feeding,feeding,64000,1.0,DEMAND,STRAFFIC,data/noise_sources/demand/audio/STRAFFIC/ch01.wav,5cd76b6a746746009de5d2b3e6955a3facbb7d1f9e5ba3450140372694dc33f1,DEMAND:STRAFFIC,1.0,3407.0,active_valid_region,10.0,True,zero_shot_frozen,False,3042569.0,8.121298542991833e+18,70b4a5ff11ecf756bcc2e970144f10c71e8ec00ea08ae3dabfe9265887d12e79,0.0,demand_noise_offset_v2,780.9235916986895,0.010792814951869789,22880.937358231953,9.999999948565929,9.999999948565929,10549.4765625,9.469664149509788e-05,True,0.0,10.0
0,2024,data/external/korea_raw/abdominal_cough/train_abdominal_02305.wav,802c3c06a9ed989a83e4990344122a04,cough,abdominal_cough,15457,0.241515625,DEMAND,STRAFFIC,data/noise_sources/demand/audio/STRAFFIC/ch01.wav,5cd76b6a746746009de5d2b3e6955a3facbb7d1f9e5ba3450140372694dc33f1,DEMAND:STRAFFIC,1.0,3407.0,active_valid_region,10.0,True,zero_shot_frozen,False,4390004.0,3.558661094745065e+18,b162e7693c4846499a055eb0559eebe07b9f98b92f45c55647ab6b0dfab841db,0.0,demand_noise_offset_v2,0.0532670213899115,0.011212774074877042,1.50226082002705,10.000000092047816,3.427508302100585,0.3205884099006653,1.0,False,24271.0,10.0
0,2024,data/raw/sow_call_dataset_labeled/feeding/486-1.wav,faa7678cb4332273bf2df704079aa496,feeding,feeding,63997,0.999953125,DEMAND,STRAFFIC,data/noise_sources/demand/audio/STRAFFIC/ch01.wav,5cd76b6a746746009de5d2b3e6955a3facbb7d1f9e5ba3450140372694dc33f1,DEMAND:STRAFFIC,1.0,3407.0,active_valid_region,10.0,True,zero_shot_frozen,False,3509726.0,1.8007879286666703e+18,98fdaf1483fd04f410c21dd6ee085fbc8138119a4dcfd27a5871324482e99904,0.0,demand_noise_offset_v2,317.2547916993655,0.018825688691336138,5329.1423056091735,10.00000034793439,9.999686827039616,4019.203369140625,0.0002485567183960645,True,1.0,10.0
0,2024,data/raw/sow_call_dataset_labeled/feeding/399-1.wav,48cf353f7ec7b595326862ac160f0ad7,feeding,feeding,63998,0.99996875,DEMAND,STRAFFIC,data/noise_sources/demand/audio/STRAFFIC/ch01.wav,5cd76b6a746746009de5d2b3e6955a3facbb7d1f9e5ba3450140372694dc33f1,DEMAND:STRAFFIC,1.0,3407.0,active_valid_region,10.0,True,zero_shot_frozen,False,9028003.0,8.398813713766518e+18,f48e9492e7bb8d31fcb4a98b7859c808df4b0204edb1d56a9dc9e51ecda0c7cf,0.0,demand_noise_offset_v2,858.440139263654,0.006824166391959572,39779.59972054221,9.999999595176579,9.999744240496781,8122.8984375,0.00012298565686701655,True,1.0,10.0
0,2024,data/raw/sow_call_dataset_labeled/feeding/324-1.wav,247d290a4193c3f911ea011db4d5a19f,feeding,feeding,64000,1.0,DEMAND,STRAFFIC,data/noise_sources/demand/audio/STRAFFIC/ch01.wav,5cd76b6a746746009de5d2b3e6955a3facbb7d1f9e5ba3450140372694dc33f1,DEMAND:STRAFFIC,1.0,3407.0,active_valid_region,10.0,True,zero_shot_frozen,False,3442111.0,3.730248368779812e+18,33c48120b119db788b3ae6e53f3bffdc964d1ff4b6494d61c3252c81610bcfad,0.0,demand_noise_offset_v2,1023.1476817421454,0.02275062158254984,14221.488609822974,10.000000210331253,10.000000210331253,13472.4873046875,7.415111830555718e-05,True,0.0,10.0
0,2024,data/external/korea_raw/abdominal_cough/train_abdominal_13649.wav,758a24dd5518a227c1e5ba1f0ff3dcb4,cough,abdominal_cough,19137,0.299015625,DEMAND,STRAFFIC,data/noise_sources/demand/audio/STRAFFIC/ch01.wav,5cd76b6a746746009de5d2b3e6955a3facbb7d1f9e5ba3450140372694dc33f1,DEMAND:STRAFFIC,1.0,3407.0,active_valid_region,10.0,True,zero_shot_frozen,False,3496231.0,5.802995511845261e+18,508861ac24b9116c6dd6f88851e69afd50bb7b47abfd409436b71f267f5f401c,0.0,demand_noise_offset_v2,0.07282239663273285,0.01897964858327434,1.213324035064319,9.999999751492297,4.573627987160811,0.33884304761886597,1.0,False,22431.0,10.0
0,2024,data/raw/sow_call_dataset_labeled/frightened_stress/809-2.wav,60adaca724f5caf2590a8cfb28d41e6d,stress_vocal,frightened_stress,64000,1.0,DEMAND,STRAFFIC,data/noise_sources/demand/audio/STRAFFIC/ch01.wav,5cd76b6a746746009de5d2b3e6955a3facbb7d1f9e5ba3450140372694dc33f1,DEMAND:STRAFFIC,1.0,3407.0,active_valid_region,10.0,True,zero_shot_frozen,False,657863.0,8.455748527100533e+18,f558da7c23dc17cfb5c2b1020dee95e512fb0004ca012a7a77a56650960e967a,0.0,demand_noise_offset_v2,94.84308904056803,0.008250539998637214,3635.1582047222137,10.000000006733199,10.000000006733199,828.3714599609375,0.0012059807082768262,True,0.0,10.0
0,2024,data/raw/sow_call_dataset_labeled/feeding/471-1.wav,52da60c3cf75c529daf2db0df0c762b2,feeding,feeding,63985,0.999765625,DEMAND,STRAFFIC,data/noise_sources/demand/audio/STRAFFIC/ch01.wav,5cd76b6a746746009de5d2b3e6955a3facbb7d1f9e5ba3450140372694dc33f1,DEMAND:STRAFFIC,1.0,3407.0,active_valid_region,10.0,True,zero_shot_frozen,False,1870237.0,4.301347878519113e+17,85f8254f8373809b49ef4b7b93990ff00986bb7f3044762c3a34dd6e4fab5092,0.0,demand_noise_offset_v2,570.4386214492046,0.009359427347215449,19273.458110049283,9.999999604964124,9.998912788208843,4671.77734375,0.00021383724576182612,True,7.0,10.0
0,2024,data/external/korea_raw/dry_cough/train_dry_13855.wav,92a4b6e7ce690c211166c2967b9d3651,cough,dry_cough,18016,0.2815,DEMAND,STRAFFIC,data/noise_sources/demand/audio/STRAFFIC/ch01.wav,5cd76b6a746746009de5d2b3e6955a3facbb7d1f9e5ba3450140372694dc33f1,DEMAND:STRAFFIC,1.0,3407.0,active_valid_region,10.0,True,zero_shot_frozen,False,5176911.0,6.465437779982515e+18,d9b9d967d13f7c3b1e06c69eb89c1e037c5650a2d6a377abe91c55841cd24765,0.0,demand_noise_offset_v2,0.07541487102707227,0.011590024940595724,2.0576552950983746,9.999999835893034,4.698508917177982,0.36548319458961487,1.0,False,22992.0,10.0
0,2024,data/raw/sow_call_dataset_labeled/calm_grunt/246-0.wav,af2331ab38f97aa237f515945a5359e8,calm_grunt,calm_grunt,64000,1.0,DEMAND,STRAFFIC,data/noise_sources/demand/audio/STRAFFIC/ch01.wav,5cd76b6a746746009de5d2b3e6955a3facbb7d1f9e5ba3450140372694dc33f1,DEMAND:STRAFFIC,1.0,3407.0,active_valid_region,10.0,True,zero_shot_frozen,False,1118846.0,6.713182877003894e+18,dd2a0442380d4ba28201d2c2fc61145bbabb6193f3312359e0e2c8d72bd03520,0.0,demand_noise_offset_v2,1362.533252620096,0.01736114669596991,24818.109894764497,10.00000017606668,10.00000017606668,16446.216796875,6.0743453180662394e-05,True,0.0,10.0
0,2024,data/raw/sow_call_dataset_labeled/feeding/304-1.wav,c9e37a52d69aa372d3ae6b95468b7620,feeding,feeding,63988,0.9998125,DEMAND,STRAFFIC,data/noise_sources/demand/audio/STRAFFIC/ch01.wav,5cd76b6a746746009de5d2b3e6955a3facbb7d1f9e5ba3450140372694dc33f1,DEMAND:STRAFFIC,1.0,3407.0,active_valid_region,10.0,True,zero_shot_frozen,False,8412422.0,7.395246192884753e+17,0a4351b91b5876a0160135842a465f514f9072e90df05a2a5cf9737fdb05636a,0.0,demand_noise_offset_v2,186.00205111276827,0.010111196807354696,5817.215728127906,9.999999863937312,9.999149808402738,3099.09716796875,0.0003223519450520415,True,6.0,10.0
0,2024,data/external/korea_raw/dry_cough/train_dry_12111.wav,f59c8ec794987b22feab4606c5b457ec,cough,dry_cough,12001,0.187515625,DEMAND,STRAFFIC,data/noise_sources/demand/audio/STRAFFIC/ch01.wav,5cd76b6a746746009de5d2b3e6955a3facbb7d1f9e5ba3450140372694dc33f1,DEMAND:STRAFFIC,1.0,3407.0,active_valid_region,10.0,True,zero_shot_frozen,False,9314621.0,3.8719850702742876e+18,35bc0de8215098e2986029837f070930ed802f322dcb79ac08ce213cc6a416e5,0.0,demand_noise_offset_v2,0.04296524671898265,0.014465323606731313,0.9392671989711766,9.999999821780488,3.5435840690174065,0.16382917761802673,1.0,False,25999.0,10.0
0,2024,data/raw/sow_call_dataset_labeled/anxious_stress/1452-3.wav,863eeac0b9ddb7b6f0040a6c94e9fb0e,stress_vocal,anxious_stress,63995,0.999921875,DEMAND,STRAFFIC,data/noise_sources/demand/audio/STRAFFIC/ch01.wav,5cd76b6a746746009de5d2b3e6955a3facbb7d1f9e5ba3450140372694dc33f1,DEMAND:STRAFFIC,1.0,3407.0,active_valid_region,10.0,True,zero_shot_frozen,False,266266.0,3.756280055194875e+18,3420fccefec6734b7e1e9c47c18ca6f0c4b4de34c454d2ecf78d5ff372b04e3a,0.0,demand_noise_offset_v2,1607.624752512261,0.024573066332000546,20688.325063375854,10.00000035397051,9.999895658120396,13527.232421875,7.385102649559778e-05,True,2.0,10.0
0,2024,data/raw/sow_call_dataset_labeled/feeding/393-1.wav,d020a377f975c05272b8d05b57521990,feeding,feeding,64000,1.0,DEMAND,STRAFFIC,data/noise_sources/demand/audio/STRAFFIC/ch01.wav,5cd76b6a746746009de5d2b3e6955a3facbb7d1f9e5ba3450140372694dc33f1,DEMAND:STRAFFIC,1.0,3407.0,active_valid_region,10.0,True,zero_shot_frozen,False,8051303.0,2.139280617452659e+17,82f806704fd07ce13ef2b2796df6bcd0d35bf72ee325b3935003444c724046c2,0.0,demand_noise_offset_v2,564.3458696574719,0.014106977498603623,12650.607377822565,9.999999967471599,9.999999967471599,5332.89306640625,0.0001873279639325695,True,0.0,10.0
0,2024,data/raw/sow_call_dataset_labeled/calm_grunt/91-0.wav,cee17336c428ff1a2871511627e221ac,calm_grunt,calm_grunt,64000,1.0,DEMAND,STRAFFIC,data/noise_sources/demand/audio/STRAFFIC/ch01.wav,5cd76b6a746746009de5d2b3e6955a3facbb7d1f9e5ba3450140372694dc33f1,DEMAND:STRAFFIC,1.0,3407.0,active_valid_region,10.0,True,zero_shot_frozen,False,2766026.0,8.676037255581129e+18,f86779ea94f7d830acf87c56e2aeaa7754b920c1f190a7aa470e2b58fc394b18,0.0,demand_noise_offset_v2,938.9198850949239,0.015052545430440498,19725.071689995562,9.999999744360647,9.999999744360647,17839.515625,5.599927828757963e-05,True,0.0,10.0
0,2024,data/external/korea_raw/dry_cough/train_dry_08236.wav,a7ab543a182c83c4cf8ec72231ba0af2,cough,dry_cough,17184,0.2685,DEMAND,STRAFFIC,data/noise_sources/demand/audio/STRAFFIC/ch01.wav,5cd76b6a746746009de5d2b3e6955a3facbb7d1f9e5ba3450140372694dc33f1,DEMAND:STRAFFIC,1.0,3407.0,active_valid_region,10.0,True,zero_shot_frozen,False,6269367.0,7.117903529678086e+16,80fce0f49a51d2432bafd536371407357bec21ac3e4d4c9e825557378c8ddbd7,0.0,demand_noise_offset_v2,0.10200412159395875,0.012977709857143267,2.4855337229174252,10.000000033593672,3.585635914351846,0.49068933725357056,1.0,False,23408.0,10.0
0,2024,data/raw/sow_call_dataset_labeled/feeding/462-1.wav,bf71b3916b50f93bb618bec575df25d0,feeding,feeding,64000,1.0,DEMAND,STRAFFIC,data/noise_sources/demand/audio/STRAFFIC/ch01.wav,5cd76b6a746746009de5d2b3e6955a3facbb7d1f9e5ba3450140372694dc33f1,DEMAND:STRAFFIC,1.0,3407.0,active_valid_region,10.0,True,zero_shot_frozen,False,3977471.0,4.2136220689632824e+18,ba79caf26e4d8d23f41197ac63895959d42708b056dd16191ab0e9e8c21d3797,0.0,demand_noise_offset_v2,390.87487317806836,0.01992092881391067,6204.805463232337,9.99999972139638,9.99999972139638,2610.00048828125,0.00038275854908282654,True,0.0,10.0
0,2024,data/raw/sow_call_dataset_labeled/frightened_stress/531-2.wav,439e489d68e585b0f865ab720f41e65a,stress_vocal,frightened_stress,63608,0.993875,DEMAND,STRAFFIC,data/noise_sources/demand/audio/STRAFFIC/ch01.wav,5cd76b6a746746009de5d2b3e6955a3facbb7d1f9e5ba3450140372694dc33f1,DEMAND:STRAFFIC,1.0,3407.0,active_valid_region,10.0,True,zero_shot_frozen,False,469990.0,3.5273349880280673e+18,30f39c7ba5383e0b694311da5bf5e188e5b170dc2cc8e811e400e36343bc1a8a,0.0,demand_noise_offset_v2,223.3376366304215,0.008125923536441825,8691.388933502565,10.000000261899624,9.97173588746777,2459.52294921875,0.00040617632794088187,True,196.0,10.0
0,2024,data/external/korea_raw/dry_cough/train_dry_12259.wav,0dd24b3ee3931c0516f250d0fb57dc2a,cough,dry_cough,13985,0.218515625,DEMAND,STRAFFIC,data/noise_sources/demand/audio/STRAFFIC/ch01.wav,5cd76b6a746746009de5d2b3e6955a3facbb7d1f9e5ba3450140372694dc33f1,DEMAND:STRAFFIC,1.0,3407.0,active_valid_region,10.0,True,zero_shot_frozen,False,3719813.0,4.016603304620117e+18,b7bdd76cb78acbf61cc6cebad2b52429ad2ab0b1a9bf8c066a1fe203c461c80b,0.0,demand_noise_offset_v2,0.061751605029606374,0.01839786962649624,1.0614039833363824,9.99999994417182,3.6573169961597287,0.24699348211288452,1.0,False,25007.0,10.0
0,2024,data/raw/sow_call_dataset_labeled/feeding/334-1.wav,6d4e3f890abd1b39675ab539c08999df,feeding,feeding,64000,1.0,DEMAND,STRAFFIC,data/noise_sources/demand/audio/STRAFFIC/ch01.wav,5cd76b6a746746009de5d2b3e6955a3facbb7d1f9e5ba3450140372694dc33f1,DEMAND:STRAFFIC,1.0,3407.0,active_valid_region,10.0,True,zero_shot_frozen,False,7808437.0,8.869404789933667e+18,7b1674aa1124f3ae7ca1cbd180f207b61805a85b9f02f0953379438bbf7180e7,0.0,demand_noise_offset_v2,891.4684230620591,0.010119157100686752,27858.750002046734,9.999999997792104,9.999999997792104,9526.419921875,0.00010486625701918206,True,0.0,10.0
0,2024,data/raw/sow_call_dataset_labeled/frightened_stress/1031-2.wav,52f370f2037764cd024cc8ac3620035d,stress_vocal,frightened_stress,63997,0.999953125,DEMAND,STRAFFIC,data/noise_sources/demand/audio/STRAFFIC/ch01.wav,5cd76b6a746746009de5d2b3e6955a3facbb7d1f9e5ba3450140372694dc33f1,DEMAND:STRAFFIC,1.0,3407.0,active_valid_region,10.0,True,zero_shot_frozen,False,382892.0,3.4628558926435564e+18,b00e89165d632be6b10afdaedf8222bd1bded72724fe14671e19b8464aeb67e5,0.0,demand_noise_offset_v2,251.37542293038825,0.010767043340486655,7382.889239974172,10.00000009833634,9.999985904538686,2803.40966796875,0.0003563517709931562,True,1.0,10.0
0,2024,data/external/korea_raw/dry_cough/train_dry_05498.wav,476f1f61fe985f0e105b631f547552aa,cough,dry_cough,11777,0.184015625,DEMAND,STRAFFIC,data/noise_sources/demand/audio/STRAFFIC/ch01.wav,5cd76b6a746746009de5d2b3e6955a3facbb7d1f9e5ba3450140372694dc33f1,DEMAND:STRAFFIC,1.0,3407.0,active_valid_region,10.0,True,zero_shot_frozen,False,2457862.0,1.3654967662774968e+18,92f33812ffea2f9502ae2886b178bc41b06d1dc20fa882e34c00d177eb168b14,0.0,demand_noise_offset_v2,0.042341868179194324,0.03322779779480077,0.4029660486672749,9.999999917947555,2.0213343594623763,0.163056418299675,1.0,False,26111.0,10.0
0,2024,data/raw/sow_call_dataset_labeled/calm_grunt/69-0.wav,5e6972bc79d14fbb0e7d8c9fc5171b8e,calm_grunt,calm_grunt,64000,1.0,DEMAND,STRAFFIC,data/noise_sources/demand/audio/STRAFFIC/ch01.wav,5cd76b6a746746009de5d2b3e6955a3facbb7d1f9e5ba3450140372694dc33f1,DEMAND:STRAFFIC,1.0,3407.0,active_valid_region,10.0,True,zero_shot_frozen,False,6140087.0,4.2128132155144945e+18,3a76eb4c8fd006256e50c9b57a82feeac1dfb08cae72d194d2f854eb3fade53c,0.0,demand_noise_offset_v2,984.0544080113978,0.018195708514526242,17102.127506386278,10.000000279828038,10.000000279828038,16234.0166015625,6.153745092904782e-05,True,0.0,10.0
0,2024,data/raw/sow_call_dataset_labeled/feeding/365-1.wav,e7f7f9645f68e7861c6960646038694b,feeding,feeding,63998,0.99996875,DEMAND,STRAFFIC,data/noise_sources/demand/audio/STRAFFIC/ch01.wav,5cd76b6a746746009de5d2b3e6955a3facbb7d1f9e5ba3450140372694dc33f1,DEMAND:STRAFFIC,1.0,3407.0,active_valid_region,10.0,True,zero_shot_frozen,False,2765292.0,5.129489708107562e+17,071e5c5f0913cc616bfb51eefbaaa54b98d2b7f57bb291071781abce34ec348b,0.0,demand_noise_offset_v2,228.88529049546287,0.015048101956309446,4809.901228583011,9.999999744576781,9.999892165564365,2053.595703125,0.0004864638148978402,True,1.0,10.0
0,2024,data/raw/sow_call_dataset_labeled/calm_grunt/127-0.wav,c0b1e9c399e2fcb85350d6e1a522b9c7,calm_grunt,calm_grunt,64000,1.0,DEMAND,STRAFFIC,data/noise_sources/demand/audio/STRAFFIC/ch01.wav,5cd76b6a746746009de5d2b3e6955a3facbb7d1f9e5ba3450140372694dc33f1,DEMAND:STRAFFIC,1.0,3407.0,active_valid_region,10.0,True,zero_shot_frozen,False,782547.0,8.625206842695263e+18,f7b2e3ecd51ea435b03cfedff0184715826dc220dd693ea94893222dbaf3b4db,0.0,demand_noise_offset_v2,719.0246855373471,0.015059108634861141,15098.873082837765,10.000000027778297,10.000000027778297,7249.0771484375,0.0001378106453475018,True,0.0,10.0
0,2024,data/raw/sow_call_dataset_labeled/frightened_stress/649-2.wav,a79a4d5ca276050cd921a9a53451c118,stress_vocal,frightened_stress,64000,1.0,DEMAND,STRAFFIC,data/noise_sources/demand/audio/STRAFFIC/ch01.wav,5cd76b6a746746009de5d2b3e6955a3facbb7d1f9e5ba3450140372694dc33f1,DEMAND:STRAFFIC,1.0,3407.0,active_valid_region,10.0,True,zero_shot_frozen,False,776693.0,3.320366428080375e+18,ae144fac9ddd0426adb68ee4be651d64b44b0e3cf9220b0bceebb424b86b08ee,0.0,demand_noise_offset_v2,182.61161994441022,0.014599781780577093,3955.3238186450544,10.00000019283817,10.00000019283817,1897.197021484375,0.000526566291580185,True,0.0,10.0
0,2024,data/raw/sow_call_dataset_labeled/anxious_stress/1429-3.wav,08dbebe86b17e15870a88fc0edc1fd56,stress_vocal,anxious_stress,63997,0.999953125,DEMAND,STRAFFIC,data/noise_sources/demand/audio/STRAFFIC/ch01.wav,5cd76b6a746746009de5d2b3e6955a3facbb7d1f9e5ba3450140372694dc33f1,DEMAND:STRAFFIC,1.0,3407.0,active_valid_region,10.0,True,zero_shot_frozen,False,3448438.0,5.018154060227327e+18,45a41087cc08b2278df42dec10b9243b81039892f3048438ff28ef8cea0e2683,0.0,demand_noise_offset_v2,1018.0890498529338,0.02211925951216509,14555.099625470477,10.000000011087975,9.9995485034794,6676.16552734375,0.00014963679314246612,True,1.0,10.0
0,2024,data/external/korea_raw/abdominal_cough/train_abdominal_16429.wav,89bcd1f7bcfd5c0d3850c0d8d7a77682,cough,abdominal_cough,12321,0.192515625,DEMAND,STRAFFIC,data/noise_sources/demand/audio/STRAFFIC/ch01.wav,5cd76b6a746746009de5d2b3e6955a3facbb7d1f9e5ba3450140372694dc33f1,DEMAND:STRAFFIC,1.0,3407.0,active_valid_region,10.0,True,zero_shot_frozen,False,699452.0,3.2749335582366474e+18,2d72e6b849b3906d3d007540e5abd2ae2f486d276c65eab81a6c264de0a3791c,0.0,demand_noise_offset_v2,0.03146874162552827,0.008361758426060451,1.1900953551333724,10.000000365766548,2.0732687024024097,0.14197967946529388,1.0,False,25839.0,10.0
0,2024,data/raw/sow_call_dataset_labeled/frightened_stress/624-2.wav,6b7d32323ad19193729e70aa61366584,stress_vocal,frightened_stress,64000,1.0,DEMAND,STRAFFIC,data/noise_sources/demand/audio/STRAFFIC/ch01.wav,5cd76b6a746746009de5d2b3e6955a3facbb7d1f9e5ba3450140372694dc33f1,DEMAND:STRAFFIC,1.0,3407.0,active_valid_region,10.0,True,zero_shot_frozen,False,9169636.0,7.341866425176284e+18,65e38c9d64ffdb6f952cca7cecfc37d44a8fcd8adc611ad77298fffa0f0beff9,0.0,demand_noise_offset_v2,124.93057706281661,0.00975016366030511,4051.882477891929,9.999999799453295,9.999999799453295,950.296875,0.0010512504316085433,True,0.0,10.0
0,2024,data/raw/sow_call_dataset_labeled/calm_grunt/218-0.wav,b3d8482fce8b5eaa3e2cb020780d332e,calm_grunt,calm_grunt,64000,1.0,DEMAND,STRAFFIC,data/noise_sources/demand/audio/STRAFFIC/ch01.wav,5cd76b6a746746009de5d2b3e6955a3facbb7d1f9e5ba3450140372694dc33f1,DEMAND:STRAFFIC,1.0,3407.0,active_valid_region,10.0,True,zero_shot_frozen,False,1940084.0,5.461416484393292e+18,4bcad95b52b991479636174a094b5d0e5e12790d025c363f9c14209433488ab7,0.0,demand_noise_offset_v2,1325.8744849035143,0.012393509507084613,33830.47603587089,9.99999986551983,9.99999986551983,16386.25390625,6.096573418888402e-05,True,0.0,10.0
0,2024,data/external/korea_raw/dry_cough/train_dry_14904.wav,82731434fe93293942ec3e677a251aa0,cough,dry_cough,13408,0.2095,DEMAND,STRAFFIC,data/noise_sources/demand/audio/STRAFFIC/ch01.wav,5cd76b6a746746009de5d2b3e6955a3facbb7d1f9e5ba3450140372694dc33f1,DEMAND:STRAFFIC,1.0,3407.0,active_valid_region,10.0,True,zero_shot_frozen,False,5952670.0,2.238380113001721e+18,1f1052da73c42c85560925ce00ff3c1346a2205f41e426b017dd6ca1809e000d,0.0,demand_noise_offset_v2,0.05590034753670979,0.01228934917024163,1.4384197060576334,10.000000037854363,1.9021740887784442,0.2497481107711792,1.0,False,25296.0,10.0
0,2024,data/raw/sow_call_dataset_labeled/calm_grunt/59-0.wav,59a6dd695e64efe4c8241ab5e0cd60df,calm_grunt,calm_grunt,64000,1.0,DEMAND,STRAFFIC,data/noise_sources/demand/audio/STRAFFIC/ch01.wav,5cd76b6a746746009de5d2b3e6955a3facbb7d1f9e5ba3450140372694dc33f1,DEMAND:STRAFFIC,1.0,3407.0,active_valid_region,10.0,True,zero_shot_frozen,False,5682487.0,8.392661225009228e+18,f478b8eafcdea61390bd2fdf30a76a4738da5cb425a1038babcf7dc8d2e3cd22,0.0,demand_noise_offset_v2,1245.0851120905868,0.052264518198308456,7533.418408322256,9.999999936394738,9.999999936394738,17959.99609375,5.5623620115799895e-05,True,0.0,10.0
0,2024,data/external/korea_raw/dry_cough/train_dry_12342.wav,be5b9785349c0ba7847119f6859671bc,cough,dry_cough,14017,0.219015625,DEMAND,STRAFFIC,data/noise_sources/demand/audio/STRAFFIC/ch01.wav,5cd76b6a746746009de5d2b3e6955a3facbb7d1f9e5ba3450140372694dc33f1,DEMAND:STRAFFIC,1.0,3407.0,active_valid_region,10.0,True,zero_shot_frozen,False,9126620.0,8.720253278141692e+18,7904902793123782cec7ef3d680b262a6c38e0c10be8e737d05b18829465cfec,0.0,demand_noise_offset_v2,0.04360133356829202,0.009909082101741034,1.3914459652356088,9.999999817561243,3.475976647979534,0.1712510883808136,1.0,False,24991.0,10.0
0,2024,data/external/korea_raw/dry_cough/train_dry_07999.wav,4bcc8d92055b679105e93da203cd9111,cough,dry_cough,13313,0.208015625,DEMAND,STRAFFIC,data/noise_sources/demand/audio/STRAFFIC/ch01.wav,5cd76b6a746746009de5d2b3e6955a3facbb7d1f9e5ba3450140372694dc33f1,DEMAND:STRAFFIC,1.0,3407.0,active_valid_region,10.0,True,zero_shot_frozen,False,4509083.0,3.580150293423009e+18,31af3fb931fd2c994ea0201426db1538f7bc00c7e59d7695f173fe9fc895a897,0.0,demand_noise_offset_v2,0.09846734402329387,0.014268034873325116,2.1823683851734956,10.000000425653955,2.423441816493505,0.49773603677749634,1.0,False,25343.0,10.0
0,2024,data/raw/sow_call_dataset_labeled/calm_grunt/114-0.wav,6bfb9e30e653d62d2ad67d1d0fbee2b2,calm_grunt,calm_grunt,64000,1.0,DEMAND,STRAFFIC,data/noise_sources/demand/audio/STRAFFIC/ch01.wav,5cd76b6a746746009de5d2b3e6955a3facbb7d1f9e5ba3450140372694dc33f1,DEMAND:STRAFFIC,1.0,3407.0,active_valid_region,10.0,True,zero_shot_frozen,False,3625999.0,5.08341087957131e+18,c68be7430c3435ebe15be0afe1a447de53d656df6e96eb041a0a48bfe5737bd9,0.0,demand_noise_offset_v2,1176.8927172218246,0.032844298494385804,11331.225566353913,9.999999985006568,9.999999985006568,15287.142578125,6.534903399341026e-05,True,0.0,10.0
0,2024,data/raw/sow_call_dataset_labeled/calm_grunt/274-0.wav,867a0d742da7dc4ab82703565363efca,calm_grunt,calm_grunt,64000,1.0,DEMAND,STRAFFIC,data/noise_sources/demand/audio/STRAFFIC/ch01.wav,5cd76b6a746746009de5d2b3e6955a3facbb7d1f9e5ba3450140372694dc33f1,DEMAND:STRAFFIC,1.0,3407.0,active_valid_region,10.0,True,zero_shot_frozen,False,5144738.0,1.6516674031339223e+18,16ebe6c092e3ac2fa963e674669b0746b163051f4441e92328ad6080182c3941,0.0,demand_noise_offset_v2,1609.9826402124925,0.011918926252267897,42715.358989943656,9.999999917595664,9.999999917595664,17383.76171875,5.7467423688998555e-05,True,0.0,10.0
0,2024,data/raw/sow_call_dataset_labeled/anxious_stress/1580-3.wav,f770589d5c495dba265407f0501aedab,stress_vocal,anxious_stress,63766,0.99634375,DEMAND,STRAFFIC,data/noise_sources/demand/audio/STRAFFIC/ch01.wav,5cd76b6a746746009de5d2b3e6955a3facbb7d1f9e5ba3450140372694dc33f1,DEMAND:STRAFFIC,1.0,3407.0,active_valid_region,10.0,True,zero_shot_frozen,False,703515.0,5.377384225490726e+18,4aa04e766529ea6dd10fa4ced36c6ba8fde39dda4c054950b14618e4f824471c,0.0,demand_noise_offset_v2,309.17193605807984,0.009147216105335284,10688.361303470441,9.999999980940725,9.997874012089824,2039.91015625,0.0004897274504659941,True,117.0,10.0
0,2024,data/external/korea_raw/abdominal_cough/train_abdominal_08112.wav,e88f3f912add02e57df4c7d0d5127334,cough,abdominal_cough,16224,0.2535,DEMAND,STRAFFIC,data/noise_sources/demand/audio/STRAFFIC/ch01.wav,5cd76b6a746746009de5d2b3e6955a3facbb7d1f9e5ba3450140372694dc33f1,DEMAND:STRAFFIC,1.0,3407.0,active_valid_region,10.0,True,zero_shot_frozen,False,6842141.0,6.256199715818148e+18,d6d27c7ea93d8e497caf60a1a102f4cffbe0d8cdea11b1b78380702d6f642a7f,0.0,demand_noise_offset_v2,0.09735584493514245,0.012688968867484291,2.4262508383492882,9.999999648866273,2.1149949991435695,0.3723403811454773,1.0,False,23888.0,10.0
0,2024,data/raw/sow_call_dataset_labeled/calm_grunt/250-0.wav,6501451456d9e85981b2e584769706d5,calm_grunt,calm_grunt,64000,1.0,DEMAND,STRAFFIC,data/noise_sources/demand/audio/STRAFFIC/ch01.wav,5cd76b6a746746009de5d2b3e6955a3facbb7d1f9e5ba3450140372694dc33f1,DEMAND:STRAFFIC,1.0,3407.0,active_valid_region,10.0,True,zero_shot_frozen,False,2934281.0,9.20709066646933e+17,8cc704049af8cde5e010c16b283644c54a8993a053c0315ce0a3a8ec99ecbe04,0.0,demand_noise_offset_v2,1634.1095044534836,0.0064291074867628565,80376.75510701381,9.9999997148685,9.9999997148685,17417.861328125,5.7354917528645895e-05,True,0.0,10.0
0,2024,data/raw/sow_call_dataset_labeled/feeding/484-1.wav,7597d17cfc4d984eaab8bc076ccdf5ea,feeding,feeding,64000,1.0,DEMAND,STRAFFIC,data/noise_sources/demand/audio/STRAFFIC/ch01.wav,5cd76b6a746746009de5d2b3e6955a3facbb7d1f9e5ba3450140372694dc33f1,DEMAND:STRAFFIC,1.0,3407.0,active_valid_region,10.0,True,zero_shot_frozen,False,4752792.0,2.658206717692038e+18,24e3d8ed0b974cbdf5c6b81e7e58b0449fe7994287e6ebca4741452f04fac219,0.0,demand_noise_offset_v2,880.4726065326456,0.014938113053689198,18638.89263671614,10.000000036609952,10.000000036609952,13024.3095703125,7.670272229071644e-05,True,0.0,10.0
0,2024,data/raw/sow_call_dataset_labeled/calm_grunt/251-0.wav,c0f8ff4583e17d7a26d397f7d7b0a2f7,calm_grunt,calm_grunt,64000,1.0,DEMAND,STRAFFIC,data/noise_sources/demand/audio/STRAFFIC/ch01.wav,5cd76b6a746746009de5d2b3e6955a3facbb7d1f9e5ba3450140372694dc33f1,DEMAND:STRAFFIC,1.0,3407.0,active_valid_region,10.0,True,zero_shot_frozen,False,7152197.0,1.589060259257757e+18,960d79e2f7bfac9f6489305e1bb793a38a5809352cb52e370b515491ad0d924d,0.0,demand_noise_offset_v2,1533.8450811438308,0.012131597599380392,39981.906707060756,10.000000095127731,10.000000095127731,18649.37890625,5.356746758280531e-05,True,0.0,10.0
0,2024,data/raw/sow_call_dataset_labeled/frightened_stress/988-2.wav,e3f63486bc9dd011d4c42a02e2ab82eb,stress_vocal,frightened_stress,63998,0.99996875,DEMAND,STRAFFIC,data/noise_sources/demand/audio/STRAFFIC/ch01.wav,5cd76b6a746746009de5d2b3e6955a3facbb7d1f9e5ba3450140372694dc33f1,DEMAND:STRAFFIC,1.0,3407.0,active_valid_region,10.0,True,zero_shot_frozen,False,3079760.0,1.8805898723909353e+18,9a193286700f12b67b3b90434499a2285a6999c1391e24d6c60743175280972d,0.0,demand_noise_offset_v2,207.5423704113459,0.010869548645552153,6038.029939345754,10.0000002236781,9.999946388846153,2666.63330078125,0.0003746296874442094,True,1.0,10.0
0,2024,data/raw/sow_call_dataset_labeled/calm_grunt/89-0.wav,66baf7d1e6268784319cb4666f8d36fd,calm_grunt,calm_grunt,64000,1.0,DEMAND,STRAFFIC,data/noise_sources/demand/audio/STRAFFIC/ch01.wav,5cd76b6a746746009de5d2b3e6955a3facbb7d1f9e5ba3450140372694dc33f1,DEMAND:STRAFFIC,1.0,3407.0,active_valid_region,10.0,True,zero_shot_frozen,False,1488172.0,8.594904535555222e+18,f7473c232829a82e62bae05f96f969b77c591b736f1fa795ef13e9754ca0aed9,0.0,demand_noise_offset_v2,1041.6516572237529,0.012241732084142936,26907.889689751053,9.999999700474326,9.999999700474326,15637.009765625,6.38868949353803e-05,True,0.0,10.0
0,2024,data/raw/sow_call_dataset_labeled/anxious_stress/1649-3.wav,8ef7b5c15e374567562265858e5d7ed1,stress_vocal,anxious_stress,64000,1.0,DEMAND,STRAFFIC,data/noise_sources/demand/audio/STRAFFIC/ch01.wav,5cd76b6a746746009de5d2b3e6955a3facbb7d1f9e5ba3450140372694dc33f1,DEMAND:STRAFFIC,1.0,3407.0,active_valid_region,10.0,True,zero_shot_frozen,False,3981628.0,6.967436651127037e+18,60b14eb81976da6e43b6d33f84e19fc80278f00dfc046fa1b9d3759675d16adb,0.0,demand_noise_offset_v2,1846.5257263435033,0.018628681337383563,31345.3590599794,9.999999912497318,9.999999912497318,14857.345703125,6.723946658856276e-05,True,0.0,10.0
0,2024,data/raw/sow_call_dataset_labeled/anxious_stress/1738-3.wav,ad7a0d5de7477a9d5d43b2bd260d645e,stress_vocal,anxious_stress,64000,1.0,DEMAND,STRAFFIC,data/noise_sources/demand/audio/STRAFFIC/ch01.wav,5cd76b6a746746009de5d2b3e6955a3facbb7d1f9e5ba3450140372694dc33f1,DEMAND:STRAFFIC,1.0,3407.0,active_valid_region,10.0,True,zero_shot_frozen,False,4483056.0,5.561178857308862e+17,07b7ba45483b123c391232e72ed13a18e7c73d16a2526d80de4076c7bfc14332,0.0,demand_noise_offset_v2,231.88397999285894,0.014495342002757969,5058.739073164543,9.999999680942905,9.999999680942905,1608.3365478515625,0.0006211386549254741,True,0.0,10.0
0,2024,data/raw/sow_call_dataset_labeled/calm_grunt/165-0.wav,58f3af1d9665f4501de1c256ac27087d,calm_grunt,calm_grunt,64000,1.0,DEMAND,STRAFFIC,data/noise_sources/demand/audio/STRAFFIC/ch01.wav,5cd76b6a746746009de5d2b3e6955a3facbb7d1f9e5ba3450140372694dc33f1,DEMAND:STRAFFIC,1.0,3407.0,active_valid_region,10.0,True,zero_shot_frozen,False,5827515.0,8.239646007233246e+18,72591a63581a72df3e790b53a5c128aa90e64225e39c901ede6e8dfd1178f656,0.0,demand_noise_offset_v2,1242.3661302468377,0.019568315651933413,20076.876974545557,10.000000002536533,10.000000002536533,16528.861328125,6.0439735089321155e-05,True,0.0,10.0
0,2024,data/raw/sow_call_dataset_labeled/calm_grunt/253-0.wav,88f53ffdc813ee27215e3d68cababb72,calm_grunt,calm_grunt,64000,1.0,DEMAND,STRAFFIC,data/noise_sources/demand/audio/STRAFFIC/ch01.wav,5cd76b6a746746009de5d2b3e6955a3facbb7d1f9e5ba3450140372694dc33f1,DEMAND:STRAFFIC,1.0,3407.0,active_valid_region,10.0,True,zero_shot_frozen,False,3246284.0,8.870099416413218e+18,7b18ec6c65b5a49a599028aeceabd7bd5be93756f78653e5d977c00946f14ee8,0.0,demand_noise_offset_v2,1677.1380296440782,0.018963665554130014,27967.04101864546,10.000000006280633,10.000000006280633,15291.978515625,6.53283680054379e-05,True,0.0,10.0
0,2024,data/raw/sow_call_dataset_labeled/calm_grunt/252-0.wav,2425faf6d72ec8f1cfb27af49a442721,calm_grunt,calm_grunt,64000,1.0,DEMAND,STRAFFIC,data/noise_sources/demand/audio/STRAFFIC/ch01.wav,5cd76b6a746746009de5d2b3e6955a3facbb7d1f9e5ba3450140372694dc33f1,DEMAND:STRAFFIC,1.0,3407.0,active_valid_region,10.0,True,zero_shot_frozen,False,664491.0,3.191407093757897e+18,2c4a27d7cd19ea9802e27f9082257131dd01bb561a22d8eef4d910cca9bf4c42,0.0,demand_noise_offset_v2,1988.6156620474069,0.008703698683428794,72251.52330613667,9.999999985308056,9.999999985308056,18549.00390625,5.385733945871841e-05,True,0.0,10.0
0,2024,data/raw/sow_call_dataset_labeled/frightened_stress/887-2.wav,36d2f03519aad0dc3c6d70f418bede2d,stress_vocal,frightened_stress,64000,1.0,DEMAND,STRAFFIC,data/noise_sources/demand/audio/STRAFFIC/ch01.wav,5cd76b6a746746009de5d2b3e6955a3facbb7d1f9e5ba3450140372694dc33f1,DEMAND:STRAFFIC,1.0,3407.0,active_valid_region,10.0,True,zero_shot_frozen,False,8104100.0,2.2874944917308677e+18,1fbed01edd47f5b32405dbca6d03d22d46f230fd4d3c9dbac135887632420732,0.0,demand_noise_offset_v2,226.1403217059333,0.013863074098797683,5158.440922248147,10.000000011157136,10.000000011157136,2344.701904296875,0.000426066954681635,True,0.0,10.0
0,2024,data/raw/sow_call_dataset_labeled/feeding/367-1.wav,940704b541a8d463f81ea666f8da0a2d,feeding,feeding,64000,1.0,DEMAND,STRAFFIC,data/noise_sources/demand/audio/STRAFFIC/ch01.wav,5cd76b6a746746009de5d2b3e6955a3facbb7d1f9e5ba3450140372694dc33f1,DEMAND:STRAFFIC,1.0,3407.0,active_valid_region,10.0,True,zero_shot_frozen,False,6587666.0,8.351849062375634e+18,73e7ba78e49435ffec017bb120f2e13d4c957e3a6af8b70e3f99e061cf95a4bc,0.0,demand_noise_offset_v2,702.5387179613983,0.011957671055338969,18579.056765579226,10.000000046882624,10.000000046882624,8449.30859375,0.00011823452640124492,True,0.0,10.0
0,2024,data/raw/sow_call_dataset_labeled/anxious_stress/1294-3.wav,3b1abd244c212e4e29ed5d8d492094a3,stress_vocal,anxious_stress,64000,1.0,DEMAND,STRAFFIC,data/noise_sources/demand/audio/STRAFFIC/ch01.wav,5cd76b6a746746009de5d2b3e6955a3facbb7d1f9e5ba3450140372694dc33f1,DEMAND:STRAFFIC,1.0,3407.0,active_valid_region,10.0,True,zero_shot_frozen,False,3032045.0,5.504119819394632e+18,cc628fd04c344646af8128a60bc96776151cd1c8cb647feea136fbbc820ad24c,0.0,demand_noise_offset_v2,309.20159348055824,0.010708800667592767,9130.633036349434,10.000000211313882,10.000000211313882,2237.760986328125,0.0004464283746582021,True,0.0,10.0
0,2024,data/raw/sow_call_dataset_labeled/calm_grunt/84-0.wav,6284697bc5cf29624df3bee3472e7b55,calm_grunt,calm_grunt,64000,1.0,DEMAND,STRAFFIC,data/noise_sources/demand/audio/STRAFFIC/ch01.wav,5cd76b6a746746009de5d2b3e6955a3facbb7d1f9e5ba3450140372694dc33f1,DEMAND:STRAFFIC,1.0,3407.0,active_valid_region,10.0,True,zero_shot_frozen,False,2692878.0,7.967446025396238e+18,6e920df25ed7378b201c2117c3d322c19989c090daf8c8998b38e561c8e19813,0.0,demand_noise_offset_v2,819.4625842053988,0.017928465559721215,14453.932015233084,10.000000224307941,10.000000224307941,14249.005859375,7.01101543405372e-05,True,0.0,10.0
0,2024,data/external/korea_raw/dry_cough/train_dry_06353.wav,7c4381d73edf61a542eca5b8ad16ccbe,cough,dry_cough,7969,0.124515625,DEMAND,STRAFFIC,data/noise_sources/demand/audio/STRAFFIC/ch01.wav,5cd76b6a746746009de5d2b3e6955a3facbb7d1f9e5ba3450140372694dc33f1,DEMAND:STRAFFIC,1.0,3407.0,active_valid_region,10.0,True,zero_shot_frozen,False,5286407.0,2.06900292732083e+18,1cb693334a338f8899c5583220642a021366a36a73411eb24c3d0c7ff42b47e4,0.0,demand_noise_offset_v2,0.12077981036285175,0.012933025554994294,2.9532091658345747,10.00000001438218,0.32522695074645924,0.46422243118286133,1.0,False,28015.0,10.0
0,2024,data/raw/sow_call_dataset_labeled/frightened_stress/798-2.wav,9047deea4f6c553333311bf1f5279715,stress_vocal,frightened_stress,64000,1.0,DEMAND,STRAFFIC,data/noise_sources/demand/audio/STRAFFIC/ch01.wav,5cd76b6a746746009de5d2b3e6955a3facbb7d1f9e5ba3450140372694dc33f1,DEMAND:STRAFFIC,1.0,3407.0,active_valid_region,10.0,True,zero_shot_frozen,False,4016938.0,4.301436516260851e+18,3bb1c5b8b79f2df326045446639d151659c4eccede70ae4a4866921a3a724750,0.0,demand_noise_offset_v2,109.39846330513913,0.011099827289827545,3116.699994815564,10.000000114681516,10.000000114681516,1138.98291015625,0.0008770983226279957,True,0.0,10.0
0,2024,data/raw/sow_call_dataset_labeled/feeding/396-1.wav,850bc5be2aeb59aeadd3ce9d998d574e,feeding,feeding,64000,1.0,DEMAND,STRAFFIC,data/noise_sources/demand/audio/STRAFFIC/ch01.wav,5cd76b6a746746009de5d2b3e6955a3facbb7d1f9e5ba3450140372694dc33f1,DEMAND:STRAFFIC,1.0,3407.0,active_valid_region,10.0,True,zero_shot_frozen,False,8816661.0,5.883182069552799e+18,51a542ebfca45db2d549626501401ec769c9765ad18ac1e49a064ce365e7b94d,0.0,demand_noise_offset_v2,495.4983345230236,0.00809278766436566,19361.725265722944,10.00000029575802,10.00000029575802,6363.5390625,0.00015698811466202106,True,0.0,10.0
0,2024,data/external/korea_raw/abdominal_cough/train_abdominal_01211.wav,54d7ff55aaca2d49609a064333bab111,cough,abdominal_cough,17952,0.2805,DEMAND,STRAFFIC,data/noise_sources/demand/audio/STRAFFIC/ch01.wav,5cd76b6a746746009de5d2b3e6955a3facbb7d1f9e5ba3450140372694dc33f1,DEMAND:STRAFFIC,1.0,3407.0,active_valid_region,10.0,True,zero_shot_frozen,False,8802507.0,5.8833226184099e+18,51a5c2c01157d76ddaff29fc95d5ffacd0dba2d9fcf5de0b932ed524e3363073,0.0,demand_noise_offset_v2,0.027219146609550993,0.00843087862638663,1.0209434042003456,10.000000008245436,5.145416956992706,0.13521023094654083,1.0,False,23024.0,10.0
0,2024,data/raw/sow_call_dataset_labeled/feeding/382-1.wav,6900556222b8dc7174fb2b5d5e1d09ac,feeding,feeding,63997,0.999953125,DEMAND,STRAFFIC,data/noise_sources/demand/audio/STRAFFIC/ch01.wav,5cd76b6a746746009de5d2b3e6955a3facbb7d1f9e5ba3450140372694dc33f1,DEMAND:STRAFFIC,1.0,3407.0,active_valid_region,10.0,True,zero_shot_frozen,False,2526188.0,7.3137650600483e+17,8a265f0ea57bf6e17858e380155229e8274a7ac668ac5f019e214e00cb706a2d,0.0,demand_noise_offset_v2,882.0886951559368,0.03310506427714325,8425.929494130563,9.999999801450354,9.999839371742702,9287.6611328125,0.00010756206387317683,True,1.0,10.0
0,2024,data/raw/sow_call_dataset_labeled/feeding/308-1.wav,62f84208f3d66bc2106eced8f9723a09,feeding,feeding,63986,0.99978125,DEMAND,STRAFFIC,data/noise_sources/demand/audio/STRAFFIC/ch01.wav,5cd76b6a746746009de5d2b3e6955a3facbb7d1f9e5ba3450140372694dc33f1,DEMAND:STRAFFIC,1.0,3407.0,active_valid_region,10.0,True,zero_shot_frozen,False,6534645.0,4.504201751598376e+18,be8223a0f8b6a38dc551e2bb009853b60cd5dd53c0190a4125ee0aba0dc6ae7a,0.0,demand_noise_offset_v2,377.93868802714655,0.011662309648550764,10247.94492753079,9.99999967440781,9.998523874137408,3271.06201171875,0.0003054053993537972,True,7.0,10.0
0,2024,data/raw/sow_call_dataset_labeled/feeding/411-1.wav,34ffe8b85e2dd2ea42fae8d315374606,feeding,feeding,63998,0.99996875,DEMAND,STRAFFIC,data/noise_sources/demand/audio/STRAFFIC/ch01.wav,5cd76b6a746746009de5d2b3e6955a3facbb7d1f9e5ba3450140372694dc33f1,DEMAND:STRAFFIC,1.0,3407.0,active_valid_region,10.0,True,zero_shot_frozen,False,6228632.0,5.490409591130774e+18,4c31da6f06bf57c5cb40cf0c7df3b761ee9267e21b3ca6ca7643034bba44f28d,0.0,demand_noise_offset_v2,398.75886637335407,0.01672340938539452,7540.246285113457,10.000000221277826,9.999946617172036,3820.572998046875,0.00026147910287558995,True,1.0,10.0
0,2024,data/external/korea_raw/dry_cough/train_dry_02449.wav,2896dd842b3141f1521d6e69312d7362,cough,dry_cough,18497,0.289015625,DEMAND,STRAFFIC,data/noise_sources/demand/audio/STRAFFIC/ch01.wav,5cd76b6a746746009de5d2b3e6955a3facbb7d1f9e5ba3450140372694dc33f1,DEMAND:STRAFFIC,1.0,3407.0,active_valid_region,10.0,True,zero_shot_frozen,False,8112204.0,8.245958404018104e+18,f26f877ac02566aee66224736d067e79ca058ebfba782cff46f8a5ae24844daf,0.0,demand_noise_offset_v2,0.07343115627623883,0.014896992494133086,1.5587690276687376,10.00000022042478,5.029967669793985,0.4179471731185913,1.0,False,22751.0,10.0
0,2024,data/raw/sow_call_dataset_labeled/calm_grunt/35-0.wav,bce14de9ae101013d89c90c1a29bb636,calm_grunt,calm_grunt,64000,1.0,DEMAND,STRAFFIC,data/noise_sources/demand/audio/STRAFFIC/ch01.wav,5cd76b6a746746009de5d2b3e6955a3facbb7d1f9e5ba3450140372694dc33f1,DEMAND:STRAFFIC,1.0,3407.0,active_valid_region,10.0,True,zero_shot_frozen,False,2631778.0,5.767141074289357e+18,d00900405e94f0b292080ba0ab04fe5e066ed7e35160fbf7ff373795bb5ff812,0.0,demand_noise_offset_v2,565.1370232751316,0.023480908902288062,7610.949776577271,10.000000081564192,10.000000081564192,9061.2197265625,0.00011025005795538573,True,0.0,10.0
0,2024,data/raw/sow_call_dataset_labeled/feeding/387-1.wav,9241924820d30258f1b5a5e9d94aeac0,feeding,feeding,64000,1.0,DEMAND,STRAFFIC,data/noise_sources/demand/audio/STRAFFIC/ch01.wav,5cd76b6a746746009de5d2b3e6955a3facbb7d1f9e5ba3450140372694dc33f1,DEMAND:STRAFFIC,1.0,3407.0,active_valid_region,10.0,True,zero_shot_frozen,False,1927803.0,5.484623075783073e+18,4c1d4ba0eef5ddd3365221043a78b101474cc2a6be0508150c186f86ab5de2a7,0.0,demand_noise_offset_v2,844.63572587174,0.011915601237380913,22415.760931350153,9.999999695219698,9.999999695219698,5701.94140625,0.00017520348401072277,True,0.0,10.0
0,2024,data/raw/sow_call_dataset_labeled/anxious_stress/1616-3.wav,6063d92c24fe5f2476915494d06f6c8a,stress_vocal,anxious_stress,63987,0.999796875,DEMAND,STRAFFIC,data/noise_sources/demand/audio/STRAFFIC/ch01.wav,5cd76b6a746746009de5d2b3e6955a3facbb7d1f9e5ba3450140372694dc33f1,DEMAND:STRAFFIC,1.0,3407.0,active_valid_region,10.0,True,zero_shot_frozen,False,6613368.0,4.683041935488635e+18,40fd81d4190ecea9b91f2b2af2ac570e4258b5bc687b8e94e9b2ab3864e66ec8,0.0,demand_noise_offset_v2,627.475414910057,0.011357944567039773,17470.163506812347,9.999999725826331,9.999510583531137,4086.324951171875,0.0002444739495603518,True,6.0,10.0
0,2024,data/raw/sow_call_dataset_labeled/calm_grunt/155-0.wav,68510d2282aa7349ec4e06faa0638875,calm_grunt,calm_grunt,64000,1.0,DEMAND,STRAFFIC,data/noise_sources/demand/audio/STRAFFIC/ch01.wav,5cd76b6a746746009de5d2b3e6955a3facbb7d1f9e5ba3450140372694dc33f1,DEMAND:STRAFFIC,1.0,3407.0,active_valid_region,10.0,True,zero_shot_frozen,False,1954586.0,7.74131285847761e+18,6b6eab0790b8c3903b7be533d6b9f16ad3ec03e7f3e320a70e23c31ef14c81f2,0.0,demand_noise_offset_v2,897.9188141246865,0.012882399543394062,22041.457392985645,10.000000150182164,10.000000150182164,11713.7919921875,8.528408227380868e-05,True,0.0,10.0
0,2024,data/raw/sow_call_dataset_labeled/anxious_stress/1468-3.wav,d20184e28961e933d131951e2eb5242b,stress_vocal,anxious_stress,64000,1.0,DEMAND,STRAFFIC,data/noise_sources/demand/audio/STRAFFIC/ch01.wav,5cd76b6a746746009de5d2b3e6955a3facbb7d1f9e5ba3450140372694dc33f1,DEMAND:STRAFFIC,1.0,3407.0,active_valid_region,10.0,True,zero_shot_frozen,False,8802455.0,8.180250608585033e+18,f18616967262431ab951803b9cc0205ded5ab061742fdcea26fcc1f1c98429c0,0.0,demand_noise_offset_v2,483.6170731235223,0.0078097365565498395,19582.369460746,10.000000145228718,10.000000145228718,4221.30419921875,0.00023665671860011606,True,0.0,10.0
0,2024,data/raw/sow_call_dataset_labeled/calm_grunt/86-0.wav,6686d8c376a0e89e3ba4cf02a3221421,calm_grunt,calm_grunt,64000,1.0,DEMAND,STRAFFIC,data/noise_sources/demand/audio/STRAFFIC/ch01.wav,5cd76b6a746746009de5d2b3e6955a3facbb7d1f9e5ba3450140372694dc33f1,DEMAND:STRAFFIC,1.0,3407.0,active_valid_region,10.0,True,zero_shot_frozen,False,2813546.0,6.44949926338842e+18,59813968bd69067c7f5f6168a01ac06aaefab46e13a774f8a0ef7737b83dfdb5,0.0,demand_noise_offset_v2,953.8544513051378,0.010771682439538889,28002.613698882193,10.00000013395436,10.00000013395436,15899.2509765625,6.283314864786096e-05,True,0.0,10.0
0,2024,data/external/korea_raw/abdominal_cough/train_abdominal_05140.wav,ffc07baef90cf2dfcbaa9c4fa0e982c0,cough,abdominal_cough,13985,0.218515625,DEMAND,STRAFFIC,data/noise_sources/demand/audio/STRAFFIC/ch01.wav,5cd76b6a746746009de5d2b3e6955a3facbb7d1f9e5ba3450140372694dc33f1,DEMAND:STRAFFIC,1.0,3407.0,active_valid_region,10.0,True,zero_shot_frozen,False,7624687.0,1.9934368135566536e+18,1baa1c38623b1e515fcd04234bd1d2067157f13c50055e6ee94e10d9b2d96291,0.0,demand_noise_offset_v2,0.0378744874036115,0.013965347923775039,0.8576202043836644,10.000000246859573,3.7279151813150864,0.209588423371315,1.0,False,25007.0,10.0
0,2024,data/raw/sow_call_dataset_labeled/feeding/321-1.wav,09b3ffe59b3de4c1fad3e875d3de4e0d,feeding,feeding,63992,0.999875,DEMAND,STRAFFIC,data/noise_sources/demand/audio/STRAFFIC/ch01.wav,5cd76b6a746746009de5d2b3e6955a3facbb7d1f9e5ba3450140372694dc33f1,DEMAND:STRAFFIC,1.0,3407.0,active_valid_region,10.0,True,zero_shot_frozen,False,803447.0,7.35401983170332e+18,660eba12dbdab4ee262eee576c0a27a2fa4dbb8d448fd0d6fe2bcd21b96c690d,0.0,demand_noise_offset_v2,670.3121940538623,0.015478761238889645,13694.33408707993,10.00000007267939,9.999054530239789,5317.90185546875,0.00018785604306944143,True,4.0,10.0
0,2024,data/raw/sow_call_dataset_labeled/feeding/461-1.wav,81b6b443e611971e62ee7f480b5e80b8,feeding,feeding,64000,1.0,DEMAND,STRAFFIC,data/noise_sources/demand/audio/STRAFFIC/ch01.wav,5cd76b6a746746009de5d2b3e6955a3facbb7d1f9e5ba3450140372694dc33f1,DEMAND:STRAFFIC,1.0,3407.0,active_valid_region,0.0,True,zero_shot_frozen,False,970743.0,1.0901558491498015e+18,8f2102f80a6363ebd2dd3144a40d03882a97b9f7e1d5a92d4d83cb7de15983e4,0.0,demand_noise_offset_v2,330.3920405704791,0.03440747987283822,9602.331870614433,-1.42409580542693e-07,-1.42409580542693e-07,3428.53125,0.000291378414590796,True,0.0,0.0
0,2024,data/raw/sow_call_dataset_labeled/calm_grunt/74-0.wav,231dcdc74cf41f59690ae1408467d2ee,calm_grunt,calm_grunt,64000,1.0,DEMAND,STRAFFIC,data/noise_sources/demand/audio/STRAFFIC/ch01.wav,5cd76b6a746746009de5d2b3e6955a3facbb7d1f9e5ba3450140372694dc33f1,DEMAND:STRAFFIC,1.0,3407.0,active_valid_region,0.0,True,zero_shot_frozen,False,990632.0,8.483478084582994e+18,75bb5e5edb616f6fd9f726a6fe1d21ffb38817efd62cfb8d6d400bf8fb1d0171,0.0,demand_noise_offset_v2,689.0697472656415,0.04261919412175337,16168.061397339554,-6.869494932698813e-08,-6.869494932698813e-08,14751.13671875,6.772359439460571e-05,True,0.0,0.0
0,2024,data/external/korea_raw/dry_cough/train_dry_16871.wav,0087b3873541a379748a345b960d0af7,cough,dry_cough,15649,0.244515625,DEMAND,STRAFFIC,data/noise_sources/demand/audio/STRAFFIC/ch01.wav,5cd76b6a746746009de5d2b3e6955a3facbb7d1f9e5ba3450140372694dc33f1,DEMAND:STRAFFIC,1.0,3407.0,active_valid_region,0.0,True,zero_shot_frozen,False,5012885.0,6.569791830409148e+18,5b2c96dc8bccf6675e1e95f7c4dbb2b2a52b85a8344b936618874398a0ce4ef7,0.0,demand_noise_offset_v2,0.05542253586361861,0.014263076580510629,3.8857349990919308,-8.470806317740235e-08,-5.9149148778842395,0.3964763283729553,1.0,False,24175.0,0.0
0,2024,data/raw/sow_call_dataset_labeled/anxious_stress/1567-3.wav,d76bf0e98eb7f34a4269a6dcebf2b860,stress_vocal,anxious_stress,64000,1.0,DEMAND,STRAFFIC,data/noise_sources/demand/audio/STRAFFIC/ch01.wav,5cd76b6a746746009de5d2b3e6955a3facbb7d1f9e5ba3450140372694dc33f1,DEMAND:STRAFFIC,1.0,3407.0,active_valid_region,0.0,True,zero_shot_frozen,False,8629889.0,4.4980168085577723e+18,be6c2a74b3d27e4587ee926ae85f1f311fc03cfab6f618e4b146f496ab4f5a93,0.0,demand_noise_offset_v2,2160.9679133716404,0.007744600885498318,279028.95776308235,-3.4419012010504445e-07,-3.4419012010504445e-07,13477.2099609375,7.412513442288969e-05,True,0.0,0.0
0,2024,data/external/korea_raw/abdominal_cough/train_abdominal_00145.wav,e49ea7e3eb02dd8208d5767cc2a865bd,cough,abdominal_cough,13760,0.215,DEMAND,STRAFFIC,data/noise_sources/demand/audio/STRAFFIC/ch01.wav,5cd76b6a746746009de5d2b3e6955a3facbb7d1f9e5ba3450140372694dc33f1,DEMAND:STRAFFIC,1.0,3407.0,active_valid_region,0.0,True,zero_shot_frozen,False,1127932.0,5.072162323738803e+18,c663f0c28d923ca4b4c09e4d4a06579ad960b1fab9994242f85aedb81eb5ca35,0.0,demand_noise_offset_v2,0.054280202175761995,0.014385691649690889,3.7732076772915075,3.635391107382393e-08,-7.72795350797362,0.3795354962348938,1.0,False,25120.0,0.0
0,2024,data/raw/sow_call_dataset_labeled/calm_grunt/126-0.wav,36fb7ca69b77d3439d07d4eed5009620,calm_grunt,calm_grunt,64000,1.0,DEMAND,STRAFFIC,data/noise_sources/demand/audio/STRAFFIC/ch01.wav,5cd76b6a746746009de5d2b3e6955a3facbb7d1f9e5ba3450140372694dc33f1,DEMAND:STRAFFIC,1.0,3407.0,active_valid_region,0.0,True,zero_shot_frozen,False,4775453.0,8.242777855647401e+17,8b706c475cd4f9e654a6f41b218e34560a62bc54d84d68aba55ae99ccff0d7f1,0.0,demand_noise_offset_v2,612.6466638729408,0.01779017513398223,34437.35990561906,1.3456032691427463e-07,1.3456032691427463e-07,7149.20166015625,0.00013973588205905586,True,0.0,0.0
0,2024,data/raw/sow_call_dataset_labeled/feeding/422-1.wav,ad0e6cc5f381d90941387e48ac3c90e5,feeding,feeding,64000,1.0,DEMAND,STRAFFIC,data/noise_sources/demand/audio/STRAFFIC/ch01.wav,5cd76b6a746746009de5d2b3e6955a3facbb7d1f9e5ba3450140372694dc33f1,DEMAND:STRAFFIC,1.0,3407.0,active_valid_region,0.0,True,zero_shot_frozen,False,229108.0,1.0006489262054593e+18,0de304e58f5a3b9795b7fb5b6a402825635f5e643fc28a797a6fb63c6516c7ba,0.0,demand_noise_offset_v2,553.9720628504172,0.023598795295431286,23474.59079649146,3.4659231262830273e-07,3.4659231262830273e-07,6696.7666015625,0.00014917646969612346,True,0.0,0.0
0,2024,data/raw/sow_call_dataset_labeled/frightened_stress/1033-2.wav,8922fbed7e0303ce8677c3bc946a39ed,stress_vocal,frightened_stress,63995,0.999921875,DEMAND,STRAFFIC,data/noise_sources/demand/audio/STRAFFIC/ch01.wav,5cd76b6a746746009de5d2b3e6955a3facbb7d1f9e5ba3450140372694dc33f1,DEMAND:STRAFFIC,1.0,3407.0,active_valid_region,0.0,True,zero_shot_frozen,False,7318311.0,8.231775114052289e+18,723d23da37fcc150d1c7cde3be483f2fc0ae3e34f236991cf708964a2ac938e8,0.0,demand_noise_offset_v2,242.93468520624987,0.007278378508381301,33377.5833348736,3.404960506352246e-07,-0.0012029881965463702,2607.331787109375,0.0003831503167103807,True,2.0,0.0
0,2024,data/external/korea_raw/dry_cough/train_dry_08957.wav,24488fa53abe2228b8830f93c083ba5d,cough,dry_cough,16000,0.25,DEMAND,STRAFFIC,data/noise_sources/demand/audio/STRAFFIC/ch01.wav,5cd76b6a746746009de5d2b3e6955a3facbb7d1f9e5ba3450140372694dc33f1,DEMAND:STRAFFIC,1.0,3407.0,active_valid_region,0.0,True,zero_shot_frozen,False,4910955.0,6.414888772076209e+18,d9064359c53e85ba576507891a0d187f21ef773a0b25c833a782e4fc5416f035,0.0,demand_noise_offset_v2,0.1368990824889901,0.02487906095258929,5.50258238242478,-2.62258166177131e-07,-5.188603942044613,0.8241699934005737,1.0,False,24000.0,0.0
0,2024,data/raw/sow_call_dataset_labeled/calm_grunt/191-0.wav,3edbcd7e4d484f1fa45cd8c3904ed2b2,calm_grunt,calm_grunt,64000,1.0,DEMAND,STRAFFIC,data/noise_sources/demand/audio/STRAFFIC/ch01.wav,5cd76b6a746746009de5d2b3e6955a3facbb7d1f9e5ba3450140372694dc33f1,DEMAND:STRAFFIC,1.0,3407.0,active_valid_region,0.0,True,zero_shot_frozen,False,3935951.0,6.25156535614979e+18,56c20591b7725382445f7df985ebe65933f8dede4b1fcd098073d60ab9fdbebc,0.0,demand_noise_offset_v2,1322.3588303029073,0.02277975610922898,58049.73608857767,2.585897409665397e-07,2.585897409665397e-07,19037.7109375,5.247479611806665e-05,True,0.0,0.0
0,2024,data/external/korea_raw/dry_cough/train_dry_03883.wav,d33384b82a4c07ee3479d6a84e6a107a,cough,dry_cough,16000,0.25,DEMAND,STRAFFIC,data/noise_sources/demand/audio/STRAFFIC/ch01.wav,5cd76b6a746746009de5d2b3e6955a3facbb7d1f9e5ba3450140372694dc33f1,DEMAND:STRAFFIC,1.0,3407.0,active_valid_region,0.0,True,zero_shot_frozen,False,1462460.0,6.266484585214763e+18,56f706876c2fdeba7e9bb0dbf5d3740e98e22d031454b01800bfd61ea3c74b3d,0.0,demand_noise_offset_v2,0.05905472440135938,0.014445581534117355,4.088082176676988,-2.977356619889595e-07,-4.950196171829605,0.4365959167480469,1.0,False,24000.0,0.0
0,2024,data/raw/sow_call_dataset_labeled/calm_grunt/164-0.wav,d61f937fb7139f1bd2472783afd2378a,calm_grunt,calm_grunt,64000,1.0,DEMAND,STRAFFIC,data/noise_sources/demand/audio/STRAFFIC/ch01.wav,5cd76b6a746746009de5d2b3e6955a3facbb7d1f9e5ba3450140372694dc33f1,DEMAND:STRAFFIC,1.0,3407.0,active_valid_region,0.0,True,zero_shot_frozen,False,4976001.0,6.189412990588895e+18,d5e53652703d3f335ba345998f1356cc8d1e5b37a6d785459d17e70407d077e5,0.0,demand_noise_offset_v2,1226.1967713311983,0.012610290973582221,97237.78570217012,-3.0441227408185065e-07,-3.0441227408185065e-07,15953.0703125,6.262117450941311e-05,True,0.0,0.0
0,2024,data/external/korea_raw/dry_cough/train_dry_05642.wav,88d7f4aa29a5020b78bb91ee3a01937f,cough,dry_cough,13056,0.204,DEMAND,STRAFFIC,data/noise_sources/demand/audio/STRAFFIC/ch01.wav,5cd76b6a746746009de5d2b3e6955a3facbb7d1f9e5ba3450140372694dc33f1,DEMAND:STRAFFIC,1.0,3407.0,active_valid_region,0.0,True,zero_shot_frozen,False,8434406.0,8.580082896444822e+18,771293ef61ff8f88f16f0e4058423db560fe373c37ebfc7f792d96089b6ad16b,0.0,demand_noise_offset_v2,0.060270272855776005,0.00850444542655085,7.0869139412209545,-1.5001367690352422e-07,-8.895572083699742,0.3799915015697479,1.0,False,25472.0,0.0
0,2024,data/raw/sow_call_dataset_labeled/feeding/386-1.wav,14e3565af5b36ce69c196167511c0621,feeding,feeding,64000,1.0,DEMAND,STRAFFIC,data/noise_sources/demand/audio/STRAFFIC/ch01.wav,5cd76b6a746746009de5d2b3e6955a3facbb7d1f9e5ba3450140372694dc33f1,DEMAND:STRAFFIC,1.0,3407.0,active_valid_region,0.0,True,zero_shot_frozen,False,2646951.0,4.2410001406687616e+17,05e2b4b73fb1bf1b4ecad6456fa81c5972b0f5e5edff0a89aa739fe60f8c569f,0.0,demand_noise_offset_v2,302.42735361492004,0.023221042163402855,13023.849295254962,-2.1006612772557015e-07,-2.1006612772557015e-07,2998.831787109375,0.00033312972214522013,True,0.0,0.0
0,2024,data/raw/sow_call_dataset_labeled/anxious_stress/1691-3.wav,ff6ed75be70451ec0c28fb565f81cd54,stress_vocal,anxious_stress,63988,0.9998125,DEMAND,STRAFFIC,data/noise_sources/demand/audio/STRAFFIC/ch01.wav,5cd76b6a746746009de5d2b3e6955a3facbb7d1f9e5ba3450140372694dc33f1,DEMAND:STRAFFIC,1.0,3407.0,active_valid_region,0.0,True,zero_shot_frozen,False,8906761.0,1.9428996974088896e+17,02b241b2b5d3bb7ab4e2f7d7a80a32de95880a77fc4d0557e7cff4059e160c85,0.0,demand_noise_offset_v2,496.3896603203642,0.007184286163742658,69093.80403379835,-7.894945532973008e-08,-0.001266548415445864,4063.02880859375,0.00024587568709505723,True,6.0,0.0
0,2024,data/external/korea_raw/abdominal_cough/train_abdominal_04314.wav,14cfa356c56f5fb97ab95f6e8f359b80,cough,abdominal_cough,20001,0.312515625,DEMAND,STRAFFIC,data/noise_sources/demand/audio/STRAFFIC/ch01.wav,5cd76b6a746746009de5d2b3e6955a3facbb7d1f9e5ba3450140372694dc33f1,DEMAND:STRAFFIC,1.0,3407.0,active_valid_region,0.0,True,zero_shot_frozen,False,3399054.0,7.386046038919683e+17,8a400cf95472e915b99815f906333c8bd97b320e60c32df4fef99d49da67fadb,0.0,demand_noise_offset_v2,0.041687123283452435,0.023169587220236137,1.7992173484663216,2.922093705170434e-08,-5.925669774476221,0.2372099608182907,1.0,False,21999.0,0.0
0,2024,data/external/korea_raw/dry_cough/train_dry_17215.wav,7de8d3e02d0b1fe49ade87fb918a2119,cough,dry_cough,13536,0.2115,DEMAND,STRAFFIC,data/noise_sources/demand/audio/STRAFFIC/ch01.wav,5cd76b6a746746009de5d2b3e6955a3facbb7d1f9e5ba3450140372694dc33f1,DEMAND:STRAFFIC,1.0,3407.0,active_valid_region,0.0,True,zero_shot_frozen,False,6330366.0,1.5478862477688701e+18,957b32575ef9cc937541dbc4b719cb6dc3c96380e1b011c5d15e42997e093621,0.0,demand_noise_offset_v2,0.3094046526918556,0.014409982407113886,21.471549648742766,-1.2419966976142788e-07,-6.711515949955058,1.6724648475646973,0.5973219714929494,True,25232.0,0.0
0,2024,data/external/korea_raw/dry_cough/train_dry_08205.wav,6704c14d5e967fb2463c9162bfcd787d,cough,dry_cough,22977,0.359015625,DEMAND,STRAFFIC,data/noise_sources/demand/audio/STRAFFIC/ch01.wav,5cd76b6a746746009de5d2b3e6955a3facbb7d1f9e5ba3450140372694dc33f1,DEMAND:STRAFFIC,1.0,3407.0,active_valid_region,0.0,True,zero_shot_frozen,False,6734035.0,2.5623352147060326e+18,238f3e4d4c06ffc5c443c851feaec8f2aff149d314f0c019ec4c2085eb2f6047,0.0,demand_noise_offset_v2,0.09645465766897002,0.011661210684287502,8.271410257507355,2.8861016437984785e-07,-5.692343299465762,0.6320684552192688,1.0,False,20511.0,0.0
0,2024,data/raw/sow_call_dataset_labeled/feeding/372-1.wav,a51ab823a33ac9f98b57ddd7d4c7dbac,feeding,feeding,64000,1.0,DEMAND,STRAFFIC,data/noise_sources/demand/audio/STRAFFIC/ch01.wav,5cd76b6a746746009de5d2b3e6955a3facbb7d1f9e5ba3450140372694dc33f1,DEMAND:STRAFFIC,1.0,3407.0,active_valid_region,0.0,True,zero_shot_frozen,False,8488578.0,6.950258491486825e+18,607447462236eddbe479322b0770755c4edc2af7427626c2a59aed3a00c734be,0.0,demand_noise_offset_v2,174.77702599599246,0.011513874730779333,15179.687992329096,-2.817490407151603e-07,-2.817490407151603e-07,2113.00830078125,0.0004727856486084963,True,0.0,0.0
0,2024,data/raw/sow_call_dataset_labeled/calm_grunt/234-0.wav,60811846bec973804cf5cb64ea03726f,calm_grunt,calm_grunt,64000,1.0,DEMAND,STRAFFIC,data/noise_sources/demand/audio/STRAFFIC/ch01.wav,5cd76b6a746746009de5d2b3e6955a3facbb7d1f9e5ba3450140372694dc33f1,DEMAND:STRAFFIC,1.0,3407.0,active_valid_region,0.0,True,zero_shot_frozen,False,8757404.0,4.5736088743750006e+18,bf78b90a0ab232a44f3110651ff851da933c0b2b077c66ad2303bddba6ecaac2,0.0,demand_noise_offset_v2,1365.608504954749,0.008388728049651744,162790.88997424845,-3.4970087805209424e-08,-3.4970087805209424e-08,17077.59375,5.849770258178205e-05,True,0.0,0.0
0,2024,data/raw/sow_call_dataset_labeled/anxious_stress/1358-3.wav,2d25df36b23419dad4eac8cb0c26741b,stress_vocal,anxious_stress,64000,1.0,DEMAND,STRAFFIC,data/noise_sources/demand/audio/STRAFFIC/ch01.wav,5cd76b6a746746009de5d2b3e6955a3facbb7d1f9e5ba3450140372694dc33f1,DEMAND:STRAFFIC,1.0,3407.0,active_valid_region,0.0,True,zero_shot_frozen,False,4875903.0,6.882431747873697e+18,5f834f35c2e1ebe77bcc4b893b67d2888ba4bf1dda0aa9193473f0a66e3d65f6,0.0,demand_noise_offset_v2,249.80913756039314,0.023569786823796422,10598.701610155505,3.544381905128945e-07,3.544381905128945e-07,2419.126953125,0.0004129588977170063,True,0.0,0.0
0,2024,data/external/korea_raw/abdominal_cough/train_abdominal_04310.wav,f720b0ab06424dff180f34747009278e,cough,abdominal_cough,12000,0.1875,DEMAND,STRAFFIC,data/noise_sources/demand/audio/STRAFFIC/ch01.wav,5cd76b6a746746009de5d2b3e6955a3facbb7d1f9e5ba3450140372694dc33f1,DEMAND:STRAFFIC,1.0,3407.0,active_valid_region,0.0,True,zero_shot_frozen,False,5232394.0,9.16435724519638e+18,ff2e565c12b5287d61d4f7cc965e8c01d40fa25ee52350b21c073f542c512ed1,0.0,demand_noise_offset_v2,0.048781646970011076,0.009531244060853544,5.118077625392647,-2.2497236456223192e-07,-8.011879073769602,0.25483328104019165,1.0,False,26000.0,0.0
0,2024,data/raw/sow_call_dataset_labeled/anxious_stress/1628-3.wav,b4bafd8c58512f0cbd5d3fc95eff2e5e,stress_vocal,anxious_stress,64000,1.0,DEMAND,STRAFFIC,data/noise_sources/demand/audio/STRAFFIC/ch01.wav,5cd76b6a746746009de5d2b3e6955a3facbb7d1f9e5ba3450140372694dc33f1,DEMAND:STRAFFIC,1.0,3407.0,active_valid_region,0.0,True,zero_shot_frozen,False,7927918.0,7.922591686680416e+18,edf2b329d10c8e87fde70b87609290cfe3851e7213dc952cf0e4610e753c5d71,0.0,demand_noise_offset_v2,716.2477665910692,0.016915583999040546,42342.47937474076,-2.2796674800172816e-07,-2.2796674800172816e-07,6858.7470703125,0.0001456534247084407,True,0.0,0.0
0,2024,data/external/korea_raw/dry_cough/train_dry_10991.wav,fed26a33f0b741bc95bbf8e3ae6cdaa1,cough,dry_cough,10016,0.1565,DEMAND,STRAFFIC,data/noise_sources/demand/audio/STRAFFIC/ch01.wav,5cd76b6a746746009de5d2b3e6955a3facbb7d1f9e5ba3450140372694dc33f1,DEMAND:STRAFFIC,1.0,3407.0,active_valid_region,0.0,True,zero_shot_frozen,False,3502336.0,8.938555917542676e+18,7c0c213f9e18d78af2456808648dcff78defd15bf37c4359a63702f3a55258a0,0.0,demand_noise_offset_v2,0.11561164243036151,0.018348494576197572,6.300878905909683,-1.3208424364720722e-07,-8.38144754696425,0.6609947085380554,1.0,False,26992.0,0.0
0,2024,data/raw/sow_call_dataset_labeled/anxious_stress/1697-3.wav,07cbbc074a5616ad1173d36f2d5a9c57,stress_vocal,anxious_stress,63996,0.9999375,DEMAND,STRAFFIC,data/noise_sources/demand/audio/STRAFFIC/ch01.wav,5cd76b6a746746009de5d2b3e6955a3facbb7d1f9e5ba3450140372694dc33f1,DEMAND:STRAFFIC,1.0,3407.0,active_valid_region,0.0,True,zero_shot_frozen,False,9389488.0,1.3489805696505444e+18,92b88aae4eecbf693979f2485c04874bb580be8c9fc086b6bc071388d533654f,0.0,demand_noise_offset_v2,485.1177626907367,0.02121732281891093,22864.230649229357,6.821540223894062e-08,-0.00011311654760751846,3351.690673828125,0.00029805853141542883,True,2.0,0.0
0,2024,data/raw/sow_call_dataset_labeled/feeding/407-1.wav,194745edca2b4ea2108f74e6798de76b,feeding,feeding,64000,1.0,DEMAND,STRAFFIC,data/noise_sources/demand/audio/STRAFFIC/ch01.wav,5cd76b6a746746009de5d2b3e6955a3facbb7d1f9e5ba3450140372694dc33f1,DEMAND:STRAFFIC,1.0,3407.0,active_valid_region,0.0,True,zero_shot_frozen,False,8331630.0,8.712049248740845e+18,f8e76aa220e822b70e507c69a4fa56dbc7960ef32cf4f5014b6074738adbd775,0.0,demand_noise_offset_v2,651.8142671797953,0.01293821664792823,50378.98845851904,2.613851831702777e-08,2.613851831702777e-08,5216.0576171875,0.00019152395800003857,True,0.0,0.0
0,2024,data/external/korea_raw/abdominal_cough/train_abdominal_00976.wav,482167f50b0581254cf3db0cbf02e6d8,cough,abdominal_cough,10113,0.158015625,DEMAND,STRAFFIC,data/noise_sources/demand/audio/STRAFFIC/ch01.wav,5cd76b6a746746009de5d2b3e6955a3facbb7d1f9e5ba3450140372694dc33f1,DEMAND:STRAFFIC,1.0,3407.0,active_valid_region,0.0,True,zero_shot_frozen,False,2986705.0,8.272918442096888e+18,f2cf4f7dc4f68880d1bf1702a94f31c18001575c820d65bc2f8f0095ca34685d,0.0,demand_noise_offset_v2,0.04119018243817605,0.014025338551788969,2.9368405109138798,-6.464742872991177e-08,-5.893323225952035,0.32437559962272644,1.0,False,26943.0,0.0
0,2024,data/raw/sow_call_dataset_labeled/calm_grunt/198-0.wav,d6f78c29d16485f14e15c559ba612000,calm_grunt,calm_grunt,64000,1.0,DEMAND,STRAFFIC,data/noise_sources/demand/audio/STRAFFIC/ch01.wav,5cd76b6a746746009de5d2b3e6955a3facbb7d1f9e5ba3450140372694dc33f1,DEMAND:STRAFFIC,1.0,3407.0,active_valid_region,0.0,True,zero_shot_frozen,False,1128201.0,8.838667536967278e+18,7aa9414bacb61b5a03c31994c5175e55088b166d169ed9b0422dbccb525b5581,0.0,demand_noise_offset_v2,885.5858411836019,0.016246632427690047,54508.88638769523,-5.472102938064552e-08,-5.472102938064552e-08,15851.521484375,6.302234148215514e-05,True,0.0,0.0
0,2024,data/raw/sow_call_dataset_labeled/anxious_stress/1471-3.wav,ed129f6416e1cbbabfb2990dc4759456,stress_vocal,anxious_stress,63998,0.99996875,DEMAND,STRAFFIC,data/noise_sources/demand/audio/STRAFFIC/ch01.wav,5cd76b6a746746009de5d2b3e6955a3facbb7d1f9e5ba3450140372694dc33f1,DEMAND:STRAFFIC,1.0,3407.0,active_valid_region,0.0,True,zero_shot_frozen,False,3223539.0,6.704429645897066e+18,5d0aeb3dc94ae938675e7296462c4ac30018768f570bcfdc16771a3df9140b87,0.0,demand_noise_offset_v2,3076.2518728593964,0.01705267313103771,180397.0467985037,-5.6487448599758465e-09,-0.00014731282796305592,22688.1484375,4.40317993666159e-05,True,1.0,0.0
0,2024,data/raw/sow_call_dataset_labeled/anxious_stress/1694-3.wav,4cadeb71267741745df4bb50bad5fc80,stress_vocal,anxious_stress,64000,1.0,DEMAND,STRAFFIC,data/noise_sources/demand/audio/STRAFFIC/ch01.wav,5cd76b6a746746009de5d2b3e6955a3facbb7d1f9e5ba3450140372694dc33f1,DEMAND:STRAFFIC,1.0,3407.0,active_valid_region,0.0,True,zero_shot_frozen,False,9477568.0,2.606909631787321e+18,242d9a7f843a46cce8ca617068dae9c67fd3702b680375487959f5d7d95354d7,0.0,demand_noise_offset_v2,825.0489726956336,0.0303562341686959,27178.897359621915,2.8352902476452427e-07,2.8352902476452427e-07,7417.36572265625,0.00013468393461422122,True,0.0,0.0
0,2024,data/raw/sow_call_dataset_labeled/calm_grunt/142-0.wav,c549a91a9505158b9f6442db3dcff4e4,calm_grunt,calm_grunt,64000,1.0,DEMAND,STRAFFIC,data/noise_sources/demand/audio/STRAFFIC/ch01.wav,5cd76b6a746746009de5d2b3e6955a3facbb7d1f9e5ba3450140372694dc33f1,DEMAND:STRAFFIC,1.0,3407.0,active_valid_region,0.0,True,zero_shot_frozen,False,6485772.0,3.681590523820869e+18,b317a31354c986e34bee4e93349e1225f1a54663fa7a37c38a84e4234d1afc71,0.0,demand_noise_offset_v2,1281.8327474401044,0.011690773680231331,109644.81757162373,-2.1175636141256097e-07,-2.1175636141256097e-07,14813.1484375,6.744008569245123e-05,True,0.0,0.0
0,2024,data/raw/sow_call_dataset_labeled/anxious_stress/1437-3.wav,9dcd542137ab5deb241d9b7b2ed7c5c9,stress_vocal,anxious_stress,64000,1.0,DEMAND,STRAFFIC,data/noise_sources/demand/audio/STRAFFIC/ch01.wav,5cd76b6a746746009de5d2b3e6955a3facbb7d1f9e5ba3450140372694dc33f1,DEMAND:STRAFFIC,1.0,3407.0,active_valid_region,0.0,True,zero_shot_frozen,False,5752156.0,1.5286187411929792e+17,821f13108a94cb783c47800f505c65c6d3b98d64582506e4be19af91f7b8fa30,0.0,demand_noise_offset_v2,3939.1785986192194,0.02818434433673624,139764.77691144255,-2.709961526648217e-07,-2.709961526648217e-07,27893.7890625,3.581442441403706e-05,True,0.0,0.0
0,2024,data/external/korea_raw/abdominal_cough/train_abdominal_14437.wav,12f71686d1214f4a37e7f533b384ea35,cough,abdominal_cough,17280,0.27,DEMAND,STRAFFIC,data/noise_sources/demand/audio/STRAFFIC/ch01.wav,5cd76b6a746746009de5d2b3e6955a3facbb7d1f9e5ba3450140372694dc33f1,DEMAND:STRAFFIC,1.0,3407.0,active_valid_region,0.0,True,zero_shot_frozen,False,2711298.0,9.075815886862353e+17,0c9860a57653e6983cb12d00f17ab695b12e0bf4b822792f124ad75d797ba159,0.0,demand_noise_offset_v2,0.05661227773846427,0.015813796004614286,3.5799296843051125,2.3281388954159234e-07,-6.277724183127295,0.33308902382850647,1.0,False,23360.0,0.0
0,2024,data/raw/sow_call_dataset_labeled/anxious_stress/1561-3.wav,5fb81c5b843c88128bdd4a3474a270e3,stress_vocal,anxious_stress,64000,1.0,DEMAND,STRAFFIC,data/noise_sources/demand/audio/STRAFFIC/ch01.wav,5cd76b6a746746009de5d2b3e6955a3facbb7d1f9e5ba3450140372694dc33f1,DEMAND:STRAFFIC,1.0,3407.0,active_valid_region,0.0,True,zero_shot_frozen,False,8968210.0,2.4565107214210368e+17,8368ba593db95474e77a34d0eb81365a86a4a806a8ad55ad2c33a6993ef84010,0.0,demand_noise_offset_v2,583.0942348172008,0.006601096092667317,88332.94147390434,-3.769615647560832e-07,-3.769615647560832e-07,4874.669921875,0.00020493695286259367,True,0.0,0.0
0,2024,data/raw/sow_call_dataset_labeled/calm_grunt/146-0.wav,e555283d4dcff3cbe68b58ea6baa9321,calm_grunt,calm_grunt,64000,1.0,DEMAND,STRAFFIC,data/noise_sources/demand/audio/STRAFFIC/ch01.wav,5cd76b6a746746009de5d2b3e6955a3facbb7d1f9e5ba3450140372694dc33f1,DEMAND:STRAFFIC,1.0,3407.0,active_valid_region,0.0,True,zero_shot_frozen,False,5639118.0,2.818272164507595e+17,03e9405c3495ab3850009fcdf0bbf6c7b20eb06a564829b539977d5123256b25,0.0,demand_noise_offset_v2,1034.7847744680178,0.03472802463296915,29796.822174724035,-3.042851333116437e-08,-3.042851333116437e-08,14463.017578125,6.907272252167941e-05,True,0.0,0.0
0,2024,data/raw/sow_call_dataset_labeled/feeding/385-1.wav,9fe1b1d16ab7b011126eec1b974d15be,feeding,feeding,64000,1.0,DEMAND,STRAFFIC,data/noise_sources/demand/audio/STRAFFIC/ch01.wav,5cd76b6a746746009de5d2b3e6955a3facbb7d1f9e5ba3450140372694dc33f1,DEMAND:STRAFFIC,1.0,3407.0,active_valid_region,0.0,True,zero_shot_frozen,False,3123037.0,7.619172072184477e+18,e9bcbca1ad21f2344e59e410bf92cafc667e561b6acb0ab2c59a78cb20341aef,0.0,demand_noise_offset_v2,652.0218966575002,0.012745207594998741,51158.20137079255,-3.022133151900987e-07,-3.022133151900987e-07,6095.23486328125,0.00016389852440603216,True,0.0,0.0
0,2024,data/raw/sow_call_dataset_labeled/feeding/347-1.wav,025adb61783547ff9a35c44600e53f23,feeding,feeding,64000,1.0,DEMAND,STRAFFIC,data/noise_sources/demand/audio/STRAFFIC/ch01.wav,5cd76b6a746746009de5d2b3e6955a3facbb7d1f9e5ba3450140372694dc33f1,DEMAND:STRAFFIC,1.0,3407.0,active_valid_region,0.0,True,zero_shot_frozen,False,4830558.0,3.6557370772167224e+18,32bbc980b7ba3ef8e3f12ecda5c77e9a1ba8327628f31db21ebfa07e90dd653b,0.0,demand_noise_offset_v2,352.84780930980054,0.021884758937689687,16122.992732724599,-2.2603750188546452e-07,-2.2603750188546452e-07,3726.639404296875,0.00026806993959440696,True,0.0,0.0
0,2024,data/raw/sow_call_dataset_labeled/calm_grunt/220-0.wav,3a8f7f2ee112f7bb25ecfbfa9daf8e5a,calm_grunt,calm_grunt,64000,1.0,DEMAND,STRAFFIC,data/noise_sources/demand/audio/STRAFFIC/ch01.wav,5cd76b6a746746009de5d2b3e6955a3facbb7d1f9e5ba3450140372694dc33f1,DEMAND:STRAFFIC,1.0,3407.0,active_valid_region,0.0,True,zero_shot_frozen,False,1015863.0,3.075599494047178e+18,aaaeb971d20d9d502d1315e763ac3b0885edbe2745771536dc62eace462abd1c,0.0,demand_noise_offset_v2,1629.5622357778977,0.0426731879544293,38187.02829322495,2.0909241615317337e-07,2.0909241615317337e-07,18688.134765625,5.3456378206216864e-05,True,0.0,0.0
0,2024,data/raw/sow_call_dataset_labeled/feeding/326-1.wav,68271e05998f6bb287503513fa9477b1,feeding,feeding,63986,0.99978125,DEMAND,STRAFFIC,data/noise_sources/demand/audio/STRAFFIC/ch01.wav,5cd76b6a746746009de5d2b3e6955a3facbb7d1f9e5ba3450140372694dc33f1,DEMAND:STRAFFIC,1.0,3407.0,active_valid_region,0.0,True,zero_shot_frozen,False,8741236.0,2.875683431377412e+18,27e87ad845ba20069a3a9c807e60dd690251c0b03a30bd89554ede5c6a0db453,0.0,demand_noise_offset_v2,1257.3880442340817,0.008693882082279001,144629.06585736343,2.0379513985267316e-07,-0.0004864202038444382,16074.0478515625,6.214987097371934e-05,True,7.0,0.0
0,2024,data/raw/sow_call_dataset_labeled/feeding/362-1.wav,b3e4cd2d5cf837b812811f490fed3fb1,feeding,feeding,63995,0.999921875,DEMAND,STRAFFIC,data/noise_sources/demand/audio/STRAFFIC/ch01.wav,5cd76b6a746746009de5d2b3e6955a3facbb7d1f9e5ba3450140372694dc33f1,DEMAND:STRAFFIC,1.0,3407.0,active_valid_region,0.0,True,zero_shot_frozen,False,1505508.0,6.862535559875716e+18,df3c9fbb80e0e3d6034c937ad55e2df0abdbe99b26649d3c6549b6c99556eea3,0.0,demand_noise_offset_v2,603.1509733220147,0.011427033070914566,52782.81506485054,-2.1585999918784387e-07,-0.0006234504977941541,6288.130859375,0.00015887073954744228,True,2.0,0.0
0,2024,data/raw/sow_call_dataset_labeled/anxious_stress/1272-3.wav,ff6f943b9956c3adcddfef8911c4d1af,stress_vocal,anxious_stress,64000,1.0,DEMAND,STRAFFIC,data/noise_sources/demand/audio/STRAFFIC/ch01.wav,5cd76b6a746746009de5d2b3e6955a3facbb7d1f9e5ba3450140372694dc33f1,DEMAND:STRAFFIC,1.0,3407.0,active_valid_region,0.0,True,zero_shot_frozen,False,1905793.0,5.547566185038508e+18,4cfcea0d933071544f270621dd1078581348450cab31ec0a700c65b8b76cfcde,0.0,demand_noise_offset_v2,425.3430541197819,0.010582461349002887,40193.20648497895,-1.1868330191480555e-07,-1.1868330191480555e-07,3472.4140625,0.00028769610479021035,True,0.0,0.0
0,2024,data/raw/sow_call_dataset_labeled/frightened_stress/934-2.wav,c1bbeae49e86333d4bd2c70e7d1857ff,stress_vocal,frightened_stress,63988,0.9998125,DEMAND,STRAFFIC,data/noise_sources/demand/audio/STRAFFIC/ch01.wav,5cd76b6a746746009de5d2b3e6955a3facbb7d1f9e5ba3450140372694dc33f1,DEMAND:STRAFFIC,1.0,3407.0,active_valid_region,0.0,True,zero_shot_frozen,False,6496467.0,4.967434014403003e+18,44efdeeae1af02c2de3b4b1f39d0f5f50b2bff8f6efe73331632fffd9e11fdee,0.0,demand_noise_offset_v2,165.8682129147972,0.011439496621138976,14499.607667027092,1.3565992057745702e-07,-7.512713346691992e-05,2361.556396484375,0.00042302610324580905,True,6.0,0.0
0,2024,data/raw/sow_call_dataset_labeled/feeding/417-1.wav,8f86c8ddfdba8a759f93ddcddf3c6ca4,feeding,feeding,64000,1.0,DEMAND,STRAFFIC,data/noise_sources/demand/audio/STRAFFIC/ch01.wav,5cd76b6a746746009de5d2b3e6955a3facbb7d1f9e5ba3450140372694dc33f1,DEMAND:STRAFFIC,1.0,3407.0,active_valid_region,0.0,True,zero_shot_frozen,False,9068237.0,1.058289184512135e+18,8eafcc68007bcf47851fb5880ba23e1ffff2713a377d0bf32090852e83037e0e,0.0,demand_noise_offset_v2,558.077182472185,0.007858662618339753,71014.26916709731,4.3640173982463043e-07,4.3640173982463043e-07,6115.7451171875,0.00016334886115388318,True,0.0,0.0
0,2024,data/raw/sow_call_dataset_labeled/frightened_stress/668-2.wav,cf12385bb9ae5881f1be95db8e682af9,stress_vocal,frightened_stress,63996,0.9999375,DEMAND,STRAFFIC,data/noise_sources/demand/audio/STRAFFIC/ch01.wav,5cd76b6a746746009de5d2b3e6955a3facbb7d1f9e5ba3450140372694dc33f1,DEMAND:STRAFFIC,1.0,3407.0,active_valid_region,0.0,True,zero_shot_frozen,False,922278.0,5.409567176748652e+18,4b12a4afa6b755493090bc05bc36b694d5c13d73ecb2f4778117982deddee249,0.0,demand_noise_offset_v2,125.29251777555456,0.02227898938788105,5623.797183713777,-2.777654231090727e-07,-0.00038525020160538084,1191.010009765625,0.0008387838824264709,True,2.0,0.0
0,2024,data/raw/sow_call_dataset_labeled/calm_grunt/151-0.wav,af2dea9baecdb955b1cd31003d1067a8,calm_grunt,calm_grunt,64000,1.0,DEMAND,STRAFFIC,data/noise_sources/demand/audio/STRAFFIC/ch01.wav,5cd76b6a746746009de5d2b3e6955a3facbb7d1f9e5ba3450140372694dc33f1,DEMAND:STRAFFIC,1.0,3407.0,active_valid_region,0.0,True,zero_shot_frozen,False,8015507.0,7.931282510958155e+18,ee11936c06edd30fac0889ce82a25e045c0d4ecca63195073b3da50cba022d40,0.0,demand_noise_offset_v2,1022.6523819253595,0.017087242444071463,59848.88347389112,9.717328596046635e-08,9.717328596046635e-08,10338.0634765625,9.663318495430409e-05,True,0.0,0.0
0,2024,data/raw/sow_call_dataset_labeled/anxious_stress/1777-3.wav,8c25af4b7b10e82ca566df1c08e21410,stress_vocal,anxious_stress,64000,1.0,DEMAND,STRAFFIC,data/noise_sources/demand/audio/STRAFFIC/ch01.wav,5cd76b6a746746009de5d2b3e6955a3facbb7d1f9e5ba3450140372694dc33f1,DEMAND:STRAFFIC,1.0,3407.0,active_valid_region,0.0,True,zero_shot_frozen,False,2933326.0,5.185239934354772e+18,c7f5ac3f6a62cebd136d73f3c3f89c6fd9fb34020d61cdf8146617dedbc76fda,0.0,demand_noise_offset_v2,367.3406052258028,0.006382635493212055,57553.12294058939,2.755533444856919e-07,2.755533444856919e-07,2529.0634765625,0.00039500787910544643,True,0.0,0.0
0,2024,data/external/korea_raw/abdominal_cough/train_abdominal_07806.wav,c3a126a94bddfdd955e8fad5c1655596,cough,abdominal_cough,21088,0.3295,DEMAND,STRAFFIC,data/noise_sources/demand/audio/STRAFFIC/ch01.wav,5cd76b6a746746009de5d2b3e6955a3facbb7d1f9e5ba3450140372694dc33f1,DEMAND:STRAFFIC,1.0,3407.0,active_valid_region,0.0,True,zero_shot_frozen,False,747963.0,8.280119438998434e+18,72e8e4c2834ef13574ba326e8dbd9d1b8e9061c68d5c2f89ef18ca4211c4bf1c,0.0,demand_noise_offset_v2,0.1663492143652448,0.00982865649218495,16.92491893449668,-9.921944723428476e-08,-6.141881417618199,1.160577654838562,0.8607782476554422,True,21456.0,0.0
0,2024,data/raw/sow_call_dataset_labeled/feeding/288-1.wav,afb9ba311c29eb6543ac849e5b6bf4ec,feeding,feeding,63984,0.99975,DEMAND,STRAFFIC,data/noise_sources/demand/audio/STRAFFIC/ch01.wav,5cd76b6a746746009de5d2b3e6955a3facbb7d1f9e5ba3450140372694dc33f1,DEMAND:STRAFFIC,1.0,3407.0,active_valid_region,0.0,True,zero_shot_frozen,False,1619183.0,8.222655090211517e+18,721cbd3d329d723fb5c5b518e97eff405cc16235d437d6884bff5f91f0a4a20e,0.0,demand_noise_offset_v2,693.5544062944717,0.016189702365748345,42839.231421683595,1.9185215081749358e-07,-0.0002880345209089573,8003.00830078125,0.00012482805995621396,True,8.0,0.0
0,2024,data/raw/sow_call_dataset_labeled/calm_grunt/0-0.wav,375a9f28f51a47761e2685a85bf05fd5,calm_grunt,calm_grunt,64000,1.0,DEMAND,STRAFFIC,data/noise_sources/demand/audio/STRAFFIC/ch01.wav,5cd76b6a746746009de5d2b3e6955a3facbb7d1f9e5ba3450140372694dc33f1,DEMAND:STRAFFIC,1.0,3407.0,active_valid_region,0.0,True,zero_shot_frozen,False,7863759.0,2.2680530256651246e+18,9f79be35ce8509019582058be8e356722b6f7f423f1b3b7d3a7c3ce8db88aebe,0.0,demand_noise_offset_v2,895.5736098104353,0.010279002742533985,87126.50752631846,-3.9142397184827286e-08,-3.9142397184827286e-08,13905.0458984375,7.184442304589997e-05,True,0.0,0.0
0,2024,data/external/korea_raw/dry_cough/train_dry_11727.wav,fc93924539d8087a01f3402a5a8c7d0b,cough,dry_cough,12000,0.1875,DEMAND,STRAFFIC,data/noise_sources/demand/audio/STRAFFIC/ch01.wav,5cd76b6a746746009de5d2b3e6955a3facbb7d1f9e5ba3450140372694dc33f1,DEMAND:STRAFFIC,1.0,3407.0,active_valid_region,0.0,True,zero_shot_frozen,False,4812555.0,5.76369914948251e+18,cffcc5d6cd2048a8313fd2d5087b1159a86aaeaa65fb9e0e1c7bf10773ddd459,0.0,demand_noise_offset_v2,0.0506836254697083,0.021138410839219125,2.3977027343830644,1.448281693135884e-07,-7.327746020961245,0.25780147314071655,1.0,False,26000.0,0.0
0,2024,data/external/korea_raw/dry_cough/train_dry_17197.wav,a81227276c0cb075353c856ae7e0af41,cough,dry_cough,11456,0.179,DEMAND,STRAFFIC,data/noise_sources/demand/audio/STRAFFIC/ch01.wav,5cd76b6a746746009de5d2b3e6955a3facbb7d1f9e5ba3450140372694dc33f1,DEMAND:STRAFFIC,1.0,3407.0,active_valid_region,0.0,True,zero_shot_frozen,False,8434243.0,8.310864306278752e+18,73561f0dc037e16b3da7407694f333ac16274c553dd79c3928d475c6427a55ad,0.0,demand_noise_offset_v2,0.16823038367116366,0.00858941644373925,19.585775677902465,1.2797352104066045e-07,-9.376921331947596,1.0967153310775757,0.9109018281147163,True,26272.0,0.0
0,2024,data/raw/sow_call_dataset_labeled/feeding/431-1.wav,91ae5382a6836df66540a8ba89013364,feeding,feeding,63754,0.99615625,DEMAND,STRAFFIC,data/noise_sources/demand/audio/STRAFFIC/ch01.wav,5cd76b6a746746009de5d2b3e6955a3facbb7d1f9e5ba3450140372694dc33f1,DEMAND:STRAFFIC,1.0,3407.0,active_valid_region,0.0,True,zero_shot_frozen,False,2071757.0,6.903817971832655e+18,5fcf49de0d0b0bb58253d10d618d815c4316f70264dd4f3a3e27ce28e94de2e8,0.0,demand_noise_offset_v2,756.5556176476762,0.011791231831621101,64162.559811502084,1.6638163419439013e-07,-0.013089847793922707,12489.919921875,7.99845000007037e-05,True,123.0,0.0
0,2024,data/external/korea_raw/abdominal_cough/train_abdominal_01313.wav,a01b0c33cc7f711409675f20113a2224,cough,abdominal_cough,15040,0.235,DEMAND,STRAFFIC,data/noise_sources/demand/audio/STRAFFIC/ch01.wav,5cd76b6a746746009de5d2b3e6955a3facbb7d1f9e5ba3450140372694dc33f1,DEMAND:STRAFFIC,1.0,3407.0,active_valid_region,0.0,True,zero_shot_frozen,False,2413045.0,1.5744242845430548e+18,15d97a8b8deff3f9732002cd8cd06934cb45f0befee1088470f8fc508beec35c,0.0,demand_noise_offset_v2,0.04692561887131154,0.019917393391087165,2.35601205187373,-2.0118372457876516e-07,-6.004051873029469,0.32200711965560913,1.0,False,24480.0,0.0
0,2024,data/raw/sow_call_dataset_labeled/calm_grunt/193-0.wav,ca1ead94c16e1fb25c9557ecd7dcc551,calm_grunt,calm_grunt,64000,1.0,DEMAND,STRAFFIC,data/noise_sources/demand/audio/STRAFFIC/ch01.wav,5cd76b6a746746009de5d2b3e6955a3facbb7d1f9e5ba3450140372694dc33f1,DEMAND:STRAFFIC,1.0,3407.0,active_valid_region,0.0,True,zero_shot_frozen,False,7072104.0,3.6526656328112755e+17,8511b00108b30866ab6176b42ee72e88247991fb37a2775a72e9bf93b9a4bcc2,0.0,demand_noise_offset_v2,1062.7202043558248,0.030347909354328004,35017.90492214803,-3.247512901822148e-07,-3.247512901822148e-07,15882.7490234375,6.289843140666757e-05,True,0.0,0.0
0,2024,data/external/korea_raw/abdominal_cough/train_abdominal_10313.wav,c13956b428478c5dd0c3458c16330570,cough,abdominal_cough,14016,0.219,DEMAND,STRAFFIC,data/noise_sources/demand/audio/STRAFFIC/ch01.wav,5cd76b6a746746009de5d2b3e6955a3facbb7d1f9e5ba3450140372694dc33f1,DEMAND:STRAFFIC,1.0,3407.0,active_valid_region,0.0,True,zero_shot_frozen,False,4556491.0,3.1967933918654577e+18,2c5d4aa70e74eb03c0f8651b3f68db15581fe472c3751804897cae681c790d49,0.0,demand_noise_offset_v2,0.2093419926545001,0.01668018657072775,12.550338796682093,2.749612359276407e-08,-6.021910403570482,1.159374475479126,0.8616715488644433,True,24992.0,0.0
0,2024,data/raw/sow_call_dataset_labeled/feeding/312-1.wav,293a15b43b9611cb2e3eba6d3f5372cc,feeding,feeding,64000,1.0,DEMAND,STRAFFIC,data/noise_sources/demand/audio/STRAFFIC/ch01.wav,5cd76b6a746746009de5d2b3e6955a3facbb7d1f9e5ba3450140372694dc33f1,DEMAND:STRAFFIC,1.0,3407.0,active_valid_region,0.0,True,zero_shot_frozen,False,6124783.0,7.450206284495864e+18,6764732492c240d8a70c42eaa2877970e267706f38dae4b58f70324762e26981,0.0,demand_noise_offset_v2,888.6756050769391,0.018668000233045247,47604.22080474618,-3.359485963438592e-07,-3.359485963438592e-07,10685.23828125,9.349346956099262e-05,True,0.0,0.0
0,2024,data/external/korea_raw/abdominal_cough/train_abdominal_11302.wav,3500df8d4dde9d30a7e33288debf2b46,cough,abdominal_cough,14017,0.219015625,DEMAND,STRAFFIC,data/noise_sources/demand/audio/STRAFFIC/ch01.wav,5cd76b6a746746009de5d2b3e6955a3facbb7d1f9e5ba3450140372694dc33f1,DEMAND:STRAFFIC,1.0,3407.0,active_valid_region,0.0,True,zero_shot_frozen,False,1663810.0,8.396042041326919e+18,7484bbc0a0895c2b379ffca144e9a484f7d1cc1d4fae8cef47143a5a1ef4eb28,0.0,demand_noise_offset_v2,0.05705357375906903,0.008953298097899862,6.372352750373837,2.0760134605898565e-07,-7.707977634569757,0.3242005705833435,1.0,False,24991.0,0.0
0,2024,data/raw/sow_call_dataset_labeled/frightened_stress/1063-2.wav,a7e2073c043365484b8a8e53a336da67,stress_vocal,frightened_stress,64000,1.0,DEMAND,STRAFFIC,data/noise_sources/demand/audio/STRAFFIC/ch01.wav,5cd76b6a746746009de5d2b3e6955a3facbb7d1f9e5ba3450140372694dc33f1,DEMAND:STRAFFIC,1.0,3407.0,active_valid_region,0.0,True,zero_shot_frozen,False,8103422.0,8.354049484273345e+18,f3ef8bbe8a25e146184ce1da467f0f188c068da85d7e98ee4412cb4f5b437271,0.0,demand_noise_offset_v2,170.68299385195073,0.013875405972155155,12301.117112859503,-4.6628889862764686e-08,-4.6628889862764686e-08,1565.755615234375,0.0006380306034224003,True,0.0,0.0
0,2024,data/raw/sow_call_dataset_labeled/anxious_stress/1422-3.wav,01f9891a3e4465b442eb23655620dc44,stress_vocal,anxious_stress,64000,1.0,DEMAND,STRAFFIC,data/noise_sources/demand/audio/STRAFFIC/ch01.wav,5cd76b6a746746009de5d2b3e6955a3facbb7d1f9e5ba3450140372694dc33f1,DEMAND:STRAFFIC,1.0,3407.0,active_valid_region,0.0,True,zero_shot_frozen,False,4733514.0,7.123429137969647e+18,62db810f37590ca70a736221b90f47f0708900ef3adc3923d3a8143f9a60daf6,0.0,demand_noise_offset_v2,354.3738632589609,0.013772992731014034,25729.619566340265,1.4148233300481423e-07,1.4148233300481423e-07,2397.36376953125,0.0004167077239994045,True,0.0,0.0
0,2024,data/raw/sow_call_dataset_labeled/calm_grunt/182-0.wav,5ec24f69341475ee529256c8a2d68016,calm_grunt,calm_grunt,64000,1.0,DEMAND,STRAFFIC,data/noise_sources/demand/audio/STRAFFIC/ch01.wav,5cd76b6a746746009de5d2b3e6955a3facbb7d1f9e5ba3450140372694dc33f1,DEMAND:STRAFFIC,1.0,3407.0,active_valid_region,0.0,True,zero_shot_frozen,False,9401757.0,3.880569778196409e+18,b5da8da733836a16c4f21b5fd099a2b9cdba6a1d8c564a0e17003e58aea0f409,0.0,demand_noise_offset_v2,935.2707237111393,0.025148807173141944,37189.46657279142,4.0273937240730073e-07,4.0273937240730073e-07,16929.9765625,5.900776036588208e-05,True,0.0,0.0
0,2024,data/external/korea_raw/dry_cough/train_dry_09239.wav,2f9ff30122974c3c0529764de066c3c9,cough,dry_cough,19360,0.3025,DEMAND,STRAFFIC,data/noise_sources/demand/audio/STRAFFIC/ch01.wav,5cd76b6a746746009de5d2b3e6955a3facbb7d1f9e5ba3450140372694dc33f1,DEMAND:STRAFFIC,1.0,3407.0,active_valid_region,0.0,True,zero_shot_frozen,False,3681666.0,6.872630529086116e+18,df607d0daeaed0a524e201a03c50902d8626ad578b10a1a36f8aec6674e8c4c3,0.0,demand_noise_offset_v2,0.09613606142838353,0.015156729996676917,6.342796991795801,2.5891479645928214e-07,-6.062560495600841,0.6354140043258667,1.0,False,22320.0,0.0
0,2024,data/external/korea_raw/abdominal_cough/train_abdominal_17672.wav,f15a33f36baf2b8e736629781a6abc75,cough,abdominal_cough,13920,0.2175,DEMAND,STRAFFIC,data/noise_sources/demand/audio/STRAFFIC/ch01.wav,5cd76b6a746746009de5d2b3e6955a3facbb7d1f9e5ba3450140372694dc33f1,DEMAND:STRAFFIC,1.0,3407.0,active_valid_region,0.0,True,zero_shot_frozen,False,8140288.0,2.951017566662882e+17,8418697bf2b01844da62ae5ea10b67a78fc7bb0f21daf4c185c1cf69f1abac1d,0.0,demand_noise_offset_v2,0.06527721364023754,0.015385605782333871,4.242745756243829,-2.452231801910144e-07,-6.440898930171497,0.33185940980911255,1.0,False,25040.0,0.0
0,2024,data/raw/sow_call_dataset_labeled/anxious_stress/1297-3.wav,15736b80e0e4f5e334117af31330abe5,stress_vocal,anxious_stress,63991,0.999859375,DEMAND,STRAFFIC,data/noise_sources/demand/audio/STRAFFIC/ch01.wav,5cd76b6a746746009de5d2b3e6955a3facbb7d1f9e5ba3450140372694dc33f1,DEMAND:STRAFFIC,1.0,3407.0,active_valid_region,0.0,True,zero_shot_frozen,False,244960.0,4.322030487490121e+18,3bfaefd44b41ce8b003763f67b7b2cb5312e17bb35ab8c1c4a9e8effb996d650,0.0,demand_noise_offset_v2,200.41826714700306,0.02443815567530174,8201.038974048048,-9.822256695411282e-08,-0.0008435538905407797,1490.490478515625,0.0006702491658953105,True,4.0,0.0
0,2024,data/external/korea_raw/abdominal_cough/train_abdominal_00790.wav,be383be0d5e164640f96e7b8c086be90,cough,abdominal_cough,13184,0.206,DEMAND,STRAFFIC,data/noise_sources/demand/audio/STRAFFIC/ch01.wav,5cd76b6a746746009de5d2b3e6955a3facbb7d1f9e5ba3450140372694dc33f1,DEMAND:STRAFFIC,1.0,3407.0,active_valid_region,0.0,True,zero_shot_frozen,False,488798.0,8.787057639544165e+18,f9f1e65e09e9953dd9bbdc18f795723d030f9c6f9666b02d2981adf776740e0e,0.0,demand_noise_offset_v2,0.0518932068304845,0.00880582049252214,5.893057537858279,2.762594423921674e-07,-5.550135403378318,0.334166556596756,1.0,False,25408.0,0.0
0,2024,data/raw/sow_call_dataset_labeled/feeding/444-1.wav,6e8f71772e6578a1413f49c0b64622ef,feeding,feeding,64000,1.0,DEMAND,STRAFFIC,data/noise_sources/demand/audio/STRAFFIC/ch01.wav,5cd76b6a746746009de5d2b3e6955a3facbb7d1f9e5ba3450140372694dc33f1,DEMAND:STRAFFIC,1.0,3407.0,active_valid_region,0.0,True,zero_shot_frozen,False,3140297.0,4.7678829449136557e+17,069de46d7e38e0cfdfec8cec2caeec657ab5d7e225da6db9fad82b73aad8a251,0.0,demand_noise_offset_v2,1206.573424250525,0.01438188634537155,83895.35247848975,1.0391915574248884e-07,1.0391915574248884e-07,17166.8046875,5.819370687705333e-05,True,0.0,0.0
0,2024,data/external/korea_raw/abdominal_cough/train_abdominal_08082.wav,d30dcaf230f9e2a911e1947f21cca67c,cough,abdominal_cough,16928,0.2645,DEMAND,STRAFFIC,data/noise_sources/demand/audio/STRAFFIC/ch01.wav,5cd76b6a746746009de5d2b3e6955a3facbb7d1f9e5ba3450140372694dc33f1,DEMAND:STRAFFIC,1.0,3407.0,active_valid_region,0.0,True,zero_shot_frozen,False,1166671.0,6.829164310810553e+18,5ec610c21aa36b4f7cc5aabbe2c914721f3542677395a9632b36aff17ee90718,0.0,demand_noise_offset_v2,0.07929913907403835,0.012112541656599078,6.54686203129259,-1.2331672380585157e-07,-5.628891869973355,0.4922972023487091,1.0,False,23536.0,0.0
0,2024,data/external/korea_raw/abdominal_cough/train_abdominal_02327.wav,f671afbd25fd76072e59a1ea9a30ef8f,cough,abdominal_cough,13536,0.2115,DEMAND,STRAFFIC,data/noise_sources/demand/audio/STRAFFIC/ch01.wav,5cd76b6a746746009de5d2b3e6955a3facbb7d1f9e5ba3450140372694dc33f1,DEMAND:STRAFFIC,1.0,3407.0,active_valid_region,0.0,True,zero_shot_frozen,False,2031113.0,4.3916376552515866e+18,bcf23b2df7800dd800a737506c2359fe383e9a43b3639120c87ab28750fa9b42,0.0,demand_noise_offset_v2,0.031630398778738876,0.009637087303582668,3.2821533916144983,5.997317200921441e-08,-7.104319407706434,0.2091335654258728,1.0,False,25232.0,0.0
0,2024,data/raw/sow_call_dataset_labeled/calm_grunt/66-0.wav,9a1f2c7d433b216204177eeaf261b0b5,calm_grunt,calm_grunt,64000,1.0,DEMAND,STRAFFIC,data/noise_sources/demand/audio/STRAFFIC/ch01.wav,5cd76b6a746746009de5d2b3e6955a3facbb7d1f9e5ba3450140372694dc33f1,DEMAND:STRAFFIC,1.0,3407.0,active_valid_region,0.0,True,zero_shot_frozen,False,7355741.0,9.196632558904125e+16,8146bae2c8086061ed4697c579ab00e9cdaf120b4f30d4be8cd393fdb859e8ca,0.0,demand_noise_offset_v2,922.061769499096,0.0071767599278565455,128478.83707522659,9.225497485280904e-08,9.225497485280904e-08,17029.193359375,5.866396481134706e-05,True,0.0,0.0
0,2024,data/raw/sow_call_dataset_labeled/calm_grunt/46-0.wav,937e8cf48f631aa7ec7153f60ad2f192,calm_grunt,calm_grunt,64000,1.0,DEMAND,STRAFFIC,data/noise_sources/demand/audio/STRAFFIC/ch01.wav,5cd76b6a746746009de5d2b3e6955a3facbb7d1f9e5ba3450140372694dc33f1,DEMAND:STRAFFIC,1.0,3407.0,active_valid_region,0.0,True,zero_shot_frozen,False,8742884.0,1.2917758701939371e+17,81caee54bb3baab74ed38e4ae88e05f4ba4ed664721ec34b2e323c2b60702f23,0.0,demand_noise_offset_v2,807.7225364948797,0.008589382081677477,94037.32757655301,-4.560846649773648e-08,-4.560846649773648e-08,13710.2021484375,7.286544641603642e-05,True,0.0,0.0
0,2024,data/raw/sow_call_dataset_labeled/feeding/492-1.wav,b998236fc8e1bd90177833e700992ddb,feeding,feeding,63988,0.9998125,DEMAND,STRAFFIC,data/noise_sources/demand/audio/STRAFFIC/ch01.wav,5cd76b6a746746009de5d2b3e6955a3facbb7d1f9e5ba3450140372694dc33f1,DEMAND:STRAFFIC,1.0,3407.0,active_valid_region,0.0,True,zero_shot_frozen,False,8023497.0,1.7560655840984937e+18,985ecc583e7ac5449fa6393e11ff1c813df6d6ce3f0fd38cd9c8d74bf61d26d1,0.0,demand_noise_offset_v2,253.67080108739273,0.0157167488238159,16140.157479834528,1.33466328278828e-07,-0.0001199859142405784,2773.93603515625,0.00036013808081329044,True,6.0,0.0
0,2024,data/raw/sow_call_dataset_labeled/calm_grunt/13-0.wav,1e6abaca4ee7e6ae5e9ddcd4c3bc70ee,calm_grunt,calm_grunt,64000,1.0,DEMAND,STRAFFIC,data/noise_sources/demand/audio/STRAFFIC/ch01.wav,5cd76b6a746746009de5d2b3e6955a3facbb7d1f9e5ba3450140372694dc33f1,DEMAND:STRAFFIC,1.0,3407.0,active_valid_region,0.0,True,zero_shot_frozen,False,8443585.0,6.162600584792653e+18,d585f494bd2e3d3ac71c219f4b996f6096ed1c408717ed6428f449b55341542c,0.0,demand_noise_offset_v2,1594.4521304256807,0.01135362987346964,140435.450881791,-1.4057786845563287e-07,-1.4057786845563287e-07,18944.8046875,5.2732135088157e-05,True,0.0,0.0
0,2024,data/raw/sow_call_dataset_labeled/frightened_stress/1096-2.wav,9ea43ffa0a9fefd061e5e02543126bec,stress_vocal,frightened_stress,63990,0.99984375,DEMAND,STRAFFIC,data/noise_sources/demand/audio/STRAFFIC/ch01.wav,5cd76b6a746746009de5d2b3e6955a3facbb7d1f9e5ba3450140372694dc33f1,DEMAND:STRAFFIC,1.0,3407.0,active_valid_region,0.0,True,zero_shot_frozen,False,6954848.0,5.676416369119473e+18,cec6ae9cde942ba5625201cede2b06ea1481a8f7bf63809304befbc6ee2d8457,0.0,demand_noise_offset_v2,236.52666961097475,0.012316082454496639,19204.700072839976,3.863391485040134e-07,-0.001589768424362743,2465.54345703125,0.0004051845028936912,True,5.0,0.0
0,2024,data/raw/sow_call_dataset_labeled/feeding/355-1.wav,92852d0b9cb15d83bc32ce24b43cd421,feeding,feeding,64000,1.0,DEMAND,STRAFFIC,data/noise_sources/demand/audio/STRAFFIC/ch01.wav,5cd76b6a746746009de5d2b3e6955a3facbb7d1f9e5ba3450140372694dc33f1,DEMAND:STRAFFIC,1.0,3407.0,active_valid_region,0.0,True,zero_shot_frozen,False,3697991.0,3.521444717329915e+17,84e31188034335eae01b72ec9422db91cb3db6cf33e7e87e9064259c0f0df160,0.0,demand_noise_offset_v2,726.071745247488,0.01733790714821313,41877.70409892396,2.051277613052283e-07,2.051277613052283e-07,6469.70263671875,0.00015441204273132785,True,0.0,0.0
0,2024,data/external/korea_raw/dry_cough/train_dry_14835.wav,2a6f1b93023cf43370fb4ddc4a25c557,cough,dry_cough,18272,0.2855,DEMAND,STRAFFIC,data/noise_sources/demand/audio/STRAFFIC/ch01.wav,5cd76b6a746746009de5d2b3e6955a3facbb7d1f9e5ba3450140372694dc33f1,DEMAND:STRAFFIC,1.0,3407.0,active_valid_region,0.0,True,zero_shot_frozen,False,3330780.0,2.5686389448223e+18,23a5a382d65e0ef4fbb3333171a7210cdb71c4a85c20994b2b50cde34cca371a,0.0,demand_noise_offset_v2,0.06389787947538701,0.01753877851722576,3.64323430007566,1.0970784566004345e-07,-6.524617394307439,0.46078670024871826,1.0,False,22864.0,0.0
0,2024,data/raw/sow_call_dataset_labeled/feeding/480-1.wav,314c5b727c3e60e13838edeb09727eb6,feeding,feeding,64000,1.0,DEMAND,STRAFFIC,data/noise_sources/demand/audio/STRAFFIC/ch01.wav,5cd76b6a746746009de5d2b3e6955a3facbb7d1f9e5ba3450140372694dc33f1,DEMAND:STRAFFIC,1.0,3407.0,active_valid_region,0.0,True,zero_shot_frozen,False,6607614.0,2.7153004020394854e+18,25aeaf545209f4de8ba4f163396d1d6e46ca9e7f2cf06dc05946d18cc2ae338c,0.0,demand_noise_offset_v2,388.98274525887217,0.010969443188286672,35460.57339302632,-2.0191124216623828e-07,-2.0191124216623828e-07,4277.1904296875,0.0002335645364457128,True,0.0,0.0
0,2024,data/raw/sow_call_dataset_labeled/feeding/475-1.wav,fff1ba8bfd4f7a2c0c937a21d2533e26,feeding,feeding,64000,1.0,DEMAND,STRAFFIC,data/noise_sources/demand/audio/STRAFFIC/ch01.wav,5cd76b6a746746009de5d2b3e6955a3facbb7d1f9e5ba3450140372694dc33f1,DEMAND:STRAFFIC,1.0,3407.0,active_valid_region,0.0,True,zero_shot_frozen,False,2338284.0,6.140893318097112e+18,5538d5efdcbf8a53e44d7c09c94a85964cad3c50db6aa33e78da4b45b3643658,0.0,demand_noise_offset_v2,268.59140350268495,0.021096593679453244,12731.505738970367,-7.937297349198814e-08,-7.937297349198814e-08,2250.701416015625,0.0004438616303749927,True,0.0,0.0
0,2024,data/raw/sow_call_dataset_labeled/feeding/343-1.wav,04444d7ef6c62b6da94486d0aced7cd9,feeding,feeding,64000,1.0,DEMAND,STRAFFIC,data/noise_sources/demand/audio/STRAFFIC/ch01.wav,5cd76b6a746746009de5d2b3e6955a3facbb7d1f9e5ba3450140372694dc33f1,DEMAND:STRAFFIC,1.0,3407.0,active_valid_region,0.0,True,zero_shot_frozen,False,6805150.0,1.075426912045212e+18,0eecaf142259a162b902440a6b32b7f7f8412035f2ccb280d749bf733c22c39b,0.0,demand_noise_offset_v2,908.7684383478191,0.02174718830449277,41787.858992331254,-8.589742611323105e-08,-8.589742611323105e-08,11329.6318359375,8.817585729760257e-05,True,0.0,0.0
0,2024,data/raw/sow_call_dataset_labeled/feeding/389-1.wav,43ae73622c7a2432d7d3632134dda63a,feeding,feeding,63990,0.99984375,DEMAND,STRAFFIC,data/noise_sources/demand/audio/STRAFFIC/ch01.wav,5cd76b6a746746009de5d2b3e6955a3facbb7d1f9e5ba3450140372694dc33f1,DEMAND:STRAFFIC,1.0,3407.0,active_valid_region,0.0,True,zero_shot_frozen,False,4061905.0,6.554432244436109e+18,5af6056641fb098a53f76879a79c62b20ef2c02ca6ade1fd2e75b559366e8c4f,0.0,demand_noise_offset_v2,1134.1709979160391,0.014532550485391465,78043.49271355639,6.118551291978019e-08,-0.0010580328945745412,14560.1689453125,6.861184123290122e-05,True,5.0,0.0
0,2024,data/raw/sow_call_dataset_labeled/feeding/427-1.wav,fb79ad436b991a7f85596c6e029a1a41,feeding,feeding,63986,0.99978125,DEMAND,STRAFFIC,data/noise_sources/demand/audio/STRAFFIC/ch01.wav,5cd76b6a746746009de5d2b3e6955a3facbb7d1f9e5ba3450140372694dc33f1,DEMAND:STRAFFIC,1.0,3407.0,active_valid_region,0.0,True,zero_shot_frozen,False,8545194.0,6.552427788221628e+18,daeee65b6d593fbe51d798e5a67a6c0a58c98a364065a2aa58d72c1a1213b989,0.0,demand_noise_offset_v2,645.1817983714217,0.010729256768254508,60132.94418308373,-1.6059986826215537e-07,-0.0001928894117816936,4386.52685546875,0.00022774282089588292,True,7.0,0.0
0,2024,data/raw/sow_call_dataset_labeled/anxious_stress/1334-3.wav,11d045bea6c3d64015b13638a7d53109,stress_vocal,anxious_stress,63997,0.999953125,DEMAND,STRAFFIC,data/noise_sources/demand/audio/STRAFFIC/ch01.wav,5cd76b6a746746009de5d2b3e6955a3facbb7d1f9e5ba3450140372694dc33f1,DEMAND:STRAFFIC,1.0,3407.0,active_valid_region,0.0,True,zero_shot_frozen,False,6081687.0,2.0070436525705748e+18,1bda7391782befae9041759165261488ab11a247ed8c5b91ff8f710a4a6ec9b9,0.0,demand_noise_offset_v2,3811.8301009912243,0.015503640736442453,245866.77192739872,2.1681730192641498e-07,-9.058968312782864e-06,29314.9140625,3.407821690591047e-05,True,1.0,0.0
0,2024,data/raw/sow_call_dataset_labeled/anxious_stress/1383-3.wav,b3b31954241bce03f5720874592aee72,stress_vocal,anxious_stress,63992,0.999875,DEMAND,STRAFFIC,data/noise_sources/demand/audio/STRAFFIC/ch01.wav,5cd76b6a746746009de5d2b3e6955a3facbb7d1f9e5ba3450140372694dc33f1,DEMAND:STRAFFIC,1.0,3407.0,active_valid_region,0.0,True,zero_shot_frozen,False,7835346.0,1.377310571362685e+18,131d30aad776901699779050bdfceb8370634d089f3822949c4142e790b6276b,0.0,demand_noise_offset_v2,1199.8548664566226,0.00994719192557771,120622.47068656393,1.3985305741739504e-07,-0.0016521812449893604,8192.77734375,0.00012193667154424796,True,4.0,0.0
0,2024,data/raw/sow_call_dataset_labeled/frightened_stress/571-2.wav,08169455610f31ed96247239437ecadf,stress_vocal,frightened_stress,64000,1.0,DEMAND,STRAFFIC,data/noise_sources/demand/audio/STRAFFIC/ch01.wav,5cd76b6a746746009de5d2b3e6955a3facbb7d1f9e5ba3450140372694dc33f1,DEMAND:STRAFFIC,1.0,3407.0,active_valid_region,0.0,True,zero_shot_frozen,False,5336403.0,3.4407809451618473e+18,2fc01c0a224e013a164ca1a6fa1a311b5a0f5234106e04748e4e91aa8da5d7ac,0.0,demand_noise_offset_v2,82.93683624858953,0.015197283902338134,5457.34598245082,-3.33029451627617e-07,-3.33029451627617e-07,971.6470947265625,0.0010281510698914146,True,0.0,0.0
0,2024,data/external/korea_raw/abdominal_cough/train_abdominal_06751.wav,1d8dba5e198d447b4483b7ae2ad71b2f,cough,abdominal_cough,10976,0.1715,DEMAND,STRAFFIC,data/noise_sources/demand/audio/STRAFFIC/ch01.wav,5cd76b6a746746009de5d2b3e6955a3facbb7d1f9e5ba3450140372694dc33f1,DEMAND:STRAFFIC,1.0,3407.0,active_valid_region,0.0,True,zero_shot_frozen,False,3873417.0,8.929588971169514e+18,7bec45dbb8ce034b3ff2680131d410be28927e67262e4d5a8f50b948b7a3e3b9,0.0,demand_noise_offset_v2,0.0590139803387406,0.015377131309515728,3.837775665102201,-9.47830413169676e-08,-7.832549746001609,0.3207646906375885,1.0,False,26512.0,0.0
0,2024,data/raw/sow_call_dataset_labeled/calm_grunt/133-0.wav,4d295214452277e46a9aa9d386bf4466,calm_grunt,calm_grunt,64000,1.0,DEMAND,STRAFFIC,data/noise_sources/demand/audio/STRAFFIC/ch01.wav,5cd76b6a746746009de5d2b3e6955a3facbb7d1f9e5ba3450140372694dc33f1,DEMAND:STRAFFIC,1.0,3407.0,active_valid_region,0.0,True,zero_shot_frozen,False,3036438.0,7.801522895892819e+18,ec4493bd54c4ad34c73ce65ede1c5c867df6508816ea627e0ca35f651db541da,0.0,demand_noise_offset_v2,1228.2898693684476,0.010690497951910368,114895.47773113365,8.667272814560517e-08,8.667272814560517e-08,17111.734375,5.838099038397445e-05,True,0.0,0.0
0,2024,data/raw/sow_call_dataset_labeled/calm_grunt/134-0.wav,f5e6656b16432a15c846dda524aab2f7,calm_grunt,calm_grunt,64000,1.0,DEMAND,STRAFFIC,data/noise_sources/demand/audio/STRAFFIC/ch01.wav,5cd76b6a746746009de5d2b3e6955a3facbb7d1f9e5ba3450140372694dc33f1,DEMAND:STRAFFIC,1.0,3407.0,active_valid_region,0.0,True,zero_shot_frozen,False,8723903.0,5.235302507044108e+18,48a787e470137998915db221da07540fdd69ffee5006e53b97ef28b87beb8c14,0.0,demand_noise_offset_v2,1263.1512551834044,0.00893285483053721,141405.10275229,-4.07613326048442e-07,-4.07613326048442e-07,16763.060546875,5.959532253710289e-05,True,0.0,0.0
0,2024,data/raw/sow_call_dataset_labeled/anxious_stress/1682-3.wav,22f617734eec4c14399d7edd05952a94,stress_vocal,anxious_stress,64000,1.0,DEMAND,STRAFFIC,data/noise_sources/demand/audio/STRAFFIC/ch01.wav,5cd76b6a746746009de5d2b3e6955a3facbb7d1f9e5ba3450140372694dc33f1,DEMAND:STRAFFIC,1.0,3407.0,active_valid_region,0.0,True,zero_shot_frozen,False,6217076.0,3.3808056981729843e+18,2eeb08dec6379b0d04d0daa90cc41a0f0601a2c820a29c5a90be826a794303ac,0.0,demand_noise_offset_v2,3713.545213927236,0.01648737266612862,225235.71760807472,-4.4410208610827585e-08,-4.4410208610827585e-08,29573.705078125,3.3780008198530984e-05,True,0.0,0.0
0,2024,data/raw/sow_call_dataset_labeled/anxious_stress/1376-3.wav,7955ec6fe3a43547095c229605227135,stress_vocal,anxious_stress,64000,1.0,DEMAND,STRAFFIC,data/noise_sources/demand/audio/STRAFFIC/ch01.wav,5cd76b6a746746009de5d2b3e6955a3facbb7d1f9e5ba3450140372694dc33f1,DEMAND:STRAFFIC,1.0,3407.0,active_valid_region,0.0,True,zero_shot_frozen,False,973633.0,5.320632947519834e+18,c9d6af79d128c70713533fa7441e5c7f31d8d8ffb5a442e999e6e0a3526cde2b,0.0,demand_noise_offset_v2,430.83975926257386,0.03579908152073435,12034.938913531545,3.1635533811873987e-07,3.1635533811873987e-07,3996.2041015625,0.00024998723153539504,True,0.0,0.0
0,2024,data/raw/sow_call_dataset_labeled/anxious_stress/1494-3.wav,c96e034455453c8a80062c77d5b0ffd8,stress_vocal,anxious_stress,64000,1.0,DEMAND,STRAFFIC,data/noise_sources/demand/audio/STRAFFIC/ch01.wav,5cd76b6a746746009de5d2b3e6955a3facbb7d1f9e5ba3450140372694dc33f1,DEMAND:STRAFFIC,1.0,3407.0,active_valid_region,0.0,True,zero_shot_frozen,False,244698.0,1.5698118841202004e+18,15c91797652bd57ba079156dc9c2a941ec1033f50dbe00df56160e643b9601b1,0.0,demand_noise_offset_v2,3764.493110548208,0.024367833510487102,154486.16344691027,4.0606033861123807e-07,4.0606033861123807e-07,25204.392578125,3.9635948253997455e-05,True,0.0,0.0
0,2024,data/raw/sow_call_dataset_labeled/calm_grunt/163-0.wav,5695337a3756b87cd039848c7ee34d5d,calm_grunt,calm_grunt,64000,1.0,DEMAND,STRAFFIC,data/noise_sources/demand/audio/STRAFFIC/ch01.wav,5cd76b6a746746009de5d2b3e6955a3facbb7d1f9e5ba3450140372694dc33f1,DEMAND:STRAFFIC,1.0,3407.0,active_valid_region,0.0,True,zero_shot_frozen,False,6862012.0,1.619811385492079e+18,967ab9df7b63819ab637c8a69981cfefa561a13708d65a85e9422e48ec56b225,0.0,demand_noise_offset_v2,1012.4039790838016,0.01208429382390126,83778.49743121852,-2.626852687536286e-07,-2.626852687536286e-07,16454.2890625,6.0713653212569484e-05,True,0.0,0.0
0,2024,data/raw/sow_call_dataset_labeled/calm_grunt/200-0.wav,9f56e233d86a50f8c07037764ffc404c,calm_grunt,calm_grunt,64000,1.0,DEMAND,STRAFFIC,data/noise_sources/demand/audio/STRAFFIC/ch01.wav,5cd76b6a746746009de5d2b3e6955a3facbb7d1f9e5ba3450140372694dc33f1,DEMAND:STRAFFIC,1.0,3407.0,active_valid_region,0.0,True,zero_shot_frozen,False,6607768.0,3.2831126159060833e+18,ad8ff5878caf8191005c052c971fba2057ddb2872b27023d9519327fed8baa20,0.0,demand_noise_offset_v2,1501.611902094328,0.011006595990249037,136428.36562954032,4.0025307208772723e-07,4.0025307208772723e-07,18312.43359375,5.455309884869463e-05,True,0.0,0.0
0,2024,data/raw/sow_call_dataset_labeled/calm_grunt/181-0.wav,66d65c98af61f5b9edb344b18a179881,calm_grunt,calm_grunt,64000,1.0,DEMAND,STRAFFIC,data/noise_sources/demand/audio/STRAFFIC/ch01.wav,5cd76b6a746746009de5d2b3e6955a3facbb7d1f9e5ba3450140372694dc33f1,DEMAND:STRAFFIC,1.0,3407.0,active_valid_region,0.0,True,zero_shot_frozen,False,4792296.0,1.3640535946936453e+18,12ee17846e4f33d0672fd9d6bc887db585b7fdc4015f9d31374cfd09aef6c1de,0.0,demand_noise_offset_v2,1080.7881855900323,0.019866061945439353,54403.745873658096,-2.8384349318538516e-08,-2.8384349318538516e-08,14712.9140625,6.789953341372615e-05,True,0.0,0.0
0,2024,data/raw/sow_call_dataset_labeled/feeding/489-1.wav,cc82b9acc5ec838472efea0356add029,feeding,feeding,63988,0.9998125,DEMAND,STRAFFIC,data/noise_sources/demand/audio/STRAFFIC/ch01.wav,5cd76b6a746746009de5d2b3e6955a3facbb7d1f9e5ba3450140372694dc33f1,DEMAND:STRAFFIC,1.0,3407.0,active_valid_region,0.0,True,zero_shot_frozen,False,2120268.0,3.0111186612955884e+18,29c9a4780712c3ceeb82d934948ab4e84fb46499cdc7f440a9a859d43f324f4d,0.0,demand_noise_offset_v2,111.61931926581481,0.01045709493647694,10674.027532872342,1.5592588490245296e-07,-0.0004012830459836991,1262.651123046875,0.000791192421853897,True,6.0,0.0
0,2024,data/external/korea_raw/dry_cough/train_dry_17231.wav,414bbf0cced84b1b83253974ff72e055,cough,dry_cough,20064,0.3135,DEMAND,STRAFFIC,data/noise_sources/demand/audio/STRAFFIC/ch01.wav,5cd76b6a746746009de5d2b3e6955a3facbb7d1f9e5ba3450140372694dc33f1,DEMAND:STRAFFIC,1.0,3407.0,active_valid_region,0.0,True,zero_shot_frozen,False,6404145.0,7.071840031646838e+17,09d06c1aa3783dcab0fd9af4805f13d5dab7309645940110f34d8dccb6f60629,0.0,demand_noise_offset_v2,0.15677584411372072,0.01664065383301101,9.421255059264293,-4.7065146789348996e-08,-5.500794168976543,1.1195447444915771,0.8923269971256749,True,21968.0,0.0
0,2024,data/raw/sow_call_dataset_labeled/feeding/406-1.wav,bf2cba2c96bb0cc4a444e2aed3985121,feeding,feeding,64000,1.0,DEMAND,STRAFFIC,data/noise_sources/demand/audio/STRAFFIC/ch01.wav,5cd76b6a746746009de5d2b3e6955a3facbb7d1f9e5ba3450140372694dc33f1,DEMAND:STRAFFIC,1.0,3407.0,active_valid_region,0.0,True,zero_shot_frozen,False,3319771.0,1.8447264190841585e+18,1999c8e7854a25b591a931dd54cff173f0fc0adae3f03f2118153936637a79fe,0.0,demand_noise_offset_v2,527.5342874146062,0.019462612214046753,27105.009420773888,-1.1160635519775139e-07,-1.1160635519775139e-07,4957.3466796875,0.0002015190916732446,True,0.0,0.0
0,2024,data/raw/sow_call_dataset_labeled/calm_grunt/255-0.wav,7fe4de8d725fb04b3437a3a1c91ff7ab,calm_grunt,calm_grunt,64000,1.0,DEMAND,STRAFFIC,data/noise_sources/demand/audio/STRAFFIC/ch01.wav,5cd76b6a746746009de5d2b3e6955a3facbb7d1f9e5ba3450140372694dc33f1,DEMAND:STRAFFIC,1.0,3407.0,active_valid_region,0.0,True,zero_shot_frozen,False,7140499.0,6.161346149495319e+18,55817fadc2e3a8423de91ae56d24baea97735f834c6f9861caa8823d1040d9a1,0.0,demand_noise_offset_v2,1961.689035486129,0.012313101219179381,159317.21834873923,-2.4905496506194704e-08,-2.4905496506194704e-08,17500.12109375,5.708531927569251e-05,True,0.0,0.0
0,2024,data/raw/sow_call_dataset_labeled/anxious_stress/1359-3.wav,18b5dc855acc6b3ee7d7d2daae3afaa4,stress_vocal,anxious_stress,64000,1.0,DEMAND,STRAFFIC,data/noise_sources/demand/audio/STRAFFIC/ch01.wav,5cd76b6a746746009de5d2b3e6955a3facbb7d1f9e5ba3450140372694dc33f1,DEMAND:STRAFFIC,1.0,3407.0,active_valid_region,0.0,True,zero_shot_frozen,False,6904010.0,3.936664244122927e+18,36a1d745ceedbf45f092c349f7d9afdd5e3d06fed321edbae878ed8a0a6cb785,0.0,demand_noise_offset_v2,665.4457462232906,0.013375475548592662,49751.18408356758,8.588806067982998e-08,8.588806067982998e-08,6567.7900390625,0.00015210595863423784,True,0.0,0.0
0,2024,data/raw/sow_call_dataset_labeled/feeding/298-1.wav,a386793de4da5cae07e7e1b426e07f80,feeding,feeding,63997,0.999953125,DEMAND,STRAFFIC,data/noise_sources/demand/audio/STRAFFIC/ch01.wav,5cd76b6a746746009de5d2b3e6955a3facbb7d1f9e5ba3450140372694dc33f1,DEMAND:STRAFFIC,1.0,3407.0,active_valid_region,0.0,True,zero_shot_frozen,False,2358558.0,3.9264820617941903e+18,b67daaa1be2fa31de34cf784850013a41a70fcad0e2c138a01340733a61c7047,0.0,demand_noise_offset_v2,222.9550765863742,0.021952036909995254,10156.464181456335,2.69362082689661e-07,-8.797408128196825e-05,3220.489013671875,0.0003102013376723119,True,1.0,0.0
0,2024,data/raw/sow_call_dataset_labeled/frightened_stress/1038-2.wav,eea3389ab552c4f66b61093bf5aacc49,stress_vocal,frightened_stress,64000,1.0,DEMAND,STRAFFIC,data/noise_sources/demand/audio/STRAFFIC/ch01.wav,5cd76b6a746746009de5d2b3e6955a3facbb7d1f9e5ba3450140372694dc33f1,DEMAND:STRAFFIC,1.0,3407.0,active_valid_region,0.0,True,zero_shot_frozen,False,2686805.0,8.091738075699985e+18,704ba0e87199bc6ed6e07a14bb0e3e3c38397f3617fe62d1f9780a361d867836,0.0,demand_noise_offset_v2,352.08993383815,0.018132415293449975,19417.707356688243,1.5010886500387753e-07,1.5010886500387753e-07,6621.40234375,0.00015087438402575928,True,0.0,0.0
0,2024,data/raw/sow_call_dataset_labeled/calm_grunt/148-0.wav,00e146b24fd459e3f6e2e9469eebe4c4,calm_grunt,calm_grunt,64000,1.0,DEMAND,STRAFFIC,data/noise_sources/demand/audio/STRAFFIC/ch01.wav,5cd76b6a746746009de5d2b3e6955a3facbb7d1f9e5ba3450140372694dc33f1,DEMAND:STRAFFIC,1.0,3407.0,active_valid_region,0.0,True,zero_shot_frozen,False,7157294.0,1.307286557899767e+18,92246a32b7423ccfb448a6000d3b7993f0c5b1c08936d7b1bdc8e1c15eb68dcc,0.0,demand_noise_offset_v2,997.9479044483013,0.01195893553074825,83447.88730421908,-3.38290895777344e-07,-3.38290895777344e-07,10599.884765625,9.42463075862595e-05,True,0.0,0.0
0,2024,data/raw/sow_call_dataset_labeled/calm_grunt/31-0.wav,ad1b03b3649c921981340ffcfafbe1d5,calm_grunt,calm_grunt,64000,1.0,DEMAND,STRAFFIC,data/noise_sources/demand/audio/STRAFFIC/ch01.wav,5cd76b6a746746009de5d2b3e6955a3facbb7d1f9e5ba3450140372694dc33f1,DEMAND:STRAFFIC,1.0,3407.0,active_valid_region,0.0,True,zero_shot_frozen,False,3715748.0,5.963661781472968e+18,d2c32ecb1d44fb4d075d6496d157ddd2c74a256b492ac6571f50d7b729a5a6ef,0.0,demand_noise_offset_v2,888.4460887560168,0.01760440703956527,50467.25440733484,9.176392195414742e-08,9.176392195414742e-08,23181.275390625,4.3095126698853543e-05,True,0.0,0.0
0,2024,data/raw/sow_call_dataset_labeled/feeding/469-1.wav,96f4365be7925a63b199ce1f0e094270,feeding,feeding,64000,1.0,DEMAND,STRAFFIC,data/noise_sources/demand/audio/STRAFFIC/ch01.wav,5cd76b6a746746009de5d2b3e6955a3facbb7d1f9e5ba3450140372694dc33f1,DEMAND:STRAFFIC,1.0,3407.0,active_valid_region,0.0,True,zero_shot_frozen,False,3042569.0,8.121298542991833e+18,70b4a5ff11ecf756bcc2e970144f10c71e8ec00ea08ae3dabfe9265887d12e79,0.0,demand_noise_offset_v2,780.9235916986895,0.010792814951869789,72355.877051649,2.4287122107335283e-07,2.4287122107335283e-07,11484.6884765625,8.698538075618855e-05,True,0.0,0.0
0,2024,data/external/korea_raw/abdominal_cough/train_abdominal_02305.wav,802c3c06a9ed989a83e4990344122a04,cough,abdominal_cough,15457,0.241515625,DEMAND,STRAFFIC,data/noise_sources/demand/audio/STRAFFIC/ch01.wav,5cd76b6a746746009de5d2b3e6955a3facbb7d1f9e5ba3450140372694dc33f1,DEMAND:STRAFFIC,1.0,3407.0,active_valid_region,0.0,True,zero_shot_frozen,False,4390004.0,3.558661094745065e+18,b162e7693c4846499a055eb0559eebe07b9f98b92f45c55647ab6b0dfab841db,0.0,demand_noise_offset_v2,0.0532670213899115,0.011212774074877042,4.750565830917771,-3.1439356420217904e-07,-6.572492105991459,0.38456809520721436,1.0,False,24271.0,0.0
0,2024,data/raw/sow_call_dataset_labeled/feeding/486-1.wav,faa7678cb4332273bf2df704079aa496,feeding,feeding,63997,0.999953125,DEMAND,STRAFFIC,data/noise_sources/demand/audio/STRAFFIC/ch01.wav,5cd76b6a746746009de5d2b3e6955a3facbb7d1f9e5ba3450140372694dc33f1,DEMAND:STRAFFIC,1.0,3407.0,active_valid_region,0.0,True,zero_shot_frozen,False,3509726.0,1.8007879286666703e+18,98fdaf1483fd04f410c21dd6ee085fbc8138119a4dcfd27a5871324482e99904,0.0,demand_noise_offset_v2,317.2547916993655,0.018825688691336138,16852.2276608861,-4.3819853052819625e-07,-0.0003139590825826917,4361.35791015625,0.00022905710115504136,True,1.0,0.0
0,2024,data/raw/sow_call_dataset_labeled/feeding/399-1.wav,48cf353f7ec7b595326862ac160f0ad7,feeding,feeding,63998,0.99996875,DEMAND,STRAFFIC,data/noise_sources/demand/audio/STRAFFIC/ch01.wav,5cd76b6a746746009de5d2b3e6955a3facbb7d1f9e5ba3450140372694dc33f1,DEMAND:STRAFFIC,1.0,3407.0,active_valid_region,0.0,True,zero_shot_frozen,False,9028003.0,8.398813713766518e+18,f48e9492e7bb8d31fcb4a98b7859c808df4b0204edb1d56a9dc9e51ecda0c7cf,0.0,demand_noise_offset_v2,858.440139263654,0.006824166391959572,125794.13952671095,-6.989326796987809e-08,-0.0002554245861896325,9098.20703125,0.00010980185398823,True,1.0,0.0
0,2024,data/raw/sow_call_dataset_labeled/feeding/324-1.wav,247d290a4193c3f911ea011db4d5a19f,feeding,feeding,64000,1.0,DEMAND,STRAFFIC,data/noise_sources/demand/audio/STRAFFIC/ch01.wav,5cd76b6a746746009de5d2b3e6955a3facbb7d1f9e5ba3450140372694dc33f1,DEMAND:STRAFFIC,1.0,3407.0,active_valid_region,0.0,True,zero_shot_frozen,False,3442111.0,3.730248368779812e+18,33c48120b119db788b3ae6e53f3bffdc964d1ff4b6494d61c3252c81610bcfad,0.0,demand_noise_offset_v2,1023.1476817421454,0.02275062158254984,44972.29572518226,-2.2626953933083555e-07,-2.2626953933083555e-07,14781.521484375,6.758438236929845e-05,True,0.0,0.0
0,2024,data/external/korea_raw/abdominal_cough/train_abdominal_13649.wav,758a24dd5518a227c1e5ba1f0ff3dcb4,cough,abdominal_cough,19137,0.299015625,DEMAND,STRAFFIC,data/noise_sources/demand/audio/STRAFFIC/ch01.wav,5cd76b6a746746009de5d2b3e6955a3facbb7d1f9e5ba3450140372694dc33f1,DEMAND:STRAFFIC,1.0,3407.0,active_valid_region,0.0,True,zero_shot_frozen,False,3496231.0,5.802995511845261e+18,508861ac24b9116c6dd6f88851e69afd50bb7b47abfd409436b71f267f5f401c,0.0,demand_noise_offset_v2,0.07282239663273285,0.01897964858327434,3.8368674906292517,-1.8181927066205008e-07,-5.426371944943302,0.3738916516304016,1.0,False,22431.0,0.0
0,2024,data/raw/sow_call_dataset_labeled/frightened_stress/809-2.wav,60adaca724f5caf2590a8cfb28d41e6d,stress_vocal,frightened_stress,64000,1.0,DEMAND,STRAFFIC,data/noise_sources/demand/audio/STRAFFIC/ch01.wav,5cd76b6a746746009de5d2b3e6955a3facbb7d1f9e5ba3450140372694dc33f1,DEMAND:STRAFFIC,1.0,3407.0,active_valid_region,0.0,True,zero_shot_frozen,False,657863.0,8.455748527100533e+18,f558da7c23dc17cfb5c2b1020dee95e512fb0004ca012a7a77a56650960e967a,0.0,demand_noise_offset_v2,94.84308904056803,0.008250539998637214,11495.37958197085,-2.2224744122598254e-07,-2.2224744122598254e-07,872.6298217773438,0.0011448153329956907,True,0.0,0.0
0,2024,data/raw/sow_call_dataset_labeled/feeding/471-1.wav,52da60c3cf75c529daf2db0df0c762b2,feeding,feeding,63985,0.999765625,DEMAND,STRAFFIC,data/noise_sources/demand/audio/STRAFFIC/ch01.wav,5cd76b6a746746009de5d2b3e6955a3facbb7d1f9e5ba3450140372694dc33f1,DEMAND:STRAFFIC,1.0,3407.0,active_valid_region,0.0,True,zero_shot_frozen,False,1870237.0,4.301347878519113e+17,85f8254f8373809b49ef4b7b93990ff00986bb7f3044762c3a34dd6e4fab5092,0.0,demand_noise_offset_v2,570.4386214492046,0.009359427347215449,60948.02601559992,-1.9069455319488316e-07,-0.0010870074420250525,4883.5224609375,0.00020456545618267104,True,7.0,0.0
0,2024,data/external/korea_raw/dry_cough/train_dry_13855.wav,92a4b6e7ce690c211166c2967b9d3651,cough,dry_cough,18016,0.2815,DEMAND,STRAFFIC,data/noise_sources/demand/audio/STRAFFIC/ch01.wav,5cd76b6a746746009de5d2b3e6955a3facbb7d1f9e5ba3450140372694dc33f1,DEMAND:STRAFFIC,1.0,3407.0,active_valid_region,0.0,True,zero_shot_frozen,False,5176911.0,6.465437779982515e+18,d9b9d967d13f7c3b1e06c69eb89c1e037c5650a2d6a377abe91c55841cd24765,0.0,demand_noise_offset_v2,0.07541487102707227,0.011590024940595724,6.506877372016765,-6.309296273654884e-08,-5.3014909851347545,0.39869245886802673,1.0,False,22992.0,0.0
0,2024,data/raw/sow_call_dataset_labeled/calm_grunt/246-0.wav,af2331ab38f97aa237f515945a5359e8,calm_grunt,calm_grunt,64000,1.0,DEMAND,STRAFFIC,data/noise_sources/demand/audio/STRAFFIC/ch01.wav,5cd76b6a746746009de5d2b3e6955a3facbb7d1f9e5ba3450140372694dc33f1,DEMAND:STRAFFIC,1.0,3407.0,active_valid_region,0.0,True,zero_shot_frozen,False,1118846.0,6.713182877003894e+18,dd2a0442380d4ba28201d2c2fc61145bbabb6193f3312359e0e2c8d72bd03520,0.0,demand_noise_offset_v2,1362.533252620096,0.01736114669596991,78481.75448781758,-3.6994399436622017e-07,-3.6994399436622017e-07,18246.564453125,5.4750032674173144e-05,True,0.0,0.0
0,2024,data/raw/sow_call_dataset_labeled/feeding/304-1.wav,c9e37a52d69aa372d3ae6b95468b7620,feeding,feeding,63988,0.9998125,DEMAND,STRAFFIC,data/noise_sources/demand/audio/STRAFFIC/ch01.wav,5cd76b6a746746009de5d2b3e6955a3facbb7d1f9e5ba3450140372694dc33f1,DEMAND:STRAFFIC,1.0,3407.0,active_valid_region,0.0,True,zero_shot_frozen,False,8412422.0,7.395246192884753e+17,0a4351b91b5876a0160135842a465f514f9072e90df05a2a5cf9737fdb05636a,0.0,demand_noise_offset_v2,186.00205111276827,0.010111196807354696,18395.65134143901,4.5466867971580833e-07,-0.0008496008999678326,2951.297607421875,0.00033849517496565955,True,6.0,0.0
0,2024,data/external/korea_raw/dry_cough/train_dry_12111.wav,f59c8ec794987b22feab4606c5b457ec,cough,dry_cough,12001,0.187515625,DEMAND,STRAFFIC,data/noise_sources/demand/audio/STRAFFIC/ch01.wav,5cd76b6a746746009de5d2b3e6955a3facbb7d1f9e5ba3450140372694dc33f1,DEMAND:STRAFFIC,1.0,3407.0,active_valid_region,0.0,True,zero_shot_frozen,False,9314621.0,3.8719850702742876e+18,35bc0de8215098e2986029837f070930ed802f322dcb79ac08ce213cc6a416e5,0.0,demand_noise_offset_v2,0.04296524671898265,0.014465323606731313,2.9702236802354802,4.4897912175826717e-08,-6.456415708323293,0.21619990468025208,1.0,False,25999.0,0.0
0,2024,data/raw/sow_call_dataset_labeled/anxious_stress/1452-3.wav,863eeac0b9ddb7b6f0040a6c94e9fb0e,stress_vocal,anxious_stress,63995,0.999921875,DEMAND,STRAFFIC,data/noise_sources/demand/audio/STRAFFIC/ch01.wav,5cd76b6a746746009de5d2b3e6955a3facbb7d1f9e5ba3450140372694dc33f1,DEMAND:STRAFFIC,1.0,3407.0,active_valid_region,0.0,True,zero_shot_frozen,False,266266.0,3.756280055194875e+18,3420fccefec6734b7e1e9c47c18ca6f0c4b4de34c454d2ecf78d5ff372b04e3a,0.0,demand_noise_offset_v2,1607.624752512261,0.024573066332000546,65422.22817421504,2.1319489653475661e-07,-0.00010448265509519422,14266.064453125,7.002632038306597e-05,True,2.0,0.0
0,2024,data/raw/sow_call_dataset_labeled/feeding/393-1.wav,d020a377f975c05272b8d05b57521990,feeding,feeding,64000,1.0,DEMAND,STRAFFIC,data/noise_sources/demand/audio/STRAFFIC/ch01.wav,5cd76b6a746746009de5d2b3e6955a3facbb7d1f9e5ba3450140372694dc33f1,DEMAND:STRAFFIC,1.0,3407.0,active_valid_region,0.0,True,zero_shot_frozen,False,8051303.0,2.139280617452659e+17,82f806704fd07ce13ef2b2796df6bcd0d35bf72ee325b3935003444c724046c2,0.0,demand_noise_offset_v2,564.3458696574719,0.014106977498603623,40004.733098449586,-2.7760579797843095e-07,-2.7760579797843095e-07,6254.62890625,0.00015972170611141124,True,0.0,0.0
0,2024,data/raw/sow_call_dataset_labeled/calm_grunt/91-0.wav,cee17336c428ff1a2871511627e221ac,calm_grunt,calm_grunt,64000,1.0,DEMAND,STRAFFIC,data/noise_sources/demand/audio/STRAFFIC/ch01.wav,5cd76b6a746746009de5d2b3e6955a3facbb7d1f9e5ba3450140372694dc33f1,DEMAND:STRAFFIC,1.0,3407.0,active_valid_region,0.0,True,zero_shot_frozen,False,2766026.0,8.676037255581129e+18,f86779ea94f7d830acf87c56e2aeaa7754b920c1f190a7aa470e2b58fc394b18,0.0,demand_noise_offset_v2,938.9198850949239,0.015052545430440498,62376.15355049271,1.7206111591554853e-07,1.7206111591554853e-07,17682.44140625,5.649672333408075e-05,True,0.0,0.0
0,2024,data/external/korea_raw/dry_cough/train_dry_08236.wav,a7ab543a182c83c4cf8ec72231ba0af2,cough,dry_cough,17184,0.2685,DEMAND,STRAFFIC,data/noise_sources/demand/audio/STRAFFIC/ch01.wav,5cd76b6a746746009de5d2b3e6955a3facbb7d1f9e5ba3450140372694dc33f1,DEMAND:STRAFFIC,1.0,3407.0,active_valid_region,0.0,True,zero_shot_frozen,False,6269367.0,7.117903529678086e+16,80fce0f49a51d2432bafd536371407357bec21ac3e4d4c9e825557378c8ddbd7,0.0,demand_noise_offset_v2,0.10200412159395875,0.012977709857143267,7.8599477655769165,9.468040691152065e-08,-6.414364021882762,0.7017413377761841,1.0,False,23408.0,0.0
0,2024,data/raw/sow_call_dataset_labeled/feeding/462-1.wav,bf71b3916b50f93bb618bec575df25d0,feeding,feeding,64000,1.0,DEMAND,STRAFFIC,data/noise_sources/demand/audio/STRAFFIC/ch01.wav,5cd76b6a746746009de5d2b3e6955a3facbb7d1f9e5ba3450140372694dc33f1,DEMAND:STRAFFIC,1.0,3407.0,active_valid_region,0.0,True,zero_shot_frozen,False,3977471.0,4.2136220689632824e+18,ba79caf26e4d8d23f41197ac63895959d42708b056dd16191ab0e9e8c21d3797,0.0,demand_noise_offset_v2,390.87487317806836,0.01992092881391067,19621.317702070333,-2.900323660933347e-07,-2.900323660933347e-07,3275.825439453125,0.0003049613047045558,True,0.0,0.0
0,2024,data/raw/sow_call_dataset_labeled/frightened_stress/531-2.wav,439e489d68e585b0f865ab720f41e65a,stress_vocal,frightened_stress,63608,0.993875,DEMAND,STRAFFIC,data/noise_sources/demand/audio/STRAFFIC/ch01.wav,5cd76b6a746746009de5d2b3e6955a3facbb7d1f9e5ba3450140372694dc33f1,DEMAND:STRAFFIC,1.0,3407.0,active_valid_region,0.0,True,zero_shot_frozen,False,469990.0,3.5273349880280673e+18,30f39c7ba5383e0b694311da5bf5e188e5b170dc2cc8e811e400e36343bc1a8a,0.0,demand_noise_offset_v2,223.3376366304215,0.008125923536441825,27484.585060249836,-2.826759465201625e-07,-0.02826465735839766,2693.859619140625,0.0003708433776213972,True,196.0,0.0
0,2024,data/external/korea_raw/dry_cough/train_dry_12259.wav,0dd24b3ee3931c0516f250d0fb57dc2a,cough,dry_cough,13985,0.218515625,DEMAND,STRAFFIC,data/noise_sources/demand/audio/STRAFFIC/ch01.wav,5cd76b6a746746009de5d2b3e6955a3facbb7d1f9e5ba3450140372694dc33f1,DEMAND:STRAFFIC,1.0,3407.0,active_valid_region,0.0,True,zero_shot_frozen,False,3719813.0,4.016603304620117e+18,b7bdd76cb78acbf61cc6cebad2b52429ad2ab0b1a9bf8c066a1fe203c461c80b,0.0,demand_noise_offset_v2,0.061751605029606374,0.01839786962649624,3.356454104918374,-7.044459134485487e-08,-6.34268302434403,0.3456572890281677,1.0,False,25007.0,0.0
0,2024,data/raw/sow_call_dataset_labeled/feeding/334-1.wav,6d4e3f890abd1b39675ab539c08999df,feeding,feeding,64000,1.0,DEMAND,STRAFFIC,data/noise_sources/demand/audio/STRAFFIC/ch01.wav,5cd76b6a746746009de5d2b3e6955a3facbb7d1f9e5ba3450140372694dc33f1,DEMAND:STRAFFIC,1.0,3407.0,active_valid_region,0.0,True,zero_shot_frozen,False,7808437.0,8.869404789933667e+18,7b1674aa1124f3ae7ca1cbd180f207b61805a85b9f02f0953379438bbf7180e7,0.0,demand_noise_offset_v2,891.4684230620591,0.010119157100686752,88097.10277168818,1.1715827621377924e-07,1.1715827621377924e-07,9957.349609375,0.00010032790242289233,True,0.0,0.0
0,2024,data/raw/sow_call_dataset_labeled/frightened_stress/1031-2.wav,52f370f2037764cd024cc8ac3620035d,stress_vocal,frightened_stress,63997,0.999953125,DEMAND,STRAFFIC,data/noise_sources/demand/audio/STRAFFIC/ch01.wav,5cd76b6a746746009de5d2b3e6955a3facbb7d1f9e5ba3450140372694dc33f1,DEMAND:STRAFFIC,1.0,3407.0,active_valid_region,0.0,True,zero_shot_frozen,False,382892.0,3.4628558926435564e+18,b00e89165d632be6b10afdaedf8222bd1bded72724fe14671e19b8464aeb67e5,0.0,demand_noise_offset_v2,251.37542293038825,0.010767043340486655,23346.74571106783,-1.436093630448712e-07,-1.433740614888622e-05,2951.558837890625,0.00033846521613438343,True,1.0,0.0
0,2024,data/external/korea_raw/dry_cough/train_dry_05498.wav,476f1f61fe985f0e105b631f547552aa,cough,dry_cough,11777,0.184015625,DEMAND,STRAFFIC,data/noise_sources/demand/audio/STRAFFIC/ch01.wav,5cd76b6a746746009de5d2b3e6955a3facbb7d1f9e5ba3450140372694dc33f1,DEMAND:STRAFFIC,1.0,3407.0,active_valid_region,0.0,True,zero_shot_frozen,False,2457862.0,1.3654967662774968e+18,92f33812ffea2f9502ae2886b178bc41b06d1dc20fa882e34c00d177eb168b14,0.0,demand_noise_offset_v2,0.042341868179194324,0.03322779779480077,1.2742905335068475,-1.9131883277361639e-07,-7.978665752059166,0.22531473636627197,1.0,False,26111.0,0.0
0,2024,data/raw/sow_call_dataset_labeled/calm_grunt/69-0.wav,5e6972bc79d14fbb0e7d8c9fc5171b8e,calm_grunt,calm_grunt,64000,1.0,DEMAND,STRAFFIC,data/noise_sources/demand/audio/STRAFFIC/ch01.wav,5cd76b6a746746009de5d2b3e6955a3facbb7d1f9e5ba3450140372694dc33f1,DEMAND:STRAFFIC,1.0,3407.0,active_valid_region,0.0,True,zero_shot_frozen,False,6140087.0,4.2128132155144945e+18,3a76eb4c8fd006256e50c9b57a82feeac1dfb08cae72d194d2f854eb3fade53c,0.0,demand_noise_offset_v2,984.0544080113978,0.018195708514526242,54081.67575479648,-1.0274822367261005e-09,-1.0274822367261005e-09,16535.0390625,6.0417153913209876e-05,True,0.0,0.0
0,2024,data/raw/sow_call_dataset_labeled/feeding/365-1.wav,e7f7f9645f68e7861c6960646038694b,feeding,feeding,63998,0.99996875,DEMAND,STRAFFIC,data/noise_sources/demand/audio/STRAFFIC/ch01.wav,5cd76b6a746746009de5d2b3e6955a3facbb7d1f9e5ba3450140372694dc33f1,DEMAND:STRAFFIC,1.0,3407.0,active_valid_region,0.0,True,zero_shot_frozen,False,2765292.0,5.129489708107562e+17,071e5c5f0913cc616bfb51eefbaaa54b98d2b7f57bb291071781abce34ec348b,0.0,demand_noise_offset_v2,228.88529049546287,0.015048101956309446,15210.243202764495,2.3003308438568302e-08,-0.00010755601356621317,2098.7578125,0.00047599584575697677,True,1.0,0.0
0,2024,data/raw/sow_call_dataset_labeled/calm_grunt/127-0.wav,c0b1e9c399e2fcb85350d6e1a522b9c7,calm_grunt,calm_grunt,64000,1.0,DEMAND,STRAFFIC,data/noise_sources/demand/audio/STRAFFIC/ch01.wav,5cd76b6a746746009de5d2b3e6955a3facbb7d1f9e5ba3450140372694dc33f1,DEMAND:STRAFFIC,1.0,3407.0,active_valid_region,0.0,True,zero_shot_frozen,False,782547.0,8.625206842695263e+18,f7b2e3ecd51ea435b03cfedff0184715826dc220dd693ea94893222dbaf3b4db,0.0,demand_noise_offset_v2,719.0246855373471,0.015059108634861141,47746.82904357553,1.6824593759108709e-07,1.6824593759108709e-07,7487.783203125,0.00013341732431343243,True,0.0,0.0
0,2024,data/raw/sow_call_dataset_labeled/frightened_stress/649-2.wav,a79a4d5ca276050cd921a9a53451c118,stress_vocal,frightened_stress,64000,1.0,DEMAND,STRAFFIC,data/noise_sources/demand/audio/STRAFFIC/ch01.wav,5cd76b6a746746009de5d2b3e6955a3facbb7d1f9e5ba3450140372694dc33f1,DEMAND:STRAFFIC,1.0,3407.0,active_valid_region,0.0,True,zero_shot_frozen,False,776693.0,3.320366428080375e+18,ae144fac9ddd0426adb68ee4be651d64b44b0e3cf9220b0bceebb424b86b08ee,0.0,demand_noise_offset_v2,182.61161994441022,0.014599781780577093,12507.832150433143,8.440837541445177e-08,8.440837541445177e-08,2211.29296875,0.00045177188826531423,True,0.0,0.0
0,2024,data/raw/sow_call_dataset_labeled/anxious_stress/1429-3.wav,08dbebe86b17e15870a88fc0edc1fd56,stress_vocal,anxious_stress,63997,0.999953125,DEMAND,STRAFFIC,data/noise_sources/demand/audio/STRAFFIC/ch01.wav,5cd76b6a746746009de5d2b3e6955a3facbb7d1f9e5ba3450140372694dc33f1,DEMAND:STRAFFIC,1.0,3407.0,active_valid_region,0.0,True,zero_shot_frozen,False,3448438.0,5.018154060227327e+18,45a41087cc08b2278df42dec10b9243b81039892f3048438ff28ef8cea0e2683,0.0,demand_noise_offset_v2,1018.0890498529338,0.02211925951216509,46027.266387150434,1.392190082610122e-07,-0.00045136837547355693,7253.2236328125,0.00013773186248948306,True,1.0,0.0
0,2024,data/external/korea_raw/abdominal_cough/train_abdominal_16429.wav,89bcd1f7bcfd5c0d3850c0d8d7a77682,cough,abdominal_cough,12321,0.192515625,DEMAND,STRAFFIC,data/noise_sources/demand/audio/STRAFFIC/ch01.wav,5cd76b6a746746009de5d2b3e6955a3facbb7d1f9e5ba3450140372694dc33f1,DEMAND:STRAFFIC,1.0,3407.0,active_valid_region,0.0,True,zero_shot_frozen,False,699452.0,3.2749335582366474e+18,2d72e6b849b3906d3d007540e5abd2ae2f486d276c65eab81a6c264de0a3791c,0.0,demand_noise_offset_v2,0.03146874162552827,0.008361758426060451,3.7634119550084173,-9.769267189824816e-08,-7.926731760997571,0.1730891913175583,1.0,False,25839.0,0.0
0,2024,data/raw/sow_call_dataset_labeled/frightened_stress/624-2.wav,6b7d32323ad19193729e70aa61366584,stress_vocal,frightened_stress,64000,1.0,DEMAND,STRAFFIC,data/noise_sources/demand/audio/STRAFFIC/ch01.wav,5cd76b6a746746009de5d2b3e6955a3facbb7d1f9e5ba3450140372694dc33f1,DEMAND:STRAFFIC,1.0,3407.0,active_valid_region,0.0,True,zero_shot_frozen,False,9169636.0,7.341866425176284e+18,65e38c9d64ffdb6f952cca7cecfc37d44a8fcd8adc611ad77298fffa0f0beff9,0.0,demand_noise_offset_v2,124.93057706281661,0.00975016366030511,12813.177441465345,-2.0027489895854654e-07,-2.0027489895854654e-07,1019.1017456054688,0.000980275035645704,True,0.0,0.0
0,2024,data/raw/sow_call_dataset_labeled/calm_grunt/218-0.wav,b3d8482fce8b5eaa3e2cb020780d332e,calm_grunt,calm_grunt,64000,1.0,DEMAND,STRAFFIC,data/noise_sources/demand/audio/STRAFFIC/ch01.wav,5cd76b6a746746009de5d2b3e6955a3facbb7d1f9e5ba3450140372694dc33f1,DEMAND:STRAFFIC,1.0,3407.0,active_valid_region,0.0,True,zero_shot_frozen,False,1940084.0,5.461416484393292e+18,4bcad95b52b991479636174a094b5d0e5e12790d025c363f9c14209433488ab7,0.0,demand_noise_offset_v2,1325.8744849035143,0.012393509507084613,106981.35860109623,-6.217148804730968e-08,-6.217148804730968e-08,17361.1953125,5.754212092071353e-05,True,0.0,0.0
0,2024,data/external/korea_raw/dry_cough/train_dry_14904.wav,82731434fe93293942ec3e677a251aa0,cough,dry_cough,13408,0.2095,DEMAND,STRAFFIC,data/noise_sources/demand/audio/STRAFFIC/ch01.wav,5cd76b6a746746009de5d2b3e6955a3facbb7d1f9e5ba3450140372694dc33f1,DEMAND:STRAFFIC,1.0,3407.0,active_valid_region,0.0,True,zero_shot_frozen,False,5952670.0,2.238380113001721e+18,1f1052da73c42c85560925ce00ff3c1346a2205f41e426b017dd6ca1809e000d,0.0,demand_noise_offset_v2,0.05590034753670979,0.01228934917024163,4.548682502412021,-3.5959265410904104e-07,-8.097826309737968,0.3727768659591675,1.0,False,25296.0,0.0
0,2024,data/raw/sow_call_dataset_labeled/calm_grunt/59-0.wav,59a6dd695e64efe4c8241ab5e0cd60df,calm_grunt,calm_grunt,64000,1.0,DEMAND,STRAFFIC,data/noise_sources/demand/audio/STRAFFIC/ch01.wav,5cd76b6a746746009de5d2b3e6955a3facbb7d1f9e5ba3450140372694dc33f1,DEMAND:STRAFFIC,1.0,3407.0,active_valid_region,0.0,True,zero_shot_frozen,False,5682487.0,8.392661225009228e+18,f478b8eafcdea61390bd2fdf30a76a4738da5cb425a1038babcf7dc8d2e3cd22,0.0,demand_noise_offset_v2,1245.0851120905868,0.052264518198308456,23822.760737338704,3.4878241400781875e-07,3.4878241400781875e-07,18219.798828125,5.4830462697419755e-05,True,0.0,0.0
0,2024,data/external/korea_raw/dry_cough/train_dry_12342.wav,be5b9785349c0ba7847119f6859671bc,cough,dry_cough,14017,0.219015625,DEMAND,STRAFFIC,data/noise_sources/demand/audio/STRAFFIC/ch01.wav,5cd76b6a746746009de5d2b3e6955a3facbb7d1f9e5ba3450140372694dc33f1,DEMAND:STRAFFIC,1.0,3407.0,active_valid_region,0.0,True,zero_shot_frozen,False,9126620.0,8.720253278141692e+18,7904902793123782cec7ef3d680b262a6c38e0c10be8e737d05b18829465cfec,0.0,demand_noise_offset_v2,0.04360133356829202,0.009909082101741034,4.400138491195993,2.2736552821802062e-07,-6.524022944314919,0.2484436333179474,1.0,False,24991.0,0.0
0,2024,data/external/korea_raw/dry_cough/train_dry_07999.wav,4bcc8d92055b679105e93da203cd9111,cough,dry_cough,13313,0.208015625,DEMAND,STRAFFIC,data/noise_sources/demand/audio/STRAFFIC/ch01.wav,5cd76b6a746746009de5d2b3e6955a3facbb7d1f9e5ba3450140372694dc33f1,DEMAND:STRAFFIC,1.0,3407.0,active_valid_region,0.0,True,zero_shot_frozen,False,4509083.0,3.580150293423009e+18,31af3fb931fd2c994ea0201426db1538f7bc00c7e59d7695f173fe9fc895a897,0.0,demand_noise_offset_v2,0.09846734402329387,0.014268034873325116,6.901254790691887,1.6948714466436122e-07,-7.576558436776356,0.6327842473983765,1.0,False,25343.0,0.0
0,2024,data/raw/sow_call_dataset_labeled/calm_grunt/114-0.wav,6bfb9e30e653d62d2ad67d1d0fbee2b2,calm_grunt,calm_grunt,64000,1.0,DEMAND,STRAFFIC,data/noise_sources/demand/audio/STRAFFIC/ch01.wav,5cd76b6a746746009de5d2b3e6955a3facbb7d1f9e5ba3450140372694dc33f1,DEMAND:STRAFFIC,1.0,3407.0,active_valid_region,0.0,True,zero_shot_frozen,False,3625999.0,5.08341087957131e+18,c68be7430c3435ebe15be0afe1a447de53d656df6e96eb041a0a48bfe5737bd9,0.0,demand_noise_offset_v2,1176.8927172218246,0.032844298494385804,35832.48147080977,2.3991961536037633e-07,2.3991961536037633e-07,14969.7509765625,6.673457705235656e-05,True,0.0,0.0
0,2024,data/raw/sow_call_dataset_labeled/calm_grunt/274-0.wav,867a0d742da7dc4ab82703565363efca,calm_grunt,calm_grunt,64000,1.0,DEMAND,STRAFFIC,data/noise_sources/demand/audio/STRAFFIC/ch01.wav,5cd76b6a746746009de5d2b3e6955a3facbb7d1f9e5ba3450140372694dc33f1,DEMAND:STRAFFIC,1.0,3407.0,active_valid_region,0.0,True,zero_shot_frozen,False,5144738.0,1.6516674031339223e+18,16ebe6c092e3ac2fa963e674669b0746b163051f4441e92328ad6080182c3941,0.0,demand_noise_offset_v2,1609.9826402124925,0.011918926252267897,135077.8254799714,-1.7007741957565935e-07,-1.7007741957565935e-07,19485.841796875,5.126799295682532e-05,True,0.0,0.0
0,2024,data/raw/sow_call_dataset_labeled/anxious_stress/1580-3.wav,f770589d5c495dba265407f0501aedab,stress_vocal,anxious_stress,63766,0.99634375,DEMAND,STRAFFIC,data/noise_sources/demand/audio/STRAFFIC/ch01.wav,5cd76b6a746746009de5d2b3e6955a3facbb7d1f9e5ba3450140372694dc33f1,DEMAND:STRAFFIC,1.0,3407.0,active_valid_region,0.0,True,zero_shot_frozen,False,703515.0,5.377384225490726e+18,4aa04e766529ea6dd10fa4ced36c6ba8fde39dda4c054950b14618e4f824471c,0.0,demand_noise_offset_v2,309.17193605807984,0.009147216105335284,33799.56617377276,-6.402194278661326e-08,-0.002126032868878519,2331.255859375,0.0004285243921136257,True,117.0,0.0
0,2024,data/external/korea_raw/abdominal_cough/train_abdominal_08112.wav,e88f3f912add02e57df4c7d0d5127334,cough,abdominal_cough,16224,0.2535,DEMAND,STRAFFIC,data/noise_sources/demand/audio/STRAFFIC/ch01.wav,5cd76b6a746746009de5d2b3e6955a3facbb7d1f9e5ba3450140372694dc33f1,DEMAND:STRAFFIC,1.0,3407.0,active_valid_region,0.0,True,zero_shot_frozen,False,6842141.0,6.256199715818148e+18,d6d27c7ea93d8e497caf60a1a102f4cffbe0d8cdea11b1b78380702d6f642a7f,0.0,demand_noise_offset_v2,0.09735584493514245,0.012688968867484291,7.672478824076756,1.622042448344936e-07,-7.8850044871288985,0.6026539206504822,1.0,False,23888.0,0.0
0,2024,data/raw/sow_call_dataset_labeled/calm_grunt/250-0.wav,6501451456d9e85981b2e584769706d5,calm_grunt,calm_grunt,64000,1.0,DEMAND,STRAFFIC,data/noise_sources/demand/audio/STRAFFIC/ch01.wav,5cd76b6a746746009de5d2b3e6955a3facbb7d1f9e5ba3450140372694dc33f1,DEMAND:STRAFFIC,1.0,3407.0,active_valid_region,0.0,True,zero_shot_frozen,False,2934281.0,9.20709066646933e+17,8cc704049af8cde5e010c16b283644c54a8993a053c0315ce0a3a8ec99ecbe04,0.0,demand_noise_offset_v2,1634.1095044534836,0.0064291074867628565,254173.6170717345,2.620297206606139e-07,2.620297206606139e-07,19021.001953125,5.252089256191219e-05,True,0.0,0.0
0,2024,data/raw/sow_call_dataset_labeled/feeding/484-1.wav,7597d17cfc4d984eaab8bc076ccdf5ea,feeding,feeding,64000,1.0,DEMAND,STRAFFIC,data/noise_sources/demand/audio/STRAFFIC/ch01.wav,5cd76b6a746746009de5d2b3e6955a3facbb7d1f9e5ba3450140372694dc33f1,DEMAND:STRAFFIC,1.0,3407.0,active_valid_region,0.0,True,zero_shot_frozen,False,4752792.0,2.658206717692038e+18,24e3d8ed0b974cbdf5c6b81e7e58b0449fe7994287e6ebca4741452f04fac219,0.0,demand_noise_offset_v2,880.4726065326456,0.014938113053689198,58941.35379536435,-2.545777528400947e-07,-2.545777528400947e-07,14179.12890625,7.04556680883021e-05,True,0.0,0.0
0,2024,data/raw/sow_call_dataset_labeled/calm_grunt/251-0.wav,c0f8ff4583e17d7a26d397f7d7b0a2f7,calm_grunt,calm_grunt,64000,1.0,DEMAND,STRAFFIC,data/noise_sources/demand/audio/STRAFFIC/ch01.wav,5cd76b6a746746009de5d2b3e6955a3facbb7d1f9e5ba3450140372694dc33f1,DEMAND:STRAFFIC,1.0,3407.0,active_valid_region,0.0,True,zero_shot_frozen,False,7152197.0,1.589060259257757e+18,960d79e2f7bfac9f6489305e1bb793a38a5809352cb52e370b515491ad0d924d,0.0,demand_noise_offset_v2,1533.8450811438308,0.012131597599380392,126433.89039067454,-3.879415145595289e-09,-3.879415145595289e-09,18260.541015625,5.470812716584824e-05,True,0.0,0.0
0,2024,data/raw/sow_call_dataset_labeled/frightened_stress/988-2.wav,e3f63486bc9dd011d4c42a02e2ab82eb,stress_vocal,frightened_stress,63998,0.99996875,DEMAND,STRAFFIC,data/noise_sources/demand/audio/STRAFFIC/ch01.wav,5cd76b6a746746009de5d2b3e6955a3facbb7d1f9e5ba3450140372694dc33f1,DEMAND:STRAFFIC,1.0,3407.0,active_valid_region,0.0,True,zero_shot_frozen,False,3079760.0,1.8805898723909353e+18,9a193286700f12b67b3b90434499a2285a6999c1391e24d6c60743175280972d,0.0,demand_noise_offset_v2,207.5423704113459,0.010869548645552153,19093.927188620914,-2.44221524544337e-07,-5.4079049546215026e-05,2657.689453125,0.0003758904182071921,True,1.0,0.0
0,2024,data/raw/sow_call_dataset_labeled/calm_grunt/89-0.wav,66baf7d1e6268784319cb4666f8d36fd,calm_grunt,calm_grunt,64000,1.0,DEMAND,STRAFFIC,data/noise_sources/demand/audio/STRAFFIC/ch01.wav,5cd76b6a746746009de5d2b3e6955a3facbb7d1f9e5ba3450140372694dc33f1,DEMAND:STRAFFIC,1.0,3407.0,active_valid_region,0.0,True,zero_shot_frozen,False,1488172.0,8.594904535555222e+18,f7473c232829a82e62bae05f96f969b77c591b736f1fa795ef13e9754ca0aed9,0.0,demand_noise_offset_v2,1041.6516572237529,0.012241732084142936,85090.21844817483,-2.2546815162175245e-08,-2.2546815162175245e-08,17122.498046875,5.8344290492258275e-05,True,0.0,0.0
0,2024,data/raw/sow_call_dataset_labeled/anxious_stress/1649-3.wav,8ef7b5c15e374567562265858e5d7ed1,stress_vocal,anxious_stress,64000,1.0,DEMAND,STRAFFIC,data/noise_sources/demand/audio/STRAFFIC/ch01.wav,5cd76b6a746746009de5d2b3e6955a3facbb7d1f9e5ba3450140372694dc33f1,DEMAND:STRAFFIC,1.0,3407.0,active_valid_region,0.0,True,zero_shot_frozen,False,3981628.0,6.967436651127037e+18,60b14eb81976da6e43b6d33f84e19fc80278f00dfc046fa1b9d3759675d16adb,0.0,demand_noise_offset_v2,1846.5257263435033,0.018628681337383563,99122.72870532937,1.858320011524619e-07,1.858320011524619e-07,14616.130859375,6.834914175383335e-05,True,0.0,0.0
0,2024,data/raw/sow_call_dataset_labeled/anxious_stress/1738-3.wav,ad7a0d5de7477a9d5d43b2bd260d645e,stress_vocal,anxious_stress,64000,1.0,DEMAND,STRAFFIC,data/noise_sources/demand/audio/STRAFFIC/ch01.wav,5cd76b6a746746009de5d2b3e6955a3facbb7d1f9e5ba3450140372694dc33f1,DEMAND:STRAFFIC,1.0,3407.0,active_valid_region,0.0,True,zero_shot_frozen,False,4483056.0,5.561178857308862e+17,07b7ba45483b123c391232e72ed13a18e7c73d16a2526d80de4076c7bfc14332,0.0,demand_noise_offset_v2,231.88397999285894,0.014495342002757969,15997.137559689128,-7.244363930648021e-08,-7.244363930648021e-08,1572.20947265625,0.000635411513144103,True,0.0,0.0
0,2024,data/raw/sow_call_dataset_labeled/calm_grunt/165-0.wav,58f3af1d9665f4501de1c256ac27087d,calm_grunt,calm_grunt,64000,1.0,DEMAND,STRAFFIC,data/noise_sources/demand/audio/STRAFFIC/ch01.wav,5cd76b6a746746009de5d2b3e6955a3facbb7d1f9e5ba3450140372694dc33f1,DEMAND:STRAFFIC,1.0,3407.0,active_valid_region,0.0,True,zero_shot_frozen,False,5827515.0,8.239646007233246e+18,72591a63581a72df3e790b53a5c128aa90e64225e39c901ede6e8dfd1178f656,0.0,demand_noise_offset_v2,1242.3661302468377,0.019568315651933413,63488.659542554335,-8.000418561294125e-08,-8.000418561294125e-08,16734.9453125,5.9695444553010096e-05,True,0.0,0.0
0,2024,data/raw/sow_call_dataset_labeled/calm_grunt/253-0.wav,88f53ffdc813ee27215e3d68cababb72,calm_grunt,calm_grunt,64000,1.0,DEMAND,STRAFFIC,data/noise_sources/demand/audio/STRAFFIC/ch01.wav,5cd76b6a746746009de5d2b3e6955a3facbb7d1f9e5ba3450140372694dc33f1,DEMAND:STRAFFIC,1.0,3407.0,active_valid_region,0.0,True,zero_shot_frozen,False,3246284.0,8.870099416413218e+18,7b18ec6c65b5a49a599028aeceabd7bd5be93756f78653e5d977c00946f14ee8,0.0,demand_noise_offset_v2,1677.1380296440782,0.018963665554130014,88439.54903427526,2.0843092995742487e-07,2.0843092995742487e-07,16330.927734375,6.117227485473487e-05,True,0.0,0.0
0,2024,data/raw/sow_call_dataset_labeled/calm_grunt/252-0.wav,2425faf6d72ec8f1cfb27af49a442721,calm_grunt,calm_grunt,64000,1.0,DEMAND,STRAFFIC,data/noise_sources/demand/audio/STRAFFIC/ch01.wav,5cd76b6a746746009de5d2b3e6955a3facbb7d1f9e5ba3450140372694dc33f1,DEMAND:STRAFFIC,1.0,3407.0,active_valid_region,0.0,True,zero_shot_frozen,False,664491.0,3.191407093757897e+18,2c4a27d7cd19ea9802e27f9082257131dd01bb561a22d8eef4d910cca9bf4c42,0.0,demand_noise_offset_v2,1988.6156620474069,0.008703698683428794,228479.37806413104,1.1802021137826505e-07,1.1802021137826505e-07,20735.994140625,4.81770969467437e-05,True,0.0,0.0
0,2024,data/raw/sow_call_dataset_labeled/frightened_stress/887-2.wav,36d2f03519aad0dc3c6d70f418bede2d,stress_vocal,frightened_stress,64000,1.0,DEMAND,STRAFFIC,data/noise_sources/demand/audio/STRAFFIC/ch01.wav,5cd76b6a746746009de5d2b3e6955a3facbb7d1f9e5ba3450140372694dc33f1,DEMAND:STRAFFIC,1.0,3407.0,active_valid_region,0.0,True,zero_shot_frozen,False,8104100.0,2.2874944917308677e+18,1fbed01edd47f5b32405dbca6d03d22d46f230fd4d3c9dbac135887632420732,0.0,demand_noise_offset_v2,226.1403217059333,0.013863074098797683,16312.42248972369,-1.959981817643676e-07,-1.959981817643676e-07,2469.69287109375,0.00040450373878172716,True,0.0,0.0
0,2024,data/raw/sow_call_dataset_labeled/feeding/367-1.wav,940704b541a8d463f81ea666f8da0a2d,feeding,feeding,64000,1.0,DEMAND,STRAFFIC,data/noise_sources/demand/audio/STRAFFIC/ch01.wav,5cd76b6a746746009de5d2b3e6955a3facbb7d1f9e5ba3450140372694dc33f1,DEMAND:STRAFFIC,1.0,3407.0,active_valid_region,0.0,True,zero_shot_frozen,False,6587666.0,8.351849062375634e+18,73e7ba78e49435ffec017bb120f2e13d4c957e3a6af8b70e3f99e061cf95a4bc,0.0,demand_noise_offset_v2,702.5387179613983,0.011957671055338969,58752.13615679138,-7.816394116954051e-08,-7.816394116954051e-08,8989.6640625,0.00011112762312968801,True,0.0,0.0
0,2024,data/raw/sow_call_dataset_labeled/anxious_stress/1294-3.wav,3b1abd244c212e4e29ed5d8d492094a3,stress_vocal,anxious_stress,64000,1.0,DEMAND,STRAFFIC,data/noise_sources/demand/audio/STRAFFIC/ch01.wav,5cd76b6a746746009de5d2b3e6955a3facbb7d1f9e5ba3450140372694dc33f1,DEMAND:STRAFFIC,1.0,3407.0,active_valid_region,0.0,True,zero_shot_frozen,False,3032045.0,5.504119819394632e+18,cc628fd04c344646af8128a60bc96776151cd1c8cb647feea136fbbc820ad24c,0.0,demand_noise_offset_v2,309.20159348055824,0.010708800667592767,28873.5968740432,-2.3606823684359328e-07,-2.3606823684359328e-07,2480.1162109375,0.0004028037055660273,True,0.0,0.0
0,2024,data/raw/sow_call_dataset_labeled/calm_grunt/84-0.wav,6284697bc5cf29624df3bee3472e7b55,calm_grunt,calm_grunt,64000,1.0,DEMAND,STRAFFIC,data/noise_sources/demand/audio/STRAFFIC/ch01.wav,5cd76b6a746746009de5d2b3e6955a3facbb7d1f9e5ba3450140372694dc33f1,DEMAND:STRAFFIC,1.0,3407.0,active_valid_region,0.0,True,zero_shot_frozen,False,2692878.0,7.967446025396238e+18,6e920df25ed7378b201c2117c3d322c19989c090daf8c8998b38e561c8e19813,0.0,demand_noise_offset_v2,819.4625842053988,0.017928465559721215,45707.346313364105,-2.5641257780034945e-07,-2.5641257780034945e-07,14344.8564453125,6.96416868170504e-05,True,0.0,0.0
0,2024,data/external/korea_raw/dry_cough/train_dry_06353.wav,7c4381d73edf61a542eca5b8ad16ccbe,cough,dry_cough,7969,0.124515625,DEMAND,STRAFFIC,data/noise_sources/demand/audio/STRAFFIC/ch01.wav,5cd76b6a746746009de5d2b3e6955a3facbb7d1f9e5ba3450140372694dc33f1,DEMAND:STRAFFIC,1.0,3407.0,active_valid_region,0.0,True,zero_shot_frozen,False,5286407.0,2.06900292732083e+18,1cb693334a338f8899c5583220642a021366a36a73411eb24c3d0c7ff42b47e4,0.0,demand_noise_offset_v2,0.12077981036285175,0.012933025554994294,9.338867370923172,1.7394909354985635e-07,-9.674772890776621,0.5535706281661987,1.0,False,28015.0,0.0
0,2024,data/raw/sow_call_dataset_labeled/frightened_stress/798-2.wav,9047deea4f6c553333311bf1f5279715,stress_vocal,frightened_stress,64000,1.0,DEMAND,STRAFFIC,data/noise_sources/demand/audio/STRAFFIC/ch01.wav,5cd76b6a746746009de5d2b3e6955a3facbb7d1f9e5ba3450140372694dc33f1,DEMAND:STRAFFIC,1.0,3407.0,active_valid_region,0.0,True,zero_shot_frozen,False,4016938.0,4.301436516260851e+18,3bb1c5b8b79f2df326045446639d151659c4eccede70ae4a4866921a3a724750,0.0,demand_noise_offset_v2,109.39846330513913,0.011099827289827545,9855.870767052162,-2.8747212190791427e-07,-2.8747212190791427e-07,1240.2093505859375,0.0008055091662774692,True,0.0,0.0
0,2024,data/raw/sow_call_dataset_labeled/feeding/396-1.wav,850bc5be2aeb59aeadd3ce9d998d574e,feeding,feeding,64000,1.0,DEMAND,STRAFFIC,data/noise_sources/demand/audio/STRAFFIC/ch01.wav,5cd76b6a746746009de5d2b3e6955a3facbb7d1f9e5ba3450140372694dc33f1,DEMAND:STRAFFIC,1.0,3407.0,active_valid_region,0.0,True,zero_shot_frozen,False,8816661.0,5.883182069552799e+18,51a542ebfca45db2d549626501401ec769c9765ad18ac1e49a064ce365e7b94d,0.0,demand_noise_offset_v2,495.4983345230236,0.00809278766436566,61227.15127011335,-1.520683607932915e-07,-1.520683607932915e-07,6800.80029296875,0.00014689447667399553,True,0.0,0.0
0,2024,data/external/korea_raw/abdominal_cough/train_abdominal_01211.wav,54d7ff55aaca2d49609a064333bab111,cough,abdominal_cough,17952,0.2805,DEMAND,STRAFFIC,data/noise_sources/demand/audio/STRAFFIC/ch01.wav,5cd76b6a746746009de5d2b3e6955a3facbb7d1f9e5ba3450140372694dc33f1,DEMAND:STRAFFIC,1.0,3407.0,active_valid_region,0.0,True,zero_shot_frozen,False,8802507.0,5.8833226184099e+18,51a5c2c01157d76ddaff29fc95d5ffacd0dba2d9fcf5de0b932ed524e3363073,0.0,demand_noise_offset_v2,0.027219146609550993,0.00843087862638663,3.2285065193990086,-1.2242375077322647e-07,-4.854583175168078,0.1398446410894394,1.0,False,23024.0,0.0
0,2024,data/raw/sow_call_dataset_labeled/feeding/382-1.wav,6900556222b8dc7174fb2b5d5e1d09ac,feeding,feeding,63997,0.999953125,DEMAND,STRAFFIC,data/noise_sources/demand/audio/STRAFFIC/ch01.wav,5cd76b6a746746009de5d2b3e6955a3facbb7d1f9e5ba3450140372694dc33f1,DEMAND:STRAFFIC,1.0,3407.0,active_valid_region,0.0,True,zero_shot_frozen,False,2526188.0,7.3137650600483e+17,8a265f0ea57bf6e17858e380155229e8274a7ac668ac5f019e214e00cb706a2d,0.0,demand_noise_offset_v2,882.0886951559368,0.03310506427714325,26645.12860544294,-8.926046611306163e-08,-0.00016051896012913956,10313.2900390625,9.686530643627775e-05,True,1.0,0.0
0,2024,data/raw/sow_call_dataset_labeled/feeding/308-1.wav,62f84208f3d66bc2106eced8f9723a09,feeding,feeding,63986,0.99978125,DEMAND,STRAFFIC,data/noise_sources/demand/audio/STRAFFIC/ch01.wav,5cd76b6a746746009de5d2b3e6955a3facbb7d1f9e5ba3450140372694dc33f1,DEMAND:STRAFFIC,1.0,3407.0,active_valid_region,0.0,True,zero_shot_frozen,False,6534645.0,4.504201751598376e+18,be8223a0f8b6a38dc551e2bb009853b60cd5dd53c0190a4125ee0aba0dc6ae7a,0.0,demand_noise_offset_v2,377.93868802714655,0.011662309648550764,32406.847306966483,-9.72095014016755e-08,-0.0014758975487385768,3270.44287109375,0.00030546321687187876,True,7.0,0.0
0,2024,data/raw/sow_call_dataset_labeled/feeding/411-1.wav,34ffe8b85e2dd2ea42fae8d315374606,feeding,feeding,63998,0.99996875,DEMAND,STRAFFIC,data/noise_sources/demand/audio/STRAFFIC/ch01.wav,5cd76b6a746746009de5d2b3e6955a3facbb7d1f9e5ba3450140372694dc33f1,DEMAND:STRAFFIC,1.0,3407.0,active_valid_region,0.0,True,zero_shot_frozen,False,6228632.0,5.490409591130774e+18,4c31da6f06bf57c5cb40cf0c7df3b761ee9267e21b3ca6ca7643034bba44f28d,0.0,demand_noise_offset_v2,398.75886637335407,0.01672340938539452,23844.3523795819,2.9790216895138414e-07,-5.330619810326091e-05,3856.041015625,0.0002590740077587268,True,1.0,0.0
0,2024,data/external/korea_raw/dry_cough/train_dry_02449.wav,2896dd842b3141f1521d6e69312d7362,cough,dry_cough,18497,0.289015625,DEMAND,STRAFFIC,data/noise_sources/demand/audio/STRAFFIC/ch01.wav,5cd76b6a746746009de5d2b3e6955a3facbb7d1f9e5ba3450140372694dc33f1,DEMAND:STRAFFIC,1.0,3407.0,active_valid_region,0.0,True,zero_shot_frozen,False,8112204.0,8.245958404018104e+18,f26f877ac02566aee66224736d067e79ca058ebfba782cff46f8a5ae24844daf,0.0,demand_noise_offset_v2,0.07343115627623883,0.014896992494133086,4.929260473559236,3.9007883725333366e-07,-4.970032163430654,0.5047548413276672,1.0,False,22751.0,0.0
0,2024,data/raw/sow_call_dataset_labeled/calm_grunt/35-0.wav,bce14de9ae101013d89c90c1a29bb636,calm_grunt,calm_grunt,64000,1.0,DEMAND,STRAFFIC,data/noise_sources/demand/audio/STRAFFIC/ch01.wav,5cd76b6a746746009de5d2b3e6955a3facbb7d1f9e5ba3450140372694dc33f1,DEMAND:STRAFFIC,1.0,3407.0,active_valid_region,0.0,True,zero_shot_frozen,False,2631778.0,5.767141074289357e+18,d00900405e94f0b292080ba0ab04fe5e066ed7e35160fbf7ff373795bb5ff812,0.0,demand_noise_offset_v2,565.1370232751316,0.023480908902288062,24067.936451133824,3.202258186276591e-07,3.202258186276591e-07,8885.326171875,0.00011243256360831929,True,0.0,0.0
0,2024,data/raw/sow_call_dataset_labeled/feeding/387-1.wav,9241924820d30258f1b5a5e9d94aeac0,feeding,feeding,64000,1.0,DEMAND,STRAFFIC,data/noise_sources/demand/audio/STRAFFIC/ch01.wav,5cd76b6a746746009de5d2b3e6955a3facbb7d1f9e5ba3450140372694dc33f1,DEMAND:STRAFFIC,1.0,3407.0,active_valid_region,0.0,True,zero_shot_frozen,False,1927803.0,5.484623075783073e+18,4c1d4ba0eef5ddd3365221043a78b101474cc2a6be0508150c186f86ab5de2a7,0.0,demand_noise_offset_v2,844.63572587174,0.011915601237380913,70884.86002888375,8.082044274552659e-08,8.082044274552659e-08,6604.20703125,0.000151267214257957,True,0.0,0.0
0,2024,data/raw/sow_call_dataset_labeled/anxious_stress/1616-3.wav,6063d92c24fe5f2476915494d06f6c8a,stress_vocal,anxious_stress,63987,0.999796875,DEMAND,STRAFFIC,data/noise_sources/demand/audio/STRAFFIC/ch01.wav,5cd76b6a746746009de5d2b3e6955a3facbb7d1f9e5ba3450140372694dc33f1,DEMAND:STRAFFIC,1.0,3407.0,active_valid_region,0.0,True,zero_shot_frozen,False,6613368.0,4.683041935488635e+18,40fd81d4190ecea9b91f2b2af2ac570e4258b5bc687b8e94e9b2ab3864e66ec8,0.0,demand_noise_offset_v2,627.475414910057,0.011357944567039773,55245.507777081555,-1.3163641774614918e-08,-0.0004891554855754005,4442.4072265625,0.00022487807826951928,True,6.0,0.0
0,2024,data/raw/sow_call_dataset_labeled/calm_grunt/155-0.wav,68510d2282aa7349ec4e06faa0638875,calm_grunt,calm_grunt,64000,1.0,DEMAND,STRAFFIC,data/noise_sources/demand/audio/STRAFFIC/ch01.wav,5cd76b6a746746009de5d2b3e6955a3facbb7d1f9e5ba3450140372694dc33f1,DEMAND:STRAFFIC,1.0,3407.0,active_valid_region,0.0,True,zero_shot_frozen,False,1954586.0,7.74131285847761e+18,6b6eab0790b8c3903b7be533d6b9f16ad3ec03e7f3e320a70e23c31ef14c81f2,0.0,demand_noise_offset_v2,897.9188141246865,0.012882399543394062,69701.20831139167,-3.1951918377628345e-07,-3.1951918377628345e-07,11877.8642578125,8.410602935985917e-05,True,0.0,0.0
0,2024,data/raw/sow_call_dataset_labeled/anxious_stress/1468-3.wav,d20184e28961e933d131951e2eb5242b,stress_vocal,anxious_stress,64000,1.0,DEMAND,STRAFFIC,data/noise_sources/demand/audio/STRAFFIC/ch01.wav,5cd76b6a746746009de5d2b3e6955a3facbb7d1f9e5ba3450140372694dc33f1,DEMAND:STRAFFIC,1.0,3407.0,active_valid_region,0.0,True,zero_shot_frozen,False,8802455.0,8.180250608585033e+18,f18616967262431ab951803b9cc0205ded5ab061742fdcea26fcc1f1c98429c0,0.0,demand_noise_offset_v2,483.6170731235223,0.0078097365565498395,61924.88947888059,-1.5598999908568697e-07,-1.5598999908568697e-07,4817.3515625,0.00020737535698589572,True,0.0,0.0
0,2024,data/raw/sow_call_dataset_labeled/calm_grunt/86-0.wav,6686d8c376a0e89e3ba4cf02a3221421,calm_grunt,calm_grunt,64000,1.0,DEMAND,STRAFFIC,data/noise_sources/demand/audio/STRAFFIC/ch01.wav,5cd76b6a746746009de5d2b3e6955a3facbb7d1f9e5ba3450140372694dc33f1,DEMAND:STRAFFIC,1.0,3407.0,active_valid_region,0.0,True,zero_shot_frozen,False,2813546.0,6.44949926338842e+18,59813968bd69067c7f5f6168a01ac06aaefab46e13a774f8a0ef7737b83dfdb5,0.0,demand_noise_offset_v2,953.8544513051378,0.010771682439538889,88552.03972630018,6.18259999319802e-08,6.18259999319802e-08,17277.587890625,5.782057115403637e-05,True,0.0,0.0
0,2024,data/external/korea_raw/abdominal_cough/train_abdominal_05140.wav,ffc07baef90cf2dfcbaa9c4fa0e982c0,cough,abdominal_cough,13985,0.218515625,DEMAND,STRAFFIC,data/noise_sources/demand/audio/STRAFFIC/ch01.wav,5cd76b6a746746009de5d2b3e6955a3facbb7d1f9e5ba3450140372694dc33f1,DEMAND:STRAFFIC,1.0,3407.0,active_valid_region,0.0,True,zero_shot_frozen,False,7624687.0,1.9934368135566536e+18,1baa1c38623b1e515fcd04234bd1d2067157f13c50055e6ee94e10d9b2d96291,0.0,demand_noise_offset_v2,0.0378744874036115,0.013965347923775039,2.7120332132315017,-1.8591267787287764e-07,-6.272085253666298,0.2455078363418579,1.0,False,25007.0,0.0
0,2024,data/raw/sow_call_dataset_labeled/feeding/321-1.wav,09b3ffe59b3de4c1fad3e875d3de4e0d,feeding,feeding,63992,0.999875,DEMAND,STRAFFIC,data/noise_sources/demand/audio/STRAFFIC/ch01.wav,5cd76b6a746746009de5d2b3e6955a3facbb7d1f9e5ba3450140372694dc33f1,DEMAND:STRAFFIC,1.0,3407.0,active_valid_region,0.0,True,zero_shot_frozen,False,803447.0,7.35401983170332e+18,660eba12dbdab4ee262eee576c0a27a2fa4dbb8d448fd0d6fe2bcd21b96c690d,0.0,demand_noise_offset_v2,670.3121940538623,0.015478761238889645,43305.2867544552,3.2264643477152354e-07,-0.0009452198159524807,5539.0205078125,0.00018035679748629971,True,4.0,0.0
