frame_idx,start_s,end_s,prob_cough,prob_cough_smooth
0,0.0,1.0,0.31203290820121765,0.31203290820121765
1,0.1,1.1,0.3620660901069641,0.3620660901069641
2,0.2,1.2,0.5911250114440918,0.5911250114440918
3,0.3,1.3,0.3680537939071655,0.3680537939071655
4,0.4,1.4,0.3721025288105011,0.3721025288105011
5,0.5,1.5,0.3110365867614746,0.3110365867614746
6,0.6,1.6,0.4016474187374115,0.4016474187374115
7,0.7,1.7,0.3350387513637543,0.3350387513637543
8,0.8,1.8,0.28679919242858887,0.28679919242858887
9,0.9,1.9,0.3126101493835449,0.3126101493835449
10,1.0,2.0,0.3231399357318878,0.3231399357318878
11,1.1,2.1,0.35629257559776306,0.35629257559776306
12,1.2,2.2,0.3470222055912018,0.3470222055912018
13,1.3,2.3,0.3694760203361511,0.3694760203361511
14,1.4,2.4,0.5319515466690063,0.5319515466690063
15,1.5,2.5,0.44980388879776,0.44980388879776
16,1.6,2.6,0.3496703505516052,0.3496703505516052
17,1.7,2.7,0.4227975010871887,0.4227975010871887
18,1.8,2.8,0.3008196949958801,0.3008196949958801
19,1.9,2.9,0.42323875427246094,0.42323875427246094
20,2.0,3.0,0.2370956838130951,0.2370956838130951
21,2.1,3.1,0.4577833116054535,0.4577833116054535
22,2.2,3.2,0.31590884923934937,0.31590884923934937
23,2.3,3.3,0.32626932859420776,0.32626932859420776
24,2.4,3.4,0.3128466010093689,0.3128466010093689
25,2.5,3.5,0.2324843406677246,0.2324843406677246
26,2.6,3.6,0.2714431583881378,0.2714431583881378
27,2.7,3.7,0.5282041430473328,0.5282041430473328
28,2.8,3.8,0.3211545944213867,0.3211545944213867
29,2.9,3.9,0.41940099000930786,0.41940099000930786
30,3.0,4.0,0.3628377616405487,0.3628377616405487
31,3.1,4.1,0.41770055890083313,0.41770055890083313
32,3.2,4.2,0.5075726509094238,0.5075726509094238
33,3.3,4.3,0.36570051312446594,0.36570051312446594
34,3.4,4.4,0.43534740805625916,0.43534740805625916
35,3.5,4.5,0.516038179397583,0.516038179397583
36,3.6,4.6,0.3075619339942932,0.3075619339942932
37,3.7,4.7,0.46569815278053284,0.46569815278053284
38,3.8,4.8,0.29876407980918884,0.29876407980918884
39,3.9,4.9,0.29023927450180054,0.29023927450180054
40,4.0,5.0,0.36504635214805603,0.36504635214805603
41,4.1,5.1,0.5048274397850037,0.5048274397850037
42,4.2,5.2,0.4236762523651123,0.4236762523651123
43,4.3,5.3,0.3269754648208618,0.3269754648208618
44,4.4,5.4,0.3164132833480835,0.3164132833480835
45,4.5,5.5,0.2947181463241577,0.2947181463241577
46,4.6,5.6,0.3249230682849884,0.3249230682849884
47,4.7,5.7,0.31032660603523254,0.31032660603523254
48,4.8,5.8,0.4790193736553192,0.4790193736553192
49,4.9,5.9,0.41680943965911865,0.41680943965911865
50,5.0,6.0,0.3407706022262573,0.3407706022262573
51,5.1,6.1,0.30211082100868225,0.30211082100868225
52,5.2,6.2,0.31368541717529297,0.31368541717529297
53,5.3,6.3,0.3008854389190674,0.3008854389190674
54,5.4,6.4,0.48169565200805664,0.48169565200805664
55,5.5,6.5,0.38843831419944763,0.38843831419944763
56,5.6,6.6,0.3112829923629761,0.3112829923629761
57,5.7,6.7,0.33419883251190186,0.33419883251190186
58,5.8,6.8,0.42167189717292786,0.42167189717292786
59,5.9,6.9,0.4078620672225952,0.4078620672225952
60,6.0,7.0,0.3889106512069702,0.3889106512069702
61,6.1,7.1,0.3309166133403778,0.3309166133403778
62,6.2,7.2,0.37627458572387695,0.37627458572387695
63,6.3,7.3,0.5767079591751099,0.5767079591751099
64,6.4,7.4,0.45285868644714355,0.45285868644714355
65,6.5,7.5,0.42889919877052307,0.42889919877052307
66,6.6,7.6,0.3599613308906555,0.3599613308906555
67,6.7,7.7,0.3280775249004364,0.3280775249004364
68,6.8,7.8,0.4618992209434509,0.4618992209434509
69,6.9,7.9,0.43662598729133606,0.43662598729133606
70,7.0,8.0,0.48310747742652893,0.48310747742652893
71,7.1,8.1,0.39168640971183777,0.39168640971183777
72,7.2,8.2,0.3717593848705292,0.3717593848705292
73,7.3,8.3,0.5461399555206299,0.5461399555206299
74,7.4,8.4,0.42530959844589233,0.42530959844589233
75,7.5,8.5,0.3267866373062134,0.3267866373062134
76,7.6,8.6,0.442842960357666,0.442842960357666
77,7.7,8.7,0.33275988698005676,0.33275988698005676
78,7.8,8.8,0.31620317697525024,0.31620317697525024
79,7.9,8.9,0.33536383509635925,0.33536383509635925
80,8.0,9.0,0.29765382409095764,0.29765382409095764
81,8.1,9.1,0.27211615443229675,0.27211615443229675
82,8.2,9.2,0.3659263551235199,0.3659263551235199
83,8.3,9.3,0.2804555296897888,0.2804555296897888
84,8.4,9.4,0.2916053235530853,0.2916053235530853
85,8.5,9.5,0.24884599447250366,0.24884599447250366
86,8.6,9.6,0.2981662452220917,0.2981662452220917
87,8.7,9.7,0.32199329137802124,0.32199329137802124
88,8.8,9.8,0.388175904750824,0.388175904750824
89,8.9,9.9,0.36845526099205017,0.36845526099205017
90,9.0,10.0,0.3020458519458771,0.3020458519458771
91,9.1,10.1,0.2947239279747009,0.2947239279747009
92,9.2,10.2,0.319674015045166,0.319674015045166
93,9.3,10.3,0.3409695625305176,0.3409695625305176
94,9.4,10.4,0.37641283869743347,0.37641283869743347
95,9.5,10.5,0.25930893421173096,0.25930893421173096
96,9.6,10.6,0.27376964688301086,0.27376964688301086
97,9.7,10.7,0.29278701543807983,0.29278701543807983
98,9.8,10.8,0.32813170552253723,0.32813170552253723
99,9.9,10.9,0.33636435866355896,0.33636435866355896
100,10.0,11.0,0.3156394064426422,0.3156394064426422
101,10.1,11.1,0.3584482967853546,0.3584482967853546
102,10.2,11.2,0.4176442325115204,0.4176442325115204
103,10.3,11.3,0.40330207347869873,0.40330207347869873
104,10.4,11.4,0.3781804144382477,0.3781804144382477
105,10.5,11.5,0.4215550124645233,0.4215550124645233
106,10.6,11.6,0.4155240058898926,0.4155240058898926
107,10.7,11.7,0.4534423053264618,0.4534423053264618
108,10.8,11.8,0.3965659737586975,0.3965659737586975
109,10.9,11.9,0.5263268351554871,0.5263268351554871
110,11.0,12.0,0.293561726808548,0.293561726808548
111,11.1,12.1,0.3473829925060272,0.3473829925060272
112,11.2,12.2,0.40485838055610657,0.40485838055610657
113,11.3,12.3,0.3425273299217224,0.3425273299217224
114,11.4,12.4,0.38697561621665955,0.38697561621665955
115,11.5,12.5,0.37959298491477966,0.37959298491477966
116,11.6,12.6,0.37001219391822815,0.37001219391822815
117,11.7,12.7,0.4426591396331787,0.4426591396331787
118,11.8,12.8,0.47474947571754456,0.47474947571754456
119,11.9,12.9,0.4239787459373474,0.4239787459373474
120,12.0,13.0,0.4015480577945709,0.4015480577945709
121,12.1,13.1,0.43174177408218384,0.43174177408218384
122,12.2,13.2,0.4252568781375885,0.4252568781375885
123,12.3,13.3,0.3953697383403778,0.3953697383403778
124,12.4,13.4,0.46242183446884155,0.46242183446884155
125,12.5,13.5,0.45672187209129333,0.45672187209129333
126,12.6,13.6,0.31863072514533997,0.31863072514533997
127,12.7,13.7,0.3472786545753479,0.3472786545753479
128,12.8,13.8,0.3837869465351105,0.3837869465351105
129,12.9,13.9,0.5305952429771423,0.5305952429771423
130,13.0,14.0,0.35679852962493896,0.35679852962493896
131,13.1,14.1,0.3575313985347748,0.3575313985347748
132,13.2,14.2,0.4354266822338104,0.4354266822338104
133,13.3,14.3,0.41066408157348633,0.41066408157348633
134,13.4,14.4,0.41838887333869934,0.41838887333869934
135,13.5,14.5,0.5938665270805359,0.5938665270805359
136,13.6,14.6,0.518130362033844,0.518130362033844
137,13.7,14.7,0.4013187885284424,0.4013187885284424
138,13.8,14.8,0.4147550165653229,0.4147550165653229
139,13.9,14.9,0.4071902334690094,0.4071902334690094
140,14.0,15.0,0.4705750346183777,0.4705750346183777
141,14.1,15.1,0.545387864112854,0.545387864112854
142,14.2,15.2,0.514858067035675,0.514858067035675
143,14.3,15.3,0.5485371351242065,0.5485371351242065
144,14.4,15.4,0.44494953751564026,0.44494953751564026
145,14.5,15.5,0.3394421339035034,0.3394421339035034
146,14.6,15.6,0.3079322576522827,0.3079322576522827
147,14.7,15.7,0.301762193441391,0.301762193441391
148,14.8,15.8,0.3206310272216797,0.3206310272216797
149,14.9,15.9,0.41197654604911804,0.41197654604911804
150,15.0,16.0,0.38760536909103394,0.38760536909103394
151,15.1,16.1,0.3624144494533539,0.3624144494533539
152,15.2,16.2,0.4691079258918762,0.4691079258918762
153,15.3,16.3,0.5696280598640442,0.5696280598640442
154,15.4,16.4,0.5259446501731873,0.5259446501731873
155,15.5,16.5,0.566166877746582,0.566166877746582
156,15.6,16.6,0.6911581158638,0.6911581158638
157,15.7,16.7,0.7939714789390564,0.7939714789390564
158,15.8,16.8,0.6395965218544006,0.6395965218544006
159,15.9,16.9,0.6098456978797913,0.6098456978797913
160,16.0,17.0,0.48146986961364746,0.48146986961364746
161,16.1,17.1,0.32789990305900574,0.32789990305900574
162,16.2,17.2,0.43690675497055054,0.43690675497055054
163,16.3,17.3,0.33947670459747314,0.33947670459747314
164,16.4,17.4,0.3442297875881195,0.3442297875881195
165,16.5,17.5,0.2901214361190796,0.2901214361190796
166,16.6,17.6,0.29612210392951965,0.29612210392951965
167,16.7,17.7,0.2678416967391968,0.2678416967391968
168,16.8,17.8,0.3412224352359772,0.3412224352359772
169,16.9,17.9,0.33584362268447876,0.33584362268447876
170,17.0,18.0,0.3174581825733185,0.3174581825733185
171,17.1,18.1,0.38368505239486694,0.38368505239486694
172,17.2,18.2,0.3793085813522339,0.3793085813522339
173,17.3,18.3,0.42848044633865356,0.42848044633865356
174,17.4,18.4,0.5050750970840454,0.5050750970840454
175,17.5,18.5,0.42098090052604675,0.42098090052604675
176,17.6,18.6,0.39357802271842957,0.39357802271842957
177,17.7,18.7,0.3593292236328125,0.3593292236328125
178,17.8,18.8,0.3748825490474701,0.3748825490474701
179,17.9,18.9,0.33775171637535095,0.33775171637535095
180,18.0,19.0,0.3419361412525177,0.3419361412525177
181,18.1,19.1,0.3168918788433075,0.3168918788433075
182,18.2,19.2,0.28122344613075256,0.28122344613075256
183,18.3,19.3,0.2833724915981293,0.2833724915981293
184,18.4,19.4,0.327194482088089,0.327194482088089
185,18.5,19.5,0.3138260245323181,0.3138260245323181
186,18.6,19.6,0.3297611474990845,0.3297611474990845
187,18.7,19.7,0.3546949028968811,0.3546949028968811
188,18.8,19.8,0.4184854030609131,0.4184854030609131
189,18.9,19.9,0.3937743008136749,0.3937743008136749
190,19.0,20.0,0.407816082239151,0.407816082239151
191,19.1,20.1,0.40996694564819336,0.40996694564819336
192,19.2,20.2,0.5244562029838562,0.5244562029838562
193,19.3,20.3,0.4889366924762726,0.4889366924762726
194,19.4,20.4,0.5849738717079163,0.5849738717079163
195,19.5,20.5,0.3880785405635834,0.3880785405635834
196,19.6,20.6,0.4073614478111267,0.4073614478111267
197,19.7,20.7,0.4045822322368622,0.4045822322368622
198,19.8,20.8,0.39536768198013306,0.39536768198013306
199,19.9,20.9,0.37552720308303833,0.37552720308303833
200,20.0,21.0,0.43294259905815125,0.43294259905815125
201,20.1,21.1,0.42661744356155396,0.42661744356155396
202,20.2,21.2,0.42253339290618896,0.42253339290618896
203,20.3,21.3,0.3774782717227936,0.3774782717227936
204,20.4,21.4,0.36908379197120667,0.36908379197120667
205,20.5,21.5,0.42669758200645447,0.42669758200645447
206,20.6,21.6,0.41080787777900696,0.41080787777900696
207,20.7,21.7,0.310899019241333,0.310899019241333
208,20.8,21.8,0.32723748683929443,0.32723748683929443
209,20.9,21.9,0.3523770272731781,0.3523770272731781
210,21.0,22.0,0.2895830571651459,0.2895830571651459
211,21.1,22.1,0.2856452167034149,0.2856452167034149
212,21.2,22.2,0.35505014657974243,0.35505014657974243
213,21.3,22.3,0.33689257502555847,0.33689257502555847
214,21.4,22.4,0.3487730026245117,0.3487730026245117
215,21.5,22.5,0.33925727009773254,0.33925727009773254
216,21.6,22.6,0.3223735988140106,0.3223735988140106
217,21.7,22.7,0.29094868898391724,0.29094868898391724
218,21.8,22.8,0.312407523393631,0.312407523393631
219,21.9,22.9,0.3073391318321228,0.3073391318321228
220,22.0,23.0,0.359111487865448,0.359111487865448
221,22.1,23.1,0.4016433358192444,0.4016433358192444
222,22.2,23.2,0.37110549211502075,0.37110549211502075
223,22.3,23.3,0.3904380202293396,0.3904380202293396
224,22.4,23.4,0.3718847930431366,0.3718847930431366
225,22.5,23.5,0.3351023197174072,0.3351023197174072
226,22.6,23.6,0.33935147523880005,0.33935147523880005
227,22.7,23.7,0.40669623017311096,0.40669623017311096
228,22.8,23.8,0.4408811032772064,0.4408811032772064
229,22.9,23.9,0.42989179491996765,0.42989179491996765
230,23.0,24.0,0.400802880525589,0.400802880525589
231,23.1,24.1,0.4324493110179901,0.4324493110179901
232,23.2,24.2,0.39091479778289795,0.39091479778289795
233,23.3,24.3,0.3029758930206299,0.3029758930206299
234,23.4,24.4,0.3337733745574951,0.3337733745574951
235,23.5,24.5,0.3216972053050995,0.3216972053050995
236,23.6,24.6,0.4135549068450928,0.4135549068450928
237,23.7,24.7,0.4838152825832367,0.4838152825832367
238,23.8,24.8,0.54001784324646,0.54001784324646
239,23.9,24.9,0.7843453288078308,0.7843453288078308
240,24.0,25.0,0.41047075390815735,0.41047075390815735
241,24.1,25.1,0.4708009362220764,0.4708009362220764
242,24.2,25.2,0.48785099387168884,0.48785099387168884
243,24.3,25.3,0.5187984108924866,0.5187984108924866
244,24.4,25.4,0.5384711027145386,0.5384711027145386
245,24.5,25.5,0.47037941217422485,0.47037941217422485
246,24.6,25.6,0.38418543338775635,0.38418543338775635
247,24.7,25.7,0.3529287278652191,0.3529287278652191
248,24.8,25.8,0.3762354850769043,0.3762354850769043
249,24.9,25.9,0.525901198387146,0.525901198387146
250,25.0,26.0,0.5049272775650024,0.5049272775650024
251,25.1,26.1,0.4720860719680786,0.4720860719680786
252,25.2,26.2,0.41848549246788025,0.41848549246788025
253,25.3,26.3,0.4803597033023834,0.4803597033023834
254,25.4,26.4,0.5079092979431152,0.5079092979431152
255,25.5,26.5,0.612023651599884,0.612023651599884
256,25.6,26.6,0.45426931977272034,0.45426931977272034
257,25.7,26.7,0.5002549886703491,0.5002549886703491
258,25.8,26.8,0.39359477162361145,0.39359477162361145
259,25.9,26.9,0.37801027297973633,0.37801027297973633
260,26.0,27.0,0.38686054944992065,0.38686054944992065
261,26.1,27.1,0.504389226436615,0.504389226436615
262,26.2,27.2,0.44429337978363037,0.44429337978363037
263,26.3,27.3,0.42056113481521606,0.42056113481521606
264,26.4,27.4,0.5427643060684204,0.5427643060684204
265,26.5,27.5,0.38937559723854065,0.38937559723854065
266,26.6,27.6,0.40905046463012695,0.40905046463012695
267,26.7,27.7,0.4007255733013153,0.4007255733013153
268,26.8,27.8,0.3152780532836914,0.3152780532836914
269,26.9,27.9,0.46088162064552307,0.46088162064552307
270,27.0,28.0,0.45932215452194214,0.45932215452194214
271,27.1,28.1,0.42783018946647644,0.42783018946647644
272,27.2,28.2,0.30751875042915344,0.30751875042915344
273,27.3,28.3,0.320745050907135,0.320745050907135
274,27.4,28.4,0.3909093737602234,0.3909093737602234
275,27.5,28.5,0.37754523754119873,0.37754523754119873
276,27.6,28.6,0.43184852600097656,0.43184852600097656
277,27.7,28.7,0.4093288779258728,0.4093288779258728
278,27.8,28.8,0.48088958859443665,0.48088958859443665
279,27.9,28.9,0.3705613315105438,0.3705613315105438
280,28.0,29.0,0.3642835021018982,0.3642835021018982
281,28.1,29.1,0.41817280650138855,0.41817280650138855
282,28.2,29.2,0.31185388565063477,0.31185388565063477
283,28.3,29.3,0.3365636467933655,0.3365636467933655
284,28.4,29.4,0.38949623703956604,0.38949623703956604
285,28.5,29.5,0.36124521493911743,0.36124521493911743
286,28.6,29.6,0.3630518317222595,0.3630518317222595
287,28.7,29.7,0.4367462396621704,0.4367462396621704
288,28.8,29.8,0.3482489585876465,0.3482489585876465
289,28.9,29.9,0.37272679805755615,0.37272679805755615
290,29.0,30.0,0.40635374188423157,0.40635374188423157
291,29.1,30.1,0.35713890194892883,0.35713890194892883
292,29.2,30.2,0.3442850410938263,0.3442850410938263
293,29.3,30.3,0.35120686888694763,0.35120686888694763
294,29.4,30.4,0.3971594274044037,0.3971594274044037
295,29.5,30.5,0.3321450650691986,0.3321450650691986
296,29.6,30.6,0.2984202206134796,0.2984202206134796
297,29.7,30.7,0.27919062972068787,0.27919062972068787
298,29.8,30.8,0.35874342918395996,0.35874342918395996
299,29.9,30.9,0.3771188259124756,0.3771188259124756
300,30.0,31.0,0.29291635751724243,0.29291635751724243
301,30.1,31.1,0.34609097242355347,0.34609097242355347
302,30.2,31.2,0.36311161518096924,0.36311161518096924
303,30.3,31.3,0.3313288688659668,0.3313288688659668
304,30.4,31.4,0.4467531442642212,0.4467531442642212
305,30.5,31.5,0.3160383999347687,0.3160383999347687
306,30.6,31.6,0.29898640513420105,0.29898640513420105
307,30.7,31.7,0.30690285563468933,0.30690285563468933
308,30.8,31.8,0.3284097909927368,0.3284097909927368
309,30.9,31.9,0.3795066475868225,0.3795066475868225
310,31.0,32.0,0.3545070290565491,0.3545070290565491
311,31.1,32.1,0.3693474531173706,0.3693474531173706
312,31.2,32.2,0.42458269000053406,0.42458269000053406
313,31.3,32.3,0.34715408086776733,0.34715408086776733
314,31.4,32.4,0.30534058809280396,0.30534058809280396
315,31.5,32.5,0.34443938732147217,0.34443938732147217
316,31.6,32.6,0.3582403361797333,0.3582403361797333
317,31.7,32.7,0.3470151722431183,0.3470151722431183
318,31.8,32.8,0.45824116468429565,0.45824116468429565
319,31.9,32.9,0.27892398834228516,0.27892398834228516
320,32.0,33.0,0.3403923809528351,0.3403923809528351
321,32.1,33.1,0.42174071073532104,0.42174071073532104
322,32.2,33.2,0.3698253631591797,0.3698253631591797
323,32.3,33.3,0.4344686269760132,0.4344686269760132
324,32.4,33.4,0.3775796890258789,0.3775796890258789
325,32.5,33.5,0.38374730944633484,0.38374730944633484
326,32.6,33.6,0.35569554567337036,0.35569554567337036
327,32.7,33.7,0.3766539692878723,0.3766539692878723
328,32.8,33.8,0.35800641775131226,0.35800641775131226
329,32.9,33.9,0.31398168206214905,0.31398168206214905
330,33.0,34.0,0.3899010717868805,0.3899010717868805
331,33.1,34.1,0.38614967465400696,0.38614967465400696
332,33.2,34.2,0.40844011306762695,0.40844011306762695
333,33.3,34.3,0.3060622811317444,0.3060622811317444
334,33.4,34.4,0.31886494159698486,0.31886494159698486
335,33.5,34.5,0.3133436441421509,0.3133436441421509
336,33.6,34.6,0.4222680330276489,0.4222680330276489
337,33.7,34.7,0.3904913067817688,0.3904913067817688
338,33.8,34.8,0.5105484127998352,0.5105484127998352
339,33.9,34.9,0.48717620968818665,0.48717620968818665
340,34.0,35.0,0.4997809827327728,0.4997809827327728
341,34.1,35.1,0.3299226462841034,0.3299226462841034
342,34.2,35.2,0.34159162640571594,0.34159162640571594
343,34.3,35.3,0.31891340017318726,0.31891340017318726
344,34.4,35.4,0.35140159726142883,0.35140159726142883
345,34.5,35.5,0.39543721079826355,0.39543721079826355
346,34.6,35.6,0.36018750071525574,0.36018750071525574
347,34.7,35.7,0.2665216624736786,0.2665216624736786
348,34.8,35.8,0.3817521035671234,0.3817521035671234
349,34.9,35.9,0.3305213451385498,0.3305213451385498
350,35.0,36.0,0.2752262353897095,0.2752262353897095
351,35.1,36.1,0.4916711747646332,0.4916711747646332
352,35.2,36.2,0.2828895151615143,0.2828895151615143
353,35.3,36.3,0.2858991026878357,0.2858991026878357
354,35.4,36.4,0.2624874711036682,0.2624874711036682
355,35.5,36.5,0.29506349563598633,0.29506349563598633
356,35.6,36.6,0.34395959973335266,0.34395959973335266
357,35.7,36.7,0.3376789689064026,0.3376789689064026
358,35.8,36.8,0.35393446683883667,0.35393446683883667
359,35.9,36.9,0.4120979905128479,0.4120979905128479
360,36.0,37.0,0.30792996287345886,0.30792996287345886
361,36.1,37.1,0.33537086844444275,0.33537086844444275
362,36.2,37.2,0.38279038667678833,0.38279038667678833
363,36.3,37.3,0.3729642331600189,0.3729642331600189
364,36.4,37.4,0.837915301322937,0.837915301322937
365,36.5,37.5,0.9693624973297119,0.9693624973297119
366,36.6,37.6,0.973950207233429,0.973950207233429
367,36.7,37.7,0.8997751474380493,0.8997751474380493
368,36.8,37.8,0.9675159454345703,0.9675159454345703
369,36.9,37.9,0.9093109369277954,0.9093109369277954
370,37.0,38.0,0.9887111186981201,0.9887111186981201
371,37.1,38.1,0.9684414863586426,0.9684414863586426
372,37.2,38.2,0.8937637209892273,0.8937637209892273
373,37.3,38.3,0.8115643858909607,0.8115643858909607
374,37.4,38.4,0.342132031917572,0.342132031917572
375,37.5,38.5,0.6338885426521301,0.6338885426521301
376,37.6,38.6,0.6038774847984314,0.6038774847984314
377,37.7,38.7,0.6745817065238953,0.6745817065238953
378,37.8,38.8,0.497114896774292,0.497114896774292
379,37.9,38.9,0.44855305552482605,0.44855305552482605
380,38.0,39.0,0.48216918110847473,0.48216918110847473
381,38.1,39.1,0.5589268803596497,0.5589268803596497
382,38.2,39.2,0.30808645486831665,0.30808645486831665
383,38.3,39.3,0.5023912191390991,0.5023912191390991
384,38.4,39.4,0.4142366051673889,0.4142366051673889
385,38.5,39.5,0.32934796810150146,0.32934796810150146
386,38.6,39.6,0.2861599624156952,0.2861599624156952
387,38.7,39.7,0.39746955037117004,0.39746955037117004
388,38.8,39.8,0.46498197317123413,0.46498197317123413
389,38.9,39.9,0.39665359258651733,0.39665359258651733
390,39.0,40.0,0.3397361934185028,0.3397361934185028
391,39.1,40.1,0.3480168282985687,0.3480168282985687
392,39.2,40.2,0.3069419264793396,0.3069419264793396
393,39.3,40.3,0.2698814570903778,0.2698814570903778
394,39.4,40.4,0.27195480465888977,0.27195480465888977
395,39.5,40.5,0.39212900400161743,0.39212900400161743
396,39.6,40.6,0.3920168876647949,0.3920168876647949
397,39.7,40.7,0.27225416898727417,0.27225416898727417
398,39.8,40.8,0.3397403657436371,0.3397403657436371
399,39.9,40.9,0.3937522768974304,0.3937522768974304
400,40.0,41.0,0.3098566234111786,0.3098566234111786
401,40.1,41.1,0.3882486820220947,0.3882486820220947
402,40.2,41.2,0.41213536262512207,0.41213536262512207
403,40.3,41.3,0.3124511241912842,0.3124511241912842
404,40.4,41.4,0.38646480441093445,0.38646480441093445
405,40.5,41.5,0.4212917685508728,0.4212917685508728
406,40.6,41.6,0.4122982919216156,0.4122982919216156
407,40.7,41.7,0.37059974670410156,0.37059974670410156
408,40.8,41.8,0.40975356101989746,0.40975356101989746
409,40.9,41.9,0.3977021276950836,0.3977021276950836
410,41.0,42.0,0.36135759949684143,0.36135759949684143
411,41.1,42.1,0.3546047508716583,0.3546047508716583
412,41.2,42.2,0.3625417649745941,0.3625417649745941
413,41.3,42.3,0.379543662071228,0.379543662071228
414,41.4,42.4,0.33896321058273315,0.33896321058273315
415,41.5,42.5,0.31854861974716187,0.31854861974716187
416,41.6,42.6,0.38710808753967285,0.38710808753967285
417,41.7,42.7,0.34276220202445984,0.34276220202445984
418,41.8,42.8,0.36305898427963257,0.36305898427963257
419,41.9,42.9,0.4118838608264923,0.4118838608264923
420,42.0,43.0,0.3988637626171112,0.3988637626171112
421,42.1,43.1,0.27058568596839905,0.27058568596839905
422,42.2,43.2,0.2608776390552521,0.2608776390552521
423,42.3,43.3,0.26497095823287964,0.26497095823287964
424,42.4,43.4,0.3119577169418335,0.3119577169418335
425,42.5,43.5,0.2899945080280304,0.2899945080280304
426,42.6,43.6,0.2724897563457489,0.2724897563457489
427,42.7,43.7,0.312904417514801,0.312904417514801
428,42.8,43.8,0.533412516117096,0.533412516117096
429,42.9,43.9,0.3124494254589081,0.3124494254589081
430,43.0,44.0,0.3281518220901489,0.3281518220901489
431,43.1,44.1,0.34887829422950745,0.34887829422950745
432,43.2,44.2,0.44961100816726685,0.44961100816726685
433,43.3,44.3,0.39305105805397034,0.39305105805397034
434,43.4,44.4,0.33233511447906494,0.33233511447906494
435,43.5,44.5,0.35472041368484497,0.35472041368484497
436,43.6,44.6,0.27377137541770935,0.27377137541770935
437,43.7,44.7,0.3258192241191864,0.3258192241191864
438,43.8,44.8,0.2897152006626129,0.2897152006626129
439,43.9,44.9,0.45000529289245605,0.45000529289245605
440,44.0,45.0,0.44251102209091187,0.44251102209091187
441,44.1,45.1,0.5754832625389099,0.5754832625389099
442,44.2,45.2,0.5094284415245056,0.5094284415245056
443,44.3,45.3,0.5839486718177795,0.5839486718177795
444,44.4,45.4,0.47186604142189026,0.47186604142189026
445,44.5,45.5,0.3885323405265808,0.3885323405265808
446,44.6,45.6,0.39198586344718933,0.39198586344718933
447,44.7,45.7,0.5338236689567566,0.5338236689567566
448,44.8,45.8,0.608909547328949,0.608909547328949
449,44.9,45.9,0.4050259292125702,0.4050259292125702
450,45.0,46.0,0.3617308437824249,0.3617308437824249
451,45.1,46.1,0.4211828410625458,0.4211828410625458
452,45.2,46.2,0.33622467517852783,0.33622467517852783
453,45.3,46.3,0.3419063985347748,0.3419063985347748
454,45.4,46.4,0.33275455236434937,0.33275455236434937
455,45.5,46.5,0.26854756474494934,0.26854756474494934
456,45.6,46.6,0.24489544332027435,0.24489544332027435
457,45.7,46.7,0.3295656442642212,0.3295656442642212
458,45.8,46.8,0.2715693414211273,0.2715693414211273
459,45.9,46.9,0.43011045455932617,0.43011045455932617
460,46.0,47.0,0.2993204593658447,0.2993204593658447
461,46.1,47.1,0.3616403043270111,0.3616403043270111
462,46.2,47.2,0.3525882065296173,0.3525882065296173
463,46.3,47.3,0.3593914210796356,0.3593914210796356
464,46.4,47.4,0.36706799268722534,0.36706799268722534
465,46.5,47.5,0.34916064143180847,0.34916064143180847
466,46.6,47.6,0.3518444001674652,0.3518444001674652
467,46.7,47.7,0.409090131521225,0.409090131521225
468,46.8,47.8,0.3316349387168884,0.3316349387168884
469,46.9,47.9,0.32467976212501526,0.32467976212501526
470,47.0,48.0,0.2869023084640503,0.2869023084640503
471,47.1,48.1,0.32754653692245483,0.32754653692245483
472,47.2,48.2,0.38556021451950073,0.38556021451950073
473,47.3,48.3,0.3244316875934601,0.3244316875934601
474,47.4,48.4,0.29390284419059753,0.29390284419059753
475,47.5,48.5,0.4143558740615845,0.4143558740615845
476,47.6,48.6,0.3531239330768585,0.3531239330768585
477,47.7,48.7,0.29450711607933044,0.29450711607933044
478,47.8,48.8,0.38290849328041077,0.38290849328041077
479,47.9,48.9,0.39710041880607605,0.39710041880607605
480,48.0,49.0,0.31466197967529297,0.31466197967529297
481,48.1,49.1,0.2767677307128906,0.2767677307128906
482,48.2,49.2,0.3448423445224762,0.3448423445224762
483,48.3,49.3,0.3012540936470032,0.3012540936470032
484,48.4,49.4,0.30729639530181885,0.30729639530181885
485,48.5,49.5,0.3979031443595886,0.3979031443595886
486,48.6,49.6,0.30780652165412903,0.30780652165412903
487,48.7,49.7,0.2990618348121643,0.2990618348121643
488,48.8,49.8,0.34447088837623596,0.34447088837623596
489,48.9,49.9,0.3698144853115082,0.3698144853115082
490,49.0,50.0,0.3995581269264221,0.3995581269264221
491,49.1,50.1,0.542102038860321,0.542102038860321
492,49.2,50.2,0.5620761513710022,0.5620761513710022
493,49.3,50.3,0.4466198682785034,0.4466198682785034
494,49.4,50.4,0.2821660041809082,0.2821660041809082
495,49.5,50.5,0.3572300970554352,0.3572300970554352
496,49.6,50.6,0.2975667119026184,0.2975667119026184
497,49.7,50.7,0.4193763732910156,0.4193763732910156
498,49.8,50.8,0.4199070334434509,0.4199070334434509
499,49.9,50.9,0.42734822630882263,0.42734822630882263
500,50.0,51.0,0.34106212854385376,0.34106212854385376
501,50.1,51.1,0.3484533429145813,0.3484533429145813
502,50.2,51.2,0.3793409466743469,0.3793409466743469
503,50.3,51.3,0.32589659094810486,0.32589659094810486
504,50.4,51.4,0.3162386119365692,0.3162386119365692
505,50.5,51.5,0.4183397889137268,0.4183397889137268
506,50.6,51.6,0.378496915102005,0.378496915102005
507,50.7,51.7,0.36725229024887085,0.36725229024887085
508,50.8,51.8,0.3161427676677704,0.3161427676677704
509,50.9,51.9,0.3361905813217163,0.3361905813217163
510,51.0,52.0,0.3811553418636322,0.3811553418636322
511,51.1,52.1,0.34995752573013306,0.34995752573013306
512,51.2,52.2,0.4392450451850891,0.4392450451850891
513,51.3,52.3,0.4042578637599945,0.4042578637599945
514,51.4,52.4,0.3912743628025055,0.3912743628025055
515,51.5,52.5,0.2833273410797119,0.2833273410797119
516,51.6,52.6,0.28947752714157104,0.28947752714157104
517,51.7,52.7,0.35902953147888184,0.35902953147888184
518,51.8,52.8,0.39425763487815857,0.39425763487815857
519,51.9,52.9,0.3655407428741455,0.3655407428741455
520,52.0,53.0,0.4020107388496399,0.4020107388496399
521,52.1,53.1,0.3688947260379791,0.3688947260379791
522,52.2,53.2,0.3942667543888092,0.3942667543888092
523,52.3,53.3,0.4505274295806885,0.4505274295806885
524,52.4,53.4,0.549565851688385,0.549565851688385
525,52.5,53.5,0.488154798746109,0.488154798746109
526,52.6,53.6,0.4347166121006012,0.4347166121006012
527,52.7,53.7,0.5292664170265198,0.5292664170265198
528,52.8,53.8,0.6309035420417786,0.6309035420417786
529,52.9,53.9,0.4470091760158539,0.4470091760158539
530,53.0,54.0,0.5949901342391968,0.5949901342391968
531,53.1,54.1,0.553939163684845,0.553939163684845
532,53.2,54.2,0.472076416015625,0.472076416015625
533,53.3,54.3,0.4850434362888336,0.4850434362888336
534,53.4,54.4,0.4626094102859497,0.4626094102859497
535,53.5,54.5,0.41672495007514954,0.41672495007514954
536,53.6,54.6,0.29182350635528564,0.29182350635528564
537,53.7,54.7,0.30318599939346313,0.30318599939346313
538,53.8,54.8,0.3629904091358185,0.3629904091358185
539,53.9,54.9,0.4169204831123352,0.4169204831123352
540,54.0,55.0,0.2941535413265228,0.2941535413265228
541,54.1,55.1,0.3183099925518036,0.3183099925518036
542,54.2,55.2,0.49496990442276,0.49496990442276
543,54.3,55.3,0.3040753901004791,0.3040753901004791
544,54.4,55.4,0.3316649794578552,0.3316649794578552
545,54.5,55.5,0.3705085813999176,0.3705085813999176
546,54.6,55.6,0.36039724946022034,0.36039724946022034
547,54.7,55.7,0.3301578462123871,0.3301578462123871
548,54.8,55.8,0.38399145007133484,0.38399145007133484
549,54.9,55.9,0.2920268774032593,0.2920268774032593
550,55.0,56.0,0.36518609523773193,0.36518609523773193
551,55.1,56.1,0.3259603679180145,0.3259603679180145
552,55.2,56.2,0.30336034297943115,0.30336034297943115
553,55.3,56.3,0.3169252574443817,0.3169252574443817
554,55.4,56.4,0.32628026604652405,0.32628026604652405
555,55.5,56.5,0.3002740740776062,0.3002740740776062
556,55.6,56.6,0.24671922624111176,0.24671922624111176
557,55.7,56.7,0.2894483506679535,0.2894483506679535
558,55.8,56.8,0.2930242419242859,0.2930242419242859
559,55.9,56.9,0.31900250911712646,0.31900250911712646
560,56.0,57.0,0.2627919316291809,0.2627919316291809
561,56.1,57.1,0.29366716742515564,0.29366716742515564
562,56.2,57.2,0.3155078589916229,0.3155078589916229
563,56.3,57.3,0.5980701446533203,0.5980701446533203
564,56.4,57.4,0.3065192699432373,0.3065192699432373
565,56.5,57.5,0.5830732583999634,0.5830732583999634
566,56.6,57.6,0.392151415348053,0.392151415348053
567,56.7,57.7,0.33942294120788574,0.33942294120788574
568,56.8,57.8,0.3204885721206665,0.3204885721206665
569,56.9,57.9,0.30916881561279297,0.30916881561279297
570,57.0,58.0,0.3253556787967682,0.3253556787967682
571,57.1,58.1,0.39823079109191895,0.39823079109191895
572,57.2,58.2,0.3994165360927582,0.3994165360927582
573,57.3,58.3,0.4969872236251831,0.4969872236251831
574,57.4,58.4,0.42281803488731384,0.42281803488731384
575,57.5,58.5,0.35749465227127075,0.35749465227127075
576,57.6,58.6,0.3644547462463379,0.3644547462463379
577,57.7,58.7,0.3493855595588684,0.3493855595588684
578,57.8,58.8,0.36025840044021606,0.36025840044021606
579,57.9,58.9,0.40065309405326843,0.40065309405326843
580,58.0,59.0,0.4032415449619293,0.4032415449619293
581,58.1,59.1,0.37803998589515686,0.37803998589515686
582,58.2,59.2,0.2747487723827362,0.2747487723827362
583,58.3,59.3,0.34679466485977173,0.34679466485977173
584,58.4,59.4,0.4000053107738495,0.4000053107738495
585,58.5,59.5,0.46762457489967346,0.46762457489967346
586,58.6,59.6,0.32138052582740784,0.32138052582740784
587,58.7,59.7,0.30545976758003235,0.30545976758003235
588,58.8,59.8,0.32630714774131775,0.32630714774131775
589,58.9,59.9,0.27099207043647766,0.27099207043647766
590,59.0,60.0,0.27889660000801086,0.27889660000801086
591,59.1,60.1,0.3352147340774536,0.3352147340774536
592,59.2,60.2,0.3632570207118988,0.3632570207118988
593,59.3,60.3,0.27988359332084656,0.27988359332084656
594,59.4,60.4,0.34177714586257935,0.34177714586257935
595,59.5,60.5,0.31393173336982727,0.31393173336982727
596,59.6,60.6,0.3382987678050995,0.3382987678050995
597,59.7,60.7,0.3578454554080963,0.3578454554080963
598,59.8,60.8,0.4009196162223816,0.4009196162223816
599,59.9,60.9,0.31859004497528076,0.31859004497528076
600,60.0,61.0,0.31132325530052185,0.31132325530052185
601,60.1,61.1,0.29300668835639954,0.29300668835639954
602,60.2,61.2,0.2755022346973419,0.2755022346973419
603,60.3,61.3,0.3285859227180481,0.3285859227180481
604,60.4,61.4,0.41932404041290283,0.41932404041290283
605,60.5,61.5,0.2642800211906433,0.2642800211906433
606,60.6,61.6,0.3212427794933319,0.3212427794933319
607,60.7,61.7,0.34652239084243774,0.34652239084243774
608,60.8,61.8,0.3303399980068207,0.3303399980068207
609,60.9,61.9,0.3020162284374237,0.3020162284374237
610,61.0,62.0,0.35183486342430115,0.35183486342430115
611,61.1,62.1,0.3427123725414276,0.3427123725414276
612,61.2,62.2,0.37808912992477417,0.37808912992477417
613,61.3,62.3,0.37859755754470825,0.37859755754470825
614,61.4,62.4,0.4158099591732025,0.4158099591732025
615,61.5,62.5,0.39868301153182983,0.39868301153182983
616,61.6,62.6,0.5833667516708374,0.5833667516708374
617,61.7,62.7,0.31570881605148315,0.31570881605148315
618,61.8,62.8,0.3358696699142456,0.3358696699142456
619,61.9,62.9,0.27246570587158203,0.27246570587158203
620,62.0,63.0,0.3689490556716919,0.3689490556716919
621,62.1,63.1,0.32659879326820374,0.32659879326820374
622,62.2,63.2,0.364170104265213,0.364170104265213
623,62.3,63.3,0.35786256194114685,0.35786256194114685
624,62.4,63.4,0.39102986454963684,0.39102986454963684
625,62.5,63.5,0.39463305473327637,0.39463305473327637
626,62.6,63.6,0.34235185384750366,0.34235185384750366
627,62.7,63.7,0.2800371050834656,0.2800371050834656
628,62.8,63.8,0.2831383943557739,0.2831383943557739
629,62.9,63.9,0.5124796032905579,0.5124796032905579
630,63.0,64.0,0.4086233973503113,0.4086233973503113
631,63.1,64.1,0.3701931834220886,0.3701931834220886
632,63.2,64.2,0.33143913745880127,0.33143913745880127
633,63.3,64.3,0.36001068353652954,0.36001068353652954
634,63.4,64.4,0.25587978959083557,0.25587978959083557
635,63.5,64.5,0.2617206871509552,0.2617206871509552
636,63.6,64.6,0.27995553612709045,0.27995553612709045
637,63.7,64.7,0.3517340123653412,0.3517340123653412
638,63.8,64.8,0.41274702548980713,0.41274702548980713
639,63.9,64.9,0.35934144258499146,0.35934144258499146
640,64.0,65.0,0.4584377110004425,0.4584377110004425
641,64.1,65.1,0.3722238540649414,0.3722238540649414
642,64.2,65.2,0.4431658685207367,0.4431658685207367
643,64.3,65.3,0.36818283796310425,0.36818283796310425
644,64.4,65.4,0.3137705624103546,0.3137705624103546
645,64.5,65.5,0.34344008564949036,0.34344008564949036
646,64.6,65.6,0.29142600297927856,0.29142600297927856
647,64.7,65.7,0.3076050281524658,0.3076050281524658
648,64.8,65.8,0.35453909635543823,0.35453909635543823
649,64.9,65.9,0.5490005016326904,0.5490005016326904
650,65.0,66.0,0.5338994860649109,0.5338994860649109
651,65.1,66.1,0.3622324764728546,0.3622324764728546
652,65.2,66.2,0.38846051692962646,0.38846051692962646
653,65.3,66.3,0.3658628761768341,0.3658628761768341
654,65.4,66.4,0.38430264592170715,0.38430264592170715
655,65.5,66.5,0.4047596752643585,0.4047596752643585
656,65.6,66.6,0.3513064682483673,0.3513064682483673
657,65.7,66.7,0.3299487829208374,0.3299487829208374
658,65.8,66.8,0.2893599569797516,0.2893599569797516
659,65.9,66.9,0.29080119729042053,0.29080119729042053
660,66.0,67.0,0.3094424307346344,0.3094424307346344
661,66.1,67.1,0.31279632449150085,0.31279632449150085
662,66.2,67.2,0.31541314721107483,0.31541314721107483
663,66.3,67.3,0.26700854301452637,0.26700854301452637
664,66.4,67.4,0.3063723146915436,0.3063723146915436
665,66.5,67.5,0.31308016180992126,0.31308016180992126
666,66.6,67.6,0.301974356174469,0.301974356174469
667,66.7,67.7,0.33943942189216614,0.33943942189216614
668,66.8,67.8,0.333515465259552,0.333515465259552
669,66.9,67.9,0.28841155767440796,0.28841155767440796
670,67.0,68.0,0.3082208037376404,0.3082208037376404
671,67.1,68.1,0.3207511007785797,0.3207511007785797
672,67.2,68.2,0.3786943852901459,0.3786943852901459
673,67.3,68.3,0.42058688402175903,0.42058688402175903
674,67.4,68.4,0.3559544086456299,0.3559544086456299
675,67.5,68.5,0.34491610527038574,0.34491610527038574
676,67.6,68.6,0.3497515022754669,0.3497515022754669
677,67.7,68.7,0.40645459294319153,0.40645459294319153
678,67.8,68.8,0.26992881298065186,0.26992881298065186
679,67.9,68.9,0.37963375449180603,0.37963375449180603
680,68.0,69.0,0.3907768130302429,0.3907768130302429
681,68.1,69.1,0.3425252437591553,0.3425252437591553
682,68.2,69.2,0.42000776529312134,0.42000776529312134
683,68.3,69.3,0.41150131821632385,0.41150131821632385
684,68.4,69.4,0.32772907614707947,0.32772907614707947
685,68.5,69.5,0.3173533082008362,0.3173533082008362
686,68.6,69.6,0.3540269732475281,0.3540269732475281
687,68.7,69.7,0.2981225550174713,0.2981225550174713
688,68.8,69.8,0.25292670726776123,0.25292670726776123
689,68.9,69.9,0.3001457154750824,0.3001457154750824
690,69.0,70.0,0.28631994128227234,0.28631994128227234
691,69.1,70.1,0.31210413575172424,0.31210413575172424
692,69.2,70.2,0.4814656972885132,0.4814656972885132
693,69.3,70.3,0.5127272605895996,0.5127272605895996
694,69.4,70.4,0.4028431475162506,0.4028431475162506
695,69.5,70.5,0.39565911889076233,0.39565911889076233
696,69.6,70.6,0.3173586130142212,0.3173586130142212
697,69.7,70.7,0.27831557393074036,0.27831557393074036
698,69.8,70.8,0.266482949256897,0.266482949256897
699,69.9,70.9,0.23198199272155762,0.23198199272155762
700,70.0,71.0,0.334276020526886,0.334276020526886
701,70.1,71.1,0.4243561923503876,0.4243561923503876
702,70.2,71.2,0.4351252317428589,0.4351252317428589
703,70.3,71.3,0.440927654504776,0.440927654504776
704,70.4,71.4,0.47623586654663086,0.47623586654663086
705,70.5,71.5,0.4832770526409149,0.4832770526409149
706,70.6,71.6,0.445421040058136,0.445421040058136
707,70.7,71.7,0.5779957175254822,0.5779957175254822
708,70.8,71.8,0.6501157879829407,0.6501157879829407
709,70.9,71.9,0.465188205242157,0.465188205242157
710,71.0,72.0,0.34063833951950073,0.34063833951950073
711,71.1,72.1,0.4460807144641876,0.4460807144641876
712,71.2,72.2,0.6030902862548828,0.6030902862548828
713,71.3,72.3,0.3060604929924011,0.3060604929924011
714,71.4,72.4,0.38639214634895325,0.38639214634895325
715,71.5,72.5,0.41181036829948425,0.41181036829948425
716,71.6,72.6,0.29288449883461,0.29288449883461
717,71.7,72.7,0.36253446340560913,0.36253446340560913
718,71.8,72.8,0.32032710313796997,0.32032710313796997
719,71.9,72.9,0.29451292753219604,0.29451292753219604
720,72.0,73.0,0.3006461560726166,0.3006461560726166
721,72.1,73.1,0.3519613444805145,0.3519613444805145
722,72.2,73.2,0.3471161127090454,0.3471161127090454
723,72.3,73.3,0.4566737413406372,0.4566737413406372
724,72.4,73.4,0.42461222410202026,0.42461222410202026
725,72.5,73.5,0.48227158188819885,0.48227158188819885
726,72.6,73.6,0.7492208480834961,0.7492208480834961
727,72.7,73.7,0.8145299553871155,0.8145299553871155
728,72.8,73.8,0.6706147789955139,0.6706147789955139
729,72.9,73.9,0.8147007822990417,0.8147007822990417
730,73.0,74.0,0.6591278314590454,0.6591278314590454
731,73.1,74.1,0.7678955793380737,0.7678955793380737
732,73.2,74.2,0.5824029445648193,0.5824029445648193
733,73.3,74.3,0.5509064793586731,0.5509064793586731
734,73.4,74.4,0.403602659702301,0.403602659702301
735,73.5,74.5,0.6114053726196289,0.6114053726196289
736,73.6,74.6,0.13438372313976288,0.13438372313976288
737,73.7,74.7,0.33052903413772583,0.33052903413772583
738,73.8,74.8,0.39653831720352173,0.39653831720352173
739,73.9,74.9,0.317361056804657,0.317361056804657
740,74.0,75.0,0.363611102104187,0.363611102104187
741,74.1,75.1,0.2617746591567993,0.2617746591567993
742,74.2,75.2,0.5283541679382324,0.5283541679382324
743,74.3,75.3,0.42381471395492554,0.42381471395492554
744,74.4,75.4,0.36259832978248596,0.36259832978248596
745,74.5,75.5,0.4639923572540283,0.4639923572540283
746,74.6,75.6,0.3548854887485504,0.3548854887485504
747,74.7,75.7,0.31937727332115173,0.31937727332115173
748,74.8,75.8,0.3747977614402771,0.3747977614402771
749,74.9,75.9,0.3578231930732727,0.3578231930732727
750,75.0,76.0,0.32307350635528564,0.32307350635528564
751,75.1,76.1,0.3619547188282013,0.3619547188282013
752,75.2,76.2,0.3283121883869171,0.3283121883869171
753,75.3,76.3,0.3189437687397003,0.3189437687397003
754,75.4,76.4,0.25454720854759216,0.25454720854759216
755,75.5,76.5,0.34043288230895996,0.34043288230895996
756,75.6,76.6,0.4051574766635895,0.4051574766635895
757,75.7,76.7,0.37668576836586,0.37668576836586
758,75.8,76.8,0.34345853328704834,0.34345853328704834
759,75.9,76.9,0.5237115621566772,0.5237115621566772
760,76.0,77.0,0.30808475613594055,0.30808475613594055
761,76.1,77.1,0.3761863112449646,0.3761863112449646
762,76.2,77.2,0.40677154064178467,0.40677154064178467
763,76.3,77.3,0.37089619040489197,0.37089619040489197
764,76.4,77.4,0.2883989214897156,0.2883989214897156
765,76.5,77.5,0.41564998030662537,0.41564998030662537
766,76.6,77.6,0.5142037868499756,0.5142037868499756
767,76.7,77.7,0.28787463903427124,0.28787463903427124
768,76.8,77.8,0.3525850474834442,0.3525850474834442
769,76.9,77.9,0.30622896552085876,0.30622896552085876
770,77.0,78.0,0.30392444133758545,0.30392444133758545
771,77.1,78.1,0.3330138623714447,0.3330138623714447
772,77.2,78.2,0.3832719326019287,0.3832719326019287
773,77.3,78.3,0.30841806530952454,0.30841806530952454
774,77.4,78.4,0.33968478441238403,0.33968478441238403
775,77.5,78.5,0.3196919560432434,0.3196919560432434
776,77.6,78.6,0.3037135601043701,0.3037135601043701
777,77.7,78.7,0.321987122297287,0.321987122297287
778,77.8,78.8,0.386266827583313,0.386266827583313
779,77.9,78.9,0.3678654730319977,0.3678654730319977
780,78.0,79.0,0.3458755910396576,0.3458755910396576
781,78.1,79.1,0.37044674158096313,0.37044674158096313
782,78.2,79.2,0.3109844923019409,0.3109844923019409
783,78.3,79.3,0.32983118295669556,0.32983118295669556
784,78.4,79.4,0.3081827759742737,0.3081827759742737
785,78.5,79.5,0.38639456033706665,0.38639456033706665
786,78.6,79.6,0.32672882080078125,0.32672882080078125
787,78.7,79.7,0.32239705324172974,0.32239705324172974
788,78.8,79.8,0.32405000925064087,0.32405000925064087
789,78.9,79.9,0.35610005259513855,0.35610005259513855
790,79.0,80.0,0.43863382935523987,0.43863382935523987
791,79.1,80.1,0.33546122908592224,0.33546122908592224
792,79.2,80.2,0.36142265796661377,0.36142265796661377
793,79.3,80.3,0.34901729226112366,0.34901729226112366
794,79.4,80.4,0.39582398533821106,0.39582398533821106
795,79.5,80.5,0.3102082908153534,0.3102082908153534
796,79.6,80.6,0.32952138781547546,0.32952138781547546
797,79.7,80.7,0.33977586030960083,0.33977586030960083
798,79.8,80.8,0.3855670392513275,0.3855670392513275
799,79.9,80.9,0.3801182210445404,0.3801182210445404
800,80.0,81.0,0.5026546120643616,0.5026546120643616
801,80.1,81.1,0.5332313776016235,0.5332313776016235
802,80.2,81.2,0.36873653531074524,0.36873653531074524
803,80.3,81.3,0.3597836196422577,0.3597836196422577
804,80.4,81.4,0.36814090609550476,0.36814090609550476
805,80.5,81.5,0.33272653818130493,0.33272653818130493
806,80.6,81.6,0.3801814615726471,0.3801814615726471
807,80.7,81.7,0.4789557158946991,0.4789557158946991
808,80.8,81.8,0.3301270604133606,0.3301270604133606
809,80.9,81.9,0.41511625051498413,0.41511625051498413
810,81.0,82.0,0.3516184985637665,0.3516184985637665
811,81.1,82.1,0.26861876249313354,0.26861876249313354
812,81.2,82.2,0.31751519441604614,0.31751519441604614
813,81.3,82.3,0.6892021894454956,0.6892021894454956
814,81.4,82.4,0.6790717840194702,0.6790717840194702
815,81.5,82.5,0.6067160367965698,0.6067160367965698
816,81.6,82.6,0.5753498673439026,0.5753498673439026
817,81.7,82.7,0.6883068680763245,0.6883068680763245
818,81.8,82.8,0.775712251663208,0.775712251663208
819,81.9,82.9,0.6587750315666199,0.6587750315666199
820,82.0,83.0,0.6303268671035767,0.6303268671035767
821,82.1,83.1,0.30108025670051575,0.30108025670051575
822,82.2,83.2,0.25083255767822266,0.25083255767822266
823,82.3,83.3,0.1372150033712387,0.1372150033712387
824,82.4,83.4,0.19096675515174866,0.19096675515174866
825,82.5,83.5,0.02658296935260296,0.02658296935260296
826,82.6,83.6,0.05726246163249016,0.05726246163249016
827,82.7,83.7,0.12197097390890121,0.12197097390890121
828,82.8,83.8,0.29189902544021606,0.29189902544021606
829,82.9,83.9,0.534045398235321,0.534045398235321
830,83.0,84.0,0.5173507928848267,0.5173507928848267
831,83.1,84.1,0.6584253907203674,0.6584253907203674
832,83.2,84.2,0.8022377490997314,0.8022377490997314
833,83.3,84.3,0.8149921298027039,0.8149921298027039
834,83.4,84.4,0.7051634788513184,0.7051634788513184
835,83.5,84.5,0.6058735847473145,0.6058735847473145
836,83.6,84.6,0.5117639303207397,0.5117639303207397
837,83.7,84.7,0.49921607971191406,0.49921607971191406
838,83.8,84.8,0.44442179799079895,0.44442179799079895
839,83.9,84.9,0.45996302366256714,0.45996302366256714
840,84.0,85.0,0.4465447962284088,0.4465447962284088
841,84.1,85.1,0.3505149483680725,0.3505149483680725
842,84.2,85.2,0.4247143268585205,0.4247143268585205
843,84.3,85.3,0.3329062759876251,0.3329062759876251
844,84.4,85.4,0.3203880786895752,0.3203880786895752
845,84.5,85.5,0.33387595415115356,0.33387595415115356
846,84.6,85.6,0.4080730676651001,0.4080730676651001
847,84.7,85.7,0.43077120184898376,0.43077120184898376
848,84.8,85.8,0.40234145522117615,0.40234145522117615
849,84.9,85.9,0.29239949584007263,0.29239949584007263
850,85.0,86.0,0.431146502494812,0.431146502494812
851,85.1,86.1,0.3657222390174866,0.3657222390174866
852,85.2,86.2,0.3254973888397217,0.3254973888397217
853,85.3,86.3,0.2876148223876953,0.2876148223876953
854,85.4,86.4,0.31188538670539856,0.31188538670539856
855,85.5,86.5,0.3641084134578705,0.3641084134578705
856,85.6,86.6,0.4133450388908386,0.4133450388908386
857,85.7,86.7,0.32851070165634155,0.32851070165634155
858,85.8,86.8,0.4559553861618042,0.4559553861618042
859,85.9,86.9,0.5477384328842163,0.5477384328842163
860,86.0,87.0,0.4516327381134033,0.4516327381134033
861,86.1,87.1,0.4582352340221405,0.4582352340221405
862,86.2,87.2,0.31921109557151794,0.31921109557151794
863,86.3,87.3,0.32832756638526917,0.32832756638526917
864,86.4,87.4,0.36663323640823364,0.36663323640823364
865,86.5,87.5,0.4117770493030548,0.4117770493030548
866,86.6,87.6,0.5192553400993347,0.5192553400993347
867,86.7,87.7,0.3976311981678009,0.3976311981678009
868,86.8,87.8,0.35617902874946594,0.35617902874946594
869,86.9,87.9,0.3377363681793213,0.3377363681793213
870,87.0,88.0,0.3436807096004486,0.3436807096004486
871,87.1,88.1,0.5937463641166687,0.5937463641166687
872,87.2,88.2,0.6934911012649536,0.6934911012649536
873,87.3,88.3,0.5043892860412598,0.5043892860412598
874,87.4,88.4,0.4935612380504608,0.4935612380504608
875,87.5,88.5,0.2805986702442169,0.2805986702442169
876,87.6,88.6,0.30410000681877136,0.30410000681877136
877,87.7,88.7,0.1339438557624817,0.1339438557624817
878,87.8,88.8,0.17680509388446808,0.17680509388446808
879,87.9,88.9,0.26179683208465576,0.26179683208465576
880,88.0,89.0,0.26238852739334106,0.26238852739334106
881,88.1,89.1,0.22734986245632172,0.22734986245632172
882,88.2,89.2,0.47961246967315674,0.47961246967315674
883,88.3,89.3,0.46348485350608826,0.46348485350608826
884,88.4,89.4,0.2481997013092041,0.2481997013092041
885,88.5,89.5,0.18664495646953583,0.18664495646953583
886,88.6,89.6,0.20852912962436676,0.20852912962436676
887,88.7,89.7,0.130865216255188,0.130865216255188
888,88.8,89.8,0.3881635367870331,0.3881635367870331
889,88.9,89.9,0.3917437195777893,0.3917437195777893
890,89.0,90.0,0.26376086473464966,0.26376086473464966
891,89.1,90.1,0.3489237427711487,0.3489237427711487
892,89.2,90.2,0.5011425614356995,0.5011425614356995
893,89.3,90.3,0.27619579434394836,0.27619579434394836
894,89.4,90.4,0.2714330554008484,0.2714330554008484
895,89.5,90.5,0.3533214032649994,0.3533214032649994
896,89.6,90.6,0.38696494698524475,0.38696494698524475
897,89.7,90.7,0.44463250041007996,0.44463250041007996
898,89.8,90.8,0.43078434467315674,0.43078434467315674
899,89.9,90.9,0.44970884919166565,0.44970884919166565
900,90.0,91.0,0.47031882405281067,0.47031882405281067
901,90.1,91.1,0.4640323519706726,0.4640323519706726
902,90.2,91.2,0.44349434971809387,0.44349434971809387
903,90.3,91.3,0.4342319071292877,0.4342319071292877
904,90.4,91.4,0.3466419577598572,0.3466419577598572
905,90.5,91.5,0.25717297196388245,0.25717297196388245
906,90.6,91.6,0.35130584239959717,0.35130584239959717
907,90.7,91.7,0.4363015592098236,0.4363015592098236
908,90.8,91.8,0.34367135167121887,0.34367135167121887
909,90.9,91.9,0.39745619893074036,0.39745619893074036
910,91.0,92.0,0.35936450958251953,0.35936450958251953
911,91.1,92.1,0.39303165674209595,0.39303165674209595
912,91.2,92.2,0.3586595058441162,0.3586595058441162
913,91.3,92.3,0.3899083733558655,0.3899083733558655
914,91.4,92.4,0.5140913128852844,0.5140913128852844
915,91.5,92.5,0.38607069849967957,0.38607069849967957
916,91.6,92.6,0.32274380326271057,0.32274380326271057
917,91.7,92.7,0.30302464962005615,0.30302464962005615
918,91.8,92.8,0.47753486037254333,0.47753486037254333
919,91.9,92.9,0.21695849299430847,0.21695849299430847
920,92.0,93.0,0.25602224469184875,0.25602224469184875
921,92.1,93.1,0.3461417555809021,0.3461417555809021
922,92.2,93.2,0.6528767943382263,0.6528767943382263
923,92.3,93.3,0.6624523401260376,0.6624523401260376
924,92.4,93.4,0.8816888332366943,0.8816888332366943
925,92.5,93.5,0.9513047337532043,0.9513047337532043
926,92.6,93.6,0.965945839881897,0.965945839881897
927,92.7,93.7,0.8468679189682007,0.8468679189682007
928,92.8,93.8,0.9476402401924133,0.9476402401924133
929,92.9,93.9,0.6877594590187073,0.6877594590187073
930,93.0,94.0,0.5434713959693909,0.5434713959693909
931,93.1,94.1,0.5311521291732788,0.5311521291732788
932,93.2,94.2,0.40540632605552673,0.40540632605552673
933,93.3,94.3,0.5211882591247559,0.5211882591247559
934,93.4,94.4,0.47260308265686035,0.47260308265686035
935,93.5,94.5,0.40587255358695984,0.40587255358695984
936,93.6,94.6,0.4337252974510193,0.4337252974510193
937,93.7,94.7,0.33137980103492737,0.33137980103492737
938,93.8,94.8,0.35655030608177185,0.35655030608177185
939,93.9,94.9,0.5132048726081848,0.5132048726081848
940,94.0,95.0,0.48358431458473206,0.48358431458473206
941,94.1,95.1,0.39591965079307556,0.39591965079307556
942,94.2,95.2,0.5141915678977966,0.5141915678977966
943,94.3,95.3,0.5779358744621277,0.5779358744621277
944,94.4,95.4,0.424224317073822,0.424224317073822
945,94.5,95.5,0.3277008533477783,0.3277008533477783
946,94.6,95.6,0.3740050196647644,0.3740050196647644
947,94.7,95.7,0.3646261394023895,0.3646261394023895
948,94.8,95.8,0.31522151827812195,0.31522151827812195
949,94.9,95.9,0.5607032775878906,0.5607032775878906
950,95.0,96.0,0.6212721467018127,0.6212721467018127
951,95.1,96.1,0.3864784836769104,0.3864784836769104
952,95.2,96.2,0.4365021884441376,0.4365021884441376
953,95.3,96.3,0.33733129501342773,0.33733129501342773
954,95.4,96.4,0.45492851734161377,0.45492851734161377
955,95.5,96.5,0.404428631067276,0.404428631067276
956,95.6,96.6,0.4178503453731537,0.4178503453731537
957,95.7,96.7,0.2386535108089447,0.2386535108089447
958,95.8,96.8,0.26872071623802185,0.26872071623802185
959,95.9,96.9,0.12421523779630661,0.12421523779630661
960,96.0,97.0,0.27950987219810486,0.27950987219810486
961,96.1,97.1,0.31241515278816223,0.31241515278816223
962,96.2,97.2,0.5301069021224976,0.5301069021224976
963,96.3,97.3,0.6651529669761658,0.6651529669761658
964,96.4,97.4,0.8090415000915527,0.8090415000915527
965,96.5,97.5,0.8381527066230774,0.8381527066230774
966,96.6,97.6,0.8321636915206909,0.8321636915206909
967,96.7,97.7,0.7672825455665588,0.7672825455665588
968,96.8,97.8,0.6782187223434448,0.6782187223434448
969,96.9,97.9,0.5452562570571899,0.5452562570571899
970,97.0,98.0,0.5970690846443176,0.5970690846443176
971,97.1,98.1,0.4812260866165161,0.4812260866165161
972,97.2,98.2,0.35482099652290344,0.35482099652290344
973,97.3,98.3,0.33003148436546326,0.33003148436546326
974,97.4,98.4,0.36068663001060486,0.36068663001060486
975,97.5,98.5,0.34693998098373413,0.34693998098373413
976,97.6,98.6,0.37816712260246277,0.37816712260246277
977,97.7,98.7,0.34355640411376953,0.34355640411376953
978,97.8,98.8,0.38210368156433105,0.38210368156433105
979,97.9,98.9,0.3061279058456421,0.3061279058456421
980,98.0,99.0,0.4305236339569092,0.4305236339569092
981,98.1,99.1,0.29563918709754944,0.29563918709754944
982,98.2,99.2,0.32581016421318054,0.32581016421318054
983,98.3,99.3,0.32016098499298096,0.32016098499298096
984,98.4,99.4,0.436869740486145,0.436869740486145
985,98.5,99.5,0.46389174461364746,0.46389174461364746
986,98.6,99.6,0.42726218700408936,0.42726218700408936
987,98.7,99.7,0.4934535026550293,0.4934535026550293
988,98.8,99.8,0.4884282648563385,0.4884282648563385
989,98.9,99.9,0.40780773758888245,0.40780773758888245
990,99.0,100.0,0.4490012526512146,0.4490012526512146
991,99.1,100.1,0.4697897732257843,0.4697897732257843
992,99.2,100.2,0.42425402998924255,0.42425402998924255
993,99.3,100.3,0.4466289281845093,0.4466289281845093
994,99.4,100.4,0.43475696444511414,0.43475696444511414
995,99.5,100.5,0.42340222001075745,0.42340222001075745
996,99.6,100.6,0.34627243876457214,0.34627243876457214
997,99.7,100.7,0.38533535599708557,0.38533535599708557
998,99.8,100.8,0.4079287052154541,0.4079287052154541
999,99.9,100.9,0.3972950577735901,0.3972950577735901
1000,100.0,101.0,0.46084535121917725,0.46084535121917725
1001,100.1,101.1,0.4258902072906494,0.4258902072906494
1002,100.2,101.2,0.44815725088119507,0.44815725088119507
1003,100.3,101.3,0.4834344983100891,0.4834344983100891
1004,100.4,101.4,0.5756780505180359,0.5756780505180359
1005,100.5,101.5,0.617523193359375,0.617523193359375
1006,100.6,101.6,0.42778480052948,0.42778480052948
1007,100.7,101.7,0.42600899934768677,0.42600899934768677
1008,100.8,101.8,0.3521917760372162,0.3521917760372162
1009,100.9,101.9,0.3752971291542053,0.3752971291542053
1010,101.0,102.0,0.4069507122039795,0.4069507122039795
1011,101.1,102.1,0.4548662304878235,0.4548662304878235
1012,101.2,102.2,0.367380827665329,0.367380827665329
1013,101.3,102.3,0.3487068712711334,0.3487068712711334
1014,101.4,102.4,0.37464436888694763,0.37464436888694763
1015,101.5,102.5,0.3619535267353058,0.3619535267353058
1016,101.6,102.6,0.2774437367916107,0.2774437367916107
1017,101.7,102.7,0.3307642638683319,0.3307642638683319
1018,101.8,102.8,0.3395768702030182,0.3395768702030182
1019,101.9,102.9,0.34009501338005066,0.34009501338005066
1020,102.0,103.0,0.28439104557037354,0.28439104557037354
1021,102.1,103.1,0.372367799282074,0.372367799282074
1022,102.2,103.2,0.3642013669013977,0.3642013669013977
1023,102.3,103.3,0.3363933265209198,0.3363933265209198
1024,102.4,103.4,0.37878522276878357,0.37878522276878357
1025,102.5,103.5,0.3410351872444153,0.3410351872444153
1026,102.6,103.6,0.39257797598838806,0.39257797598838806
1027,102.7,103.7,0.38072437047958374,0.38072437047958374
1028,102.8,103.8,0.34196075797080994,0.34196075797080994
1029,102.9,103.9,0.3788435459136963,0.3788435459136963
1030,103.0,104.0,0.4743523895740509,0.4743523895740509
1031,103.1,104.1,0.37537574768066406,0.37537574768066406
1032,103.2,104.2,0.34499236941337585,0.34499236941337585
1033,103.3,104.3,0.30420124530792236,0.30420124530792236
1034,103.4,104.4,0.3430505394935608,0.3430505394935608
1035,103.5,104.5,0.45482566952705383,0.45482566952705383
1036,103.6,104.6,0.36650550365448,0.36650550365448
1037,103.7,104.7,0.41010531783103943,0.41010531783103943
1038,103.8,104.8,0.3690791130065918,0.3690791130065918
1039,103.9,104.9,0.4666637182235718,0.4666637182235718
1040,104.0,105.0,0.5090052485466003,0.5090052485466003
1041,104.1,105.1,0.4637213945388794,0.4637213945388794
1042,104.2,105.2,0.3198930323123932,0.3198930323123932
1043,104.3,105.3,0.34608057141304016,0.34608057141304016
1044,104.4,105.4,0.30648526549339294,0.30648526549339294
1045,104.5,105.5,0.5498161911964417,0.5498161911964417
1046,104.6,105.6,0.6237643957138062,0.6237643957138062
1047,104.7,105.7,0.5485647916793823,0.5485647916793823
1048,104.8,105.8,0.48652520775794983,0.48652520775794983
1049,104.9,105.9,0.4595848321914673,0.4595848321914673
1050,105.0,106.0,0.6633813381195068,0.6633813381195068
1051,105.1,106.1,0.7331581711769104,0.7331581711769104
1052,105.2,106.2,0.6851037740707397,0.6851037740707397
1053,105.3,106.3,0.7021996378898621,0.7021996378898621
1054,105.4,106.4,0.7066916227340698,0.7066916227340698
1055,105.5,106.5,0.7208675146102905,0.7208675146102905
1056,105.6,106.6,0.8048418760299683,0.8048418760299683
1057,105.7,106.7,0.529974102973938,0.529974102973938
1058,105.8,106.8,0.5425060391426086,0.5425060391426086
1059,105.9,106.9,0.5775278210639954,0.5775278210639954
1060,106.0,107.0,0.5831140875816345,0.5831140875816345
1061,106.1,107.1,0.5819609761238098,0.5819609761238098
1062,106.2,107.2,0.6368783116340637,0.6368783116340637
1063,106.3,107.3,0.5570123195648193,0.5570123195648193
1064,106.4,107.4,0.6284084916114807,0.6284084916114807
1065,106.5,107.5,0.5279346704483032,0.5279346704483032
1066,106.6,107.6,0.5952054858207703,0.5952054858207703
1067,106.7,107.7,0.6608816385269165,0.6608816385269165
1068,106.8,107.8,0.5699463486671448,0.5699463486671448
1069,106.9,107.9,0.3830651640892029,0.3830651640892029
1070,107.0,108.0,0.42706412076950073,0.42706412076950073
1071,107.1,108.1,0.4754538834095001,0.4754538834095001
1072,107.2,108.2,0.49845364689826965,0.49845364689826965
1073,107.3,108.3,0.5787800550460815,0.5787800550460815
1074,107.4,108.4,0.34824663400650024,0.34824663400650024
1075,107.5,108.5,0.30569934844970703,0.30569934844970703
1076,107.6,108.6,0.3787452280521393,0.3787452280521393
1077,107.7,108.7,0.3051541745662689,0.3051541745662689
1078,107.8,108.8,0.24620303511619568,0.24620303511619568
1079,107.9,108.9,0.3811870515346527,0.3811870515346527
1080,108.0,109.0,0.4627994894981384,0.4627994894981384
1081,108.1,109.1,0.4744943678379059,0.4744943678379059
1082,108.2,109.2,0.3859332203865051,0.3859332203865051
1083,108.3,109.3,0.4151821434497833,0.4151821434497833
1084,108.4,109.4,0.43967965245246887,0.43967965245246887
1085,108.5,109.5,0.5389811396598816,0.5389811396598816
1086,108.6,109.6,0.31215736269950867,0.31215736269950867
1087,108.7,109.7,0.27078771591186523,0.27078771591186523
1088,108.8,109.8,0.3423498272895813,0.3423498272895813
1089,108.9,109.9,0.4240502119064331,0.4240502119064331
1090,109.0,110.0,0.4052412807941437,0.4052412807941437
1091,109.1,110.1,0.43538281321525574,0.43538281321525574
1092,109.2,110.2,0.49645349383354187,0.49645349383354187
1093,109.3,110.3,0.5223705172538757,0.5223705172538757
1094,109.4,110.4,0.38388240337371826,0.38388240337371826
1095,109.5,110.5,0.38876456022262573,0.38876456022262573
1096,109.6,110.6,0.5021194219589233,0.5021194219589233
1097,109.7,110.7,0.5163851380348206,0.5163851380348206
1098,109.8,110.8,0.6123141646385193,0.6123141646385193
1099,109.9,110.9,0.6287125945091248,0.6287125945091248
1100,110.0,111.0,0.4577755928039551,0.4577755928039551
1101,110.1,111.1,0.4431372284889221,0.4431372284889221
1102,110.2,111.2,0.42684686183929443,0.42684686183929443
1103,110.3,111.3,0.4114266037940979,0.4114266037940979
1104,110.4,111.4,0.49101388454437256,0.49101388454437256
1105,110.5,111.5,0.7025306820869446,0.7025306820869446
1106,110.6,111.6,0.6552601456642151,0.6552601456642151
1107,110.7,111.7,0.5902749300003052,0.5902749300003052
1108,110.8,111.8,0.6682479381561279,0.6682479381561279
1109,110.9,111.9,0.5375450849533081,0.5375450849533081
1110,111.0,112.0,0.44101059436798096,0.44101059436798096
1111,111.1,112.1,0.4872192442417145,0.4872192442417145
1112,111.2,112.2,0.4718746840953827,0.4718746840953827
1113,111.3,112.3,0.39006277918815613,0.39006277918815613
1114,111.4,112.4,0.4320644736289978,0.4320644736289978
1115,111.5,112.5,0.34412652254104614,0.34412652254104614
1116,111.6,112.6,0.3176122009754181,0.3176122009754181
1117,111.7,112.7,0.2880898416042328,0.2880898416042328
1118,111.8,112.8,0.2847636938095093,0.2847636938095093
1119,111.9,112.9,0.33564943075180054,0.33564943075180054
1120,112.0,113.0,0.34467485547065735,0.34467485547065735
1121,112.1,113.1,0.31130123138427734,0.31130123138427734
1122,112.2,113.2,0.3508221507072449,0.3508221507072449
1123,112.3,113.3,0.35964569449424744,0.35964569449424744
1124,112.4,113.4,0.3304029107093811,0.3304029107093811
1125,112.5,113.5,0.3823050260543823,0.3823050260543823
1126,112.6,113.6,0.2872585952281952,0.2872585952281952
1127,112.7,113.7,0.33344051241874695,0.33344051241874695
1128,112.8,113.8,0.29306960105895996,0.29306960105895996
1129,112.9,113.9,0.2949460446834564,0.2949460446834564
1130,113.0,114.0,0.31414297223091125,0.31414297223091125
1131,113.1,114.1,0.2918148934841156,0.2918148934841156
1132,113.2,114.2,0.38941481709480286,0.38941481709480286
1133,113.3,114.3,0.40589579939842224,0.40589579939842224
1134,113.4,114.4,0.3828393518924713,0.3828393518924713
1135,113.5,114.5,0.4332360625267029,0.4332360625267029
1136,113.6,114.6,0.3721223473548889,0.3721223473548889
1137,113.7,114.7,0.3272295594215393,0.3272295594215393
1138,113.8,114.8,0.385121613740921,0.385121613740921
1139,113.9,114.9,0.3362191617488861,0.3362191617488861
1140,114.0,115.0,0.318342924118042,0.318342924118042
1141,114.1,115.1,0.39175349473953247,0.39175349473953247
1142,114.2,115.2,0.47694364190101624,0.47694364190101624
1143,114.3,115.3,0.39024248719215393,0.39024248719215393
1144,114.4,115.4,0.4877769649028778,0.4877769649028778
1145,114.5,115.5,0.39589640498161316,0.39589640498161316
1146,114.6,115.6,0.5162343382835388,0.5162343382835388
1147,114.7,115.7,0.3639320135116577,0.3639320135116577
1148,114.8,115.8,0.43348827958106995,0.43348827958106995
1149,114.9,115.9,0.3314574658870697,0.3314574658870697
1150,115.0,116.0,0.6088717579841614,0.6088717579841614
1151,115.1,116.1,0.28431254625320435,0.28431254625320435
1152,115.2,116.2,0.269748330116272,0.269748330116272
1153,115.3,116.3,0.33628734946250916,0.33628734946250916
1154,115.4,116.4,0.46941208839416504,0.46941208839416504
1155,115.5,116.5,0.34715139865875244,0.34715139865875244
1156,115.6,116.6,0.3126019835472107,0.3126019835472107
1157,115.7,116.7,0.3032395541667938,0.3032395541667938
1158,115.8,116.8,0.45333006978034973,0.45333006978034973
1159,115.9,116.9,0.39203232526779175,0.39203232526779175
1160,116.0,117.0,0.3555613160133362,0.3555613160133362
1161,116.1,117.1,0.4129564166069031,0.4129564166069031
1162,116.2,117.2,0.32383081316947937,0.32383081316947937
1163,116.3,117.3,0.47679442167282104,0.47679442167282104
1164,116.4,117.4,0.3056074380874634,0.3056074380874634
1165,116.5,117.5,0.35693278908729553,0.35693278908729553
1166,116.6,117.6,0.4619259834289551,0.4619259834289551
1167,116.7,117.7,0.46848195791244507,0.46848195791244507
1168,116.8,117.8,0.4691038727760315,0.4691038727760315
1169,116.9,117.9,0.358085572719574,0.358085572719574
1170,117.0,118.0,0.2921387553215027,0.2921387553215027
1171,117.1,118.1,0.4567905068397522,0.4567905068397522
1172,117.2,118.2,0.32032203674316406,0.32032203674316406
1173,117.3,118.3,0.4947764575481415,0.4947764575481415
1174,117.4,118.4,0.39287370443344116,0.39287370443344116
1175,117.5,118.5,0.396919846534729,0.396919846534729
1176,117.6,118.6,0.38922134041786194,0.38922134041786194
1177,117.7,118.7,0.36664703488349915,0.36664703488349915
1178,117.8,118.8,0.4324854612350464,0.4324854612350464
1179,117.9,118.9,0.4270728528499603,0.4270728528499603
1180,118.0,119.0,0.44132012128829956,0.44132012128829956
1181,118.1,119.1,0.48388737440109253,0.48388737440109253
1182,118.2,119.2,0.5096955895423889,0.5096955895423889
1183,118.3,119.3,0.38373109698295593,0.38373109698295593
1184,118.4,119.4,0.323153555393219,0.323153555393219
1185,118.5,119.5,0.33609244227409363,0.33609244227409363
1186,118.6,119.6,0.3008233904838562,0.3008233904838562
1187,118.7,119.7,0.30081838369369507,0.30081838369369507
1188,118.8,119.8,0.48061469197273254,0.48061469197273254
1189,118.9,119.9,0.2589637041091919,0.2589637041091919
1190,119.0,120.0,0.26385828852653503,0.26385828852653503
1191,119.1,120.1,0.2664993107318878,0.2664993107318878
1192,119.2,120.2,0.2860376536846161,0.2860376536846161
1193,119.3,120.3,0.07229127734899521,0.07229127734899521
1194,119.4,120.4,0.7320981621742249,0.7320981621742249
1195,119.5,120.5,0.7480902075767517,0.7480902075767517
1196,119.6,120.6,0.845629870891571,0.845629870891571
1197,119.7,120.7,0.9660947918891907,0.9660947918891907
1198,119.8,120.8,0.9233922958374023,0.9233922958374023
1199,119.9,120.9,0.9329036474227905,0.9329036474227905
1200,120.0,121.0,0.9527994394302368,0.9527994394302368
1201,120.1,121.1,0.8785413503646851,0.8785413503646851
1202,120.2,121.2,0.902428388595581,0.902428388595581
1203,120.3,121.3,0.991595447063446,0.991595447063446
1204,120.4,121.4,0.7251234650611877,0.7251234650611877
1205,120.5,121.5,0.752665638923645,0.752665638923645
1206,120.6,121.6,0.6889278888702393,0.6889278888702393
1207,120.7,121.7,0.6248900890350342,0.6248900890350342
1208,120.8,121.8,0.5477747321128845,0.5477747321128845
1209,120.9,121.9,0.6746912002563477,0.6746912002563477
1210,121.0,122.0,0.7786068916320801,0.7786068916320801
1211,121.1,122.1,0.7474668622016907,0.7474668622016907
1212,121.2,122.2,0.6803423166275024,0.6803423166275024
1213,121.3,122.3,0.6653015613555908,0.6653015613555908
1214,121.4,122.4,0.5054157376289368,0.5054157376289368
1215,121.5,122.5,0.27714088559150696,0.27714088559150696
1216,121.6,122.6,0.4040159285068512,0.4040159285068512
1217,121.7,122.7,0.5498485565185547,0.5498485565185547
1218,121.8,122.8,0.3830186128616333,0.3830186128616333
1219,121.9,122.9,0.27793025970458984,0.27793025970458984
1220,122.0,123.0,0.26623380184173584,0.26623380184173584
1221,122.1,123.1,0.27902066707611084,0.27902066707611084
1222,122.2,123.2,0.2442501187324524,0.2442501187324524
1223,122.3,123.3,0.280979186296463,0.280979186296463
1224,122.4,123.4,0.2763320803642273,0.2763320803642273
1225,122.5,123.5,0.30407676100730896,0.30407676100730896
1226,122.6,123.6,0.4232688248157501,0.4232688248157501
1227,122.7,123.7,0.4361749291419983,0.4361749291419983
1228,122.8,123.8,0.47329843044281006,0.47329843044281006
1229,122.9,123.9,0.4521840214729309,0.4521840214729309
1230,123.0,124.0,0.490936815738678,0.490936815738678
1231,123.1,124.1,0.5225695371627808,0.5225695371627808
1232,123.2,124.2,0.41624218225479126,0.41624218225479126
1233,123.3,124.3,0.435299813747406,0.435299813747406
1234,123.4,124.4,0.6266299486160278,0.6266299486160278
1235,123.5,124.5,0.6728370189666748,0.6728370189666748
1236,123.6,124.6,0.526471734046936,0.526471734046936
1237,123.7,124.7,0.4190133213996887,0.4190133213996887
1238,123.8,124.8,0.517903208732605,0.517903208732605
1239,123.9,124.9,0.4442964494228363,0.4442964494228363
1240,124.0,125.0,0.3404622972011566,0.3404622972011566
1241,124.1,125.1,0.30113884806632996,0.30113884806632996
1242,124.2,125.2,0.3964124023914337,0.3964124023914337
1243,124.3,125.3,0.3356824517250061,0.3356824517250061
1244,124.4,125.4,0.24108362197875977,0.24108362197875977
1245,124.5,125.5,0.3085627257823944,0.3085627257823944
1246,124.6,125.6,0.284799724817276,0.284799724817276
1247,124.7,125.7,0.4285854399204254,0.4285854399204254
1248,124.8,125.8,0.3759702444076538,0.3759702444076538
1249,124.9,125.9,0.37081247568130493,0.37081247568130493
1250,125.0,126.0,0.44256967306137085,0.44256967306137085
1251,125.1,126.1,0.47361770272254944,0.47361770272254944
1252,125.2,126.2,0.45402196049690247,0.45402196049690247
1253,125.3,126.3,0.34570929408073425,0.34570929408073425
1254,125.4,126.4,0.5078983306884766,0.5078983306884766
1255,125.5,126.5,0.357491135597229,0.357491135597229
1256,125.6,126.6,0.5349583625793457,0.5349583625793457
1257,125.7,126.7,0.32996198534965515,0.32996198534965515
1258,125.8,126.8,0.39808008074760437,0.39808008074760437
1259,125.9,126.9,0.3286207616329193,0.3286207616329193
1260,126.0,127.0,0.41391685605049133,0.41391685605049133
1261,126.1,127.1,0.28151047229766846,0.28151047229766846
1262,126.2,127.2,0.36276233196258545,0.36276233196258545
1263,126.3,127.3,0.3773982524871826,0.3773982524871826
1264,126.4,127.4,0.6059707403182983,0.6059707403182983
1265,126.5,127.5,0.509823203086853,0.509823203086853
1266,126.6,127.6,0.3913204073905945,0.3913204073905945
1267,126.7,127.7,0.36387863755226135,0.36387863755226135
1268,126.8,127.8,0.38719362020492554,0.38719362020492554
1269,126.9,127.9,0.36735472083091736,0.36735472083091736
1270,127.0,128.0,0.4188334047794342,0.4188334047794342
1271,127.1,128.1,0.5087054371833801,0.5087054371833801
1272,127.2,128.2,0.47475072741508484,0.47475072741508484
1273,127.3,128.3,0.6083446741104126,0.6083446741104126
1274,127.4,128.4,0.5163335800170898,0.5163335800170898
1275,127.5,128.5,0.41445282101631165,0.41445282101631165
1276,127.6,128.6,0.33826950192451477,0.33826950192451477
1277,127.7,128.7,0.31571024656295776,0.31571024656295776
1278,127.8,128.8,0.38565877079963684,0.38565877079963684
1279,127.9,128.9,0.38005223870277405,0.38005223870277405
1280,128.0,129.0,0.33436673879623413,0.33436673879623413
1281,128.1,129.1,0.3389724791049957,0.3389724791049957
1282,128.2,129.2,0.4138987064361572,0.4138987064361572
1283,128.3,129.3,0.5277539491653442,0.5277539491653442
1284,128.4,129.4,0.411154568195343,0.411154568195343
1285,128.5,129.5,0.40967729687690735,0.40967729687690735
1286,128.6,129.6,0.4392058551311493,0.4392058551311493
1287,128.7,129.7,0.38673287630081177,0.38673287630081177
1288,128.8,129.8,0.4215003550052643,0.4215003550052643
1289,128.9,129.9,0.3287004232406616,0.3287004232406616
1290,129.0,130.0,0.3595637083053589,0.3595637083053589
1291,129.1,130.1,0.3830416202545166,0.3830416202545166
1292,129.2,130.2,0.4603116512298584,0.4603116512298584
1293,129.3,130.3,0.39484986662864685,0.39484986662864685
1294,129.4,130.4,0.35034650564193726,0.35034650564193726
1295,129.5,130.5,0.34290429949760437,0.34290429949760437
1296,129.6,130.6,0.2851400375366211,0.2851400375366211
1297,129.7,130.7,0.29125353693962097,0.29125353693962097
1298,129.8,130.8,0.2929697036743164,0.2929697036743164
1299,129.9,130.9,0.3975220024585724,0.3975220024585724
1300,130.0,131.0,0.4423980712890625,0.4423980712890625
1301,130.1,131.1,0.358742892742157,0.358742892742157
1302,130.2,131.2,0.35395845770835876,0.35395845770835876
1303,130.3,131.3,0.3520675599575043,0.3520675599575043
1304,130.4,131.4,0.3129947781562805,0.3129947781562805
1305,130.5,131.5,0.34618011116981506,0.34618011116981506
1306,130.6,131.6,0.41709229350090027,0.41709229350090027
1307,130.7,131.7,0.44263529777526855,0.44263529777526855
1308,130.8,131.8,0.4124724864959717,0.4124724864959717
1309,130.9,131.9,0.37781476974487305,0.37781476974487305
1310,131.0,132.0,0.31646835803985596,0.31646835803985596
1311,131.1,132.1,0.3352624773979187,0.3352624773979187
1312,131.2,132.2,0.32485347986221313,0.32485347986221313
1313,131.3,132.3,0.19926190376281738,0.19926190376281738
1314,131.4,132.4,0.3032607138156891,0.3032607138156891
1315,131.5,132.5,0.2750181257724762,0.2750181257724762
1316,131.6,132.6,0.32035380601882935,0.32035380601882935
1317,131.7,132.7,0.32548731565475464,0.32548731565475464
1318,131.8,132.8,0.3162309229373932,0.3162309229373932
1319,131.9,132.9,0.2782116234302521,0.2782116234302521
1320,132.0,133.0,0.4079245924949646,0.4079245924949646
1321,132.1,133.1,0.4087773561477661,0.4087773561477661
1322,132.2,133.2,0.4569498300552368,0.4569498300552368
1323,132.3,133.3,0.42798909544944763,0.42798909544944763
1324,132.4,133.4,0.5144392251968384,0.5144392251968384
1325,132.5,133.5,0.4944262206554413,0.4944262206554413
1326,132.6,133.6,0.3860582411289215,0.3860582411289215
1327,132.7,133.7,0.44219595193862915,0.44219595193862915
1328,132.8,133.8,0.39104145765304565,0.39104145765304565
1329,132.9,133.9,0.4541201889514923,0.4541201889514923
1330,133.0,134.0,0.46768897771835327,0.46768897771835327
1331,133.1,134.1,0.4407631456851959,0.4407631456851959
1332,133.2,134.2,0.42940816283226013,0.42940816283226013
1333,133.3,134.3,0.3549610376358032,0.3549610376358032
1334,133.4,134.4,0.3733632564544678,0.3733632564544678
1335,133.5,134.5,0.37436336278915405,0.37436336278915405
1336,133.6,134.6,0.40828683972358704,0.40828683972358704
1337,133.7,134.7,0.4308584928512573,0.4308584928512573
1338,133.8,134.8,0.3770962655544281,0.3770962655544281
1339,133.9,134.9,0.40839776396751404,0.40839776396751404
1340,134.0,135.0,0.5021989345550537,0.5021989345550537
1341,134.1,135.1,0.46915194392204285,0.46915194392204285
1342,134.2,135.2,0.46334537863731384,0.46334537863731384
1343,134.3,135.3,0.5492830276489258,0.5492830276489258
1344,134.4,135.4,0.5579697489738464,0.5579697489738464
1345,134.5,135.5,0.4647722542285919,0.4647722542285919
1346,134.6,135.6,0.45145368576049805,0.45145368576049805
1347,134.7,135.7,0.39714476466178894,0.39714476466178894
1348,134.8,135.8,0.40654173493385315,0.40654173493385315
1349,134.9,135.9,0.4499207139015198,0.4499207139015198
1350,135.0,136.0,0.4197946786880493,0.4197946786880493
1351,135.1,136.1,0.5703961253166199,0.5703961253166199
1352,135.2,136.2,0.6097759008407593,0.6097759008407593
1353,135.3,136.3,0.47698238492012024,0.47698238492012024
1354,135.4,136.4,0.33789464831352234,0.33789464831352234
1355,135.5,136.5,0.473617821931839,0.473617821931839
1356,135.6,136.6,0.4215439558029175,0.4215439558029175
1357,135.7,136.7,0.391927033662796,0.391927033662796
1358,135.8,136.8,0.36059364676475525,0.36059364676475525
1359,135.9,136.9,0.4144681990146637,0.4144681990146637
1360,136.0,137.0,0.35744646191596985,0.35744646191596985
1361,136.1,137.1,0.3857298791408539,0.3857298791408539
1362,136.2,137.2,0.31950080394744873,0.31950080394744873
1363,136.3,137.3,0.3460659384727478,0.3460659384727478
1364,136.4,137.4,0.42183446884155273,0.42183446884155273
1365,136.5,137.5,0.3387836515903473,0.3387836515903473
1366,136.6,137.6,0.4044686257839203,0.4044686257839203
1367,136.7,137.7,0.39167356491088867,0.39167356491088867
1368,136.8,137.8,0.4335179626941681,0.4335179626941681
1369,136.9,137.9,0.3207072913646698,0.3207072913646698
1370,137.0,138.0,0.28070497512817383,0.28070497512817383
1371,137.1,138.1,0.31036239862442017,0.31036239862442017
1372,137.2,138.2,0.2834969162940979,0.2834969162940979
1373,137.3,138.3,0.2717353403568268,0.2717353403568268
1374,137.4,138.4,0.3191799819469452,0.3191799819469452
1375,137.5,138.5,0.43666374683380127,0.43666374683380127
1376,137.6,138.6,0.35865622758865356,0.35865622758865356
1377,137.7,138.7,0.28338292241096497,0.28338292241096497
1378,137.8,138.8,0.3431349992752075,0.3431349992752075
1379,137.9,138.9,0.4228271245956421,0.4228271245956421
1380,138.0,139.0,0.3962383568286896,0.3962383568286896
1381,138.1,139.1,0.3227757513523102,0.3227757513523102
1382,138.2,139.2,0.31413623690605164,0.31413623690605164
1383,138.3,139.3,0.284809947013855,0.284809947013855
1384,138.4,139.4,0.3463870584964752,0.3463870584964752
1385,138.5,139.5,0.32163205742836,0.32163205742836
1386,138.6,139.6,0.336561918258667,0.336561918258667
1387,138.7,139.7,0.3273390233516693,0.3273390233516693
1388,138.8,139.8,0.3211332857608795,0.3211332857608795
1389,138.9,139.9,0.4012386202812195,0.4012386202812195
1390,139.0,140.0,0.4003411531448364,0.4003411531448364
1391,139.1,140.1,0.5786268711090088,0.5786268711090088
1392,139.2,140.2,0.5645403861999512,0.5645403861999512
1393,139.3,140.3,0.4977569580078125,0.4977569580078125
1394,139.4,140.4,0.4137182831764221,0.4137182831764221
1395,139.5,140.5,0.39274534583091736,0.39274534583091736
1396,139.6,140.6,0.4249522089958191,0.4249522089958191
1397,139.7,140.7,0.4116896092891693,0.4116896092891693
1398,139.8,140.8,0.3934227526187897,0.3934227526187897
1399,139.9,140.9,0.35556870698928833,0.35556870698928833
1400,140.0,141.0,0.28653115034103394,0.28653115034103394
1401,140.1,141.1,0.38284993171691895,0.38284993171691895
1402,140.2,141.2,0.42992472648620605,0.42992472648620605
1403,140.3,141.3,0.38858556747436523,0.38858556747436523
1404,140.4,141.4,0.41960862278938293,0.41960862278938293
1405,140.5,141.5,0.31794309616088867,0.31794309616088867
1406,140.6,141.6,0.5622841715812683,0.5622841715812683
1407,140.7,141.7,0.3732960522174835,0.3732960522174835
1408,140.8,141.8,0.3057044446468353,0.3057044446468353
1409,140.9,141.9,0.4495687782764435,0.4495687782764435
1410,141.0,142.0,0.3639189600944519,0.3639189600944519
1411,141.1,142.1,0.3280196785926819,0.3280196785926819
1412,141.2,142.2,0.3195804953575134,0.3195804953575134
1413,141.3,142.3,0.3353317975997925,0.3353317975997925
1414,141.4,142.4,0.3020879924297333,0.3020879924297333
1415,141.5,142.5,0.3097642660140991,0.3097642660140991
1416,141.6,142.6,0.326673686504364,0.326673686504364
1417,141.7,142.7,0.3857000470161438,0.3857000470161438
1418,141.8,142.8,0.39869269728660583,0.39869269728660583
1419,141.9,142.9,0.4299517869949341,0.4299517869949341
1420,142.0,143.0,0.36829304695129395,0.36829304695129395
1421,142.1,143.1,0.4658302962779999,0.4658302962779999
1422,142.2,143.2,0.36643335223197937,0.36643335223197937
1423,142.3,143.3,0.4042162299156189,0.4042162299156189
1424,142.4,143.4,0.564297080039978,0.564297080039978
1425,142.5,143.5,0.5338848233222961,0.5338848233222961
1426,142.6,143.6,0.5460329055786133,0.5460329055786133
1427,142.7,143.7,0.5393237471580505,0.5393237471580505
1428,142.8,143.8,0.5234929323196411,0.5234929323196411
1429,142.9,143.9,0.6149271726608276,0.6149271726608276
1430,143.0,144.0,0.5680164098739624,0.5680164098739624
1431,143.1,144.1,0.403084933757782,0.403084933757782
1432,143.2,144.2,0.42427143454551697,0.42427143454551697
1433,143.3,144.3,0.31891727447509766,0.31891727447509766
1434,143.4,144.4,0.3763130307197571,0.3763130307197571
1435,143.5,144.5,0.35266897082328796,0.35266897082328796
1436,143.6,144.6,0.3983153998851776,0.3983153998851776
1437,143.7,144.7,0.518103837966919,0.518103837966919
1438,143.8,144.8,0.4883934259414673,0.4883934259414673
1439,143.9,144.9,0.39428046345710754,0.39428046345710754
1440,144.0,145.0,0.552881121635437,0.552881121635437
1441,144.1,145.1,0.6085521578788757,0.6085521578788757
1442,144.2,145.2,0.5858073830604553,0.5858073830604553
1443,144.3,145.3,0.4944252371788025,0.4944252371788025
1444,144.4,145.4,0.5518180131912231,0.5518180131912231
1445,144.5,145.5,0.7022191882133484,0.7022191882133484
1446,144.6,145.6,0.6802889704704285,0.6802889704704285
1447,144.7,145.7,0.49935129284858704,0.49935129284858704
1448,144.8,145.8,0.5384805202484131,0.5384805202484131
1449,144.9,145.9,0.851841151714325,0.851841151714325
1450,145.0,146.0,0.7503650188446045,0.7503650188446045
1451,145.1,146.1,0.73006272315979,0.73006272315979
1452,145.2,146.2,0.7782961130142212,0.7782961130142212
1453,145.3,146.3,0.8018124103546143,0.8018124103546143
1454,145.4,146.4,0.7048052549362183,0.7048052549362183
1455,145.5,146.5,0.7811312079429626,0.7811312079429626
1456,145.6,146.6,0.582737147808075,0.582737147808075
1457,145.7,146.7,0.6550624370574951,0.6550624370574951
1458,145.8,146.8,0.6478599309921265,0.6478599309921265
1459,145.9,146.9,0.684690535068512,0.684690535068512
1460,146.0,147.0,0.715968906879425,0.715968906879425
1461,146.1,147.1,0.767540454864502,0.767540454864502
1462,146.2,147.2,0.7864540219306946,0.7864540219306946
1463,146.3,147.3,0.6981121897697449,0.6981121897697449
1464,146.4,147.4,0.5660375952720642,0.5660375952720642
1465,146.5,147.5,0.48466622829437256,0.48466622829437256
1466,146.6,147.6,0.43489864468574524,0.43489864468574524
1467,146.7,147.7,0.39095339179039,0.39095339179039
1468,146.8,147.8,0.39711931347846985,0.39711931347846985
1469,146.9,147.9,0.5723903775215149,0.5723903775215149
1470,147.0,148.0,0.41163158416748047,0.41163158416748047
1471,147.1,148.1,0.4100162386894226,0.4100162386894226
1472,147.2,148.2,0.34895628690719604,0.34895628690719604
1473,147.3,148.3,0.3141300678253174,0.3141300678253174
1474,147.4,148.4,0.3413722813129425,0.3413722813129425
1475,147.5,148.5,0.49156448245048523,0.49156448245048523
1476,147.6,148.6,0.24881450831890106,0.24881450831890106
1477,147.7,148.7,0.282772034406662,0.282772034406662
1478,147.8,148.8,0.33589988946914673,0.33589988946914673
1479,147.9,148.9,0.29116204380989075,0.29116204380989075
1480,148.0,149.0,0.8136894106864929,0.8136894106864929
1481,148.1,149.1,0.981353759765625,0.981353759765625
1482,148.2,149.2,0.986081600189209,0.986081600189209
1483,148.3,149.3,0.9728503227233887,0.9728503227233887
1484,148.4,149.4,0.9708409905433655,0.9708409905433655
1485,148.5,149.5,0.97468501329422,0.97468501329422
1486,148.6,149.6,0.9667250514030457,0.9667250514030457
1487,148.7,149.7,0.9785282015800476,0.9785282015800476
1488,148.8,149.8,0.9556979537010193,0.9556979537010193
1489,148.9,149.9,0.9449654817581177,0.9449654817581177
1490,149.0,150.0,0.8440233469009399,0.8440233469009399
1491,149.1,150.1,0.7522662281990051,0.7522662281990051
1492,149.2,150.2,0.7906009554862976,0.7906009554862976
1493,149.3,150.3,0.6953413486480713,0.6953413486480713
1494,149.4,150.4,0.43028688430786133,0.43028688430786133
1495,149.5,150.5,0.5134457945823669,0.5134457945823669
1496,149.6,150.6,0.592180609703064,0.592180609703064
1497,149.7,150.7,0.37778839468955994,0.37778839468955994
1498,149.8,150.8,0.5375871062278748,0.5375871062278748
1499,149.9,150.9,0.44643136858940125,0.44643136858940125
1500,150.0,151.0,0.34739962220191956,0.34739962220191956
1501,150.1,151.1,0.3927208185195923,0.3927208185195923
1502,150.2,151.2,0.41991230845451355,0.41991230845451355
1503,150.3,151.3,0.49315744638442993,0.49315744638442993
1504,150.4,151.4,0.3420620560646057,0.3420620560646057
1505,150.5,151.5,0.35036444664001465,0.35036444664001465
1506,150.6,151.6,0.44066277146339417,0.44066277146339417
1507,150.7,151.7,0.4330194294452667,0.4330194294452667
1508,150.8,151.8,0.47800254821777344,0.47800254821777344
1509,150.9,151.9,0.45282942056655884,0.45282942056655884
1510,151.0,152.0,0.6588796377182007,0.6588796377182007
1511,151.1,152.1,0.49118098616600037,0.49118098616600037
1512,151.2,152.2,0.5177802443504333,0.5177802443504333
1513,151.3,152.3,0.5914258360862732,0.5914258360862732
1514,151.4,152.4,0.6530020236968994,0.6530020236968994
1515,151.5,152.5,0.6321830153465271,0.6321830153465271
1516,151.6,152.6,0.6050982475280762,0.6050982475280762
1517,151.7,152.7,0.49372223019599915,0.49372223019599915
1518,151.8,152.8,0.5048162937164307,0.5048162937164307
1519,151.9,152.9,0.8034075498580933,0.8034075498580933
1520,152.0,153.0,0.833139955997467,0.833139955997467
1521,152.1,153.1,0.8152273297309875,0.8152273297309875
1522,152.2,153.2,0.9004935622215271,0.9004935622215271
1523,152.3,153.3,0.7944355607032776,0.7944355607032776
1524,152.4,153.4,0.8409975171089172,0.8409975171089172
1525,152.5,153.5,0.8640939593315125,0.8640939593315125
1526,152.6,153.6,0.8271018862724304,0.8271018862724304
1527,152.7,153.7,0.8770380020141602,0.8770380020141602
1528,152.8,153.8,0.8618106245994568,0.8618106245994568
1529,152.9,153.9,0.9229022860527039,0.9229022860527039
1530,153.0,154.0,0.8520731925964355,0.8520731925964355
1531,153.1,154.1,0.5108986496925354,0.5108986496925354
1532,153.2,154.2,0.42983272671699524,0.42983272671699524
1533,153.3,154.3,0.485966295003891,0.485966295003891
1534,153.4,154.4,0.38611093163490295,0.38611093163490295
1535,153.5,154.5,0.2981405258178711,0.2981405258178711
1536,153.6,154.6,0.39359283447265625,0.39359283447265625
1537,153.7,154.7,0.320238322019577,0.320238322019577
1538,153.8,154.8,0.34996339678764343,0.34996339678764343
1539,153.9,154.9,0.4572477340698242,0.4572477340698242
1540,154.0,155.0,0.3138575553894043,0.3138575553894043
1541,154.1,155.1,0.33295997977256775,0.33295997977256775
1542,154.2,155.2,0.5189156532287598,0.5189156532287598
1543,154.3,155.3,0.41745567321777344,0.41745567321777344
1544,154.4,155.4,0.44238558411598206,0.44238558411598206
1545,154.5,155.5,0.5230956673622131,0.5230956673622131
1546,154.6,155.6,0.4823334515094757,0.4823334515094757
1547,154.7,155.7,0.3828260898590088,0.3828260898590088
1548,154.8,155.8,0.2536211311817169,0.2536211311817169
1549,154.9,155.9,0.21186797320842743,0.21186797320842743
1550,155.0,156.0,0.4106124937534332,0.4106124937534332
1551,155.1,156.1,0.5690078735351562,0.5690078735351562
1552,155.2,156.2,0.6291037201881409,0.6291037201881409
1553,155.3,156.3,0.6354644894599915,0.6354644894599915
1554,155.4,156.4,0.7112215757369995,0.7112215757369995
1555,155.5,156.5,0.5558742880821228,0.5558742880821228
1556,155.6,156.6,0.3799036741256714,0.3799036741256714
1557,155.7,156.7,0.3609754145145416,0.3609754145145416
1558,155.8,156.8,0.46751660108566284,0.46751660108566284
1559,155.9,156.9,0.4024643003940582,0.4024643003940582
1560,156.0,157.0,0.3575993776321411,0.3575993776321411
1561,156.1,157.1,0.36813077330589294,0.36813077330589294
1562,156.2,157.2,0.3210445046424866,0.3210445046424866
1563,156.3,157.3,0.33969706296920776,0.33969706296920776
1564,156.4,157.4,0.4707884192466736,0.4707884192466736
1565,156.5,157.5,0.365431547164917,0.365431547164917
1566,156.6,157.6,0.4231344759464264,0.4231344759464264
1567,156.7,157.7,0.386120468378067,0.386120468378067
1568,156.8,157.8,0.3662518858909607,0.3662518858909607
1569,156.9,157.9,0.33978742361068726,0.33978742361068726
1570,157.0,158.0,0.2294006645679474,0.2294006645679474
1571,157.1,158.1,0.2501479387283325,0.2501479387283325
1572,157.2,158.2,0.2661261558532715,0.2661261558532715
1573,157.3,158.3,0.45852333307266235,0.45852333307266235
1574,157.4,158.4,0.4879707098007202,0.4879707098007202
1575,157.5,158.5,0.5316520929336548,0.5316520929336548
1576,157.6,158.6,0.4242004454135895,0.4242004454135895
1577,157.7,158.7,0.4430238902568817,0.4430238902568817
1578,157.8,158.8,0.42414912581443787,0.42414912581443787
1579,157.9,158.9,0.35719937086105347,0.35719937086105347
1580,158.0,159.0,0.37439271807670593,0.37439271807670593
1581,158.1,159.1,0.30662763118743896,0.30662763118743896
1582,158.2,159.2,0.19001972675323486,0.19001972675323486
1583,158.3,159.3,0.223885640501976,0.223885640501976
1584,158.4,159.4,0.26859280467033386,0.26859280467033386
1585,158.5,159.5,0.32771918177604675,0.32771918177604675
1586,158.6,159.6,0.3411663770675659,0.3411663770675659
1587,158.7,159.7,0.26871055364608765,0.26871055364608765
1588,158.8,159.8,0.23893238604068756,0.23893238604068756
1589,158.9,159.9,0.2238038182258606,0.2238038182258606
1590,159.0,160.0,0.3983064889907837,0.3983064889907837
1591,159.1,160.1,0.5437017679214478,0.5437017679214478
1592,159.2,160.2,0.7224102020263672,0.7224102020263672
1593,159.3,160.3,0.45591169595718384,0.45591169595718384
1594,159.4,160.4,0.25871047377586365,0.25871047377586365
1595,159.5,160.5,0.16732372343540192,0.16732372343540192
1596,159.6,160.6,0.1220036968588829,0.1220036968588829
1597,159.7,160.7,0.13339829444885254,0.13339829444885254
1598,159.8,160.8,0.1336449235677719,0.1336449235677719
1599,159.9,160.9,0.19693151116371155,0.19693151116371155
1600,160.0,161.0,0.2820560336112976,0.2820560336112976
1601,160.1,161.1,0.2957756817340851,0.2957756817340851
1602,160.2,161.2,0.23688583076000214,0.23688583076000214
1603,160.3,161.3,0.30004245042800903,0.30004245042800903
1604,160.4,161.4,0.19650840759277344,0.19650840759277344
1605,160.5,161.5,0.2691327929496765,0.2691327929496765
1606,160.6,161.6,0.2405715137720108,0.2405715137720108
1607,160.7,161.7,0.21938785910606384,0.21938785910606384
1608,160.8,161.8,0.2398030310869217,0.2398030310869217
1609,160.9,161.9,0.34373265504837036,0.34373265504837036
1610,161.0,162.0,0.3869207203388214,0.3869207203388214
1611,161.1,162.1,0.44023460149765015,0.44023460149765015
1612,161.2,162.2,0.3465079069137573,0.3465079069137573
1613,161.3,162.3,0.3184736669063568,0.3184736669063568
1614,161.4,162.4,0.3711148500442505,0.3711148500442505
1615,161.5,162.5,0.5393232107162476,0.5393232107162476
1616,161.6,162.6,0.6357249617576599,0.6357249617576599
1617,161.7,162.7,0.5010778307914734,0.5010778307914734
1618,161.8,162.8,0.35540708899497986,0.35540708899497986
1619,161.9,162.9,0.18369705975055695,0.18369705975055695
1620,162.0,163.0,0.32372409105300903,0.32372409105300903
1621,162.1,163.1,0.4146396517753601,0.4146396517753601
1622,162.2,163.2,0.634601354598999,0.634601354598999
1623,162.3,163.3,0.6565671563148499,0.6565671563148499
1624,162.4,163.4,0.711131751537323,0.711131751537323
1625,162.5,163.5,0.6909192204475403,0.6909192204475403
1626,162.6,163.6,0.7250097990036011,0.7250097990036011
1627,162.7,163.7,0.7301726937294006,0.7301726937294006
1628,162.8,163.8,0.5918251276016235,0.5918251276016235
1629,162.9,163.9,0.5922135710716248,0.5922135710716248
1630,163.0,164.0,0.40625476837158203,0.40625476837158203
1631,163.1,164.1,0.3608276844024658,0.3608276844024658
1632,163.2,164.2,0.32330214977264404,0.32330214977264404
1633,163.3,164.3,0.22521762549877167,0.22521762549877167
1634,163.4,164.4,0.3835866451263428,0.3835866451263428
1635,163.5,164.5,0.21543848514556885,0.21543848514556885
1636,163.6,164.6,0.47376391291618347,0.47376391291618347
1637,163.7,164.7,0.3985670506954193,0.3985670506954193
1638,163.8,164.8,0.4796906113624573,0.4796906113624573
1639,163.9,164.9,0.5801429152488708,0.5801429152488708
1640,164.0,165.0,0.6562539339065552,0.6562539339065552
1641,164.1,165.1,0.4999580681324005,0.4999580681324005
1642,164.2,165.2,0.4825390577316284,0.4825390577316284
1643,164.3,165.3,0.5057772397994995,0.5057772397994995
1644,164.4,165.4,0.502492368221283,0.502492368221283
1645,164.5,165.5,0.4958668649196625,0.4958668649196625
1646,164.6,165.6,0.4043235778808594,0.4043235778808594
1647,164.7,165.7,0.5657708644866943,0.5657708644866943
1648,164.8,165.8,0.3841451406478882,0.3841451406478882
1649,164.9,165.9,0.4238964021205902,0.4238964021205902
1650,165.0,166.0,0.4362230598926544,0.4362230598926544
1651,165.1,166.1,0.3163851201534271,0.3163851201534271
1652,165.2,166.2,0.3560273051261902,0.3560273051261902
1653,165.3,166.3,0.4225427210330963,0.4225427210330963
1654,165.4,166.4,0.36757075786590576,0.36757075786590576
1655,165.5,166.5,0.4849800765514374,0.4849800765514374
1656,165.6,166.6,0.5025131106376648,0.5025131106376648
1657,165.7,166.7,0.4898591637611389,0.4898591637611389
1658,165.8,166.8,0.4176781177520752,0.4176781177520752
1659,165.9,166.9,0.5999417901039124,0.5999417901039124
1660,166.0,167.0,0.4122403562068939,0.4122403562068939
1661,166.1,167.1,0.42758116126060486,0.42758116126060486
1662,166.2,167.2,0.3351937234401703,0.3351937234401703
1663,166.3,167.3,0.4084940254688263,0.4084940254688263
1664,166.4,167.4,0.4971916377544403,0.4971916377544403
1665,166.5,167.5,0.469279021024704,0.469279021024704
1666,166.6,167.6,0.3395845293998718,0.3395845293998718
1667,166.7,167.7,0.35541483759880066,0.35541483759880066
1668,166.8,167.8,0.4207707345485687,0.4207707345485687
1669,166.9,167.9,0.4121110439300537,0.4121110439300537
1670,167.0,168.0,0.5051789283752441,0.5051789283752441
1671,167.1,168.1,0.48094722628593445,0.48094722628593445
1672,167.2,168.2,0.4177284240722656,0.4177284240722656
1673,167.3,168.3,0.4279673397541046,0.4279673397541046
1674,167.4,168.4,0.480849027633667,0.480849027633667
1675,167.5,168.5,0.4361411929130554,0.4361411929130554
1676,167.6,168.6,0.47143545746803284,0.47143545746803284
1677,167.7,168.7,0.4403077960014343,0.4403077960014343
1678,167.8,168.8,0.44988206028938293,0.44988206028938293
1679,167.9,168.9,0.3931612968444824,0.3931612968444824
1680,168.0,169.0,0.3531193435192108,0.3531193435192108
1681,168.1,169.1,0.49965742230415344,0.49965742230415344
1682,168.2,169.2,0.4254764914512634,0.4254764914512634
1683,168.3,169.3,0.46844252943992615,0.46844252943992615
1684,168.4,169.4,0.4497233033180237,0.4497233033180237
1685,168.5,169.5,0.38863644003868103,0.38863644003868103
1686,168.6,169.6,0.530628502368927,0.530628502368927
1687,168.7,169.7,0.5378668308258057,0.5378668308258057
1688,168.8,169.8,0.5913999676704407,0.5913999676704407
1689,168.9,169.9,0.5122767090797424,0.5122767090797424
1690,169.0,170.0,0.4946308434009552,0.4946308434009552
1691,169.1,170.1,0.5371153354644775,0.5371153354644775
1692,169.2,170.2,0.567369282245636,0.567369282245636
1693,169.3,170.3,0.5957410931587219,0.5957410931587219
1694,169.4,170.4,0.4918776750564575,0.4918776750564575
1695,169.5,170.5,0.5073176622390747,0.5073176622390747
1696,169.6,170.6,0.5081668496131897,0.5081668496131897
1697,169.7,170.7,0.48934218287467957,0.48934218287467957
1698,169.8,170.8,0.2768397331237793,0.2768397331237793
1699,169.9,170.9,0.33031120896339417,0.33031120896339417
1700,170.0,171.0,0.3278798758983612,0.3278798758983612
1701,170.1,171.1,0.4439432621002197,0.4439432621002197
1702,170.2,171.2,0.3577146828174591,0.3577146828174591
1703,170.3,171.3,0.46858495473861694,0.46858495473861694
1704,170.4,171.4,0.4972909986972809,0.4972909986972809
1705,170.5,171.5,0.5202546119689941,0.5202546119689941
1706,170.6,171.6,0.40360450744628906,0.40360450744628906
1707,170.7,171.7,0.4649364650249481,0.4649364650249481
1708,170.8,171.8,0.44146332144737244,0.44146332144737244
1709,170.9,171.9,0.3557966649532318,0.3557966649532318
1710,171.0,172.0,0.46554890275001526,0.46554890275001526
1711,171.1,172.1,0.5272868275642395,0.5272868275642395
1712,171.2,172.2,0.42503175139427185,0.42503175139427185
1713,171.3,172.3,0.39745327830314636,0.39745327830314636
1714,171.4,172.4,0.5516372323036194,0.5516372323036194
1715,171.5,172.5,0.42860105633735657,0.42860105633735657
1716,171.6,172.6,0.560806930065155,0.560806930065155
1717,171.7,172.7,0.4012071192264557,0.4012071192264557
1718,171.8,172.8,0.40697968006134033,0.40697968006134033
1719,171.9,172.9,0.37569618225097656,0.37569618225097656
1720,172.0,173.0,0.4105297029018402,0.4105297029018402
1721,172.1,173.1,0.3053058385848999,0.3053058385848999
1722,172.2,173.2,0.3766004741191864,0.3766004741191864
1723,172.3,173.3,0.3074817955493927,0.3074817955493927
1724,172.4,173.4,0.36353087425231934,0.36353087425231934
1725,172.5,173.5,0.3809642791748047,0.3809642791748047
1726,172.6,173.6,0.36423173546791077,0.36423173546791077
1727,172.7,173.7,0.4695022702217102,0.4695022702217102
1728,172.8,173.8,0.4882459044456482,0.4882459044456482
1729,172.9,173.9,0.40927135944366455,0.40927135944366455
1730,173.0,174.0,0.5120627284049988,0.5120627284049988
1731,173.1,174.1,0.38059166073799133,0.38059166073799133
1732,173.2,174.2,0.5479335188865662,0.5479335188865662
1733,173.3,174.3,0.4254775941371918,0.4254775941371918
1734,173.4,174.4,0.3880535066127777,0.3880535066127777
1735,173.5,174.5,0.29639318585395813,0.29639318585395813
1736,173.6,174.6,0.5177159309387207,0.5177159309387207
1737,173.7,174.7,0.4259181022644043,0.4259181022644043
1738,173.8,174.8,0.6306959390640259,0.6306959390640259
1739,173.9,174.9,0.5648952722549438,0.5648952722549438
1740,174.0,175.0,0.5477206110954285,0.5477206110954285
1741,174.1,175.1,0.5309342741966248,0.5309342741966248
1742,174.2,175.2,0.5565552115440369,0.5565552115440369
1743,174.3,175.3,0.46670690178871155,0.46670690178871155
1744,174.4,175.4,0.3666175305843353,0.3666175305843353
1745,174.5,175.5,0.4324989318847656,0.4324989318847656
1746,174.6,175.6,0.40451765060424805,0.40451765060424805
1747,174.7,175.7,0.40768861770629883,0.40768861770629883
1748,174.8,175.8,0.4545130133628845,0.4545130133628845
1749,174.9,175.9,0.2959602177143097,0.2959602177143097
1750,175.0,176.0,0.35482531785964966,0.35482531785964966
1751,175.1,176.1,0.35455644130706787,0.35455644130706787
1752,175.2,176.2,0.36009031534194946,0.36009031534194946
1753,175.3,176.3,0.3312462568283081,0.3312462568283081
1754,175.4,176.4,0.283296138048172,0.283296138048172
1755,175.5,176.5,0.5257959961891174,0.5257959961891174
1756,175.6,176.6,0.3386126458644867,0.3386126458644867
1757,175.7,176.7,0.3708387315273285,0.3708387315273285
1758,175.8,176.8,0.3420749008655548,0.3420749008655548
1759,175.9,176.9,0.3803635835647583,0.3803635835647583
1760,176.0,177.0,0.35843756794929504,0.35843756794929504
1761,176.1,177.1,0.345153272151947,0.345153272151947
1762,176.2,177.2,0.4670146405696869,0.4670146405696869
1763,176.3,177.3,0.43002769351005554,0.43002769351005554
1764,176.4,177.4,0.3410574197769165,0.3410574197769165
1765,176.5,177.5,0.35768094658851624,0.35768094658851624
1766,176.6,177.6,0.3866240382194519,0.3866240382194519
1767,176.7,177.7,0.48115456104278564,0.48115456104278564
1768,176.8,177.8,0.45835593342781067,0.45835593342781067
1769,176.9,177.9,0.49774640798568726,0.49774640798568726
1770,177.0,178.0,0.39273250102996826,0.39273250102996826
1771,177.1,178.1,0.44463109970092773,0.44463109970092773
1772,177.2,178.2,0.4979887306690216,0.4979887306690216
1773,177.3,178.3,0.4094051122665405,0.4094051122665405
1774,177.4,178.4,0.42430564761161804,0.42430564761161804
1775,177.5,178.5,0.47758007049560547,0.47758007049560547
1776,177.6,178.6,0.5258857011795044,0.5258857011795044
1777,177.7,178.7,0.5024983882904053,0.5024983882904053
1778,177.8,178.8,0.3953422009944916,0.3953422009944916
1779,177.9,178.9,0.3640684485435486,0.3640684485435486
1780,178.0,179.0,0.39150819182395935,0.39150819182395935
1781,178.1,179.1,0.3870305120944977,0.3870305120944977
1782,178.2,179.2,0.45691949129104614,0.45691949129104614
1783,178.3,179.3,0.39274683594703674,0.39274683594703674
1784,178.4,179.4,0.42066484689712524,0.42066484689712524
1785,178.5,179.5,0.36986619234085083,0.36986619234085083
1786,178.6,179.6,0.46657198667526245,0.46657198667526245
1787,178.7,179.7,0.37216222286224365,0.37216222286224365
1788,178.8,179.8,0.4283985495567322,0.4283985495567322
1789,178.9,179.9,0.4437616467475891,0.4437616467475891
1790,179.0,180.0,0.4931003749370575,0.4931003749370575
1791,179.1,180.1,0.5754229426383972,0.5754229426383972
1792,179.2,180.2,0.43440279364585876,0.43440279364585876
1793,179.3,180.3,0.34816059470176697,0.34816059470176697
1794,179.4,180.4,0.3479325771331787,0.3479325771331787
1795,179.5,180.5,0.4592882990837097,0.4592882990837097
1796,179.6,180.6,0.4293799102306366,0.4293799102306366
1797,179.7,180.7,0.4457758963108063,0.4457758963108063
1798,179.8,180.8,0.38091206550598145,0.38091206550598145
1799,179.9,180.9,0.3998509347438812,0.3998509347438812
1800,180.0,181.0,0.3745576739311218,0.3745576739311218
1801,180.1,181.1,0.35243502259254456,0.35243502259254456
1802,180.2,181.2,0.42552095651626587,0.42552095651626587
1803,180.3,181.3,0.32451802492141724,0.32451802492141724
1804,180.4,181.4,0.4390895366668701,0.4390895366668701
1805,180.5,181.5,0.4892614781856537,0.4892614781856537
1806,180.6,181.6,0.40510207414627075,0.40510207414627075
1807,180.7,181.7,0.34058257937431335,0.34058257937431335
1808,180.8,181.8,0.4029836654663086,0.4029836654663086
1809,180.9,181.9,0.3854139745235443,0.3854139745235443
1810,181.0,182.0,0.3618500530719757,0.3618500530719757
1811,181.1,182.1,0.3974364399909973,0.3974364399909973
1812,181.2,182.2,0.28644514083862305,0.28644514083862305
1813,181.3,182.3,0.3040147125720978,0.3040147125720978
1814,181.4,182.4,0.3240104615688324,0.3240104615688324
1815,181.5,182.5,0.3312716782093048,0.3312716782093048
1816,181.6,182.6,0.3547908663749695,0.3547908663749695
1817,181.7,182.7,0.34995579719543457,0.34995579719543457
1818,181.8,182.8,0.43348047137260437,0.43348047137260437
1819,181.9,182.9,0.3274894058704376,0.3274894058704376
1820,182.0,183.0,0.3454263210296631,0.3454263210296631
1821,182.1,183.1,0.4273826777935028,0.4273826777935028
1822,182.2,183.2,0.41594254970550537,0.41594254970550537
1823,182.3,183.3,0.4099942743778229,0.4099942743778229
1824,182.4,183.4,0.4383065402507782,0.4383065402507782
1825,182.5,183.5,0.3857700526714325,0.3857700526714325
1826,182.6,183.6,0.3593934178352356,0.3593934178352356
1827,182.7,183.7,0.34587767720222473,0.34587767720222473
1828,182.8,183.8,0.3551945090293884,0.3551945090293884
1829,182.9,183.9,0.3499748408794403,0.3499748408794403
1830,183.0,184.0,0.26129186153411865,0.26129186153411865
1831,183.1,184.1,0.3610779941082001,0.3610779941082001
1832,183.2,184.2,0.31414830684661865,0.31414830684661865
1833,183.3,184.3,0.34488970041275024,0.34488970041275024
1834,183.4,184.4,0.27780473232269287,0.27780473232269287
1835,183.5,184.5,0.30326592922210693,0.30326592922210693
1836,183.6,184.6,0.3345845937728882,0.3345845937728882
1837,183.7,184.7,0.4647611379623413,0.4647611379623413
1838,183.8,184.8,0.46361294388771057,0.46361294388771057
1839,183.9,184.9,0.38056376576423645,0.38056376576423645
1840,184.0,185.0,0.4060910642147064,0.4060910642147064
1841,184.1,185.1,0.3639675974845886,0.3639675974845886
1842,184.2,185.2,0.33559536933898926,0.33559536933898926
1843,184.3,185.3,0.3934324383735657,0.3934324383735657
1844,184.4,185.4,0.3343404233455658,0.3343404233455658
1845,184.5,185.5,0.36302450299263,0.36302450299263
1846,184.6,185.6,0.37425097823143005,0.37425097823143005
1847,184.7,185.7,0.34988144040107727,0.34988144040107727
1848,184.8,185.8,0.48216915130615234,0.48216915130615234
1849,184.9,185.9,0.3357490301132202,0.3357490301132202
1850,185.0,186.0,0.3307488262653351,0.3307488262653351
1851,185.1,186.1,0.33479103446006775,0.33479103446006775
1852,185.2,186.2,0.32441452145576477,0.32441452145576477
1853,185.3,186.3,0.33024299144744873,0.33024299144744873
1854,185.4,186.4,0.2873365581035614,0.2873365581035614
1855,185.5,186.5,0.5040301084518433,0.5040301084518433
1856,185.6,186.6,0.43316373229026794,0.43316373229026794
1857,185.7,186.7,0.5242854356765747,0.5242854356765747
1858,185.8,186.8,0.5719209313392639,0.5719209313392639
1859,185.9,186.9,0.4370369017124176,0.4370369017124176
1860,186.0,187.0,0.5434590578079224,0.5434590578079224
1861,186.1,187.1,0.7278042435646057,0.7278042435646057
1862,186.2,187.2,0.6476605534553528,0.6476605534553528
1863,186.3,187.3,0.6727105379104614,0.6727105379104614
1864,186.4,187.4,0.504837691783905,0.504837691783905
1865,186.5,187.5,0.3900105953216553,0.3900105953216553
1866,186.6,187.6,0.35142967104911804,0.35142967104911804
1867,186.7,187.7,0.44403937458992004,0.44403937458992004
1868,186.8,187.8,0.4415512979030609,0.4415512979030609
1869,186.9,187.9,0.4056600034236908,0.4056600034236908
1870,187.0,188.0,0.39258697628974915,0.39258697628974915
1871,187.1,188.1,0.34689000248908997,0.34689000248908997
1872,187.2,188.2,0.4400355815887451,0.4400355815887451
1873,187.3,188.3,0.5973272323608398,0.5973272323608398
1874,187.4,188.4,0.3591407537460327,0.3591407537460327
1875,187.5,188.5,0.3208672106266022,0.3208672106266022
1876,187.6,188.6,0.34444624185562134,0.34444624185562134
1877,187.7,188.7,0.40904515981674194,0.40904515981674194
1878,187.8,188.8,0.4478790760040283,0.4478790760040283
1879,187.9,188.9,0.4678695499897003,0.4678695499897003
1880,188.0,189.0,0.631568968296051,0.631568968296051
1881,188.1,189.1,0.49341005086898804,0.49341005086898804
1882,188.2,189.2,0.4231308400630951,0.4231308400630951
1883,188.3,189.3,0.5915983319282532,0.5915983319282532
1884,188.4,189.4,0.5884090065956116,0.5884090065956116
1885,188.5,189.5,0.42967087030410767,0.42967087030410767
1886,188.6,189.6,0.5111011862754822,0.5111011862754822
1887,188.7,189.7,0.3730756640434265,0.3730756640434265
1888,188.8,189.8,0.33886608481407166,0.33886608481407166
1889,188.9,189.9,0.44759276509284973,0.44759276509284973
1890,189.0,190.0,0.3136948347091675,0.3136948347091675
1891,189.1,190.1,0.36074867844581604,0.36074867844581604
1892,189.2,190.2,0.3367684781551361,0.3367684781551361
1893,189.3,190.3,0.35889747738838196,0.35889747738838196
1894,189.4,190.4,0.4318543076515198,0.4318543076515198
1895,189.5,190.5,0.4354524314403534,0.4354524314403534
1896,189.6,190.6,0.29588818550109863,0.29588818550109863
1897,189.7,190.7,0.38301223516464233,0.38301223516464233
1898,189.8,190.8,0.41353869438171387,0.41353869438171387
1899,189.9,190.9,0.3103030323982239,0.3103030323982239
1900,190.0,191.0,0.344712495803833,0.344712495803833
1901,190.1,191.1,0.3257814347743988,0.3257814347743988
1902,190.2,191.2,0.44165346026420593,0.44165346026420593
1903,190.3,191.3,0.3169248402118683,0.3169248402118683
1904,190.4,191.4,0.3738788664340973,0.3738788664340973
1905,190.5,191.5,0.25755584239959717,0.25755584239959717
1906,190.6,191.6,0.3304235637187958,0.3304235637187958
1907,190.7,191.7,0.34302523732185364,0.34302523732185364
1908,190.8,191.8,0.42915406823158264,0.42915406823158264
1909,190.9,191.9,0.46415776014328003,0.46415776014328003
1910,191.0,192.0,0.47741255164146423,0.47741255164146423
1911,191.1,192.1,0.4034556746482849,0.4034556746482849
1912,191.2,192.2,0.4748283624649048,0.4748283624649048
1913,191.3,192.3,0.4452343285083771,0.4452343285083771
1914,191.4,192.4,0.5401180386543274,0.5401180386543274
1915,191.5,192.5,0.34097763895988464,0.34097763895988464
1916,191.6,192.6,0.3087104856967926,0.3087104856967926
1917,191.7,192.7,0.44016391038894653,0.44016391038894653
1918,191.8,192.8,0.35206812620162964,0.35206812620162964
1919,191.9,192.9,0.6072602272033691,0.6072602272033691
1920,192.0,193.0,0.5114650130271912,0.5114650130271912
1921,192.1,193.1,0.629993736743927,0.629993736743927
1922,192.2,193.2,0.6739863157272339,0.6739863157272339
1923,192.3,193.3,0.7297251224517822,0.7297251224517822
1924,192.4,193.4,0.6764439344406128,0.6764439344406128
1925,192.5,193.5,0.4358513057231903,0.4358513057231903
1926,192.6,193.6,0.45137229561805725,0.45137229561805725
1927,192.7,193.7,0.43769535422325134,0.43769535422325134
1928,192.8,193.8,0.39177829027175903,0.39177829027175903
1929,192.9,193.9,0.5160456895828247,0.5160456895828247
1930,193.0,194.0,0.42553097009658813,0.42553097009658813
1931,193.1,194.1,0.5045518279075623,0.5045518279075623
1932,193.2,194.2,0.41838258504867554,0.41838258504867554
1933,193.3,194.3,0.37454313039779663,0.37454313039779663
1934,193.4,194.4,0.5297363996505737,0.5297363996505737
1935,193.5,194.5,0.3904329240322113,0.3904329240322113
1936,193.6,194.6,0.2797071933746338,0.2797071933746338
1937,193.7,194.7,0.35789725184440613,0.35789725184440613
1938,193.8,194.8,0.319299578666687,0.319299578666687
1939,193.9,194.9,0.315017431974411,0.315017431974411
1940,194.0,195.0,0.28525418043136597,0.28525418043136597
1941,194.1,195.1,0.31492283940315247,0.31492283940315247
1942,194.2,195.2,0.3004244267940521,0.3004244267940521
1943,194.3,195.3,0.3700368404388428,0.3700368404388428
1944,194.4,195.4,0.3927135467529297,0.3927135467529297
1945,194.5,195.5,0.4527084529399872,0.4527084529399872
1946,194.6,195.6,0.31983518600463867,0.31983518600463867
1947,194.7,195.7,0.30056196451187134,0.30056196451187134
1948,194.8,195.8,0.27568355202674866,0.27568355202674866
1949,194.9,195.9,0.39226219058036804,0.39226219058036804
1950,195.0,196.0,0.41420111060142517,0.41420111060142517
1951,195.1,196.1,0.46646520495414734,0.46646520495414734
1952,195.2,196.2,0.48421165347099304,0.48421165347099304
1953,195.3,196.3,0.6066160202026367,0.6066160202026367
1954,195.4,196.4,0.6597871780395508,0.6597871780395508
1955,195.5,196.5,0.9141615629196167,0.9141615629196167
1956,195.6,196.6,0.8187662959098816,0.8187662959098816
1957,195.7,196.7,0.4824729263782501,0.4824729263782501
1958,195.8,196.8,0.5134913921356201,0.5134913921356201
1959,195.9,196.9,0.47862330079078674,0.47862330079078674
1960,196.0,197.0,0.5352127552032471,0.5352127552032471
1961,196.1,197.1,0.624720573425293,0.624720573425293
1962,196.2,197.2,0.5960384607315063,0.5960384607315063
1963,196.3,197.3,0.442536324262619,0.442536324262619
1964,196.4,197.4,0.3146127760410309,0.3146127760410309
1965,196.5,197.5,0.36711058020591736,0.36711058020591736
1966,196.6,197.6,0.47671931982040405,0.47671931982040405
1967,196.7,197.7,0.5737161636352539,0.5737161636352539
1968,196.8,197.8,0.6543905735015869,0.6543905735015869
1969,196.9,197.9,0.8790349960327148,0.8790349960327148
1970,197.0,198.0,0.7194337844848633,0.7194337844848633
1971,197.1,198.1,0.5296724438667297,0.5296724438667297
1972,197.2,198.2,0.49900856614112854,0.49900856614112854
1973,197.3,198.3,0.36165422201156616,0.36165422201156616
1974,197.4,198.4,0.4007215201854706,0.4007215201854706
1975,197.5,198.5,0.3874775469303131,0.3874775469303131
1976,197.6,198.6,0.5008494853973389,0.5008494853973389
1977,197.7,198.7,0.47154635190963745,0.47154635190963745
1978,197.8,198.8,0.33375030755996704,0.33375030755996704
1979,197.9,198.9,0.5124500393867493,0.5124500393867493
1980,198.0,199.0,0.4254918396472931,0.4254918396472931
1981,198.1,199.1,0.5816763639450073,0.5816763639450073
1982,198.2,199.2,0.40047192573547363,0.40047192573547363
1983,198.3,199.3,0.39807751774787903,0.39807751774787903
1984,198.4,199.4,0.43075892329216003,0.43075892329216003
1985,198.5,199.5,0.4007704257965088,0.4007704257965088
1986,198.6,199.6,0.43863481283187866,0.43863481283187866
1987,198.7,199.7,0.44990843534469604,0.44990843534469604
1988,198.8,199.8,0.414787232875824,0.414787232875824
1989,198.9,199.9,0.49125897884368896,0.49125897884368896
1990,199.0,200.0,0.3531262278556824,0.3531262278556824
1991,199.1,200.1,0.38706332445144653,0.38706332445144653
1992,199.2,200.2,0.32629266381263733,0.32629266381263733
1993,199.3,200.3,0.4554333984851837,0.4554333984851837
1994,199.4,200.4,0.41070064902305603,0.41070064902305603
1995,199.5,200.5,0.3225652277469635,0.3225652277469635
1996,199.6,200.6,0.37908101081848145,0.37908101081848145
1997,199.7,200.7,0.3280884921550751,0.3280884921550751
1998,199.8,200.8,0.3286035656929016,0.3286035656929016
1999,199.9,200.9,0.3738482892513275,0.3738482892513275
2000,200.0,201.0,0.41547155380249023,0.41547155380249023
2001,200.1,201.1,0.40449872612953186,0.40449872612953186
2002,200.2,201.2,0.4191948175430298,0.4191948175430298
2003,200.3,201.3,0.49318405985832214,0.49318405985832214
2004,200.4,201.4,0.40112438797950745,0.40112438797950745
2005,200.5,201.5,0.44342291355133057,0.44342291355133057
2006,200.6,201.6,0.4473690986633301,0.4473690986633301
2007,200.7,201.7,0.5133733153343201,0.5133733153343201
2008,200.8,201.8,0.5629820227622986,0.5629820227622986
2009,200.9,201.9,0.4591430723667145,0.4591430723667145
2010,201.0,202.0,0.546599805355072,0.546599805355072
2011,201.1,202.1,0.3989478349685669,0.3989478349685669
2012,201.2,202.2,0.3268975019454956,0.3268975019454956
2013,201.3,202.3,0.34662777185440063,0.34662777185440063
2014,201.4,202.4,0.4471629858016968,0.4471629858016968
2015,201.5,202.5,0.29189056158065796,0.29189056158065796
2016,201.6,202.6,0.4066179096698761,0.4066179096698761
2017,201.7,202.7,0.3218840956687927,0.3218840956687927
2018,201.8,202.8,0.4334315359592438,0.4334315359592438
2019,201.9,202.9,0.3241751194000244,0.3241751194000244
2020,202.0,203.0,0.35938572883605957,0.35938572883605957
2021,202.1,203.1,0.37127622961997986,0.37127622961997986
2022,202.2,203.2,0.2949478030204773,0.2949478030204773
2023,202.3,203.3,0.2860811650753021,0.2860811650753021
2024,202.4,203.4,0.31650209426879883,0.31650209426879883
2025,202.5,203.5,0.20413444936275482,0.20413444936275482
2026,202.6,203.6,0.2923886775970459,0.2923886775970459
2027,202.7,203.7,0.20941685140132904,0.20941685140132904
2028,202.8,203.8,0.1408303678035736,0.1408303678035736
2029,202.9,203.9,0.37136363983154297,0.37136363983154297
2030,203.0,204.0,0.23911437392234802,0.23911437392234802
2031,203.1,204.1,0.25889620184898376,0.25889620184898376
2032,203.2,204.2,0.22746939957141876,0.22746939957141876
2033,203.3,204.3,0.2233993262052536,0.2233993262052536
2034,203.4,204.4,0.34452688694000244,0.34452688694000244
2035,203.5,204.5,0.3290589451789856,0.3290589451789856
2036,203.6,204.6,0.3027670085430145,0.3027670085430145
2037,203.7,204.7,0.40205124020576477,0.40205124020576477
2038,203.8,204.8,0.3944964110851288,0.3944964110851288
2039,203.9,204.9,0.3646053969860077,0.3646053969860077
2040,204.0,205.0,0.4066658914089203,0.4066658914089203
2041,204.1,205.1,0.37519553303718567,0.37519553303718567
2042,204.2,205.2,0.3856760263442993,0.3856760263442993
2043,204.3,205.3,0.41430214047431946,0.41430214047431946
2044,204.4,205.4,0.4028944671154022,0.4028944671154022
2045,204.5,205.5,0.351807177066803,0.351807177066803
2046,204.6,205.6,0.4089583158493042,0.4089583158493042
2047,204.7,205.7,0.35507941246032715,0.35507941246032715
2048,204.8,205.8,0.3617697060108185,0.3617697060108185
2049,204.9,205.9,0.3581717014312744,0.3581717014312744
2050,205.0,206.0,0.39255785942077637,0.39255785942077637
2051,205.1,206.1,0.36480242013931274,0.36480242013931274
2052,205.2,206.2,0.5260976552963257,0.5260976552963257
2053,205.3,206.3,0.41689974069595337,0.41689974069595337
2054,205.4,206.4,0.3518810570240021,0.3518810570240021
2055,205.5,206.5,0.59739089012146,0.59739089012146
2056,205.6,206.6,0.49478551745414734,0.49478551745414734
2057,205.7,206.7,0.3154439628124237,0.3154439628124237
2058,205.8,206.8,0.3353133797645569,0.3353133797645569
2059,205.9,206.9,0.4722321331501007,0.4722321331501007
2060,206.0,207.0,0.5068151354789734,0.5068151354789734
2061,206.1,207.1,0.48936837911605835,0.48936837911605835
2062,206.2,207.2,0.44427576661109924,0.44427576661109924
2063,206.3,207.3,0.41405707597732544,0.41405707597732544
2064,206.4,207.4,0.3363811671733856,0.3363811671733856
2065,206.5,207.5,0.41144755482673645,0.41144755482673645
2066,206.6,207.6,0.3349260091781616,0.3349260091781616
2067,206.7,207.7,0.3891966640949249,0.3891966640949249
2068,206.8,207.8,0.33897578716278076,0.33897578716278076
2069,206.9,207.9,0.3858177959918976,0.3858177959918976
2070,207.0,208.0,0.4187780022621155,0.4187780022621155
2071,207.1,208.1,0.46539461612701416,0.46539461612701416
2072,207.2,208.2,0.39464518427848816,0.39464518427848816
2073,207.3,208.3,0.37825682759284973,0.37825682759284973
2074,207.4,208.4,0.392115980386734,0.392115980386734
2075,207.5,208.5,0.37773558497428894,0.37773558497428894
2076,207.6,208.6,0.5798028111457825,0.5798028111457825
2077,207.7,208.7,0.44991445541381836,0.44991445541381836
2078,207.8,208.8,0.34047526121139526,0.34047526121139526
2079,207.9,208.9,0.39475017786026,0.39475017786026
2080,208.0,209.0,0.307668000459671,0.307668000459671
2081,208.1,209.1,0.3702440559864044,0.3702440559864044
2082,208.2,209.2,0.4175393283367157,0.4175393283367157
2083,208.3,209.3,0.3707171380519867,0.3707171380519867
2084,208.4,209.4,0.3730740547180176,0.3730740547180176
2085,208.5,209.5,0.34916427731513977,0.34916427731513977
2086,208.6,209.6,0.33196330070495605,0.33196330070495605
2087,208.7,209.7,0.3308362364768982,0.3308362364768982
2088,208.8,209.8,0.3740631937980652,0.3740631937980652
2089,208.9,209.9,0.3631872832775116,0.3631872832775116
2090,209.0,210.0,0.4394611120223999,0.4394611120223999
2091,209.1,210.1,0.3719705045223236,0.3719705045223236
2092,209.2,210.2,0.3620424270629883,0.3620424270629883
2093,209.3,210.3,0.4043952524662018,0.4043952524662018
2094,209.4,210.4,0.45622071623802185,0.45622071623802185
2095,209.5,210.5,0.39189791679382324,0.39189791679382324
2096,209.6,210.6,0.42463669180870056,0.42463669180870056
2097,209.7,210.7,0.4644524157047272,0.4644524157047272
2098,209.8,210.8,0.5186541676521301,0.5186541676521301
2099,209.9,210.9,0.4119855761528015,0.4119855761528015
2100,210.0,211.0,0.40104854106903076,0.40104854106903076
2101,210.1,211.1,0.40050750970840454,0.40050750970840454
2102,210.2,211.2,0.3833467364311218,0.3833467364311218
2103,210.3,211.3,0.4066215753555298,0.4066215753555298
2104,210.4,211.4,0.4677439033985138,0.4677439033985138
2105,210.5,211.5,0.3489035964012146,0.3489035964012146
2106,210.6,211.6,0.4279663860797882,0.4279663860797882
2107,210.7,211.7,0.5120986700057983,0.5120986700057983
2108,210.8,211.8,0.5017475485801697,0.5017475485801697
2109,210.9,211.9,0.4427005350589752,0.4427005350589752
2110,211.0,212.0,0.43217751383781433,0.43217751383781433
2111,211.1,212.1,0.3515382707118988,0.3515382707118988
2112,211.2,212.2,0.296894907951355,0.296894907951355
2113,211.3,212.3,0.38112691044807434,0.38112691044807434
2114,211.4,212.4,0.3625951111316681,0.3625951111316681
2115,211.5,212.5,0.39820289611816406,0.39820289611816406
2116,211.6,212.6,0.33591338992118835,0.33591338992118835
2117,211.7,212.7,0.2623693346977234,0.2623693346977234
2118,211.8,212.8,0.10150989890098572,0.10150989890098572
2119,211.9,212.9,0.0684213861823082,0.0684213861823082
2120,212.0,213.0,0.16588051617145538,0.16588051617145538
2121,212.1,213.1,0.056676819920539856,0.056676819920539856
2122,212.2,213.2,0.18108785152435303,0.18108785152435303
2123,212.3,213.3,0.34284311532974243,0.34284311532974243
2124,212.4,213.4,0.3008037507534027,0.3008037507534027
2125,212.5,213.5,0.4979345202445984,0.4979345202445984
2126,212.6,213.6,0.4475086033344269,0.4475086033344269
2127,212.7,213.7,0.39528998732566833,0.39528998732566833
2128,212.8,213.8,0.3949761390686035,0.3949761390686035
2129,212.9,213.9,0.4267439544200897,0.4267439544200897
2130,213.0,214.0,0.4000098705291748,0.4000098705291748
2131,213.1,214.1,0.39565715193748474,0.39565715193748474
2132,213.2,214.2,0.3551407754421234,0.3551407754421234
2133,213.3,214.3,0.35861051082611084,0.35861051082611084
2134,213.4,214.4,0.39132291078567505,0.39132291078567505
2135,213.5,214.5,0.41486313939094543,0.41486313939094543
2136,213.6,214.6,0.4825344681739807,0.4825344681739807
2137,213.7,214.7,0.44818976521492004,0.44818976521492004
2138,213.8,214.8,0.4260050356388092,0.4260050356388092
2139,213.9,214.9,0.36092886328697205,0.36092886328697205
2140,214.0,215.0,0.6001249551773071,0.6001249551773071
2141,214.1,215.1,0.467072069644928,0.467072069644928
2142,214.2,215.2,0.5110476016998291,0.5110476016998291
2143,214.3,215.3,0.4251466393470764,0.4251466393470764
2144,214.4,215.4,0.44890525937080383,0.44890525937080383
2145,214.5,215.5,0.32208284735679626,0.32208284735679626
2146,214.6,215.6,0.4055241346359253,0.4055241346359253
2147,214.7,215.7,0.4924813508987427,0.4924813508987427
2148,214.8,215.8,0.42508670687675476,0.42508670687675476
2149,214.9,215.9,0.41048839688301086,0.41048839688301086
2150,215.0,216.0,0.44430917501449585,0.44430917501449585
2151,215.1,216.1,0.332572340965271,0.332572340965271
2152,215.2,216.2,0.4316160976886749,0.4316160976886749
2153,215.3,216.3,0.31540346145629883,0.31540346145629883
2154,215.4,216.4,0.4749431014060974,0.4749431014060974
2155,215.5,216.5,0.5352287888526917,0.5352287888526917
2156,215.6,216.6,0.5110927820205688,0.5110927820205688
2157,215.7,216.7,0.39333727955818176,0.39333727955818176
2158,215.8,216.8,0.4159928560256958,0.4159928560256958
2159,215.9,216.9,0.4526408016681671,0.4526408016681671
2160,216.0,217.0,0.3522679805755615,0.3522679805755615
2161,216.1,217.1,0.32612526416778564,0.32612526416778564
2162,216.2,217.2,0.35798367857933044,0.35798367857933044
2163,216.3,217.3,0.31510889530181885,0.31510889530181885
2164,216.4,217.4,0.37548425793647766,0.37548425793647766
2165,216.5,217.5,0.4348641633987427,0.4348641633987427
2166,216.6,217.6,0.34496501088142395,0.34496501088142395
2167,216.7,217.7,0.23809507489204407,0.23809507489204407
2168,216.8,217.8,0.31010517477989197,0.31010517477989197
2169,216.9,217.9,0.32759323716163635,0.32759323716163635
2170,217.0,218.0,0.3976837396621704,0.3976837396621704
2171,217.1,218.1,0.3788382411003113,0.3788382411003113
2172,217.2,218.2,0.43599510192871094,0.43599510192871094
2173,217.3,218.3,0.5476382970809937,0.5476382970809937
2174,217.4,218.4,0.5914915800094604,0.5914915800094604
2175,217.5,218.5,0.5115463137626648,0.5115463137626648
2176,217.6,218.6,0.49866899847984314,0.49866899847984314
2177,217.7,218.7,0.3122979402542114,0.3122979402542114
2178,217.8,218.8,0.3604595959186554,0.3604595959186554
2179,217.9,218.9,0.3626181483268738,0.3626181483268738
2180,218.0,219.0,0.3356562554836273,0.3356562554836273
2181,218.1,219.1,0.40913814306259155,0.40913814306259155
2182,218.2,219.2,0.37382203340530396,0.37382203340530396
2183,218.3,219.3,0.3392643332481384,0.3392643332481384
2184,218.4,219.4,0.4051326513290405,0.4051326513290405
2185,218.5,219.5,0.4599108397960663,0.4599108397960663
2186,218.6,219.6,0.3978966474533081,0.3978966474533081
2187,218.7,219.7,0.47112908959388733,0.47112908959388733
2188,218.8,219.8,0.382638543844223,0.382638543844223
2189,218.9,219.9,0.43529951572418213,0.43529951572418213
2190,219.0,220.0,0.42962029576301575,0.42962029576301575
2191,219.1,220.1,0.4372466504573822,0.4372466504573822
2192,219.2,220.2,0.3463861644268036,0.3463861644268036
2193,219.3,220.3,0.35857638716697693,0.35857638716697693
2194,219.4,220.4,0.290815144777298,0.290815144777298
2195,219.5,220.5,0.4565960168838501,0.4565960168838501
2196,219.6,220.6,0.33460578322410583,0.33460578322410583
2197,219.7,220.7,0.33256128430366516,0.33256128430366516
2198,219.8,220.8,0.41972291469573975,0.41972291469573975
2199,219.9,220.9,0.38589298725128174,0.38589298725128174
2200,220.0,221.0,0.44443050026893616,0.44443050026893616
2201,220.1,221.1,0.44707080721855164,0.44707080721855164
2202,220.2,221.2,0.46979019045829773,0.46979019045829773
2203,220.3,221.3,0.568745493888855,0.568745493888855
2204,220.4,221.4,0.39830347895622253,0.39830347895622253
2205,220.5,221.5,0.4216158092021942,0.4216158092021942
2206,220.6,221.6,0.38669484853744507,0.38669484853744507
2207,220.7,221.7,0.43320131301879883,0.43320131301879883
2208,220.8,221.8,0.3800415098667145,0.3800415098667145
2209,220.9,221.9,0.4552925229072571,0.4552925229072571
2210,221.0,222.0,0.42152106761932373,0.42152106761932373
2211,221.1,222.1,0.39191222190856934,0.39191222190856934
2212,221.2,222.2,0.3473668396472931,0.3473668396472931
2213,221.3,222.3,0.31052494049072266,0.31052494049072266
2214,221.4,222.4,0.3511602580547333,0.3511602580547333
2215,221.5,222.5,0.33824658393859863,0.33824658393859863
2216,221.6,222.6,0.34903937578201294,0.34903937578201294
2217,221.7,222.7,0.32355979084968567,0.32355979084968567
2218,221.8,222.8,0.32824084162712097,0.32824084162712097
2219,221.9,222.9,0.3106843829154968,0.3106843829154968
2220,222.0,223.0,0.29755380749702454,0.29755380749702454
2221,222.1,223.1,0.34702032804489136,0.34702032804489136
2222,222.2,223.2,0.25986433029174805,0.25986433029174805
2223,222.3,223.3,0.43776655197143555,0.43776655197143555
2224,222.4,223.4,0.28940317034721375,0.28940317034721375
2225,222.5,223.5,0.36379462480545044,0.36379462480545044
2226,222.6,223.6,0.4029273986816406,0.4029273986816406
2227,222.7,223.7,0.3916679620742798,0.3916679620742798
2228,222.8,223.8,0.3829305171966553,0.3829305171966553
2229,222.9,223.9,0.3574780225753784,0.3574780225753784
2230,223.0,224.0,0.2989037036895752,0.2989037036895752
2231,223.1,224.1,0.4270297586917877,0.4270297586917877
2232,223.2,224.2,0.4125926196575165,0.4125926196575165
2233,223.3,224.3,0.38487690687179565,0.38487690687179565
2234,223.4,224.4,0.2919236421585083,0.2919236421585083
2235,223.5,224.5,0.3501294255256653,0.3501294255256653
2236,223.6,224.6,0.4303978383541107,0.4303978383541107
2237,223.7,224.7,0.2705725133419037,0.2705725133419037
2238,223.8,224.8,0.35462045669555664,0.35462045669555664
2239,223.9,224.9,0.45318907499313354,0.45318907499313354
2240,224.0,225.0,0.43642735481262207,0.43642735481262207
2241,224.1,225.1,0.43051931262016296,0.43051931262016296
2242,224.2,225.2,0.35453206300735474,0.35453206300735474
2243,224.3,225.3,0.3486032783985138,0.3486032783985138
2244,224.4,225.4,0.33858636021614075,0.33858636021614075
2245,224.5,225.5,0.3820267915725708,0.3820267915725708
2246,224.6,225.6,0.3514243960380554,0.3514243960380554
2247,224.7,225.7,0.4162875711917877,0.4162875711917877
2248,224.8,225.8,0.4226984977722168,0.4226984977722168
2249,224.9,225.9,0.4532274901866913,0.4532274901866913
2250,225.0,226.0,0.43659716844558716,0.43659716844558716
2251,225.1,226.1,0.3573816120624542,0.3573816120624542
2252,225.2,226.2,0.527908980846405,0.527908980846405
2253,225.3,226.3,0.22783701121807098,0.22783701121807098
2254,225.4,226.4,0.30306461453437805,0.30306461453437805
2255,225.5,226.5,0.3015180230140686,0.3015180230140686
2256,225.6,226.6,0.3428679406642914,0.3428679406642914
2257,225.7,226.7,0.4259549677371979,0.4259549677371979
2258,225.8,226.8,0.31441786885261536,0.31441786885261536
2259,225.9,226.9,0.4345107972621918,0.4345107972621918
2260,226.0,227.0,0.4144619107246399,0.4144619107246399
2261,226.1,227.1,0.41139304637908936,0.41139304637908936
2262,226.2,227.2,0.3124731183052063,0.3124731183052063
2263,226.3,227.3,0.3687532842159271,0.3687532842159271
2264,226.4,227.4,0.35514137148857117,0.35514137148857117
2265,226.5,227.5,0.3164111375808716,0.3164111375808716
2266,226.6,227.6,0.4021613597869873,0.4021613597869873
2267,226.7,227.7,0.3845798671245575,0.3845798671245575
2268,226.8,227.8,0.3645387291908264,0.3645387291908264
2269,226.9,227.9,0.5065733790397644,0.5065733790397644
2270,227.0,228.0,0.43962666392326355,0.43962666392326355
2271,227.1,228.1,0.35829925537109375,0.35829925537109375
2272,227.2,228.2,0.31886908411979675,0.31886908411979675
2273,227.3,228.3,0.17144441604614258,0.17144441604614258
2274,227.4,228.4,0.16474834084510803,0.16474834084510803
2275,227.5,228.5,0.26670295000076294,0.26670295000076294
2276,227.6,228.6,0.49431082606315613,0.49431082606315613
2277,227.7,228.7,0.544335126876831,0.544335126876831
2278,227.8,228.8,0.4243612587451935,0.4243612587451935
2279,227.9,228.9,0.4491611123085022,0.4491611123085022
2280,228.0,229.0,0.5036742687225342,0.5036742687225342
2281,228.1,229.1,0.6646636724472046,0.6646636724472046
2282,228.2,229.2,0.3773162066936493,0.3773162066936493
2283,228.3,229.3,0.38342031836509705,0.38342031836509705
2284,228.4,229.4,0.41506126523017883,0.41506126523017883
2285,228.5,229.5,0.4278896450996399,0.4278896450996399
2286,228.6,229.6,0.4512549340724945,0.4512549340724945
2287,228.7,229.7,0.534877598285675,0.534877598285675
2288,228.8,229.8,0.5676508545875549,0.5676508545875549
2289,228.9,229.9,0.5558618307113647,0.5558618307113647
2290,229.0,230.0,0.6232799291610718,0.6232799291610718
2291,229.1,230.1,0.6844887733459473,0.6844887733459473
2292,229.2,230.2,0.4226204454898834,0.4226204454898834
2293,229.3,230.3,0.4278106391429901,0.4278106391429901
2294,229.4,230.4,0.2856898307800293,0.2856898307800293
2295,229.5,230.5,0.33152711391448975,0.33152711391448975
2296,229.6,230.6,0.30519959330558777,0.30519959330558777
2297,229.7,230.7,0.39053627848625183,0.39053627848625183
2298,229.8,230.8,0.4535892903804779,0.4535892903804779
2299,229.9,230.9,0.4416881501674652,0.4416881501674652
2300,230.0,231.0,0.4558992087841034,0.4558992087841034
2301,230.1,231.1,0.6201662421226501,0.6201662421226501
2302,230.2,231.2,0.6578294038772583,0.6578294038772583
2303,230.3,231.3,0.5608194470405579,0.5608194470405579
2304,230.4,231.4,0.37332144379615784,0.37332144379615784
2305,230.5,231.5,0.33801084756851196,0.33801084756851196
2306,230.6,231.6,0.33549362421035767,0.33549362421035767
2307,230.7,231.7,0.40024277567863464,0.40024277567863464
2308,230.8,231.8,0.41584014892578125,0.41584014892578125
2309,230.9,231.9,0.4627085030078888,0.4627085030078888
2310,231.0,232.0,0.5019618272781372,0.5019618272781372
2311,231.1,232.1,0.5529435276985168,0.5529435276985168
2312,231.2,232.2,0.7205395698547363,0.7205395698547363
2313,231.3,232.3,0.6877177357673645,0.6877177357673645
2314,231.4,232.4,0.588031530380249,0.588031530380249
2315,231.5,232.5,0.5407091975212097,0.5407091975212097
2316,231.6,232.6,0.5532403588294983,0.5532403588294983
2317,231.7,232.7,0.6046739816665649,0.6046739816665649
2318,231.8,232.8,0.6241614818572998,0.6241614818572998
2319,231.9,232.9,0.3849267363548279,0.3849267363548279
2320,232.0,233.0,0.36729899048805237,0.36729899048805237
2321,232.1,233.1,0.5351055860519409,0.5351055860519409
2322,232.2,233.2,0.3626158833503723,0.3626158833503723
2323,232.3,233.3,0.2767025828361511,0.2767025828361511
2324,232.4,233.4,0.3736642897129059,0.3736642897129059
2325,232.5,233.5,0.3840988278388977,0.3840988278388977
2326,232.6,233.6,0.33442187309265137,0.33442187309265137
2327,232.7,233.7,0.3862215280532837,0.3862215280532837
2328,232.8,233.8,0.3906017243862152,0.3906017243862152
2329,232.9,233.9,0.3908536434173584,0.3908536434173584
2330,233.0,234.0,0.5017166137695312,0.5017166137695312
2331,233.1,234.1,0.5054096579551697,0.5054096579551697
2332,233.2,234.2,0.5152058005332947,0.5152058005332947
2333,233.3,234.3,0.46473705768585205,0.46473705768585205
2334,233.4,234.4,0.6560178995132446,0.6560178995132446
2335,233.5,234.5,0.6651789546012878,0.6651789546012878
2336,233.6,234.6,0.39374640583992004,0.39374640583992004
2337,233.7,234.7,0.29412999749183655,0.29412999749183655
2338,233.8,234.8,0.34196749329566956,0.34196749329566956
2339,233.9,234.9,0.28186023235321045,0.28186023235321045
2340,234.0,235.0,0.33126917481422424,0.33126917481422424
2341,234.1,235.1,0.40080541372299194,0.40080541372299194
2342,234.2,235.2,0.30732598900794983,0.30732598900794983
2343,234.3,235.3,0.3780170977115631,0.3780170977115631
2344,234.4,235.4,0.31169599294662476,0.31169599294662476
2345,234.5,235.5,0.3850604295730591,0.3850604295730591
2346,234.6,235.6,0.381213515996933,0.381213515996933
2347,234.7,235.7,0.4519425630569458,0.4519425630569458
2348,234.8,235.8,0.39914923906326294,0.39914923906326294
2349,234.9,235.9,0.40142199397087097,0.40142199397087097
2350,235.0,236.0,0.7670966386795044,0.7670966386795044
2351,235.1,236.1,0.29028424620628357,0.29028424620628357
2352,235.2,236.2,0.27484750747680664,0.27484750747680664
2353,235.3,236.3,0.29734617471694946,0.29734617471694946
2354,235.4,236.4,0.33220598101615906,0.33220598101615906
2355,235.5,236.5,0.30126744508743286,0.30126744508743286
2356,235.6,236.6,0.27608734369277954,0.27608734369277954
2357,235.7,236.7,0.2814839482307434,0.2814839482307434
2358,235.8,236.8,0.28207913041114807,0.28207913041114807
2359,235.9,236.9,0.2743126451969147,0.2743126451969147
2360,236.0,237.0,0.577219545841217,0.577219545841217
2361,236.1,237.1,0.40117383003234863,0.40117383003234863
2362,236.2,237.2,0.34264883399009705,0.34264883399009705
2363,236.3,237.3,0.3368116319179535,0.3368116319179535
2364,236.4,237.4,0.3414230942726135,0.3414230942726135
2365,236.5,237.5,0.317074179649353,0.317074179649353
2366,236.6,237.6,0.367845743894577,0.367845743894577
2367,236.7,237.7,0.3045996129512787,0.3045996129512787
2368,236.8,237.8,0.4446297287940979,0.4446297287940979
2369,236.9,237.9,0.2782720923423767,0.2782720923423767
2370,237.0,238.0,0.3027213215827942,0.3027213215827942
2371,237.1,238.1,0.32171544432640076,0.32171544432640076
2372,237.2,238.2,0.25372397899627686,0.25372397899627686
2373,237.3,238.3,0.2850055396556854,0.2850055396556854
2374,237.4,238.4,0.38627567887306213,0.38627567887306213
2375,237.5,238.5,0.5370142459869385,0.5370142459869385
2376,237.6,238.6,0.8542608022689819,0.8542608022689819
2377,237.7,238.7,0.7806076407432556,0.7806076407432556
2378,237.8,238.8,0.6627491116523743,0.6627491116523743
2379,237.9,238.9,0.638691782951355,0.638691782951355
2380,238.0,239.0,0.689448356628418,0.689448356628418
2381,238.1,239.1,0.7766956090927124,0.7766956090927124
2382,238.2,239.2,0.756411612033844,0.756411612033844
2383,238.3,239.3,0.8686411380767822,0.8686411380767822
2384,238.4,239.4,0.7986706495285034,0.7986706495285034
2385,238.5,239.5,0.5336482524871826,0.5336482524871826
2386,238.6,239.6,0.44088223576545715,0.44088223576545715
2387,238.7,239.7,0.4630025327205658,0.4630025327205658
2388,238.8,239.8,0.5646437406539917,0.5646437406539917
2389,238.9,239.9,0.4937017261981964,0.4937017261981964
2390,239.0,240.0,0.49764442443847656,0.49764442443847656
2391,239.1,240.1,0.5529621243476868,0.5529621243476868
2392,239.2,240.2,0.44834011793136597,0.44834011793136597
2393,239.3,240.3,0.3507864773273468,0.3507864773273468
2394,239.4,240.4,0.3040784001350403,0.3040784001350403
2395,239.5,240.5,0.3117804229259491,0.3117804229259491
2396,239.6,240.6,0.30070632696151733,0.30070632696151733
2397,239.7,240.7,0.3367699086666107,0.3367699086666107
2398,239.8,240.8,0.28729087114334106,0.28729087114334106
2399,239.9,240.9,0.34931832551956177,0.34931832551956177
2400,240.0,241.0,0.5254292488098145,0.5254292488098145
2401,240.1,241.1,0.2847388982772827,0.2847388982772827
2402,240.2,241.2,0.3311574161052704,0.3311574161052704
2403,240.3,241.3,0.4015125632286072,0.4015125632286072
2404,240.4,241.4,0.37505850195884705,0.37505850195884705
2405,240.5,241.5,0.4520145356655121,0.4520145356655121
2406,240.6,241.6,0.5433422923088074,0.5433422923088074
2407,240.7,241.7,0.5270258188247681,0.5270258188247681
2408,240.8,241.8,0.31957149505615234,0.31957149505615234
2409,240.9,241.9,0.4380706250667572,0.4380706250667572
2410,241.0,242.0,0.27973902225494385,0.27973902225494385
2411,241.1,242.1,0.30003610253334045,0.30003610253334045
2412,241.2,242.2,0.29233554005622864,0.29233554005622864
2413,241.3,242.3,0.2824140787124634,0.2824140787124634
2414,241.4,242.4,0.28338879346847534,0.28338879346847534
2415,241.5,242.5,0.2853766977787018,0.2853766977787018
2416,241.6,242.6,0.2800520956516266,0.2800520956516266
2417,241.7,242.7,0.2994232773780823,0.2994232773780823
2418,241.8,242.8,0.32653069496154785,0.32653069496154785
2419,241.9,242.9,0.2949887812137604,0.2949887812137604
2420,242.0,243.0,0.2665894031524658,0.2665894031524658
2421,242.1,243.1,0.27398166060447693,0.27398166060447693
2422,242.2,243.2,0.2835931181907654,0.2835931181907654
2423,242.3,243.3,0.38495099544525146,0.38495099544525146
2424,242.4,243.4,0.32494181394577026,0.32494181394577026
2425,242.5,243.5,0.3172195851802826,0.3172195851802826
2426,242.6,243.6,0.2816939353942871,0.2816939353942871
2427,242.7,243.7,0.288700670003891,0.288700670003891
2428,242.8,243.8,0.27111443877220154,0.27111443877220154
2429,242.9,243.9,0.28828051686286926,0.28828051686286926
2430,243.0,244.0,0.29495128989219666,0.29495128989219666
2431,243.1,244.1,0.31825464963912964,0.31825464963912964
2432,243.2,244.2,0.3120219111442566,0.3120219111442566
2433,243.3,244.3,0.505787193775177,0.505787193775177
2434,243.4,244.4,0.39791810512542725,0.39791810512542725
2435,243.5,244.5,0.3067995607852936,0.3067995607852936
2436,243.6,244.6,0.2638462781906128,0.2638462781906128
2437,243.7,244.7,0.43756335973739624,0.43756335973739624
2438,243.8,244.8,0.41069480776786804,0.41069480776786804
2439,243.9,244.9,0.42504653334617615,0.42504653334617615
2440,244.0,245.0,0.29600828886032104,0.29600828886032104
2441,244.1,245.1,0.38359352946281433,0.38359352946281433
2442,244.2,245.2,0.49916180968284607,0.49916180968284607
2443,244.3,245.3,0.5077449679374695,0.5077449679374695
2444,244.4,245.4,0.5079724788665771,0.5079724788665771
2445,244.5,245.5,0.4023495614528656,0.4023495614528656
2446,244.6,245.6,0.3248397707939148,0.3248397707939148
2447,244.7,245.7,0.2974785566329956,0.2974785566329956
2448,244.8,245.8,0.33923330903053284,0.33923330903053284
2449,244.9,245.9,0.40924492478370667,0.40924492478370667
2450,245.0,246.0,0.3679695725440979,0.3679695725440979
2451,245.1,246.1,0.333121657371521,0.333121657371521
2452,245.2,246.2,0.3450019359588623,0.3450019359588623
2453,245.3,246.3,0.33215105533599854,0.33215105533599854
2454,245.4,246.4,0.30269479751586914,0.30269479751586914
2455,245.5,246.5,0.39109042286872864,0.39109042286872864
2456,245.6,246.6,0.37364059686660767,0.37364059686660767
2457,245.7,246.7,0.381045937538147,0.381045937538147
2458,245.8,246.8,0.3365896940231323,0.3365896940231323
2459,245.9,246.9,0.3094378113746643,0.3094378113746643
2460,246.0,247.0,0.32198023796081543,0.32198023796081543
2461,246.1,247.1,0.29694950580596924,0.29694950580596924
2462,246.2,247.2,0.31819799542427063,0.31819799542427063
2463,246.3,247.3,0.312643826007843,0.312643826007843
2464,246.4,247.4,0.2818427085876465,0.2818427085876465
2465,246.5,247.5,0.25633761286735535,0.25633761286735535
2466,246.6,247.6,0.29512107372283936,0.29512107372283936
2467,246.7,247.7,0.2695314884185791,0.2695314884185791
2468,246.8,247.8,0.30429548025131226,0.30429548025131226
2469,246.9,247.9,0.2948722243309021,0.2948722243309021
2470,247.0,248.0,0.3368142545223236,0.3368142545223236
2471,247.1,248.1,0.41947364807128906,0.41947364807128906
2472,247.2,248.2,0.3549785315990448,0.3549785315990448
2473,247.3,248.3,0.330768346786499,0.330768346786499
2474,247.4,248.4,0.23519492149353027,0.23519492149353027
2475,247.5,248.5,0.30842912197113037,0.30842912197113037
2476,247.6,248.6,0.31918975710868835,0.31918975710868835
2477,247.7,248.7,0.33061131834983826,0.33061131834983826
2478,247.8,248.8,0.30448535084724426,0.30448535084724426
2479,247.9,248.9,0.3372204005718231,0.3372204005718231
2480,248.0,249.0,0.36091986298561096,0.36091986298561096
2481,248.1,249.1,0.3488694131374359,0.3488694131374359
2482,248.2,249.2,0.23887154459953308,0.23887154459953308
2483,248.3,249.3,0.32232874631881714,0.32232874631881714
2484,248.4,249.4,0.3106938302516937,0.3106938302516937
2485,248.5,249.5,0.3754294812679291,0.3754294812679291
2486,248.6,249.6,0.31436362862586975,0.31436362862586975
2487,248.7,249.7,0.3155039846897125,0.3155039846897125
2488,248.8,249.8,0.3332407474517822,0.3332407474517822
2489,248.9,249.9,0.28905871510505676,0.28905871510505676
2490,249.0,250.0,0.40327584743499756,0.40327584743499756
2491,249.1,250.1,0.3640725016593933,0.3640725016593933
2492,249.2,250.2,0.3030170798301697,0.3030170798301697
2493,249.3,250.3,0.2949139475822449,0.2949139475822449
2494,249.4,250.4,0.32136961817741394,0.32136961817741394
2495,249.5,250.5,0.3462618291378021,0.3462618291378021
2496,249.6,250.6,0.45477747917175293,0.45477747917175293
2497,249.7,250.7,0.2926533818244934,0.2926533818244934
2498,249.8,250.8,0.3384329080581665,0.3384329080581665
2499,249.9,250.9,0.36747685074806213,0.36747685074806213
2500,250.0,251.0,0.30624842643737793,0.30624842643737793
2501,250.1,251.1,0.3593945801258087,0.3593945801258087
2502,250.2,251.2,0.40083053708076477,0.40083053708076477
2503,250.3,251.3,0.2851797938346863,0.2851797938346863
2504,250.4,251.4,0.3110346496105194,0.3110346496105194
2505,250.5,251.5,0.3220427632331848,0.3220427632331848
2506,250.6,251.6,0.5147044658660889,0.5147044658660889
2507,250.7,251.7,0.3854566812515259,0.3854566812515259
2508,250.8,251.8,0.4403362572193146,0.4403362572193146
2509,250.9,251.9,0.5401493310928345,0.5401493310928345
2510,251.0,252.0,0.5415469408035278,0.5415469408035278
2511,251.1,252.1,0.4548026919364929,0.4548026919364929
2512,251.2,252.2,0.41783925890922546,0.41783925890922546
2513,251.3,252.3,0.36973389983177185,0.36973389983177185
2514,251.4,252.4,0.46629148721694946,0.46629148721694946
2515,251.5,252.5,0.4236595630645752,0.4236595630645752
2516,251.6,252.6,0.5547558069229126,0.5547558069229126
2517,251.7,252.7,0.6000372171401978,0.6000372171401978
2518,251.8,252.8,0.7502015829086304,0.7502015829086304
2519,251.9,252.9,0.6275928616523743,0.6275928616523743
2520,252.0,253.0,0.5009286999702454,0.5009286999702454
2521,252.1,253.1,0.6859197616577148,0.6859197616577148
2522,252.2,253.2,0.6216796040534973,0.6216796040534973
2523,252.3,253.3,0.5758103728294373,0.5758103728294373
2524,252.4,253.4,0.8504098653793335,0.8504098653793335
2525,252.5,253.5,0.6990671753883362,0.6990671753883362
2526,252.6,253.6,0.8963814377784729,0.8963814377784729
2527,252.7,253.7,0.7299323678016663,0.7299323678016663
2528,252.8,253.8,0.7075833082199097,0.7075833082199097
2529,252.9,253.9,0.7358689308166504,0.7358689308166504
2530,253.0,254.0,0.6150538921356201,0.6150538921356201
2531,253.1,254.1,0.5959842801094055,0.5959842801094055
2532,253.2,254.2,0.7688843011856079,0.7688843011856079
2533,253.3,254.3,0.7488914728164673,0.7488914728164673
2534,253.4,254.4,0.9903005361557007,0.9903005361557007
2535,253.5,254.5,0.9494205117225647,0.9494205117225647
2536,253.6,254.6,0.9552405476570129,0.9552405476570129
2537,253.7,254.7,0.8576028347015381,0.8576028347015381
2538,253.8,254.8,0.8968688249588013,0.8968688249588013
2539,253.9,254.9,0.9210605621337891,0.9210605621337891
2540,254.0,255.0,0.9307037591934204,0.9307037591934204
2541,254.1,255.1,0.8926323652267456,0.8926323652267456
2542,254.2,255.2,0.8481606841087341,0.8481606841087341
2543,254.3,255.3,0.6653777360916138,0.6653777360916138
2544,254.4,255.4,0.35009530186653137,0.35009530186653137
2545,254.5,255.5,0.31987160444259644,0.31987160444259644
2546,254.6,255.6,0.30756595730781555,0.30756595730781555
2547,254.7,255.7,0.34562626481056213,0.34562626481056213
2548,254.8,255.8,0.39200353622436523,0.39200353622436523
2549,254.9,255.9,0.34571877121925354,0.34571877121925354
2550,255.0,256.0,0.3308750092983246,0.3308750092983246
2551,255.1,256.1,0.3663538992404938,0.3663538992404938
2552,255.2,256.2,0.3873496651649475,0.3873496651649475
2553,255.3,256.3,0.3912125825881958,0.3912125825881958
2554,255.4,256.4,0.36278387904167175,0.36278387904167175
2555,255.5,256.5,0.5640984177589417,0.5640984177589417
2556,255.6,256.6,0.5137268304824829,0.5137268304824829
2557,255.7,256.7,0.45968103408813477,0.45968103408813477
2558,255.8,256.8,0.3286726176738739,0.3286726176738739
2559,255.9,256.9,0.4248978793621063,0.4248978793621063
2560,256.0,257.0,0.42648980021476746,0.42648980021476746
2561,256.1,257.1,0.39865797758102417,0.39865797758102417
2562,256.2,257.2,0.35262012481689453,0.35262012481689453
2563,256.3,257.3,0.3888731598854065,0.3888731598854065
2564,256.4,257.4,0.4154506027698517,0.4154506027698517
2565,256.5,257.5,0.34864598512649536,0.34864598512649536
2566,256.6,257.6,0.3144392669200897,0.3144392669200897
2567,256.7,257.7,0.4034130573272705,0.4034130573272705
2568,256.8,257.8,0.28229036927223206,0.28229036927223206
2569,256.9,257.9,0.3288911283016205,0.3288911283016205
2570,257.0,258.0,0.3486085534095764,0.3486085534095764
2571,257.1,258.1,0.3198835849761963,0.3198835849761963
2572,257.2,258.2,0.2848847210407257,0.2848847210407257
2573,257.3,258.3,0.4067652225494385,0.4067652225494385
2574,257.4,258.4,0.48107460141181946,0.48107460141181946
2575,257.5,258.5,0.45595285296440125,0.45595285296440125
2576,257.6,258.6,0.5218815207481384,0.5218815207481384
2577,257.7,258.7,0.5373893976211548,0.5373893976211548
2578,257.8,258.8,0.5155384540557861,0.5155384540557861
2579,257.9,258.9,0.48920246958732605,0.48920246958732605
2580,258.0,259.0,0.48996099829673767,0.48996099829673767
2581,258.1,259.1,0.469930499792099,0.469930499792099
2582,258.2,259.2,0.4704538583755493,0.4704538583755493
2583,258.3,259.3,0.3157341778278351,0.3157341778278351
2584,258.4,259.4,0.47215887904167175,0.47215887904167175
2585,258.5,259.5,0.30863067507743835,0.30863067507743835
2586,258.6,259.6,0.37590503692626953,0.37590503692626953
2587,258.7,259.7,0.5328216552734375,0.5328216552734375
2588,258.8,259.8,0.7172104120254517,0.7172104120254517
2589,258.9,259.9,0.6722137928009033,0.6722137928009033
2590,259.0,260.0,0.603390097618103,0.603390097618103
2591,259.1,260.1,0.5184211134910583,0.5184211134910583
2592,259.2,260.2,0.36289602518081665,0.36289602518081665
2593,259.3,260.3,0.3886079490184784,0.3886079490184784
2594,259.4,260.4,0.3918572962284088,0.3918572962284088
2595,259.5,260.5,0.4184971749782562,0.4184971749782562
2596,259.6,260.6,0.5218527913093567,0.5218527913093567
2597,259.7,260.7,0.5333534479141235,0.5333534479141235
2598,259.8,260.8,0.4138227105140686,0.4138227105140686
2599,259.9,260.9,0.4951832890510559,0.4951832890510559
2600,260.0,261.0,0.5422226786613464,0.5422226786613464
2601,260.1,261.1,0.32362863421440125,0.32362863421440125
2602,260.2,261.2,0.30539339780807495,0.30539339780807495
2603,260.3,261.3,0.3635943830013275,0.3635943830013275
2604,260.4,261.4,0.42976027727127075,0.42976027727127075
2605,260.5,261.5,0.4875001013278961,0.4875001013278961
2606,260.6,261.6,0.536350667476654,0.536350667476654
2607,260.7,261.7,0.3902381360530853,0.3902381360530853
2608,260.8,261.8,0.3876814544200897,0.3876814544200897
2609,260.9,261.9,0.4797653257846832,0.4797653257846832
2610,261.0,262.0,0.48529842495918274,0.48529842495918274
2611,261.1,262.1,0.4471113979816437,0.4471113979816437
2612,261.2,262.2,0.47908031940460205,0.47908031940460205
2613,261.3,262.3,0.5336977243423462,0.5336977243423462
2614,261.4,262.4,0.3611772656440735,0.3611772656440735
2615,261.5,262.5,0.4250970482826233,0.4250970482826233
2616,261.6,262.6,0.3738901615142822,0.3738901615142822
2617,261.7,262.7,0.37844210863113403,0.37844210863113403
2618,261.8,262.8,0.33399108052253723,0.33399108052253723
2619,261.9,262.9,0.3057287037372589,0.3057287037372589
2620,262.0,263.0,0.3380410075187683,0.3380410075187683
2621,262.1,263.1,0.4227129817008972,0.4227129817008972
2622,262.2,263.2,0.27103546261787415,0.27103546261787415
2623,262.3,263.3,0.3168226480484009,0.3168226480484009
2624,262.4,263.4,0.3480187952518463,0.3480187952518463
2625,262.5,263.5,0.3336063623428345,0.3336063623428345
2626,262.6,263.6,0.3686465322971344,0.3686465322971344
2627,262.7,263.7,0.40114858746528625,0.40114858746528625
2628,262.8,263.8,0.4880022704601288,0.4880022704601288
2629,262.9,263.9,0.4185905456542969,0.4185905456542969
2630,263.0,264.0,0.42496436834335327,0.42496436834335327
2631,263.1,264.1,0.5853394865989685,0.5853394865989685
2632,263.2,264.2,0.36110371351242065,0.36110371351242065
2633,263.3,264.3,0.3300820291042328,0.3300820291042328
2634,263.4,264.4,0.3328503966331482,0.3328503966331482
2635,263.5,264.5,0.33082079887390137,0.33082079887390137
2636,263.6,264.6,0.23700805008411407,0.23700805008411407
2637,263.7,264.7,0.27848541736602783,0.27848541736602783
2638,263.8,264.8,0.3332282602787018,0.3332282602787018
2639,263.9,264.9,0.37562766671180725,0.37562766671180725
2640,264.0,265.0,0.2849547863006592,0.2849547863006592
2641,264.1,265.1,0.3098130226135254,0.3098130226135254
2642,264.2,265.2,0.36971625685691833,0.36971625685691833
2643,264.3,265.3,0.43675678968429565,0.43675678968429565
2644,264.4,265.4,0.30026739835739136,0.30026739835739136
2645,264.5,265.5,0.35205355286598206,0.35205355286598206
2646,264.6,265.6,0.5275396108627319,0.5275396108627319
2647,264.7,265.7,0.5167893767356873,0.5167893767356873
2648,264.8,265.8,0.5095790028572083,0.5095790028572083
2649,264.9,265.9,0.4882662892341614,0.4882662892341614
2650,265.0,266.0,0.620570957660675,0.620570957660675
2651,265.1,266.1,0.7029635310173035,0.7029635310173035
2652,265.2,266.2,0.645669162273407,0.645669162273407
2653,265.3,266.3,0.6338129639625549,0.6338129639625549
2654,265.4,266.4,0.5965794920921326,0.5965794920921326
2655,265.5,266.5,0.409065842628479,0.409065842628479
2656,265.6,266.6,0.48213139176368713,0.48213139176368713
2657,265.7,266.7,0.4581940174102783,0.4581940174102783
2658,265.8,266.8,0.49392691254615784,0.49392691254615784
2659,265.9,266.9,0.4309163987636566,0.4309163987636566
2660,266.0,267.0,0.31117814779281616,0.31117814779281616
2661,266.1,267.1,0.4978627860546112,0.4978627860546112
2662,266.2,267.2,0.47678640484809875,0.47678640484809875
2663,266.3,267.3,0.4625554382801056,0.4625554382801056
2664,266.4,267.4,0.581310510635376,0.581310510635376
2665,266.5,267.5,0.4255230724811554,0.4255230724811554
2666,266.6,267.6,0.3577868342399597,0.3577868342399597
2667,266.7,267.7,0.34599944949150085,0.34599944949150085
2668,266.8,267.8,0.5082988739013672,0.5082988739013672
2669,266.9,267.9,0.524584174156189,0.524584174156189
2670,267.0,268.0,0.4192814230918884,0.4192814230918884
2671,267.1,268.1,0.5081332921981812,0.5081332921981812
2672,267.2,268.2,0.44391772150993347,0.44391772150993347
2673,267.3,268.3,0.5438737869262695,0.5438737869262695
2674,267.4,268.4,0.5007396936416626,0.5007396936416626
2675,267.5,268.5,0.5821555256843567,0.5821555256843567
2676,267.6,268.6,0.573060929775238,0.573060929775238
2677,267.7,268.7,0.5882218480110168,0.5882218480110168
2678,267.8,268.8,0.38560205698013306,0.38560205698013306
2679,267.9,268.9,0.43098998069763184,0.43098998069763184
2680,268.0,269.0,0.3845142424106598,0.3845142424106598
2681,268.1,269.1,0.40128427743911743,0.40128427743911743
2682,268.2,269.2,0.31781038641929626,0.31781038641929626
2683,268.3,269.3,0.3724876642227173,0.3724876642227173
2684,268.4,269.4,0.3773147761821747,0.3773147761821747
2685,268.5,269.5,0.4900308847427368,0.4900308847427368
2686,268.6,269.6,0.2956119477748871,0.2956119477748871
2687,268.7,269.7,0.26784107089042664,0.26784107089042664
2688,268.8,269.8,0.3653087913990021,0.3653087913990021
2689,268.9,269.9,0.5576103329658508,0.5576103329658508
2690,269.0,270.0,0.4353753328323364,0.4353753328323364
2691,269.1,270.1,0.40986600518226624,0.40986600518226624
2692,269.2,270.2,0.45196211338043213,0.45196211338043213
2693,269.3,270.3,0.5393502712249756,0.5393502712249756
2694,269.4,270.4,0.5067610144615173,0.5067610144615173
2695,269.5,270.5,0.43443161249160767,0.43443161249160767
2696,269.6,270.6,0.3889663517475128,0.3889663517475128
2697,269.7,270.7,0.41278523206710815,0.41278523206710815
2698,269.8,270.8,0.34397491812705994,0.34397491812705994
2699,269.9,270.9,0.4158252477645874,0.4158252477645874
2700,270.0,271.0,0.421373188495636,0.421373188495636
2701,270.1,271.1,0.5340176224708557,0.5340176224708557
2702,270.2,271.2,0.36190277338027954,0.36190277338027954
2703,270.3,271.3,0.35491588711738586,0.35491588711738586
2704,270.4,271.4,0.3115912973880768,0.3115912973880768
2705,270.5,271.5,0.34241458773612976,0.34241458773612976
2706,270.6,271.6,0.573992908000946,0.573992908000946
2707,270.7,271.7,0.5697999000549316,0.5697999000549316
2708,270.8,271.8,0.5915446877479553,0.5915446877479553
2709,270.9,271.9,0.41693657636642456,0.41693657636642456
2710,271.0,272.0,0.41522520780563354,0.41522520780563354
2711,271.1,272.1,0.46573638916015625,0.46573638916015625
2712,271.2,272.2,0.36845263838768005,0.36845263838768005
2713,271.3,272.3,0.38254407048225403,0.38254407048225403
2714,271.4,272.4,0.44910135865211487,0.44910135865211487
2715,271.5,272.5,0.3701733350753784,0.3701733350753784
2716,271.6,272.6,0.5812897682189941,0.5812897682189941
2717,271.7,272.7,0.36810779571533203,0.36810779571533203
2718,271.8,272.8,0.32549941539764404,0.32549941539764404
2719,271.9,272.9,0.3615422248840332,0.3615422248840332
2720,272.0,273.0,0.4661780297756195,0.4661780297756195
2721,272.1,273.1,0.35839173197746277,0.35839173197746277
2722,272.2,273.2,0.42695367336273193,0.42695367336273193
2723,272.3,273.3,0.35560235381126404,0.35560235381126404
2724,272.4,273.4,0.5335938334465027,0.5335938334465027
2725,272.5,273.5,0.4598220884799957,0.4598220884799957
2726,272.6,273.6,0.4107428789138794,0.4107428789138794
2727,272.7,273.7,0.41405436396598816,0.41405436396598816
2728,272.8,273.8,0.3576173484325409,0.3576173484325409
2729,272.9,273.9,0.3858810067176819,0.3858810067176819
2730,273.0,274.0,0.42227065563201904,0.42227065563201904
2731,273.1,274.1,0.35962536931037903,0.35962536931037903
2732,273.2,274.2,0.34007060527801514,0.34007060527801514
2733,273.3,274.3,0.3456995189189911,0.3456995189189911
2734,273.4,274.4,0.27711766958236694,0.27711766958236694
2735,273.5,274.5,0.33635634183883667,0.33635634183883667
2736,273.6,274.6,0.367700457572937,0.367700457572937
2737,273.7,274.7,0.3165959119796753,0.3165959119796753
2738,273.8,274.8,0.35524243116378784,0.35524243116378784
2739,273.9,274.9,0.30993562936782837,0.30993562936782837
2740,274.0,275.0,0.3011631667613983,0.3011631667613983
2741,274.1,275.1,0.4198888838291168,0.4198888838291168
2742,274.2,275.2,0.43490171432495117,0.43490171432495117
2743,274.3,275.3,0.5021806359291077,0.5021806359291077
2744,274.4,275.4,0.41014790534973145,0.41014790534973145
2745,274.5,275.5,0.31030428409576416,0.31030428409576416
2746,274.6,275.6,0.3315429091453552,0.3315429091453552
2747,274.7,275.7,0.38825562596321106,0.38825562596321106
2748,274.8,275.8,0.4335924983024597,0.4335924983024597
2749,274.9,275.9,0.377139687538147,0.377139687538147
2750,275.0,276.0,0.3912712335586548,0.3912712335586548
2751,275.1,276.1,0.45883432030677795,0.45883432030677795
2752,275.2,276.2,0.34574103355407715,0.34574103355407715
2753,275.3,276.3,0.36738869547843933,0.36738869547843933
2754,275.4,276.4,0.29142552614212036,0.29142552614212036
2755,275.5,276.5,0.3345341086387634,0.3345341086387634
2756,275.6,276.6,0.3370768427848816,0.3370768427848816
2757,275.7,276.7,0.3214230537414551,0.3214230537414551
2758,275.8,276.8,0.4746115207672119,0.4746115207672119
2759,275.9,276.9,0.3921157717704773,0.3921157717704773
2760,276.0,277.0,0.40647605061531067,0.40647605061531067
2761,276.1,277.1,0.35595402121543884,0.35595402121543884
2762,276.2,277.2,0.4043674170970917,0.4043674170970917
2763,276.3,277.3,0.44913238286972046,0.44913238286972046
2764,276.4,277.4,0.41189834475517273,0.41189834475517273
2765,276.5,277.5,0.3719628155231476,0.3719628155231476
2766,276.6,277.6,0.3986169397830963,0.3986169397830963
2767,276.7,277.7,0.3419865071773529,0.3419865071773529
2768,276.8,277.8,0.31789451837539673,0.31789451837539673
2769,276.9,277.9,0.3541148900985718,0.3541148900985718
2770,277.0,278.0,0.3409809470176697,0.3409809470176697
2771,277.1,278.1,0.374194860458374,0.374194860458374
2772,277.2,278.2,0.39434826374053955,0.39434826374053955
2773,277.3,278.3,0.3237086236476898,0.3237086236476898
2774,277.4,278.4,0.3723967373371124,0.3723967373371124
2775,277.5,278.5,0.4220593571662903,0.4220593571662903
2776,277.6,278.6,0.3707776665687561,0.3707776665687561
2777,277.7,278.7,0.35235682129859924,0.35235682129859924
2778,277.8,278.8,0.5780215859413147,0.5780215859413147
2779,277.9,278.9,0.42712947726249695,0.42712947726249695
2780,278.0,279.0,0.4411163926124573,0.4411163926124573
2781,278.1,279.1,0.37367674708366394,0.37367674708366394
2782,278.2,279.2,0.5019750595092773,0.5019750595092773
2783,278.3,279.3,0.5153875350952148,0.5153875350952148
2784,278.4,279.4,0.44472038745880127,0.44472038745880127
2785,278.5,279.5,0.3899095058441162,0.3899095058441162
2786,278.6,279.6,0.4322133958339691,0.4322133958339691
2787,278.7,279.7,0.44588515162467957,0.44588515162467957
2788,278.8,279.8,0.544471800327301,0.544471800327301
2789,278.9,279.9,0.5339825749397278,0.5339825749397278
2790,279.0,280.0,0.2842499017715454,0.2842499017715454
2791,279.1,280.1,0.40932929515838623,0.40932929515838623
2792,279.2,280.2,0.3999687433242798,0.3999687433242798
2793,279.3,280.3,0.4013639986515045,0.4013639986515045
2794,279.4,280.4,0.49022969603538513,0.49022969603538513
2795,279.5,280.5,0.48656532168388367,0.48656532168388367
2796,279.6,280.6,0.45551154017448425,0.45551154017448425
2797,279.7,280.7,0.5778810381889343,0.5778810381889343
2798,279.8,280.8,0.33921682834625244,0.33921682834625244
2799,279.9,280.9,0.37461745738983154,0.37461745738983154
2800,280.0,281.0,0.44454437494277954,0.44454437494277954
2801,280.1,281.1,0.3486897647380829,0.3486897647380829
2802,280.2,281.2,0.37944114208221436,0.37944114208221436
2803,280.3,281.3,0.3872423470020294,0.3872423470020294
2804,280.4,281.4,0.3557247221469879,0.3557247221469879
2805,280.5,281.5,0.363363116979599,0.363363116979599
2806,280.6,281.6,0.4776131808757782,0.4776131808757782
2807,280.7,281.7,0.36068370938301086,0.36068370938301086
2808,280.8,281.8,0.35706019401550293,0.35706019401550293
2809,280.9,281.9,0.31449824571609497,0.31449824571609497
2810,281.0,282.0,0.31841036677360535,0.31841036677360535
2811,281.1,282.1,0.3214350640773773,0.3214350640773773
2812,281.2,282.2,0.24439217150211334,0.24439217150211334
2813,281.3,282.3,0.09960082918405533,0.09960082918405533
2814,281.4,282.4,0.21103379130363464,0.21103379130363464
2815,281.5,282.5,0.3480311632156372,0.3480311632156372
2816,281.6,282.6,0.17033590376377106,0.17033590376377106
2817,281.7,282.7,0.22831958532333374,0.22831958532333374
2818,281.8,282.8,0.3168485760688782,0.3168485760688782
2819,281.9,282.9,0.2506164312362671,0.2506164312362671
2820,282.0,283.0,0.35226207971572876,0.35226207971572876
2821,282.1,283.1,0.4972766637802124,0.4972766637802124
2822,282.2,283.2,0.5196840763092041,0.5196840763092041
2823,282.3,283.3,0.4500512182712555,0.4500512182712555
2824,282.4,283.4,0.4802086055278778,0.4802086055278778
2825,282.5,283.5,0.5195120573043823,0.5195120573043823
2826,282.6,283.6,0.564689040184021,0.564689040184021
2827,282.7,283.7,0.4740099012851715,0.4740099012851715
2828,282.8,283.8,0.37939465045928955,0.37939465045928955
2829,282.9,283.9,0.45397335290908813,0.45397335290908813
2830,283.0,284.0,0.3968822956085205,0.3968822956085205
2831,283.1,284.1,0.3522171080112457,0.3522171080112457
2832,283.2,284.2,0.38862526416778564,0.38862526416778564
2833,283.3,284.3,0.5784553289413452,0.5784553289413452
2834,283.4,284.4,0.4709412753582001,0.4709412753582001
2835,283.5,284.5,0.3901479244232178,0.3901479244232178
2836,283.6,284.6,0.4241637885570526,0.4241637885570526
2837,283.7,284.7,0.39846891164779663,0.39846891164779663
2838,283.8,284.8,0.44655928015708923,0.44655928015708923
2839,283.9,284.9,0.4214520752429962,0.4214520752429962
2840,284.0,285.0,0.3712002635002136,0.3712002635002136
2841,284.1,285.1,0.48430269956588745,0.48430269956588745
2842,284.2,285.2,0.4036867916584015,0.4036867916584015
2843,284.3,285.3,0.37345418334007263,0.37345418334007263
2844,284.4,285.4,0.30234697461128235,0.30234697461128235
2845,284.5,285.5,0.3497665226459503,0.3497665226459503
2846,284.6,285.6,0.4003278911113739,0.4003278911113739
2847,284.7,285.7,0.3521571159362793,0.3521571159362793
2848,284.8,285.8,0.3885266184806824,0.3885266184806824
2849,284.9,285.9,0.3215373456478119,0.3215373456478119
2850,285.0,286.0,0.28285861015319824,0.28285861015319824
2851,285.1,286.1,0.2777691185474396,0.2777691185474396
2852,285.2,286.2,0.37476733326911926,0.37476733326911926
2853,285.3,286.3,0.42607930302619934,0.42607930302619934
2854,285.4,286.4,0.41143450140953064,0.41143450140953064
2855,285.5,286.5,0.5040159821510315,0.5040159821510315
2856,285.6,286.6,0.41411370038986206,0.41411370038986206
2857,285.7,286.7,0.4259001910686493,0.4259001910686493
2858,285.8,286.8,0.3968430161476135,0.3968430161476135
2859,285.9,286.9,0.37705036997795105,0.37705036997795105
2860,286.0,287.0,0.3595074713230133,0.3595074713230133
2861,286.1,287.1,0.34081020951271057,0.34081020951271057
2862,286.2,287.2,0.3904132544994354,0.3904132544994354
2863,286.3,287.3,0.45316749811172485,0.45316749811172485
2864,286.4,287.4,0.4124157726764679,0.4124157726764679
2865,286.5,287.5,0.38428589701652527,0.38428589701652527
2866,286.6,287.6,0.32653602957725525,0.32653602957725525
2867,286.7,287.7,0.37453800439834595,0.37453800439834595
2868,286.8,287.8,0.3020436465740204,0.3020436465740204
2869,286.9,287.9,0.4046183228492737,0.4046183228492737
2870,287.0,288.0,0.3725607395172119,0.3725607395172119
2871,287.1,288.1,0.4791047275066376,0.4791047275066376
2872,287.2,288.2,0.38437575101852417,0.38437575101852417
2873,287.3,288.3,0.37975355982780457,0.37975355982780457
2874,287.4,288.4,0.43071404099464417,0.43071404099464417
2875,287.5,288.5,0.3883988559246063,0.3883988559246063
2876,287.6,288.6,0.3437288701534271,0.3437288701534271
2877,287.7,288.7,0.3588787317276001,0.3588787317276001
2878,287.8,288.8,0.3599577248096466,0.3599577248096466
2879,287.9,288.9,0.3514986038208008,0.3514986038208008
2880,288.0,289.0,0.3526571989059448,0.3526571989059448
2881,288.1,289.1,0.45302844047546387,0.45302844047546387
2882,288.2,289.2,0.38360217213630676,0.38360217213630676
2883,288.3,289.3,0.35129210352897644,0.35129210352897644
2884,288.4,289.4,0.2715235650539398,0.2715235650539398
2885,288.5,289.5,0.30442482233047485,0.30442482233047485
2886,288.6,289.6,0.4272608757019043,0.4272608757019043
2887,288.7,289.7,0.4698809087276459,0.4698809087276459
2888,288.8,289.8,0.4354126453399658,0.4354126453399658
2889,288.9,289.9,0.37599214911460876,0.37599214911460876
2890,289.0,290.0,0.4655470848083496,0.4655470848083496
2891,289.1,290.1,0.3437999188899994,0.3437999188899994
2892,289.2,290.2,0.3569190800189972,0.3569190800189972
2893,289.3,290.3,0.3189934194087982,0.3189934194087982
2894,289.4,290.4,0.2967793345451355,0.2967793345451355
2895,289.5,290.5,0.30405884981155396,0.30405884981155396
2896,289.6,290.6,0.30819302797317505,0.30819302797317505
2897,289.7,290.7,0.3414635956287384,0.3414635956287384
2898,289.8,290.8,0.3427894413471222,0.3427894413471222
2899,289.9,290.9,0.3302922248840332,0.3302922248840332
2900,290.0,291.0,0.41032445430755615,0.41032445430755615
2901,290.1,291.1,0.4806419014930725,0.4806419014930725
2902,290.2,291.2,0.34611019492149353,0.34611019492149353
2903,290.3,291.3,0.372612327337265,0.372612327337265
2904,290.4,291.4,0.41453781723976135,0.41453781723976135
2905,290.5,291.5,0.4081750512123108,0.4081750512123108
2906,290.6,291.6,0.4459027051925659,0.4459027051925659
2907,290.7,291.7,0.4032774865627289,0.4032774865627289
2908,290.8,291.8,0.37102100253105164,0.37102100253105164
2909,290.9,291.9,0.38263264298439026,0.38263264298439026
2910,291.0,292.0,0.3457719087600708,0.3457719087600708
2911,291.1,292.1,0.4425008296966553,0.4425008296966553
2912,291.2,292.2,0.3953832983970642,0.3953832983970642
2913,291.3,292.3,0.47345393896102905,0.47345393896102905
2914,291.4,292.4,0.4971621036529541,0.4971621036529541
2915,291.5,292.5,0.4355793297290802,0.4355793297290802
2916,291.6,292.6,0.3777520954608917,0.3777520954608917
2917,291.7,292.7,0.4364163875579834,0.4364163875579834
2918,291.8,292.8,0.407459557056427,0.407459557056427
2919,291.9,292.9,0.3479522466659546,0.3479522466659546
2920,292.0,293.0,0.3349270522594452,0.3349270522594452
2921,292.1,293.1,0.3369383215904236,0.3369383215904236
2922,292.2,293.2,0.3480589687824249,0.3480589687824249
2923,292.3,293.3,0.3623485267162323,0.3623485267162323
2924,292.4,293.4,0.4138822555541992,0.4138822555541992
2925,292.5,293.5,0.3188033401966095,0.3188033401966095
2926,292.6,293.6,0.326144814491272,0.326144814491272
2927,292.7,293.7,0.31522607803344727,0.31522607803344727
2928,292.8,293.8,0.47153058648109436,0.47153058648109436
2929,292.9,293.9,0.3859405219554901,0.3859405219554901
2930,293.0,294.0,0.39873984456062317,0.39873984456062317
2931,293.1,294.1,0.43946143984794617,0.43946143984794617
2932,293.2,294.2,0.4267260730266571,0.4267260730266571
2933,293.3,294.3,0.3119702637195587,0.3119702637195587
2934,293.4,294.4,0.303758829832077,0.303758829832077
2935,293.5,294.5,0.34693464636802673,0.34693464636802673
2936,293.6,294.6,0.44109585881233215,0.44109585881233215
2937,293.7,294.7,0.6223258972167969,0.6223258972167969
2938,293.8,294.8,0.48731914162635803,0.48731914162635803
2939,293.9,294.9,0.449787974357605,0.449787974357605
2940,294.0,295.0,0.3305149972438812,0.3305149972438812
2941,294.1,295.1,0.36285126209259033,0.36285126209259033
2942,294.2,295.2,0.33594539761543274,0.33594539761543274
2943,294.3,295.3,0.3377592861652374,0.3377592861652374
2944,294.4,295.4,0.3519679009914398,0.3519679009914398
2945,294.5,295.5,0.32540684938430786,0.32540684938430786
2946,294.6,295.6,0.29206550121307373,0.29206550121307373
2947,294.7,295.7,0.3563695251941681,0.3563695251941681
2948,294.8,295.8,0.14989474415779114,0.14989474415779114
2949,294.9,295.9,0.35502055287361145,0.35502055287361145
2950,295.0,296.0,0.4587121605873108,0.4587121605873108
2951,295.1,296.1,0.3368232846260071,0.3368232846260071
2952,295.2,296.2,0.40361329913139343,0.40361329913139343
2953,295.3,296.3,0.4159657657146454,0.4159657657146454
2954,295.4,296.4,0.40178221464157104,0.40178221464157104
2955,295.5,296.5,0.49538683891296387,0.49538683891296387
2956,295.6,296.6,0.6276599168777466,0.6276599168777466
2957,295.7,296.7,0.44759199023246765,0.44759199023246765
2958,295.8,296.8,0.2897193729877472,0.2897193729877472
2959,295.9,296.9,0.41028186678886414,0.41028186678886414
2960,296.0,297.0,0.5115753412246704,0.5115753412246704
2961,296.1,297.1,0.2878030836582184,0.2878030836582184
2962,296.2,297.2,0.43185287714004517,0.43185287714004517
2963,296.3,297.3,0.44039908051490784,0.44039908051490784
2964,296.4,297.4,0.40751323103904724,0.40751323103904724
2965,296.5,297.5,0.4436894953250885,0.4436894953250885
2966,296.6,297.6,0.5716584920883179,0.5716584920883179
2967,296.7,297.7,0.5140761733055115,0.5140761733055115
2968,296.8,297.8,0.3602510392665863,0.3602510392665863
2969,296.9,297.9,0.3616359829902649,0.3616359829902649
2970,297.0,298.0,0.30250996351242065,0.30250996351242065
2971,297.1,298.1,0.29731661081314087,0.29731661081314087
2972,297.2,298.2,0.36252373456954956,0.36252373456954956
2973,297.3,298.3,0.43133336305618286,0.43133336305618286
2974,297.4,298.4,0.41743215918540955,0.41743215918540955
2975,297.5,298.5,0.5368307828903198,0.5368307828903198
2976,297.6,298.6,0.4079110324382782,0.4079110324382782
2977,297.7,298.7,0.4344708323478699,0.4344708323478699
2978,297.8,298.8,0.3595123589038849,0.3595123589038849
2979,297.9,298.9,0.47937488555908203,0.47937488555908203
2980,298.0,299.0,0.39085546135902405,0.39085546135902405
2981,298.1,299.1,0.32236117124557495,0.32236117124557495
2982,298.2,299.2,0.42892181873321533,0.42892181873321533
2983,298.3,299.3,0.33692166209220886,0.33692166209220886
2984,298.4,299.4,0.3629567325115204,0.3629567325115204
2985,298.5,299.5,0.3860456943511963,0.3860456943511963
2986,298.6,299.6,0.4431227445602417,0.4431227445602417
2987,298.7,299.7,0.40915465354919434,0.40915465354919434
2988,298.8,299.8,0.4121749997138977,0.4121749997138977
2989,298.9,299.9,0.5712294578552246,0.5712294578552246
2990,299.0,300.0,0.5050901770591736,0.5050901770591736
2991,299.1,300.1,0.45226356387138367,0.45226356387138367
2992,299.2,300.2,0.4015161395072937,0.4015161395072937
2993,299.3,300.3,0.37718233466148376,0.37718233466148376
2994,299.4,300.4,0.496240496635437,0.496240496635437
2995,299.5,300.5,0.46635809540748596,0.46635809540748596
2996,299.6,300.6,0.39166775345802307,0.39166775345802307
2997,299.7,300.7,0.3378888964653015,0.3378888964653015
2998,299.8,300.8,0.37016987800598145,0.37016987800598145
2999,299.9,300.9,0.3416305184364319,0.3416305184364319
3000,300.0,301.0,0.4305481016635895,0.4305481016635895
3001,300.1,301.1,0.4348940849304199,0.4348940849304199
3002,300.2,301.2,0.41554349660873413,0.41554349660873413
3003,300.3,301.3,0.39941680431365967,0.39941680431365967
3004,300.4,301.4,0.4323824644088745,0.4323824644088745
3005,300.5,301.5,0.4461991488933563,0.4461991488933563
3006,300.6,301.6,0.35440918803215027,0.35440918803215027
3007,300.7,301.7,0.3870564103126526,0.3870564103126526
3008,300.8,301.8,0.39029353857040405,0.39029353857040405
3009,300.9,301.9,0.46430349349975586,0.46430349349975586
3010,301.0,302.0,0.5608443021774292,0.5608443021774292
3011,301.1,302.1,0.4869004189968109,0.4869004189968109
3012,301.2,302.2,0.5750647187232971,0.5750647187232971
3013,301.3,302.3,0.5671164989471436,0.5671164989471436
3014,301.4,302.4,0.6320784091949463,0.6320784091949463
3015,301.5,302.5,0.6767606139183044,0.6767606139183044
3016,301.6,302.6,0.7044164538383484,0.7044164538383484
3017,301.7,302.7,0.46599122881889343,0.46599122881889343
3018,301.8,302.8,0.41645821928977966,0.41645821928977966
3019,301.9,302.9,0.6556856632232666,0.6556856632232666
3020,302.0,303.0,0.581799328327179,0.581799328327179
3021,302.1,303.1,0.5549514293670654,0.5549514293670654
3022,302.2,303.2,0.45298147201538086,0.45298147201538086
3023,302.3,303.3,0.73906409740448,0.73906409740448
3024,302.4,303.4,0.6311884522438049,0.6311884522438049
3025,302.5,303.5,0.3275282680988312,0.3275282680988312
3026,302.6,303.6,0.4214133620262146,0.4214133620262146
3027,302.7,303.7,0.4569123685359955,0.4569123685359955
3028,302.8,303.8,0.47655078768730164,0.47655078768730164
3029,302.9,303.9,0.4139474332332611,0.4139474332332611
3030,303.0,304.0,0.529826819896698,0.529826819896698
3031,303.1,304.1,0.6033028960227966,0.6033028960227966
3032,303.2,304.2,0.7696603536605835,0.7696603536605835
3033,303.3,304.3,0.693313717842102,0.693313717842102
3034,303.4,304.4,0.6815527677536011,0.6815527677536011
3035,303.5,304.5,0.5771493315696716,0.5771493315696716
3036,303.6,304.6,0.5641924142837524,0.5641924142837524
3037,303.7,304.7,0.4598616063594818,0.4598616063594818
3038,303.8,304.8,0.3499850034713745,0.3499850034713745
3039,303.9,304.9,0.4327249228954315,0.4327249228954315
3040,304.0,305.0,0.42080259323120117,0.42080259323120117
3041,304.1,305.1,0.36526018381118774,0.36526018381118774
3042,304.2,305.2,0.4151059091091156,0.4151059091091156
3043,304.3,305.3,0.3301750719547272,0.3301750719547272
3044,304.4,305.4,0.33909130096435547,0.33909130096435547
3045,304.5,305.5,0.3420865833759308,0.3420865833759308
3046,304.6,305.6,0.29657524824142456,0.29657524824142456
3047,304.7,305.7,0.3438459038734436,0.3438459038734436
3048,304.8,305.8,0.3324090540409088,0.3324090540409088
3049,304.9,305.9,0.3205714821815491,0.3205714821815491
3050,305.0,306.0,0.31469783186912537,0.31469783186912537
3051,305.1,306.1,0.49731335043907166,0.49731335043907166
3052,305.2,306.2,0.37124210596084595,0.37124210596084595
3053,305.3,306.3,0.5700609087944031,0.5700609087944031
3054,305.4,306.4,0.5293922424316406,0.5293922424316406
3055,305.5,306.5,0.6506084203720093,0.6506084203720093
3056,305.6,306.6,0.5824602246284485,0.5824602246284485
3057,305.7,306.7,0.6753132939338684,0.6753132939338684
3058,305.8,306.8,0.5933857560157776,0.5933857560157776
3059,305.9,306.9,0.8264437913894653,0.8264437913894653
3060,306.0,307.0,0.7738805413246155,0.7738805413246155
3061,306.1,307.1,0.7943094968795776,0.7943094968795776
3062,306.2,307.2,0.6691899299621582,0.6691899299621582
3063,306.3,307.3,0.8173397779464722,0.8173397779464722
3064,306.4,307.4,0.6546339988708496,0.6546339988708496
3065,306.5,307.5,0.35433852672576904,0.35433852672576904
3066,306.6,307.6,0.24938435852527618,0.24938435852527618
3067,306.7,307.7,0.5545610189437866,0.5545610189437866
3068,306.8,307.8,0.7759730815887451,0.7759730815887451
3069,306.9,307.9,0.7435439229011536,0.7435439229011536
3070,307.0,308.0,0.5740062594413757,0.5740062594413757
3071,307.1,308.1,0.47721120715141296,0.47721120715141296
3072,307.2,308.2,0.4039563238620758,0.4039563238620758
3073,307.3,308.3,0.4617313742637634,0.4617313742637634
3074,307.4,308.4,0.5163958072662354,0.5163958072662354
3075,307.5,308.5,0.38158154487609863,0.38158154487609863
3076,307.6,308.6,0.30804961919784546,0.30804961919784546
3077,307.7,308.7,0.4454704523086548,0.4454704523086548
3078,307.8,308.8,0.6365615129470825,0.6365615129470825
3079,307.9,308.9,0.49072396755218506,0.49072396755218506
3080,308.0,309.0,0.5821730494499207,0.5821730494499207
3081,308.1,309.1,0.5034445524215698,0.5034445524215698
3082,308.2,309.2,0.6261204481124878,0.6261204481124878
3083,308.3,309.3,0.4190070927143097,0.4190070927143097
3084,308.4,309.4,0.33735212683677673,0.33735212683677673
3085,308.5,309.5,0.3148115575313568,0.3148115575313568
3086,308.6,309.6,0.33338072896003723,0.33338072896003723
3087,308.7,309.7,0.31193098425865173,0.31193098425865173
3088,308.8,309.8,0.35429078340530396,0.35429078340530396
3089,308.9,309.9,0.27950695157051086,0.27950695157051086
3090,309.0,310.0,0.28145018219947815,0.28145018219947815
3091,309.1,310.1,0.4304586946964264,0.4304586946964264
3092,309.2,310.2,0.3189719021320343,0.3189719021320343
3093,309.3,310.3,0.4195026457309723,0.4195026457309723
3094,309.4,310.4,0.34407922625541687,0.34407922625541687
3095,309.5,310.5,0.3146122097969055,0.3146122097969055
3096,309.6,310.6,0.35989466309547424,0.35989466309547424
3097,309.7,310.7,0.3845822215080261,0.3845822215080261
3098,309.8,310.8,0.2843870520591736,0.2843870520591736
3099,309.9,310.9,0.28429850935935974,0.28429850935935974
3100,310.0,311.0,0.29745039343833923,0.29745039343833923
3101,310.1,311.1,0.3059450089931488,0.3059450089931488
3102,310.2,311.2,0.2570429742336273,0.2570429742336273
3103,310.3,311.3,0.32517480850219727,0.32517480850219727
3104,310.4,311.4,0.4073122441768646,0.4073122441768646
3105,310.5,311.5,0.3731456995010376,0.3731456995010376
3106,310.6,311.6,0.524203360080719,0.524203360080719
3107,310.7,311.7,0.4900403320789337,0.4900403320789337
3108,310.8,311.8,0.5220427513122559,0.5220427513122559
3109,310.9,311.9,0.5155526399612427,0.5155526399612427
3110,311.0,312.0,0.5093712210655212,0.5093712210655212
3111,311.1,312.1,0.6798981428146362,0.6798981428146362
3112,311.2,312.2,0.6980343461036682,0.6980343461036682
3113,311.3,312.3,0.5916172862052917,0.5916172862052917
3114,311.4,312.4,0.5528295040130615,0.5528295040130615
3115,311.5,312.5,0.3695845901966095,0.3695845901966095
3116,311.6,312.6,0.37602928280830383,0.37602928280830383
3117,311.7,312.7,0.27727600932121277,0.27727600932121277
3118,311.8,312.8,0.2640420198440552,0.2640420198440552
3119,311.9,312.9,0.2958241403102875,0.2958241403102875
3120,312.0,313.0,0.31080126762390137,0.31080126762390137
3121,312.1,313.1,0.31150493025779724,0.31150493025779724
3122,312.2,313.2,0.32281455397605896,0.32281455397605896
3123,312.3,313.3,0.2867679297924042,0.2867679297924042
3124,312.4,313.4,0.27582502365112305,0.27582502365112305
3125,312.5,313.5,0.3174251317977905,0.3174251317977905
3126,312.6,313.6,0.35699257254600525,0.35699257254600525
3127,312.7,313.7,0.31623393297195435,0.31623393297195435
3128,312.8,313.8,0.3151583969593048,0.3151583969593048
3129,312.9,313.9,0.2833787500858307,0.2833787500858307
3130,313.0,314.0,0.22722843289375305,0.22722843289375305
3131,313.1,314.1,0.4516875147819519,0.4516875147819519
3132,313.2,314.2,0.33566057682037354,0.33566057682037354
3133,313.3,314.3,0.3343713879585266,0.3343713879585266
3134,313.4,314.4,0.4513337314128876,0.4513337314128876
3135,313.5,314.5,0.4206630289554596,0.4206630289554596
3136,313.6,314.6,0.4306086599826813,0.4306086599826813
3137,313.7,314.7,0.4004385471343994,0.4004385471343994
3138,313.8,314.8,0.3810616731643677,0.3810616731643677
3139,313.9,314.9,0.6940149068832397,0.6940149068832397
3140,314.0,315.0,0.521520733833313,0.521520733833313
3141,314.1,315.1,0.45377296209335327,0.45377296209335327
3142,314.2,315.2,0.3391059339046478,0.3391059339046478
3143,314.3,315.3,0.49388405680656433,0.49388405680656433
3144,314.4,315.4,0.523888349533081,0.523888349533081
3145,314.5,315.5,0.3606957197189331,0.3606957197189331
3146,314.6,315.6,0.36961886286735535,0.36961886286735535
3147,314.7,315.7,0.3737025856971741,0.3737025856971741
3148,314.8,315.8,0.4616659879684448,0.4616659879684448
3149,314.9,315.9,0.37432706356048584,0.37432706356048584
3150,315.0,316.0,0.3379541039466858,0.3379541039466858
3151,315.1,316.1,0.26948654651641846,0.26948654651641846
3152,315.2,316.2,0.35334140062332153,0.35334140062332153
3153,315.3,316.3,0.39305487275123596,0.39305487275123596
3154,315.4,316.4,0.3495967388153076,0.3495967388153076
3155,315.5,316.5,0.3837708532810211,0.3837708532810211
3156,315.6,316.6,0.3428666293621063,0.3428666293621063
3157,315.7,316.7,0.48544126749038696,0.48544126749038696
3158,315.8,316.8,0.4617263972759247,0.4617263972759247
3159,315.9,316.9,0.43284618854522705,0.43284618854522705
3160,316.0,317.0,0.8568687438964844,0.8568687438964844
3161,316.1,317.1,0.7550395727157593,0.7550395727157593
3162,316.2,317.2,0.6372471451759338,0.6372471451759338
3163,316.3,317.3,0.6244012117385864,0.6244012117385864
3164,316.4,317.4,0.6933581829071045,0.6933581829071045
3165,316.5,317.5,0.8068801164627075,0.8068801164627075
3166,316.6,317.6,0.5937495827674866,0.5937495827674866
3167,316.7,317.7,0.6697157025337219,0.6697157025337219
3168,316.8,317.8,0.6291226148605347,0.6291226148605347
3169,316.9,317.9,0.5843921303749084,0.5843921303749084
3170,317.0,318.0,0.3711911141872406,0.3711911141872406
3171,317.1,318.1,0.48150861263275146,0.48150861263275146
3172,317.2,318.2,0.3965005576610565,0.3965005576610565
3173,317.3,318.3,0.41768985986709595,0.41768985986709595
3174,317.4,318.4,0.5901790857315063,0.5901790857315063
3175,317.5,318.5,0.6924681067466736,0.6924681067466736
3176,317.6,318.6,0.5641677975654602,0.5641677975654602
3177,317.7,318.7,0.624122679233551,0.624122679233551
3178,317.8,318.8,0.6019148826599121,0.6019148826599121
3179,317.9,318.9,0.5564804077148438,0.5564804077148438
3180,318.0,319.0,0.4808651804924011,0.4808651804924011
3181,318.1,319.1,0.5949785709381104,0.5949785709381104
3182,318.2,319.2,0.6467727422714233,0.6467727422714233
3183,318.3,319.3,0.38491395115852356,0.38491395115852356
3184,318.4,319.4,0.46938222646713257,0.46938222646713257
3185,318.5,319.5,0.49848711490631104,0.49848711490631104
3186,318.6,319.6,0.5118304491043091,0.5118304491043091
3187,318.7,319.7,0.41507285833358765,0.41507285833358765
3188,318.8,319.8,0.37359869480133057,0.37359869480133057
3189,318.9,319.9,0.448481947183609,0.448481947183609
3190,319.0,320.0,0.34828922152519226,0.34828922152519226
3191,319.1,320.1,0.3776853680610657,0.3776853680610657
3192,319.2,320.2,0.3777032792568207,0.3777032792568207
3193,319.3,320.3,0.49770572781562805,0.49770572781562805
3194,319.4,320.4,0.36708441376686096,0.36708441376686096
3195,319.5,320.5,0.5085052251815796,0.5085052251815796
3196,319.6,320.6,0.38072669506073,0.38072669506073
3197,319.7,320.7,0.2257601022720337,0.2257601022720337
3198,319.8,320.8,0.2655400335788727,0.2655400335788727
3199,319.9,320.9,0.2947397232055664,0.2947397232055664
3200,320.0,321.0,0.34862205386161804,0.34862205386161804
3201,320.1,321.1,0.44595834612846375,0.44595834612846375
3202,320.2,321.2,0.35304948687553406,0.35304948687553406
3203,320.3,321.3,0.34976673126220703,0.34976673126220703
3204,320.4,321.4,0.3179280757904053,0.3179280757904053
3205,320.5,321.5,0.68410724401474,0.68410724401474
3206,320.6,321.6,0.6975855231285095,0.6975855231285095
3207,320.7,321.7,0.5740675330162048,0.5740675330162048
3208,320.8,321.8,0.36951714754104614,0.36951714754104614
3209,320.9,321.9,0.4318244457244873,0.4318244457244873
3210,321.0,322.0,0.23250308632850647,0.23250308632850647
3211,321.1,322.1,0.23166263103485107,0.23166263103485107
3212,321.2,322.2,0.3962068259716034,0.3962068259716034
3213,321.3,322.3,0.5244211554527283,0.5244211554527283
3214,321.4,322.4,0.6322936415672302,0.6322936415672302
3215,321.5,322.5,0.6134194731712341,0.6134194731712341
3216,321.6,322.6,0.6045456528663635,0.6045456528663635
3217,321.7,322.7,0.5446453094482422,0.5446453094482422
3218,321.8,322.8,0.7286217212677002,0.7286217212677002
3219,321.9,322.9,0.7516737580299377,0.7516737580299377
3220,322.0,323.0,0.7841247916221619,0.7841247916221619
3221,322.1,323.1,0.5981366634368896,0.5981366634368896
3222,322.2,323.2,0.5223422646522522,0.5223422646522522
3223,322.3,323.3,0.7290837168693542,0.7290837168693542
3224,322.4,323.4,0.9043557047843933,0.9043557047843933
3225,322.5,323.5,0.5380315184593201,0.5380315184593201
3226,322.6,323.6,0.5923308730125427,0.5923308730125427
3227,322.7,323.7,0.47889500856399536,0.47889500856399536
3228,322.8,323.8,0.7862657308578491,0.7862657308578491
3229,322.9,323.9,0.7003515958786011,0.7003515958786011
3230,323.0,324.0,0.7594918012619019,0.7594918012619019
3231,323.1,324.1,0.8636353015899658,0.8636353015899658
3232,323.2,324.2,0.955743134021759,0.955743134021759
3233,323.3,324.3,0.8714836835861206,0.8714836835861206
3234,323.4,324.4,0.8970662355422974,0.8970662355422974
3235,323.5,324.5,0.7885134220123291,0.7885134220123291
3236,323.6,324.6,0.8493906259536743,0.8493906259536743
3237,323.7,324.7,0.8758490681648254,0.8758490681648254
3238,323.8,324.8,0.6418451070785522,0.6418451070785522
3239,323.9,324.9,0.782562792301178,0.782562792301178
3240,324.0,325.0,0.8022106885910034,0.8022106885910034
3241,324.1,325.1,0.7387887835502625,0.7387887835502625
3242,324.2,325.2,0.5399273037910461,0.5399273037910461
3243,324.3,325.3,0.5770899057388306,0.5770899057388306
3244,324.4,325.4,0.6047452688217163,0.6047452688217163
3245,324.5,325.5,0.8247196078300476,0.8247196078300476
3246,324.6,325.6,0.5659329295158386,0.5659329295158386
3247,324.7,325.7,0.6467575430870056,0.6467575430870056
3248,324.8,325.8,0.580921471118927,0.580921471118927
3249,324.9,325.9,0.057732466608285904,0.057732466608285904
3250,325.0,326.0,0.06683624535799026,0.06683624535799026
3251,325.1,326.1,0.06893102079629898,0.06893102079629898
3252,325.2,326.2,0.11177562177181244,0.11177562177181244
3253,325.3,326.3,0.40994179248809814,0.40994179248809814
3254,325.4,326.4,0.1803552359342575,0.1803552359342575
3255,325.5,326.5,0.2664944529533386,0.2664944529533386
3256,325.6,326.6,0.5022484064102173,0.5022484064102173
3257,325.7,326.7,0.7910209894180298,0.7910209894180298
3258,325.8,326.8,0.9313288927078247,0.9313288927078247
3259,325.9,326.9,0.5071670413017273,0.5071670413017273
3260,326.0,327.0,0.20811060070991516,0.20811060070991516
3261,326.1,327.1,0.40160271525382996,0.40160271525382996
3262,326.2,327.2,0.5267775654792786,0.5267775654792786
3263,326.3,327.3,0.26575735211372375,0.26575735211372375
3264,326.4,327.4,0.01408472191542387,0.01408472191542387
3265,326.5,327.5,0.04803026467561722,0.04803026467561722
3266,326.6,327.6,0.0509343296289444,0.0509343296289444
3267,326.7,327.7,0.08303962647914886,0.08303962647914886
3268,326.8,327.8,0.6613485217094421,0.6613485217094421
3269,326.9,327.9,0.36947333812713623,0.36947333812713623
3270,327.0,328.0,0.516051709651947,0.516051709651947
3271,327.1,328.1,0.6436308026313782,0.6436308026313782
3272,327.2,328.2,0.6013227701187134,0.6013227701187134
3273,327.3,328.3,0.7742685079574585,0.7742685079574585
3274,327.4,328.4,0.5239952206611633,0.5239952206611633
3275,327.5,328.5,0.4507947266101837,0.4507947266101837
3276,327.6,328.6,0.411652535200119,0.411652535200119
3277,327.7,328.7,0.2968345880508423,0.2968345880508423
3278,327.8,328.8,0.5652121305465698,0.5652121305465698
3279,327.9,328.9,0.5324708223342896,0.5324708223342896
3280,328.0,329.0,0.46597763895988464,0.46597763895988464
3281,328.1,329.1,0.5756974816322327,0.5756974816322327
3282,328.2,329.2,0.6620072722434998,0.6620072722434998
3283,328.3,329.3,0.5447707176208496,0.5447707176208496
3284,328.4,329.4,0.5943688750267029,0.5943688750267029
3285,328.5,329.5,0.27683740854263306,0.27683740854263306
3286,328.6,329.6,0.10982207953929901,0.10982207953929901
3287,328.7,329.7,0.2670338451862335,0.2670338451862335
3288,328.8,329.8,0.37557604908943176,0.37557604908943176
3289,328.9,329.9,0.20709185302257538,0.20709185302257538
3290,329.0,330.0,0.14870738983154297,0.14870738983154297
3291,329.1,330.1,0.29932543635368347,0.29932543635368347
3292,329.2,330.2,0.23229819536209106,0.23229819536209106
3293,329.3,330.3,0.31911784410476685,0.31911784410476685
3294,329.4,330.4,0.4350735545158386,0.4350735545158386
3295,329.5,330.5,0.49872809648513794,0.49872809648513794
3296,329.6,330.6,0.3162311315536499,0.3162311315536499
3297,329.7,330.7,0.2537613809108734,0.2537613809108734
3298,329.8,330.8,0.24255426228046417,0.24255426228046417
3299,329.9,330.9,0.3231194317340851,0.3231194317340851
3300,330.0,331.0,0.30376869440078735,0.30376869440078735
3301,330.1,331.1,0.39499932527542114,0.39499932527542114
3302,330.2,331.2,0.418454110622406,0.418454110622406
3303,330.3,331.3,0.3093075454235077,0.3093075454235077
3304,330.4,331.4,0.4132913649082184,0.4132913649082184
3305,330.5,331.5,0.32007965445518494,0.32007965445518494
3306,330.6,331.6,0.32671940326690674,0.32671940326690674
3307,330.7,331.7,0.3206963837146759,0.3206963837146759
3308,330.8,331.8,0.3497639000415802,0.3497639000415802
3309,330.9,331.9,0.2623371183872223,0.2623371183872223
3310,331.0,332.0,0.22414109110832214,0.22414109110832214
3311,331.1,332.1,0.04701951518654823,0.04701951518654823
3312,331.2,332.2,0.05547940358519554,0.05547940358519554
3313,331.3,332.3,0.11222200840711594,0.11222200840711594
3314,331.4,332.4,0.08527928590774536,0.08527928590774536
3315,331.5,332.5,0.09086116403341293,0.09086116403341293
3316,331.6,332.6,0.13491396605968475,0.13491396605968475
3317,331.7,332.7,0.15455007553100586,0.15455007553100586
3318,331.8,332.8,0.31787991523742676,0.31787991523742676
3319,331.9,332.9,0.25015926361083984,0.25015926361083984
3320,332.0,333.0,0.660065770149231,0.660065770149231
3321,332.1,333.1,0.7963910698890686,0.7963910698890686
3322,332.2,333.2,0.5974710583686829,0.5974710583686829
3323,332.3,333.3,0.3528086543083191,0.3528086543083191
3324,332.4,333.4,0.7649361491203308,0.7649361491203308
3325,332.5,333.5,0.6943734884262085,0.6943734884262085
3326,332.6,333.6,0.4885849952697754,0.4885849952697754
3327,332.7,333.7,0.4649185836315155,0.4649185836315155
3328,332.8,333.8,0.3597855865955353,0.3597855865955353
3329,332.9,333.9,0.6348472237586975,0.6348472237586975
3330,333.0,334.0,0.8138768672943115,0.8138768672943115
3331,333.1,334.1,0.9102058410644531,0.9102058410644531
3332,333.2,334.2,0.7159230709075928,0.7159230709075928
3333,333.3,334.3,0.7315382361412048,0.7315382361412048
3334,333.4,334.4,0.9286890029907227,0.9286890029907227
3335,333.5,334.5,0.6915794014930725,0.6915794014930725
3336,333.6,334.6,0.8847059011459351,0.8847059011459351
3337,333.7,334.7,0.420823872089386,0.420823872089386
3338,333.8,334.8,0.3871031701564789,0.3871031701564789
3339,333.9,334.9,0.4460599422454834,0.4460599422454834
3340,334.0,335.0,0.8370050191879272,0.8370050191879272
3341,334.1,335.1,0.1224682554602623,0.1224682554602623
3342,334.2,335.2,0.12573294341564178,0.12573294341564178
3343,334.3,335.3,0.2563844323158264,0.2563844323158264
3344,334.4,335.4,0.3885488510131836,0.3885488510131836
3345,334.5,335.5,0.7306352853775024,0.7306352853775024
3346,334.6,335.6,0.524871289730072,0.524871289730072
3347,334.7,335.7,0.523373007774353,0.523373007774353
3348,334.8,335.8,0.600185751914978,0.600185751914978
3349,334.9,335.9,0.52336585521698,0.52336585521698
3350,335.0,336.0,0.40021294355392456,0.40021294355392456
3351,335.1,336.1,0.47778424620628357,0.47778424620628357
3352,335.2,336.2,0.5291364789009094,0.5291364789009094
3353,335.3,336.3,0.5773943662643433,0.5773943662643433
3354,335.4,336.4,0.5262657999992371,0.5262657999992371
3355,335.5,336.5,0.5515883564949036,0.5515883564949036
3356,335.6,336.6,0.6461856961250305,0.6461856961250305
3357,335.7,336.7,0.32527294754981995,0.32527294754981995
3358,335.8,336.8,0.30775338411331177,0.30775338411331177
3359,335.9,336.9,0.29089269042015076,0.29089269042015076
3360,336.0,337.0,0.15364140272140503,0.15364140272140503
3361,336.1,337.1,0.20663468539714813,0.20663468539714813
3362,336.2,337.2,0.29910507798194885,0.29910507798194885
3363,336.3,337.3,0.4965658485889435,0.4965658485889435
3364,336.4,337.4,0.2578483521938324,0.2578483521938324
3365,336.5,337.5,0.15773671865463257,0.15773671865463257
3366,336.6,337.6,0.3548330068588257,0.3548330068588257
3367,336.7,337.7,0.3344099223613739,0.3344099223613739
3368,336.8,337.8,0.5274717807769775,0.5274717807769775
3369,336.9,337.9,0.5405548214912415,0.5405548214912415
3370,337.0,338.0,0.582687497138977,0.582687497138977
3371,337.1,338.1,0.64798903465271,0.64798903465271
3372,337.2,338.2,0.8094631433486938,0.8094631433486938
3373,337.3,338.3,0.6351073980331421,0.6351073980331421
3374,337.4,338.4,0.6229453682899475,0.6229453682899475
3375,337.5,338.5,0.6367006301879883,0.6367006301879883
3376,337.6,338.6,0.723498523235321,0.723498523235321
3377,337.7,338.7,0.6576640605926514,0.6576640605926514
3378,337.8,338.8,0.5643543601036072,0.5643543601036072
3379,337.9,338.9,0.3988487720489502,0.3988487720489502
3380,338.0,339.0,0.5502824783325195,0.5502824783325195
3381,338.1,339.1,0.7493816614151001,0.7493816614151001
3382,338.2,339.2,0.6486664414405823,0.6486664414405823
3383,338.3,339.3,0.8391373157501221,0.8391373157501221
3384,338.4,339.4,0.8496748805046082,0.8496748805046082
3385,338.5,339.5,0.7809656858444214,0.7809656858444214
3386,338.6,339.6,0.8496277928352356,0.8496277928352356
3387,338.7,339.7,0.7943106293678284,0.7943106293678284
3388,338.8,339.8,0.7785075902938843,0.7785075902938843
3389,338.9,339.9,0.6961195468902588,0.6961195468902588
3390,339.0,340.0,0.5011668801307678,0.5011668801307678
3391,339.1,340.1,0.593436598777771,0.593436598777771
3392,339.2,340.2,0.4823320806026459,0.4823320806026459
3393,339.3,340.3,0.49907898902893066,0.49907898902893066
3394,339.4,340.4,0.6290426850318909,0.6290426850318909
3395,339.5,340.5,0.6659470200538635,0.6659470200538635
3396,339.6,340.6,0.4562929570674896,0.4562929570674896
3397,339.7,340.7,0.4205702543258667,0.4205702543258667
3398,339.8,340.8,0.621789813041687,0.621789813041687
3399,339.9,340.9,0.6503891348838806,0.6503891348838806
3400,340.0,341.0,0.6139404773712158,0.6139404773712158
3401,340.1,341.1,0.4862385094165802,0.4862385094165802
3402,340.2,341.2,0.4033932387828827,0.4033932387828827
3403,340.3,341.3,0.4509076476097107,0.4509076476097107
3404,340.4,341.4,0.46398788690567017,0.46398788690567017
3405,340.5,341.5,0.45199885964393616,0.45199885964393616
3406,340.6,341.6,0.4871562719345093,0.4871562719345093
3407,340.7,341.7,0.7636401057243347,0.7636401057243347
3408,340.8,341.8,0.5921852588653564,0.5921852588653564
3409,340.9,341.9,0.5928109288215637,0.5928109288215637
3410,341.0,342.0,0.4188438057899475,0.4188438057899475
3411,341.1,342.1,0.4673643112182617,0.4673643112182617
3412,341.2,342.2,0.42805469036102295,0.42805469036102295
3413,341.3,342.3,0.4358181357383728,0.4358181357383728
3414,341.4,342.4,0.38123634457588196,0.38123634457588196
3415,341.5,342.5,0.27657851576805115,0.27657851576805115
3416,341.6,342.6,0.29289355874061584,0.29289355874061584
3417,341.7,342.7,0.24514862895011902,0.24514862895011902
3418,341.8,342.8,0.2648891508579254,0.2648891508579254
3419,341.9,342.9,0.40628889203071594,0.40628889203071594
3420,342.0,343.0,0.2940264344215393,0.2940264344215393
3421,342.1,343.1,0.29035046696662903,0.29035046696662903
3422,342.2,343.2,0.33466285467147827,0.33466285467147827
3423,342.3,343.3,0.5566346049308777,0.5566346049308777
3424,342.4,343.4,0.34628576040267944,0.34628576040267944
3425,342.5,343.5,0.3731476366519928,0.3731476366519928
3426,342.6,343.6,0.5074396729469299,0.5074396729469299
3427,342.7,343.7,0.5345569252967834,0.5345569252967834
3428,342.8,343.8,0.49044790863990784,0.49044790863990784
3429,342.9,343.9,0.5782404541969299,0.5782404541969299
3430,343.0,344.0,0.4420362710952759,0.4420362710952759
3431,343.1,344.1,0.38074448704719543,0.38074448704719543
3432,343.2,344.2,0.3868046998977661,0.3868046998977661
3433,343.3,344.3,0.4544128477573395,0.4544128477573395
3434,343.4,344.4,0.4603663980960846,0.4603663980960846
3435,343.5,344.5,0.38013559579849243,0.38013559579849243
3436,343.6,344.6,0.24640968441963196,0.24640968441963196
3437,343.7,344.7,0.2857004404067993,0.2857004404067993
3438,343.8,344.8,0.3361987769603729,0.3361987769603729
3439,343.9,344.9,0.32412251830101013,0.32412251830101013
3440,344.0,345.0,0.2972833514213562,0.2972833514213562
3441,344.1,345.1,0.4329957067966461,0.4329957067966461
3442,344.2,345.2,0.44968312978744507,0.44968312978744507
3443,344.3,345.3,0.6235173344612122,0.6235173344612122
3444,344.4,345.4,0.399446040391922,0.399446040391922
3445,344.5,345.5,0.298570841550827,0.298570841550827
3446,344.6,345.6,0.32625097036361694,0.32625097036361694
3447,344.7,345.7,0.33795881271362305,0.33795881271362305
3448,344.8,345.8,0.33272144198417664,0.33272144198417664
3449,344.9,345.9,0.382039874792099,0.382039874792099
3450,345.0,346.0,0.297979474067688,0.297979474067688
3451,345.1,346.1,0.33812710642814636,0.33812710642814636
3452,345.2,346.2,0.29031452536582947,0.29031452536582947
3453,345.3,346.3,0.3908276855945587,0.3908276855945587
3454,345.4,346.4,0.3793956935405731,0.3793956935405731
3455,345.5,346.5,0.4352773129940033,0.4352773129940033
3456,345.6,346.6,0.46775463223457336,0.46775463223457336
3457,345.7,346.7,0.40135329961776733,0.40135329961776733
3458,345.8,346.8,0.44018638134002686,0.44018638134002686
3459,345.9,346.9,0.5132874846458435,0.5132874846458435
3460,346.0,347.0,0.30758675932884216,0.30758675932884216
3461,346.1,347.1,0.2684668004512787,0.2684668004512787
3462,346.2,347.2,0.3129390776157379,0.3129390776157379
3463,346.3,347.3,0.29218438267707825,0.29218438267707825
3464,346.4,347.4,0.27978989481925964,0.27978989481925964
3465,346.5,347.5,0.34364333748817444,0.34364333748817444
3466,346.6,347.6,0.50081866979599,0.50081866979599
3467,346.7,347.7,0.5442726612091064,0.5442726612091064
3468,346.8,347.8,0.6159064769744873,0.6159064769744873
3469,346.9,347.9,0.5519903898239136,0.5519903898239136
3470,347.0,348.0,0.5561119914054871,0.5561119914054871
3471,347.1,348.1,0.497713565826416,0.497713565826416
3472,347.2,348.2,0.48631778359413147,0.48631778359413147
3473,347.3,348.3,0.4252879321575165,0.4252879321575165
3474,347.4,348.4,0.3722052276134491,0.3722052276134491
3475,347.5,348.5,0.32114577293395996,0.32114577293395996
3476,347.6,348.6,0.3534769117832184,0.3534769117832184
3477,347.7,348.7,0.3400745391845703,0.3400745391845703
3478,347.8,348.8,0.3430735766887665,0.3430735766887665
3479,347.9,348.9,0.5427472591400146,0.5427472591400146
3480,348.0,349.0,0.5883482098579407,0.5883482098579407
3481,348.1,349.1,0.5589048266410828,0.5589048266410828
3482,348.2,349.2,0.5137884020805359,0.5137884020805359
3483,348.3,349.3,0.47730085253715515,0.47730085253715515
3484,348.4,349.4,0.4482440650463104,0.4482440650463104
3485,348.5,349.5,0.33282962441444397,0.33282962441444397
3486,348.6,349.6,0.4425041079521179,0.4425041079521179
3487,348.7,349.7,0.37148773670196533,0.37148773670196533
3488,348.8,349.8,0.28684350848197937,0.28684350848197937
3489,348.9,349.9,0.3201562464237213,0.3201562464237213
3490,349.0,350.0,0.3975335955619812,0.3975335955619812
3491,349.1,350.1,0.31112000346183777,0.31112000346183777
3492,349.2,350.2,0.2941023111343384,0.2941023111343384
3493,349.3,350.3,0.4306648075580597,0.4306648075580597
3494,349.4,350.4,0.27205690741539,0.27205690741539
3495,349.5,350.5,0.3055109679698944,0.3055109679698944
3496,349.6,350.6,0.3089785873889923,0.3089785873889923
3497,349.7,350.7,0.38731497526168823,0.38731497526168823
3498,349.8,350.8,0.49719029664993286,0.49719029664993286
3499,349.9,350.9,0.6700433492660522,0.6700433492660522
3500,350.0,351.0,0.5390868186950684,0.5390868186950684
3501,350.1,351.1,0.3176814913749695,0.3176814913749695
3502,350.2,351.2,0.32201412320137024,0.32201412320137024
3503,350.3,351.3,0.3544137179851532,0.3544137179851532
3504,350.4,351.4,0.39216354489326477,0.39216354489326477
3505,350.5,351.5,0.39708411693573,0.39708411693573
3506,350.6,351.6,0.4419339597225189,0.4419339597225189
3507,350.7,351.7,0.4876890778541565,0.4876890778541565
3508,350.8,351.8,0.2745784819126129,0.2745784819126129
3509,350.9,351.9,0.6455363631248474,0.6455363631248474
3510,351.0,352.0,0.5876588821411133,0.5876588821411133
3511,351.1,352.1,0.5281546711921692,0.5281546711921692
3512,351.2,352.2,0.6231751441955566,0.6231751441955566
3513,351.3,352.3,0.5448907613754272,0.5448907613754272
3514,351.4,352.4,0.5475711822509766,0.5475711822509766
3515,351.5,352.5,0.6269081830978394,0.6269081830978394
3516,351.6,352.6,0.6630014777183533,0.6630014777183533
3517,351.7,352.7,0.5418485403060913,0.5418485403060913
3518,351.8,352.8,0.41959619522094727,0.41959619522094727
3519,351.9,352.9,0.3766133189201355,0.3766133189201355
3520,352.0,353.0,0.3862929344177246,0.3862929344177246
3521,352.1,353.1,0.26752257347106934,0.26752257347106934
3522,352.2,353.2,0.21543173491954803,0.21543173491954803
3523,352.3,353.3,0.2077730894088745,0.2077730894088745
3524,352.4,353.4,0.34291326999664307,0.34291326999664307
3525,352.5,353.5,0.37061023712158203,0.37061023712158203
3526,352.6,353.6,0.6300841569900513,0.6300841569900513
3527,352.7,353.7,0.5073745250701904,0.5073745250701904
3528,352.8,353.8,0.49773555994033813,0.49773555994033813
3529,352.9,353.9,0.50812166929245,0.50812166929245
3530,353.0,354.0,0.5342485308647156,0.5342485308647156
3531,353.1,354.1,0.499269962310791,0.499269962310791
3532,353.2,354.2,0.45797407627105713,0.45797407627105713
3533,353.3,354.3,0.4123201072216034,0.4123201072216034
3534,353.4,354.4,0.47760704159736633,0.47760704159736633
3535,353.5,354.5,0.30664050579071045,0.30664050579071045
3536,353.6,354.6,0.4452194273471832,0.4452194273471832
3537,353.7,354.7,0.3898661732673645,0.3898661732673645
3538,353.8,354.8,0.42268437147140503,0.42268437147140503
3539,353.9,354.9,0.4169521927833557,0.4169521927833557
3540,354.0,355.0,0.48320117592811584,0.48320117592811584
3541,354.1,355.1,0.46073776483535767,0.46073776483535767
3542,354.2,355.2,0.5178188681602478,0.5178188681602478
3543,354.3,355.3,0.5342339873313904,0.5342339873313904
3544,354.4,355.4,0.7730973958969116,0.7730973958969116
3545,354.5,355.5,0.6431388258934021,0.6431388258934021
3546,354.6,355.6,0.5328906774520874,0.5328906774520874
3547,354.7,355.7,0.45326706767082214,0.45326706767082214
3548,354.8,355.8,0.44449082016944885,0.44449082016944885
3549,354.9,355.9,0.45242083072662354,0.45242083072662354
3550,355.0,356.0,0.502485990524292,0.502485990524292
3551,355.1,356.1,0.41058021783828735,0.41058021783828735
3552,355.2,356.2,0.23703135550022125,0.23703135550022125
3553,355.3,356.3,0.41996169090270996,0.41996169090270996
3554,355.4,356.4,0.2935953438282013,0.2935953438282013
3555,355.5,356.5,0.2048085629940033,0.2048085629940033
3556,355.6,356.6,0.2528148889541626,0.2528148889541626
3557,355.7,356.7,0.21251483261585236,0.21251483261585236
3558,355.8,356.8,0.23714600503444672,0.23714600503444672
3559,355.9,356.9,0.2738614082336426,0.2738614082336426
3560,356.0,357.0,0.24690191447734833,0.24690191447734833
3561,356.1,357.1,0.3672570288181305,0.3672570288181305
3562,356.2,357.2,0.4573105275630951,0.4573105275630951
3563,356.3,357.3,0.4465271234512329,0.4465271234512329
3564,356.4,357.4,0.4556443989276886,0.4556443989276886
3565,356.5,357.5,0.5546936988830566,0.5546936988830566
3566,356.6,357.6,0.44885116815567017,0.44885116815567017
3567,356.7,357.7,0.4036628007888794,0.4036628007888794
3568,356.8,357.8,0.45018118619918823,0.45018118619918823
3569,356.9,357.9,0.5091618895530701,0.5091618895530701
3570,357.0,358.0,0.42638349533081055,0.42638349533081055
3571,357.1,358.1,0.3170894384384155,0.3170894384384155
3572,357.2,358.2,0.3778172433376312,0.3778172433376312
3573,357.3,358.3,0.281151682138443,0.281151682138443
3574,357.4,358.4,0.24877724051475525,0.24877724051475525
3575,357.5,358.5,0.3704601228237152,0.3704601228237152
3576,357.6,358.6,0.27665773034095764,0.27665773034095764
3577,357.7,358.7,0.2901155650615692,0.2901155650615692
3578,357.8,358.8,0.4426555335521698,0.4426555335521698
3579,357.9,358.9,0.35583972930908203,0.35583972930908203
3580,358.0,359.0,0.4280577301979065,0.4280577301979065
3581,358.1,359.1,0.3787965178489685,0.3787965178489685
3582,358.2,359.2,0.32156479358673096,0.32156479358673096
3583,358.3,359.3,0.1981506645679474,0.1981506645679474
3584,358.4,359.4,0.26132121682167053,0.26132121682167053
3585,358.5,359.5,0.4156400263309479,0.4156400263309479
3586,358.6,359.6,0.5759037137031555,0.5759037137031555
3587,358.7,359.7,0.3006294369697571,0.3006294369697571
3588,358.8,359.8,0.39270851016044617,0.39270851016044617
3589,358.9,359.9,0.5780676603317261,0.5780676603317261
3590,359.0,360.0,0.600060224533081,0.600060224533081
3591,359.1,360.1,0.7151074409484863,0.7151074409484863
3592,359.2,360.2,0.7429379224777222,0.7429379224777222
3593,359.3,360.3,0.8040171265602112,0.8040171265602112
3594,359.4,360.4,0.8344746232032776,0.8344746232032776
3595,359.5,360.5,0.6885612607002258,0.6885612607002258
3596,359.6,360.6,0.3922177255153656,0.3922177255153656
3597,359.7,360.7,0.27328944206237793,0.27328944206237793
3598,359.8,360.8,0.6172224283218384,0.6172224283218384
3599,359.9,360.9,0.6786757111549377,0.6786757111549377
3600,360.0,361.0,0.35435351729393005,0.35435351729393005
3601,360.1,361.1,0.38314008712768555,0.38314008712768555
3602,360.2,361.2,0.5695239901542664,0.5695239901542664
3603,360.3,361.3,0.8624496459960938,0.8624496459960938
3604,360.344,361.344,0.8483923077583313,0.8483923077583313
