frame_idx,start_s,end_s,prob_cough,prob_cough_smooth
0,0.0,1.0,0.2276163548231125,0.2276163548231125
1,0.1,1.1,0.3001739978790283,0.3001739978790283
2,0.2,1.2,0.3650517463684082,0.3650517463684082
3,0.3,1.3,0.3707387447357178,0.3707387447357178
4,0.4,1.4,0.4830528497695923,0.4830528497695923
5,0.5,1.5,0.45632660388946533,0.45632660388946533
6,0.6,1.6,0.4302636682987213,0.4302636682987213
7,0.7,1.7,0.3844723701477051,0.3844723701477051
8,0.8,1.8,0.39562976360321045,0.39562976360321045
9,0.9,1.9,0.4821567237377167,0.4821567237377167
10,1.0,2.0,0.6211195588111877,0.6211195588111877
11,1.1,2.1,0.7530609965324402,0.7530609965324402
12,1.2,2.2,0.6566404700279236,0.6566404700279236
13,1.3,2.3,0.6627177000045776,0.6627177000045776
14,1.4,2.4,0.6710659861564636,0.6710659861564636
15,1.5,2.5,0.5767793655395508,0.5767793655395508
16,1.6,2.6,0.41732257604599,0.41732257604599
17,1.7,2.7,0.4808044731616974,0.4808044731616974
18,1.8,2.8,0.5051504969596863,0.5051504969596863
19,1.9,2.9,0.4789424538612366,0.4789424538612366
20,2.0,3.0,0.3821478486061096,0.3821478486061096
21,2.1,3.1,0.29174724221229553,0.29174724221229553
22,2.2,3.2,0.30250123143196106,0.30250123143196106
23,2.3,3.3,0.2750709056854248,0.2750709056854248
24,2.4,3.4,0.3058185577392578,0.3058185577392578
25,2.5,3.5,0.2983793318271637,0.2983793318271637
26,2.6,3.6,0.3658181428909302,0.3658181428909302
27,2.7,3.7,0.3530037999153137,0.3530037999153137
28,2.8,3.8,0.417233943939209,0.417233943939209
29,2.9,3.9,0.4779180586338043,0.4779180586338043
30,3.0,4.0,0.27090710401535034,0.27090710401535034
31,3.1,4.1,0.25283387303352356,0.25283387303352356
32,3.2,4.2,0.2679768204689026,0.2679768204689026
33,3.3,4.3,0.37602853775024414,0.37602853775024414
34,3.4,4.4,0.3125997483730316,0.3125997483730316
35,3.5,4.5,0.40211713314056396,0.40211713314056396
36,3.6,4.6,0.3965754806995392,0.3965754806995392
37,3.7,4.7,0.4099503457546234,0.4099503457546234
38,3.8,4.8,0.3309486210346222,0.3309486210346222
39,3.9,4.9,0.28661641478538513,0.28661641478538513
40,4.0,5.0,0.29492753744125366,0.29492753744125366
41,4.1,5.1,0.32793867588043213,0.32793867588043213
42,4.2,5.2,0.32716214656829834,0.32716214656829834
43,4.3,5.3,0.35055023431777954,0.35055023431777954
44,4.4,5.4,0.429532915353775,0.429532915353775
45,4.5,5.5,0.33743351697921753,0.33743351697921753
46,4.6,5.6,0.3804676830768585,0.3804676830768585
47,4.7,5.7,0.3602471351623535,0.3602471351623535
48,4.8,5.8,0.3251247704029083,0.3251247704029083
49,4.9,5.9,0.44348761439323425,0.44348761439323425
50,5.0,6.0,0.49889352917671204,0.49889352917671204
51,5.1,6.1,0.5073279738426208,0.5073279738426208
52,5.2,6.2,0.4032890796661377,0.4032890796661377
53,5.3,6.3,0.46167904138565063,0.46167904138565063
54,5.4,6.4,0.5211082100868225,0.5211082100868225
55,5.5,6.5,0.6278879046440125,0.6278879046440125
56,5.6,6.6,0.5201688408851624,0.5201688408851624
57,5.7,6.7,0.6463091373443604,0.6463091373443604
58,5.8,6.8,0.589560329914093,0.589560329914093
59,5.9,6.9,0.6682634353637695,0.6682634353637695
60,6.0,7.0,0.4449707567691803,0.4449707567691803
61,6.1,7.1,0.5606470704078674,0.5606470704078674
62,6.2,7.2,0.32696637511253357,0.32696637511253357
63,6.3,7.3,0.33226028084754944,0.33226028084754944
64,6.4,7.4,0.49534475803375244,0.49534475803375244
65,6.5,7.5,0.46528440713882446,0.46528440713882446
66,6.6,7.6,0.5566656589508057,0.5566656589508057
67,6.7,7.7,0.5706021189689636,0.5706021189689636
68,6.8,7.8,0.445608913898468,0.445608913898468
69,6.9,7.9,0.42002928256988525,0.42002928256988525
70,7.0,8.0,0.5613250136375427,0.5613250136375427
71,7.1,8.1,0.5397898554801941,0.5397898554801941
72,7.2,8.2,0.6092155575752258,0.6092155575752258
73,7.3,8.3,0.5197755098342896,0.5197755098342896
74,7.4,8.4,0.5462930202484131,0.5462930202484131
75,7.5,8.5,0.6817314028739929,0.6817314028739929
76,7.6,8.6,0.5318868160247803,0.5318868160247803
77,7.7,8.7,0.5026801228523254,0.5026801228523254
78,7.8,8.8,0.6500330567359924,0.6500330567359924
79,7.9,8.9,0.566734790802002,0.566734790802002
80,8.0,9.0,0.40090617537498474,0.40090617537498474
81,8.1,9.1,0.4667063057422638,0.4667063057422638
82,8.2,9.2,0.4931401014328003,0.4931401014328003
83,8.3,9.3,0.4612848162651062,0.4612848162651062
84,8.4,9.4,0.5074666738510132,0.5074666738510132
85,8.5,9.5,0.4372309446334839,0.4372309446334839
86,8.6,9.6,0.45638200640678406,0.45638200640678406
87,8.7,9.7,0.5037438273429871,0.5037438273429871
88,8.8,9.8,0.49720117449760437,0.49720117449760437
89,8.9,9.9,0.5721621513366699,0.5721621513366699
90,9.0,10.0,0.6195666790008545,0.6195666790008545
91,9.1,10.1,0.4770934581756592,0.4770934581756592
92,9.2,10.2,0.4406859874725342,0.4406859874725342
93,9.3,10.3,0.523280918598175,0.523280918598175
94,9.4,10.4,0.6750934720039368,0.6750934720039368
95,9.5,10.5,0.6909567713737488,0.6909567713737488
96,9.6,10.6,0.5114797949790955,0.5114797949790955
97,9.7,10.7,0.43953874707221985,0.43953874707221985
98,9.8,10.8,0.4203120172023773,0.4203120172023773
99,9.9,10.9,0.42182648181915283,0.42182648181915283
100,10.0,11.0,0.4132951498031616,0.4132951498031616
101,10.1,11.1,0.3890555202960968,0.3890555202960968
102,10.2,11.2,0.44343680143356323,0.44343680143356323
103,10.3,11.3,0.3427855968475342,0.3427855968475342
104,10.4,11.4,0.5012714862823486,0.5012714862823486
105,10.5,11.5,0.5947653651237488,0.5947653651237488
106,10.6,11.6,0.4364970922470093,0.4364970922470093
107,10.7,11.7,0.4404812455177307,0.4404812455177307
108,10.8,11.8,0.5769863128662109,0.5769863128662109
109,10.9,11.9,0.6722067594528198,0.6722067594528198
110,11.0,12.0,0.6635700464248657,0.6635700464248657
111,11.1,12.1,0.5885615944862366,0.5885615944862366
112,11.2,12.2,0.5484590530395508,0.5484590530395508
113,11.3,12.3,0.6287926435470581,0.6287926435470581
114,11.4,12.4,0.595099151134491,0.595099151134491
115,11.5,12.5,0.5587918758392334,0.5587918758392334
116,11.6,12.6,0.5231809616088867,0.5231809616088867
117,11.7,12.7,0.5060462951660156,0.5060462951660156
118,11.8,12.8,0.6335501074790955,0.6335501074790955
119,11.9,12.9,0.4745733141899109,0.4745733141899109
120,12.0,13.0,0.5772684216499329,0.5772684216499329
121,12.1,13.1,0.402810275554657,0.402810275554657
122,12.2,13.2,0.3466283977031708,0.3466283977031708
123,12.3,13.3,0.45266714692115784,0.45266714692115784
124,12.4,13.4,0.4697812795639038,0.4697812795639038
125,12.5,13.5,0.6501293778419495,0.6501293778419495
126,12.6,13.6,0.6096261143684387,0.6096261143684387
127,12.7,13.7,0.6202221512794495,0.6202221512794495
128,12.8,13.8,0.608254075050354,0.608254075050354
129,12.9,13.9,0.4745258688926697,0.4745258688926697
130,13.0,14.0,0.41580504179000854,0.41580504179000854
131,13.1,14.1,0.49118882417678833,0.49118882417678833
132,13.2,14.2,0.4428761303424835,0.4428761303424835
133,13.3,14.3,0.44857046008110046,0.44857046008110046
134,13.4,14.4,0.6302598118782043,0.6302598118782043
135,13.5,14.5,0.4274151623249054,0.4274151623249054
136,13.6,14.6,0.2942977249622345,0.2942977249622345
137,13.7,14.7,0.39959460496902466,0.39959460496902466
138,13.8,14.8,0.31199610233306885,0.31199610233306885
139,13.9,14.9,0.4722819924354553,0.4722819924354553
140,14.0,15.0,0.5243911147117615,0.5243911147117615
141,14.1,15.1,0.5466643571853638,0.5466643571853638
142,14.2,15.2,0.5017826557159424,0.5017826557159424
143,14.3,15.3,0.3956593871116638,0.3956593871116638
144,14.4,15.4,0.4208995997905731,0.4208995997905731
145,14.5,15.5,0.4220651686191559,0.4220651686191559
146,14.6,15.6,0.3739572763442993,0.3739572763442993
147,14.7,15.7,0.49944987893104553,0.49944987893104553
148,14.8,15.8,0.6793315410614014,0.6793315410614014
149,14.9,15.9,0.5862187743186951,0.5862187743186951
150,15.0,16.0,0.3838694989681244,0.3838694989681244
151,15.1,16.1,0.3625633716583252,0.3625633716583252
152,15.2,16.2,0.36191850900650024,0.36191850900650024
153,15.3,16.3,0.42445051670074463,0.42445051670074463
154,15.4,16.4,0.4929560124874115,0.4929560124874115
155,15.5,16.5,0.7135080099105835,0.7135080099105835
156,15.6,16.6,0.8209373354911804,0.8209373354911804
157,15.7,16.7,0.7455515265464783,0.7455515265464783
158,15.8,16.8,0.8045531511306763,0.8045531511306763
159,15.9,16.9,0.5458920001983643,0.5458920001983643
160,16.0,17.0,0.6915410161018372,0.6915410161018372
161,16.1,17.1,0.6103938221931458,0.6103938221931458
162,16.2,17.2,0.5924190282821655,0.5924190282821655
163,16.3,17.3,0.37958571314811707,0.37958571314811707
164,16.4,17.4,0.390898197889328,0.390898197889328
165,16.5,17.5,0.5501587390899658,0.5501587390899658
166,16.6,17.6,0.5341737270355225,0.5341737270355225
167,16.7,17.7,0.48179396986961365,0.48179396986961365
168,16.8,17.8,0.38324177265167236,0.38324177265167236
169,16.9,17.9,0.40065231919288635,0.40065231919288635
170,17.0,18.0,0.28959450125694275,0.28959450125694275
171,17.1,18.1,0.3763851225376129,0.3763851225376129
172,17.2,18.2,0.33217233419418335,0.33217233419418335
173,17.3,18.3,0.41456207633018494,0.41456207633018494
174,17.4,18.4,0.5791800022125244,0.5791800022125244
175,17.5,18.5,0.599655270576477,0.599655270576477
176,17.6,18.6,0.6356319189071655,0.6356319189071655
177,17.7,18.7,0.5379025936126709,0.5379025936126709
178,17.8,18.8,0.6508729457855225,0.6508729457855225
179,17.9,18.9,0.4032830595970154,0.4032830595970154
180,18.0,19.0,0.5002565383911133,0.5002565383911133
181,18.1,19.1,0.4041421413421631,0.4041421413421631
182,18.2,19.2,0.4806175231933594,0.4806175231933594
183,18.3,19.3,0.5517240166664124,0.5517240166664124
184,18.4,19.4,0.6353937983512878,0.6353937983512878
185,18.5,19.5,0.6937015056610107,0.6937015056610107
186,18.6,19.6,0.6133654713630676,0.6133654713630676
187,18.7,19.7,0.5674311518669128,0.5674311518669128
188,18.8,19.8,0.6724058985710144,0.6724058985710144
189,18.9,19.9,0.48409655690193176,0.48409655690193176
190,19.0,20.0,0.5428233742713928,0.5428233742713928
191,19.1,20.1,0.5093637108802795,0.5093637108802795
192,19.2,20.2,0.7701828479766846,0.7701828479766846
193,19.3,20.3,0.6364249587059021,0.6364249587059021
194,19.4,20.4,0.5928370952606201,0.5928370952606201
195,19.5,20.5,0.525468111038208,0.525468111038208
196,19.6,20.6,0.48447808623313904,0.48447808623313904
197,19.7,20.7,0.38821402192115784,0.38821402192115784
198,19.8,20.8,0.33799150586128235,0.33799150586128235
199,19.9,20.9,0.35026809573173523,0.35026809573173523
200,20.0,21.0,0.3366033136844635,0.3366033136844635
201,20.1,21.1,0.5409116148948669,0.5409116148948669
202,20.2,21.2,0.5464765429496765,0.5464765429496765
203,20.3,21.3,0.5677822232246399,0.5677822232246399
204,20.4,21.4,0.4393651783466339,0.4393651783466339
205,20.5,21.5,0.5147974491119385,0.5147974491119385
206,20.6,21.6,0.5781816840171814,0.5781816840171814
207,20.7,21.7,0.6323964595794678,0.6323964595794678
208,20.8,21.8,0.6093472242355347,0.6093472242355347
209,20.9,21.9,0.5523582100868225,0.5523582100868225
210,21.0,22.0,0.3834179639816284,0.3834179639816284
211,21.1,22.1,0.5270286798477173,0.5270286798477173
212,21.2,22.2,0.41013866662979126,0.41013866662979126
213,21.3,22.3,0.3094445765018463,0.3094445765018463
214,21.4,22.4,0.4175402522087097,0.4175402522087097
215,21.5,22.5,0.32288387417793274,0.32288387417793274
216,21.6,22.6,0.3328966200351715,0.3328966200351715
217,21.7,22.7,0.42865070700645447,0.42865070700645447
218,21.8,22.8,0.5918014645576477,0.5918014645576477
219,21.9,22.9,0.7041522264480591,0.7041522264480591
220,22.0,23.0,0.5757277607917786,0.5757277607917786
221,22.1,23.1,0.38236626982688904,0.38236626982688904
222,22.2,23.2,0.3687746524810791,0.3687746524810791
223,22.3,23.3,0.38108134269714355,0.38108134269714355
224,22.4,23.4,0.45175883173942566,0.45175883173942566
225,22.5,23.5,0.3956855833530426,0.3956855833530426
226,22.6,23.6,0.372621089220047,0.372621089220047
227,22.7,23.7,0.598005473613739,0.598005473613739
228,22.8,23.8,0.4931018650531769,0.4931018650531769
229,22.9,23.9,0.3922421336174011,0.3922421336174011
230,23.0,24.0,0.6048259139060974,0.6048259139060974
231,23.1,24.1,0.6098825931549072,0.6098825931549072
232,23.2,24.2,0.601179301738739,0.601179301738739
233,23.3,24.3,0.5769709944725037,0.5769709944725037
234,23.4,24.4,0.31016531586647034,0.31016531586647034
235,23.5,24.5,0.2856473922729492,0.2856473922729492
236,23.6,24.6,0.26462891697883606,0.26462891697883606
237,23.7,24.7,0.48717206716537476,0.48717206716537476
238,23.8,24.8,0.6294190883636475,0.6294190883636475
239,23.9,24.9,0.5249770879745483,0.5249770879745483
240,24.0,25.0,0.6001625657081604,0.6001625657081604
241,24.1,25.1,0.7190737724304199,0.7190737724304199
242,24.2,25.2,0.6809765696525574,0.6809765696525574
243,24.3,25.3,0.5391110777854919,0.5391110777854919
244,24.4,25.4,0.6977174282073975,0.6977174282073975
245,24.5,25.5,0.6776586771011353,0.6776586771011353
246,24.6,25.6,0.6974750757217407,0.6974750757217407
247,24.7,25.7,0.6995593905448914,0.6995593905448914
248,24.8,25.8,0.6107069849967957,0.6107069849967957
249,24.9,25.9,0.5188786387443542,0.5188786387443542
250,25.0,26.0,0.4106898009777069,0.4106898009777069
251,25.1,26.1,0.5815284848213196,0.5815284848213196
252,25.2,26.2,0.41648411750793457,0.41648411750793457
253,25.3,26.3,0.39218032360076904,0.39218032360076904
254,25.4,26.4,0.5374225378036499,0.5374225378036499
255,25.5,26.5,0.5008037686347961,0.5008037686347961
256,25.6,26.6,0.727046012878418,0.727046012878418
257,25.7,26.7,0.6834079027175903,0.6834079027175903
258,25.8,26.8,0.4608573615550995,0.4608573615550995
259,25.9,26.9,0.5242429375648499,0.5242429375648499
260,26.0,27.0,0.5995163321495056,0.5995163321495056
261,26.1,27.1,0.6101331114768982,0.6101331114768982
262,26.2,27.2,0.498639315366745,0.498639315366745
263,26.3,27.3,0.5292303562164307,0.5292303562164307
264,26.4,27.4,0.6881909370422363,0.6881909370422363
265,26.5,27.5,0.6309217214584351,0.6309217214584351
266,26.6,27.6,0.6444902420043945,0.6444902420043945
267,26.7,27.7,0.5756193399429321,0.5756193399429321
268,26.8,27.8,0.5116917490959167,0.5116917490959167
269,26.9,27.9,0.45724359154701233,0.45724359154701233
270,27.0,28.0,0.5145564675331116,0.5145564675331116
271,27.1,28.1,0.4981333911418915,0.4981333911418915
272,27.2,28.2,0.5163214206695557,0.5163214206695557
273,27.3,28.3,0.7664861679077148,0.7664861679077148
274,27.4,28.4,0.7909364104270935,0.7909364104270935
275,27.5,28.5,0.8724527359008789,0.8724527359008789
276,27.6,28.6,0.7261771559715271,0.7261771559715271
277,27.7,28.7,0.8325578570365906,0.8325578570365906
278,27.8,28.8,0.8745830655097961,0.8745830655097961
279,27.9,28.9,0.6526486277580261,0.6526486277580261
280,28.0,29.0,0.624690055847168,0.624690055847168
281,28.1,29.1,0.43052858114242554,0.43052858114242554
282,28.2,29.2,0.48795878887176514,0.48795878887176514
283,28.3,29.3,0.5135001540184021,0.5135001540184021
284,28.4,29.4,0.6325176358222961,0.6325176358222961
285,28.5,29.5,0.7526201605796814,0.7526201605796814
286,28.6,29.6,0.7711261510848999,0.7711261510848999
287,28.7,29.7,0.7571512460708618,0.7571512460708618
288,28.8,29.8,0.7932965159416199,0.7932965159416199
289,28.9,29.9,0.7746952772140503,0.7746952772140503
290,29.0,30.0,0.5684610605239868,0.5684610605239868
291,29.1,30.1,0.8302363157272339,0.8302363157272339
292,29.2,30.2,0.7611722350120544,0.7611722350120544
293,29.3,30.3,0.7317339181900024,0.7317339181900024
294,29.4,30.4,0.7289140224456787,0.7289140224456787
295,29.5,30.5,0.837083101272583,0.837083101272583
296,29.6,30.6,0.7357072234153748,0.7357072234153748
297,29.7,30.7,0.6859196424484253,0.6859196424484253
298,29.8,30.8,0.58319491147995,0.58319491147995
299,29.9,30.9,0.5982480049133301,0.5982480049133301
300,30.0,31.0,0.5348339676856995,0.5348339676856995
301,30.1,31.1,0.5148441791534424,0.5148441791534424
302,30.2,31.2,0.5277134776115417,0.5277134776115417
303,30.3,31.3,0.38881880044937134,0.38881880044937134
304,30.4,31.4,0.42937275767326355,0.42937275767326355
305,30.5,31.5,0.48577389121055603,0.48577389121055603
306,30.6,31.6,0.6319321393966675,0.6319321393966675
307,30.7,31.7,0.6243641972541809,0.6243641972541809
308,30.8,31.8,0.5802706480026245,0.5802706480026245
309,30.9,31.9,0.6446598768234253,0.6446598768234253
310,31.0,32.0,0.4946739971637726,0.4946739971637726
311,31.1,32.1,0.6711446642875671,0.6711446642875671
312,31.2,32.2,0.3972921371459961,0.3972921371459961
313,31.3,32.3,0.44752976298332214,0.44752976298332214
314,31.4,32.4,0.5440689325332642,0.5440689325332642
315,31.5,32.5,0.4786660969257355,0.4786660969257355
316,31.6,32.6,0.4333374500274658,0.4333374500274658
317,31.7,32.7,0.5053809881210327,0.5053809881210327
318,31.8,32.8,0.6378223896026611,0.6378223896026611
319,31.9,32.9,0.6034963130950928,0.6034963130950928
320,32.0,33.0,0.6789897084236145,0.6789897084236145
321,32.1,33.1,0.6214079856872559,0.6214079856872559
322,32.2,33.2,0.6672471761703491,0.6672471761703491
323,32.3,33.3,0.5219757556915283,0.5219757556915283
324,32.4,33.4,0.5193914175033569,0.5193914175033569
325,32.5,33.5,0.5859953761100769,0.5859953761100769
326,32.6,33.6,0.580145001411438,0.580145001411438
327,32.7,33.7,0.5381821393966675,0.5381821393966675
328,32.8,33.8,0.3518137037754059,0.3518137037754059
329,32.9,33.9,0.32967716455459595,0.32967716455459595
330,33.0,34.0,0.32669001817703247,0.32669001817703247
331,33.1,34.1,0.3421638607978821,0.3421638607978821
332,33.2,34.2,0.37005743384361267,0.37005743384361267
333,33.3,34.3,0.37671607732772827,0.37671607732772827
334,33.4,34.4,0.522808849811554,0.522808849811554
335,33.5,34.5,0.5325261354446411,0.5325261354446411
336,33.6,34.6,0.4065292179584503,0.4065292179584503
337,33.7,34.7,0.3428373634815216,0.3428373634815216
338,33.8,34.8,0.3841533958911896,0.3841533958911896
339,33.9,34.9,0.5906921625137329,0.5906921625137329
340,34.0,35.0,0.4689004719257355,0.4689004719257355
341,34.1,35.1,0.6229196190834045,0.6229196190834045
342,34.2,35.2,0.7632893323898315,0.7632893323898315
343,34.3,35.3,0.44553235173225403,0.44553235173225403
344,34.4,35.4,0.2694655954837799,0.2694655954837799
345,34.5,35.5,0.28417086601257324,0.28417086601257324
346,34.6,35.6,0.37872403860092163,0.37872403860092163
347,34.7,35.7,0.30210253596305847,0.30210253596305847
348,34.8,35.8,0.49684327840805054,0.49684327840805054
349,34.9,35.9,0.3839590549468994,0.3839590549468994
350,35.0,36.0,0.48630261421203613,0.48630261421203613
351,35.1,36.1,0.4635460674762726,0.4635460674762726
352,35.2,36.2,0.3936530649662018,0.3936530649662018
353,35.3,36.3,0.3897421956062317,0.3897421956062317
354,35.4,36.4,0.38664284348487854,0.38664284348487854
355,35.5,36.5,0.5056605339050293,0.5056605339050293
356,35.6,36.6,0.39697933197021484,0.39697933197021484
357,35.7,36.7,0.40109896659851074,0.40109896659851074
358,35.8,36.8,0.4031509757041931,0.4031509757041931
359,35.9,36.9,0.5049737691879272,0.5049737691879272
360,36.0,37.0,0.5493590831756592,0.5493590831756592
361,36.1,37.1,0.6248444318771362,0.6248444318771362
362,36.2,37.2,0.686455488204956,0.686455488204956
363,36.3,37.3,0.6092979907989502,0.6092979907989502
364,36.4,37.4,0.5523524880409241,0.5523524880409241
365,36.5,37.5,0.5631614327430725,0.5631614327430725
366,36.6,37.6,0.5077173709869385,0.5077173709869385
367,36.7,37.7,0.6281650066375732,0.6281650066375732
368,36.8,37.8,0.7108545303344727,0.7108545303344727
369,36.9,37.9,0.5840628147125244,0.5840628147125244
370,37.0,38.0,0.6294004917144775,0.6294004917144775
371,37.1,38.1,0.6534559726715088,0.6534559726715088
372,37.2,38.2,0.5606228709220886,0.5606228709220886
373,37.3,38.3,0.5354161858558655,0.5354161858558655
374,37.4,38.4,0.546550989151001,0.546550989151001
375,37.5,38.5,0.5563991069793701,0.5563991069793701
376,37.6,38.6,0.5724283456802368,0.5724283456802368
377,37.7,38.7,0.5164041519165039,0.5164041519165039
378,37.8,38.8,0.445288747549057,0.445288747549057
379,37.9,38.9,0.5824440717697144,0.5824440717697144
380,38.0,39.0,0.47721588611602783,0.47721588611602783
381,38.1,39.1,0.45494523644447327,0.45494523644447327
382,38.2,39.2,0.4712361693382263,0.4712361693382263
383,38.3,39.3,0.5315951108932495,0.5315951108932495
384,38.4,39.4,0.7154117822647095,0.7154117822647095
385,38.5,39.5,0.5856390595436096,0.5856390595436096
386,38.6,39.6,0.47147104144096375,0.47147104144096375
387,38.7,39.7,0.47812506556510925,0.47812506556510925
388,38.8,39.8,0.32338905334472656,0.32338905334472656
389,38.9,39.9,0.42106691002845764,0.42106691002845764
390,39.0,40.0,0.42381978034973145,0.42381978034973145
391,39.1,40.1,0.4366476833820343,0.4366476833820343
392,39.2,40.2,0.38066065311431885,0.38066065311431885
393,39.3,40.3,0.47834518551826477,0.47834518551826477
394,39.4,40.4,0.47513145208358765,0.47513145208358765
395,39.5,40.5,0.37807151675224304,0.37807151675224304
396,39.6,40.6,0.6828855276107788,0.6828855276107788
397,39.7,40.7,0.4615558981895447,0.4615558981895447
398,39.8,40.8,0.3649194836616516,0.3649194836616516
399,39.9,40.9,0.3093830645084381,0.3093830645084381
400,40.0,41.0,0.48197227716445923,0.48197227716445923
401,40.1,41.1,0.8113130927085876,0.8113130927085876
402,40.2,41.2,0.5391809344291687,0.5391809344291687
403,40.3,41.3,0.5234445333480835,0.5234445333480835
404,40.4,41.4,0.592805802822113,0.592805802822113
405,40.5,41.5,0.5511669516563416,0.5511669516563416
406,40.6,41.6,0.5983095169067383,0.5983095169067383
407,40.7,41.7,0.4567719101905823,0.4567719101905823
408,40.8,41.8,0.5150584578514099,0.5150584578514099
409,40.9,41.9,0.45414745807647705,0.45414745807647705
410,41.0,42.0,0.3813316226005554,0.3813316226005554
411,41.1,42.1,0.4523317217826843,0.4523317217826843
412,41.2,42.2,0.5355565547943115,0.5355565547943115
413,41.3,42.3,0.35105398297309875,0.35105398297309875
414,41.4,42.4,0.3713137209415436,0.3713137209415436
415,41.5,42.5,0.5011237859725952,0.5011237859725952
416,41.6,42.6,0.4312351942062378,0.4312351942062378
417,41.7,42.7,0.4198645055294037,0.4198645055294037
418,41.8,42.8,0.5144802331924438,0.5144802331924438
419,41.9,42.9,0.5147879719734192,0.5147879719734192
420,42.0,43.0,0.43186792731285095,0.43186792731285095
421,42.1,43.1,0.37706702947616577,0.37706702947616577
422,42.2,43.2,0.25473538041114807,0.25473538041114807
423,42.3,43.3,0.4522315561771393,0.4522315561771393
424,42.4,43.4,0.4325110614299774,0.4325110614299774
425,42.5,43.5,0.5142861008644104,0.5142861008644104
426,42.6,43.6,0.6674000024795532,0.6674000024795532
427,42.7,43.7,0.7008534669876099,0.7008534669876099
428,42.8,43.8,0.5855064392089844,0.5855064392089844
429,42.9,43.9,0.603051483631134,0.603051483631134
430,43.0,44.0,0.5180173516273499,0.5180173516273499
431,43.1,44.1,0.5182127952575684,0.5182127952575684
432,43.2,44.2,0.48686090111732483,0.48686090111732483
433,43.3,44.3,0.5154010653495789,0.5154010653495789
434,43.4,44.4,0.5494155287742615,0.5494155287742615
435,43.5,44.5,0.34786537289619446,0.34786537289619446
436,43.6,44.6,0.5211277604103088,0.5211277604103088
437,43.7,44.7,0.37959933280944824,0.37959933280944824
438,43.8,44.8,0.41743946075439453,0.41743946075439453
439,43.9,44.9,0.37586814165115356,0.37586814165115356
440,44.0,45.0,0.46451079845428467,0.46451079845428467
441,44.1,45.1,0.42842066287994385,0.42842066287994385
442,44.2,45.2,0.40545031428337097,0.40545031428337097
443,44.3,45.3,0.6045792698860168,0.6045792698860168
444,44.4,45.4,0.5914620161056519,0.5914620161056519
445,44.5,45.5,0.578387439250946,0.578387439250946
446,44.6,45.6,0.5544096827507019,0.5544096827507019
447,44.7,45.7,0.47123032808303833,0.47123032808303833
448,44.8,45.8,0.5338428616523743,0.5338428616523743
449,44.9,45.9,0.5521565675735474,0.5521565675735474
450,45.0,46.0,0.6871813535690308,0.6871813535690308
451,45.1,46.1,0.6449819207191467,0.6449819207191467
452,45.2,46.2,0.7148903012275696,0.7148903012275696
453,45.3,46.3,0.6598583459854126,0.6598583459854126
454,45.4,46.4,0.5460430383682251,0.5460430383682251
455,45.5,46.5,0.4537639617919922,0.4537639617919922
456,45.6,46.6,0.4158404767513275,0.4158404767513275
457,45.7,46.7,0.2826469838619232,0.2826469838619232
458,45.8,46.8,0.2992111146450043,0.2992111146450043
459,45.9,46.9,0.45884376764297485,0.45884376764297485
460,46.0,47.0,0.29424533247947693,0.29424533247947693
461,46.1,47.1,0.4705200791358948,0.4705200791358948
462,46.2,47.2,0.4044177830219269,0.4044177830219269
463,46.3,47.3,0.47831544280052185,0.47831544280052185
464,46.4,47.4,0.4633970558643341,0.4633970558643341
465,46.5,47.5,0.5472681522369385,0.5472681522369385
466,46.6,47.6,0.43177279829978943,0.43177279829978943
467,46.7,47.7,0.3616992235183716,0.3616992235183716
468,46.8,47.8,0.3257026970386505,0.3257026970386505
469,46.9,47.9,0.6325727105140686,0.6325727105140686
470,47.0,48.0,0.3854893445968628,0.3854893445968628
471,47.1,48.1,0.42816293239593506,0.42816293239593506
472,47.2,48.2,0.5197700262069702,0.5197700262069702
473,47.3,48.3,0.5157227516174316,0.5157227516174316
474,47.4,48.4,0.48011690378189087,0.48011690378189087
475,47.5,48.5,0.42625218629837036,0.42625218629837036
476,47.6,48.6,0.3314681351184845,0.3314681351184845
477,47.7,48.7,0.5617613196372986,0.5617613196372986
478,47.8,48.8,0.45598602294921875,0.45598602294921875
479,47.9,48.9,0.35748907923698425,0.35748907923698425
480,48.0,49.0,0.2827320098876953,0.2827320098876953
481,48.1,49.1,0.4584439694881439,0.4584439694881439
482,48.2,49.2,0.5784730911254883,0.5784730911254883
483,48.3,49.3,0.7256593704223633,0.7256593704223633
484,48.4,49.4,0.5086284875869751,0.5086284875869751
485,48.5,49.5,0.44063666462898254,0.44063666462898254
486,48.6,49.6,0.28728485107421875,0.28728485107421875
487,48.7,49.7,0.3944346308708191,0.3944346308708191
488,48.8,49.8,0.49037763476371765,0.49037763476371765
489,48.9,49.9,0.394671231508255,0.394671231508255
490,49.0,50.0,0.3911185562610626,0.3911185562610626
491,49.1,50.1,0.46589070558547974,0.46589070558547974
492,49.2,50.2,0.4363967776298523,0.4363967776298523
493,49.3,50.3,0.588601291179657,0.588601291179657
494,49.4,50.4,0.697260856628418,0.697260856628418
495,49.5,50.5,0.5892301201820374,0.5892301201820374
496,49.6,50.6,0.49427297711372375,0.49427297711372375
497,49.7,50.7,0.4107357859611511,0.4107357859611511
498,49.8,50.8,0.505969762802124,0.505969762802124
499,49.9,50.9,0.6072462201118469,0.6072462201118469
500,50.0,51.0,0.44674667716026306,0.44674667716026306
501,50.1,51.1,0.48491257429122925,0.48491257429122925
502,50.2,51.2,0.544741690158844,0.544741690158844
503,50.3,51.3,0.47732388973236084,0.47732388973236084
504,50.4,51.4,0.6984770894050598,0.6984770894050598
505,50.5,51.5,0.5100972652435303,0.5100972652435303
506,50.6,51.6,0.5838757157325745,0.5838757157325745
507,50.7,51.7,0.5383328795433044,0.5383328795433044
508,50.8,51.8,0.5340996980667114,0.5340996980667114
509,50.9,51.9,0.7914264798164368,0.7914264798164368
510,51.0,52.0,0.6581907868385315,0.6581907868385315
511,51.1,52.1,0.6256133317947388,0.6256133317947388
512,51.2,52.2,0.6104474067687988,0.6104474067687988
513,51.3,52.3,0.6601445078849792,0.6601445078849792
514,51.4,52.4,0.630693256855011,0.630693256855011
515,51.5,52.5,0.5018477439880371,0.5018477439880371
516,51.6,52.6,0.5387892723083496,0.5387892723083496
517,51.7,52.7,0.5223323106765747,0.5223323106765747
518,51.8,52.8,0.4762941896915436,0.4762941896915436
519,51.9,52.9,0.5535784363746643,0.5535784363746643
520,52.0,53.0,0.6201238036155701,0.6201238036155701
521,52.1,53.1,0.43546947836875916,0.43546947836875916
522,52.2,53.2,0.6308819055557251,0.6308819055557251
523,52.3,53.3,0.5344720482826233,0.5344720482826233
524,52.4,53.4,0.46834322810173035,0.46834322810173035
525,52.5,53.5,0.6547582149505615,0.6547582149505615
526,52.6,53.6,0.6376405954360962,0.6376405954360962
527,52.7,53.7,0.5365496277809143,0.5365496277809143
528,52.8,53.8,0.6289292573928833,0.6289292573928833
529,52.9,53.9,0.6443316340446472,0.6443316340446472
530,53.0,54.0,0.7558490037918091,0.7558490037918091
531,53.1,54.1,0.7818779945373535,0.7818779945373535
532,53.2,54.2,0.7130563855171204,0.7130563855171204
533,53.3,54.3,0.7154259085655212,0.7154259085655212
534,53.4,54.4,0.6750249266624451,0.6750249266624451
535,53.5,54.5,0.5343047380447388,0.5343047380447388
536,53.6,54.6,0.4666360318660736,0.4666360318660736
537,53.7,54.7,0.543396532535553,0.543396532535553
538,53.8,54.8,0.447117418050766,0.447117418050766
539,53.9,54.9,0.624955415725708,0.624955415725708
540,54.0,55.0,0.5870275497436523,0.5870275497436523
541,54.1,55.1,0.6592063903808594,0.6592063903808594
542,54.2,55.2,0.7409109473228455,0.7409109473228455
543,54.3,55.3,0.6769249439239502,0.6769249439239502
544,54.4,55.4,0.6753863096237183,0.6753863096237183
545,54.5,55.5,0.5782635807991028,0.5782635807991028
546,54.6,55.6,0.5716641545295715,0.5716641545295715
547,54.7,55.7,0.5763182044029236,0.5763182044029236
548,54.8,55.8,0.45002561807632446,0.45002561807632446
549,54.9,55.9,0.5141086578369141,0.5141086578369141
550,55.0,56.0,0.41275447607040405,0.41275447607040405
551,55.1,56.1,0.43206295371055603,0.43206295371055603
552,55.2,56.2,0.49767228960990906,0.49767228960990906
553,55.3,56.3,0.5497531890869141,0.5497531890869141
554,55.4,56.4,0.5568533539772034,0.5568533539772034
555,55.5,56.5,0.5071654319763184,0.5071654319763184
556,55.6,56.6,0.2578514516353607,0.2578514516353607
557,55.7,56.7,0.40542733669281006,0.40542733669281006
558,55.8,56.8,0.4321228563785553,0.4321228563785553
559,55.9,56.9,0.6169067025184631,0.6169067025184631
560,56.0,57.0,0.5994040966033936,0.5994040966033936
561,56.1,57.1,0.6920182108879089,0.6920182108879089
562,56.2,57.2,0.5979618430137634,0.5979618430137634
563,56.3,57.3,0.6200127601623535,0.6200127601623535
564,56.4,57.4,0.3657940924167633,0.3657940924167633
565,56.5,57.5,0.38476207852363586,0.38476207852363586
566,56.6,57.6,0.5152987241744995,0.5152987241744995
567,56.7,57.7,0.49118152260780334,0.49118152260780334
568,56.8,57.8,0.555557370185852,0.555557370185852
569,56.9,57.9,0.48181378841400146,0.48181378841400146
570,57.0,58.0,0.39586111903190613,0.39586111903190613
571,57.1,58.1,0.44961926341056824,0.44961926341056824
572,57.2,58.2,0.3254551887512207,0.3254551887512207
573,57.3,58.3,0.5759678483009338,0.5759678483009338
574,57.4,58.4,0.5154191851615906,0.5154191851615906
575,57.5,58.5,0.510396420955658,0.510396420955658
576,57.6,58.6,0.44365811347961426,0.44365811347961426
577,57.7,58.7,0.4711275100708008,0.4711275100708008
578,57.8,58.8,0.39013174176216125,0.39013174176216125
579,57.9,58.9,0.3149866759777069,0.3149866759777069
580,58.0,59.0,0.48438096046447754,0.48438096046447754
581,58.1,59.1,0.7942087054252625,0.7942087054252625
582,58.2,59.2,0.8665031790733337,0.8665031790733337
583,58.3,59.3,0.9032738208770752,0.9032738208770752
584,58.4,59.4,0.920155942440033,0.920155942440033
585,58.5,59.5,0.6807003617286682,0.6807003617286682
586,58.6,59.6,0.5977076292037964,0.5977076292037964
587,58.7,59.7,0.6422862410545349,0.6422862410545349
588,58.8,59.8,0.514045774936676,0.514045774936676
589,58.9,59.9,0.3195062279701233,0.3195062279701233
590,59.0,60.0,0.5957881808280945,0.5957881808280945
591,59.1,60.1,0.5215963125228882,0.5215963125228882
592,59.2,60.2,0.4765861928462982,0.4765861928462982
593,59.3,60.3,0.43429508805274963,0.43429508805274963
594,59.4,60.4,0.5310845971107483,0.5310845971107483
595,59.5,60.5,0.555820643901825,0.555820643901825
596,59.6,60.6,0.6254115104675293,0.6254115104675293
597,59.7,60.7,0.5883039832115173,0.5883039832115173
598,59.8,60.8,0.6137966513633728,0.6137966513633728
599,59.9,60.9,0.5700288414955139,0.5700288414955139
600,60.0,61.0,0.6310123801231384,0.6310123801231384
601,60.1,61.1,0.7179122567176819,0.7179122567176819
602,60.2,61.2,0.6746529340744019,0.6746529340744019
603,60.3,61.3,0.6068592667579651,0.6068592667579651
604,60.4,61.4,0.40745413303375244,0.40745413303375244
605,60.5,61.5,0.4514665901660919,0.4514665901660919
606,60.6,61.6,0.37694793939590454,0.37694793939590454
607,60.7,61.7,0.41329604387283325,0.41329604387283325
608,60.8,61.8,0.40096181631088257,0.40096181631088257
609,60.9,61.9,0.39259618520736694,0.39259618520736694
610,61.0,62.0,0.3471129238605499,0.3471129238605499
611,61.1,62.1,0.4079645276069641,0.4079645276069641
612,61.2,62.2,0.38354018330574036,0.38354018330574036
613,61.3,62.3,0.5062492489814758,0.5062492489814758
614,61.4,62.4,0.7602672576904297,0.7602672576904297
615,61.5,62.5,0.734734058380127,0.734734058380127
616,61.6,62.6,0.6947174072265625,0.6947174072265625
617,61.7,62.7,0.7017963528633118,0.7017963528633118
618,61.8,62.8,0.6644368767738342,0.6644368767738342
619,61.9,62.9,0.5590223073959351,0.5590223073959351
620,62.0,63.0,0.6698284149169922,0.6698284149169922
621,62.1,63.1,0.7019810676574707,0.7019810676574707
622,62.2,63.2,0.7365134358406067,0.7365134358406067
623,62.3,63.3,0.5840755105018616,0.5840755105018616
624,62.4,63.4,0.5356213450431824,0.5356213450431824
625,62.5,63.5,0.5744645595550537,0.5744645595550537
626,62.6,63.6,0.5598230957984924,0.5598230957984924
627,62.7,63.7,0.6745445728302002,0.6745445728302002
628,62.8,63.8,0.5804107189178467,0.5804107189178467
629,62.9,63.9,0.5495360493659973,0.5495360493659973
630,63.0,64.0,0.5562737584114075,0.5562737584114075
631,63.1,64.1,0.44353848695755005,0.44353848695755005
632,63.2,64.2,0.3715156614780426,0.3715156614780426
633,63.3,64.3,0.4607759416103363,0.4607759416103363
634,63.4,64.4,0.34818172454833984,0.34818172454833984
635,63.5,64.5,0.35990774631500244,0.35990774631500244
636,63.6,64.6,0.34993815422058105,0.34993815422058105
637,63.7,64.7,0.4103459417819977,0.4103459417819977
638,63.8,64.8,0.4411306083202362,0.4411306083202362
639,63.9,64.9,0.45583346486091614,0.45583346486091614
640,64.0,65.0,0.5842760801315308,0.5842760801315308
641,64.1,65.1,0.4700825810432434,0.4700825810432434
642,64.2,65.2,0.6520276069641113,0.6520276069641113
643,64.3,65.3,0.6847258806228638,0.6847258806228638
644,64.4,65.4,0.5115259885787964,0.5115259885787964
645,64.5,65.5,0.6304876804351807,0.6304876804351807
646,64.6,65.6,0.6923680901527405,0.6923680901527405
647,64.7,65.7,0.6806737184524536,0.6806737184524536
648,64.8,65.8,0.6717995405197144,0.6717995405197144
649,64.9,65.9,0.6144118905067444,0.6144118905067444
650,65.0,66.0,0.5739657282829285,0.5739657282829285
651,65.1,66.1,0.6067508459091187,0.6067508459091187
652,65.2,66.2,0.46291112899780273,0.46291112899780273
653,65.3,66.3,0.4149221181869507,0.4149221181869507
654,65.4,66.4,0.413230299949646,0.413230299949646
655,65.5,66.5,0.4428979456424713,0.4428979456424713
656,65.6,66.6,0.4489564001560211,0.4489564001560211
657,65.7,66.7,0.3654215931892395,0.3654215931892395
658,65.8,66.8,0.4745784401893616,0.4745784401893616
659,65.9,66.9,0.30185529589653015,0.30185529589653015
660,66.0,67.0,0.35161447525024414,0.35161447525024414
661,66.1,67.1,0.3976209759712219,0.3976209759712219
662,66.2,67.2,0.5402042865753174,0.5402042865753174
663,66.3,67.3,0.6839776039123535,0.6839776039123535
664,66.4,67.4,0.735824465751648,0.735824465751648
665,66.5,67.5,0.563449501991272,0.563449501991272
666,66.6,67.6,0.6143448352813721,0.6143448352813721
667,66.7,67.7,0.5012784004211426,0.5012784004211426
668,66.8,67.8,0.6372728943824768,0.6372728943824768
669,66.9,67.9,0.5363720059394836,0.5363720059394836
670,67.0,68.0,0.49162596464157104,0.49162596464157104
671,67.1,68.1,0.615074872970581,0.615074872970581
672,67.2,68.2,0.4922485947608948,0.4922485947608948
673,67.3,68.3,0.487858384847641,0.487858384847641
674,67.4,68.4,0.40960708260536194,0.40960708260536194
675,67.5,68.5,0.4026971757411957,0.4026971757411957
676,67.6,68.6,0.2808147072792053,0.2808147072792053
677,67.7,68.7,0.3089945614337921,0.3089945614337921
678,67.8,68.8,0.34827950596809387,0.34827950596809387
679,67.9,68.9,0.47891825437545776,0.47891825437545776
680,68.0,69.0,0.3240750730037689,0.3240750730037689
681,68.1,69.1,0.4689806401729584,0.4689806401729584
682,68.2,69.2,0.5658725500106812,0.5658725500106812
683,68.3,69.3,0.6018607020378113,0.6018607020378113
684,68.4,69.4,0.5450811386108398,0.5450811386108398
685,68.5,69.5,0.5349985957145691,0.5349985957145691
686,68.6,69.6,0.41312694549560547,0.41312694549560547
687,68.7,69.7,0.44761598110198975,0.44761598110198975
688,68.8,69.8,0.4592444896697998,0.4592444896697998
689,68.9,69.9,0.3876017928123474,0.3876017928123474
690,69.0,70.0,0.5039690732955933,0.5039690732955933
691,69.1,70.1,0.49141108989715576,0.49141108989715576
692,69.2,70.2,0.3722260892391205,0.3722260892391205
693,69.3,70.3,0.33578234910964966,0.33578234910964966
694,69.4,70.4,0.38337090611457825,0.38337090611457825
695,69.5,70.5,0.4033781588077545,0.4033781588077545
696,69.6,70.6,0.35541319847106934,0.35541319847106934
697,69.7,70.7,0.3336451053619385,0.3336451053619385
698,69.8,70.8,0.5346722602844238,0.5346722602844238
699,69.9,70.9,0.6109387874603271,0.6109387874603271
700,70.0,71.0,0.6860993504524231,0.6860993504524231
701,70.1,71.1,0.6334751844406128,0.6334751844406128
702,70.2,71.2,0.6459363698959351,0.6459363698959351
703,70.3,71.3,0.5849545001983643,0.5849545001983643
704,70.4,71.4,0.5398434996604919,0.5398434996604919
705,70.5,71.5,0.3983771800994873,0.3983771800994873
706,70.6,71.6,0.5348068475723267,0.5348068475723267
707,70.7,71.7,0.5298175811767578,0.5298175811767578
708,70.8,71.8,0.5628505945205688,0.5628505945205688
709,70.9,71.9,0.48815488815307617,0.48815488815307617
710,71.0,72.0,0.5378561019897461,0.5378561019897461
711,71.1,72.1,0.5830286741256714,0.5830286741256714
712,71.2,72.2,0.5618772506713867,0.5618772506713867
713,71.3,72.3,0.4257446527481079,0.4257446527481079
714,71.4,72.4,0.6097960472106934,0.6097960472106934
715,71.5,72.5,0.5353769063949585,0.5353769063949585
716,71.6,72.6,0.401326984167099,0.401326984167099
717,71.7,72.7,0.35690608620643616,0.35690608620643616
718,71.8,72.8,0.40866565704345703,0.40866565704345703
719,71.9,72.9,0.41931360960006714,0.41931360960006714
720,72.0,73.0,0.32775843143463135,0.32775843143463135
721,72.1,73.1,0.34084442257881165,0.34084442257881165
722,72.2,73.2,0.32537296414375305,0.32537296414375305
723,72.3,73.3,0.4438230097293854,0.4438230097293854
724,72.4,73.4,0.4448416829109192,0.4448416829109192
725,72.5,73.5,0.3728422522544861,0.3728422522544861
726,72.6,73.6,0.5744215846061707,0.5744215846061707
727,72.7,73.7,0.6322160363197327,0.6322160363197327
728,72.8,73.8,0.4838497042655945,0.4838497042655945
729,72.9,73.9,0.6310169696807861,0.6310169696807861
730,73.0,74.0,0.6118720173835754,0.6118720173835754
731,73.1,74.1,0.5670666694641113,0.5670666694641113
732,73.2,74.2,0.4586617648601532,0.4586617648601532
733,73.3,74.3,0.5965304374694824,0.5965304374694824
734,73.4,74.4,0.5688568949699402,0.5688568949699402
735,73.5,74.5,0.5595366358757019,0.5595366358757019
736,73.6,74.6,0.686418890953064,0.686418890953064
737,73.7,74.7,0.40079593658447266,0.40079593658447266
738,73.8,74.8,0.38864678144454956,0.38864678144454956
739,73.9,74.9,0.3470483124256134,0.3470483124256134
740,74.0,75.0,0.579994261264801,0.579994261264801
741,74.1,75.1,0.3839963674545288,0.3839963674545288
742,74.2,75.2,0.42692744731903076,0.42692744731903076
743,74.3,75.3,0.3430224061012268,0.3430224061012268
744,74.4,75.4,0.45920661091804504,0.45920661091804504
745,74.5,75.5,0.5892893671989441,0.5892893671989441
746,74.6,75.6,0.6314988136291504,0.6314988136291504
747,74.7,75.7,0.6725799441337585,0.6725799441337585
748,74.8,75.8,0.8259095549583435,0.8259095549583435
749,74.9,75.9,0.7536707520484924,0.7536707520484924
750,75.0,76.0,0.6562914848327637,0.6562914848327637
751,75.1,76.1,0.8050934672355652,0.8050934672355652
752,75.2,76.2,0.802443265914917,0.802443265914917
753,75.3,76.3,0.8143641352653503,0.8143641352653503
754,75.4,76.4,0.7380015850067139,0.7380015850067139
755,75.5,76.5,0.6420841217041016,0.6420841217041016
756,75.6,76.6,0.6364173293113708,0.6364173293113708
757,75.7,76.7,0.5144671201705933,0.5144671201705933
758,75.8,76.8,0.5207107663154602,0.5207107663154602
759,75.9,76.9,0.3273078203201294,0.3273078203201294
760,76.0,77.0,0.3002149760723114,0.3002149760723114
761,76.1,77.1,0.43233463168144226,0.43233463168144226
762,76.2,77.2,0.31133413314819336,0.31133413314819336
763,76.3,77.3,0.37271806597709656,0.37271806597709656
764,76.4,77.4,0.4026181697845459,0.4026181697845459
765,76.5,77.5,0.4723850190639496,0.4723850190639496
766,76.6,77.6,0.33140087127685547,0.33140087127685547
767,76.7,77.7,0.3548319935798645,0.3548319935798645
768,76.8,77.8,0.5578917860984802,0.5578917860984802
769,76.9,77.9,0.3717759847640991,0.3717759847640991
770,77.0,78.0,0.40322965383529663,0.40322965383529663
771,77.1,78.1,0.3651522994041443,0.3651522994041443
772,77.2,78.2,0.3852471709251404,0.3852471709251404
773,77.3,78.3,0.4185259938240051,0.4185259938240051
774,77.4,78.4,0.3715236186981201,0.3715236186981201
775,77.5,78.5,0.6444852948188782,0.6444852948188782
776,77.6,78.6,0.6192977428436279,0.6192977428436279
777,77.7,78.7,0.600686252117157,0.600686252117157
778,77.8,78.8,0.5514230728149414,0.5514230728149414
779,77.9,78.9,0.7058788537979126,0.7058788537979126
780,78.0,79.0,0.5622797012329102,0.5622797012329102
781,78.1,79.1,0.6347697377204895,0.6347697377204895
782,78.2,79.2,0.6416129469871521,0.6416129469871521
783,78.3,79.3,0.5508952140808105,0.5508952140808105
784,78.4,79.4,0.44324734807014465,0.44324734807014465
785,78.5,79.5,0.5400298237800598,0.5400298237800598
786,78.6,79.6,0.3854866325855255,0.3854866325855255
787,78.7,79.7,0.3937453329563141,0.3937453329563141
788,78.8,79.8,0.39130523800849915,0.39130523800849915
789,78.9,79.9,0.3260831832885742,0.3260831832885742
790,79.0,80.0,0.42623892426490784,0.42623892426490784
791,79.1,80.1,0.37968412041664124,0.37968412041664124
792,79.2,80.2,0.4255340099334717,0.4255340099334717
793,79.3,80.3,0.3557327389717102,0.3557327389717102
794,79.4,80.4,0.3880408704280853,0.3880408704280853
795,79.5,80.5,0.3733765184879303,0.3733765184879303
796,79.6,80.6,0.406993567943573,0.406993567943573
797,79.7,80.7,0.4231342375278473,0.4231342375278473
798,79.8,80.8,0.3286099433898926,0.3286099433898926
799,79.9,80.9,0.33130374550819397,0.33130374550819397
800,80.0,81.0,0.3543210029602051,0.3543210029602051
801,80.1,81.1,0.34364068508148193,0.34364068508148193
802,80.2,81.2,0.3297714591026306,0.3297714591026306
803,80.3,81.3,0.4503270387649536,0.4503270387649536
804,80.4,81.4,0.5650134086608887,0.5650134086608887
805,80.5,81.5,0.42011305689811707,0.42011305689811707
806,80.6,81.6,0.4978366196155548,0.4978366196155548
807,80.7,81.7,0.487275630235672,0.487275630235672
808,80.8,81.8,0.42624789476394653,0.42624789476394653
809,80.9,81.9,0.43538838624954224,0.43538838624954224
810,81.0,82.0,0.4511564075946808,0.4511564075946808
811,81.1,82.1,0.4776040315628052,0.4776040315628052
812,81.2,82.2,0.47960296273231506,0.47960296273231506
813,81.3,82.3,0.6310901641845703,0.6310901641845703
814,81.4,82.4,0.5398367643356323,0.5398367643356323
815,81.5,82.5,0.5532346963882446,0.5532346963882446
816,81.6,82.6,0.5738779306411743,0.5738779306411743
817,81.7,82.7,0.47301578521728516,0.47301578521728516
818,81.8,82.8,0.35518279671669006,0.35518279671669006
819,81.9,82.9,0.37933310866355896,0.37933310866355896
820,82.0,83.0,0.29078271985054016,0.29078271985054016
821,82.1,83.1,0.2614431083202362,0.2614431083202362
822,82.2,83.2,0.32636386156082153,0.32636386156082153
823,82.3,83.3,0.38872429728507996,0.38872429728507996
824,82.4,83.4,0.43827593326568604,0.43827593326568604
825,82.5,83.5,0.4638095498085022,0.4638095498085022
826,82.6,83.6,0.44422608613967896,0.44422608613967896
827,82.7,83.7,0.632872998714447,0.632872998714447
828,82.8,83.8,0.48206111788749695,0.48206111788749695
829,82.9,83.9,0.6703766584396362,0.6703766584396362
830,83.0,84.0,0.6044697761535645,0.6044697761535645
831,83.1,84.1,0.676956057548523,0.676956057548523
832,83.2,84.2,0.6395817399024963,0.6395817399024963
833,83.3,84.3,0.6855944395065308,0.6855944395065308
834,83.4,84.4,0.5613330602645874,0.5613330602645874
835,83.5,84.5,0.4950639009475708,0.4950639009475708
836,83.6,84.6,0.5598888993263245,0.5598888993263245
837,83.7,84.7,0.4101227819919586,0.4101227819919586
838,83.8,84.8,0.5843026638031006,0.5843026638031006
839,83.9,84.9,0.46709081530570984,0.46709081530570984
840,84.0,85.0,0.3395533859729767,0.3395533859729767
841,84.1,85.1,0.3664000928401947,0.3664000928401947
842,84.2,85.2,0.3982333838939667,0.3982333838939667
843,84.3,85.3,0.4101060926914215,0.4101060926914215
844,84.4,85.4,0.35654911398887634,0.35654911398887634
845,84.5,85.5,0.4489840269088745,0.4489840269088745
846,84.6,85.6,0.5366054177284241,0.5366054177284241
847,84.7,85.7,0.3533613979816437,0.3533613979816437
848,84.8,85.8,0.4600711166858673,0.4600711166858673
849,84.9,85.9,0.3922617435455322,0.3922617435455322
850,85.0,86.0,0.3196925222873688,0.3196925222873688
851,85.1,86.1,0.4609677195549011,0.4609677195549011
852,85.2,86.2,0.5991708040237427,0.5991708040237427
853,85.3,86.3,0.6542927026748657,0.6542927026748657
854,85.4,86.4,0.6779600381851196,0.6779600381851196
855,85.5,86.5,0.6362473368644714,0.6362473368644714
856,85.6,86.6,0.5226471424102783,0.5226471424102783
857,85.7,86.7,0.5834206938743591,0.5834206938743591
858,85.8,86.8,0.47025853395462036,0.47025853395462036
859,85.9,86.9,0.4153760075569153,0.4153760075569153
860,86.0,87.0,0.43614575266838074,0.43614575266838074
861,86.1,87.1,0.48490196466445923,0.48490196466445923
862,86.2,87.2,0.6339791417121887,0.6339791417121887
863,86.3,87.3,0.4847942590713501,0.4847942590713501
864,86.4,87.4,0.7328013181686401,0.7328013181686401
865,86.5,87.5,0.6840359568595886,0.6840359568595886
866,86.6,87.6,0.6013779044151306,0.6013779044151306
867,86.7,87.7,0.7702530026435852,0.7702530026435852
868,86.8,87.8,0.4136112630367279,0.4136112630367279
869,86.9,87.9,0.6676215529441833,0.6676215529441833
870,87.0,88.0,0.6204071640968323,0.6204071640968323
871,87.1,88.1,0.5815451741218567,0.5815451741218567
872,87.2,88.2,0.7220985889434814,0.7220985889434814
873,87.3,88.3,0.36515939235687256,0.36515939235687256
874,87.4,88.4,0.5077658295631409,0.5077658295631409
875,87.5,88.5,0.6852088570594788,0.6852088570594788
876,87.6,88.6,0.6781612634658813,0.6781612634658813
877,87.7,88.7,0.5159143209457397,0.5159143209457397
878,87.8,88.8,0.4833028316497803,0.4833028316497803
879,87.9,88.9,0.4107080101966858,0.4107080101966858
880,88.0,89.0,0.4471450448036194,0.4471450448036194
881,88.1,89.1,0.46219539642333984,0.46219539642333984
882,88.2,89.2,0.3996739089488983,0.3996739089488983
883,88.3,89.3,0.351724773645401,0.351724773645401
884,88.4,89.4,0.5393228530883789,0.5393228530883789
885,88.5,89.5,0.528979480266571,0.528979480266571
886,88.6,89.6,0.47283533215522766,0.47283533215522766
887,88.7,89.7,0.5234999656677246,0.5234999656677246
888,88.8,89.8,0.6004244685173035,0.6004244685173035
889,88.9,89.9,0.6782264709472656,0.6782264709472656
890,89.0,90.0,0.5994228720664978,0.5994228720664978
891,89.1,90.1,0.49409931898117065,0.49409931898117065
892,89.2,90.2,0.46985265612602234,0.46985265612602234
893,89.3,90.3,0.3679873049259186,0.3679873049259186
894,89.4,90.4,0.4112186133861542,0.4112186133861542
895,89.5,90.5,0.4691666066646576,0.4691666066646576
896,89.6,90.6,0.46967607736587524,0.46967607736587524
897,89.7,90.7,0.3411111831665039,0.3411111831665039
898,89.8,90.8,0.6116615533828735,0.6116615533828735
899,89.9,90.9,0.5863273739814758,0.5863273739814758
900,90.0,91.0,0.5208815932273865,0.5208815932273865
901,90.1,91.1,0.4660865068435669,0.4660865068435669
902,90.2,91.2,0.49481505155563354,0.49481505155563354
903,90.3,91.3,0.3962831199169159,0.3962831199169159
904,90.4,91.4,0.3815733790397644,0.3815733790397644
905,90.5,91.5,0.4365624189376831,0.4365624189376831
906,90.6,91.6,0.5130593180656433,0.5130593180656433
907,90.7,91.7,0.33762937784194946,0.33762937784194946
908,90.8,91.8,0.45458000898361206,0.45458000898361206
909,90.9,91.9,0.34371495246887207,0.34371495246887207
910,91.0,92.0,0.49263978004455566,0.49263978004455566
911,91.1,92.1,0.5335997939109802,0.5335997939109802
912,91.2,92.2,0.4852493405342102,0.4852493405342102
913,91.3,92.3,0.45833101868629456,0.45833101868629456
914,91.4,92.4,0.354914128780365,0.354914128780365
915,91.5,92.5,0.4440186619758606,0.4440186619758606
916,91.6,92.6,0.4859793484210968,0.4859793484210968
917,91.7,92.7,0.3703051209449768,0.3703051209449768
918,91.8,92.8,0.39338716864585876,0.39338716864585876
919,91.9,92.9,0.4117899239063263,0.4117899239063263
920,92.0,93.0,0.38235872983932495,0.38235872983932495
921,92.1,93.1,0.42696520686149597,0.42696520686149597
922,92.2,93.2,0.6291741728782654,0.6291741728782654
923,92.3,93.3,0.6036801934242249,0.6036801934242249
924,92.4,93.4,0.6131322383880615,0.6131322383880615
925,92.5,93.5,0.5610970258712769,0.5610970258712769
926,92.6,93.6,0.5127160549163818,0.5127160549163818
927,92.7,93.7,0.36400696635246277,0.36400696635246277
928,92.8,93.8,0.7249337434768677,0.7249337434768677
929,92.9,93.9,0.4454677700996399,0.4454677700996399
930,93.0,94.0,0.44478732347488403,0.44478732347488403
931,93.1,94.1,0.4149646759033203,0.4149646759033203
932,93.2,94.2,0.4575481712818146,0.4575481712818146
933,93.3,94.3,0.4337165355682373,0.4337165355682373
934,93.4,94.4,0.33760812878608704,0.33760812878608704
935,93.5,94.5,0.38458263874053955,0.38458263874053955
936,93.6,94.6,0.5487368702888489,0.5487368702888489
937,93.7,94.7,0.41182437539100647,0.41182437539100647
938,93.8,94.8,0.5899842381477356,0.5899842381477356
939,93.9,94.9,0.6364201307296753,0.6364201307296753
940,94.0,95.0,0.6546167135238647,0.6546167135238647
941,94.1,95.1,0.7275224924087524,0.7275224924087524
942,94.2,95.2,0.6248542666435242,0.6248542666435242
943,94.3,95.3,0.6057600975036621,0.6057600975036621
944,94.4,95.4,0.5829211473464966,0.5829211473464966
945,94.5,95.5,0.5044354796409607,0.5044354796409607
946,94.6,95.6,0.3361538052558899,0.3361538052558899
947,94.7,95.7,0.40781891345977783,0.40781891345977783
948,94.8,95.8,0.4719045162200928,0.4719045162200928
949,94.9,95.9,0.37547963857650757,0.37547963857650757
950,95.0,96.0,0.3485335409641266,0.3485335409641266
951,95.1,96.1,0.28654375672340393,0.28654375672340393
952,95.2,96.2,0.2972380816936493,0.2972380816936493
953,95.3,96.3,0.45247694849967957,0.45247694849967957
954,95.4,96.4,0.37543466687202454,0.37543466687202454
955,95.5,96.5,0.373628705739975,0.373628705739975
956,95.6,96.6,0.40756794810295105,0.40756794810295105
957,95.7,96.7,0.5041525363922119,0.5041525363922119
958,95.8,96.8,0.6750414371490479,0.6750414371490479
959,95.9,96.9,0.47998782992362976,0.47998782992362976
960,96.0,97.0,0.4845258891582489,0.4845258891582489
961,96.1,97.1,0.5396916270256042,0.5396916270256042
962,96.2,97.2,0.4548155963420868,0.4548155963420868
963,96.3,97.3,0.5742372274398804,0.5742372274398804
964,96.4,97.4,0.3810561001300812,0.3810561001300812
965,96.5,97.5,0.47788766026496887,0.47788766026496887
966,96.6,97.6,0.3480365574359894,0.3480365574359894
967,96.7,97.7,0.5167538523674011,0.5167538523674011
968,96.8,97.8,0.5139258503913879,0.5139258503913879
969,96.9,97.9,0.4954671859741211,0.4954671859741211
970,97.0,98.0,0.3285464644432068,0.3285464644432068
971,97.1,98.1,0.4548181891441345,0.4548181891441345
972,97.2,98.2,0.6846129894256592,0.6846129894256592
973,97.3,98.3,0.6960471272468567,0.6960471272468567
974,97.4,98.4,0.7614242434501648,0.7614242434501648
975,97.5,98.5,0.6603801250457764,0.6603801250457764
976,97.6,98.6,0.6217929720878601,0.6217929720878601
977,97.7,98.7,0.6007055640220642,0.6007055640220642
978,97.8,98.8,0.6406898498535156,0.6406898498535156
979,97.9,98.9,0.6604761481285095,0.6604761481285095
980,98.0,99.0,0.6038717031478882,0.6038717031478882
981,98.1,99.1,0.39840301871299744,0.39840301871299744
982,98.2,99.2,0.5074220299720764,0.5074220299720764
983,98.3,99.3,0.45846474170684814,0.45846474170684814
984,98.4,99.4,0.3226128816604614,0.3226128816604614
985,98.5,99.5,0.20525692403316498,0.20525692403316498
986,98.6,99.6,0.2811695635318756,0.2811695635318756
987,98.7,99.7,0.328866183757782,0.328866183757782
988,98.8,99.8,0.3056950569152832,0.3056950569152832
989,98.9,99.9,0.4401143491268158,0.4401143491268158
990,99.0,100.0,0.5394406318664551,0.5394406318664551
991,99.1,100.1,0.5513956546783447,0.5513956546783447
992,99.2,100.2,0.5048074722290039,0.5048074722290039
993,99.3,100.3,0.4752000868320465,0.4752000868320465
994,99.4,100.4,0.5351699590682983,0.5351699590682983
995,99.5,100.5,0.5423293113708496,0.5423293113708496
996,99.6,100.6,0.4043456017971039,0.4043456017971039
997,99.7,100.7,0.442040354013443,0.442040354013443
998,99.8,100.8,0.51711106300354,0.51711106300354
999,99.9,100.9,0.6273678541183472,0.6273678541183472
1000,100.0,101.0,0.5869786143302917,0.5869786143302917
1001,100.1,101.1,0.45208343863487244,0.45208343863487244
1002,100.2,101.2,0.3432392179965973,0.3432392179965973
1003,100.3,101.3,0.4583030343055725,0.4583030343055725
1004,100.4,101.4,0.3705909252166748,0.3705909252166748
1005,100.5,101.5,0.4076116681098938,0.4076116681098938
1006,100.6,101.6,0.497477263212204,0.497477263212204
1007,100.7,101.7,0.5271086692810059,0.5271086692810059
1008,100.8,101.8,0.586418092250824,0.586418092250824
1009,100.9,101.9,0.6814472675323486,0.6814472675323486
1010,101.0,102.0,0.698168158531189,0.698168158531189
1011,101.1,102.1,0.5935954451560974,0.5935954451560974
1012,101.2,102.2,0.39580535888671875,0.39580535888671875
1013,101.3,102.3,0.45026659965515137,0.45026659965515137
1014,101.4,102.4,0.3773886263370514,0.3773886263370514
1015,101.5,102.5,0.18084554374217987,0.18084554374217987
1016,101.6,102.6,0.2136574536561966,0.2136574536561966
1017,101.7,102.7,0.4053872227668762,0.4053872227668762
1018,101.8,102.8,0.3308924734592438,0.3308924734592438
1019,101.9,102.9,0.45371413230895996,0.45371413230895996
1020,102.0,103.0,0.6142950057983398,0.6142950057983398
1021,102.1,103.1,0.5436516404151917,0.5436516404151917
1022,102.2,103.2,0.6168985962867737,0.6168985962867737
1023,102.3,103.3,0.5821649432182312,0.5821649432182312
1024,102.4,103.4,0.6058386564254761,0.6058386564254761
1025,102.5,103.5,0.642800509929657,0.642800509929657
1026,102.6,103.6,0.538516640663147,0.538516640663147
1027,102.7,103.7,0.4267122745513916,0.4267122745513916
1028,102.8,103.8,0.5060939788818359,0.5060939788818359
1029,102.9,103.9,0.44128724932670593,0.44128724932670593
1030,103.0,104.0,0.3802921175956726,0.3802921175956726
1031,103.1,104.1,0.38887178897857666,0.38887178897857666
1032,103.2,104.2,0.5141050219535828,0.5141050219535828
1033,103.3,104.3,0.35538944602012634,0.35538944602012634
1034,103.4,104.4,0.32558712363243103,0.32558712363243103
1035,103.5,104.5,0.40067923069000244,0.40067923069000244
1036,103.6,104.6,0.37834593653678894,0.37834593653678894
1037,103.7,104.7,0.3225264847278595,0.3225264847278595
1038,103.8,104.8,0.27269309759140015,0.27269309759140015
1039,103.9,104.9,0.3677608370780945,0.3677608370780945
1040,104.0,105.0,0.46162858605384827,0.46162858605384827
1041,104.1,105.1,0.4959261417388916,0.4959261417388916
1042,104.2,105.2,0.579458475112915,0.579458475112915
1043,104.3,105.3,0.6387872695922852,0.6387872695922852
1044,104.4,105.4,0.4967285096645355,0.4967285096645355
1045,104.5,105.5,0.5353479981422424,0.5353479981422424
1046,104.6,105.6,0.3764118552207947,0.3764118552207947
1047,104.7,105.7,0.42546743154525757,0.42546743154525757
1048,104.8,105.8,0.4697920083999634,0.4697920083999634
1049,104.9,105.9,0.45450183749198914,0.45450183749198914
1050,105.0,106.0,0.3544248342514038,0.3544248342514038
1051,105.1,106.1,0.3441344201564789,0.3441344201564789
1052,105.2,106.2,0.4305843114852905,0.4305843114852905
1053,105.3,106.3,0.3249449133872986,0.3249449133872986
1054,105.4,106.4,0.3736494779586792,0.3736494779586792
1055,105.5,106.5,0.4637853503227234,0.4637853503227234
1056,105.6,106.6,0.2935466468334198,0.2935466468334198
1057,105.7,106.7,0.32189467549324036,0.32189467549324036
1058,105.8,106.8,0.4999087154865265,0.4999087154865265
1059,105.9,106.9,0.556484580039978,0.556484580039978
1060,106.0,107.0,0.6528322696685791,0.6528322696685791
1061,106.1,107.1,0.6591235995292664,0.6591235995292664
1062,106.2,107.2,0.7080788612365723,0.7080788612365723
1063,106.3,107.3,0.6463494896888733,0.6463494896888733
1064,106.4,107.4,0.7009689211845398,0.7009689211845398
1065,106.5,107.5,0.5486965179443359,0.5486965179443359
1066,106.6,107.6,0.43790555000305176,0.43790555000305176
1067,106.7,107.7,0.5577818751335144,0.5577818751335144
1068,106.8,107.8,0.5321411490440369,0.5321411490440369
1069,106.9,107.9,0.39757105708122253,0.39757105708122253
1070,107.0,108.0,0.40257811546325684,0.40257811546325684
1071,107.1,108.1,0.2616135776042938,0.2616135776042938
1072,107.2,108.2,0.26637598872184753,0.26637598872184753
1073,107.3,108.3,0.4238553047180176,0.4238553047180176
1074,107.4,108.4,0.5476671457290649,0.5476671457290649
1075,107.5,108.5,0.5446808934211731,0.5446808934211731
1076,107.6,108.6,0.6463968753814697,0.6463968753814697
1077,107.7,108.7,0.6483492255210876,0.6483492255210876
1078,107.8,108.8,0.8282015919685364,0.8282015919685364
1079,107.9,108.9,0.6548380851745605,0.6548380851745605
1080,108.0,109.0,0.5967954993247986,0.5967954993247986
1081,108.1,109.1,0.5880734324455261,0.5880734324455261
1082,108.2,109.2,0.5305249094963074,0.5305249094963074
1083,108.3,109.3,0.40934276580810547,0.40934276580810547
1084,108.4,109.4,0.35613346099853516,0.35613346099853516
1085,108.5,109.5,0.3396632671356201,0.3396632671356201
1086,108.6,109.6,0.3486718237400055,0.3486718237400055
1087,108.7,109.7,0.257426381111145,0.257426381111145
1088,108.8,109.8,0.24633894860744476,0.24633894860744476
1089,108.9,109.9,0.2647981643676758,0.2647981643676758
1090,109.0,110.0,0.29989808797836304,0.29989808797836304
1091,109.1,110.1,0.42162269353866577,0.42162269353866577
1092,109.2,110.2,0.36936473846435547,0.36936473846435547
1093,109.3,110.3,0.4189799726009369,0.4189799726009369
1094,109.4,110.4,0.5415940880775452,0.5415940880775452
1095,109.5,110.5,0.5566703677177429,0.5566703677177429
1096,109.6,110.6,0.5923113822937012,0.5923113822937012
1097,109.7,110.7,0.48805052042007446,0.48805052042007446
1098,109.8,110.8,0.4881000518798828,0.4881000518798828
1099,109.9,110.9,0.36617374420166016,0.36617374420166016
1100,110.0,111.0,0.29966670274734497,0.29966670274734497
1101,110.1,111.1,0.34798115491867065,0.34798115491867065
1102,110.2,111.2,0.5749387145042419,0.5749387145042419
1103,110.3,111.3,0.5800572633743286,0.5800572633743286
1104,110.4,111.4,0.38370996713638306,0.38370996713638306
1105,110.5,111.5,0.4792856276035309,0.4792856276035309
1106,110.6,111.6,0.4756057858467102,0.4756057858467102
1107,110.7,111.7,0.34166964888572693,0.34166964888572693
1108,110.8,111.8,0.5091983675956726,0.5091983675956726
1109,110.9,111.9,0.5442177057266235,0.5442177057266235
1110,111.0,112.0,0.6576281785964966,0.6576281785964966
1111,111.1,112.1,0.6888718605041504,0.6888718605041504
1112,111.2,112.2,0.6338100433349609,0.6338100433349609
1113,111.3,112.3,0.6010110974311829,0.6010110974311829
1114,111.4,112.4,0.46493351459503174,0.46493351459503174
1115,111.5,112.5,0.5963456034660339,0.5963456034660339
1116,111.6,112.6,0.507157027721405,0.507157027721405
1117,111.7,112.7,0.34332597255706787,0.34332597255706787
1118,111.8,112.8,0.341217964887619,0.341217964887619
1119,111.9,112.9,0.49690866470336914,0.49690866470336914
1120,112.0,113.0,0.2698610723018646,0.2698610723018646
1121,112.1,113.1,0.2770039737224579,0.2770039737224579
1122,112.2,113.2,0.15323781967163086,0.15323781967163086
1123,112.3,113.3,0.19193826615810394,0.19193826615810394
1124,112.4,113.4,0.2077137976884842,0.2077137976884842
1125,112.5,113.5,0.24968411028385162,0.24968411028385162
1126,112.6,113.6,0.4896782338619232,0.4896782338619232
1127,112.7,113.7,0.553117573261261,0.553117573261261
1128,112.8,113.8,0.6175656318664551,0.6175656318664551
1129,112.9,113.9,0.6245817542076111,0.6245817542076111
1130,113.0,114.0,0.6216238141059875,0.6216238141059875
1131,113.1,114.1,0.6004381775856018,0.6004381775856018
1132,113.2,114.2,0.5030922889709473,0.5030922889709473
1133,113.3,114.3,0.32924461364746094,0.32924461364746094
1134,113.4,114.4,0.2894056439399719,0.2894056439399719
1135,113.5,114.5,0.37285858392715454,0.37285858392715454
1136,113.6,114.6,0.3962855637073517,0.3962855637073517
1137,113.7,114.7,0.23973365128040314,0.23973365128040314
1138,113.8,114.8,0.23180487751960754,0.23180487751960754
1139,113.9,114.9,0.2949492335319519,0.2949492335319519
1140,114.0,115.0,0.44747596979141235,0.44747596979141235
1141,114.1,115.1,0.31182920932769775,0.31182920932769775
1142,114.2,115.2,0.3450242280960083,0.3450242280960083
1143,114.3,115.3,0.3044714629650116,0.3044714629650116
1144,114.4,115.4,0.4720454514026642,0.4720454514026642
1145,114.5,115.5,0.504363477230072,0.504363477230072
1146,114.6,115.6,0.6164053678512573,0.6164053678512573
1147,114.7,115.7,0.4499731957912445,0.4499731957912445
1148,114.8,115.8,0.4544644057750702,0.4544644057750702
1149,114.9,115.9,0.4930388927459717,0.4930388927459717
1150,115.0,116.0,0.498513400554657,0.498513400554657
1151,115.1,116.1,0.5493492484092712,0.5493492484092712
1152,115.2,116.2,0.5746901035308838,0.5746901035308838
1153,115.3,116.3,0.399075984954834,0.399075984954834
1154,115.4,116.4,0.4824018180370331,0.4824018180370331
1155,115.5,116.5,0.37751758098602295,0.37751758098602295
1156,115.6,116.6,0.5111821889877319,0.5111821889877319
1157,115.7,116.7,0.1904018521308899,0.1904018521308899
1158,115.8,116.8,0.37714889645576477,0.37714889645576477
1159,115.9,116.9,0.2693171799182892,0.2693171799182892
1160,116.0,117.0,0.42307204008102417,0.42307204008102417
1161,116.1,117.1,0.351076602935791,0.351076602935791
1162,116.2,117.2,0.5209896564483643,0.5209896564483643
1163,116.3,117.3,0.6081600189208984,0.6081600189208984
1164,116.4,117.4,0.6113174557685852,0.6113174557685852
1165,116.5,117.5,0.6419845819473267,0.6419845819473267
1166,116.6,117.6,0.5341047048568726,0.5341047048568726
1167,116.7,117.7,0.41983360052108765,0.41983360052108765
1168,116.8,117.8,0.39981305599212646,0.39981305599212646
1169,116.9,117.9,0.42878711223602295,0.42878711223602295
1170,117.0,118.0,0.31369781494140625,0.31369781494140625
1171,117.1,118.1,0.3798246383666992,0.3798246383666992
1172,117.2,118.2,0.31053608655929565,0.31053608655929565
1173,117.3,118.3,0.2914121747016907,0.2914121747016907
1174,117.4,118.4,0.3652016520500183,0.3652016520500183
1175,117.5,118.5,0.3020132780075073,0.3020132780075073
1176,117.6,118.6,0.3016398251056671,0.3016398251056671
1177,117.7,118.7,0.40835461020469666,0.40835461020469666
1178,117.8,118.8,0.3458535969257355,0.3458535969257355
1179,117.9,118.9,0.5080665946006775,0.5080665946006775
1180,118.0,119.0,0.43354690074920654,0.43354690074920654
1181,118.1,119.1,0.5219782590866089,0.5219782590866089
1182,118.2,119.2,0.5572018623352051,0.5572018623352051
1183,118.3,119.3,0.4289497137069702,0.4289497137069702
1184,118.4,119.4,0.5492243766784668,0.5492243766784668
1185,118.5,119.5,0.3479391634464264,0.3479391634464264
1186,118.6,119.6,0.43095216155052185,0.43095216155052185
1187,118.7,119.7,0.36615854501724243,0.36615854501724243
1188,118.8,119.8,0.43356090784072876,0.43356090784072876
1189,118.9,119.9,0.36047664284706116,0.36047664284706116
1190,119.0,120.0,0.32085686922073364,0.32085686922073364
1191,119.1,120.1,0.40024468302726746,0.40024468302726746
1192,119.2,120.2,0.34625545144081116,0.34625545144081116
1193,119.3,120.3,0.4787185788154602,0.4787185788154602
1194,119.4,120.4,0.3920721113681793,0.3920721113681793
1195,119.5,120.5,0.5211685299873352,0.5211685299873352
1196,119.6,120.6,0.45138177275657654,0.45138177275657654
1197,119.7,120.7,0.46221843361854553,0.46221843361854553
1198,119.8,120.8,0.5482760071754456,0.5482760071754456
1199,119.9,120.9,0.6018079519271851,0.6018079519271851
1200,120.0,121.0,0.597260594367981,0.597260594367981
1201,120.1,121.1,0.38133683800697327,0.38133683800697327
1202,120.2,121.2,0.4801861047744751,0.4801861047744751
1203,120.3,121.3,0.4970661997795105,0.4970661997795105
1204,120.4,121.4,0.44921034574508667,0.44921034574508667
1205,120.5,121.5,0.3506399393081665,0.3506399393081665
1206,120.6,121.6,0.4327406585216522,0.4327406585216522
1207,120.7,121.7,0.42742639780044556,0.42742639780044556
1208,120.8,121.8,0.5196326375007629,0.5196326375007629
1209,120.9,121.9,0.351012647151947,0.351012647151947
1210,121.0,122.0,0.3410435914993286,0.3410435914993286
1211,121.1,122.1,0.2595749497413635,0.2595749497413635
1212,121.2,122.2,0.21904057264328003,0.21904057264328003
1213,121.3,122.3,0.25324079394340515,0.25324079394340515
1214,121.4,122.4,0.36716407537460327,0.36716407537460327
1215,121.5,122.5,0.5231893658638,0.5231893658638
1216,121.6,122.6,0.6314387321472168,0.6314387321472168
1217,121.7,122.7,0.5959436893463135,0.5959436893463135
1218,121.8,122.8,0.6433108448982239,0.6433108448982239
1219,121.9,122.9,0.6091456413269043,0.6091456413269043
1220,122.0,123.0,0.44381460547447205,0.44381460547447205
1221,122.1,123.1,0.48839130997657776,0.48839130997657776
1222,122.2,123.2,0.583571195602417,0.583571195602417
1223,122.3,123.3,0.6620740294456482,0.6620740294456482
1224,122.4,123.4,0.5844974517822266,0.5844974517822266
1225,122.5,123.5,0.5949943661689758,0.5949943661689758
1226,122.6,123.6,0.44810324907302856,0.44810324907302856
1227,122.7,123.7,0.48993122577667236,0.48993122577667236
1228,122.8,123.8,0.32010483741760254,0.32010483741760254
1229,122.9,123.9,0.3394142985343933,0.3394142985343933
1230,123.0,124.0,0.3992552161216736,0.3992552161216736
1231,123.1,124.1,0.6369081139564514,0.6369081139564514
1232,123.2,124.2,0.5721360445022583,0.5721360445022583
1233,123.3,124.3,0.6732997298240662,0.6732997298240662
1234,123.4,124.4,0.664889395236969,0.664889395236969
1235,123.5,124.5,0.6214628219604492,0.6214628219604492
1236,123.6,124.6,0.657813549041748,0.657813549041748
1237,123.7,124.7,0.5444856286048889,0.5444856286048889
1238,123.8,124.8,0.6688001155853271,0.6688001155853271
1239,123.9,124.9,0.5079003572463989,0.5079003572463989
1240,124.0,125.0,0.563843309879303,0.563843309879303
1241,124.1,125.1,0.5335032343864441,0.5335032343864441
1242,124.2,125.2,0.4733573794364929,0.4733573794364929
1243,124.3,125.3,0.3675011694431305,0.3675011694431305
1244,124.4,125.4,0.48542049527168274,0.48542049527168274
1245,124.5,125.5,0.27168217301368713,0.27168217301368713
1246,124.6,125.6,0.2298893928527832,0.2298893928527832
1247,124.7,125.7,0.1712527722120285,0.1712527722120285
1248,124.8,125.8,0.2982473373413086,0.2982473373413086
1249,124.9,125.9,0.3067106008529663,0.3067106008529663
1250,125.0,126.0,0.6104220747947693,0.6104220747947693
1251,125.1,126.1,0.6220325827598572,0.6220325827598572
1252,125.2,126.2,0.67629474401474,0.67629474401474
1253,125.3,126.3,0.6106847524642944,0.6106847524642944
1254,125.4,126.4,0.5438845157623291,0.5438845157623291
1255,125.5,126.5,0.4919280409812927,0.4919280409812927
1256,125.6,126.6,0.3565710186958313,0.3565710186958313
1257,125.7,126.7,0.38372543454170227,0.38372543454170227
1258,125.8,126.8,0.44674408435821533,0.44674408435821533
1259,125.9,126.9,0.43350380659103394,0.43350380659103394
1260,126.0,127.0,0.41254159808158875,0.41254159808158875
1261,126.1,127.1,0.4642393887042999,0.4642393887042999
1262,126.2,127.2,0.35594040155410767,0.35594040155410767
1263,126.3,127.3,0.5724120140075684,0.5724120140075684
1264,126.4,127.4,0.497292160987854,0.497292160987854
1265,126.5,127.5,0.36261510848999023,0.36261510848999023
1266,126.6,127.6,0.5141891241073608,0.5141891241073608
1267,126.7,127.7,0.5925620198249817,0.5925620198249817
1268,126.8,127.8,0.6072707772254944,0.6072707772254944
1269,126.9,127.9,0.6646499633789062,0.6646499633789062
1270,127.0,128.0,0.5899140238761902,0.5899140238761902
1271,127.1,128.1,0.551988959312439,0.551988959312439
1272,127.2,128.2,0.5386602878570557,0.5386602878570557
1273,127.3,128.3,0.5436793565750122,0.5436793565750122
1274,127.4,128.4,0.6402928233146667,0.6402928233146667
1275,127.5,128.5,0.6387028098106384,0.6387028098106384
1276,127.6,128.6,0.4839455783367157,0.4839455783367157
1277,127.7,128.7,0.5276609659194946,0.5276609659194946
1278,127.8,128.8,0.3775362968444824,0.3775362968444824
1279,127.9,128.9,0.36071810126304626,0.36071810126304626
1280,128.0,129.0,0.4902850091457367,0.4902850091457367
1281,128.1,129.1,0.43746620416641235,0.43746620416641235
1282,128.2,129.2,0.2733657658100128,0.2733657658100128
1283,128.3,129.3,0.3124544620513916,0.3124544620513916
1284,128.4,129.4,0.48647525906562805,0.48647525906562805
1285,128.5,129.5,0.7729807496070862,0.7729807496070862
1286,128.6,129.6,0.7573375701904297,0.7573375701904297
1287,128.7,129.7,0.5698272585868835,0.5698272585868835
1288,128.8,129.8,0.6814872026443481,0.6814872026443481
1289,128.9,129.9,0.672548770904541,0.672548770904541
1290,129.0,130.0,0.5032700896263123,0.5032700896263123
1291,129.1,130.1,0.4441114664077759,0.4441114664077759
1292,129.2,130.2,0.49139100313186646,0.49139100313186646
1293,129.3,130.3,0.3772728145122528,0.3772728145122528
1294,129.4,130.4,0.11469526588916779,0.11469526588916779
1295,129.5,130.5,0.33682191371917725,0.33682191371917725
1296,129.6,130.6,0.40574172139167786,0.40574172139167786
1297,129.7,130.7,0.2879142761230469,0.2879142761230469
1298,129.8,130.8,0.2803803086280823,0.2803803086280823
1299,129.9,130.9,0.35530897974967957,0.35530897974967957
1300,130.0,131.0,0.454304039478302,0.454304039478302
1301,130.1,131.1,0.4154506325721741,0.4154506325721741
1302,130.2,131.2,0.5392658114433289,0.5392658114433289
1303,130.3,131.3,0.5140054225921631,0.5140054225921631
1304,130.4,131.4,0.3643401861190796,0.3643401861190796
1305,130.5,131.5,0.4965166747570038,0.4965166747570038
1306,130.6,131.6,0.4567250609397888,0.4567250609397888
1307,130.7,131.7,0.551659345626831,0.551659345626831
1308,130.8,131.8,0.342939555644989,0.342939555644989
1309,130.9,131.9,0.3263564705848694,0.3263564705848694
1310,131.0,132.0,0.4278313219547272,0.4278313219547272
1311,131.1,132.1,0.44711747765541077,0.44711747765541077
1312,131.2,132.2,0.3528361916542053,0.3528361916542053
1313,131.3,132.3,0.2787739038467407,0.2787739038467407
1314,131.4,132.4,0.2272433340549469,0.2272433340549469
1315,131.5,132.5,0.15585659444332123,0.15585659444332123
1316,131.6,132.6,0.31860071420669556,0.31860071420669556
1317,131.7,132.7,0.7507103085517883,0.7507103085517883
1318,131.8,132.8,0.45669683814048767,0.45669683814048767
1319,131.9,132.9,0.41321873664855957,0.41321873664855957
1320,132.0,133.0,0.4805903136730194,0.4805903136730194
1321,132.1,133.1,0.42911162972450256,0.42911162972450256
1322,132.2,133.2,0.4358450472354889,0.4358450472354889
1323,132.3,133.3,0.3990103602409363,0.3990103602409363
1324,132.4,133.4,0.5464056730270386,0.5464056730270386
1325,132.5,133.5,0.38427233695983887,0.38427233695983887
1326,132.6,133.6,0.3914926052093506,0.3914926052093506
1327,132.7,133.7,0.4492919147014618,0.4492919147014618
1328,132.8,133.8,0.45284485816955566,0.45284485816955566
1329,132.9,133.9,0.5587537288665771,0.5587537288665771
1330,133.0,134.0,0.4799847900867462,0.4799847900867462
1331,133.1,134.1,0.3252173066139221,0.3252173066139221
1332,133.2,134.2,0.29212290048599243,0.29212290048599243
1333,133.3,134.3,0.5177516937255859,0.5177516937255859
1334,133.4,134.4,0.27970799803733826,0.27970799803733826
1335,133.5,134.5,0.3412885367870331,0.3412885367870331
1336,133.6,134.6,0.3950878381729126,0.3950878381729126
1337,133.7,134.7,0.3997214138507843,0.3997214138507843
1338,133.8,134.8,0.37191444635391235,0.37191444635391235
1339,133.9,134.9,0.48075252771377563,0.48075252771377563
1340,134.0,135.0,0.46530142426490784,0.46530142426490784
1341,134.1,135.1,0.5577252507209778,0.5577252507209778
1342,134.2,135.2,0.5260195732116699,0.5260195732116699
1343,134.3,135.3,0.5758466720581055,0.5758466720581055
1344,134.4,135.4,0.39398667216300964,0.39398667216300964
1345,134.5,135.5,0.37417200207710266,0.37417200207710266
1346,134.6,135.6,0.48641684651374817,0.48641684651374817
1347,134.7,135.7,0.46004238724708557,0.46004238724708557
1348,134.8,135.8,0.5674473643302917,0.5674473643302917
1349,134.9,135.9,0.5579105019569397,0.5579105019569397
1350,135.0,136.0,0.41804882884025574,0.41804882884025574
1351,135.1,136.1,0.31393542885780334,0.31393542885780334
1352,135.2,136.2,0.4490104019641876,0.4490104019641876
1353,135.3,136.3,0.4551180899143219,0.4551180899143219
1354,135.4,136.4,0.5842393636703491,0.5842393636703491
1355,135.5,136.5,0.5685460567474365,0.5685460567474365
1356,135.6,136.6,0.4955011308193207,0.4955011308193207
1357,135.7,136.7,0.6035908460617065,0.6035908460617065
1358,135.8,136.8,0.525126039981842,0.525126039981842
1359,135.9,136.9,0.7417414784431458,0.7417414784431458
1360,136.0,137.0,0.6918500065803528,0.6918500065803528
1361,136.1,137.1,0.564243733882904,0.564243733882904
1362,136.2,137.2,0.5732859373092651,0.5732859373092651
1363,136.3,137.3,0.5652493238449097,0.5652493238449097
1364,136.4,137.4,0.47399792075157166,0.47399792075157166
1365,136.5,137.5,0.4242904782295227,0.4242904782295227
1366,136.6,137.6,0.5404579043388367,0.5404579043388367
1367,136.7,137.7,0.34886494278907776,0.34886494278907776
1368,136.8,137.8,0.24321436882019043,0.24321436882019043
1369,136.9,137.9,0.38691261410713196,0.38691261410713196
1370,137.0,138.0,0.2586514353752136,0.2586514353752136
1371,137.1,138.1,0.29540908336639404,0.29540908336639404
1372,137.2,138.2,0.24751268327236176,0.24751268327236176
1373,137.3,138.3,0.5480689406394958,0.5480689406394958
1374,137.4,138.4,0.6685835719108582,0.6685835719108582
1375,137.5,138.5,0.725382924079895,0.725382924079895
1376,137.6,138.6,0.6309435963630676,0.6309435963630676
1377,137.7,138.7,0.7404234409332275,0.7404234409332275
1378,137.8,138.8,0.5129782557487488,0.5129782557487488
1379,137.9,138.9,0.5770307779312134,0.5770307779312134
1380,138.0,139.0,0.4599647521972656,0.4599647521972656
1381,138.1,139.1,0.5159494876861572,0.5159494876861572
1382,138.2,139.2,0.43996942043304443,0.43996942043304443
1383,138.3,139.3,0.5137055516242981,0.5137055516242981
1384,138.4,139.4,0.2912639379501343,0.2912639379501343
1385,138.5,139.5,0.3653162717819214,0.3653162717819214
1386,138.6,139.6,0.3827590048313141,0.3827590048313141
1387,138.7,139.7,0.42818257212638855,0.42818257212638855
1388,138.8,139.8,0.3148725926876068,0.3148725926876068
1389,138.9,139.9,0.44511696696281433,0.44511696696281433
1390,139.0,140.0,0.5480141043663025,0.5480141043663025
1391,139.1,140.1,0.6378757953643799,0.6378757953643799
1392,139.2,140.2,0.6956570744514465,0.6956570744514465
1393,139.3,140.3,0.7637670040130615,0.7637670040130615
1394,139.4,140.4,0.6916031837463379,0.6916031837463379
1395,139.5,140.5,0.47619935870170593,0.47619935870170593
1396,139.6,140.6,0.29781022667884827,0.29781022667884827
1397,139.7,140.7,0.3207038342952728,0.3207038342952728
1398,139.8,140.8,0.3239038586616516,0.3239038586616516
1399,139.9,140.9,0.48530149459838867,0.48530149459838867
1400,140.0,141.0,0.4015374183654785,0.4015374183654785
1401,140.1,141.1,0.39034032821655273,0.39034032821655273
1402,140.2,141.2,0.5509477257728577,0.5509477257728577
1403,140.3,141.3,0.5726961493492126,0.5726961493492126
1404,140.4,141.4,0.56782466173172,0.56782466173172
1405,140.5,141.5,0.664853572845459,0.664853572845459
1406,140.6,141.6,0.4833950996398926,0.4833950996398926
1407,140.7,141.7,0.40086284279823303,0.40086284279823303
1408,140.8,141.8,0.27645301818847656,0.27645301818847656
1409,140.9,141.9,0.38648125529289246,0.38648125529289246
1410,141.0,142.0,0.47373679280281067,0.47373679280281067
1411,141.1,142.1,0.3935640752315521,0.3935640752315521
1412,141.2,142.2,0.34978175163269043,0.34978175163269043
1413,141.3,142.3,0.4290260672569275,0.4290260672569275
1414,141.4,142.4,0.45251381397247314,0.45251381397247314
1415,141.5,142.5,0.47151678800582886,0.47151678800582886
1416,141.6,142.6,0.23790720105171204,0.23790720105171204
1417,141.7,142.7,0.31741562485694885,0.31741562485694885
1418,141.8,142.8,0.46230053901672363,0.46230053901672363
1419,141.9,142.9,0.3492274880409241,0.3492274880409241
1420,142.0,143.0,0.3163171708583832,0.3163171708583832
1421,142.1,143.1,0.3038933277130127,0.3038933277130127
1422,142.2,143.2,0.2751770317554474,0.2751770317554474
1423,142.3,143.3,0.4708453416824341,0.4708453416824341
1424,142.4,143.4,0.36569347977638245,0.36569347977638245
1425,142.5,143.5,0.41623520851135254,0.41623520851135254
1426,142.6,143.6,0.5866377949714661,0.5866377949714661
1427,142.7,143.7,0.6856120824813843,0.6856120824813843
1428,142.8,143.8,0.6286972761154175,0.6286972761154175
1429,142.9,143.9,0.5614953637123108,0.5614953637123108
1430,143.0,144.0,0.6145726442337036,0.6145726442337036
1431,143.1,144.1,0.4347459375858307,0.4347459375858307
1432,143.2,144.2,0.49373385310173035,0.49373385310173035
1433,143.3,144.3,0.3707515597343445,0.3707515597343445
1434,143.4,144.4,0.4907301068305969,0.4907301068305969
1435,143.5,144.5,0.36919260025024414,0.36919260025024414
1436,143.6,144.6,0.3594569265842438,0.3594569265842438
1437,143.7,144.7,0.31234490871429443,0.31234490871429443
1438,143.8,144.8,0.7234500050544739,0.7234500050544739
1439,143.9,144.9,0.41329070925712585,0.41329070925712585
1440,144.0,145.0,0.34851548075675964,0.34851548075675964
1441,144.1,145.1,0.5147439241409302,0.5147439241409302
1442,144.2,145.2,0.4032841920852661,0.4032841920852661
1443,144.3,145.3,0.5315980911254883,0.5315980911254883
1444,144.4,145.4,0.6952661871910095,0.6952661871910095
1445,144.5,145.5,0.8543578386306763,0.8543578386306763
1446,144.6,145.6,0.5945143103599548,0.5945143103599548
1447,144.7,145.7,0.5608736276626587,0.5608736276626587
1448,144.8,145.8,0.4909776747226715,0.4909776747226715
1449,144.9,145.9,0.4932016432285309,0.4932016432285309
1450,145.0,146.0,0.5281323790550232,0.5281323790550232
1451,145.1,146.1,0.5805283784866333,0.5805283784866333
1452,145.2,146.2,0.6696670651435852,0.6696670651435852
1453,145.3,146.3,0.6294599175453186,0.6294599175453186
1454,145.4,146.4,0.565041720867157,0.565041720867157
1455,145.5,146.5,0.5580443143844604,0.5580443143844604
1456,145.6,146.6,0.377048134803772,0.377048134803772
1457,145.7,146.7,0.41007697582244873,0.41007697582244873
1458,145.8,146.8,0.2556914687156677,0.2556914687156677
1459,145.9,146.9,0.24164330959320068,0.24164330959320068
1460,146.0,147.0,0.23067781329154968,0.23067781329154968
1461,146.1,147.1,0.43600624799728394,0.43600624799728394
1462,146.2,147.2,0.17690196633338928,0.17690196633338928
1463,146.3,147.3,0.3103480935096741,0.3103480935096741
1464,146.4,147.4,0.3989177942276001,0.3989177942276001
1465,146.5,147.5,0.38141557574272156,0.38141557574272156
1466,146.6,147.6,0.3799370527267456,0.3799370527267456
1467,146.7,147.7,0.449008047580719,0.449008047580719
1468,146.8,147.8,0.3630825877189636,0.3630825877189636
1469,146.9,147.9,0.3499577045440674,0.3499577045440674
1470,147.0,148.0,0.24277251958847046,0.24277251958847046
1471,147.1,148.1,0.2174544632434845,0.2174544632434845
1472,147.2,148.2,0.23545582592487335,0.23545582592487335
1473,147.3,148.3,0.31271103024482727,0.31271103024482727
1474,147.4,148.4,0.2896198630332947,0.2896198630332947
1475,147.5,148.5,0.20452342927455902,0.20452342927455902
1476,147.6,148.6,0.21495553851127625,0.21495553851127625
1477,147.7,148.7,0.3931678831577301,0.3931678831577301
1478,147.8,148.8,0.2089093178510666,0.2089093178510666
1479,147.9,148.9,0.4695468544960022,0.4695468544960022
1480,148.0,149.0,0.3607269525527954,0.3607269525527954
1481,148.1,149.1,0.686245322227478,0.686245322227478
1482,148.2,149.2,0.6436599493026733,0.6436599493026733
1483,148.3,149.3,0.6446219086647034,0.6446219086647034
1484,148.4,149.4,0.7783656120300293,0.7783656120300293
1485,148.5,149.5,0.6620811223983765,0.6620811223983765
1486,148.6,149.6,0.6225318908691406,0.6225318908691406
1487,148.7,149.7,0.563440203666687,0.563440203666687
1488,148.8,149.8,0.5455666780471802,0.5455666780471802
1489,148.9,149.9,0.36064568161964417,0.36064568161964417
1490,149.0,150.0,0.23125360906124115,0.23125360906124115
1491,149.1,150.1,0.2890442907810211,0.2890442907810211
1492,149.2,150.2,0.5045719146728516,0.5045719146728516
1493,149.3,150.3,0.5197874903678894,0.5197874903678894
1494,149.4,150.4,0.5249544382095337,0.5249544382095337
1495,149.5,150.5,0.5504546165466309,0.5504546165466309
1496,149.6,150.6,0.34308114647865295,0.34308114647865295
1497,149.7,150.7,0.39747896790504456,0.39747896790504456
1498,149.8,150.8,0.3716434836387634,0.3716434836387634
1499,149.9,150.9,0.22548402845859528,0.22548402845859528
1500,150.0,151.0,0.45514100790023804,0.45514100790023804
1501,150.1,151.1,0.2991318106651306,0.2991318106651306
1502,150.2,151.2,0.3504173159599304,0.3504173159599304
1503,150.3,151.3,0.28407594561576843,0.28407594561576843
1504,150.4,151.4,0.25875577330589294,0.25875577330589294
1505,150.5,151.5,0.4440404176712036,0.4440404176712036
1506,150.6,151.6,0.26616060733795166,0.26616060733795166
1507,150.7,151.7,0.21207764744758606,0.21207764744758606
1508,150.8,151.8,0.2968708872795105,0.2968708872795105
1509,150.9,151.9,0.28812143206596375,0.28812143206596375
1510,151.0,152.0,0.25415053963661194,0.25415053963661194
1511,151.1,152.1,0.43612140417099,0.43612140417099
1512,151.2,152.2,0.38577619194984436,0.38577619194984436
1513,151.3,152.3,0.48915213346481323,0.48915213346481323
1514,151.4,152.4,0.47916245460510254,0.47916245460510254
1515,151.5,152.5,0.544159471988678,0.544159471988678
1516,151.6,152.6,0.8223235607147217,0.8223235607147217
1517,151.7,152.7,0.8111346960067749,0.8111346960067749
1518,151.8,152.8,0.7836233377456665,0.7836233377456665
1519,151.9,152.9,0.7524688243865967,0.7524688243865967
1520,152.0,153.0,0.7682611346244812,0.7682611346244812
1521,152.1,153.1,0.7466535568237305,0.7466535568237305
1522,152.2,153.2,0.7385715246200562,0.7385715246200562
1523,152.3,153.3,0.742976188659668,0.742976188659668
1524,152.4,153.4,0.7782862186431885,0.7782862186431885
1525,152.5,153.5,0.7155461311340332,0.7155461311340332
1526,152.6,153.6,0.5998837351799011,0.5998837351799011
1527,152.7,153.7,0.5483883023262024,0.5483883023262024
1528,152.8,153.8,0.4918800890445709,0.4918800890445709
1529,152.9,153.9,0.5666370391845703,0.5666370391845703
1530,153.0,154.0,0.46117424964904785,0.46117424964904785
1531,153.1,154.1,0.5904350876808167,0.5904350876808167
1532,153.2,154.2,0.5582191944122314,0.5582191944122314
1533,153.3,154.3,0.47730186581611633,0.47730186581611633
1534,153.4,154.4,0.47664234042167664,0.47664234042167664
1535,153.5,154.5,0.6005041599273682,0.6005041599273682
1536,153.6,154.6,0.5549842119216919,0.5549842119216919
1537,153.7,154.7,0.5607787370681763,0.5607787370681763
1538,153.8,154.8,0.30037161707878113,0.30037161707878113
1539,153.9,154.9,0.4310632348060608,0.4310632348060608
1540,154.0,155.0,0.6369929909706116,0.6369929909706116
1541,154.1,155.1,0.5612235069274902,0.5612235069274902
1542,154.2,155.2,0.9747616648674011,0.9747616648674011
1543,154.3,155.3,0.936759889125824,0.936759889125824
1544,154.4,155.4,0.9621098637580872,0.9621098637580872
1545,154.5,155.5,0.91560959815979,0.91560959815979
1546,154.6,155.6,0.7821905016899109,0.7821905016899109
1547,154.7,155.7,0.8767158389091492,0.8767158389091492
1548,154.8,155.8,0.9793326258659363,0.9793326258659363
1549,154.9,155.9,0.878902792930603,0.878902792930603
1550,155.0,156.0,0.9507234692573547,0.9507234692573547
1551,155.1,156.1,0.6486128568649292,0.6486128568649292
1552,155.2,156.2,0.8375368118286133,0.8375368118286133
1553,155.3,156.3,0.9407365322113037,0.9407365322113037
1554,155.4,156.4,0.9859133362770081,0.9859133362770081
1555,155.5,156.5,0.9873802661895752,0.9873802661895752
1556,155.6,156.6,0.9612026810646057,0.9612026810646057
1557,155.7,156.7,0.9284694194793701,0.9284694194793701
1558,155.8,156.8,0.8185477256774902,0.8185477256774902
1559,155.9,156.9,0.9216780662536621,0.9216780662536621
1560,156.0,157.0,0.9246696829795837,0.9246696829795837
1561,156.1,157.1,0.8912336230278015,0.8912336230278015
1562,156.2,157.2,0.9134184122085571,0.9134184122085571
1563,156.3,157.3,0.891862690448761,0.891862690448761
1564,156.4,157.4,0.8284091949462891,0.8284091949462891
1565,156.5,157.5,0.896152913570404,0.896152913570404
1566,156.6,157.6,0.9494178295135498,0.9494178295135498
1567,156.7,157.7,0.9927560687065125,0.9927560687065125
1568,156.8,157.8,0.9584125280380249,0.9584125280380249
1569,156.9,157.9,0.9626289010047913,0.9626289010047913
1570,157.0,158.0,0.978689968585968,0.978689968585968
1571,157.1,158.1,0.9769569635391235,0.9769569635391235
1572,157.2,158.2,0.9770523309707642,0.9770523309707642
1573,157.3,158.3,0.9432286620140076,0.9432286620140076
1574,157.4,158.4,0.8131323456764221,0.8131323456764221
1575,157.5,158.5,0.8426855802536011,0.8426855802536011
1576,157.6,158.6,0.8223838210105896,0.8223838210105896
1577,157.7,158.7,0.7410262227058411,0.7410262227058411
1578,157.8,158.8,0.8355833292007446,0.8355833292007446
1579,157.9,158.9,0.9675503373146057,0.9675503373146057
1580,158.0,159.0,0.9414007067680359,0.9414007067680359
1581,158.1,159.1,0.9725324511528015,0.9725324511528015
1582,158.2,159.2,0.9575144648551941,0.9575144648551941
1583,158.3,159.3,0.95086270570755,0.95086270570755
1584,158.4,159.4,0.909294605255127,0.909294605255127
1585,158.5,159.5,0.9372338056564331,0.9372338056564331
1586,158.6,159.6,0.7980882525444031,0.7980882525444031
1587,158.7,159.7,0.8795595765113831,0.8795595765113831
1588,158.8,159.8,0.8908567428588867,0.8908567428588867
1589,158.9,159.9,0.9803506731987,0.9803506731987
1590,159.0,160.0,0.9174593687057495,0.9174593687057495
1591,159.1,160.1,0.9311399459838867,0.9311399459838867
1592,159.2,160.2,0.8639622926712036,0.8639622926712036
1593,159.3,160.3,0.8983354568481445,0.8983354568481445
1594,159.4,160.4,0.9129930138587952,0.9129930138587952
1595,159.5,160.5,0.8984968066215515,0.8984968066215515
1596,159.6,160.6,0.9011200666427612,0.9011200666427612
1597,159.7,160.7,0.7839125990867615,0.7839125990867615
1598,159.8,160.8,0.713515043258667,0.713515043258667
1599,159.9,160.9,0.9859844446182251,0.9859844446182251
1600,160.0,161.0,0.9330415725708008,0.9330415725708008
1601,160.1,161.1,0.7754495739936829,0.7754495739936829
1602,160.2,161.2,0.7875333428382874,0.7875333428382874
1603,160.3,161.3,0.8813257813453674,0.8813257813453674
1604,160.4,161.4,0.7409951686859131,0.7409951686859131
1605,160.5,161.5,0.8926453590393066,0.8926453590393066
1606,160.6,161.6,0.8823761343955994,0.8823761343955994
1607,160.7,161.7,0.8938552141189575,0.8938552141189575
1608,160.8,161.8,0.927393913269043,0.927393913269043
1609,160.9,161.9,0.8968793749809265,0.8968793749809265
1610,161.0,162.0,0.9222198724746704,0.9222198724746704
1611,161.1,162.1,0.9797213077545166,0.9797213077545166
1612,161.2,162.2,0.8939169645309448,0.8939169645309448
1613,161.3,162.3,0.7892706990242004,0.7892706990242004
1614,161.4,162.4,0.889073371887207,0.889073371887207
1615,161.5,162.5,0.40631213784217834,0.40631213784217834
1616,161.6,162.6,0.41588953137397766,0.41588953137397766
1617,161.7,162.7,0.4678898751735687,0.4678898751735687
1618,161.8,162.8,0.6287176012992859,0.6287176012992859
1619,161.9,162.9,0.8780242800712585,0.8780242800712585
1620,162.0,163.0,0.8664715886116028,0.8664715886116028
1621,162.1,163.1,0.8073422908782959,0.8073422908782959
1622,162.2,163.2,0.5625314116477966,0.5625314116477966
1623,162.3,163.3,0.4041377007961273,0.4041377007961273
1624,162.4,163.4,0.32432761788368225,0.32432761788368225
1625,162.5,163.5,0.5444508790969849,0.5444508790969849
1626,162.6,163.6,0.5055362582206726,0.5055362582206726
1627,162.7,163.7,0.03571556508541107,0.03571556508541107
1628,162.8,163.8,0.26440563797950745,0.26440563797950745
1629,162.9,163.9,0.19731007516384125,0.19731007516384125
1630,163.0,164.0,0.260788232088089,0.260788232088089
1631,163.1,164.1,0.30898332595825195,0.30898332595825195
1632,163.2,164.2,0.5071139335632324,0.5071139335632324
1633,163.3,164.3,0.399741530418396,0.399741530418396
1634,163.4,164.4,0.5635442733764648,0.5635442733764648
1635,163.5,164.5,0.6560102701187134,0.6560102701187134
1636,163.6,164.6,0.6651211977005005,0.6651211977005005
1637,163.7,164.7,0.6526694893836975,0.6526694893836975
1638,163.8,164.8,0.5899491906166077,0.5899491906166077
1639,163.9,164.9,0.6516174077987671,0.6516174077987671
1640,164.0,165.0,0.35955342650413513,0.35955342650413513
1641,164.1,165.1,0.4202553331851959,0.4202553331851959
1642,164.2,165.2,0.36106380820274353,0.36106380820274353
1643,164.3,165.3,0.3181435465812683,0.3181435465812683
1644,164.4,165.4,0.30285677313804626,0.30285677313804626
1645,164.5,165.5,0.28178665041923523,0.28178665041923523
1646,164.6,165.6,0.2684020698070526,0.2684020698070526
1647,164.7,165.7,0.2633817493915558,0.2633817493915558
1648,164.8,165.8,0.25146377086639404,0.25146377086639404
1649,164.9,165.9,0.4068792760372162,0.4068792760372162
1650,165.0,166.0,0.40968865156173706,0.40968865156173706
1651,165.1,166.1,0.5287284851074219,0.5287284851074219
1652,165.2,166.2,0.5894671678543091,0.5894671678543091
1653,165.3,166.3,0.6327204704284668,0.6327204704284668
1654,165.4,166.4,0.5755495429039001,0.5755495429039001
1655,165.5,166.5,0.54618239402771,0.54618239402771
1656,165.6,166.6,0.5694640874862671,0.5694640874862671
1657,165.7,166.7,0.4423743784427643,0.4423743784427643
1658,165.8,166.8,0.3179813623428345,0.3179813623428345
1659,165.9,166.9,0.28075700998306274,0.28075700998306274
1660,166.0,167.0,0.41734009981155396,0.41734009981155396
1661,166.1,167.1,0.3449677526950836,0.3449677526950836
1662,166.2,167.2,0.3183724284172058,0.3183724284172058
1663,166.3,167.3,0.37493565678596497,0.37493565678596497
1664,166.4,167.4,0.22858794033527374,0.22858794033527374
1665,166.5,167.5,0.5044062733650208,0.5044062733650208
1666,166.6,167.6,0.32324692606925964,0.32324692606925964
1667,166.7,167.7,0.4015845060348511,0.4015845060348511
1668,166.8,167.8,0.25969597697257996,0.25969597697257996
1669,166.9,167.9,0.4180639982223511,0.4180639982223511
1670,167.0,168.0,0.4684600234031677,0.4684600234031677
1671,167.1,168.1,0.49157705903053284,0.49157705903053284
1672,167.2,168.2,0.4096434712409973,0.4096434712409973
1673,167.3,168.3,0.4031640887260437,0.4031640887260437
1674,167.4,168.4,0.6231659054756165,0.6231659054756165
1675,167.5,168.5,0.4848780930042267,0.4848780930042267
1676,167.6,168.6,0.4613957703113556,0.4613957703113556
1677,167.7,168.7,0.4449056088924408,0.4449056088924408
1678,167.8,168.8,0.34948500990867615,0.34948500990867615
1679,167.9,168.9,0.5529492497444153,0.5529492497444153
1680,168.0,169.0,0.5027287602424622,0.5027287602424622
1681,168.1,169.1,0.3274754583835602,0.3274754583835602
1682,168.2,169.2,0.29107391834259033,0.29107391834259033
1683,168.3,169.3,0.30282434821128845,0.30282434821128845
1684,168.4,169.4,0.5543155074119568,0.5543155074119568
1685,168.5,169.5,0.4790356457233429,0.4790356457233429
1686,168.6,169.6,0.3869418799877167,0.3869418799877167
1687,168.7,169.7,0.6052205562591553,0.6052205562591553
1688,168.8,169.8,0.722465991973877,0.722465991973877
1689,168.9,169.9,0.5018349289894104,0.5018349289894104
1690,169.0,170.0,0.6867982149124146,0.6867982149124146
1691,169.1,170.1,0.5331279039382935,0.5331279039382935
1692,169.2,170.2,0.5039644837379456,0.5039644837379456
1693,169.3,170.3,0.432510644197464,0.432510644197464
1694,169.4,170.4,0.5911116600036621,0.5911116600036621
1695,169.5,170.5,0.5103618502616882,0.5103618502616882
1696,169.6,170.6,0.6672600507736206,0.6672600507736206
1697,169.7,170.7,0.4770931005477905,0.4770931005477905
1698,169.8,170.8,0.46549510955810547,0.46549510955810547
1699,169.9,170.9,0.402193158864975,0.402193158864975
1700,170.0,171.0,0.4006875455379486,0.4006875455379486
1701,170.1,171.1,0.47061973810195923,0.47061973810195923
1702,170.2,171.2,0.39937737584114075,0.39937737584114075
1703,170.3,171.3,0.43473872542381287,0.43473872542381287
1704,170.4,171.4,0.4873712360858917,0.4873712360858917
1705,170.5,171.5,0.4220070540904999,0.4220070540904999
1706,170.6,171.6,0.5680379271507263,0.5680379271507263
1707,170.7,171.7,0.4155377447605133,0.4155377447605133
1708,170.8,171.8,0.319583922624588,0.319583922624588
1709,170.9,171.9,0.31257548928260803,0.31257548928260803
1710,171.0,172.0,0.39484965801239014,0.39484965801239014
1711,171.1,172.1,0.4186408221721649,0.4186408221721649
1712,171.2,172.2,0.6553686261177063,0.6553686261177063
1713,171.3,172.3,0.6298259496688843,0.6298259496688843
1714,171.4,172.4,0.6296464204788208,0.6296464204788208
1715,171.5,172.5,0.6463702321052551,0.6463702321052551
1716,171.6,172.6,0.7504052519798279,0.7504052519798279
1717,171.7,172.7,0.5801423788070679,0.5801423788070679
1718,171.8,172.8,0.5684861540794373,0.5684861540794373
1719,171.9,172.9,0.5515525341033936,0.5515525341033936
1720,172.0,173.0,0.5304718613624573,0.5304718613624573
1721,172.1,173.1,0.513647198677063,0.513647198677063
1722,172.2,173.2,0.3717789053916931,0.3717789053916931
1723,172.3,173.3,0.36516904830932617,0.36516904830932617
1724,172.4,173.4,0.3711410462856293,0.3711410462856293
1725,172.5,173.5,0.46627190709114075,0.46627190709114075
1726,172.6,173.6,0.6180203557014465,0.6180203557014465
1727,172.7,173.7,0.5700253844261169,0.5700253844261169
1728,172.8,173.8,0.5203480124473572,0.5203480124473572
1729,172.9,173.9,0.4536926746368408,0.4536926746368408
1730,173.0,174.0,0.4766029119491577,0.4766029119491577
1731,173.1,174.1,0.141599640250206,0.141599640250206
1732,173.2,174.2,0.258528470993042,0.258528470993042
1733,173.3,174.3,0.2857836186885834,0.2857836186885834
1734,173.4,174.4,0.49401789903640747,0.49401789903640747
1735,173.5,174.5,0.3957100510597229,0.3957100510597229
1736,173.6,174.6,0.4884038269519806,0.4884038269519806
1737,173.7,174.7,0.48897865414619446,0.48897865414619446
1738,173.8,174.8,0.34571394324302673,0.34571394324302673
1739,173.9,174.9,0.3154381811618805,0.3154381811618805
1740,174.0,175.0,0.4575546383857727,0.4575546383857727
1741,174.1,175.1,0.48308876156806946,0.48308876156806946
1742,174.2,175.2,0.5455949902534485,0.5455949902534485
1743,174.3,175.3,0.5012786388397217,0.5012786388397217
1744,174.4,175.4,0.6067648530006409,0.6067648530006409
1745,174.5,175.5,0.45332613587379456,0.45332613587379456
1746,174.6,175.6,0.5732187628746033,0.5732187628746033
1747,174.7,175.7,0.5202159881591797,0.5202159881591797
1748,174.8,175.8,0.35001805424690247,0.35001805424690247
1749,174.9,175.9,0.338270902633667,0.338270902633667
1750,175.0,176.0,0.41356658935546875,0.41356658935546875
1751,175.1,176.1,0.5821540951728821,0.5821540951728821
1752,175.2,176.2,0.5723697543144226,0.5723697543144226
1753,175.3,176.3,0.6076261401176453,0.6076261401176453
1754,175.4,176.4,0.4208388328552246,0.4208388328552246
1755,175.5,176.5,0.3635322153568268,0.3635322153568268
1756,175.6,176.6,0.5931306481361389,0.5931306481361389
1757,175.7,176.7,0.4491296410560608,0.4491296410560608
1758,175.8,176.8,0.4028278589248657,0.4028278589248657
1759,175.9,176.9,0.438210129737854,0.438210129737854
1760,176.0,177.0,0.3364185094833374,0.3364185094833374
1761,176.1,177.1,0.23916243016719818,0.23916243016719818
1762,176.2,177.2,0.5267341732978821,0.5267341732978821
1763,176.3,177.3,0.42305803298950195,0.42305803298950195
1764,176.4,177.4,0.28124433755874634,0.28124433755874634
1765,176.5,177.5,0.5787160992622375,0.5787160992622375
1766,176.6,177.6,0.5525417923927307,0.5525417923927307
1767,176.7,177.7,0.3062203526496887,0.3062203526496887
1768,176.8,177.8,0.34626346826553345,0.34626346826553345
1769,176.9,177.9,0.41230446100234985,0.41230446100234985
1770,177.0,178.0,0.4610488712787628,0.4610488712787628
1771,177.1,178.1,0.5147429704666138,0.5147429704666138
1772,177.2,178.2,0.5748743414878845,0.5748743414878845
1773,177.3,178.3,0.5470911860466003,0.5470911860466003
1774,177.4,178.4,0.42606210708618164,0.42606210708618164
1775,177.5,178.5,0.5437660813331604,0.5437660813331604
1776,177.6,178.6,0.47202378511428833,0.47202378511428833
1777,177.7,178.7,0.49251124262809753,0.49251124262809753
1778,177.8,178.8,0.4785621464252472,0.4785621464252472
1779,177.9,178.9,0.4522596299648285,0.4522596299648285
1780,178.0,179.0,0.47102048993110657,0.47102048993110657
1781,178.1,179.1,0.5432529449462891,0.5432529449462891
1782,178.2,179.2,0.4376780688762665,0.4376780688762665
1783,178.3,179.3,0.34100762009620667,0.34100762009620667
1784,178.4,179.4,0.33559975028038025,0.33559975028038025
1785,178.5,179.5,0.3390258848667145,0.3390258848667145
1786,178.6,179.6,0.3583917021751404,0.3583917021751404
1787,178.7,179.7,0.48816579580307007,0.48816579580307007
1788,178.8,179.8,0.4693898558616638,0.4693898558616638
1789,178.9,179.9,0.569561779499054,0.569561779499054
1790,179.0,180.0,0.47570908069610596,0.47570908069610596
1791,179.1,180.1,0.5668061375617981,0.5668061375617981
1792,179.2,180.2,0.49651390314102173,0.49651390314102173
1793,179.3,180.3,0.601284921169281,0.601284921169281
1794,179.4,180.4,0.572053074836731,0.572053074836731
1795,179.5,180.5,0.47527822852134705,0.47527822852134705
1796,179.6,180.6,0.5714918971061707,0.5714918971061707
1797,179.7,180.7,0.6465238332748413,0.6465238332748413
1798,179.8,180.8,0.512130856513977,0.512130856513977
1799,179.9,180.9,0.6432530879974365,0.6432530879974365
1800,180.0,181.0,0.6160277724266052,0.6160277724266052
1801,180.1,181.1,0.40682452917099,0.40682452917099
1802,180.2,181.2,0.3609772026538849,0.3609772026538849
1803,180.3,181.3,0.3391079306602478,0.3391079306602478
1804,180.4,181.4,0.35126256942749023,0.35126256942749023
1805,180.5,181.5,0.3789661228656769,0.3789661228656769
1806,180.6,181.6,0.6012387275695801,0.6012387275695801
1807,180.7,181.7,0.287773072719574,0.287773072719574
1808,180.8,181.8,0.2809162735939026,0.2809162735939026
1809,180.9,181.9,0.3830837607383728,0.3830837607383728
1810,181.0,182.0,0.437579870223999,0.437579870223999
1811,181.1,182.1,0.3084560036659241,0.3084560036659241
1812,181.2,182.2,0.2347916066646576,0.2347916066646576
1813,181.3,182.3,0.33898070454597473,0.33898070454597473
1814,181.4,182.4,0.37537339329719543,0.37537339329719543
1815,181.5,182.5,0.3567550778388977,0.3567550778388977
1816,181.6,182.6,0.32274556159973145,0.32274556159973145
1817,181.7,182.7,0.5025869607925415,0.5025869607925415
1818,181.8,182.8,0.5168643593788147,0.5168643593788147
1819,181.9,182.9,0.40016672015190125,0.40016672015190125
1820,182.0,183.0,0.4448697865009308,0.4448697865009308
1821,182.1,183.1,0.4007296860218048,0.4007296860218048
1822,182.2,183.2,0.3627869784832001,0.3627869784832001
1823,182.3,183.3,0.5421931743621826,0.5421931743621826
1824,182.4,183.4,0.6012983918190002,0.6012983918190002
1825,182.5,183.5,0.5444607734680176,0.5444607734680176
1826,182.6,183.6,0.44400253891944885,0.44400253891944885
1827,182.7,183.7,0.4996664524078369,0.4996664524078369
1828,182.8,183.8,0.4650683104991913,0.4650683104991913
1829,182.9,183.9,0.4703969359397888,0.4703969359397888
1830,183.0,184.0,0.21474416553974152,0.21474416553974152
1831,183.1,184.1,0.29011109471321106,0.29011109471321106
1832,183.2,184.2,0.3686739206314087,0.3686739206314087
1833,183.3,184.3,0.26779797673225403,0.26779797673225403
1834,183.4,184.4,0.28471896052360535,0.28471896052360535
1835,183.5,184.5,0.26117321848869324,0.26117321848869324
1836,183.6,184.6,0.3159075081348419,0.3159075081348419
1837,183.7,184.7,0.48354867100715637,0.48354867100715637
1838,183.8,184.8,0.5669149160385132,0.5669149160385132
1839,183.9,184.9,0.5627200603485107,0.5627200603485107
1840,184.0,185.0,0.47498559951782227,0.47498559951782227
1841,184.1,185.1,0.5623050332069397,0.5623050332069397
1842,184.2,185.2,0.5863287448883057,0.5863287448883057
1843,184.3,185.3,0.5287949442863464,0.5287949442863464
1844,184.4,185.4,0.5295899510383606,0.5295899510383606
1845,184.5,185.5,0.5479727387428284,0.5479727387428284
1846,184.6,185.6,0.4916926920413971,0.4916926920413971
1847,184.7,185.7,0.5682654976844788,0.5682654976844788
1848,184.8,185.8,0.5529404878616333,0.5529404878616333
1849,184.9,185.9,0.534286618232727,0.534286618232727
1850,185.0,186.0,0.42088785767555237,0.42088785767555237
1851,185.1,186.1,0.25161007046699524,0.25161007046699524
1852,185.2,186.2,0.28748607635498047,0.28748607635498047
1853,185.3,186.3,0.4324096441268921,0.4324096441268921
1854,185.4,186.4,0.4280814528465271,0.4280814528465271
1855,185.5,186.5,0.6139322519302368,0.6139322519302368
1856,185.6,186.6,0.41487905383110046,0.41487905383110046
1857,185.7,186.7,0.383182555437088,0.383182555437088
1858,185.8,186.8,0.4296855032444,0.4296855032444
1859,185.9,186.9,0.2115393429994583,0.2115393429994583
1860,186.0,187.0,0.2787286043167114,0.2787286043167114
1861,186.1,187.1,0.2021232396364212,0.2021232396364212
1862,186.2,187.2,0.32956117391586304,0.32956117391586304
1863,186.3,187.3,0.33295413851737976,0.33295413851737976
1864,186.4,187.4,0.511897087097168,0.511897087097168
1865,186.5,187.5,0.49658966064453125,0.49658966064453125
1866,186.6,187.6,0.4724772572517395,0.4724772572517395
1867,186.7,187.7,0.6325923204421997,0.6325923204421997
1868,186.8,187.8,0.3017429709434509,0.3017429709434509
1869,186.9,187.9,0.40476855635643005,0.40476855635643005
1870,187.0,188.0,0.24212218821048737,0.24212218821048737
1871,187.1,188.1,0.4041450619697571,0.4041450619697571
1872,187.2,188.2,0.2789114713668823,0.2789114713668823
1873,187.3,188.3,0.29667776823043823,0.29667776823043823
1874,187.4,188.4,0.6003156304359436,0.6003156304359436
1875,187.5,188.5,0.3571314513683319,0.3571314513683319
1876,187.6,188.6,0.4746527373790741,0.4746527373790741
1877,187.7,188.7,0.3828797936439514,0.3828797936439514
1878,187.8,188.8,0.46148681640625,0.46148681640625
1879,187.9,188.9,0.41410577297210693,0.41410577297210693
1880,188.0,189.0,0.5075091123580933,0.5075091123580933
1881,188.1,189.1,0.4330107271671295,0.4330107271671295
1882,188.2,189.2,0.4349023103713989,0.4349023103713989
1883,188.3,189.3,0.3447476625442505,0.3447476625442505
1884,188.4,189.4,0.4132051169872284,0.4132051169872284
1885,188.5,189.5,0.499564528465271,0.499564528465271
1886,188.6,189.6,0.46256136894226074,0.46256136894226074
1887,188.7,189.7,0.361351877450943,0.361351877450943
1888,188.8,189.8,0.4922630488872528,0.4922630488872528
1889,188.9,189.9,0.4091314971446991,0.4091314971446991
1890,189.0,190.0,0.4334740936756134,0.4334740936756134
1891,189.1,190.1,0.36323967576026917,0.36323967576026917
1892,189.2,190.2,0.5460565686225891,0.5460565686225891
1893,189.3,190.3,0.42065203189849854,0.42065203189849854
1894,189.4,190.4,0.5365311503410339,0.5365311503410339
1895,189.5,190.5,0.5216871500015259,0.5216871500015259
1896,189.6,190.6,0.30782124400138855,0.30782124400138855
1897,189.7,190.7,0.41953572630882263,0.41953572630882263
1898,189.8,190.8,0.30556097626686096,0.30556097626686096
1899,189.9,190.9,0.2853536605834961,0.2853536605834961
1900,190.0,191.0,0.4187045395374298,0.4187045395374298
1901,190.1,191.1,0.48679119348526,0.48679119348526
1902,190.2,191.2,0.6203240752220154,0.6203240752220154
1903,190.3,191.3,0.4506556987762451,0.4506556987762451
1904,190.4,191.4,0.4941311478614807,0.4941311478614807
1905,190.5,191.5,0.42053887248039246,0.42053887248039246
1906,190.6,191.6,0.37043556571006775,0.37043556571006775
1907,190.7,191.7,0.47185274958610535,0.47185274958610535
1908,190.8,191.8,0.5806558132171631,0.5806558132171631
1909,190.9,191.9,0.31134316325187683,0.31134316325187683
1910,191.0,192.0,0.5609539747238159,0.5609539747238159
1911,191.1,192.1,0.422497421503067,0.422497421503067
1912,191.2,192.2,0.3010486960411072,0.3010486960411072
1913,191.3,192.3,0.28789493441581726,0.28789493441581726
1914,191.4,192.4,0.35485440492630005,0.35485440492630005
1915,191.5,192.5,0.4458106458187103,0.4458106458187103
1916,191.6,192.6,0.640587568283081,0.640587568283081
1917,191.7,192.7,0.518970787525177,0.518970787525177
1918,191.8,192.8,0.6392080187797546,0.6392080187797546
1919,191.9,192.9,0.4544958174228668,0.4544958174228668
1920,192.0,193.0,0.48643651604652405,0.48643651604652405
1921,192.1,193.1,0.4588223695755005,0.4588223695755005
1922,192.2,193.2,0.5247507691383362,0.5247507691383362
1923,192.3,193.3,0.40054890513420105,0.40054890513420105
1924,192.4,193.4,0.6228196024894714,0.6228196024894714
1925,192.5,193.5,0.5825884938240051,0.5825884938240051
1926,192.6,193.6,0.42648980021476746,0.42648980021476746
1927,192.7,193.7,0.4374191164970398,0.4374191164970398
1928,192.8,193.8,0.5296023488044739,0.5296023488044739
1929,192.9,193.9,0.5116661190986633,0.5116661190986633
1930,193.0,194.0,0.5864177942276001,0.5864177942276001
1931,193.1,194.1,0.5384537577629089,0.5384537577629089
1932,193.2,194.2,0.5826733112335205,0.5826733112335205
1933,193.3,194.3,0.6682507395744324,0.6682507395744324
1934,193.4,194.4,0.5174964070320129,0.5174964070320129
1935,193.5,194.5,0.5861268043518066,0.5861268043518066
1936,193.6,194.6,0.5145953297615051,0.5145953297615051
1937,193.7,194.7,0.4446127116680145,0.4446127116680145
1938,193.8,194.8,0.4861030876636505,0.4861030876636505
1939,193.9,194.9,0.39480704069137573,0.39480704069137573
1940,194.0,195.0,0.4190937876701355,0.4190937876701355
1941,194.1,195.1,0.33368605375289917,0.33368605375289917
1942,194.2,195.2,0.25641581416130066,0.25641581416130066
1943,194.3,195.3,0.40385109186172485,0.40385109186172485
1944,194.4,195.4,0.6000723242759705,0.6000723242759705
1945,194.5,195.5,0.3966461420059204,0.3966461420059204
1946,194.6,195.6,0.48718246817588806,0.48718246817588806
1947,194.7,195.7,0.4279998540878296,0.4279998540878296
1948,194.8,195.8,0.440372109413147,0.440372109413147
1949,194.9,195.9,0.4015039801597595,0.4015039801597595
1950,195.0,196.0,0.33342841267585754,0.33342841267585754
1951,195.1,196.1,0.042322754859924316,0.042322754859924316
1952,195.2,196.2,0.3526725769042969,0.3526725769042969
1953,195.3,196.3,0.20275749266147614,0.20275749266147614
1954,195.4,196.4,0.20496425032615662,0.20496425032615662
1955,195.5,196.5,0.14070865511894226,0.14070865511894226
1956,195.6,196.6,0.45689529180526733,0.45689529180526733
1957,195.7,196.7,0.39312875270843506,0.39312875270843506
1958,195.8,196.8,0.4634133279323578,0.4634133279323578
1959,195.9,196.9,0.5721396207809448,0.5721396207809448
1960,196.0,197.0,0.6761732697486877,0.6761732697486877
1961,196.1,197.1,0.5149699449539185,0.5149699449539185
1962,196.2,197.2,0.38069018721580505,0.38069018721580505
1963,196.3,197.3,0.4423404335975647,0.4423404335975647
1964,196.4,197.4,0.2564360499382019,0.2564360499382019
1965,196.5,197.5,0.28370043635368347,0.28370043635368347
1966,196.6,197.6,0.37765541672706604,0.37765541672706604
1967,196.7,197.7,0.4330614507198334,0.4330614507198334
1968,196.8,197.8,0.3919490575790405,0.3919490575790405
1969,196.9,197.9,0.5076356530189514,0.5076356530189514
1970,197.0,198.0,0.508703351020813,0.508703351020813
1971,197.1,198.1,0.5582609176635742,0.5582609176635742
1972,197.2,198.2,0.5201873183250427,0.5201873183250427
1973,197.3,198.3,0.42225703597068787,0.42225703597068787
1974,197.4,198.4,0.5030950903892517,0.5030950903892517
1975,197.5,198.5,0.3343161344528198,0.3343161344528198
1976,197.6,198.6,0.3776630163192749,0.3776630163192749
1977,197.7,198.7,0.41722846031188965,0.41722846031188965
1978,197.8,198.8,0.2810455858707428,0.2810455858707428
1979,197.9,198.9,0.3659670352935791,0.3659670352935791
1980,198.0,199.0,0.5978098511695862,0.5978098511695862
1981,198.1,199.1,0.576076090335846,0.576076090335846
1982,198.2,199.2,0.4748362600803375,0.4748362600803375
1983,198.3,199.3,0.4148979187011719,0.4148979187011719
1984,198.4,199.4,0.40149417519569397,0.40149417519569397
1985,198.5,199.5,0.39753592014312744,0.39753592014312744
1986,198.6,199.6,0.1779921054840088,0.1779921054840088
1987,198.7,199.7,0.2031313180923462,0.2031313180923462
1988,198.8,199.8,0.30118387937545776,0.30118387937545776
1989,198.9,199.9,0.43530789017677307,0.43530789017677307
1990,199.0,200.0,0.345374196767807,0.345374196767807
1991,199.1,200.1,0.4221979081630707,0.4221979081630707
1992,199.2,200.2,0.3583300709724426,0.3583300709724426
1993,199.3,200.3,0.3724033534526825,0.3724033534526825
1994,199.4,200.4,0.2539011836051941,0.2539011836051941
1995,199.5,200.5,0.18555554747581482,0.18555554747581482
1996,199.6,200.6,0.1985093653202057,0.1985093653202057
1997,199.7,200.7,0.23385177552700043,0.23385177552700043
1998,199.8,200.8,0.2852332890033722,0.2852332890033722
1999,199.9,200.9,0.30252599716186523,0.30252599716186523
2000,200.0,201.0,0.3799201548099518,0.3799201548099518
2001,200.1,201.1,0.39212512969970703,0.39212512969970703
2002,200.2,201.2,0.4046339690685272,0.4046339690685272
2003,200.3,201.3,0.4769812822341919,0.4769812822341919
2004,200.4,201.4,0.5435444712638855,0.5435444712638855
2005,200.5,201.5,0.565764844417572,0.565764844417572
2006,200.6,201.6,0.46183285117149353,0.46183285117149353
2007,200.7,201.7,0.2543163299560547,0.2543163299560547
2008,200.8,201.8,0.4436390697956085,0.4436390697956085
2009,200.9,201.9,0.4068557322025299,0.4068557322025299
2010,201.0,202.0,0.33568498492240906,0.33568498492240906
2011,201.1,202.1,0.3438490331172943,0.3438490331172943
2012,201.2,202.2,0.35951417684555054,0.35951417684555054
2013,201.3,202.3,0.2626984715461731,0.2626984715461731
2014,201.4,202.4,0.3271692395210266,0.3271692395210266
2015,201.5,202.5,0.5214236974716187,0.5214236974716187
2016,201.6,202.6,0.5216189622879028,0.5216189622879028
2017,201.7,202.7,0.4444988965988159,0.4444988965988159
2018,201.8,202.8,0.5228686928749084,0.5228686928749084
2019,201.9,202.9,0.4609117805957794,0.4609117805957794
2020,202.0,203.0,0.44641730189323425,0.44641730189323425
2021,202.1,203.1,0.27345991134643555,0.27345991134643555
2022,202.2,203.2,0.2842959761619568,0.2842959761619568
2023,202.3,203.3,0.2993471026420593,0.2993471026420593
2024,202.4,203.4,0.37216803431510925,0.37216803431510925
2025,202.5,203.5,0.3272034525871277,0.3272034525871277
2026,202.6,203.6,0.22187559306621552,0.22187559306621552
2027,202.7,203.7,0.3149551451206207,0.3149551451206207
2028,202.8,203.8,0.4581121504306793,0.4581121504306793
2029,202.9,203.9,0.4563576877117157,0.4563576877117157
2030,203.0,204.0,0.3268144428730011,0.3268144428730011
2031,203.1,204.1,0.2302221953868866,0.2302221953868866
2032,203.2,204.2,0.248867928981781,0.248867928981781
2033,203.3,204.3,0.3377811014652252,0.3377811014652252
2034,203.4,204.4,0.3662434220314026,0.3662434220314026
2035,203.5,204.5,0.3994482755661011,0.3994482755661011
2036,203.6,204.6,0.39714816212654114,0.39714816212654114
2037,203.7,204.7,0.42341744899749756,0.42341744899749756
2038,203.8,204.8,0.5542116165161133,0.5542116165161133
2039,203.9,204.9,0.49574387073516846,0.49574387073516846
2040,204.0,205.0,0.5408289432525635,0.5408289432525635
2041,204.1,205.1,0.44842368364334106,0.44842368364334106
2042,204.2,205.2,0.5629991292953491,0.5629991292953491
2043,204.3,205.3,0.3408145606517792,0.3408145606517792
2044,204.4,205.4,0.5517697930335999,0.5517697930335999
2045,204.5,205.5,0.42085912823677063,0.42085912823677063
2046,204.6,205.6,0.40270310640335083,0.40270310640335083
2047,204.7,205.7,0.30217814445495605,0.30217814445495605
2048,204.8,205.8,0.24714551866054535,0.24714551866054535
2049,204.9,205.9,0.25012919306755066,0.25012919306755066
2050,205.0,206.0,0.34683600068092346,0.34683600068092346
2051,205.1,206.1,0.5631036162376404,0.5631036162376404
2052,205.2,206.2,0.4327453672885895,0.4327453672885895
2053,205.3,206.3,0.5052176713943481,0.5052176713943481
2054,205.4,206.4,0.47278279066085815,0.47278279066085815
2055,205.5,206.5,0.283374160528183,0.283374160528183
2056,205.6,206.6,0.40731608867645264,0.40731608867645264
2057,205.7,206.7,0.4561542570590973,0.4561542570590973
2058,205.8,206.8,0.379619300365448,0.379619300365448
2059,205.9,206.9,0.3352473974227905,0.3352473974227905
2060,206.0,207.0,0.30879488587379456,0.30879488587379456
2061,206.1,207.1,0.2548976540565491,0.2548976540565491
2062,206.2,207.2,0.3396075367927551,0.3396075367927551
2063,206.3,207.3,0.2237379103899002,0.2237379103899002
2064,206.4,207.4,0.26141995191574097,0.26141995191574097
2065,206.5,207.5,0.26419597864151,0.26419597864151
2066,206.6,207.6,0.5568947196006775,0.5568947196006775
2067,206.7,207.7,0.6051035523414612,0.6051035523414612
2068,206.8,207.8,0.40647584199905396,0.40647584199905396
2069,206.9,207.9,0.6729353070259094,0.6729353070259094
2070,207.0,208.0,0.5366726517677307,0.5366726517677307
2071,207.1,208.1,0.7199825048446655,0.7199825048446655
2072,207.2,208.2,0.6505204439163208,0.6505204439163208
2073,207.3,208.3,0.7325358390808105,0.7325358390808105
2074,207.4,208.4,0.6716569066047668,0.6716569066047668
2075,207.5,208.5,0.6031145453453064,0.6031145453453064
2076,207.6,208.6,0.7855603098869324,0.7855603098869324
2077,207.7,208.7,0.4836306571960449,0.4836306571960449
2078,207.8,208.8,0.6577180027961731,0.6577180027961731
2079,207.9,208.9,0.5582152009010315,0.5582152009010315
2080,208.0,209.0,0.4242812991142273,0.4242812991142273
2081,208.1,209.1,0.39478257298469543,0.39478257298469543
2082,208.2,209.2,0.3881523013114929,0.3881523013114929
2083,208.3,209.3,0.4069121778011322,0.4069121778011322
2084,208.4,209.4,0.48951491713523865,0.48951491713523865
2085,208.5,209.5,0.5430029630661011,0.5430029630661011
2086,208.6,209.6,0.537807285785675,0.537807285785675
2087,208.7,209.7,0.48819446563720703,0.48819446563720703
2088,208.8,209.8,0.4517649710178375,0.4517649710178375
2089,208.9,209.9,0.23951414227485657,0.23951414227485657
2090,209.0,210.0,0.3517630696296692,0.3517630696296692
2091,209.1,210.1,0.32916200160980225,0.32916200160980225
2092,209.2,210.2,0.28368571400642395,0.28368571400642395
2093,209.3,210.3,0.4973704516887665,0.4973704516887665
2094,209.4,210.4,0.3034701645374298,0.3034701645374298
2095,209.5,210.5,0.4606122374534607,0.4606122374534607
2096,209.6,210.6,0.29096856713294983,0.29096856713294983
2097,209.7,210.7,0.2976195514202118,0.2976195514202118
2098,209.8,210.8,0.3767390549182892,0.3767390549182892
2099,209.9,210.9,0.41407647728919983,0.41407647728919983
2100,210.0,211.0,0.27042853832244873,0.27042853832244873
2101,210.1,211.1,0.30974796414375305,0.30974796414375305
2102,210.2,211.2,0.3685419261455536,0.3685419261455536
2103,210.3,211.3,0.3799791634082794,0.3799791634082794
2104,210.4,211.4,0.3191681206226349,0.3191681206226349
2105,210.5,211.5,0.41074857115745544,0.41074857115745544
2106,210.6,211.6,0.3151276111602783,0.3151276111602783
2107,210.7,211.7,0.17960283160209656,0.17960283160209656
2108,210.8,211.8,0.20676809549331665,0.20676809549331665
2109,210.9,211.9,0.2471432089805603,0.2471432089805603
2110,211.0,212.0,0.33673691749572754,0.33673691749572754
2111,211.1,212.1,0.24909371137619019,0.24909371137619019
2112,211.2,212.2,0.27907609939575195,0.27907609939575195
2113,211.3,212.3,0.34811702370643616,0.34811702370643616
2114,211.4,212.4,0.6228659749031067,0.6228659749031067
2115,211.5,212.5,0.627230167388916,0.627230167388916
2116,211.6,212.6,0.49194157123565674,0.49194157123565674
2117,211.7,212.7,0.4289238452911377,0.4289238452911377
2118,211.8,212.8,0.4349563419818878,0.4349563419818878
2119,211.9,212.9,0.11790488660335541,0.11790488660335541
2120,212.0,213.0,0.16485077142715454,0.16485077142715454
2121,212.1,213.1,0.20728805661201477,0.20728805661201477
2122,212.2,213.2,0.11246480792760849,0.11246480792760849
2123,212.3,213.3,0.20303238928318024,0.20303238928318024
2124,212.4,213.4,0.23174646496772766,0.23174646496772766
2125,212.5,213.5,0.1988614797592163,0.1988614797592163
2126,212.6,213.6,0.24434038996696472,0.24434038996696472
2127,212.7,213.7,0.2413138449192047,0.2413138449192047
2128,212.8,213.8,0.12233966588973999,0.12233966588973999
2129,212.9,213.9,0.23431238532066345,0.23431238532066345
2130,213.0,214.0,0.2546482980251312,0.2546482980251312
2131,213.1,214.1,0.20597533881664276,0.20597533881664276
2132,213.2,214.2,0.24157927930355072,0.24157927930355072
2133,213.3,214.3,0.12743009626865387,0.12743009626865387
2134,213.4,214.4,0.16607731580734253,0.16607731580734253
2135,213.5,214.5,0.19988209009170532,0.19988209009170532
2136,213.6,214.6,0.1523086577653885,0.1523086577653885
2137,213.7,214.7,0.20087452232837677,0.20087452232837677
2138,213.8,214.8,0.18950197100639343,0.18950197100639343
2139,213.9,214.9,0.10771462321281433,0.10771462321281433
2140,214.0,215.0,0.20580843091011047,0.20580843091011047
2141,214.1,215.1,0.2734411656856537,0.2734411656856537
2142,214.2,215.2,0.2739977538585663,0.2739977538585663
2143,214.3,215.3,0.22474853694438934,0.22474853694438934
2144,214.4,215.4,0.3077334761619568,0.3077334761619568
2145,214.5,215.5,0.24031022191047668,0.24031022191047668
2146,214.6,215.6,0.3860101103782654,0.3860101103782654
2147,214.7,215.7,0.37834861874580383,0.37834861874580383
2148,214.8,215.8,0.22718627750873566,0.22718627750873566
2149,214.9,215.9,0.24160578846931458,0.24160578846931458
2150,215.0,216.0,0.301604688167572,0.301604688167572
2151,215.1,216.1,0.3998529314994812,0.3998529314994812
2152,215.2,216.2,0.5552003979682922,0.5552003979682922
2153,215.3,216.3,0.4940796196460724,0.4940796196460724
2154,215.4,216.4,0.5671966671943665,0.5671966671943665
2155,215.5,216.5,0.5547537207603455,0.5547537207603455
2156,215.6,216.6,0.5442277193069458,0.5442277193069458
2157,215.7,216.7,0.4750271439552307,0.4750271439552307
2158,215.8,216.8,0.37308573722839355,0.37308573722839355
2159,215.9,216.9,0.5079982280731201,0.5079982280731201
2160,216.0,217.0,0.474430650472641,0.474430650472641
2161,216.1,217.1,0.5844007730484009,0.5844007730484009
2162,216.2,217.2,0.4856184124946594,0.4856184124946594
2163,216.3,217.3,0.4449865520000458,0.4449865520000458
2164,216.4,217.4,0.5845292806625366,0.5845292806625366
2165,216.5,217.5,0.45159703493118286,0.45159703493118286
2166,216.6,217.6,0.21593108773231506,0.21593108773231506
2167,216.7,217.7,0.22269774973392487,0.22269774973392487
2168,216.8,217.8,0.2918866276741028,0.2918866276741028
2169,216.9,217.9,0.432089626789093,0.432089626789093
2170,217.0,218.0,0.3373630940914154,0.3373630940914154
2171,217.1,218.1,0.4263414442539215,0.4263414442539215
2172,217.2,218.2,0.5439237356185913,0.5439237356185913
2173,217.3,218.3,0.5340076684951782,0.5340076684951782
2174,217.4,218.4,0.5021178722381592,0.5021178722381592
2175,217.5,218.5,0.5078982710838318,0.5078982710838318
2176,217.6,218.6,0.5336751341819763,0.5336751341819763
2177,217.7,218.7,0.40740570425987244,0.40740570425987244
2178,217.8,218.8,0.4517551064491272,0.4517551064491272
2179,217.9,218.9,0.3976147174835205,0.3976147174835205
2180,218.0,219.0,0.46889060735702515,0.46889060735702515
2181,218.1,219.1,0.5310399532318115,0.5310399532318115
2182,218.2,219.2,0.34891489148139954,0.34891489148139954
2183,218.3,219.3,0.5179057121276855,0.5179057121276855
2184,218.4,219.4,0.5433404445648193,0.5433404445648193
2185,218.5,219.5,0.5139011740684509,0.5139011740684509
2186,218.6,219.6,0.4933168590068817,0.4933168590068817
2187,218.7,219.7,0.487779438495636,0.487779438495636
2188,218.8,219.8,0.44641390442848206,0.44641390442848206
2189,218.9,219.9,0.4846259355545044,0.4846259355545044
2190,219.0,220.0,0.4987490773200989,0.4987490773200989
2191,219.1,220.1,0.445279061794281,0.445279061794281
2192,219.2,220.2,0.418511301279068,0.418511301279068
2193,219.3,220.3,0.47894275188446045,0.47894275188446045
2194,219.4,220.4,0.5836040377616882,0.5836040377616882
2195,219.5,220.5,0.4887407720088959,0.4887407720088959
2196,219.6,220.6,0.45955532789230347,0.45955532789230347
2197,219.7,220.7,0.4857754707336426,0.4857754707336426
2198,219.8,220.8,0.5941936373710632,0.5941936373710632
2199,219.9,220.9,0.5414022207260132,0.5414022207260132
2200,220.0,221.0,0.6755242943763733,0.6755242943763733
2201,220.1,221.1,0.5715562701225281,0.5715562701225281
2202,220.2,221.2,0.5244140028953552,0.5244140028953552
2203,220.3,221.3,0.583742618560791,0.583742618560791
2204,220.4,221.4,0.6423184871673584,0.6423184871673584
2205,220.5,221.5,0.6878931522369385,0.6878931522369385
2206,220.6,221.6,0.8000825047492981,0.8000825047492981
2207,220.7,221.7,0.638509213924408,0.638509213924408
2208,220.8,221.8,0.4881376624107361,0.4881376624107361
2209,220.9,221.9,0.521621823310852,0.521621823310852
2210,221.0,222.0,0.5459161996841431,0.5459161996841431
2211,221.1,222.1,0.4832323491573334,0.4832323491573334
2212,221.2,222.2,0.6297341585159302,0.6297341585159302
2213,221.3,222.3,0.4184402823448181,0.4184402823448181
2214,221.4,222.4,0.44548723101615906,0.44548723101615906
2215,221.5,222.5,0.5572661757469177,0.5572661757469177
2216,221.6,222.6,0.4967690706253052,0.4967690706253052
2217,221.7,222.7,0.5445782542228699,0.5445782542228699
2218,221.8,222.8,0.45923304557800293,0.45923304557800293
2219,221.9,222.9,0.5763723254203796,0.5763723254203796
2220,222.0,223.0,0.3785010576248169,0.3785010576248169
2221,222.1,223.1,0.45542532205581665,0.45542532205581665
2222,222.2,223.2,0.4110112488269806,0.4110112488269806
2223,222.3,223.3,0.39379629492759705,0.39379629492759705
2224,222.4,223.4,0.36647284030914307,0.36647284030914307
2225,222.5,223.5,0.5283834338188171,0.5283834338188171
2226,222.6,223.6,0.5838860273361206,0.5838860273361206
2227,222.7,223.7,0.5652763247489929,0.5652763247489929
2228,222.8,223.8,0.46634912490844727,0.46634912490844727
2229,222.9,223.9,0.4946466386318207,0.4946466386318207
2230,223.0,224.0,0.5031171441078186,0.5031171441078186
2231,223.1,224.1,0.5278927087783813,0.5278927087783813
2232,223.2,224.2,0.4781116247177124,0.4781116247177124
2233,223.3,224.3,0.33263149857521057,0.33263149857521057
2234,223.4,224.4,0.35337764024734497,0.35337764024734497
2235,223.5,224.5,0.3905739188194275,0.3905739188194275
2236,223.6,224.6,0.356204628944397,0.356204628944397
2237,223.7,224.7,0.3683692216873169,0.3683692216873169
2238,223.8,224.8,0.3665582239627838,0.3665582239627838
2239,223.9,224.9,0.4419361352920532,0.4419361352920532
2240,224.0,225.0,0.3507186472415924,0.3507186472415924
2241,224.1,225.1,0.2968800961971283,0.2968800961971283
2242,224.2,225.2,0.24125580489635468,0.24125580489635468
2243,224.3,225.3,0.18120652437210083,0.18120652437210083
2244,224.4,225.4,0.27881914377212524,0.27881914377212524
2245,224.5,225.5,0.2594352066516876,0.2594352066516876
2246,224.6,225.6,0.29375362396240234,0.29375362396240234
2247,224.7,225.7,0.2698744833469391,0.2698744833469391
2248,224.8,225.8,0.4362761676311493,0.4362761676311493
2249,224.9,225.9,0.3505653440952301,0.3505653440952301
2250,225.0,226.0,0.2566879093647003,0.2566879093647003
2251,225.1,226.1,0.40873953700065613,0.40873953700065613
2252,225.2,226.2,0.5086961984634399,0.5086961984634399
2253,225.3,226.3,0.5405979156494141,0.5405979156494141
2254,225.4,226.4,0.4255750775337219,0.4255750775337219
2255,225.5,226.5,0.3477896749973297,0.3477896749973297
2256,225.6,226.6,0.4595073163509369,0.4595073163509369
2257,225.7,226.7,0.3639676570892334,0.3639676570892334
2258,225.8,226.8,0.4052189886569977,0.4052189886569977
2259,225.9,226.9,0.414766401052475,0.414766401052475
2260,226.0,227.0,0.42148834466934204,0.42148834466934204
2261,226.1,227.1,0.3070054054260254,0.3070054054260254
2262,226.2,227.2,0.5731008052825928,0.5731008052825928
2263,226.3,227.3,0.5277798771858215,0.5277798771858215
2264,226.4,227.4,0.6229874491691589,0.6229874491691589
2265,226.5,227.5,0.49906209111213684,0.49906209111213684
2266,226.6,227.6,0.5019586682319641,0.5019586682319641
2267,226.7,227.7,0.523766815662384,0.523766815662384
2268,226.8,227.8,0.496230810880661,0.496230810880661
2269,226.9,227.9,0.39256343245506287,0.39256343245506287
2270,227.0,228.0,0.2967053949832916,0.2967053949832916
2271,227.1,228.1,0.2853319048881531,0.2853319048881531
2272,227.2,228.2,0.23037351667881012,0.23037351667881012
2273,227.3,228.3,0.39590591192245483,0.39590591192245483
2274,227.4,228.4,0.4721481204032898,0.4721481204032898
2275,227.5,228.5,0.4143921434879303,0.4143921434879303
2276,227.6,228.6,0.5446243286132812,0.5446243286132812
2277,227.7,228.7,0.646304190158844,0.646304190158844
2278,227.8,228.8,0.5781382322311401,0.5781382322311401
2279,227.9,228.9,0.5189152956008911,0.5189152956008911
2280,228.0,229.0,0.6213275790214539,0.6213275790214539
2281,228.1,229.1,0.5684574246406555,0.5684574246406555
2282,228.2,229.2,0.624631941318512,0.624631941318512
2283,228.3,229.3,0.4159751236438751,0.4159751236438751
2284,228.4,229.4,0.42943280935287476,0.42943280935287476
2285,228.5,229.5,0.5001807808876038,0.5001807808876038
2286,228.6,229.6,0.5417184829711914,0.5417184829711914
2287,228.7,229.7,0.6183381080627441,0.6183381080627441
2288,228.8,229.8,0.7388520240783691,0.7388520240783691
2289,228.9,229.9,0.7233157753944397,0.7233157753944397
2290,229.0,230.0,0.7684813141822815,0.7684813141822815
2291,229.1,230.1,0.7176254987716675,0.7176254987716675
2292,229.2,230.2,0.4985121786594391,0.4985121786594391
2293,229.3,230.3,0.47072288393974304,0.47072288393974304
2294,229.4,230.4,0.487374871969223,0.487374871969223
2295,229.5,230.5,0.22477984428405762,0.22477984428405762
2296,229.6,230.6,0.3280154764652252,0.3280154764652252
2297,229.7,230.7,0.42022985219955444,0.42022985219955444
2298,229.8,230.8,0.5258045792579651,0.5258045792579651
2299,229.9,230.9,0.42916151881217957,0.42916151881217957
2300,230.0,231.0,0.42798125743865967,0.42798125743865967
2301,230.1,231.1,0.6220106482505798,0.6220106482505798
2302,230.2,231.2,0.6088001728057861,0.6088001728057861
2303,230.3,231.3,0.6777323484420776,0.6777323484420776
2304,230.4,231.4,0.5516285300254822,0.5516285300254822
2305,230.5,231.5,0.6245934367179871,0.6245934367179871
2306,230.6,231.6,0.5112699270248413,0.5112699270248413
2307,230.7,231.7,0.4469864070415497,0.4469864070415497
2308,230.8,231.8,0.3810889720916748,0.3810889720916748
2309,230.9,231.9,0.3000873625278473,0.3000873625278473
2310,231.0,232.0,0.20090651512145996,0.20090651512145996
2311,231.1,232.1,0.19966986775398254,0.19966986775398254
2312,231.2,232.2,0.36264726519584656,0.36264726519584656
2313,231.3,232.3,0.4718523323535919,0.4718523323535919
2314,231.4,232.4,0.6446951031684875,0.6446951031684875
2315,231.5,232.5,0.5884600281715393,0.5884600281715393
2316,231.6,232.6,0.655896782875061,0.655896782875061
2317,231.7,232.7,0.6491760611534119,0.6491760611534119
2318,231.8,232.8,0.38632604479789734,0.38632604479789734
2319,231.9,232.9,0.3959621787071228,0.3959621787071228
2320,232.0,233.0,0.4887779951095581,0.4887779951095581
2321,232.1,233.1,0.3906993567943573,0.3906993567943573
2322,232.2,233.2,0.24987691640853882,0.24987691640853882
2323,232.3,233.3,0.4041007161140442,0.4041007161140442
2324,232.4,233.4,0.4578326344490051,0.4578326344490051
2325,232.5,233.5,0.5353429913520813,0.5353429913520813
2326,232.6,233.6,0.4668998420238495,0.4668998420238495
2327,232.7,233.7,0.40075576305389404,0.40075576305389404
2328,232.8,233.8,0.2717744708061218,0.2717744708061218
2329,232.9,233.9,0.47862282395362854,0.47862282395362854
2330,233.0,234.0,0.635229766368866,0.635229766368866
2331,233.1,234.1,0.6123989820480347,0.6123989820480347
2332,233.2,234.2,0.6470810770988464,0.6470810770988464
2333,233.3,234.3,0.664452075958252,0.664452075958252
2334,233.4,234.4,0.5292779207229614,0.5292779207229614
2335,233.5,234.5,0.6637576818466187,0.6637576818466187
2336,233.6,234.6,0.5584959983825684,0.5584959983825684
2337,233.7,234.7,0.37087947130203247,0.37087947130203247
2338,233.8,234.8,0.5208554267883301,0.5208554267883301
2339,233.9,234.9,0.643926739692688,0.643926739692688
2340,234.0,235.0,0.9210308194160461,0.9210308194160461
2341,234.1,235.1,0.9656107425689697,0.9656107425689697
2342,234.2,235.2,0.8368890881538391,0.8368890881538391
2343,234.3,235.3,0.8509265780448914,0.8509265780448914
2344,234.4,235.4,0.8872187733650208,0.8872187733650208
2345,234.5,235.5,0.8510140180587769,0.8510140180587769
2346,234.6,235.6,0.8183696269989014,0.8183696269989014
2347,234.7,235.7,0.7482362389564514,0.7482362389564514
2348,234.8,235.8,0.5761849284172058,0.5761849284172058
2349,234.9,235.9,0.2613413631916046,0.2613413631916046
2350,235.0,236.0,0.330394983291626,0.330394983291626
2351,235.1,236.1,0.42167404294013977,0.42167404294013977
2352,235.2,236.2,0.30940234661102295,0.30940234661102295
2353,235.3,236.3,0.3791215121746063,0.3791215121746063
2354,235.4,236.4,0.4630105793476105,0.4630105793476105
2355,235.5,236.5,0.524617612361908,0.524617612361908
2356,235.6,236.6,0.2783319354057312,0.2783319354057312
2357,235.7,236.7,0.21419121325016022,0.21419121325016022
2358,235.8,236.8,0.29541972279548645,0.29541972279548645
2359,235.9,236.9,0.3522526025772095,0.3522526025772095
2360,236.0,237.0,0.39819642901420593,0.39819642901420593
2361,236.1,237.1,0.4173641800880432,0.4173641800880432
2362,236.2,237.2,0.2806892395019531,0.2806892395019531
2363,236.3,237.3,0.35241326689720154,0.35241326689720154
2364,236.4,237.4,0.3442845344543457,0.3442845344543457
2365,236.5,237.5,0.42823144793510437,0.42823144793510437
2366,236.6,237.6,0.5063078999519348,0.5063078999519348
2367,236.7,237.7,0.3947279155254364,0.3947279155254364
2368,236.8,237.8,0.26155197620391846,0.26155197620391846
2369,236.9,237.9,0.3298177719116211,0.3298177719116211
2370,237.0,238.0,0.29648512601852417,0.29648512601852417
2371,237.1,238.1,0.39052271842956543,0.39052271842956543
2372,237.2,238.2,0.3756720721721649,0.3756720721721649
2373,237.3,238.3,0.48390820622444153,0.48390820622444153
2374,237.4,238.4,0.45623740553855896,0.45623740553855896
2375,237.5,238.5,0.4755595624446869,0.4755595624446869
2376,237.6,238.6,0.4097253084182739,0.4097253084182739
2377,237.7,238.7,0.37127792835235596,0.37127792835235596
2378,237.8,238.8,0.3370417058467865,0.3370417058467865
2379,237.9,238.9,0.21704383194446564,0.21704383194446564
2380,238.0,239.0,0.34864604473114014,0.34864604473114014
2381,238.1,239.1,0.29046136140823364,0.29046136140823364
2382,238.2,239.2,0.20046553015708923,0.20046553015708923
2383,238.3,239.3,0.25055789947509766,0.25055789947509766
2384,238.4,239.4,0.3165903687477112,0.3165903687477112
2385,238.5,239.5,0.43316465616226196,0.43316465616226196
2386,238.6,239.6,0.3513953685760498,0.3513953685760498
2387,238.7,239.7,0.4541207253932953,0.4541207253932953
2388,238.8,239.8,0.4611698091030121,0.4611698091030121
2389,238.9,239.9,0.4555165469646454,0.4555165469646454
2390,239.0,240.0,0.5148318409919739,0.5148318409919739
2391,239.1,240.1,0.545880138874054,0.545880138874054
2392,239.2,240.2,0.5749741196632385,0.5749741196632385
2393,239.3,240.3,0.526253879070282,0.526253879070282
2394,239.4,240.4,0.5197740793228149,0.5197740793228149
2395,239.5,240.5,0.40073567628860474,0.40073567628860474
2396,239.6,240.6,0.27267828583717346,0.27267828583717346
2397,239.7,240.7,0.27642911672592163,0.27642911672592163
2398,239.8,240.8,0.40012994408607483,0.40012994408607483
2399,239.9,240.9,0.3736002743244171,0.3736002743244171
2400,240.0,241.0,0.37487778067588806,0.37487778067588806
2401,240.1,241.1,0.4622933864593506,0.4622933864593506
2402,240.2,241.2,0.648342490196228,0.648342490196228
2403,240.3,241.3,0.3981640338897705,0.3981640338897705
2404,240.4,241.4,0.3905225396156311,0.3905225396156311
2405,240.5,241.5,0.39804840087890625,0.39804840087890625
2406,240.6,241.6,0.3234638273715973,0.3234638273715973
2407,240.7,241.7,0.3042486011981964,0.3042486011981964
2408,240.8,241.8,0.5072359442710876,0.5072359442710876
2409,240.9,241.9,0.4884616732597351,0.4884616732597351
2410,241.0,242.0,0.3791467845439911,0.3791467845439911
2411,241.1,242.1,0.3300609290599823,0.3300609290599823
2412,241.2,242.2,0.25931644439697266,0.25931644439697266
2413,241.3,242.3,0.3710840344429016,0.3710840344429016
2414,241.4,242.4,0.6082028746604919,0.6082028746604919
2415,241.5,242.5,0.5932981371879578,0.5932981371879578
2416,241.6,242.6,0.7345519065856934,0.7345519065856934
2417,241.7,242.7,0.5021672248840332,0.5021672248840332
2418,241.8,242.8,0.7657192945480347,0.7657192945480347
2419,241.9,242.9,0.7286111116409302,0.7286111116409302
2420,242.0,243.0,0.8455062508583069,0.8455062508583069
2421,242.1,243.1,0.8103846311569214,0.8103846311569214
2422,242.2,243.2,0.8166410326957703,0.8166410326957703
2423,242.3,243.3,0.6150798797607422,0.6150798797607422
2424,242.4,243.4,0.5405340194702148,0.5405340194702148
2425,242.5,243.5,0.5683234930038452,0.5683234930038452
2426,242.6,243.6,0.4258076846599579,0.4258076846599579
2427,242.7,243.7,0.3698587119579315,0.3698587119579315
2428,242.8,243.8,0.5112705826759338,0.5112705826759338
2429,242.9,243.9,0.35636699199676514,0.35636699199676514
2430,243.0,244.0,0.37783244252204895,0.37783244252204895
2431,243.1,244.1,0.539053201675415,0.539053201675415
2432,243.2,244.2,0.2859307527542114,0.2859307527542114
2433,243.3,244.3,0.26391270756721497,0.26391270756721497
2434,243.4,244.4,0.37640222907066345,0.37640222907066345
2435,243.5,244.5,0.42899614572525024,0.42899614572525024
2436,243.6,244.6,0.4684390723705292,0.4684390723705292
2437,243.7,244.7,0.5466993451118469,0.5466993451118469
2438,243.8,244.8,0.5611193180084229,0.5611193180084229
2439,243.9,244.9,0.424507200717926,0.424507200717926
2440,244.0,245.0,0.35500040650367737,0.35500040650367737
2441,244.1,245.1,0.38920435309410095,0.38920435309410095
2442,244.2,245.2,0.3939012885093689,0.3939012885093689
2443,244.3,245.3,0.33619216084480286,0.33619216084480286
2444,244.4,245.4,0.38488301634788513,0.38488301634788513
2445,244.5,245.5,0.3195536732673645,0.3195536732673645
2446,244.6,245.6,0.2966809570789337,0.2966809570789337
2447,244.7,245.7,0.271315336227417,0.271315336227417
2448,244.8,245.8,0.5221956968307495,0.5221956968307495
2449,244.9,245.9,0.33069220185279846,0.33069220185279846
2450,245.0,246.0,0.1969219148159027,0.1969219148159027
2451,245.1,246.1,0.25214239954948425,0.25214239954948425
2452,245.2,246.2,0.3522442877292633,0.3522442877292633
2453,245.3,246.3,0.42289429903030396,0.42289429903030396
2454,245.4,246.4,0.21086758375167847,0.21086758375167847
2455,245.5,246.5,0.16855348646640778,0.16855348646640778
2456,245.6,246.6,0.34114813804626465,0.34114813804626465
2457,245.7,246.7,0.22092925012111664,0.22092925012111664
2458,245.8,246.8,0.2503293454647064,0.2503293454647064
2459,245.9,246.9,0.425612211227417,0.425612211227417
2460,246.0,247.0,0.43163245916366577,0.43163245916366577
2461,246.1,247.1,0.36465567350387573,0.36465567350387573
2462,246.2,247.2,0.4245684742927551,0.4245684742927551
2463,246.3,247.3,0.4809114933013916,0.4809114933013916
2464,246.4,247.4,0.40362030267715454,0.40362030267715454
2465,246.5,247.5,0.4214577078819275,0.4214577078819275
2466,246.6,247.6,0.21813511848449707,0.21813511848449707
2467,246.7,247.7,0.2574325501918793,0.2574325501918793
2468,246.8,247.8,0.279389351606369,0.279389351606369
2469,246.9,247.9,0.342715859413147,0.342715859413147
2470,247.0,248.0,0.2382335662841797,0.2382335662841797
2471,247.1,248.1,0.5305598378181458,0.5305598378181458
2472,247.2,248.2,0.1681709885597229,0.1681709885597229
2473,247.3,248.3,0.22509925067424774,0.22509925067424774
2474,247.4,248.4,0.25893837213516235,0.25893837213516235
2475,247.5,248.5,0.20873644948005676,0.20873644948005676
2476,247.6,248.6,0.29414308071136475,0.29414308071136475
2477,247.7,248.7,0.37944090366363525,0.37944090366363525
2478,247.8,248.8,0.36390170454978943,0.36390170454978943
2479,247.9,248.9,0.48434561491012573,0.48434561491012573
2480,248.0,249.0,0.509367048740387,0.509367048740387
2481,248.1,249.1,0.6229501366615295,0.6229501366615295
2482,248.2,249.2,0.4719145596027374,0.4719145596027374
2483,248.3,249.3,0.49382442235946655,0.49382442235946655
2484,248.4,249.4,0.356936514377594,0.356936514377594
2485,248.5,249.5,0.3633420765399933,0.3633420765399933
2486,248.6,249.6,0.46281611919403076,0.46281611919403076
2487,248.7,249.7,0.3617120683193207,0.3617120683193207
2488,248.8,249.8,0.3331015408039093,0.3331015408039093
2489,248.9,249.9,0.31442418694496155,0.31442418694496155
2490,249.0,250.0,0.33261266350746155,0.33261266350746155
2491,249.1,250.1,0.4121236503124237,0.4121236503124237
2492,249.2,250.2,0.4569520950317383,0.4569520950317383
2493,249.3,250.3,0.6451345086097717,0.6451345086097717
2494,249.4,250.4,0.5924575328826904,0.5924575328826904
2495,249.5,250.5,0.4557233452796936,0.4557233452796936
2496,249.6,250.6,0.44734179973602295,0.44734179973602295
2497,249.7,250.7,0.32549217343330383,0.32549217343330383
2498,249.8,250.8,0.49327874183654785,0.49327874183654785
2499,249.9,250.9,0.4920937716960907,0.4920937716960907
2500,250.0,251.0,0.49916836619377136,0.49916836619377136
2501,250.1,251.1,0.6887759566307068,0.6887759566307068
2502,250.2,251.2,0.6905012726783752,0.6905012726783752
2503,250.3,251.3,0.7656344771385193,0.7656344771385193
2504,250.4,251.4,0.6058872938156128,0.6058872938156128
2505,250.5,251.5,0.6169875264167786,0.6169875264167786
2506,250.6,251.6,0.5524192452430725,0.5524192452430725
2507,250.7,251.7,0.3458945155143738,0.3458945155143738
2508,250.8,251.8,0.5866081714630127,0.5866081714630127
2509,250.9,251.9,0.4039839804172516,0.4039839804172516
2510,251.0,252.0,0.3334217369556427,0.3334217369556427
2511,251.1,252.1,0.3863181471824646,0.3863181471824646
2512,251.2,252.2,0.46549686789512634,0.46549686789512634
2513,251.3,252.3,0.47106853127479553,0.47106853127479553
2514,251.4,252.4,0.48075443506240845,0.48075443506240845
2515,251.5,252.5,0.35094642639160156,0.35094642639160156
2516,251.6,252.6,0.3604091703891754,0.3604091703891754
2517,251.7,252.7,0.6988641619682312,0.6988641619682312
2518,251.8,252.8,0.7486475706100464,0.7486475706100464
2519,251.9,252.9,0.6329425573348999,0.6329425573348999
2520,252.0,253.0,0.7920935153961182,0.7920935153961182
2521,252.1,253.1,0.9092038869857788,0.9092038869857788
2522,252.2,253.2,0.8008699417114258,0.8008699417114258
2523,252.3,253.3,0.7289084792137146,0.7289084792137146
2524,252.4,253.4,0.7827705144882202,0.7827705144882202
2525,252.5,253.5,0.8429573774337769,0.8429573774337769
2526,252.6,253.6,0.45632126927375793,0.45632126927375793
2527,252.7,253.7,0.27267685532569885,0.27267685532569885
2528,252.8,253.8,0.3009742796421051,0.3009742796421051
2529,252.9,253.9,0.3388535678386688,0.3388535678386688
2530,253.0,254.0,0.24722641706466675,0.24722641706466675
2531,253.1,254.1,0.23742438852787018,0.23742438852787018
2532,253.2,254.2,0.2103159874677658,0.2103159874677658
2533,253.3,254.3,0.19655463099479675,0.19655463099479675
2534,253.4,254.4,0.24822251498699188,0.24822251498699188
2535,253.5,254.5,0.31531959772109985,0.31531959772109985
2536,253.6,254.6,0.2404126673936844,0.2404126673936844
2537,253.7,254.7,0.310567706823349,0.310567706823349
2538,253.8,254.8,0.32023710012435913,0.32023710012435913
2539,253.9,254.9,0.32304540276527405,0.32304540276527405
2540,254.0,255.0,0.30311450362205505,0.30311450362205505
2541,254.1,255.1,0.16894641518592834,0.16894641518592834
2542,254.2,255.2,0.2694752514362335,0.2694752514362335
2543,254.3,255.3,0.3323259651660919,0.3323259651660919
2544,254.4,255.4,0.23890623450279236,0.23890623450279236
2545,254.5,255.5,0.455389142036438,0.455389142036438
2546,254.6,255.6,0.553663432598114,0.553663432598114
2547,254.7,255.7,0.4632624089717865,0.4632624089717865
2548,254.8,255.8,0.3839230537414551,0.3839230537414551
2549,254.9,255.9,0.30876967310905457,0.30876967310905457
2550,255.0,256.0,0.5198172926902771,0.5198172926902771
2551,255.1,256.1,0.3568604588508606,0.3568604588508606
2552,255.2,256.2,0.38770022988319397,0.38770022988319397
2553,255.3,256.3,0.3910706341266632,0.3910706341266632
2554,255.4,256.4,0.36270803213119507,0.36270803213119507
2555,255.5,256.5,0.44097670912742615,0.44097670912742615
2556,255.6,256.6,0.3699626624584198,0.3699626624584198
2557,255.7,256.7,0.41990870237350464,0.41990870237350464
2558,255.8,256.8,0.347507119178772,0.347507119178772
2559,255.9,256.9,0.6550674438476562,0.6550674438476562
2560,256.0,257.0,0.6013297438621521,0.6013297438621521
2561,256.1,257.1,0.335968554019928,0.335968554019928
2562,256.2,257.2,0.3575861155986786,0.3575861155986786
2563,256.3,257.3,0.28764691948890686,0.28764691948890686
2564,256.4,257.4,0.40706193447113037,0.40706193447113037
2565,256.5,257.5,0.3937574326992035,0.3937574326992035
2566,256.6,257.6,0.3281440734863281,0.3281440734863281
2567,256.7,257.7,0.3614639341831207,0.3614639341831207
2568,256.8,257.8,0.27506497502326965,0.27506497502326965
2569,256.9,257.9,0.37952834367752075,0.37952834367752075
2570,257.0,258.0,0.5342215299606323,0.5342215299606323
2571,257.1,258.1,0.3061532974243164,0.3061532974243164
2572,257.2,258.2,0.34130194783210754,0.34130194783210754
2573,257.3,258.3,0.4058336615562439,0.4058336615562439
2574,257.4,258.4,0.4901880919933319,0.4901880919933319
2575,257.5,258.5,0.4893839955329895,0.4893839955329895
2576,257.6,258.6,0.5039803981781006,0.5039803981781006
2577,257.7,258.7,0.30310219526290894,0.30310219526290894
2578,257.8,258.8,0.37342941761016846,0.37342941761016846
2579,257.9,258.9,0.40553006529808044,0.40553006529808044
2580,258.0,259.0,0.5007576942443848,0.5007576942443848
2581,258.1,259.1,0.21569450199604034,0.21569450199604034
2582,258.2,259.2,0.2318764179944992,0.2318764179944992
2583,258.3,259.3,0.36570507287979126,0.36570507287979126
2584,258.4,259.4,0.31553488969802856,0.31553488969802856
2585,258.5,259.5,0.3394831717014313,0.3394831717014313
2586,258.6,259.6,0.36077216267585754,0.36077216267585754
2587,258.7,259.7,0.40518486499786377,0.40518486499786377
2588,258.8,259.8,0.38295280933380127,0.38295280933380127
2589,258.9,259.9,0.39234858751296997,0.39234858751296997
2590,259.0,260.0,0.45187079906463623,0.45187079906463623
2591,259.1,260.1,0.44221287965774536,0.44221287965774536
2592,259.2,260.2,0.5396081209182739,0.5396081209182739
2593,259.3,260.3,0.5693365335464478,0.5693365335464478
2594,259.4,260.4,0.4110112488269806,0.4110112488269806
2595,259.5,260.5,0.8948794603347778,0.8948794603347778
2596,259.6,260.6,0.8234978914260864,0.8234978914260864
2597,259.7,260.7,0.6389533877372742,0.6389533877372742
2598,259.8,260.8,0.4563467800617218,0.4563467800617218
2599,259.9,260.9,0.4962608516216278,0.4962608516216278
2600,260.0,261.0,0.5576725602149963,0.5576725602149963
2601,260.1,261.1,0.6848855018615723,0.6848855018615723
2602,260.2,261.2,0.8359765410423279,0.8359765410423279
2603,260.3,261.3,0.7519444823265076,0.7519444823265076
2604,260.4,261.4,0.801968514919281,0.801968514919281
2605,260.5,261.5,0.6076236963272095,0.6076236963272095
2606,260.6,261.6,0.46482381224632263,0.46482381224632263
2607,260.7,261.7,0.4345112442970276,0.4345112442970276
2608,260.8,261.8,0.40529605746269226,0.40529605746269226
2609,260.9,261.9,0.3908621668815613,0.3908621668815613
2610,261.0,262.0,0.36234188079833984,0.36234188079833984
2611,261.1,262.1,0.2734951674938202,0.2734951674938202
2612,261.2,262.2,0.21934831142425537,0.21934831142425537
2613,261.3,262.3,0.31216102838516235,0.31216102838516235
2614,261.4,262.4,0.3587503731250763,0.3587503731250763
2615,261.5,262.5,0.2725883722305298,0.2725883722305298
2616,261.6,262.6,0.33044901490211487,0.33044901490211487
2617,261.7,262.7,0.5900024175643921,0.5900024175643921
2618,261.8,262.8,0.4647725224494934,0.4647725224494934
2619,261.9,262.9,0.5468167066574097,0.5468167066574097
2620,262.0,263.0,0.515811562538147,0.515811562538147
2621,262.1,263.1,0.5089905261993408,0.5089905261993408
2622,262.2,263.2,0.5898371338844299,0.5898371338844299
2623,262.3,263.3,0.49033305048942566,0.49033305048942566
2624,262.4,263.4,0.5386133193969727,0.5386133193969727
2625,262.5,263.5,0.3690217435359955,0.3690217435359955
2626,262.6,263.6,0.542224645614624,0.542224645614624
2627,262.7,263.7,0.4308546781539917,0.4308546781539917
2628,262.8,263.8,0.4931032061576843,0.4931032061576843
2629,262.9,263.9,0.5865688323974609,0.5865688323974609
2630,263.0,264.0,0.6480610370635986,0.6480610370635986
2631,263.1,264.1,0.5230506658554077,0.5230506658554077
2632,263.2,264.2,0.4174841046333313,0.4174841046333313
2633,263.3,264.3,0.5362463593482971,0.5362463593482971
2634,263.4,264.4,0.4161684811115265,0.4161684811115265
2635,263.5,264.5,0.39071589708328247,0.39071589708328247
2636,263.6,264.6,0.30062809586524963,0.30062809586524963
2637,263.7,264.7,0.26302799582481384,0.26302799582481384
2638,263.8,264.8,0.4918360114097595,0.4918360114097595
2639,263.9,264.9,0.24675416946411133,0.24675416946411133
2640,264.0,265.0,0.2303319275379181,0.2303319275379181
2641,264.1,265.1,0.19743087887763977,0.19743087887763977
2642,264.2,265.2,0.16172553598880768,0.16172553598880768
2643,264.3,265.3,0.19801127910614014,0.19801127910614014
2644,264.4,265.4,0.2632097601890564,0.2632097601890564
2645,264.5,265.5,0.36839985847473145,0.36839985847473145
2646,264.6,265.6,0.5217962265014648,0.5217962265014648
2647,264.7,265.7,0.5737741589546204,0.5737741589546204
2648,264.8,265.8,0.5263653993606567,0.5263653993606567
2649,264.9,265.9,0.5763906836509705,0.5763906836509705
2650,265.0,266.0,0.5324674844741821,0.5324674844741821
2651,265.1,266.1,0.41293594241142273,0.41293594241142273
2652,265.2,266.2,0.3155097961425781,0.3155097961425781
2653,265.3,266.3,0.3781118392944336,0.3781118392944336
2654,265.4,266.4,0.534278154373169,0.534278154373169
2655,265.5,266.5,0.407822847366333,0.407822847366333
2656,265.6,266.6,0.37674441933631897,0.37674441933631897
2657,265.7,266.7,0.22269576787948608,0.22269576787948608
2658,265.8,266.8,0.36110225319862366,0.36110225319862366
2659,265.9,266.9,0.23507243394851685,0.23507243394851685
2660,266.0,267.0,0.25355157256126404,0.25355157256126404
2661,266.1,267.1,0.3368982970714569,0.3368982970714569
2662,266.2,267.2,0.4523524343967438,0.4523524343967438
2663,266.3,267.3,0.314315527677536,0.314315527677536
2664,266.4,267.4,0.38112199306488037,0.38112199306488037
2665,266.5,267.5,0.4006797671318054,0.4006797671318054
2666,266.6,267.6,0.4515628218650818,0.4515628218650818
2667,266.7,267.7,0.41454529762268066,0.41454529762268066
2668,266.8,267.8,0.469219446182251,0.469219446182251
2669,266.9,267.9,0.3906870484352112,0.3906870484352112
2670,267.0,268.0,0.5286746621131897,0.5286746621131897
2671,267.1,268.1,0.4656098783016205,0.4656098783016205
2672,267.2,268.2,0.4396076202392578,0.4396076202392578
2673,267.3,268.3,0.47156432271003723,0.47156432271003723
2674,267.4,268.4,0.4992029070854187,0.4992029070854187
2675,267.5,268.5,0.6522682309150696,0.6522682309150696
2676,267.6,268.6,0.8697195053100586,0.8697195053100586
2677,267.7,268.7,0.64637291431427,0.64637291431427
2678,267.8,268.8,0.5702232122421265,0.5702232122421265
2679,267.9,268.9,0.4636627435684204,0.4636627435684204
2680,268.0,269.0,0.5747441649436951,0.5747441649436951
2681,268.1,269.1,0.38350287079811096,0.38350287079811096
2682,268.2,269.2,0.39148083329200745,0.39148083329200745
2683,268.3,269.3,0.5085029006004333,0.5085029006004333
2684,268.4,269.4,0.7348859906196594,0.7348859906196594
2685,268.5,269.5,0.41437721252441406,0.41437721252441406
2686,268.6,269.6,0.38882356882095337,0.38882356882095337
2687,268.7,269.7,0.3396764397621155,0.3396764397621155
2688,268.8,269.8,0.4272236227989197,0.4272236227989197
2689,268.9,269.9,0.2536867558956146,0.2536867558956146
2690,269.0,270.0,0.30388084053993225,0.30388084053993225
2691,269.1,270.1,0.5615060329437256,0.5615060329437256
2692,269.2,270.2,0.41756629943847656,0.41756629943847656
2693,269.3,270.3,0.4746762216091156,0.4746762216091156
2694,269.4,270.4,0.4717518389225006,0.4717518389225006
2695,269.5,270.5,0.4543094336986542,0.4543094336986542
2696,269.6,270.6,0.4291916489601135,0.4291916489601135
2697,269.7,270.7,0.45435696840286255,0.45435696840286255
2698,269.8,270.8,0.5047542452812195,0.5047542452812195
2699,269.9,270.9,0.46261370182037354,0.46261370182037354
2700,270.0,271.0,0.4210454821586609,0.4210454821586609
2701,270.1,271.1,0.3782649338245392,0.3782649338245392
2702,270.2,271.2,0.2593453526496887,0.2593453526496887
2703,270.3,271.3,0.2038726657629013,0.2038726657629013
2704,270.4,271.4,0.2928481698036194,0.2928481698036194
2705,270.5,271.5,0.31296178698539734,0.31296178698539734
2706,270.6,271.6,0.37491580843925476,0.37491580843925476
2707,270.7,271.7,0.412285178899765,0.412285178899765
2708,270.8,271.8,0.3780897855758667,0.3780897855758667
2709,270.9,271.9,0.30848321318626404,0.30848321318626404
2710,271.0,272.0,0.35061535239219666,0.35061535239219666
2711,271.1,272.1,0.5088133811950684,0.5088133811950684
2712,271.2,272.2,0.4881690442562103,0.4881690442562103
2713,271.3,272.3,0.4756254553794861,0.4756254553794861
2714,271.4,272.4,0.5755751132965088,0.5755751132965088
2715,271.5,272.5,0.4267902970314026,0.4267902970314026
2716,271.6,272.6,0.3469664752483368,0.3469664752483368
2717,271.7,272.7,0.4779511094093323,0.4779511094093323
2718,271.8,272.8,0.48257043957710266,0.48257043957710266
2719,271.9,272.9,0.4646899402141571,0.4646899402141571
2720,272.0,273.0,0.34142282605171204,0.34142282605171204
2721,272.1,273.1,0.36575645208358765,0.36575645208358765
2722,272.2,273.2,0.3252740502357483,0.3252740502357483
2723,272.3,273.3,0.45108553767204285,0.45108553767204285
2724,272.4,273.4,0.3405117392539978,0.3405117392539978
2725,272.5,273.5,0.4142460227012634,0.4142460227012634
2726,272.6,273.6,0.4363827407360077,0.4363827407360077
2727,272.7,273.7,0.5604711174964905,0.5604711174964905
2728,272.8,273.8,0.5424092411994934,0.5424092411994934
2729,272.9,273.9,0.530249297618866,0.530249297618866
2730,273.0,274.0,0.5330709218978882,0.5330709218978882
2731,273.1,274.1,0.48755043745040894,0.48755043745040894
2732,273.2,274.2,0.3990846574306488,0.3990846574306488
2733,273.3,274.3,0.3734104037284851,0.3734104037284851
2734,273.4,274.4,0.459677129983902,0.459677129983902
2735,273.5,274.5,0.4151804447174072,0.4151804447174072
2736,273.6,274.6,0.3922481834888458,0.3922481834888458
2737,273.7,274.7,0.31380122900009155,0.31380122900009155
2738,273.8,274.8,0.5229994058609009,0.5229994058609009
2739,273.9,274.9,0.6131576895713806,0.6131576895713806
2740,274.0,275.0,0.5324686765670776,0.5324686765670776
2741,274.1,275.1,0.42802587151527405,0.42802587151527405
2742,274.2,275.2,0.4049856662750244,0.4049856662750244
2743,274.3,275.3,0.5741452574729919,0.5741452574729919
2744,274.4,275.4,0.5367631912231445,0.5367631912231445
2745,274.5,275.5,0.6100066900253296,0.6100066900253296
2746,274.6,275.6,0.6375696063041687,0.6375696063041687
2747,274.7,275.7,0.4203742742538452,0.4203742742538452
2748,274.8,275.8,0.558516800403595,0.558516800403595
2749,274.9,275.9,0.38098353147506714,0.38098353147506714
2750,275.0,276.0,0.38839712738990784,0.38839712738990784
2751,275.1,276.1,0.43438974022865295,0.43438974022865295
2752,275.2,276.2,0.5320684909820557,0.5320684909820557
2753,275.3,276.3,0.5561197996139526,0.5561197996139526
2754,275.4,276.4,0.4116799235343933,0.4116799235343933
2755,275.5,276.5,0.5348642468452454,0.5348642468452454
2756,275.6,276.6,0.5281257629394531,0.5281257629394531
2757,275.7,276.7,0.4453870356082916,0.4453870356082916
2758,275.8,276.8,0.48273468017578125,0.48273468017578125
2759,275.9,276.9,0.3620399236679077,0.3620399236679077
2760,276.0,277.0,0.2876257002353668,0.2876257002353668
2761,276.1,277.1,0.29011330008506775,0.29011330008506775
2762,276.2,277.2,0.3162705600261688,0.3162705600261688
2763,276.3,277.3,0.47871631383895874,0.47871631383895874
2764,276.4,277.4,0.5238085985183716,0.5238085985183716
2765,276.5,277.5,0.5130495429039001,0.5130495429039001
2766,276.6,277.6,0.5882537364959717,0.5882537364959717
2767,276.7,277.7,0.4840353727340698,0.4840353727340698
2768,276.8,277.8,0.6370953917503357,0.6370953917503357
2769,276.9,277.9,0.5443933010101318,0.5443933010101318
2770,277.0,278.0,0.41417261958122253,0.41417261958122253
2771,277.1,278.1,0.39823684096336365,0.39823684096336365
2772,277.2,278.2,0.3446083962917328,0.3446083962917328
2773,277.3,278.3,0.46279197931289673,0.46279197931289673
2774,277.4,278.4,0.5039288401603699,0.5039288401603699
2775,277.5,278.5,0.19991497695446014,0.19991497695446014
2776,277.6,278.6,0.20232827961444855,0.20232827961444855
2777,277.7,278.7,0.49320122599601746,0.49320122599601746
2778,277.8,278.8,0.31904107332229614,0.31904107332229614
2779,277.9,278.9,0.2705465853214264,0.2705465853214264
2780,278.0,279.0,0.29880377650260925,0.29880377650260925
2781,278.1,279.1,0.31577977538108826,0.31577977538108826
2782,278.2,279.2,0.35280463099479675,0.35280463099479675
2783,278.3,279.3,0.25104475021362305,0.25104475021362305
2784,278.4,279.4,0.49889835715293884,0.49889835715293884
2785,278.5,279.5,0.32165953516960144,0.32165953516960144
2786,278.6,279.6,0.5402597188949585,0.5402597188949585
2787,278.7,279.7,0.3598657548427582,0.3598657548427582
2788,278.8,279.8,0.41235029697418213,0.41235029697418213
2789,278.9,279.9,0.3987638056278229,0.3987638056278229
2790,279.0,280.0,0.3167921006679535,0.3167921006679535
2791,279.1,280.1,0.40383580327033997,0.40383580327033997
2792,279.2,280.2,0.18116241693496704,0.18116241693496704
2793,279.3,280.3,0.19224399328231812,0.19224399328231812
2794,279.4,280.4,0.2484261840581894,0.2484261840581894
2795,279.5,280.5,0.21186229586601257,0.21186229586601257
2796,279.6,280.6,0.21982304751873016,0.21982304751873016
2797,279.7,280.7,0.42427900433540344,0.42427900433540344
2798,279.8,280.8,0.3647962510585785,0.3647962510585785
2799,279.9,280.9,0.3344704210758209,0.3344704210758209
2800,280.0,281.0,0.461597740650177,0.461597740650177
2801,280.1,281.1,0.6489036679267883,0.6489036679267883
2802,280.2,281.2,0.7803741693496704,0.7803741693496704
2803,280.3,281.3,0.640143096446991,0.640143096446991
2804,280.4,281.4,0.5505364537239075,0.5505364537239075
2805,280.5,281.5,0.6368265748023987,0.6368265748023987
2806,280.6,281.6,0.5812134742736816,0.5812134742736816
2807,280.7,281.7,0.6160722970962524,0.6160722970962524
2808,280.8,281.8,0.5542510747909546,0.5542510747909546
2809,280.9,281.9,0.5625811219215393,0.5625811219215393
2810,281.0,282.0,0.567285418510437,0.567285418510437
2811,281.1,282.1,0.33191925287246704,0.33191925287246704
2812,281.2,282.2,0.2458360642194748,0.2458360642194748
2813,281.3,282.3,0.2625561058521271,0.2625561058521271
2814,281.4,282.4,0.2725667357444763,0.2725667357444763
2815,281.5,282.5,0.3530755639076233,0.3530755639076233
2816,281.6,282.6,0.38537660241127014,0.38537660241127014
2817,281.7,282.7,0.4350525438785553,0.4350525438785553
2818,281.8,282.8,0.4746902585029602,0.4746902585029602
2819,281.9,282.9,0.6754542589187622,0.6754542589187622
2820,282.0,283.0,0.6122393608093262,0.6122393608093262
2821,282.1,283.1,0.6800603270530701,0.6800603270530701
2822,282.2,283.2,0.5603376626968384,0.5603376626968384
2823,282.3,283.3,0.6414994597434998,0.6414994597434998
2824,282.4,283.4,0.5231263041496277,0.5231263041496277
2825,282.5,283.5,0.5184583067893982,0.5184583067893982
2826,282.6,283.6,0.491424024105072,0.491424024105072
2827,282.7,283.7,0.6212027668952942,0.6212027668952942
2828,282.8,283.8,0.6680926084518433,0.6680926084518433
2829,282.9,283.9,0.7775941491127014,0.7775941491127014
2830,283.0,284.0,0.7596852779388428,0.7596852779388428
2831,283.1,284.1,0.4424080550670624,0.4424080550670624
2832,283.2,284.2,0.5165305733680725,0.5165305733680725
2833,283.3,284.3,0.47319844365119934,0.47319844365119934
2834,283.4,284.4,0.7505064606666565,0.7505064606666565
2835,283.5,284.5,0.5468720197677612,0.5468720197677612
2836,283.6,284.6,0.7613344788551331,0.7613344788551331
2837,283.7,284.7,0.7045248746871948,0.7045248746871948
2838,283.8,284.8,0.7823162078857422,0.7823162078857422
2839,283.9,284.9,0.7514442205429077,0.7514442205429077
2840,284.0,285.0,0.5155330300331116,0.5155330300331116
2841,284.1,285.1,0.37486883997917175,0.37486883997917175
2842,284.2,285.2,0.3884064257144928,0.3884064257144928
2843,284.3,285.3,0.5439504384994507,0.5439504384994507
2844,284.4,285.4,0.41984596848487854,0.41984596848487854
2845,284.5,285.5,0.5384414792060852,0.5384414792060852
2846,284.6,285.6,0.33426764607429504,0.33426764607429504
2847,284.7,285.7,0.42784473299980164,0.42784473299980164
2848,284.8,285.8,0.42174187302589417,0.42174187302589417
2849,284.9,285.9,0.25446653366088867,0.25446653366088867
2850,285.0,286.0,0.446165531873703,0.446165531873703
2851,285.1,286.1,0.454471230506897,0.454471230506897
2852,285.2,286.2,0.5221928954124451,0.5221928954124451
2853,285.3,286.3,0.5343077778816223,0.5343077778816223
2854,285.4,286.4,0.5772097110748291,0.5772097110748291
2855,285.5,286.5,0.660826563835144,0.660826563835144
2856,285.6,286.6,0.4895150363445282,0.4895150363445282
2857,285.7,286.7,0.394669771194458,0.394669771194458
2858,285.8,286.8,0.3967578113079071,0.3967578113079071
2859,285.9,286.9,0.4247108995914459,0.4247108995914459
2860,286.0,287.0,0.37931349873542786,0.37931349873542786
2861,286.1,287.1,0.7622849941253662,0.7622849941253662
2862,286.2,287.2,0.6965047121047974,0.6965047121047974
2863,286.3,287.3,0.6509199738502502,0.6509199738502502
2864,286.4,287.4,0.673122763633728,0.673122763633728
2865,286.5,287.5,0.5528568625450134,0.5528568625450134
2866,286.6,287.6,0.7914822697639465,0.7914822697639465
2867,286.7,287.7,0.6164572238922119,0.6164572238922119
2868,286.8,287.8,0.6616663932800293,0.6616663932800293
2869,286.9,287.9,0.719053328037262,0.719053328037262
2870,287.0,288.0,0.6468196511268616,0.6468196511268616
2871,287.1,288.1,0.5258440971374512,0.5258440971374512
2872,287.2,288.2,0.4804023802280426,0.4804023802280426
2873,287.3,288.3,0.5055601596832275,0.5055601596832275
2874,287.4,288.4,0.3871593177318573,0.3871593177318573
2875,287.5,288.5,0.28080883622169495,0.28080883622169495
2876,287.6,288.6,0.4138481020927429,0.4138481020927429
2877,287.7,288.7,0.6939094662666321,0.6939094662666321
2878,287.8,288.8,0.48189878463745117,0.48189878463745117
2879,287.9,288.9,0.43971872329711914,0.43971872329711914
2880,288.0,289.0,0.4164735972881317,0.4164735972881317
2881,288.1,289.1,0.4663301110267639,0.4663301110267639
2882,288.2,289.2,0.3558461368083954,0.3558461368083954
2883,288.3,289.3,0.19289489090442657,0.19289489090442657
2884,288.4,289.4,0.3926253914833069,0.3926253914833069
2885,288.5,289.5,0.268466591835022,0.268466591835022
2886,288.6,289.6,0.3224930465221405,0.3224930465221405
2887,288.7,289.7,0.6642858386039734,0.6642858386039734
2888,288.8,289.8,0.7184593081474304,0.7184593081474304
2889,288.9,289.9,0.798323392868042,0.798323392868042
2890,289.0,290.0,0.5186774730682373,0.5186774730682373
2891,289.1,290.1,0.557394802570343,0.557394802570343
2892,289.2,290.2,0.669364333152771,0.669364333152771
2893,289.3,290.3,0.7145650386810303,0.7145650386810303
2894,289.4,290.4,0.797675609588623,0.797675609588623
2895,289.5,290.5,0.7760571241378784,0.7760571241378784
2896,289.6,290.6,0.8178280591964722,0.8178280591964722
2897,289.7,290.7,0.6767958998680115,0.6767958998680115
2898,289.8,290.8,0.6786732077598572,0.6786732077598572
2899,289.9,290.9,0.5058994293212891,0.5058994293212891
2900,290.0,291.0,0.35681283473968506,0.35681283473968506
2901,290.1,291.1,0.34533512592315674,0.34533512592315674
2902,290.2,291.2,0.32858601212501526,0.32858601212501526
2903,290.3,291.3,0.2915513217449188,0.2915513217449188
2904,290.4,291.4,0.3684849739074707,0.3684849739074707
2905,290.5,291.5,0.33360087871551514,0.33360087871551514
2906,290.6,291.6,0.46735796332359314,0.46735796332359314
2907,290.7,291.7,0.3317798972129822,0.3317798972129822
2908,290.8,291.8,0.34078341722488403,0.34078341722488403
2909,290.9,291.9,0.24455510079860687,0.24455510079860687
2910,291.0,292.0,0.2710660696029663,0.2710660696029663
2911,291.1,292.1,0.3782958984375,0.3782958984375
2912,291.2,292.2,0.3862496316432953,0.3862496316432953
2913,291.3,292.3,0.4269198775291443,0.4269198775291443
2914,291.4,292.4,0.48468640446662903,0.48468640446662903
2915,291.5,292.5,0.5103497505187988,0.5103497505187988
2916,291.6,292.6,0.5009642839431763,0.5009642839431763
2917,291.7,292.7,0.36253175139427185,0.36253175139427185
2918,291.8,292.8,0.2684837877750397,0.2684837877750397
2919,291.9,292.9,0.30495506525039673,0.30495506525039673
2920,292.0,293.0,0.29568713903427124,0.29568713903427124
2921,292.1,293.1,0.4128284454345703,0.4128284454345703
2922,292.2,293.2,0.3602745532989502,0.3602745532989502
2923,292.3,293.3,0.4596278965473175,0.4596278965473175
2924,292.4,293.4,0.44586148858070374,0.44586148858070374
2925,292.5,293.5,0.3366248607635498,0.3366248607635498
2926,292.6,293.6,0.544721782207489,0.544721782207489
2927,292.7,293.7,0.6750974059104919,0.6750974059104919
2928,292.8,293.8,0.4099388122558594,0.4099388122558594
2929,292.9,293.9,0.6973587274551392,0.6973587274551392
2930,293.0,294.0,0.5123677849769592,0.5123677849769592
2931,293.1,294.1,0.5930013060569763,0.5930013060569763
2932,293.2,294.2,0.798447847366333,0.798447847366333
2933,293.3,294.3,0.5467625260353088,0.5467625260353088
2934,293.4,294.4,0.6855599284172058,0.6855599284172058
2935,293.5,294.5,0.5318572521209717,0.5318572521209717
2936,293.6,294.6,0.5584203004837036,0.5584203004837036
2937,293.7,294.7,0.5172001123428345,0.5172001123428345
2938,293.8,294.8,0.32431164383888245,0.32431164383888245
2939,293.9,294.9,0.2676392197608948,0.2676392197608948
2940,294.0,295.0,0.5268043875694275,0.5268043875694275
2941,294.1,295.1,0.3510376811027527,0.3510376811027527
2942,294.2,295.2,0.4470449686050415,0.4470449686050415
2943,294.3,295.3,0.414941668510437,0.414941668510437
2944,294.4,295.4,0.6428507566452026,0.6428507566452026
2945,294.5,295.5,0.4447314441204071,0.4447314441204071
2946,294.6,295.6,0.5478024482727051,0.5478024482727051
2947,294.7,295.7,0.6581593155860901,0.6581593155860901
2948,294.8,295.8,0.5750042200088501,0.5750042200088501
2949,294.9,295.9,0.5434214472770691,0.5434214472770691
2950,295.0,296.0,0.5451541543006897,0.5451541543006897
2951,295.1,296.1,0.6247032880783081,0.6247032880783081
2952,295.2,296.2,0.584693968296051,0.584693968296051
2953,295.3,296.3,0.5594646334648132,0.5594646334648132
2954,295.4,296.4,0.5021725296974182,0.5021725296974182
2955,295.5,296.5,0.3816244304180145,0.3816244304180145
2956,295.6,296.6,0.404402494430542,0.404402494430542
2957,295.7,296.7,0.3297552168369293,0.3297552168369293
2958,295.8,296.8,0.39901772141456604,0.39901772141456604
2959,295.9,296.9,0.3357670307159424,0.3357670307159424
2960,296.0,297.0,0.2940828502178192,0.2940828502178192
2961,296.1,297.1,0.3056790828704834,0.3056790828704834
2962,296.2,297.2,0.38713836669921875,0.38713836669921875
2963,296.3,297.3,0.43364977836608887,0.43364977836608887
2964,296.4,297.4,0.43147310614585876,0.43147310614585876
2965,296.5,297.5,0.3250685930252075,0.3250685930252075
2966,296.6,297.6,0.2914169132709503,0.2914169132709503
2967,296.7,297.7,0.3531969487667084,0.3531969487667084
2968,296.8,297.8,0.5376221537590027,0.5376221537590027
2969,296.9,297.9,0.5717869997024536,0.5717869997024536
2970,297.0,298.0,0.5702675580978394,0.5702675580978394
2971,297.1,298.1,0.6570144295692444,0.6570144295692444
2972,297.2,298.2,0.6094586849212646,0.6094586849212646
2973,297.3,298.3,0.6156229376792908,0.6156229376792908
2974,297.4,298.4,0.6080895662307739,0.6080895662307739
2975,297.5,298.5,0.5668084621429443,0.5668084621429443
2976,297.6,298.6,0.7430547475814819,0.7430547475814819
2977,297.7,298.7,0.6180633306503296,0.6180633306503296
2978,297.8,298.8,0.46210363507270813,0.46210363507270813
2979,297.9,298.9,0.4397170841693878,0.4397170841693878
2980,298.0,299.0,0.4962719976902008,0.4962719976902008
2981,298.1,299.1,0.36820635199546814,0.36820635199546814
2982,298.2,299.2,0.3318507969379425,0.3318507969379425
2983,298.3,299.3,0.3768978416919708,0.3768978416919708
2984,298.4,299.4,0.41204631328582764,0.41204631328582764
2985,298.5,299.5,0.31895798444747925,0.31895798444747925
2986,298.6,299.6,0.4624333381652832,0.4624333381652832
2987,298.7,299.7,0.3220753073692322,0.3220753073692322
2988,298.8,299.8,0.33536049723625183,0.33536049723625183
2989,298.9,299.9,0.3633623719215393,0.3633623719215393
2990,299.0,300.0,0.4388952851295471,0.4388952851295471
2991,299.1,300.1,0.4286625385284424,0.4286625385284424
2992,299.2,300.2,0.39592504501342773,0.39592504501342773
2993,299.3,300.3,0.3806866407394409,0.3806866407394409
2994,299.4,300.4,0.5596736669540405,0.5596736669540405
2995,299.5,300.5,0.24528014659881592,0.24528014659881592
2996,299.6,300.6,0.27975088357925415,0.27975088357925415
2997,299.7,300.7,0.23451238870620728,0.23451238870620728
2998,299.8,300.8,0.18017996847629547,0.18017996847629547
2999,299.9,300.9,0.1517641693353653,0.1517641693353653
3000,300.0,301.0,0.23150087893009186,0.23150087893009186
3001,300.1,301.1,0.22469918429851532,0.22469918429851532
3002,300.2,301.2,0.22426506876945496,0.22426506876945496
3003,300.3,301.3,0.4272286593914032,0.4272286593914032
3004,300.4,301.4,0.40910014510154724,0.40910014510154724
3005,300.5,301.5,0.4610424041748047,0.4610424041748047
3006,300.6,301.6,0.5141092538833618,0.5141092538833618
3007,300.7,301.7,0.35844406485557556,0.35844406485557556
3008,300.8,301.8,0.5078452229499817,0.5078452229499817
3009,300.9,301.9,0.41569700837135315,0.41569700837135315
3010,301.0,302.0,0.35590991377830505,0.35590991377830505
3011,301.1,302.1,0.30436593294143677,0.30436593294143677
3012,301.2,302.2,0.2623978853225708,0.2623978853225708
3013,301.3,302.3,0.3015439808368683,0.3015439808368683
3014,301.4,302.4,0.3097858428955078,0.3097858428955078
3015,301.5,302.5,0.33395734429359436,0.33395734429359436
3016,301.6,302.6,0.4304230809211731,0.4304230809211731
3017,301.7,302.7,0.3816404938697815,0.3816404938697815
3018,301.8,302.8,0.40390661358833313,0.40390661358833313
3019,301.9,302.9,0.4212974011898041,0.4212974011898041
3020,302.0,303.0,0.5949693918228149,0.5949693918228149
3021,302.1,303.1,0.5571640133857727,0.5571640133857727
3022,302.2,303.2,0.6779708862304688,0.6779708862304688
3023,302.3,303.3,0.7153393030166626,0.7153393030166626
3024,302.4,303.4,0.5529272556304932,0.5529272556304932
3025,302.5,303.5,0.6795388460159302,0.6795388460159302
3026,302.6,303.6,0.6611190438270569,0.6611190438270569
3027,302.7,303.7,0.5163829326629639,0.5163829326629639
3028,302.8,303.8,0.5380664467811584,0.5380664467811584
3029,302.9,303.9,0.4157816469669342,0.4157816469669342
3030,303.0,304.0,0.3838207721710205,0.3838207721710205
3031,303.1,304.1,0.39855971932411194,0.39855971932411194
3032,303.2,304.2,0.36915525794029236,0.36915525794029236
3033,303.3,304.3,0.34317153692245483,0.34317153692245483
3034,303.4,304.4,0.4121623933315277,0.4121623933315277
3035,303.5,304.5,0.4259061813354492,0.4259061813354492
3036,303.6,304.6,0.4025222659111023,0.4025222659111023
3037,303.7,304.7,0.43046531081199646,0.43046531081199646
3038,303.8,304.8,0.6697571873664856,0.6697571873664856
3039,303.9,304.9,0.5267493724822998,0.5267493724822998
3040,304.0,305.0,0.5880615711212158,0.5880615711212158
3041,304.1,305.1,0.5995203852653503,0.5995203852653503
3042,304.2,305.2,0.5782017707824707,0.5782017707824707
3043,304.3,305.3,0.5513192415237427,0.5513192415237427
3044,304.4,305.4,0.612446129322052,0.612446129322052
3045,304.5,305.5,0.5894555449485779,0.5894555449485779
3046,304.6,305.6,0.6491275429725647,0.6491275429725647
3047,304.7,305.7,0.9484091997146606,0.9484091997146606
3048,304.8,305.8,0.8401998281478882,0.8401998281478882
3049,304.9,305.9,0.8438491225242615,0.8438491225242615
3050,305.0,306.0,0.7282546758651733,0.7282546758651733
3051,305.1,306.1,0.6854524612426758,0.6854524612426758
3052,305.2,306.2,0.6363803744316101,0.6363803744316101
3053,305.3,306.3,0.7479853630065918,0.7479853630065918
3054,305.4,306.4,0.7849867939949036,0.7849867939949036
3055,305.5,306.5,0.5744501948356628,0.5744501948356628
3056,305.6,306.6,0.4631899297237396,0.4631899297237396
3057,305.7,306.7,0.5891163349151611,0.5891163349151611
3058,305.8,306.8,0.45982086658477783,0.45982086658477783
3059,305.9,306.9,0.2984151542186737,0.2984151542186737
3060,306.0,307.0,0.34806936979293823,0.34806936979293823
3061,306.1,307.1,0.3097544014453888,0.3097544014453888
3062,306.2,307.2,0.4417458772659302,0.4417458772659302
3063,306.3,307.3,0.4658961594104767,0.4658961594104767
3064,306.4,307.4,0.5466421246528625,0.5466421246528625
3065,306.5,307.5,0.4592357575893402,0.4592357575893402
3066,306.6,307.6,0.5429084300994873,0.5429084300994873
3067,306.7,307.7,0.3797634541988373,0.3797634541988373
3068,306.8,307.8,0.25273722410202026,0.25273722410202026
3069,306.9,307.9,0.23434598743915558,0.23434598743915558
3070,307.0,308.0,0.42916473746299744,0.42916473746299744
3071,307.1,308.1,0.4814492166042328,0.4814492166042328
3072,307.2,308.2,0.514896810054779,0.514896810054779
3073,307.3,308.3,0.5715681314468384,0.5715681314468384
3074,307.4,308.4,0.4100680947303772,0.4100680947303772
3075,307.5,308.5,0.36236780881881714,0.36236780881881714
3076,307.6,308.6,0.2758621275424957,0.2758621275424957
3077,307.7,308.7,0.21223653852939606,0.21223653852939606
3078,307.8,308.8,0.2747436761856079,0.2747436761856079
3079,307.9,308.9,0.27210864424705505,0.27210864424705505
3080,308.0,309.0,0.313831090927124,0.313831090927124
3081,308.1,309.1,0.27881187200546265,0.27881187200546265
3082,308.2,309.2,0.32956749200820923,0.32956749200820923
3083,308.3,309.3,0.35602039098739624,0.35602039098739624
3084,308.4,309.4,0.41818368434906006,0.41818368434906006
3085,308.5,309.5,0.542322039604187,0.542322039604187
3086,308.6,309.6,0.49046456813812256,0.49046456813812256
3087,308.7,309.7,0.4603000581264496,0.4603000581264496
3088,308.8,309.8,0.4503515064716339,0.4503515064716339
3089,308.9,309.9,0.4656117558479309,0.4656117558479309
3090,309.0,310.0,0.460767924785614,0.460767924785614
3091,309.1,310.1,0.4372141659259796,0.4372141659259796
3092,309.2,310.2,0.34382209181785583,0.34382209181785583
3093,309.3,310.3,0.39374053478240967,0.39374053478240967
3094,309.4,310.4,0.38919296860694885,0.38919296860694885
3095,309.5,310.5,0.4003921449184418,0.4003921449184418
3096,309.6,310.6,0.4561956226825714,0.4561956226825714
3097,309.7,310.7,0.39738720655441284,0.39738720655441284
3098,309.8,310.8,0.4880062937736511,0.4880062937736511
3099,309.9,310.9,0.6433172821998596,0.6433172821998596
3100,310.0,311.0,0.5411847829818726,0.5411847829818726
3101,310.1,311.1,0.513371467590332,0.513371467590332
3102,310.2,311.2,0.4314124584197998,0.4314124584197998
3103,310.3,311.3,0.3852376639842987,0.3852376639842987
3104,310.4,311.4,0.44004854559898376,0.44004854559898376
3105,310.5,311.5,0.48523715138435364,0.48523715138435364
3106,310.6,311.6,0.5119580030441284,0.5119580030441284
3107,310.7,311.7,0.3914839029312134,0.3914839029312134
3108,310.8,311.8,0.4936197102069855,0.4936197102069855
3109,310.9,311.9,0.5576169490814209,0.5576169490814209
3110,311.0,312.0,0.2945113480091095,0.2945113480091095
3111,311.1,312.1,0.2472163438796997,0.2472163438796997
3112,311.2,312.2,0.5211669206619263,0.5211669206619263
3113,311.3,312.3,0.4433973431587219,0.4433973431587219
3114,311.4,312.4,0.44765380024909973,0.44765380024909973
3115,311.5,312.5,0.2793513238430023,0.2793513238430023
3116,311.6,312.6,0.2912628650665283,0.2912628650665283
3117,311.7,312.7,0.33195340633392334,0.33195340633392334
3118,311.8,312.8,0.3823721408843994,0.3823721408843994
3119,311.9,312.9,0.31873559951782227,0.31873559951782227
3120,312.0,313.0,0.3741673231124878,0.3741673231124878
3121,312.1,313.1,0.2819957435131073,0.2819957435131073
3122,312.2,313.2,0.5198284983634949,0.5198284983634949
3123,312.3,313.3,0.39978498220443726,0.39978498220443726
3124,312.4,313.4,0.5780092477798462,0.5780092477798462
3125,312.5,313.5,0.3558256924152374,0.3558256924152374
3126,312.6,313.6,0.546101450920105,0.546101450920105
3127,312.7,313.7,0.46120747923851013,0.46120747923851013
3128,312.8,313.8,0.3978554308414459,0.3978554308414459
3129,312.9,313.9,0.6758840680122375,0.6758840680122375
3130,313.0,314.0,0.6856622099876404,0.6856622099876404
3131,313.1,314.1,0.5485702753067017,0.5485702753067017
3132,313.2,314.2,0.429745078086853,0.429745078086853
3133,313.3,314.3,0.46037304401397705,0.46037304401397705
3134,313.4,314.4,0.5772437453269958,0.5772437453269958
3135,313.5,314.5,0.6568546891212463,0.6568546891212463
3136,313.6,314.6,0.6767910122871399,0.6767910122871399
3137,313.7,314.7,0.6482874751091003,0.6482874751091003
3138,313.8,314.8,0.6370955109596252,0.6370955109596252
3139,313.9,314.9,0.5630007982254028,0.5630007982254028
3140,314.0,315.0,0.5530182123184204,0.5530182123184204
3141,314.1,315.1,0.7199904918670654,0.7199904918670654
3142,314.2,315.2,0.6359923481941223,0.6359923481941223
3143,314.3,315.3,0.6489842534065247,0.6489842534065247
3144,314.4,315.4,0.4956115186214447,0.4956115186214447
3145,314.5,315.5,0.4313870668411255,0.4313870668411255
3146,314.6,315.6,0.5248661041259766,0.5248661041259766
3147,314.7,315.7,0.5907076597213745,0.5907076597213745
3148,314.8,315.8,0.5520097017288208,0.5520097017288208
3149,314.9,315.9,0.6366001963615417,0.6366001963615417
3150,315.0,316.0,0.6790527701377869,0.6790527701377869
3151,315.1,316.1,0.6650933623313904,0.6650933623313904
3152,315.2,316.2,0.5257318019866943,0.5257318019866943
3153,315.3,316.3,0.3883424997329712,0.3883424997329712
3154,315.4,316.4,0.34357115626335144,0.34357115626335144
3155,315.5,316.5,0.3637186586856842,0.3637186586856842
3156,315.6,316.6,0.46331584453582764,0.46331584453582764
3157,315.7,316.7,0.1888839304447174,0.1888839304447174
3158,315.8,316.8,0.1858857125043869,0.1858857125043869
3159,315.9,316.9,0.2505043148994446,0.2505043148994446
3160,316.0,317.0,0.3906894028186798,0.3906894028186798
3161,316.1,317.1,0.5245829820632935,0.5245829820632935
3162,316.2,317.2,0.5043622255325317,0.5043622255325317
3163,316.3,317.3,0.34858688712120056,0.34858688712120056
3164,316.4,317.4,0.4143393337726593,0.4143393337726593
3165,316.5,317.5,0.478040486574173,0.478040486574173
3166,316.6,317.6,0.3090979754924774,0.3090979754924774
3167,316.7,317.7,0.21169088780879974,0.21169088780879974
3168,316.8,317.8,0.19333234429359436,0.19333234429359436
3169,316.9,317.9,0.2969433665275574,0.2969433665275574
3170,317.0,318.0,0.2852049469947815,0.2852049469947815
3171,317.1,318.1,0.19247455894947052,0.19247455894947052
3172,317.2,318.2,0.3597581088542938,0.3597581088542938
3173,317.3,318.3,0.2888637185096741,0.2888637185096741
3174,317.4,318.4,0.3544473946094513,0.3544473946094513
3175,317.5,318.5,0.426187664270401,0.426187664270401
3176,317.6,318.6,0.27209410071372986,0.27209410071372986
3177,317.7,318.7,0.532430112361908,0.532430112361908
3178,317.8,318.8,0.31018221378326416,0.31018221378326416
3179,317.9,318.9,0.3561176657676697,0.3561176657676697
3180,318.0,319.0,0.37564632296562195,0.37564632296562195
3181,318.1,319.1,0.298649400472641,0.298649400472641
3182,318.2,319.2,0.4949387013912201,0.4949387013912201
3183,318.3,319.3,0.44977521896362305,0.44977521896362305
3184,318.4,319.4,0.4331108033657074,0.4331108033657074
3185,318.5,319.5,0.36435139179229736,0.36435139179229736
3186,318.6,319.6,0.3193743824958801,0.3193743824958801
3187,318.7,319.7,0.3573985993862152,0.3573985993862152
3188,318.8,319.8,0.4306485056877136,0.4306485056877136
3189,318.9,319.9,0.4216936230659485,0.4216936230659485
3190,319.0,320.0,0.34037894010543823,0.34037894010543823
3191,319.1,320.1,0.30172285437583923,0.30172285437583923
3192,319.2,320.2,0.4776638150215149,0.4776638150215149
3193,319.3,320.3,0.25615713000297546,0.25615713000297546
3194,319.4,320.4,0.2939470708370209,0.2939470708370209
3195,319.5,320.5,0.3821226954460144,0.3821226954460144
3196,319.6,320.6,0.27736496925354004,0.27736496925354004
3197,319.7,320.7,0.38829129934310913,0.38829129934310913
3198,319.8,320.8,0.44472000002861023,0.44472000002861023
3199,319.9,320.9,0.461780309677124,0.461780309677124
3200,320.0,321.0,0.5435614585876465,0.5435614585876465
3201,320.1,321.1,0.29719415307044983,0.29719415307044983
3202,320.2,321.2,0.32498258352279663,0.32498258352279663
3203,320.3,321.3,0.2949117124080658,0.2949117124080658
3204,320.4,321.4,0.35876479744911194,0.35876479744911194
3205,320.5,321.5,0.4728582799434662,0.4728582799434662
3206,320.6,321.6,0.4323098659515381,0.4323098659515381
3207,320.7,321.7,0.2749575078487396,0.2749575078487396
3208,320.8,321.8,0.27983781695365906,0.27983781695365906
3209,320.9,321.9,0.232892706990242,0.232892706990242
3210,321.0,322.0,0.42167848348617554,0.42167848348617554
3211,321.1,322.1,0.48132747411727905,0.48132747411727905
3212,321.2,322.2,0.36234983801841736,0.36234983801841736
3213,321.3,322.3,0.3202645778656006,0.3202645778656006
3214,321.4,322.4,0.3791462182998657,0.3791462182998657
3215,321.5,322.5,0.4144555330276489,0.4144555330276489
3216,321.6,322.6,0.40340325236320496,0.40340325236320496
3217,321.7,322.7,0.46615996956825256,0.46615996956825256
3218,321.8,322.8,0.434813529253006,0.434813529253006
3219,321.9,322.9,0.4538523256778717,0.4538523256778717
3220,322.0,323.0,0.5106949210166931,0.5106949210166931
3221,322.1,323.1,0.5124868750572205,0.5124868750572205
3222,322.2,323.2,0.5099923610687256,0.5099923610687256
3223,322.3,323.3,0.7545941472053528,0.7545941472053528
3224,322.4,323.4,0.8469438552856445,0.8469438552856445
3225,322.5,323.5,0.7552493214607239,0.7552493214607239
3226,322.6,323.6,0.34551048278808594,0.34551048278808594
3227,322.7,323.7,0.4783061444759369,0.4783061444759369
3228,322.8,323.8,0.8027009963989258,0.8027009963989258
3229,322.9,323.9,0.811720609664917,0.811720609664917
3230,323.0,324.0,0.9354199767112732,0.9354199767112732
3231,323.1,324.1,0.8745295405387878,0.8745295405387878
3232,323.2,324.2,0.7081734538078308,0.7081734538078308
3233,323.3,324.3,0.71392822265625,0.71392822265625
3234,323.4,324.4,0.686592698097229,0.686592698097229
3235,323.5,324.5,0.6382772326469421,0.6382772326469421
3236,323.6,324.6,0.5719693899154663,0.5719693899154663
3237,323.7,324.7,0.4797702133655548,0.4797702133655548
3238,323.8,324.8,0.8546947240829468,0.8546947240829468
3239,323.9,324.9,0.8979294896125793,0.8979294896125793
3240,324.0,325.0,0.9153969287872314,0.9153969287872314
3241,324.1,325.1,0.7640505433082581,0.7640505433082581
3242,324.2,325.2,0.9066477417945862,0.9066477417945862
3243,324.3,325.3,0.7043131589889526,0.7043131589889526
3244,324.4,325.4,0.6767685413360596,0.6767685413360596
3245,324.5,325.5,0.7050429582595825,0.7050429582595825
3246,324.6,325.6,0.7806411385536194,0.7806411385536194
3247,324.7,325.7,0.8833174705505371,0.8833174705505371
3248,324.8,325.8,0.9268549084663391,0.9268549084663391
3249,324.9,325.9,0.8984231948852539,0.8984231948852539
3250,325.0,326.0,0.9455505013465881,0.9455505013465881
3251,325.1,326.1,0.942196249961853,0.942196249961853
3252,325.2,326.2,0.9401025176048279,0.9401025176048279
3253,325.3,326.3,0.944902241230011,0.944902241230011
3254,325.4,326.4,0.8671980500221252,0.8671980500221252
3255,325.5,326.5,0.4293406903743744,0.4293406903743744
3256,325.6,326.6,0.6362457275390625,0.6362457275390625
3257,325.7,326.7,0.6904339790344238,0.6904339790344238
3258,325.8,326.8,0.546455442905426,0.546455442905426
3259,325.9,326.9,0.2917174994945526,0.2917174994945526
3260,326.0,327.0,0.24059604108333588,0.24059604108333588
3261,326.1,327.1,0.3263401389122009,0.3263401389122009
3262,326.2,327.2,0.19756458699703217,0.19756458699703217
3263,326.3,327.3,0.3410632610321045,0.3410632610321045
3264,326.4,327.4,0.6334332227706909,0.6334332227706909
3265,326.5,327.5,0.4247378408908844,0.4247378408908844
3266,326.6,327.6,0.2718808650970459,0.2718808650970459
3267,326.7,327.7,0.352427214384079,0.352427214384079
3268,326.8,327.8,0.2940947711467743,0.2940947711467743
3269,326.9,327.9,0.3956713378429413,0.3956713378429413
3270,327.0,328.0,0.2991265058517456,0.2991265058517456
3271,327.1,328.1,0.4544656574726105,0.4544656574726105
3272,327.2,328.2,0.4242159426212311,0.4242159426212311
3273,327.3,328.3,0.32012900710105896,0.32012900710105896
3274,327.4,328.4,0.34011125564575195,0.34011125564575195
3275,327.5,328.5,0.4248652160167694,0.4248652160167694
3276,327.6,328.6,0.4873025417327881,0.4873025417327881
3277,327.7,328.7,0.5744519233703613,0.5744519233703613
3278,327.8,328.8,0.45337367057800293,0.45337367057800293
3279,327.9,328.9,0.4820222854614258,0.4820222854614258
3280,328.0,329.0,0.4825233221054077,0.4825233221054077
3281,328.1,329.1,0.5506365895271301,0.5506365895271301
3282,328.2,329.2,0.4526614248752594,0.4526614248752594
3283,328.3,329.3,0.3669690191745758,0.3669690191745758
3284,328.4,329.4,0.5541979670524597,0.5541979670524597
3285,328.5,329.5,0.36505842208862305,0.36505842208862305
3286,328.6,329.6,0.3860243856906891,0.3860243856906891
3287,328.7,329.7,0.4390825927257538,0.4390825927257538
3288,328.8,329.8,0.33083710074424744,0.33083710074424744
3289,328.9,329.9,0.3459227681159973,0.3459227681159973
3290,329.0,330.0,0.2963044047355652,0.2963044047355652
3291,329.1,330.1,0.3122422993183136,0.3122422993183136
3292,329.2,330.2,0.39905431866645813,0.39905431866645813
3293,329.3,330.3,0.4210338592529297,0.4210338592529297
3294,329.4,330.4,0.459246426820755,0.459246426820755
3295,329.5,330.5,0.39043211936950684,0.39043211936950684
3296,329.6,330.6,0.3502342402935028,0.3502342402935028
3297,329.7,330.7,0.28332144021987915,0.28332144021987915
3298,329.8,330.8,0.2410556524991989,0.2410556524991989
3299,329.9,330.9,0.3441934883594513,0.3441934883594513
3300,330.0,331.0,0.3673732876777649,0.3673732876777649
3301,330.1,331.1,0.2562287747859955,0.2562287747859955
3302,330.2,331.2,0.30615806579589844,0.30615806579589844
3303,330.3,331.3,0.2380533069372177,0.2380533069372177
3304,330.4,331.4,0.35984474420547485,0.35984474420547485
3305,330.5,331.5,0.19686834514141083,0.19686834514141083
3306,330.6,331.6,0.13310275971889496,0.13310275971889496
3307,330.7,331.7,0.1720479130744934,0.1720479130744934
3308,330.8,331.8,0.23598021268844604,0.23598021268844604
3309,330.9,331.9,0.3489624559879303,0.3489624559879303
3310,331.0,332.0,0.3610059916973114,0.3610059916973114
3311,331.1,332.1,0.2278805375099182,0.2278805375099182
3312,331.2,332.2,0.2933456599712372,0.2933456599712372
3313,331.3,332.3,0.4228641092777252,0.4228641092777252
3314,331.4,332.4,0.341500461101532,0.341500461101532
3315,331.5,332.5,0.25856173038482666,0.25856173038482666
3316,331.6,332.6,0.3202306926250458,0.3202306926250458
3317,331.7,332.7,0.302100270986557,0.302100270986557
3318,331.8,332.8,0.07551848143339157,0.07551848143339157
3319,331.9,332.9,0.12844231724739075,0.12844231724739075
3320,332.0,333.0,0.12889723479747772,0.12889723479747772
3321,332.1,333.1,0.17552800476551056,0.17552800476551056
3322,332.2,333.2,0.2662602365016937,0.2662602365016937
3323,332.3,333.3,0.2867840826511383,0.2867840826511383
3324,332.4,333.4,0.2169312983751297,0.2169312983751297
3325,332.5,333.5,0.21662753820419312,0.21662753820419312
3326,332.6,333.6,0.2127089500427246,0.2127089500427246
3327,332.7,333.7,0.38984066247940063,0.38984066247940063
3328,332.8,333.8,0.24902158975601196,0.24902158975601196
3329,332.9,333.9,0.2956988513469696,0.2956988513469696
3330,333.0,334.0,0.30634334683418274,0.30634334683418274
3331,333.1,334.1,0.27452224493026733,0.27452224493026733
3332,333.2,334.2,0.16182494163513184,0.16182494163513184
3333,333.3,334.3,0.1668701022863388,0.1668701022863388
3334,333.4,334.4,0.25785648822784424,0.25785648822784424
3335,333.5,334.5,0.18855704367160797,0.18855704367160797
3336,333.6,334.6,0.16530220210552216,0.16530220210552216
3337,333.7,334.7,0.09009510278701782,0.09009510278701782
3338,333.8,334.8,0.09123876690864563,0.09123876690864563
3339,333.9,334.9,0.20123040676116943,0.20123040676116943
3340,334.0,335.0,0.2879953980445862,0.2879953980445862
3341,334.1,335.1,0.27852362394332886,0.27852362394332886
3342,334.2,335.2,0.3250061571598053,0.3250061571598053
3343,334.3,335.3,0.4935116171836853,0.4935116171836853
3344,334.4,335.4,0.5237800478935242,0.5237800478935242
3345,334.5,335.5,0.49736830592155457,0.49736830592155457
3346,334.6,335.6,0.4526907503604889,0.4526907503604889
3347,334.7,335.7,0.3719846308231354,0.3719846308231354
3348,334.8,335.8,0.25212499499320984,0.25212499499320984
3349,334.9,335.9,0.2864854335784912,0.2864854335784912
3350,335.0,336.0,0.2592289447784424,0.2592289447784424
3351,335.1,336.1,0.25889071822166443,0.25889071822166443
3352,335.2,336.2,0.2469550222158432,0.2469550222158432
3353,335.3,336.3,0.29983776807785034,0.29983776807785034
3354,335.4,336.4,0.30654051899909973,0.30654051899909973
3355,335.5,336.5,0.30712127685546875,0.30712127685546875
3356,335.6,336.6,0.4062901437282562,0.4062901437282562
3357,335.7,336.7,0.40697017312049866,0.40697017312049866
3358,335.8,336.8,0.5659564137458801,0.5659564137458801
3359,335.9,336.9,0.6326064467430115,0.6326064467430115
3360,336.0,337.0,0.635585367679596,0.635585367679596
3361,336.1,337.1,0.6154552102088928,0.6154552102088928
3362,336.2,337.2,0.5480024814605713,0.5480024814605713
3363,336.3,337.3,0.6481872200965881,0.6481872200965881
3364,336.4,337.4,0.47261694073677063,0.47261694073677063
3365,336.5,337.5,0.6727720499038696,0.6727720499038696
3366,336.6,337.6,0.41447028517723083,0.41447028517723083
3367,336.7,337.7,0.39925920963287354,0.39925920963287354
3368,336.8,337.8,0.42104828357696533,0.42104828357696533
3369,336.9,337.9,0.3247315585613251,0.3247315585613251
3370,337.0,338.0,0.23208314180374146,0.23208314180374146
3371,337.1,338.1,0.3021449148654938,0.3021449148654938
3372,337.2,338.2,0.3912835121154785,0.3912835121154785
3373,337.3,338.3,0.38557085394859314,0.38557085394859314
3374,337.4,338.4,0.4278178811073303,0.4278178811073303
3375,337.5,338.5,0.4009239077568054,0.4009239077568054
3376,337.6,338.6,0.5432700514793396,0.5432700514793396
3377,337.7,338.7,0.4081399738788605,0.4081399738788605
3378,337.8,338.8,0.48596683144569397,0.48596683144569397
3379,337.9,338.9,0.5343731641769409,0.5343731641769409
3380,338.0,339.0,0.4569065272808075,0.4569065272808075
3381,338.1,339.1,0.4860648810863495,0.4860648810863495
3382,338.2,339.2,0.3846600353717804,0.3846600353717804
3383,338.3,339.3,0.3179841637611389,0.3179841637611389
3384,338.4,339.4,0.28558894991874695,0.28558894991874695
3385,338.5,339.5,0.30359941720962524,0.30359941720962524
3386,338.6,339.6,0.27614277601242065,0.27614277601242065
3387,338.7,339.7,0.4149925112724304,0.4149925112724304
3388,338.8,339.8,0.3582414984703064,0.3582414984703064
3389,338.9,339.9,0.3089081346988678,0.3089081346988678
3390,339.0,340.0,0.36139726638793945,0.36139726638793945
3391,339.1,340.1,0.4082762897014618,0.4082762897014618
3392,339.2,340.2,0.36250993609428406,0.36250993609428406
3393,339.3,340.3,0.3691811263561249,0.3691811263561249
3394,339.4,340.4,0.31809863448143005,0.31809863448143005
3395,339.5,340.5,0.2962736189365387,0.2962736189365387
3396,339.6,340.6,0.394538015127182,0.394538015127182
3397,339.7,340.7,0.427593469619751,0.427593469619751
3398,339.8,340.8,0.3669354319572449,0.3669354319572449
3399,339.9,340.9,0.3352890610694885,0.3352890610694885
3400,340.0,341.0,0.38108715415000916,0.38108715415000916
3401,340.1,341.1,0.25627025961875916,0.25627025961875916
3402,340.2,341.2,0.23544996976852417,0.23544996976852417
3403,340.3,341.3,0.25154176354408264,0.25154176354408264
3404,340.4,341.4,0.25371915102005005,0.25371915102005005
3405,340.5,341.5,0.2548677623271942,0.2548677623271942
3406,340.6,341.6,0.40896087884902954,0.40896087884902954
3407,340.7,341.7,0.2617180347442627,0.2617180347442627
3408,340.8,341.8,0.22620370984077454,0.22620370984077454
3409,340.9,341.9,0.37242645025253296,0.37242645025253296
3410,341.0,342.0,0.3962980806827545,0.3962980806827545
3411,341.1,342.1,0.4763670861721039,0.4763670861721039
3412,341.2,342.2,0.34255698323249817,0.34255698323249817
3413,341.3,342.3,0.2703397572040558,0.2703397572040558
3414,341.4,342.4,0.3597000539302826,0.3597000539302826
3415,341.5,342.5,0.3536588251590729,0.3536588251590729
3416,341.6,342.6,0.22737562656402588,0.22737562656402588
3417,341.7,342.7,0.3629724085330963,0.3629724085330963
3418,341.8,342.8,0.5908970236778259,0.5908970236778259
3419,341.9,342.9,0.5968162417411804,0.5968162417411804
3420,342.0,343.0,0.6089529991149902,0.6089529991149902
3421,342.1,343.1,0.6250287890434265,0.6250287890434265
3422,342.2,343.2,0.568856418132782,0.568856418132782
3423,342.3,343.3,0.5349375605583191,0.5349375605583191
3424,342.4,343.4,0.38999179005622864,0.38999179005622864
3425,342.5,343.5,0.274458110332489,0.274458110332489
3426,342.6,343.6,0.28747236728668213,0.28747236728668213
3427,342.7,343.7,0.504220724105835,0.504220724105835
3428,342.8,343.8,0.4191051721572876,0.4191051721572876
3429,342.9,343.9,0.34903356432914734,0.34903356432914734
3430,343.0,344.0,0.2374717891216278,0.2374717891216278
3431,343.1,344.1,0.24878108501434326,0.24878108501434326
3432,343.2,344.2,0.22885069251060486,0.22885069251060486
3433,343.3,344.3,0.1533450484275818,0.1533450484275818
3434,343.4,344.4,0.1611996591091156,0.1611996591091156
3435,343.5,344.5,0.12196663022041321,0.12196663022041321
3436,343.6,344.6,0.27597421407699585,0.27597421407699585
3437,343.7,344.7,0.26136255264282227,0.26136255264282227
3438,343.8,344.8,0.3094647526741028,0.3094647526741028
3439,343.9,344.9,0.2308395504951477,0.2308395504951477
3440,344.0,345.0,0.3585800230503082,0.3585800230503082
3441,344.1,345.1,0.5584562420845032,0.5584562420845032
3442,344.2,345.2,0.5370871424674988,0.5370871424674988
3443,344.3,345.3,0.3675798177719116,0.3675798177719116
3444,344.4,345.4,0.5017791390419006,0.5017791390419006
3445,344.5,345.5,0.39345884323120117,0.39345884323120117
3446,344.6,345.6,0.2788512110710144,0.2788512110710144
3447,344.7,345.7,0.23446425795555115,0.23446425795555115
3448,344.8,345.8,0.3787817060947418,0.3787817060947418
3449,344.9,345.9,0.5023496150970459,0.5023496150970459
3450,345.0,346.0,0.34581753611564636,0.34581753611564636
3451,345.1,346.1,0.3239433467388153,0.3239433467388153
3452,345.2,346.2,0.24751617014408112,0.24751617014408112
3453,345.3,346.3,0.2310267686843872,0.2310267686843872
3454,345.4,346.4,0.21465957164764404,0.21465957164764404
3455,345.5,346.5,0.3011704385280609,0.3011704385280609
3456,345.6,346.6,0.306517094373703,0.306517094373703
3457,345.7,346.7,0.2689889967441559,0.2689889967441559
3458,345.8,346.8,0.22894161939620972,0.22894161939620972
3459,345.9,346.9,0.2448904812335968,0.2448904812335968
3460,346.0,347.0,0.16835153102874756,0.16835153102874756
3461,346.1,347.1,0.2055588960647583,0.2055588960647583
3462,346.2,347.2,0.16978462040424347,0.16978462040424347
3463,346.3,347.3,0.16575099527835846,0.16575099527835846
3464,346.4,347.4,0.22103218734264374,0.22103218734264374
3465,346.5,347.5,0.2087777704000473,0.2087777704000473
3466,346.6,347.6,0.25573596358299255,0.25573596358299255
3467,346.7,347.7,0.21694858372211456,0.21694858372211456
3468,346.8,347.8,0.4252575635910034,0.4252575635910034
3469,346.9,347.9,0.3867071568965912,0.3867071568965912
3470,347.0,348.0,0.2988418638706207,0.2988418638706207
3471,347.1,348.1,0.2840808928012848,0.2840808928012848
3472,347.2,348.2,0.3867718279361725,0.3867718279361725
3473,347.3,348.3,0.2594076991081238,0.2594076991081238
3474,347.4,348.4,0.22474093735218048,0.22474093735218048
3475,347.5,348.5,0.19894933700561523,0.19894933700561523
3476,347.6,348.6,0.14693988859653473,0.14693988859653473
3477,347.7,348.7,0.26963144540786743,0.26963144540786743
3478,347.8,348.8,0.32094231247901917,0.32094231247901917
3479,347.9,348.9,0.34801721572875977,0.34801721572875977
3480,348.0,349.0,0.4464566707611084,0.4464566707611084
3481,348.1,349.1,0.43154025077819824,0.43154025077819824
3482,348.2,349.2,0.4649403989315033,0.4649403989315033
3483,348.3,349.3,0.3922598958015442,0.3922598958015442
3484,348.4,349.4,0.4011573791503906,0.4011573791503906
3485,348.5,349.5,0.48476850986480713,0.48476850986480713
3486,348.6,349.6,0.44322165846824646,0.44322165846824646
3487,348.7,349.7,0.41153571009635925,0.41153571009635925
3488,348.8,349.8,0.4331417679786682,0.4331417679786682
3489,348.9,349.9,0.4953222870826721,0.4953222870826721
3490,349.0,350.0,0.40468931198120117,0.40468931198120117
3491,349.1,350.1,0.46998247504234314,0.46998247504234314
3492,349.2,350.2,0.43925681710243225,0.43925681710243225
3493,349.3,350.3,0.3727715313434601,0.3727715313434601
3494,349.4,350.4,0.2765456438064575,0.2765456438064575
3495,349.5,350.5,0.5678547620773315,0.5678547620773315
3496,349.6,350.6,0.3630322515964508,0.3630322515964508
3497,349.7,350.7,0.23786292970180511,0.23786292970180511
3498,349.8,350.8,0.2761751413345337,0.2761751413345337
3499,349.9,350.9,0.30756109952926636,0.30756109952926636
3500,350.0,351.0,0.4104214608669281,0.4104214608669281
3501,350.1,351.1,0.40449854731559753,0.40449854731559753
3502,350.2,351.2,0.4855242371559143,0.4855242371559143
3503,350.3,351.3,0.4451422393321991,0.4451422393321991
3504,350.4,351.4,0.5034291744232178,0.5034291744232178
3505,350.5,351.5,0.45833253860473633,0.45833253860473633
3506,350.6,351.6,0.20362278819084167,0.20362278819084167
3507,350.7,351.7,0.22605781257152557,0.22605781257152557
3508,350.8,351.8,0.3278194069862366,0.3278194069862366
3509,350.9,351.9,0.31129831075668335,0.31129831075668335
3510,351.0,352.0,0.34347811341285706,0.34347811341285706
3511,351.1,352.1,0.3665753901004791,0.3665753901004791
3512,351.2,352.2,0.29603537917137146,0.29603537917137146
3513,351.3,352.3,0.2605624496936798,0.2605624496936798
3514,351.4,352.4,0.3233706057071686,0.3233706057071686
3515,351.5,352.5,0.18013446033000946,0.18013446033000946
3516,351.6,352.6,0.19283640384674072,0.19283640384674072
3517,351.7,352.7,0.2065388709306717,0.2065388709306717
3518,351.8,352.8,0.11965115368366241,0.11965115368366241
3519,351.9,352.9,0.36217156052589417,0.36217156052589417
3520,352.0,353.0,0.23412275314331055,0.23412275314331055
3521,352.1,353.1,0.22679872810840607,0.22679872810840607
3522,352.2,353.2,0.36905956268310547,0.36905956268310547
3523,352.3,353.3,0.4012856185436249,0.4012856185436249
3524,352.4,353.4,0.48437219858169556,0.48437219858169556
3525,352.5,353.5,0.666408360004425,0.666408360004425
3526,352.6,353.6,0.6445701718330383,0.6445701718330383
3527,352.7,353.7,0.5840531587600708,0.5840531587600708
3528,352.8,353.8,0.5886549353599548,0.5886549353599548
3529,352.9,353.9,0.5616185665130615,0.5616185665130615
3530,353.0,354.0,0.6605736017227173,0.6605736017227173
3531,353.1,354.1,0.5031542778015137,0.5031542778015137
3532,353.2,354.2,0.6059229373931885,0.6059229373931885
3533,353.3,354.3,0.48892343044281006,0.48892343044281006
3534,353.4,354.4,0.5730411410331726,0.5730411410331726
3535,353.5,354.5,0.3917187750339508,0.3917187750339508
3536,353.6,354.6,0.43492555618286133,0.43492555618286133
3537,353.7,354.7,0.3815550208091736,0.3815550208091736
3538,353.8,354.8,0.31429871916770935,0.31429871916770935
3539,353.9,354.9,0.29226094484329224,0.29226094484329224
3540,354.0,355.0,0.48200833797454834,0.48200833797454834
3541,354.1,355.1,0.1908571869134903,0.1908571869134903
3542,354.2,355.2,0.18139278888702393,0.18139278888702393
3543,354.3,355.3,0.36792996525764465,0.36792996525764465
3544,354.4,355.4,0.3698178827762604,0.3698178827762604
3545,354.5,355.5,0.36010217666625977,0.36010217666625977
3546,354.6,355.6,0.25603750348091125,0.25603750348091125
3547,354.7,355.7,0.1693776696920395,0.1693776696920395
3548,354.8,355.8,0.2652585208415985,0.2652585208415985
3549,354.9,355.9,0.17837944626808167,0.17837944626808167
3550,355.0,356.0,0.3456478416919708,0.3456478416919708
3551,355.1,356.1,0.402165025472641,0.402165025472641
3552,355.2,356.2,0.34562253952026367,0.34562253952026367
3553,355.3,356.3,0.36741894483566284,0.36741894483566284
3554,355.4,356.4,0.2897065579891205,0.2897065579891205
3555,355.5,356.5,0.28081056475639343,0.28081056475639343
3556,355.6,356.6,0.332949697971344,0.332949697971344
3557,355.7,356.7,0.2929234802722931,0.2929234802722931
3558,355.8,356.8,0.2761209309101105,0.2761209309101105
3559,355.9,356.9,0.385894775390625,0.385894775390625
3560,356.0,357.0,0.2577722668647766,0.2577722668647766
3561,356.1,357.1,0.3564031720161438,0.3564031720161438
3562,356.2,357.2,0.38171079754829407,0.38171079754829407
3563,356.3,357.3,0.4593229591846466,0.4593229591846466
3564,356.4,357.4,0.32092779874801636,0.32092779874801636
3565,356.5,357.5,0.3994785249233246,0.3994785249233246
3566,356.6,357.6,0.32407787442207336,0.32407787442207336
3567,356.7,357.7,0.328693151473999,0.328693151473999
3568,356.8,357.8,0.2835371494293213,0.2835371494293213
3569,356.9,357.9,0.3559666872024536,0.3559666872024536
3570,357.0,358.0,0.4220401644706726,0.4220401644706726
3571,357.1,358.1,0.4561769366264343,0.4561769366264343
3572,357.2,358.2,0.5443884134292603,0.5443884134292603
3573,357.3,358.3,0.15524286031723022,0.15524286031723022
3574,357.4,358.4,0.2647528052330017,0.2647528052330017
3575,357.5,358.5,0.36217108368873596,0.36217108368873596
3576,357.6,358.6,0.45965278148651123,0.45965278148651123
3577,357.7,358.7,0.543565571308136,0.543565571308136
3578,357.8,358.8,0.5018660426139832,0.5018660426139832
3579,357.9,358.9,0.41593024134635925,0.41593024134635925
3580,358.0,359.0,0.3579954504966736,0.3579954504966736
3581,358.1,359.1,0.33535659313201904,0.33535659313201904
3582,358.2,359.2,0.31802991032600403,0.31802991032600403
3583,358.3,359.3,0.41013145446777344,0.41013145446777344
3584,358.4,359.4,0.38594743609428406,0.38594743609428406
3585,358.5,359.5,0.39398640394210815,0.39398640394210815
3586,358.6,359.6,0.2746713161468506,0.2746713161468506
3587,358.7,359.7,0.31091541051864624,0.31091541051864624
3588,358.8,359.8,0.27817872166633606,0.27817872166633606
3589,358.9,359.9,0.3075421452522278,0.3075421452522278
3590,359.0,360.0,0.2604466378688812,0.2604466378688812
3591,359.1,360.1,0.32087987661361694,0.32087987661361694
3592,359.2,360.2,0.4905346632003784,0.4905346632003784
3593,359.3,360.3,0.3181888461112976,0.3181888461112976
3594,359.4,360.4,0.3805588185787201,0.3805588185787201
3595,359.5,360.5,0.3677414059638977,0.3677414059638977
3596,359.6,360.6,0.33006060123443604,0.33006060123443604
3597,359.7,360.7,0.3510662317276001,0.3510662317276001
3598,359.8,360.8,0.21047408878803253,0.21047408878803253
3599,359.9,360.9,0.2498198300600052,0.2498198300600052
3600,360.0,361.0,0.3606748878955841,0.3606748878955841
3601,360.1,361.1,0.3405870795249939,0.3405870795249939
3602,360.2,361.2,0.40468963980674744,0.40468963980674744
3603,360.3,361.3,0.4808637499809265,0.4808637499809265
3604,360.4,361.4,0.4370795786380768,0.4370795786380768
3605,360.5,361.5,0.39530137181282043,0.39530137181282043
3606,360.6,361.6,0.5136651992797852,0.5136651992797852
3607,360.632,361.632,0.5192848443984985,0.5192848443984985
