frame_idx,start_s,end_s,prob_cough,prob_cough_smooth
0,0.0,1.0,0.30539634823799133,0.30539634823799133
1,0.1,1.1,0.6011452674865723,0.6011452674865723
2,0.2,1.2,0.4272618889808655,0.4272618889808655
3,0.3,1.3,0.3442762792110443,0.3442762792110443
4,0.4,1.4,0.3519147038459778,0.3519147038459778
5,0.5,1.5,0.42318153381347656,0.42318153381347656
6,0.6,1.6,0.34835225343704224,0.34835225343704224
7,0.7,1.7,0.30052450299263,0.30052450299263
8,0.8,1.8,0.436337411403656,0.436337411403656
9,0.9,1.9,0.37267744541168213,0.37267744541168213
10,1.0,2.0,0.3560020625591278,0.3560020625591278
11,1.1,2.1,0.47889313101768494,0.47889313101768494
12,1.2,2.2,0.4506464898586273,0.4506464898586273
13,1.3,2.3,0.33421120047569275,0.33421120047569275
14,1.4,2.4,0.30822664499282837,0.30822664499282837
15,1.5,2.5,0.47173619270324707,0.47173619270324707
16,1.6,2.6,0.38963600993156433,0.38963600993156433
17,1.7,2.7,0.4916031062602997,0.4916031062602997
18,1.8,2.8,0.33406755328178406,0.33406755328178406
19,1.9,2.9,0.46483126282691956,0.46483126282691956
20,2.0,3.0,0.2994026243686676,0.2994026243686676
21,2.1,3.1,0.3413149416446686,0.3413149416446686
22,2.2,3.2,0.33942657709121704,0.33942657709121704
23,2.3,3.3,0.36068156361579895,0.36068156361579895
24,2.4,3.4,0.33409935235977173,0.33409935235977173
25,2.5,3.5,0.33347195386886597,0.33347195386886597
26,2.6,3.6,0.35462063550949097,0.35462063550949097
27,2.7,3.7,0.33415770530700684,0.33415770530700684
28,2.8,3.8,0.2899584174156189,0.2899584174156189
29,2.9,3.9,0.3391898274421692,0.3391898274421692
30,3.0,4.0,0.46431681513786316,0.46431681513786316
31,3.1,4.1,0.3308529257774353,0.3308529257774353
32,3.2,4.2,0.40811750292778015,0.40811750292778015
33,3.3,4.3,0.29888230562210083,0.29888230562210083
34,3.4,4.4,0.2852504253387451,0.2852504253387451
35,3.5,4.5,0.3350941836833954,0.3350941836833954
36,3.6,4.6,0.38892877101898193,0.38892877101898193
37,3.7,4.7,0.33450257778167725,0.33450257778167725
38,3.8,4.8,0.37031543254852295,0.37031543254852295
39,3.9,4.9,0.3630680739879608,0.3630680739879608
40,4.0,5.0,0.2505640983581543,0.2505640983581543
41,4.1,5.1,0.3087204396724701,0.3087204396724701
42,4.2,5.2,0.26555609703063965,0.26555609703063965
43,4.3,5.3,0.2999298870563507,0.2999298870563507
44,4.4,5.4,0.2666797935962677,0.2666797935962677
45,4.5,5.5,0.21018415689468384,0.21018415689468384
46,4.6,5.6,0.2841041386127472,0.2841041386127472
47,4.7,5.7,0.21294908225536346,0.21294908225536346
48,4.8,5.8,0.34250831604003906,0.34250831604003906
49,4.9,5.9,0.4293094277381897,0.4293094277381897
50,5.0,6.0,0.3880992531776428,0.3880992531776428
51,5.1,6.1,0.35121798515319824,0.35121798515319824
52,5.2,6.2,0.4394044280052185,0.4394044280052185
53,5.3,6.3,0.4580687880516052,0.4580687880516052
54,5.4,6.4,0.42882469296455383,0.42882469296455383
55,5.5,6.5,0.4600847661495209,0.4600847661495209
56,5.6,6.6,0.4604754149913788,0.4604754149913788
57,5.7,6.7,0.41224879026412964,0.41224879026412964
58,5.8,6.8,0.426024466753006,0.426024466753006
59,5.9,6.9,0.26445454359054565,0.26445454359054565
60,6.0,7.0,0.27898797392845154,0.27898797392845154
61,6.1,7.1,0.3091675639152527,0.3091675639152527
62,6.2,7.2,0.2927948534488678,0.2927948534488678
63,6.3,7.3,0.36036351323127747,0.36036351323127747
64,6.4,7.4,0.28342100977897644,0.28342100977897644
65,6.5,7.5,0.31008487939834595,0.31008487939834595
66,6.6,7.6,0.3172568380832672,0.3172568380832672
67,6.7,7.7,0.3776138722896576,0.3776138722896576
68,6.8,7.8,0.34868118166923523,0.34868118166923523
69,6.9,7.9,0.5874424576759338,0.5874424576759338
70,7.0,8.0,0.3162967264652252,0.3162967264652252
71,7.1,8.1,0.4233137369155884,0.4233137369155884
72,7.2,8.2,0.35851335525512695,0.35851335525512695
73,7.3,8.3,0.3118729889392853,0.3118729889392853
74,7.4,8.4,0.4592026472091675,0.4592026472091675
75,7.5,8.5,0.4799611270427704,0.4799611270427704
76,7.6,8.6,0.3514125347137451,0.3514125347137451
77,7.7,8.7,0.38720157742500305,0.38720157742500305
78,7.8,8.8,0.43317145109176636,0.43317145109176636
79,7.9,8.9,0.5506092309951782,0.5506092309951782
80,8.0,9.0,0.5399368405342102,0.5399368405342102
81,8.1,9.1,0.39661896228790283,0.39661896228790283
82,8.2,9.2,0.4244474768638611,0.4244474768638611
83,8.3,9.3,0.31738728284835815,0.31738728284835815
84,8.4,9.4,0.31575414538383484,0.31575414538383484
85,8.5,9.5,0.31128621101379395,0.31128621101379395
86,8.6,9.6,0.24544914066791534,0.24544914066791534
87,8.7,9.7,0.30822500586509705,0.30822500586509705
88,8.8,9.8,0.3248915672302246,0.3248915672302246
89,8.9,9.9,0.39358624815940857,0.39358624815940857
90,9.0,10.0,0.3657023012638092,0.3657023012638092
91,9.1,10.1,0.42852404713630676,0.42852404713630676
92,9.2,10.2,0.3237107992172241,0.3237107992172241
93,9.3,10.3,0.41867464780807495,0.41867464780807495
94,9.4,10.4,0.3776862919330597,0.3776862919330597
95,9.5,10.5,0.3119887411594391,0.3119887411594391
96,9.6,10.6,0.3657546937465668,0.3657546937465668
97,9.7,10.7,0.34619879722595215,0.34619879722595215
98,9.8,10.8,0.44282135367393494,0.44282135367393494
99,9.9,10.9,0.5295373201370239,0.5295373201370239
100,10.0,11.0,0.5265234112739563,0.5265234112739563
101,10.1,11.1,0.4888480007648468,0.4888480007648468
102,10.2,11.2,0.4861176311969757,0.4861176311969757
103,10.3,11.3,0.5092037320137024,0.5092037320137024
104,10.4,11.4,0.5857421159744263,0.5857421159744263
105,10.5,11.5,0.48667964339256287,0.48667964339256287
106,10.6,11.6,0.5483431220054626,0.5483431220054626
107,10.7,11.7,0.46906936168670654,0.46906936168670654
108,10.8,11.8,0.4127357304096222,0.4127357304096222
109,10.9,11.9,0.34348586201667786,0.34348586201667786
110,11.0,12.0,0.3841210603713989,0.3841210603713989
111,11.1,12.1,0.2653937041759491,0.2653937041759491
112,11.2,12.2,0.22512473165988922,0.22512473165988922
113,11.3,12.3,0.2727501690387726,0.2727501690387726
114,11.4,12.4,0.2233605533838272,0.2233605533838272
115,11.5,12.5,0.44685691595077515,0.44685691595077515
116,11.6,12.6,0.27873069047927856,0.27873069047927856
117,11.7,12.7,0.17685969173908234,0.17685969173908234
118,11.8,12.8,0.15837737917900085,0.15837737917900085
119,11.9,12.9,0.3173670768737793,0.3173670768737793
120,12.0,13.0,0.4150267541408539,0.4150267541408539
121,12.1,13.1,0.45272719860076904,0.45272719860076904
122,12.2,13.2,0.43692028522491455,0.43692028522491455
123,12.3,13.3,0.3283153772354126,0.3283153772354126
124,12.4,13.4,0.4660221338272095,0.4660221338272095
125,12.5,13.5,0.5631969571113586,0.5631969571113586
126,12.6,13.6,0.5322428941726685,0.5322428941726685
127,12.7,13.7,0.2757255733013153,0.2757255733013153
128,12.8,13.8,0.31577202677726746,0.31577202677726746
129,12.9,13.9,0.3721199035644531,0.3721199035644531
130,13.0,14.0,0.3698309659957886,0.3698309659957886
131,13.1,14.1,0.3185446858406067,0.3185446858406067
132,13.2,14.2,0.37641194462776184,0.37641194462776184
133,13.3,14.3,0.3602837026119232,0.3602837026119232
134,13.4,14.4,0.3679429888725281,0.3679429888725281
135,13.5,14.5,0.32141751050949097,0.32141751050949097
136,13.6,14.6,0.3933863937854767,0.3933863937854767
137,13.7,14.7,0.3811871409416199,0.3811871409416199
138,13.8,14.8,0.43377894163131714,0.43377894163131714
139,13.9,14.9,0.32055768370628357,0.32055768370628357
140,14.0,15.0,0.33987900614738464,0.33987900614738464
141,14.1,15.1,0.3712485134601593,0.3712485134601593
142,14.2,15.2,0.3413485288619995,0.3413485288619995
143,14.3,15.3,0.3490273952484131,0.3490273952484131
144,14.4,15.4,0.3737153112888336,0.3737153112888336
145,14.5,15.5,0.3159966468811035,0.3159966468811035
146,14.6,15.6,0.4985334575176239,0.4985334575176239
147,14.7,15.7,0.30256444215774536,0.30256444215774536
148,14.8,15.8,0.32037079334259033,0.32037079334259033
149,14.9,15.9,0.4614432454109192,0.4614432454109192
150,15.0,16.0,0.4609350562095642,0.4609350562095642
151,15.1,16.1,0.4791831374168396,0.4791831374168396
152,15.2,16.2,0.41087597608566284,0.41087597608566284
153,15.3,16.3,0.44664114713668823,0.44664114713668823
154,15.4,16.4,0.4539952874183655,0.4539952874183655
155,15.5,16.5,0.4084148705005646,0.4084148705005646
156,15.6,16.6,0.48246297240257263,0.48246297240257263
157,15.7,16.7,0.37547534704208374,0.37547534704208374
158,15.8,16.8,0.46173009276390076,0.46173009276390076
159,15.9,16.9,0.48911750316619873,0.48911750316619873
160,16.0,17.0,0.3837027847766876,0.3837027847766876
161,16.1,17.1,0.46911031007766724,0.46911031007766724
162,16.2,17.2,0.405549019575119,0.405549019575119
163,16.3,17.3,0.42196089029312134,0.42196089029312134
164,16.4,17.4,0.2457890659570694,0.2457890659570694
165,16.5,17.5,0.3809218108654022,0.3809218108654022
166,16.6,17.6,0.3194419741630554,0.3194419741630554
167,16.7,17.7,0.36740565299987793,0.36740565299987793
168,16.8,17.8,0.45707622170448303,0.45707622170448303
169,16.9,17.9,0.5399748682975769,0.5399748682975769
170,17.0,18.0,0.4668561816215515,0.4668561816215515
171,17.1,18.1,0.41853731870651245,0.41853731870651245
172,17.2,18.2,0.41427814960479736,0.41427814960479736
173,17.3,18.3,0.3076491355895996,0.3076491355895996
174,17.4,18.4,0.3222598433494568,0.3222598433494568
175,17.5,18.5,0.33571910858154297,0.33571910858154297
176,17.6,18.6,0.4651302099227905,0.4651302099227905
177,17.7,18.7,0.3783436417579651,0.3783436417579651
178,17.8,18.8,0.3737024664878845,0.3737024664878845
179,17.9,18.9,0.3603552281856537,0.3603552281856537
180,18.0,19.0,0.4039718508720398,0.4039718508720398
181,18.1,19.1,0.33917325735092163,0.33917325735092163
182,18.2,19.2,0.2902918756008148,0.2902918756008148
183,18.3,19.3,0.3516467213630676,0.3516467213630676
184,18.4,19.4,0.4100978970527649,0.4100978970527649
185,18.5,19.5,0.2852737307548523,0.2852737307548523
186,18.6,19.6,0.26122504472732544,0.26122504472732544
187,18.7,19.7,0.29661133885383606,0.29661133885383606
188,18.8,19.8,0.31334784626960754,0.31334784626960754
189,18.9,19.9,0.4650880694389343,0.4650880694389343
190,19.0,20.0,0.4675290286540985,0.4675290286540985
191,19.1,20.1,0.28596487641334534,0.28596487641334534
192,19.2,20.2,0.27614080905914307,0.27614080905914307
193,19.3,20.3,0.27272364497184753,0.27272364497184753
194,19.4,20.4,0.29554271697998047,0.29554271697998047
195,19.5,20.5,0.32555410265922546,0.32555410265922546
196,19.6,20.6,0.2502450942993164,0.2502450942993164
197,19.7,20.7,0.32869958877563477,0.32869958877563477
198,19.8,20.8,0.2731885015964508,0.2731885015964508
199,19.9,20.9,0.34051623940467834,0.34051623940467834
200,20.0,21.0,0.36725881695747375,0.36725881695747375
201,20.1,21.1,0.3337908387184143,0.3337908387184143
202,20.2,21.2,0.5041899085044861,0.5041899085044861
203,20.3,21.3,0.5235317945480347,0.5235317945480347
204,20.4,21.4,0.5553365349769592,0.5553365349769592
205,20.5,21.5,0.5242370963096619,0.5242370963096619
206,20.6,21.6,0.40014371275901794,0.40014371275901794
207,20.7,21.7,0.2774605453014374,0.2774605453014374
208,20.8,21.8,0.22573241591453552,0.22573241591453552
209,20.9,21.9,0.2754724323749542,0.2754724323749542
210,21.0,22.0,0.33173295855522156,0.33173295855522156
211,21.1,22.1,0.3213195204734802,0.3213195204734802
212,21.2,22.2,0.44251707196235657,0.44251707196235657
213,21.3,22.3,0.3533760607242584,0.3533760607242584
214,21.4,22.4,0.4467228651046753,0.4467228651046753
215,21.5,22.5,0.288413941860199,0.288413941860199
216,21.6,22.6,0.32883933186531067,0.32883933186531067
217,21.7,22.7,0.4430811107158661,0.4430811107158661
218,21.8,22.8,0.3517935276031494,0.3517935276031494
219,21.9,22.9,0.29405251145362854,0.29405251145362854
220,22.0,23.0,0.32124897837638855,0.32124897837638855
221,22.1,23.1,0.3578033745288849,0.3578033745288849
222,22.2,23.2,0.3496435284614563,0.3496435284614563
223,22.3,23.3,0.4232584834098816,0.4232584834098816
224,22.4,23.4,0.29699379205703735,0.29699379205703735
225,22.5,23.5,0.3834453225135803,0.3834453225135803
226,22.6,23.6,0.3700926899909973,0.3700926899909973
227,22.7,23.7,0.31060585379600525,0.31060585379600525
228,22.8,23.8,0.499174028635025,0.499174028635025
229,22.9,23.9,0.4526766538619995,0.4526766538619995
230,23.0,24.0,0.3662135601043701,0.3662135601043701
231,23.1,24.1,0.2989215850830078,0.2989215850830078
232,23.2,24.2,0.2732367217540741,0.2732367217540741
233,23.3,24.3,0.22814558446407318,0.22814558446407318
234,23.4,24.4,0.31691232323646545,0.31691232323646545
235,23.5,24.5,0.32966986298561096,0.32966986298561096
236,23.6,24.6,0.25074052810668945,0.25074052810668945
237,23.7,24.7,0.3632599413394928,0.3632599413394928
238,23.8,24.8,0.2829607129096985,0.2829607129096985
239,23.9,24.9,0.3165259063243866,0.3165259063243866
240,24.0,25.0,0.36728206276893616,0.36728206276893616
241,24.1,25.1,0.4045875668525696,0.4045875668525696
242,24.2,25.2,0.344913512468338,0.344913512468338
243,24.3,25.3,0.2999662160873413,0.2999662160873413
244,24.4,25.4,0.2694212794303894,0.2694212794303894
245,24.5,25.5,0.31428590416908264,0.31428590416908264
246,24.6,25.6,0.2962692975997925,0.2962692975997925
247,24.7,25.7,0.37002044916152954,0.37002044916152954
248,24.8,25.8,0.33477097749710083,0.33477097749710083
249,24.9,25.9,0.31199100613594055,0.31199100613594055
250,25.0,26.0,0.3130333423614502,0.3130333423614502
251,25.1,26.1,0.28270643949508667,0.28270643949508667
252,25.2,26.2,0.3013484477996826,0.3013484477996826
253,25.3,26.3,0.3796903192996979,0.3796903192996979
254,25.4,26.4,0.4807111322879791,0.4807111322879791
255,25.5,26.5,0.41074562072753906,0.41074562072753906
256,25.6,26.6,0.34179309010505676,0.34179309010505676
257,25.7,26.7,0.2644721567630768,0.2644721567630768
258,25.8,26.8,0.3067598044872284,0.3067598044872284
259,25.9,26.9,0.26746296882629395,0.26746296882629395
260,26.0,27.0,0.23446092009544373,0.23446092009544373
261,26.1,27.1,0.2539978623390198,0.2539978623390198
262,26.2,27.2,0.2493780106306076,0.2493780106306076
263,26.3,27.3,0.3083151876926422,0.3083151876926422
264,26.4,27.4,0.27126064896583557,0.27126064896583557
265,26.5,27.5,0.45226600766181946,0.45226600766181946
266,26.6,27.6,0.46493250131607056,0.46493250131607056
267,26.7,27.7,0.3791365623474121,0.3791365623474121
268,26.8,27.8,0.5329912304878235,0.5329912304878235
269,26.9,27.9,0.371080219745636,0.371080219745636
270,27.0,28.0,0.367109477519989,0.367109477519989
271,27.1,28.1,0.3860006630420685,0.3860006630420685
272,27.2,28.2,0.4062585234642029,0.4062585234642029
273,27.3,28.3,0.46576234698295593,0.46576234698295593
274,27.4,28.4,0.34522098302841187,0.34522098302841187
275,27.5,28.5,0.272047221660614,0.272047221660614
276,27.6,28.6,0.3081737756729126,0.3081737756729126
277,27.7,28.7,0.3837001621723175,0.3837001621723175
278,27.8,28.8,0.35784173011779785,0.35784173011779785
279,27.9,28.9,0.40309759974479675,0.40309759974479675
280,28.0,29.0,0.2985200881958008,0.2985200881958008
281,28.1,29.1,0.32071933150291443,0.32071933150291443
282,28.2,29.2,0.3667576313018799,0.3667576313018799
283,28.3,29.3,0.40010106563568115,0.40010106563568115
284,28.4,29.4,0.5628558397293091,0.5628558397293091
285,28.5,29.5,0.32219743728637695,0.32219743728637695
286,28.6,29.6,0.38439270853996277,0.38439270853996277
287,28.7,29.7,0.41093710064888,0.41093710064888
288,28.8,29.8,0.5378191471099854,0.5378191471099854
289,28.9,29.9,0.5318506956100464,0.5318506956100464
290,29.0,30.0,0.4319407641887665,0.4319407641887665
291,29.1,30.1,0.34113726019859314,0.34113726019859314
292,29.2,30.2,0.3474539518356323,0.3474539518356323
293,29.3,30.3,0.4466167390346527,0.4466167390346527
294,29.4,30.4,0.5892282724380493,0.5892282724380493
295,29.5,30.5,0.5007950663566589,0.5007950663566589
296,29.6,30.6,0.3968675434589386,0.3968675434589386
297,29.7,30.7,0.41643592715263367,0.41643592715263367
298,29.8,30.8,0.37748268246650696,0.37748268246650696
299,29.9,30.9,0.3212399184703827,0.3212399184703827
300,30.0,31.0,0.37469130754470825,0.37469130754470825
301,30.1,31.1,0.4134311378002167,0.4134311378002167
302,30.2,31.2,0.48137637972831726,0.48137637972831726
303,30.3,31.3,0.34694191813468933,0.34694191813468933
304,30.4,31.4,0.24826116859912872,0.24826116859912872
305,30.5,31.5,0.29279258847236633,0.29279258847236633
306,30.6,31.6,0.2798403203487396,0.2798403203487396
307,30.7,31.7,0.37070146203041077,0.37070146203041077
308,30.8,31.8,0.40915754437446594,0.40915754437446594
309,30.9,31.9,0.2910952866077423,0.2910952866077423
310,31.0,32.0,0.24060873687267303,0.24060873687267303
311,31.1,32.1,0.2565551996231079,0.2565551996231079
312,31.2,32.2,0.3855700194835663,0.3855700194835663
313,31.3,32.3,0.5341437458992004,0.5341437458992004
314,31.4,32.4,0.44372814893722534,0.44372814893722534
315,31.5,32.5,0.6385155320167542,0.6385155320167542
316,31.6,32.6,0.5010784268379211,0.5010784268379211
317,31.7,32.7,0.4157227873802185,0.4157227873802185
318,31.8,32.8,0.5091918110847473,0.5091918110847473
319,31.9,32.9,0.4753161072731018,0.4753161072731018
320,32.0,33.0,0.41540825366973877,0.41540825366973877
321,32.1,33.1,0.5141348242759705,0.5141348242759705
322,32.2,33.2,0.4343164265155792,0.4343164265155792
323,32.3,33.3,0.4454626142978668,0.4454626142978668
324,32.4,33.4,0.5824149250984192,0.5824149250984192
325,32.5,33.5,0.4443242847919464,0.4443242847919464
326,32.6,33.6,0.3598549962043762,0.3598549962043762
327,32.7,33.7,0.2246471643447876,0.2246471643447876
328,32.8,33.8,0.32657596468925476,0.32657596468925476
329,32.9,33.9,0.2759416103363037,0.2759416103363037
330,33.0,34.0,0.36563634872436523,0.36563634872436523
331,33.1,34.1,0.3966388404369354,0.3966388404369354
332,33.2,34.2,0.3283441364765167,0.3283441364765167
333,33.3,34.3,0.34323132038116455,0.34323132038116455
334,33.4,34.4,0.3087306618690491,0.3087306618690491
335,33.5,34.5,0.2815359830856323,0.2815359830856323
336,33.6,34.6,0.29730960726737976,0.29730960726737976
337,33.7,34.7,0.23047910630702972,0.23047910630702972
338,33.8,34.8,0.25716814398765564,0.25716814398765564
339,33.9,34.9,0.2704848051071167,0.2704848051071167
340,34.0,35.0,0.27613428235054016,0.27613428235054016
341,34.1,35.1,0.29237091541290283,0.29237091541290283
342,34.2,35.2,0.32627639174461365,0.32627639174461365
343,34.3,35.3,0.24918584525585175,0.24918584525585175
344,34.4,35.4,0.35019707679748535,0.35019707679748535
345,34.5,35.5,0.2597484886646271,0.2597484886646271
346,34.6,35.6,0.48091521859169006,0.48091521859169006
347,34.7,35.7,0.43983542919158936,0.43983542919158936
348,34.8,35.8,0.36070144176483154,0.36070144176483154
349,34.9,35.9,0.31189075112342834,0.31189075112342834
350,35.0,36.0,0.37236133217811584,0.37236133217811584
351,35.1,36.1,0.2718251943588257,0.2718251943588257
352,35.2,36.2,0.3309043347835541,0.3309043347835541
353,35.3,36.3,0.2674853503704071,0.2674853503704071
354,35.4,36.4,0.4386056959629059,0.4386056959629059
355,35.5,36.5,0.28294479846954346,0.28294479846954346
356,35.6,36.6,0.31288576126098633,0.31288576126098633
357,35.7,36.7,0.34985262155532837,0.34985262155532837
358,35.8,36.8,0.41002926230430603,0.41002926230430603
359,35.9,36.9,0.5625649690628052,0.5625649690628052
360,36.0,37.0,0.5032503008842468,0.5032503008842468
361,36.1,37.1,0.32854190468788147,0.32854190468788147
362,36.2,37.2,0.30419138073921204,0.30419138073921204
363,36.3,37.3,0.30152973532676697,0.30152973532676697
364,36.4,37.4,0.31766724586486816,0.31766724586486816
365,36.5,37.5,0.2622019350528717,0.2622019350528717
366,36.6,37.6,0.25109001994132996,0.25109001994132996
367,36.7,37.7,0.22034145891666412,0.22034145891666412
368,36.8,37.8,0.23465298116207123,0.23465298116207123
369,36.9,37.9,0.25674381852149963,0.25674381852149963
370,37.0,38.0,0.2612130045890808,0.2612130045890808
371,37.1,38.1,0.4090358316898346,0.4090358316898346
372,37.2,38.2,0.4489891827106476,0.4489891827106476
373,37.3,38.3,0.4422699809074402,0.4422699809074402
374,37.4,38.4,0.3729625344276428,0.3729625344276428
375,37.5,38.5,0.272549569606781,0.272549569606781
376,37.6,38.6,0.24661198258399963,0.24661198258399963
377,37.7,38.7,0.37542784214019775,0.37542784214019775
378,37.8,38.8,0.36075472831726074,0.36075472831726074
379,37.9,38.9,0.3827489912509918,0.3827489912509918
380,38.0,39.0,0.36676278710365295,0.36676278710365295
381,38.1,39.1,0.23422744870185852,0.23422744870185852
382,38.2,39.2,0.2627589702606201,0.2627589702606201
383,38.3,39.3,0.2633380889892578,0.2633380889892578
384,38.4,39.4,0.2946910560131073,0.2946910560131073
385,38.5,39.5,0.38593918085098267,0.38593918085098267
386,38.6,39.6,0.26882192492485046,0.26882192492485046
387,38.7,39.7,0.28671640157699585,0.28671640157699585
388,38.8,39.8,0.40218546986579895,0.40218546986579895
389,38.9,39.9,0.37341415882110596,0.37341415882110596
390,39.0,40.0,0.5695909857749939,0.5695909857749939
391,39.1,40.1,0.46170133352279663,0.46170133352279663
392,39.2,40.2,0.41570672392845154,0.41570672392845154
393,39.3,40.3,0.3971232771873474,0.3971232771873474
394,39.4,40.4,0.49357661604881287,0.49357661604881287
395,39.5,40.5,0.534954845905304,0.534954845905304
396,39.6,40.6,0.5202085375785828,0.5202085375785828
397,39.7,40.7,0.5210461616516113,0.5210461616516113
398,39.8,40.8,0.4902717173099518,0.4902717173099518
399,39.9,40.9,0.4083307385444641,0.4083307385444641
400,40.0,41.0,0.3689625561237335,0.3689625561237335
401,40.1,41.1,0.30963051319122314,0.30963051319122314
402,40.2,41.2,0.3576187491416931,0.3576187491416931
403,40.3,41.3,0.3652462363243103,0.3652462363243103
404,40.4,41.4,0.4101494550704956,0.4101494550704956
405,40.5,41.5,0.3231789469718933,0.3231789469718933
406,40.6,41.6,0.30495524406433105,0.30495524406433105
407,40.7,41.7,0.43018239736557007,0.43018239736557007
408,40.8,41.8,0.32647761702537537,0.32647761702537537
409,40.9,41.9,0.42953363060951233,0.42953363060951233
410,41.0,42.0,0.486172616481781,0.486172616481781
411,41.1,42.1,0.40540066361427307,0.40540066361427307
412,41.2,42.2,0.39038923382759094,0.39038923382759094
413,41.3,42.3,0.332576721906662,0.332576721906662
414,41.4,42.4,0.2936454117298126,0.2936454117298126
415,41.5,42.5,0.324003666639328,0.324003666639328
416,41.6,42.6,0.4704466462135315,0.4704466462135315
417,41.7,42.7,0.37336939573287964,0.37336939573287964
418,41.8,42.8,0.2959677577018738,0.2959677577018738
419,41.9,42.9,0.3240874707698822,0.3240874707698822
420,42.0,43.0,0.4007233679294586,0.4007233679294586
421,42.1,43.1,0.48237374424934387,0.48237374424934387
422,42.2,43.2,0.46991851925849915,0.46991851925849915
423,42.3,43.3,0.4507071077823639,0.4507071077823639
424,42.4,43.4,0.5660946369171143,0.5660946369171143
425,42.5,43.5,0.5556697845458984,0.5556697845458984
426,42.6,43.6,0.5617141723632812,0.5617141723632812
427,42.7,43.7,0.580342710018158,0.580342710018158
428,42.8,43.8,0.40938296914100647,0.40938296914100647
429,42.9,43.9,0.49608686566352844,0.49608686566352844
430,43.0,44.0,0.5027762651443481,0.5027762651443481
431,43.1,44.1,0.3407442569732666,0.3407442569732666
432,43.2,44.2,0.4222707152366638,0.4222707152366638
433,43.3,44.3,0.35259878635406494,0.35259878635406494
434,43.4,44.4,0.2854832708835602,0.2854832708835602
435,43.5,44.5,0.36271920800209045,0.36271920800209045
436,43.6,44.6,0.3869338035583496,0.3869338035583496
437,43.7,44.7,0.3290245234966278,0.3290245234966278
438,43.8,44.8,0.2914668619632721,0.2914668619632721
439,43.9,44.9,0.26370304822921753,0.26370304822921753
440,44.0,45.0,0.46757957339286804,0.46757957339286804
441,44.1,45.1,0.3470448851585388,0.3470448851585388
442,44.2,45.2,0.4149485230445862,0.4149485230445862
443,44.3,45.3,0.4084605574607849,0.4084605574607849
444,44.4,45.4,0.5127038955688477,0.5127038955688477
445,44.5,45.5,0.45256149768829346,0.45256149768829346
446,44.6,45.6,0.4372521638870239,0.4372521638870239
447,44.7,45.7,0.28820478916168213,0.28820478916168213
448,44.8,45.8,0.37764260172843933,0.37764260172843933
449,44.9,45.9,0.24373818933963776,0.24373818933963776
450,45.0,46.0,0.40512025356292725,0.40512025356292725
451,45.1,46.1,0.38938215374946594,0.38938215374946594
452,45.2,46.2,0.2774740159511566,0.2774740159511566
453,45.3,46.3,0.4154815673828125,0.4154815673828125
454,45.4,46.4,0.3007422685623169,0.3007422685623169
455,45.5,46.5,0.48198202252388,0.48198202252388
456,45.6,46.6,0.5927501320838928,0.5927501320838928
457,45.7,46.7,0.692794144153595,0.692794144153595
458,45.8,46.8,0.8034612536430359,0.8034612536430359
459,45.9,46.9,0.7837574481964111,0.7837574481964111
460,46.0,47.0,0.6430778503417969,0.6430778503417969
461,46.1,47.1,0.4882291853427887,0.4882291853427887
462,46.2,47.2,0.4867148995399475,0.4867148995399475
463,46.3,47.3,0.5092520117759705,0.5092520117759705
464,46.4,47.4,0.37932202219963074,0.37932202219963074
465,46.5,47.5,0.29829826951026917,0.29829826951026917
466,46.6,47.6,0.3082433044910431,0.3082433044910431
467,46.7,47.7,0.3111018240451813,0.3111018240451813
468,46.8,47.8,0.3555585443973541,0.3555585443973541
469,46.9,47.9,0.2979004681110382,0.2979004681110382
470,47.0,48.0,0.39926162362098694,0.39926162362098694
471,47.1,48.1,0.5099507570266724,0.5099507570266724
472,47.2,48.2,0.4146425724029541,0.4146425724029541
473,47.3,48.3,0.43625107407569885,0.43625107407569885
474,47.4,48.4,0.33572572469711304,0.33572572469711304
475,47.5,48.5,0.3228958547115326,0.3228958547115326
476,47.6,48.6,0.3618256747722626,0.3618256747722626
477,47.7,48.7,0.3568791449069977,0.3568791449069977
478,47.8,48.8,0.2635064125061035,0.2635064125061035
479,47.9,48.9,0.3762771487236023,0.3762771487236023
480,48.0,49.0,0.3131830096244812,0.3131830096244812
481,48.1,49.1,0.3617481291294098,0.3617481291294098
482,48.2,49.2,0.32853204011917114,0.32853204011917114
483,48.3,49.3,0.3266066312789917,0.3266066312789917
484,48.4,49.4,0.39683154225349426,0.39683154225349426
485,48.5,49.5,0.4485833942890167,0.4485833942890167
486,48.6,49.6,0.4690955579280853,0.4690955579280853
487,48.7,49.7,0.5536552667617798,0.5536552667617798
488,48.8,49.8,0.5678653717041016,0.5678653717041016
489,48.9,49.9,0.5215365290641785,0.5215365290641785
490,49.0,50.0,0.4908898174762726,0.4908898174762726
491,49.1,50.1,0.6216540336608887,0.6216540336608887
492,49.2,50.2,0.4777868390083313,0.4777868390083313
493,49.3,50.3,0.6215320229530334,0.6215320229530334
494,49.4,50.4,0.5480825901031494,0.5480825901031494
495,49.5,50.5,0.5087069272994995,0.5087069272994995
496,49.6,50.6,0.3708709180355072,0.3708709180355072
497,49.7,50.7,0.5303954482078552,0.5303954482078552
498,49.8,50.8,0.5520185828208923,0.5520185828208923
499,49.9,50.9,0.5325666666030884,0.5325666666030884
500,50.0,51.0,0.47877857089042664,0.47877857089042664
501,50.1,51.1,0.45208948850631714,0.45208948850631714
502,50.2,51.2,0.38572564721107483,0.38572564721107483
503,50.3,51.3,0.32965049147605896,0.32965049147605896
504,50.4,51.4,0.3803403675556183,0.3803403675556183
505,50.5,51.5,0.37430405616760254,0.37430405616760254
506,50.6,51.6,0.4101927876472473,0.4101927876472473
507,50.7,51.7,0.3692646920681,0.3692646920681
508,50.8,51.8,0.3286131024360657,0.3286131024360657
509,50.9,51.9,0.3643999695777893,0.3643999695777893
510,51.0,52.0,0.35586461424827576,0.35586461424827576
511,51.1,52.1,0.30211615562438965,0.30211615562438965
512,51.2,52.2,0.319528192281723,0.319528192281723
513,51.3,52.3,0.3924717307090759,0.3924717307090759
514,51.4,52.4,0.37286391854286194,0.37286391854286194
515,51.5,52.5,0.34071171283721924,0.34071171283721924
516,51.6,52.6,0.37055811285972595,0.37055811285972595
517,51.7,52.7,0.38927310705184937,0.38927310705184937
518,51.8,52.8,0.3684104382991791,0.3684104382991791
519,51.9,52.9,0.4559738039970398,0.4559738039970398
520,52.0,53.0,0.32799673080444336,0.32799673080444336
521,52.1,53.1,0.3412216901779175,0.3412216901779175
522,52.2,53.2,0.35279592871665955,0.35279592871665955
523,52.3,53.3,0.27097707986831665,0.27097707986831665
524,52.4,53.4,0.2599879503250122,0.2599879503250122
525,52.5,53.5,0.30942338705062866,0.30942338705062866
526,52.6,53.6,0.3562263548374176,0.3562263548374176
527,52.7,53.7,0.3707057535648346,0.3707057535648346
528,52.8,53.8,0.3879355788230896,0.3879355788230896
529,52.9,53.9,0.2898384928703308,0.2898384928703308
530,53.0,54.0,0.36299949884414673,0.36299949884414673
531,53.1,54.1,0.30129489302635193,0.30129489302635193
532,53.2,54.2,0.4474238157272339,0.4474238157272339
533,53.3,54.3,0.23798127472400665,0.23798127472400665
534,53.4,54.4,0.28031814098358154,0.28031814098358154
535,53.5,54.5,0.2573971152305603,0.2573971152305603
536,53.6,54.6,0.26590925455093384,0.26590925455093384
537,53.7,54.7,0.28826048970222473,0.28826048970222473
538,53.8,54.8,0.2519630491733551,0.2519630491733551
539,53.9,54.9,0.27422085404396057,0.27422085404396057
540,54.0,55.0,0.26283711194992065,0.26283711194992065
541,54.1,55.1,0.2551921308040619,0.2551921308040619
542,54.2,55.2,0.2703043520450592,0.2703043520450592
543,54.3,55.3,0.2938253879547119,0.2938253879547119
544,54.4,55.4,0.5367267727851868,0.5367267727851868
545,54.5,55.5,0.4161284565925598,0.4161284565925598
546,54.6,55.6,0.42317336797714233,0.42317336797714233
547,54.7,55.7,0.3026157021522522,0.3026157021522522
548,54.8,55.8,0.42484819889068604,0.42484819889068604
549,54.9,55.9,0.3751711845397949,0.3751711845397949
550,55.0,56.0,0.3799087107181549,0.3799087107181549
551,55.1,56.1,0.3932530879974365,0.3932530879974365
552,55.2,56.2,0.35406991839408875,0.35406991839408875
553,55.3,56.3,0.3342965841293335,0.3342965841293335
554,55.4,56.4,0.47921258211135864,0.47921258211135864
555,55.5,56.5,0.5174655914306641,0.5174655914306641
556,55.6,56.6,0.6422598958015442,0.6422598958015442
557,55.7,56.7,0.5945189595222473,0.5945189595222473
558,55.8,56.8,0.42168664932250977,0.42168664932250977
559,55.9,56.9,0.44537100195884705,0.44537100195884705
560,56.0,57.0,0.4052373468875885,0.4052373468875885
561,56.1,57.1,0.43353405594825745,0.43353405594825745
562,56.2,57.2,0.529627799987793,0.529627799987793
563,56.3,57.3,0.4230363368988037,0.4230363368988037
564,56.4,57.4,0.4974439740180969,0.4974439740180969
565,56.5,57.5,0.30295342206954956,0.30295342206954956
566,56.6,57.6,0.3296900689601898,0.3296900689601898
567,56.7,57.7,0.40823590755462646,0.40823590755462646
568,56.8,57.8,0.3982391655445099,0.3982391655445099
569,56.9,57.9,0.5695517063140869,0.5695517063140869
570,57.0,58.0,0.6303356289863586,0.6303356289863586
571,57.1,58.1,0.6540113091468811,0.6540113091468811
572,57.2,58.2,0.578477680683136,0.578477680683136
573,57.3,58.3,0.6352404356002808,0.6352404356002808
574,57.4,58.4,0.5312632322311401,0.5312632322311401
575,57.5,58.5,0.45627397298812866,0.45627397298812866
576,57.6,58.6,0.5382137298583984,0.5382137298583984
577,57.7,58.7,0.5287765264511108,0.5287765264511108
578,57.8,58.8,0.414387047290802,0.414387047290802
579,57.9,58.9,0.36980247497558594,0.36980247497558594
580,58.0,59.0,0.2913455069065094,0.2913455069065094
581,58.1,59.1,0.41913902759552,0.41913902759552
582,58.2,59.2,0.3319513201713562,0.3319513201713562
583,58.3,59.3,0.33836570382118225,0.33836570382118225
584,58.4,59.4,0.3931896984577179,0.3931896984577179
585,58.5,59.5,0.38975605368614197,0.38975605368614197
586,58.6,59.6,0.29138413071632385,0.29138413071632385
587,58.7,59.7,0.28617095947265625,0.28617095947265625
588,58.8,59.8,0.2978036105632782,0.2978036105632782
589,58.9,59.9,0.3802044987678528,0.3802044987678528
590,59.0,60.0,0.30215999484062195,0.30215999484062195
591,59.1,60.1,0.4691231846809387,0.4691231846809387
592,59.2,60.2,0.35238537192344666,0.35238537192344666
593,59.3,60.3,0.553579568862915,0.553579568862915
594,59.4,60.4,0.35921618342399597,0.35921618342399597
595,59.5,60.5,0.37601062655448914,0.37601062655448914
596,59.6,60.6,0.44360771775245667,0.44360771775245667
597,59.7,60.7,0.45383718609809875,0.45383718609809875
598,59.8,60.8,0.49875107407569885,0.49875107407569885
599,59.9,60.9,0.30649951100349426,0.30649951100349426
600,60.0,61.0,0.3094092905521393,0.3094092905521393
601,60.1,61.1,0.4187481999397278,0.4187481999397278
602,60.2,61.2,0.3918735086917877,0.3918735086917877
603,60.3,61.3,0.5257179737091064,0.5257179737091064
604,60.4,61.4,0.3115575611591339,0.3115575611591339
605,60.5,61.5,0.3900337815284729,0.3900337815284729
606,60.6,61.6,0.5107337236404419,0.5107337236404419
607,60.7,61.7,0.5571526885032654,0.5571526885032654
608,60.8,61.8,0.6612760424613953,0.6612760424613953
609,60.9,61.9,0.7124655246734619,0.7124655246734619
610,61.0,62.0,0.7406467199325562,0.7406467199325562
611,61.1,62.1,0.8113428950309753,0.8113428950309753
612,61.2,62.2,0.8270508646965027,0.8270508646965027
613,61.3,62.3,0.7294122576713562,0.7294122576713562
614,61.4,62.4,0.703953742980957,0.703953742980957
615,61.5,62.5,0.6186012625694275,0.6186012625694275
616,61.6,62.6,0.5448333621025085,0.5448333621025085
617,61.7,62.7,0.4894649386405945,0.4894649386405945
618,61.8,62.8,0.3305506110191345,0.3305506110191345
619,61.9,62.9,0.24426408112049103,0.24426408112049103
620,62.0,63.0,0.26566237211227417,0.26566237211227417
621,62.1,63.1,0.262332946062088,0.262332946062088
622,62.2,63.2,0.40788793563842773,0.40788793563842773
623,62.3,63.3,0.2601737380027771,0.2601737380027771
624,62.4,63.4,0.20225027203559875,0.20225027203559875
625,62.5,63.5,0.2841440439224243,0.2841440439224243
626,62.6,63.6,0.26033276319503784,0.26033276319503784
627,62.7,63.7,0.35793834924697876,0.35793834924697876
628,62.8,63.8,0.37429317831993103,0.37429317831993103
629,62.9,63.9,0.425585001707077,0.425585001707077
630,63.0,64.0,0.4353705942630768,0.4353705942630768
631,63.1,64.1,0.6309778094291687,0.6309778094291687
632,63.2,64.2,0.7668710947036743,0.7668710947036743
633,63.3,64.3,0.5389943718910217,0.5389943718910217
634,63.4,64.4,0.505095899105072,0.505095899105072
635,63.5,64.5,0.5906156897544861,0.5906156897544861
636,63.6,64.6,0.306584894657135,0.306584894657135
637,63.7,64.7,0.4641914665699005,0.4641914665699005
638,63.8,64.8,0.6022939682006836,0.6022939682006836
639,63.9,64.9,0.5278688073158264,0.5278688073158264
640,64.0,65.0,0.7203170657157898,0.7203170657157898
641,64.1,65.1,0.625127375125885,0.625127375125885
642,64.2,65.2,0.7367755770683289,0.7367755770683289
643,64.3,65.3,0.5636634826660156,0.5636634826660156
644,64.4,65.4,0.30340930819511414,0.30340930819511414
645,64.5,65.5,0.35761260986328125,0.35761260986328125
646,64.6,65.6,0.613183856010437,0.613183856010437
647,64.7,65.7,0.45055001974105835,0.45055001974105835
648,64.8,65.8,0.4084465801715851,0.4084465801715851
649,64.9,65.9,0.3224329948425293,0.3224329948425293
650,65.0,66.0,0.25366708636283875,0.25366708636283875
651,65.1,66.1,0.42361730337142944,0.42361730337142944
652,65.2,66.2,0.4513639807701111,0.4513639807701111
653,65.3,66.3,0.44256046414375305,0.44256046414375305
654,65.4,66.4,0.6620838046073914,0.6620838046073914
655,65.5,66.5,0.7497888803482056,0.7497888803482056
656,65.6,66.6,0.7202080488204956,0.7202080488204956
657,65.7,66.7,0.8527051210403442,0.8527051210403442
658,65.8,66.8,0.7282043099403381,0.7282043099403381
659,65.9,66.9,0.6219940781593323,0.6219940781593323
660,66.0,67.0,0.4712384343147278,0.4712384343147278
661,66.1,67.1,0.5184456706047058,0.5184456706047058
662,66.2,67.2,0.4732843041419983,0.4732843041419983
663,66.3,67.3,0.48894739151000977,0.48894739151000977
664,66.4,67.4,0.3154948055744171,0.3154948055744171
665,66.5,67.5,0.3764188289642334,0.3764188289642334
666,66.6,67.6,0.34179428219795227,0.34179428219795227
667,66.7,67.7,0.25590750575065613,0.25590750575065613
668,66.8,67.8,0.24825291335582733,0.24825291335582733
669,66.9,67.9,0.28531351685523987,0.28531351685523987
670,67.0,68.0,0.3373297154903412,0.3373297154903412
671,67.1,68.1,0.2953609824180603,0.2953609824180603
672,67.2,68.2,0.265004426240921,0.265004426240921
673,67.3,68.3,0.294142484664917,0.294142484664917
674,67.4,68.4,0.24714304506778717,0.24714304506778717
675,67.5,68.5,0.2784249186515808,0.2784249186515808
676,67.6,68.6,0.32730013132095337,0.32730013132095337
677,67.7,68.7,0.30455800890922546,0.30455800890922546
678,67.8,68.8,0.3083823323249817,0.3083823323249817
679,67.9,68.9,0.4672279357910156,0.4672279357910156
680,68.0,69.0,0.6196990609169006,0.6196990609169006
681,68.1,69.1,0.5265289545059204,0.5265289545059204
682,68.2,69.2,0.6662863492965698,0.6662863492965698
683,68.3,69.3,0.5240325331687927,0.5240325331687927
684,68.4,69.4,0.3898388743400574,0.3898388743400574
685,68.5,69.5,0.4879887104034424,0.4879887104034424
686,68.6,69.6,0.5348875522613525,0.5348875522613525
687,68.7,69.7,0.45508620142936707,0.45508620142936707
688,68.8,69.8,0.4916258156299591,0.4916258156299591
689,68.9,69.9,0.38988399505615234,0.38988399505615234
690,69.0,70.0,0.39831167459487915,0.39831167459487915
691,69.1,70.1,0.3514109253883362,0.3514109253883362
692,69.2,70.2,0.35863661766052246,0.35863661766052246
693,69.3,70.3,0.3433314263820648,0.3433314263820648
694,69.4,70.4,0.3895435929298401,0.3895435929298401
695,69.5,70.5,0.4840179979801178,0.4840179979801178
696,69.6,70.6,0.425370454788208,0.425370454788208
697,69.7,70.7,0.3204589784145355,0.3204589784145355
698,69.8,70.8,0.32282835245132446,0.32282835245132446
699,69.9,70.9,0.37484222650527954,0.37484222650527954
700,70.0,71.0,0.39369916915893555,0.39369916915893555
701,70.1,71.1,0.3594520092010498,0.3594520092010498
702,70.2,71.2,0.38922828435897827,0.38922828435897827
703,70.3,71.3,0.32906821370124817,0.32906821370124817
704,70.4,71.4,0.289699912071228,0.289699912071228
705,70.5,71.5,0.3326939046382904,0.3326939046382904
706,70.6,71.6,0.3972298502922058,0.3972298502922058
707,70.7,71.7,0.4751405119895935,0.4751405119895935
708,70.8,71.8,0.4069780707359314,0.4069780707359314
709,70.9,71.9,0.28000274300575256,0.28000274300575256
710,71.0,72.0,0.32034462690353394,0.32034462690353394
711,71.1,72.1,0.40512269735336304,0.40512269735336304
712,71.2,72.2,0.5119776129722595,0.5119776129722595
713,71.3,72.3,0.5075020790100098,0.5075020790100098
714,71.4,72.4,0.3727981448173523,0.3727981448173523
715,71.5,72.5,0.30165553092956543,0.30165553092956543
716,71.6,72.6,0.2716149091720581,0.2716149091720581
717,71.7,72.7,0.2700577676296234,0.2700577676296234
718,71.8,72.8,0.2551160156726837,0.2551160156726837
719,71.9,72.9,0.26014652848243713,0.26014652848243713
720,72.0,73.0,0.25003066658973694,0.25003066658973694
721,72.1,73.1,0.25441259145736694,0.25441259145736694
722,72.2,73.2,0.24146705865859985,0.24146705865859985
723,72.3,73.3,0.25890007615089417,0.25890007615089417
724,72.4,73.4,0.25056537985801697,0.25056537985801697
725,72.5,73.5,0.31176772713661194,0.31176772713661194
726,72.6,73.6,0.2905629873275757,0.2905629873275757
727,72.7,73.7,0.32079845666885376,0.32079845666885376
728,72.8,73.8,0.29729533195495605,0.29729533195495605
729,72.9,73.9,0.2969769835472107,0.2969769835472107
730,73.0,74.0,0.302742063999176,0.302742063999176
731,73.1,74.1,0.2873484492301941,0.2873484492301941
732,73.2,74.2,0.35641586780548096,0.35641586780548096
733,73.3,74.3,0.32491567730903625,0.32491567730903625
734,73.4,74.4,0.2919424772262573,0.2919424772262573
735,73.5,74.5,0.43376269936561584,0.43376269936561584
736,73.6,74.6,0.5489363074302673,0.5489363074302673
737,73.7,74.7,0.6438122391700745,0.6438122391700745
738,73.8,74.8,0.6800060272216797,0.6800060272216797
739,73.9,74.9,0.6552663445472717,0.6552663445472717
740,74.0,75.0,0.5862938761711121,0.5862938761711121
741,74.1,75.1,0.6993880867958069,0.6993880867958069
742,74.2,75.2,0.5832805633544922,0.5832805633544922
743,74.3,75.3,0.544258713722229,0.544258713722229
744,74.4,75.4,0.5728569626808167,0.5728569626808167
745,74.5,75.5,0.589569628238678,0.589569628238678
746,74.6,75.6,0.5059027671813965,0.5059027671813965
747,74.7,75.7,0.592584490776062,0.592584490776062
748,74.8,75.8,0.6575940847396851,0.6575940847396851
749,74.9,75.9,0.572433590888977,0.572433590888977
750,75.0,76.0,0.4367750287055969,0.4367750287055969
751,75.1,76.1,0.25637540221214294,0.25637540221214294
752,75.2,76.2,0.29989364743232727,0.29989364743232727
753,75.3,76.3,0.3299970030784607,0.3299970030784607
754,75.4,76.4,0.7825427651405334,0.7825427651405334
755,75.5,76.5,0.837745189666748,0.837745189666748
756,75.6,76.6,0.5168827772140503,0.5168827772140503
757,75.7,76.7,0.3767387866973877,0.3767387866973877
758,75.8,76.8,0.5505658984184265,0.5505658984184265
759,75.9,76.9,0.41242802143096924,0.41242802143096924
760,76.0,77.0,0.9141194224357605,0.9141194224357605
761,76.1,77.1,0.8088988065719604,0.8088988065719604
762,76.2,77.2,0.7787852883338928,0.7787852883338928
763,76.3,77.3,0.3361043632030487,0.3361043632030487
764,76.4,77.4,0.5255729556083679,0.5255729556083679
765,76.5,77.5,0.7406371831893921,0.7406371831893921
766,76.6,77.6,0.6006708145141602,0.6006708145141602
767,76.7,77.7,0.42090365290641785,0.42090365290641785
768,76.8,77.8,0.3915029764175415,0.3915029764175415
769,76.9,77.9,0.42158544063568115,0.42158544063568115
770,77.0,78.0,0.682828426361084,0.682828426361084
771,77.1,78.1,0.8291271924972534,0.8291271924972534
772,77.2,78.2,0.7728648781776428,0.7728648781776428
773,77.3,78.3,0.6392026543617249,0.6392026543617249
774,77.4,78.4,0.7222844958305359,0.7222844958305359
775,77.5,78.5,0.7558008432388306,0.7558008432388306
776,77.6,78.6,0.6509423851966858,0.6509423851966858
777,77.7,78.7,0.6949953436851501,0.6949953436851501
778,77.8,78.8,0.7591297626495361,0.7591297626495361
779,77.9,78.9,0.6970381140708923,0.6970381140708923
780,78.0,79.0,0.5942108035087585,0.5942108035087585
781,78.1,79.1,0.6078810095787048,0.6078810095787048
782,78.2,79.2,0.6396879553794861,0.6396879553794861
783,78.3,79.3,0.5283212065696716,0.5283212065696716
784,78.4,79.4,0.5277568101882935,0.5277568101882935
785,78.5,79.5,0.48058992624282837,0.48058992624282837
786,78.6,79.6,0.3244398832321167,0.3244398832321167
787,78.7,79.7,0.3005813956260681,0.3005813956260681
788,78.8,79.8,0.24115267395973206,0.24115267395973206
789,78.9,79.9,0.4330965578556061,0.4330965578556061
790,79.0,80.0,0.4370577335357666,0.4370577335357666
791,79.1,80.1,0.32828500866889954,0.32828500866889954
792,79.2,80.2,0.42207640409469604,0.42207640409469604
793,79.3,80.3,0.42592477798461914,0.42592477798461914
794,79.4,80.4,0.490023136138916,0.490023136138916
795,79.5,80.5,0.43642497062683105,0.43642497062683105
796,79.6,80.6,0.4363905191421509,0.4363905191421509
797,79.7,80.7,0.3824184238910675,0.3824184238910675
798,79.8,80.8,0.32954999804496765,0.32954999804496765
799,79.9,80.9,0.33787959814071655,0.33787959814071655
800,80.0,81.0,0.5041016340255737,0.5041016340255737
801,80.1,81.1,0.3182010352611542,0.3182010352611542
802,80.2,81.2,0.30529704689979553,0.30529704689979553
803,80.3,81.3,0.2770036458969116,0.2770036458969116
804,80.4,81.4,0.30758392810821533,0.30758392810821533
805,80.5,81.5,0.372422993183136,0.372422993183136
806,80.6,81.6,0.39311471581459045,0.39311471581459045
807,80.7,81.7,0.39211559295654297,0.39211559295654297
808,80.8,81.8,0.37578609585762024,0.37578609585762024
809,80.9,81.9,0.24332495033740997,0.24332495033740997
810,81.0,82.0,0.44819217920303345,0.44819217920303345
811,81.1,82.1,0.6023969054222107,0.6023969054222107
812,81.2,82.2,0.620366096496582,0.620366096496582
813,81.3,82.3,0.7255986928939819,0.7255986928939819
814,81.4,82.4,0.35578933358192444,0.35578933358192444
815,81.5,82.5,0.31103208661079407,0.31103208661079407
816,81.6,82.6,0.23824463784694672,0.23824463784694672
817,81.7,82.7,0.40340477228164673,0.40340477228164673
818,81.8,82.8,0.3297472894191742,0.3297472894191742
819,81.9,82.9,0.44400399923324585,0.44400399923324585
820,82.0,83.0,0.45122572779655457,0.45122572779655457
821,82.1,83.1,0.3334452509880066,0.3334452509880066
822,82.2,83.2,0.3415430188179016,0.3415430188179016
823,82.3,83.3,0.5467467308044434,0.5467467308044434
824,82.4,83.4,0.568018913269043,0.568018913269043
825,82.5,83.5,0.5594615340232849,0.5594615340232849
826,82.6,83.6,0.4599388837814331,0.4599388837814331
827,82.7,83.7,0.3795209527015686,0.3795209527015686
828,82.8,83.8,0.4042060673236847,0.4042060673236847
829,82.9,83.9,0.5547965168952942,0.5547965168952942
830,83.0,84.0,0.7304148077964783,0.7304148077964783
831,83.1,84.1,0.7303357720375061,0.7303357720375061
832,83.2,84.2,0.7563389539718628,0.7563389539718628
833,83.3,84.3,0.6634924411773682,0.6634924411773682
834,83.4,84.4,0.4727974236011505,0.4727974236011505
835,83.5,84.5,0.5637121200561523,0.5637121200561523
836,83.6,84.6,0.4412926435470581,0.4412926435470581
837,83.7,84.7,0.5191625952720642,0.5191625952720642
838,83.8,84.8,0.5858016014099121,0.5858016014099121
839,83.9,84.9,0.49400803446769714,0.49400803446769714
840,84.0,85.0,0.7112252712249756,0.7112252712249756
841,84.1,85.1,0.7632712125778198,0.7632712125778198
842,84.2,85.2,0.7140235304832458,0.7140235304832458
843,84.3,85.3,0.8053528070449829,0.8053528070449829
844,84.4,85.4,0.6891162395477295,0.6891162395477295
845,84.5,85.5,0.6924843192100525,0.6924843192100525
846,84.6,85.6,0.5745598077774048,0.5745598077774048
847,84.7,85.7,0.6993720531463623,0.6993720531463623
848,84.8,85.8,0.4627127945423126,0.4627127945423126
849,84.9,85.9,0.15574319660663605,0.15574319660663605
850,85.0,86.0,0.36215078830718994,0.36215078830718994
851,85.1,86.1,0.3928452432155609,0.3928452432155609
852,85.2,86.2,0.3964325487613678,0.3964325487613678
853,85.3,86.3,0.43503695726394653,0.43503695726394653
854,85.4,86.4,0.31719255447387695,0.31719255447387695
855,85.5,86.5,0.3969775140285492,0.3969775140285492
856,85.6,86.6,0.3228868842124939,0.3228868842124939
857,85.7,86.7,0.2942355275154114,0.2942355275154114
858,85.8,86.8,0.41233304142951965,0.41233304142951965
859,85.9,86.9,0.43530330061912537,0.43530330061912537
860,86.0,87.0,0.33466461300849915,0.33466461300849915
861,86.1,87.1,0.44236889481544495,0.44236889481544495
862,86.2,87.2,0.40864673256874084,0.40864673256874084
863,86.3,87.3,0.5160889625549316,0.5160889625549316
864,86.4,87.4,0.543367862701416,0.543367862701416
865,86.5,87.5,0.4867759943008423,0.4867759943008423
866,86.6,87.6,0.4100652039051056,0.4100652039051056
867,86.7,87.7,0.3426785469055176,0.3426785469055176
868,86.8,87.8,0.4620189666748047,0.4620189666748047
869,86.9,87.9,0.5798825621604919,0.5798825621604919
870,87.0,88.0,0.6555613875389099,0.6555613875389099
871,87.1,88.1,0.5033844709396362,0.5033844709396362
872,87.2,88.2,0.41186532378196716,0.41186532378196716
873,87.3,88.3,0.35191118717193604,0.35191118717193604
874,87.4,88.4,0.3674788475036621,0.3674788475036621
875,87.5,88.5,0.37579309940338135,0.37579309940338135
876,87.6,88.6,0.3364426791667938,0.3364426791667938
877,87.7,88.7,0.37488502264022827,0.37488502264022827
878,87.8,88.8,0.485708624124527,0.485708624124527
879,87.9,88.9,0.25159698724746704,0.25159698724746704
880,88.0,89.0,0.27340254187583923,0.27340254187583923
881,88.1,89.1,0.2955975830554962,0.2955975830554962
882,88.2,89.2,0.30751118063926697,0.30751118063926697
883,88.3,89.3,0.3133600354194641,0.3133600354194641
884,88.4,89.4,0.3600969910621643,0.3600969910621643
885,88.5,89.5,0.28162768483161926,0.28162768483161926
886,88.6,89.6,0.31137990951538086,0.31137990951538086
887,88.7,89.7,0.5403409600257874,0.5403409600257874
888,88.8,89.8,0.401907354593277,0.401907354593277
889,88.9,89.9,0.551283597946167,0.551283597946167
890,89.0,90.0,0.4679955244064331,0.4679955244064331
891,89.1,90.1,0.38507798314094543,0.38507798314094543
892,89.2,90.2,0.35809090733528137,0.35809090733528137
893,89.3,90.3,0.31010133028030396,0.31010133028030396
894,89.4,90.4,0.3766583800315857,0.3766583800315857
895,89.5,90.5,0.2651739716529846,0.2651739716529846
896,89.6,90.6,0.34959977865219116,0.34959977865219116
897,89.7,90.7,0.431069016456604,0.431069016456604
898,89.8,90.8,0.4490567147731781,0.4490567147731781
899,89.9,90.9,0.4412418305873871,0.4412418305873871
900,90.0,91.0,0.4107683002948761,0.4107683002948761
901,90.1,91.1,0.5600532293319702,0.5600532293319702
902,90.2,91.2,0.4898495674133301,0.4898495674133301
903,90.3,91.3,0.3597908020019531,0.3597908020019531
904,90.4,91.4,0.3378274440765381,0.3378274440765381
905,90.5,91.5,0.3160909414291382,0.3160909414291382
906,90.6,91.6,0.27828162908554077,0.27828162908554077
907,90.7,91.7,0.3218246102333069,0.3218246102333069
908,90.8,91.8,0.3481164276599884,0.3481164276599884
909,90.9,91.9,0.28539589047431946,0.28539589047431946
910,91.0,92.0,0.2465706318616867,0.2465706318616867
911,91.1,92.1,0.303265243768692,0.303265243768692
912,91.2,92.2,0.3057572841644287,0.3057572841644287
913,91.3,92.3,0.47983643412590027,0.47983643412590027
914,91.4,92.4,0.5033736228942871,0.5033736228942871
915,91.5,92.5,0.44169577956199646,0.44169577956199646
916,91.6,92.6,0.4932546615600586,0.4932546615600586
917,91.7,92.7,0.5156010985374451,0.5156010985374451
918,91.8,92.8,0.5780879855155945,0.5780879855155945
919,91.9,92.9,0.5270918011665344,0.5270918011665344
920,92.0,93.0,0.43628478050231934,0.43628478050231934
921,92.1,93.1,0.24988281726837158,0.24988281726837158
922,92.2,93.2,0.34155339002609253,0.34155339002609253
923,92.3,93.3,0.2567751705646515,0.2567751705646515
924,92.4,93.4,0.3763734996318817,0.3763734996318817
925,92.5,93.5,0.45612433552742004,0.45612433552742004
926,92.6,93.6,0.5156887173652649,0.5156887173652649
927,92.7,93.7,0.5287521481513977,0.5287521481513977
928,92.8,93.8,0.6378568410873413,0.6378568410873413
929,92.9,93.9,0.788399875164032,0.788399875164032
930,93.0,94.0,0.7968381643295288,0.7968381643295288
931,93.1,94.1,0.6987981796264648,0.6987981796264648
932,93.2,94.2,0.4937061667442322,0.4937061667442322
933,93.3,94.3,0.5283946394920349,0.5283946394920349
934,93.4,94.4,0.4550511837005615,0.4550511837005615
935,93.5,94.5,0.41858115792274475,0.41858115792274475
936,93.6,94.6,0.3031308054924011,0.3031308054924011
937,93.7,94.7,0.4080592691898346,0.4080592691898346
938,93.8,94.8,0.27431875467300415,0.27431875467300415
939,93.9,94.9,0.3724598288536072,0.3724598288536072
940,94.0,95.0,0.5417550206184387,0.5417550206184387
941,94.1,95.1,0.47500091791152954,0.47500091791152954
942,94.2,95.2,0.534324049949646,0.534324049949646
943,94.3,95.3,0.4129106402397156,0.4129106402397156
944,94.4,95.4,0.4704086482524872,0.4704086482524872
945,94.5,95.5,0.5504534840583801,0.5504534840583801
946,94.6,95.6,0.46216437220573425,0.46216437220573425
947,94.7,95.7,0.3035533130168915,0.3035533130168915
948,94.8,95.8,0.5638871788978577,0.5638871788978577
949,94.9,95.9,0.460012823343277,0.460012823343277
950,95.0,96.0,0.3819611072540283,0.3819611072540283
951,95.1,96.1,0.45146578550338745,0.45146578550338745
952,95.2,96.2,0.3576483130455017,0.3576483130455017
953,95.3,96.3,0.3303484618663788,0.3303484618663788
954,95.4,96.4,0.5081968903541565,0.5081968903541565
955,95.5,96.5,0.4340113401412964,0.4340113401412964
956,95.6,96.6,0.345592737197876,0.345592737197876
957,95.7,96.7,0.28244543075561523,0.28244543075561523
958,95.8,96.8,0.31981223821640015,0.31981223821640015
959,95.9,96.9,0.2949083149433136,0.2949083149433136
960,96.0,97.0,0.460784912109375,0.460784912109375
961,96.1,97.1,0.3355942666530609,0.3355942666530609
962,96.2,97.2,0.32256585359573364,0.32256585359573364
963,96.3,97.3,0.37082749605178833,0.37082749605178833
964,96.4,97.4,0.502461314201355,0.502461314201355
965,96.5,97.5,0.29797670245170593,0.29797670245170593
966,96.6,97.6,0.47594019770622253,0.47594019770622253
967,96.7,97.7,0.38583633303642273,0.38583633303642273
968,96.8,97.8,0.367831826210022,0.367831826210022
969,96.9,97.9,0.5422512888908386,0.5422512888908386
970,97.0,98.0,0.6235029697418213,0.6235029697418213
971,97.1,98.1,0.6784178614616394,0.6784178614616394
972,97.2,98.2,0.60337895154953,0.60337895154953
973,97.3,98.3,0.5076017379760742,0.5076017379760742
974,97.4,98.4,0.5716476440429688,0.5716476440429688
975,97.5,98.5,0.45599982142448425,0.45599982142448425
976,97.6,98.6,0.5243692994117737,0.5243692994117737
977,97.7,98.7,0.3381797671318054,0.3381797671318054
978,97.8,98.8,0.4694167375564575,0.4694167375564575
979,97.9,98.9,0.4831866919994354,0.4831866919994354
980,98.0,99.0,0.31063178181648254,0.31063178181648254
981,98.1,99.1,0.2837314009666443,0.2837314009666443
982,98.2,99.2,0.3733947277069092,0.3733947277069092
983,98.3,99.3,0.3175323009490967,0.3175323009490967
984,98.4,99.4,0.3589474856853485,0.3589474856853485
985,98.5,99.5,0.3094819188117981,0.3094819188117981
986,98.6,99.6,0.46249184012413025,0.46249184012413025
987,98.7,99.7,0.332699179649353,0.332699179649353
988,98.8,99.8,0.5628232955932617,0.5628232955932617
989,98.9,99.9,0.4701840877532959,0.4701840877532959
990,99.0,100.0,0.5027070045471191,0.5027070045471191
991,99.1,100.1,0.6143689751625061,0.6143689751625061
992,99.2,100.2,0.566571831703186,0.566571831703186
993,99.3,100.3,0.4656353294849396,0.4656353294849396
994,99.4,100.4,0.463119238615036,0.463119238615036
995,99.5,100.5,0.4746367335319519,0.4746367335319519
996,99.6,100.6,0.411734938621521,0.411734938621521
997,99.7,100.7,0.25252765417099,0.25252765417099
998,99.8,100.8,0.4271487891674042,0.4271487891674042
999,99.9,100.9,0.35495927929878235,0.35495927929878235
1000,100.0,101.0,0.35922059416770935,0.35922059416770935
1001,100.1,101.1,0.3319041430950165,0.3319041430950165
1002,100.2,101.2,0.28952112793922424,0.28952112793922424
1003,100.3,101.3,0.3074291944503784,0.3074291944503784
1004,100.4,101.4,0.3801458179950714,0.3801458179950714
1005,100.5,101.5,0.3667028546333313,0.3667028546333313
1006,100.6,101.6,0.3703589141368866,0.3703589141368866
1007,100.7,101.7,0.5354369282722473,0.5354369282722473
1008,100.8,101.8,0.3957934081554413,0.3957934081554413
1009,100.9,101.9,0.3800695240497589,0.3800695240497589
1010,101.0,102.0,0.3495255410671234,0.3495255410671234
1011,101.1,102.1,0.35500839352607727,0.35500839352607727
1012,101.2,102.2,0.46775516867637634,0.46775516867637634
1013,101.3,102.3,0.43615105748176575,0.43615105748176575
1014,101.4,102.4,0.291673481464386,0.291673481464386
1015,101.5,102.5,0.42065316438674927,0.42065316438674927
1016,101.6,102.6,0.3962503969669342,0.3962503969669342
1017,101.7,102.7,0.5303252339363098,0.5303252339363098
1018,101.8,102.8,0.398634135723114,0.398634135723114
1019,101.9,102.9,0.4314311146736145,0.4314311146736145
1020,102.0,103.0,0.2526039481163025,0.2526039481163025
1021,102.1,103.1,0.3056274652481079,0.3056274652481079
1022,102.2,103.2,0.24971991777420044,0.24971991777420044
1023,102.3,103.3,0.2515941858291626,0.2515941858291626
1024,102.4,103.4,0.2929907739162445,0.2929907739162445
1025,102.5,103.5,0.260347843170166,0.260347843170166
1026,102.6,103.6,0.2679600417613983,0.2679600417613983
1027,102.7,103.7,0.27901819348335266,0.27901819348335266
1028,102.8,103.8,0.282688707113266,0.282688707113266
1029,102.9,103.9,0.32801854610443115,0.32801854610443115
1030,103.0,104.0,0.4266951084136963,0.4266951084136963
1031,103.1,104.1,0.45390456914901733,0.45390456914901733
1032,103.2,104.2,0.33409395813941956,0.33409395813941956
1033,103.3,104.3,0.313396692276001,0.313396692276001
1034,103.4,104.4,0.32464858889579773,0.32464858889579773
1035,103.5,104.5,0.29666611552238464,0.29666611552238464
1036,103.6,104.6,0.3747023046016693,0.3747023046016693
1037,103.7,104.7,0.43938106298446655,0.43938106298446655
1038,103.8,104.8,0.37551218271255493,0.37551218271255493
1039,103.9,104.9,0.4053165316581726,0.4053165316581726
1040,104.0,105.0,0.373585969209671,0.373585969209671
1041,104.1,105.1,0.3743976056575775,0.3743976056575775
1042,104.2,105.2,0.43950313329696655,0.43950313329696655
1043,104.3,105.3,0.4776390492916107,0.4776390492916107
1044,104.4,105.4,0.2825073301792145,0.2825073301792145
1045,104.5,105.5,0.21177788078784943,0.21177788078784943
1046,104.6,105.6,0.2590863108634949,0.2590863108634949
1047,104.7,105.7,0.3829991817474365,0.3829991817474365
1048,104.8,105.8,0.2947179675102234,0.2947179675102234
1049,104.9,105.9,0.32841312885284424,0.32841312885284424
1050,105.0,106.0,0.23614764213562012,0.23614764213562012
1051,105.1,106.1,0.2648279070854187,0.2648279070854187
1052,105.2,106.2,0.2275911271572113,0.2275911271572113
1053,105.3,106.3,0.23327012360095978,0.23327012360095978
1054,105.4,106.4,0.27919650077819824,0.27919650077819824
1055,105.5,106.5,0.4314907491207123,0.4314907491207123
1056,105.6,106.6,0.377803772687912,0.377803772687912
1057,105.7,106.7,0.4406525492668152,0.4406525492668152
1058,105.8,106.8,0.4956408441066742,0.4956408441066742
1059,105.9,106.9,0.5442212224006653,0.5442212224006653
1060,106.0,107.0,0.4113677144050598,0.4113677144050598
1061,106.1,107.1,0.3987587094306946,0.3987587094306946
1062,106.2,107.2,0.42457813024520874,0.42457813024520874
1063,106.3,107.3,0.4601881206035614,0.4601881206035614
1064,106.4,107.4,0.36843645572662354,0.36843645572662354
1065,106.5,107.5,0.3906692862510681,0.3906692862510681
1066,106.6,107.6,0.3641158640384674,0.3641158640384674
1067,106.7,107.7,0.3025533854961395,0.3025533854961395
1068,106.8,107.8,0.3200189471244812,0.3200189471244812
1069,106.9,107.9,0.3017919659614563,0.3017919659614563
1070,107.0,108.0,0.3035503923892975,0.3035503923892975
1071,107.1,108.1,0.2974475920200348,0.2974475920200348
1072,107.2,108.2,0.35766053199768066,0.35766053199768066
1073,107.3,108.3,0.35233232378959656,0.35233232378959656
1074,107.4,108.4,0.3393256962299347,0.3393256962299347
1075,107.5,108.5,0.37029439210891724,0.37029439210891724
1076,107.6,108.6,0.48517534136772156,0.48517534136772156
1077,107.7,108.7,0.5410138964653015,0.5410138964653015
1078,107.8,108.8,0.5554056167602539,0.5554056167602539
1079,107.9,108.9,0.4831335246562958,0.4831335246562958
1080,108.0,109.0,0.42170387506484985,0.42170387506484985
1081,108.1,109.1,0.562984824180603,0.562984824180603
1082,108.2,109.2,0.5565659999847412,0.5565659999847412
1083,108.3,109.3,0.531686007976532,0.531686007976532
1084,108.4,109.4,0.5137704610824585,0.5137704610824585
1085,108.5,109.5,0.39871183037757874,0.39871183037757874
1086,108.6,109.6,0.45144349336624146,0.45144349336624146
1087,108.7,109.7,0.524218738079071,0.524218738079071
1088,108.8,109.8,0.4132341742515564,0.4132341742515564
1089,108.9,109.9,0.29792705178260803,0.29792705178260803
1090,109.0,110.0,0.30873775482177734,0.30873775482177734
1091,109.1,110.1,0.27204886078834534,0.27204886078834534
1092,109.2,110.2,0.355953186750412,0.355953186750412
1093,109.3,110.3,0.2916761040687561,0.2916761040687561
1094,109.4,110.4,0.257484495639801,0.257484495639801
1095,109.5,110.5,0.5968068242073059,0.5968068242073059
1096,109.6,110.6,0.5951182842254639,0.5951182842254639
1097,109.7,110.7,0.5882489085197449,0.5882489085197449
1098,109.8,110.8,0.5161306858062744,0.5161306858062744
1099,109.9,110.9,0.527890145778656,0.527890145778656
1100,110.0,111.0,0.5495293736457825,0.5495293736457825
1101,110.1,111.1,0.6517090797424316,0.6517090797424316
1102,110.2,111.2,0.6406255960464478,0.6406255960464478
1103,110.3,111.3,0.4733191132545471,0.4733191132545471
1104,110.4,111.4,0.47992458939552307,0.47992458939552307
1105,110.5,111.5,0.433437317609787,0.433437317609787
1106,110.6,111.6,0.44563716650009155,0.44563716650009155
1107,110.7,111.7,0.44497737288475037,0.44497737288475037
1108,110.8,111.8,0.369243323802948,0.369243323802948
1109,110.9,111.9,0.38223108649253845,0.38223108649253845
1110,111.0,112.0,0.43537062406539917,0.43537062406539917
1111,111.1,112.1,0.543693482875824,0.543693482875824
1112,111.2,112.2,0.6133379936218262,0.6133379936218262
1113,111.3,112.3,0.649932324886322,0.649932324886322
1114,111.4,112.4,0.6839495301246643,0.6839495301246643
1115,111.5,112.5,0.4980268180370331,0.4980268180370331
1116,111.6,112.6,0.7047010660171509,0.7047010660171509
1117,111.7,112.7,0.7199761271476746,0.7199761271476746
1118,111.8,112.8,0.6831322908401489,0.6831322908401489
1119,111.9,112.9,0.7212502956390381,0.7212502956390381
1120,112.0,113.0,0.5738028883934021,0.5738028883934021
1121,112.1,113.1,0.6102267503738403,0.6102267503738403
1122,112.2,113.2,0.6574597358703613,0.6574597358703613
1123,112.3,113.3,0.5204461216926575,0.5204461216926575
1124,112.4,113.4,0.47343960404396057,0.47343960404396057
1125,112.5,113.5,0.42443937063217163,0.42443937063217163
1126,112.6,113.6,0.39732760190963745,0.39732760190963745
1127,112.7,113.7,0.5094683170318604,0.5094683170318604
1128,112.8,113.8,0.46291324496269226,0.46291324496269226
1129,112.9,113.9,0.4142863154411316,0.4142863154411316
1130,113.0,114.0,0.41017621755599976,0.41017621755599976
1131,113.1,114.1,0.4048701524734497,0.4048701524734497
1132,113.2,114.2,0.48073333501815796,0.48073333501815796
1133,113.3,114.3,0.3544967472553253,0.3544967472553253
1134,113.4,114.4,0.415172815322876,0.415172815322876
1135,113.5,114.5,0.32055386900901794,0.32055386900901794
1136,113.6,114.6,0.4384569525718689,0.4384569525718689
1137,113.7,114.7,0.5096840262413025,0.5096840262413025
1138,113.8,114.8,0.511107861995697,0.511107861995697
1139,113.9,114.9,0.7388151288032532,0.7388151288032532
1140,114.0,115.0,0.5760979056358337,0.5760979056358337
1141,114.1,115.1,0.48536446690559387,0.48536446690559387
1142,114.2,115.2,0.7194410562515259,0.7194410562515259
1143,114.3,115.3,0.5303059816360474,0.5303059816360474
1144,114.4,115.4,0.42708688974380493,0.42708688974380493
1145,114.5,115.5,0.4208860993385315,0.4208860993385315
1146,114.6,115.6,0.4033321142196655,0.4033321142196655
1147,114.7,115.7,0.39858683943748474,0.39858683943748474
1148,114.8,115.8,0.4619009792804718,0.4619009792804718
1149,114.9,115.9,0.4952041208744049,0.4952041208744049
1150,115.0,116.0,0.4038934111595154,0.4038934111595154
1151,115.1,116.1,0.34778398275375366,0.34778398275375366
1152,115.2,116.2,0.30199578404426575,0.30199578404426575
1153,115.3,116.3,0.2945346236228943,0.2945346236228943
1154,115.4,116.4,0.3375187814235687,0.3375187814235687
1155,115.5,116.5,0.30468645691871643,0.30468645691871643
1156,115.6,116.6,0.28390640020370483,0.28390640020370483
1157,115.7,116.7,0.21249428391456604,0.21249428391456604
1158,115.8,116.8,0.31062114238739014,0.31062114238739014
1159,115.9,116.9,0.4182424545288086,0.4182424545288086
1160,116.0,117.0,0.474786639213562,0.474786639213562
1161,116.1,117.1,0.5013402700424194,0.5013402700424194
1162,116.2,117.2,0.41011831164360046,0.41011831164360046
1163,116.3,117.3,0.7093366980552673,0.7093366980552673
1164,116.4,117.4,0.8330414295196533,0.8330414295196533
1165,116.5,117.5,0.5911545157432556,0.5911545157432556
1166,116.6,117.6,0.41355568170547485,0.41355568170547485
1167,116.7,117.7,0.38754791021347046,0.38754791021347046
1168,116.8,117.8,0.5251195430755615,0.5251195430755615
1169,116.9,117.9,0.367074191570282,0.367074191570282
1170,117.0,118.0,0.35316479206085205,0.35316479206085205
1171,117.1,118.1,0.3727588951587677,0.3727588951587677
1172,117.2,118.2,0.49424445629119873,0.49424445629119873
1173,117.3,118.3,0.3742503225803375,0.3742503225803375
1174,117.4,118.4,0.37255924940109253,0.37255924940109253
1175,117.5,118.5,0.3514941930770874,0.3514941930770874
1176,117.6,118.6,0.2552330493927002,0.2552330493927002
1177,117.7,118.7,0.37595418095588684,0.37595418095588684
1178,117.8,118.8,0.284990519285202,0.284990519285202
1179,117.9,118.9,0.3764275312423706,0.3764275312423706
1180,118.0,119.0,0.3772832453250885,0.3772832453250885
1181,118.1,119.1,0.5878879427909851,0.5878879427909851
1182,118.2,119.2,0.6609705090522766,0.6609705090522766
1183,118.3,119.3,0.7427094578742981,0.7427094578742981
1184,118.4,119.4,0.6452573537826538,0.6452573537826538
1185,118.5,119.5,0.6279409527778625,0.6279409527778625
1186,118.6,119.6,0.7147701978683472,0.7147701978683472
1187,118.7,119.7,0.532871663570404,0.532871663570404
1188,118.8,119.8,0.4466724991798401,0.4466724991798401
1189,118.9,119.9,0.5023646354675293,0.5023646354675293
1190,119.0,120.0,0.5044558644294739,0.5044558644294739
1191,119.1,120.1,0.6437773108482361,0.6437773108482361
1192,119.2,120.2,0.28875938057899475,0.28875938057899475
1193,119.3,120.3,0.2963296175003052,0.2963296175003052
1194,119.4,120.4,0.3779393434524536,0.3779393434524536
1195,119.5,120.5,0.4439980387687683,0.4439980387687683
1196,119.6,120.6,0.47699084877967834,0.47699084877967834
1197,119.7,120.7,0.37253841757774353,0.37253841757774353
1198,119.8,120.8,0.1880256086587906,0.1880256086587906
1199,119.9,120.9,0.2511487305164337,0.2511487305164337
1200,120.0,121.0,0.29627010226249695,0.29627010226249695
1201,120.1,121.1,0.437946081161499,0.437946081161499
1202,120.2,121.2,0.617185652256012,0.617185652256012
1203,120.3,121.3,0.5107148885726929,0.5107148885726929
1204,120.4,121.4,0.5278046727180481,0.5278046727180481
1205,120.5,121.5,0.6395048499107361,0.6395048499107361
1206,120.6,121.6,0.5948865413665771,0.5948865413665771
1207,120.7,121.7,0.6251537799835205,0.6251537799835205
1208,120.8,121.8,0.5451279282569885,0.5451279282569885
1209,120.9,121.9,0.38530534505844116,0.38530534505844116
1210,121.0,122.0,0.39206603169441223,0.39206603169441223
1211,121.1,122.1,0.3860742747783661,0.3860742747783661
1212,121.2,122.2,0.41542571783065796,0.41542571783065796
1213,121.3,122.3,0.34488388895988464,0.34488388895988464
1214,121.4,122.4,0.5633987784385681,0.5633987784385681
1215,121.5,122.5,0.49828821420669556,0.49828821420669556
1216,121.6,122.6,0.5767896771430969,0.5767896771430969
1217,121.7,122.7,0.5421015620231628,0.5421015620231628
1218,121.8,122.8,0.4094395339488983,0.4094395339488983
1219,121.9,122.9,0.5375134944915771,0.5375134944915771
1220,122.0,123.0,0.6048678755760193,0.6048678755760193
1221,122.1,123.1,0.45961159467697144,0.45961159467697144
1222,122.2,123.2,0.5743131637573242,0.5743131637573242
1223,122.3,123.3,0.5991243124008179,0.5991243124008179
1224,122.4,123.4,0.6773880124092102,0.6773880124092102
1225,122.5,123.5,0.6409090757369995,0.6409090757369995
1226,122.6,123.6,0.7440536618232727,0.7440536618232727
1227,122.7,123.7,0.6186423301696777,0.6186423301696777
1228,122.8,123.8,0.5455800294876099,0.5455800294876099
1229,122.9,123.9,0.5107259154319763,0.5107259154319763
1230,123.0,124.0,0.39841872453689575,0.39841872453689575
1231,123.1,124.1,0.326941579580307,0.326941579580307
1232,123.2,124.2,0.4481544494628906,0.4481544494628906
1233,123.3,124.3,0.4314132332801819,0.4314132332801819
1234,123.4,124.4,0.321774423122406,0.321774423122406
1235,123.5,124.5,0.27920228242874146,0.27920228242874146
1236,123.6,124.6,0.26366522908210754,0.26366522908210754
1237,123.7,124.7,0.2843198776245117,0.2843198776245117
1238,123.8,124.8,0.2765178382396698,0.2765178382396698
1239,123.9,124.9,0.3609432280063629,0.3609432280063629
1240,124.0,125.0,0.4232521951198578,0.4232521951198578
1241,124.1,125.1,0.3562110960483551,0.3562110960483551
1242,124.2,125.2,0.37907108664512634,0.37907108664512634
1243,124.3,125.3,0.32148057222366333,0.32148057222366333
1244,124.4,125.4,0.40560534596443176,0.40560534596443176
1245,124.5,125.5,0.40535488724708557,0.40535488724708557
1246,124.6,125.6,0.42450419068336487,0.42450419068336487
1247,124.7,125.7,0.31923165917396545,0.31923165917396545
1248,124.8,125.8,0.34955570101737976,0.34955570101737976
1249,124.9,125.9,0.28560391068458557,0.28560391068458557
1250,125.0,126.0,0.2762986719608307,0.2762986719608307
1251,125.1,126.1,0.388726145029068,0.388726145029068
1252,125.2,126.2,0.37499427795410156,0.37499427795410156
1253,125.3,126.3,0.2908664643764496,0.2908664643764496
1254,125.4,126.4,0.18412768840789795,0.18412768840789795
1255,125.5,126.5,0.3424549996852875,0.3424549996852875
1256,125.6,126.6,0.28232836723327637,0.28232836723327637
1257,125.7,126.7,0.3132772743701935,0.3132772743701935
1258,125.8,126.8,0.4639958441257477,0.4639958441257477
1259,125.9,126.9,0.30822092294692993,0.30822092294692993
1260,126.0,127.0,0.4463530480861664,0.4463530480861664
1261,126.1,127.1,0.5534176826477051,0.5534176826477051
1262,126.2,127.2,0.5286039710044861,0.5286039710044861
1263,126.3,127.3,0.6147448420524597,0.6147448420524597
1264,126.4,127.4,0.47757676243782043,0.47757676243782043
1265,126.5,127.5,0.3903227746486664,0.3903227746486664
1266,126.6,127.6,0.3455984890460968,0.3455984890460968
1267,126.7,127.7,0.3312262296676636,0.3312262296676636
1268,126.8,127.8,0.3954719305038452,0.3954719305038452
1269,126.9,127.9,0.3108123540878296,0.3108123540878296
1270,127.0,128.0,0.33214905858039856,0.33214905858039856
1271,127.1,128.1,0.35989969968795776,0.35989969968795776
1272,127.2,128.2,0.44074153900146484,0.44074153900146484
1273,127.3,128.3,0.44714272022247314,0.44714272022247314
1274,127.4,128.4,0.40867355465888977,0.40867355465888977
1275,127.5,128.5,0.42355602979660034,0.42355602979660034
1276,127.6,128.6,0.30507850646972656,0.30507850646972656
1277,127.7,128.7,0.411668062210083,0.411668062210083
1278,127.8,128.8,0.4645700752735138,0.4645700752735138
1279,127.9,128.9,0.5142987370491028,0.5142987370491028
1280,128.0,129.0,0.5583068132400513,0.5583068132400513
1281,128.1,129.1,0.4266984760761261,0.4266984760761261
1282,128.2,129.2,0.3743005394935608,0.3743005394935608
1283,128.3,129.3,0.5946691036224365,0.5946691036224365
1284,128.4,129.4,0.4061274826526642,0.4061274826526642
1285,128.5,129.5,0.4751321077346802,0.4751321077346802
1286,128.6,129.6,0.5132123827934265,0.5132123827934265
1287,128.7,129.7,0.4288114607334137,0.4288114607334137
1288,128.8,129.8,0.2384905368089676,0.2384905368089676
1289,128.9,129.9,0.14568528532981873,0.14568528532981873
1290,129.0,130.0,0.3922172784805298,0.3922172784805298
1291,129.1,130.1,0.3240545690059662,0.3240545690059662
1292,129.2,130.2,0.26384207606315613,0.26384207606315613
1293,129.3,130.3,0.3287866413593292,0.3287866413593292
1294,129.4,130.4,0.4755329191684723,0.4755329191684723
1295,129.5,130.5,0.4596768021583557,0.4596768021583557
1296,129.6,130.6,0.6412152647972107,0.6412152647972107
1297,129.7,130.7,0.55683833360672,0.55683833360672
1298,129.8,130.8,0.513002336025238,0.513002336025238
1299,129.9,130.9,0.510637640953064,0.510637640953064
1300,130.0,131.0,0.34555575251579285,0.34555575251579285
1301,130.1,131.1,0.33427944779396057,0.33427944779396057
1302,130.2,131.2,0.3677075505256653,0.3677075505256653
1303,130.3,131.3,0.323637455701828,0.323637455701828
1304,130.4,131.4,0.4011300504207611,0.4011300504207611
1305,130.5,131.5,0.34694015979766846,0.34694015979766846
1306,130.6,131.6,0.32718902826309204,0.32718902826309204
1307,130.7,131.7,0.2793062627315521,0.2793062627315521
1308,130.8,131.8,0.34216293692588806,0.34216293692588806
1309,130.9,131.9,0.3742341995239258,0.3742341995239258
1310,131.0,132.0,0.40248584747314453,0.40248584747314453
1311,131.1,132.1,0.3270285725593567,0.3270285725593567
1312,131.2,132.2,0.44682106375694275,0.44682106375694275
1313,131.3,132.3,0.6612537503242493,0.6612537503242493
1314,131.4,132.4,0.5459374785423279,0.5459374785423279
1315,131.5,132.5,0.48971617221832275,0.48971617221832275
1316,131.6,132.6,0.36560291051864624,0.36560291051864624
1317,131.7,132.7,0.3020778000354767,0.3020778000354767
1318,131.8,132.8,0.29995495080947876,0.29995495080947876
1319,131.9,132.9,0.31320980191230774,0.31320980191230774
1320,132.0,133.0,0.2900611162185669,0.2900611162185669
1321,132.1,133.1,0.4179784655570984,0.4179784655570984
1322,132.2,133.2,0.39571866393089294,0.39571866393089294
1323,132.3,133.3,0.3224489092826843,0.3224489092826843
1324,132.4,133.4,0.2753662168979645,0.2753662168979645
1325,132.5,133.5,0.3463098108768463,0.3463098108768463
1326,132.6,133.6,0.2670559883117676,0.2670559883117676
1327,132.7,133.7,0.12152457982301712,0.12152457982301712
1328,132.8,133.8,0.29520976543426514,0.29520976543426514
1329,132.9,133.9,0.2228490263223648,0.2228490263223648
1330,133.0,134.0,0.08605192601680756,0.08605192601680756
1331,133.1,134.1,0.16366644203662872,0.16366644203662872
1332,133.2,134.2,0.20514900982379913,0.20514900982379913
1333,133.3,134.3,0.19882799685001373,0.19882799685001373
1334,133.4,134.4,0.3098311126232147,0.3098311126232147
1335,133.5,134.5,0.2762603759765625,0.2762603759765625
1336,133.6,134.6,0.4144778549671173,0.4144778549671173
1337,133.7,134.7,0.34209415316581726,0.34209415316581726
1338,133.8,134.8,0.374314546585083,0.374314546585083
1339,133.9,134.9,0.34444573521614075,0.34444573521614075
1340,134.0,135.0,0.32354098558425903,0.32354098558425903
1341,134.1,135.1,0.30768874287605286,0.30768874287605286
1342,134.2,135.2,0.3367839455604553,0.3367839455604553
1343,134.3,135.3,0.3494008481502533,0.3494008481502533
1344,134.4,135.4,0.429106742143631,0.429106742143631
1345,134.5,135.5,0.37958455085754395,0.37958455085754395
1346,134.6,135.6,0.4231659770011902,0.4231659770011902
1347,134.7,135.7,0.4450168311595917,0.4450168311595917
1348,134.8,135.8,0.5017083883285522,0.5017083883285522
1349,134.9,135.9,0.3685101270675659,0.3685101270675659
1350,135.0,136.0,0.32337817549705505,0.32337817549705505
1351,135.1,136.1,0.46961119771003723,0.46961119771003723
1352,135.2,136.2,0.4796501100063324,0.4796501100063324
1353,135.3,136.3,0.2979728877544403,0.2979728877544403
1354,135.4,136.4,0.4741783142089844,0.4741783142089844
1355,135.5,136.5,0.29570677876472473,0.29570677876472473
1356,135.6,136.6,0.31743353605270386,0.31743353605270386
1357,135.7,136.7,0.3111080527305603,0.3111080527305603
1358,135.8,136.8,0.2762710750102997,0.2762710750102997
1359,135.9,136.9,0.3619610369205475,0.3619610369205475
1360,136.0,137.0,0.33762168884277344,0.33762168884277344
1361,136.1,137.1,0.35324493050575256,0.35324493050575256
1362,136.2,137.2,0.36903446912765503,0.36903446912765503
1363,136.3,137.3,0.44026586413383484,0.44026586413383484
1364,136.4,137.4,0.6589213609695435,0.6589213609695435
1365,136.5,137.5,0.3981262147426605,0.3981262147426605
1366,136.6,137.6,0.43469470739364624,0.43469470739364624
1367,136.7,137.7,0.6382061839103699,0.6382061839103699
1368,136.8,137.8,0.4749496281147003,0.4749496281147003
1369,136.9,137.9,0.5510347485542297,0.5510347485542297
1370,137.0,138.0,0.5783153772354126,0.5783153772354126
1371,137.1,138.1,0.5809848308563232,0.5809848308563232
1372,137.2,138.2,0.5299898386001587,0.5299898386001587
1373,137.3,138.3,0.5414049029350281,0.5414049029350281
1374,137.4,138.4,0.48460501432418823,0.48460501432418823
1375,137.5,138.5,0.45688948035240173,0.45688948035240173
1376,137.6,138.6,0.47635143995285034,0.47635143995285034
1377,137.7,138.7,0.500092089176178,0.500092089176178
1378,137.8,138.8,0.5332052111625671,0.5332052111625671
1379,137.9,138.9,0.5671170949935913,0.5671170949935913
1380,138.0,139.0,0.41086283326148987,0.41086283326148987
1381,138.1,139.1,0.5602309703826904,0.5602309703826904
1382,138.2,139.2,0.7171862125396729,0.7171862125396729
1383,138.3,139.3,0.6861839294433594,0.6861839294433594
1384,138.4,139.4,0.8542189002037048,0.8542189002037048
1385,138.5,139.5,0.785988986492157,0.785988986492157
1386,138.6,139.6,0.6707323789596558,0.6707323789596558
1387,138.7,139.7,0.4529739022254944,0.4529739022254944
1388,138.8,139.8,0.52837073802948,0.52837073802948
1389,138.9,139.9,0.6915735006332397,0.6915735006332397
1390,139.0,140.0,0.7788832187652588,0.7788832187652588
1391,139.1,140.1,0.8286193013191223,0.8286193013191223
1392,139.2,140.2,0.8191120624542236,0.8191120624542236
1393,139.3,140.3,0.7799091935157776,0.7799091935157776
1394,139.4,140.4,0.8852695226669312,0.8852695226669312
1395,139.5,140.5,0.8164447546005249,0.8164447546005249
1396,139.6,140.6,0.8357453346252441,0.8357453346252441
1397,139.7,140.7,0.8340169787406921,0.8340169787406921
1398,139.8,140.8,0.8016567826271057,0.8016567826271057
1399,139.9,140.9,0.6289132833480835,0.6289132833480835
1400,140.0,141.0,0.7651993036270142,0.7651993036270142
1401,140.1,141.1,0.7893415093421936,0.7893415093421936
1402,140.2,141.2,0.7870739102363586,0.7870739102363586
1403,140.3,141.3,0.6960933804512024,0.6960933804512024
1404,140.4,141.4,0.8222488164901733,0.8222488164901733
1405,140.5,141.5,0.6861612200737,0.6861612200737
1406,140.6,141.6,0.5967718958854675,0.5967718958854675
1407,140.7,141.7,0.7232303023338318,0.7232303023338318
1408,140.8,141.8,0.7793877720832825,0.7793877720832825
1409,140.9,141.9,0.7762966752052307,0.7762966752052307
1410,141.0,142.0,0.8885495662689209,0.8885495662689209
1411,141.1,142.1,0.8288881778717041,0.8288881778717041
1412,141.2,142.2,0.8477219343185425,0.8477219343185425
1413,141.3,142.3,0.7424941062927246,0.7424941062927246
1414,141.4,142.4,0.6952908635139465,0.6952908635139465
1415,141.5,142.5,0.5755540728569031,0.5755540728569031
1416,141.6,142.6,0.7540116906166077,0.7540116906166077
1417,141.7,142.7,0.750582754611969,0.750582754611969
1418,141.8,142.8,0.6607017517089844,0.6607017517089844
1419,141.9,142.9,0.847920835018158,0.847920835018158
1420,142.0,143.0,0.8111074566841125,0.8111074566841125
1421,142.1,143.1,0.8060447573661804,0.8060447573661804
1422,142.2,143.2,0.856469452381134,0.856469452381134
1423,142.3,143.3,0.8067585229873657,0.8067585229873657
1424,142.4,143.4,0.8090335726737976,0.8090335726737976
1425,142.5,143.5,0.8013918995857239,0.8013918995857239
1426,142.6,143.6,0.7899044156074524,0.7899044156074524
1427,142.7,143.7,0.7954070568084717,0.7954070568084717
1428,142.8,143.8,0.727822482585907,0.727822482585907
1429,142.9,143.9,0.6429749727249146,0.6429749727249146
1430,143.0,144.0,0.6818506717681885,0.6818506717681885
1431,143.1,144.1,0.5961915850639343,0.5961915850639343
1432,143.2,144.2,0.6688079237937927,0.6688079237937927
1433,143.3,144.3,0.6565219163894653,0.6565219163894653
1434,143.4,144.4,0.426104336977005,0.426104336977005
1435,143.5,144.5,0.5618123412132263,0.5618123412132263
1436,143.6,144.6,0.5722105503082275,0.5722105503082275
1437,143.7,144.7,0.6960558891296387,0.6960558891296387
1438,143.8,144.8,0.7115256190299988,0.7115256190299988
1439,143.9,144.9,0.6444514393806458,0.6444514393806458
1440,144.0,145.0,0.709442675113678,0.709442675113678
1441,144.1,145.1,0.7097510099411011,0.7097510099411011
1442,144.2,145.2,0.7220686674118042,0.7220686674118042
1443,144.3,145.3,0.6569549441337585,0.6569549441337585
1444,144.4,145.4,0.6941506266593933,0.6941506266593933
1445,144.5,145.5,0.6664779782295227,0.6664779782295227
1446,144.6,145.6,0.7916994690895081,0.7916994690895081
1447,144.7,145.7,0.7142086625099182,0.7142086625099182
1448,144.8,145.8,0.7028457522392273,0.7028457522392273
1449,144.9,145.9,0.7793773412704468,0.7793773412704468
1450,145.0,146.0,0.5641657114028931,0.5641657114028931
1451,145.1,146.1,0.684887707233429,0.684887707233429
1452,145.2,146.2,0.6538530588150024,0.6538530588150024
1453,145.3,146.3,0.8042922616004944,0.8042922616004944
1454,145.4,146.4,0.6246405243873596,0.6246405243873596
1455,145.5,146.5,0.7629104852676392,0.7629104852676392
1456,145.6,146.6,0.7610679268836975,0.7610679268836975
1457,145.7,146.7,0.7012619376182556,0.7012619376182556
1458,145.8,146.8,0.6173482537269592,0.6173482537269592
1459,145.9,146.9,0.6274425387382507,0.6274425387382507
1460,146.0,147.0,0.6393600106239319,0.6393600106239319
1461,146.1,147.1,0.6264781951904297,0.6264781951904297
1462,146.2,147.2,0.5422146320343018,0.5422146320343018
1463,146.3,147.3,0.6148702502250671,0.6148702502250671
1464,146.4,147.4,0.5196987986564636,0.5196987986564636
1465,146.5,147.5,0.47260090708732605,0.47260090708732605
1466,146.6,147.6,0.5201547145843506,0.5201547145843506
1467,146.7,147.7,0.6031654477119446,0.6031654477119446
1468,146.8,147.8,0.5060383081436157,0.5060383081436157
1469,146.9,147.9,0.45427706837654114,0.45427706837654114
1470,147.0,148.0,0.6291558742523193,0.6291558742523193
1471,147.1,148.1,0.7860155701637268,0.7860155701637268
1472,147.2,148.2,0.7317091226577759,0.7317091226577759
1473,147.3,148.3,0.5548616051673889,0.5548616051673889
1474,147.4,148.4,0.8639780879020691,0.8639780879020691
1475,147.5,148.5,0.7336146831512451,0.7336146831512451
1476,147.6,148.6,0.7296611070632935,0.7296611070632935
1477,147.7,148.7,0.543281614780426,0.543281614780426
1478,147.8,148.8,0.6589781045913696,0.6589781045913696
1479,147.9,148.9,0.6583148837089539,0.6583148837089539
1480,148.0,149.0,0.4158164858818054,0.4158164858818054
1481,148.1,149.1,0.28006383776664734,0.28006383776664734
1482,148.2,149.2,0.23817509412765503,0.23817509412765503
1483,148.3,149.3,0.23564015328884125,0.23564015328884125
1484,148.4,149.4,0.41433656215667725,0.41433656215667725
1485,148.5,149.5,0.3553551137447357,0.3553551137447357
1486,148.6,149.6,0.6685646772384644,0.6685646772384644
1487,148.7,149.7,0.5536310076713562,0.5536310076713562
1488,148.8,149.8,0.5330830216407776,0.5330830216407776
1489,148.9,149.9,0.47794896364212036,0.47794896364212036
1490,149.0,150.0,0.7437546849250793,0.7437546849250793
1491,149.1,150.1,0.7435823082923889,0.7435823082923889
1492,149.2,150.2,0.7661376595497131,0.7661376595497131
1493,149.3,150.3,0.7845304012298584,0.7845304012298584
1494,149.4,150.4,0.7999839782714844,0.7999839782714844
1495,149.5,150.5,0.7971141934394836,0.7971141934394836
1496,149.6,150.6,0.6505701541900635,0.6505701541900635
1497,149.7,150.7,0.7917200326919556,0.7917200326919556
1498,149.8,150.8,0.8457949757575989,0.8457949757575989
1499,149.9,150.9,0.885233461856842,0.885233461856842
1500,150.0,151.0,0.78915935754776,0.78915935754776
1501,150.1,151.1,0.8224837779998779,0.8224837779998779
1502,150.2,151.2,0.7661325931549072,0.7661325931549072
1503,150.3,151.3,0.7331866025924683,0.7331866025924683
1504,150.4,151.4,0.7944007515907288,0.7944007515907288
1505,150.5,151.5,0.7377784848213196,0.7377784848213196
1506,150.6,151.6,0.6460110545158386,0.6460110545158386
1507,150.7,151.7,0.7267212271690369,0.7267212271690369
1508,150.8,151.8,0.7359181046485901,0.7359181046485901
1509,150.9,151.9,0.707055389881134,0.707055389881134
1510,151.0,152.0,0.6605716943740845,0.6605716943740845
1511,151.1,152.1,0.6002350449562073,0.6002350449562073
1512,151.2,152.2,0.6080144047737122,0.6080144047737122
1513,151.3,152.3,0.5614138245582581,0.5614138245582581
1514,151.4,152.4,0.5159661769866943,0.5159661769866943
1515,151.5,152.5,0.5114850401878357,0.5114850401878357
1516,151.6,152.6,0.5105227828025818,0.5105227828025818
1517,151.7,152.7,0.48990949988365173,0.48990949988365173
1518,151.8,152.8,0.5974687933921814,0.5974687933921814
1519,151.9,152.9,0.6218698024749756,0.6218698024749756
1520,152.0,153.0,0.5049982070922852,0.5049982070922852
1521,152.1,153.1,0.5219697952270508,0.5219697952270508
1522,152.2,153.2,0.5095754861831665,0.5095754861831665
1523,152.3,153.3,0.39965060353279114,0.39965060353279114
1524,152.4,153.4,0.4959166944026947,0.4959166944026947
1525,152.5,153.5,0.5800702571868896,0.5800702571868896
1526,152.6,153.6,0.6257068514823914,0.6257068514823914
1527,152.7,153.7,0.6425447463989258,0.6425447463989258
1528,152.8,153.8,0.6203663945198059,0.6203663945198059
1529,152.9,153.9,0.7238426208496094,0.7238426208496094
1530,153.0,154.0,0.5445363521575928,0.5445363521575928
1531,153.1,154.1,0.5732558965682983,0.5732558965682983
1532,153.2,154.2,0.5074241161346436,0.5074241161346436
1533,153.3,154.3,0.5108247995376587,0.5108247995376587
1534,153.4,154.4,0.43622463941574097,0.43622463941574097
1535,153.5,154.5,0.5834691524505615,0.5834691524505615
1536,153.6,154.6,0.4253718852996826,0.4253718852996826
1537,153.7,154.7,0.389396607875824,0.389396607875824
1538,153.8,154.8,0.35524699091911316,0.35524699091911316
1539,153.9,154.9,0.3676854968070984,0.3676854968070984
1540,154.0,155.0,0.3568230867385864,0.3568230867385864
1541,154.1,155.1,0.3652217388153076,0.3652217388153076
1542,154.2,155.2,0.28469154238700867,0.28469154238700867
1543,154.3,155.3,0.2799718379974365,0.2799718379974365
1544,154.4,155.4,0.33251112699508667,0.33251112699508667
1545,154.5,155.5,0.4137667417526245,0.4137667417526245
1546,154.6,155.6,0.42564505338668823,0.42564505338668823
1547,154.7,155.7,0.4381062686443329,0.4381062686443329
1548,154.8,155.8,0.5219365358352661,0.5219365358352661
1549,154.9,155.9,0.4380721151828766,0.4380721151828766
1550,155.0,156.0,0.4115307927131653,0.4115307927131653
1551,155.1,156.1,0.5962458848953247,0.5962458848953247
1552,155.2,156.2,0.5596283674240112,0.5596283674240112
1553,155.3,156.3,0.5655373930931091,0.5655373930931091
1554,155.4,156.4,0.5093396902084351,0.5093396902084351
1555,155.5,156.5,0.43515199422836304,0.43515199422836304
1556,155.6,156.6,0.3468083441257477,0.3468083441257477
1557,155.7,156.7,0.297718346118927,0.297718346118927
1558,155.8,156.8,0.47605809569358826,0.47605809569358826
1559,155.9,156.9,0.3038104474544525,0.3038104474544525
1560,156.0,157.0,0.2980090081691742,0.2980090081691742
1561,156.1,157.1,0.3901931047439575,0.3901931047439575
1562,156.2,157.2,0.45915353298187256,0.45915353298187256
1563,156.3,157.3,0.5372875928878784,0.5372875928878784
1564,156.4,157.4,0.407367080450058,0.407367080450058
1565,156.5,157.5,0.2959185838699341,0.2959185838699341
1566,156.6,157.6,0.275773286819458,0.275773286819458
1567,156.7,157.7,0.40968045592308044,0.40968045592308044
1568,156.8,157.8,0.2611617147922516,0.2611617147922516
1569,156.9,157.9,0.2876892387866974,0.2876892387866974
1570,157.0,158.0,0.2719983756542206,0.2719983756542206
1571,157.1,158.1,0.3411044180393219,0.3411044180393219
1572,157.2,158.2,0.31316399574279785,0.31316399574279785
1573,157.3,158.3,0.3854711651802063,0.3854711651802063
1574,157.4,158.4,0.271332710981369,0.271332710981369
1575,157.5,158.5,0.4243360459804535,0.4243360459804535
1576,157.6,158.6,0.4084450602531433,0.4084450602531433
1577,157.7,158.7,0.3518751561641693,0.3518751561641693
1578,157.8,158.8,0.26344141364097595,0.26344141364097595
1579,157.9,158.9,0.25231605768203735,0.25231605768203735
1580,158.0,159.0,0.31138572096824646,0.31138572096824646
1581,158.1,159.1,0.21899282932281494,0.21899282932281494
1582,158.2,159.2,0.5291370153427124,0.5291370153427124
1583,158.3,159.3,0.5265892744064331,0.5265892744064331
1584,158.4,159.4,0.581494927406311,0.581494927406311
1585,158.5,159.5,0.45807623863220215,0.45807623863220215
1586,158.6,159.6,0.7506784796714783,0.7506784796714783
1587,158.7,159.7,0.5915347933769226,0.5915347933769226
1588,158.8,159.8,0.5099866986274719,0.5099866986274719
1589,158.9,159.9,0.3926146626472473,0.3926146626472473
1590,159.0,160.0,0.3698054552078247,0.3698054552078247
1591,159.1,160.1,0.3075823187828064,0.3075823187828064
1592,159.2,160.2,0.32649657130241394,0.32649657130241394
1593,159.3,160.3,0.4421474039554596,0.4421474039554596
1594,159.4,160.4,0.41253116726875305,0.41253116726875305
1595,159.5,160.5,0.32347047328948975,0.32347047328948975
1596,159.6,160.6,0.42901143431663513,0.42901143431663513
1597,159.7,160.7,0.48008936643600464,0.48008936643600464
1598,159.8,160.8,0.33931806683540344,0.33931806683540344
1599,159.9,160.9,0.48140576481819153,0.48140576481819153
1600,160.0,161.0,0.384522944688797,0.384522944688797
1601,160.1,161.1,0.31875771284103394,0.31875771284103394
1602,160.2,161.2,0.3498779237270355,0.3498779237270355
1603,160.3,161.3,0.2884592115879059,0.2884592115879059
1604,160.4,161.4,0.30917665362358093,0.30917665362358093
1605,160.5,161.5,0.27625876665115356,0.27625876665115356
1606,160.6,161.6,0.27476203441619873,0.27476203441619873
1607,160.7,161.7,0.30963611602783203,0.30963611602783203
1608,160.8,161.8,0.39450931549072266,0.39450931549072266
1609,160.9,161.9,0.3987879455089569,0.3987879455089569
1610,161.0,162.0,0.31670770049095154,0.31670770049095154
1611,161.1,162.1,0.5562096238136292,0.5562096238136292
1612,161.2,162.2,0.8114743232727051,0.8114743232727051
1613,161.3,162.3,0.5483624935150146,0.5483624935150146
1614,161.4,162.4,0.4617553651332855,0.4617553651332855
1615,161.5,162.5,0.3269713819026947,0.3269713819026947
1616,161.6,162.6,0.47649499773979187,0.47649499773979187
1617,161.7,162.7,0.43701377511024475,0.43701377511024475
1618,161.8,162.8,0.3550604581832886,0.3550604581832886
1619,161.9,162.9,0.34128430485725403,0.34128430485725403
1620,162.0,163.0,0.38699111342430115,0.38699111342430115
1621,162.1,163.1,0.4568425416946411,0.4568425416946411
1622,162.2,163.2,0.3887133002281189,0.3887133002281189
1623,162.3,163.3,0.3780902326107025,0.3780902326107025
1624,162.4,163.4,0.5230538249015808,0.5230538249015808
1625,162.5,163.5,0.43744391202926636,0.43744391202926636
1626,162.6,163.6,0.40395501255989075,0.40395501255989075
1627,162.7,163.7,0.4216407239437103,0.4216407239437103
1628,162.8,163.8,0.4709312915802002,0.4709312915802002
1629,162.9,163.9,0.7131475210189819,0.7131475210189819
1630,163.0,164.0,0.6907345652580261,0.6907345652580261
1631,163.1,164.1,0.5639040470123291,0.5639040470123291
1632,163.2,164.2,0.4728834927082062,0.4728834927082062
1633,163.3,164.3,0.5308831334114075,0.5308831334114075
1634,163.4,164.4,0.48707208037376404,0.48707208037376404
1635,163.5,164.5,0.5199551582336426,0.5199551582336426
1636,163.6,164.6,0.4580583870410919,0.4580583870410919
1637,163.7,164.7,0.5347998738288879,0.5347998738288879
1638,163.8,164.8,0.7286355495452881,0.7286355495452881
1639,163.9,164.9,0.5053543448448181,0.5053543448448181
1640,164.0,165.0,0.40694132447242737,0.40694132447242737
1641,164.1,165.1,0.31901824474334717,0.31901824474334717
1642,164.2,165.2,0.37393710017204285,0.37393710017204285
1643,164.3,165.3,0.17609143257141113,0.17609143257141113
1644,164.4,165.4,0.2600548565387726,0.2600548565387726
1645,164.5,165.5,0.3816533088684082,0.3816533088684082
1646,164.6,165.6,0.332685649394989,0.332685649394989
1647,164.7,165.7,0.5222626328468323,0.5222626328468323
1648,164.8,165.8,0.4390496015548706,0.4390496015548706
1649,164.9,165.9,0.5104150176048279,0.5104150176048279
1650,165.0,166.0,0.5552934408187866,0.5552934408187866
1651,165.1,166.1,0.5127906799316406,0.5127906799316406
1652,165.2,166.2,0.400778591632843,0.400778591632843
1653,165.3,166.3,0.5177664160728455,0.5177664160728455
1654,165.4,166.4,0.3738524317741394,0.3738524317741394
1655,165.5,166.5,0.3513783812522888,0.3513783812522888
1656,165.6,166.6,0.4019562900066376,0.4019562900066376
1657,165.7,166.7,0.4649238884449005,0.4649238884449005
1658,165.8,166.8,0.497076153755188,0.497076153755188
1659,165.9,166.9,0.3994850814342499,0.3994850814342499
1660,166.0,167.0,0.4294978380203247,0.4294978380203247
1661,166.1,167.1,0.431693434715271,0.431693434715271
1662,166.2,167.2,0.4980068504810333,0.4980068504810333
1663,166.3,167.3,0.43971094489097595,0.43971094489097595
1664,166.4,167.4,0.4769400656223297,0.4769400656223297
1665,166.5,167.5,0.5259560942649841,0.5259560942649841
1666,166.6,167.6,0.4635324478149414,0.4635324478149414
1667,166.7,167.7,0.4732235372066498,0.4732235372066498
1668,166.8,167.8,0.3792625963687897,0.3792625963687897
1669,166.9,167.9,0.34191206097602844,0.34191206097602844
1670,167.0,168.0,0.31974050402641296,0.31974050402641296
1671,167.1,168.1,0.35006240010261536,0.35006240010261536
1672,167.2,168.2,0.37688544392585754,0.37688544392585754
1673,167.3,168.3,0.4259120523929596,0.4259120523929596
1674,167.4,168.4,0.33715057373046875,0.33715057373046875
1675,167.5,168.5,0.27403703331947327,0.27403703331947327
1676,167.6,168.6,0.2748493552207947,0.2748493552207947
1677,167.7,168.7,0.32488420605659485,0.32488420605659485
1678,167.8,168.8,0.4099791347980499,0.4099791347980499
1679,167.9,168.9,0.32007795572280884,0.32007795572280884
1680,168.0,169.0,0.4842940866947174,0.4842940866947174
1681,168.1,169.1,0.48473939299583435,0.48473939299583435
1682,168.2,169.2,0.38441094756126404,0.38441094756126404
1683,168.3,169.3,0.3538614511489868,0.3538614511489868
1684,168.4,169.4,0.5659266114234924,0.5659266114234924
1685,168.5,169.5,0.2799633741378784,0.2799633741378784
1686,168.6,169.6,0.28150442242622375,0.28150442242622375
1687,168.7,169.7,0.3155442774295807,0.3155442774295807
1688,168.8,169.8,0.2985469400882721,0.2985469400882721
1689,168.9,169.9,0.3754880130290985,0.3754880130290985
1690,169.0,170.0,0.400729775428772,0.400729775428772
1691,169.1,170.1,0.44953209161758423,0.44953209161758423
1692,169.2,170.2,0.40939414501190186,0.40939414501190186
1693,169.3,170.3,0.4210355877876282,0.4210355877876282
1694,169.4,170.4,0.41290712356567383,0.41290712356567383
1695,169.5,170.5,0.39683157205581665,0.39683157205581665
1696,169.6,170.6,0.41656413674354553,0.41656413674354553
1697,169.7,170.7,0.4864965081214905,0.4864965081214905
1698,169.8,170.8,0.5442715287208557,0.5442715287208557
1699,169.9,170.9,0.5432143211364746,0.5432143211364746
1700,170.0,171.0,0.46925047039985657,0.46925047039985657
1701,170.1,171.1,0.3541213870048523,0.3541213870048523
1702,170.2,171.2,0.4643610119819641,0.4643610119819641
1703,170.3,171.3,0.5028222799301147,0.5028222799301147
1704,170.4,171.4,0.4129315912723541,0.4129315912723541
1705,170.5,171.5,0.3619253933429718,0.3619253933429718
1706,170.6,171.6,0.41721126437187195,0.41721126437187195
1707,170.7,171.7,0.2997884154319763,0.2997884154319763
1708,170.8,171.8,0.39116042852401733,0.39116042852401733
1709,170.9,171.9,0.294303834438324,0.294303834438324
1710,171.0,172.0,0.28064149618148804,0.28064149618148804
1711,171.1,172.1,0.465461790561676,0.465461790561676
1712,171.2,172.2,0.35977938771247864,0.35977938771247864
1713,171.3,172.3,0.289713978767395,0.289713978767395
1714,171.4,172.4,0.2713887095451355,0.2713887095451355
1715,171.5,172.5,0.2938782572746277,0.2938782572746277
1716,171.6,172.6,0.31594526767730713,0.31594526767730713
1717,171.7,172.7,0.4009697735309601,0.4009697735309601
1718,171.8,172.8,0.39716678857803345,0.39716678857803345
1719,171.9,172.9,0.38136836886405945,0.38136836886405945
1720,172.0,173.0,0.43512657284736633,0.43512657284736633
1721,172.1,173.1,0.4350740611553192,0.4350740611553192
1722,172.2,173.2,0.4769662916660309,0.4769662916660309
1723,172.3,173.3,0.5493059754371643,0.5493059754371643
1724,172.4,173.4,0.5211960077285767,0.5211960077285767
1725,172.5,173.5,0.4871824085712433,0.4871824085712433
1726,172.6,173.6,0.39132383465766907,0.39132383465766907
1727,172.7,173.7,0.39579957723617554,0.39579957723617554
1728,172.8,173.8,0.40401753783226013,0.40401753783226013
1729,172.9,173.9,0.4115394949913025,0.4115394949913025
1730,173.0,174.0,0.49241727590560913,0.49241727590560913
1731,173.1,174.1,0.4112702012062073,0.4112702012062073
1732,173.2,174.2,0.5232729315757751,0.5232729315757751
1733,173.3,174.3,0.5664849281311035,0.5664849281311035
1734,173.4,174.4,0.6352040767669678,0.6352040767669678
1735,173.5,174.5,0.6617822051048279,0.6617822051048279
1736,173.6,174.6,0.7185503840446472,0.7185503840446472
1737,173.7,174.7,0.6097516417503357,0.6097516417503357
1738,173.8,174.8,0.4460279941558838,0.4460279941558838
1739,173.9,174.9,0.34443241357803345,0.34443241357803345
1740,174.0,175.0,0.24965351819992065,0.24965351819992065
1741,174.1,175.1,0.3466379940509796,0.3466379940509796
1742,174.2,175.2,0.35880446434020996,0.35880446434020996
1743,174.3,175.3,0.3661919832229614,0.3661919832229614
1744,174.4,175.4,0.3293688893318176,0.3293688893318176
1745,174.5,175.5,0.41619136929512024,0.41619136929512024
1746,174.6,175.6,0.3070834279060364,0.3070834279060364
1747,174.7,175.7,0.36485356092453003,0.36485356092453003
1748,174.8,175.8,0.29052960872650146,0.29052960872650146
1749,174.9,175.9,0.27123135328292847,0.27123135328292847
1750,175.0,176.0,0.32938751578330994,0.32938751578330994
1751,175.1,176.1,0.27976951003074646,0.27976951003074646
1752,175.2,176.2,0.2869532108306885,0.2869532108306885
1753,175.3,176.3,0.3002432882785797,0.3002432882785797
1754,175.4,176.4,0.416024774312973,0.416024774312973
1755,175.5,176.5,0.35356903076171875,0.35356903076171875
1756,175.6,176.6,0.4267396628856659,0.4267396628856659
1757,175.7,176.7,0.33127734065055847,0.33127734065055847
1758,175.8,176.8,0.3094059228897095,0.3094059228897095
1759,175.9,176.9,0.2996208965778351,0.2996208965778351
1760,176.0,177.0,0.31293052434921265,0.31293052434921265
1761,176.1,177.1,0.3675806224346161,0.3675806224346161
1762,176.2,177.2,0.3299597501754761,0.3299597501754761
1763,176.3,177.3,0.3723432719707489,0.3723432719707489
1764,176.4,177.4,0.5096655488014221,0.5096655488014221
1765,176.5,177.5,0.4310373067855835,0.4310373067855835
1766,176.6,177.6,0.44089484214782715,0.44089484214782715
1767,176.7,177.7,0.35068145394325256,0.35068145394325256
1768,176.8,177.8,0.33292633295059204,0.33292633295059204
1769,176.9,177.9,0.39694029092788696,0.39694029092788696
1770,177.0,178.0,0.5343469381332397,0.5343469381332397
1771,177.1,178.1,0.49512219429016113,0.49512219429016113
1772,177.2,178.2,0.3337526321411133,0.3337526321411133
1773,177.3,178.3,0.5022911429405212,0.5022911429405212
1774,177.4,178.4,0.3904145658016205,0.3904145658016205
1775,177.5,178.5,0.4885650873184204,0.4885650873184204
1776,177.6,178.6,0.33408600091934204,0.33408600091934204
1777,177.7,178.7,0.3481142520904541,0.3481142520904541
1778,177.8,178.8,0.4559326767921448,0.4559326767921448
1779,177.9,178.9,0.33109501004219055,0.33109501004219055
1780,178.0,179.0,0.2709524631500244,0.2709524631500244
1781,178.1,179.1,0.40032514929771423,0.40032514929771423
1782,178.2,179.2,0.32120034098625183,0.32120034098625183
1783,178.3,179.3,0.5654570460319519,0.5654570460319519
1784,178.4,179.4,0.46356475353240967,0.46356475353240967
1785,178.5,179.5,0.5586682558059692,0.5586682558059692
1786,178.6,179.6,0.6399596929550171,0.6399596929550171
1787,178.7,179.7,0.5566627979278564,0.5566627979278564
1788,178.8,179.8,0.28945499658584595,0.28945499658584595
1789,178.9,179.9,0.3765580356121063,0.3765580356121063
1790,179.0,180.0,0.25520482659339905,0.25520482659339905
1791,179.1,180.1,0.2423146814107895,0.2423146814107895
1792,179.2,180.2,0.5809014439582825,0.5809014439582825
1793,179.3,180.3,0.6084680557250977,0.6084680557250977
1794,179.4,180.4,0.4381500482559204,0.4381500482559204
1795,179.5,180.5,0.6191221475601196,0.6191221475601196
1796,179.6,180.6,0.9826760292053223,0.9826760292053223
1797,179.7,180.7,0.8945411443710327,0.8945411443710327
1798,179.8,180.8,0.8758144974708557,0.8758144974708557
1799,179.9,180.9,0.8409440517425537,0.8409440517425537
1800,180.0,181.0,0.8920127153396606,0.8920127153396606
1801,180.1,181.1,0.7471175193786621,0.7471175193786621
1802,180.2,181.2,0.7293058633804321,0.7293058633804321
1803,180.3,181.3,0.745215654373169,0.745215654373169
1804,180.4,181.4,0.943309485912323,0.943309485912323
1805,180.5,181.5,0.9588033556938171,0.9588033556938171
1806,180.6,181.6,0.9517373442649841,0.9517373442649841
1807,180.7,181.7,0.9509372115135193,0.9509372115135193
1808,180.8,181.8,0.8243274688720703,0.8243274688720703
1809,180.9,181.9,0.662554919719696,0.662554919719696
1810,181.0,182.0,0.5957016944885254,0.5957016944885254
1811,181.1,182.1,0.5726944804191589,0.5726944804191589
1812,181.2,182.2,0.5203648805618286,0.5203648805618286
1813,181.3,182.3,0.46615803241729736,0.46615803241729736
1814,181.4,182.4,0.5624262094497681,0.5624262094497681
1815,181.5,182.5,0.6241527795791626,0.6241527795791626
1816,181.6,182.6,0.5812593102455139,0.5812593102455139
1817,181.7,182.7,0.6300188899040222,0.6300188899040222
1818,181.8,182.8,0.454078733921051,0.454078733921051
1819,181.9,182.9,0.5132498741149902,0.5132498741149902
1820,182.0,183.0,0.3466990888118744,0.3466990888118744
1821,182.1,183.1,0.3467913568019867,0.3467913568019867
1822,182.2,183.2,0.40848007798194885,0.40848007798194885
1823,182.3,183.3,0.4045191705226898,0.4045191705226898
1824,182.4,183.4,0.5983288884162903,0.5983288884162903
1825,182.5,183.5,0.5594211220741272,0.5594211220741272
1826,182.6,183.6,0.5389701724052429,0.5389701724052429
1827,182.7,183.7,0.6343885064125061,0.6343885064125061
1828,182.8,183.8,0.5763620138168335,0.5763620138168335
1829,182.9,183.9,0.64723140001297,0.64723140001297
1830,183.0,184.0,0.6803423166275024,0.6803423166275024
1831,183.1,184.1,0.746182382106781,0.746182382106781
1832,183.2,184.2,0.7455424666404724,0.7455424666404724
1833,183.3,184.3,0.6178882718086243,0.6178882718086243
1834,183.4,184.4,0.5140751600265503,0.5140751600265503
1835,183.5,184.5,0.32528966665267944,0.32528966665267944
1836,183.6,184.6,0.38556137681007385,0.38556137681007385
1837,183.7,184.7,0.4129761755466461,0.4129761755466461
1838,183.8,184.8,0.3353576958179474,0.3353576958179474
1839,183.9,184.9,0.3776811957359314,0.3776811957359314
1840,184.0,185.0,0.3475362956523895,0.3475362956523895
1841,184.1,185.1,0.3766082525253296,0.3766082525253296
1842,184.2,185.2,0.4006732106208801,0.4006732106208801
1843,184.3,185.3,0.3781112730503082,0.3781112730503082
1844,184.4,185.4,0.5284627676010132,0.5284627676010132
1845,184.5,185.5,0.5068683624267578,0.5068683624267578
1846,184.6,185.6,0.36686331033706665,0.36686331033706665
1847,184.7,185.7,0.372285395860672,0.372285395860672
1848,184.8,185.8,0.5154877305030823,0.5154877305030823
1849,184.9,185.9,0.48038190603256226,0.48038190603256226
1850,185.0,186.0,0.45575132966041565,0.45575132966041565
1851,185.1,186.1,0.29711392521858215,0.29711392521858215
1852,185.2,186.2,0.31469592452049255,0.31469592452049255
1853,185.3,186.3,0.3380224406719208,0.3380224406719208
1854,185.4,186.4,0.482688307762146,0.482688307762146
1855,185.5,186.5,0.39121583104133606,0.39121583104133606
1856,185.6,186.6,0.28457656502723694,0.28457656502723694
1857,185.7,186.7,0.4756367802619934,0.4756367802619934
1858,185.8,186.8,0.4081806242465973,0.4081806242465973
1859,185.9,186.9,0.3133021593093872,0.3133021593093872
1860,186.0,187.0,0.2510426342487335,0.2510426342487335
1861,186.1,187.1,0.3088807761669159,0.3088807761669159
1862,186.2,187.2,0.2672940194606781,0.2672940194606781
1863,186.3,187.3,0.31881406903266907,0.31881406903266907
1864,186.4,187.4,0.28431975841522217,0.28431975841522217
1865,186.5,187.5,0.35445326566696167,0.35445326566696167
1866,186.6,187.6,0.19723674654960632,0.19723674654960632
1867,186.7,187.7,0.19658932089805603,0.19658932089805603
1868,186.8,187.8,0.17436155676841736,0.17436155676841736
1869,186.9,187.9,0.6395584940910339,0.6395584940910339
1870,187.0,188.0,0.2555970251560211,0.2555970251560211
1871,187.1,188.1,0.31532371044158936,0.31532371044158936
1872,187.2,188.2,0.3721187710762024,0.3721187710762024
1873,187.3,188.3,0.5401056408882141,0.5401056408882141
1874,187.4,188.4,0.39821720123291016,0.39821720123291016
1875,187.5,188.5,0.4320754110813141,0.4320754110813141
1876,187.6,188.6,0.4230647385120392,0.4230647385120392
1877,187.7,188.7,0.5024188756942749,0.5024188756942749
1878,187.8,188.8,0.4331265091896057,0.4331265091896057
1879,187.9,188.9,0.40259233117103577,0.40259233117103577
1880,188.0,189.0,0.4240477979183197,0.4240477979183197
1881,188.1,189.1,0.3214363157749176,0.3214363157749176
1882,188.2,189.2,0.3618054687976837,0.3618054687976837
1883,188.3,189.3,0.33043375611305237,0.33043375611305237
1884,188.4,189.4,0.35517823696136475,0.35517823696136475
1885,188.5,189.5,0.3490186929702759,0.3490186929702759
1886,188.6,189.6,0.2918689250946045,0.2918689250946045
1887,188.7,189.7,0.31803303956985474,0.31803303956985474
1888,188.8,189.8,0.40607112646102905,0.40607112646102905
1889,188.9,189.9,0.32957372069358826,0.32957372069358826
1890,189.0,190.0,0.42685019969940186,0.42685019969940186
1891,189.1,190.1,0.4476684033870697,0.4476684033870697
1892,189.2,190.2,0.46028953790664673,0.46028953790664673
1893,189.3,190.3,0.452772319316864,0.452772319316864
1894,189.4,190.4,0.5638684630393982,0.5638684630393982
1895,189.5,190.5,0.6525089144706726,0.6525089144706726
1896,189.6,190.6,0.6813232898712158,0.6813232898712158
1897,189.7,190.7,0.6139736771583557,0.6139736771583557
1898,189.8,190.8,0.65097576379776,0.65097576379776
1899,189.9,190.9,0.6396708488464355,0.6396708488464355
1900,190.0,191.0,0.6905626058578491,0.6905626058578491
1901,190.1,191.1,0.5987102389335632,0.5987102389335632
1902,190.2,191.2,0.495682030916214,0.495682030916214
1903,190.3,191.3,0.440428227186203,0.440428227186203
1904,190.4,191.4,0.5231331586837769,0.5231331586837769
1905,190.5,191.5,0.5170571208000183,0.5170571208000183
1906,190.6,191.6,0.49770277738571167,0.49770277738571167
1907,190.7,191.7,0.558261513710022,0.558261513710022
1908,190.8,191.8,0.37702545523643494,0.37702545523643494
1909,190.9,191.9,0.4337236285209656,0.4337236285209656
1910,191.0,192.0,0.3982183635234833,0.3982183635234833
1911,191.1,192.1,0.3271341025829315,0.3271341025829315
1912,191.2,192.2,0.4655288755893707,0.4655288755893707
1913,191.3,192.3,0.3743353486061096,0.3743353486061096
1914,191.4,192.4,0.38415226340293884,0.38415226340293884
1915,191.5,192.5,0.39180561900138855,0.39180561900138855
1916,191.6,192.6,0.5352293848991394,0.5352293848991394
1917,191.7,192.7,0.5780343413352966,0.5780343413352966
1918,191.8,192.8,0.4115225374698639,0.4115225374698639
1919,191.9,192.9,0.44541478157043457,0.44541478157043457
1920,192.0,193.0,0.46237021684646606,0.46237021684646606
1921,192.1,193.1,0.6345705986022949,0.6345705986022949
1922,192.2,193.2,0.4999944567680359,0.4999944567680359
1923,192.3,193.3,0.45499688386917114,0.45499688386917114
1924,192.4,193.4,0.5434961318969727,0.5434961318969727
1925,192.5,193.5,0.5255466103553772,0.5255466103553772
1926,192.6,193.6,0.6050233840942383,0.6050233840942383
1927,192.7,193.7,0.4670439064502716,0.4670439064502716
1928,192.8,193.8,0.33070826530456543,0.33070826530456543
1929,192.9,193.9,0.3776992857456207,0.3776992857456207
1930,193.0,194.0,0.297748863697052,0.297748863697052
1931,193.1,194.1,0.3233383893966675,0.3233383893966675
1932,193.2,194.2,0.2917388081550598,0.2917388081550598
1933,193.3,194.3,0.3556381165981293,0.3556381165981293
1934,193.4,194.4,0.3364610970020294,0.3364610970020294
1935,193.5,194.5,0.7077928781509399,0.7077928781509399
1936,193.6,194.6,0.702035129070282,0.702035129070282
1937,193.7,194.7,0.6380821466445923,0.6380821466445923
1938,193.8,194.8,0.3261789083480835,0.3261789083480835
1939,193.9,194.9,0.2483096718788147,0.2483096718788147
1940,194.0,195.0,0.3013627231121063,0.3013627231121063
1941,194.1,195.1,0.3084036707878113,0.3084036707878113
1942,194.2,195.2,0.534296989440918,0.534296989440918
1943,194.3,195.3,0.4732877314090729,0.4732877314090729
1944,194.4,195.4,0.2571988105773926,0.2571988105773926
1945,194.5,195.5,0.30654752254486084,0.30654752254486084
1946,194.6,195.6,0.26736342906951904,0.26736342906951904
1947,194.7,195.7,0.2436675727367401,0.2436675727367401
1948,194.8,195.8,0.30015814304351807,0.30015814304351807
1949,194.9,195.9,0.3032873570919037,0.3032873570919037
1950,195.0,196.0,0.33775416016578674,0.33775416016578674
1951,195.1,196.1,0.43020883202552795,0.43020883202552795
1952,195.2,196.2,0.30077627301216125,0.30077627301216125
1953,195.3,196.3,0.3197007179260254,0.3197007179260254
1954,195.4,196.4,0.32769450545310974,0.32769450545310974
1955,195.5,196.5,0.41204240918159485,0.41204240918159485
1956,195.6,196.6,0.40835288166999817,0.40835288166999817
1957,195.7,196.7,0.422179251909256,0.422179251909256
1958,195.8,196.8,0.18794305622577667,0.18794305622577667
1959,195.9,196.9,0.22128833830356598,0.22128833830356598
1960,196.0,197.0,0.2990223169326782,0.2990223169326782
1961,196.1,197.1,0.4065186083316803,0.4065186083316803
1962,196.2,197.2,0.6223981380462646,0.6223981380462646
1963,196.3,197.3,0.46182557940483093,0.46182557940483093
1964,196.4,197.4,0.4392343759536743,0.4392343759536743
1965,196.5,197.5,0.5105882883071899,0.5105882883071899
1966,196.6,197.6,0.5108225345611572,0.5108225345611572
1967,196.7,197.7,0.6395639777183533,0.6395639777183533
1968,196.8,197.8,0.6575793623924255,0.6575793623924255
1969,196.9,197.9,0.6012651920318604,0.6012651920318604
1970,197.0,198.0,0.6169939637184143,0.6169939637184143
1971,197.1,198.1,0.5640478730201721,0.5640478730201721
1972,197.2,198.2,0.5538914203643799,0.5538914203643799
1973,197.3,198.3,0.5561805963516235,0.5561805963516235
1974,197.4,198.4,0.5125966668128967,0.5125966668128967
1975,197.5,198.5,0.3862111568450928,0.3862111568450928
1976,197.6,198.6,0.3383226990699768,0.3383226990699768
1977,197.7,198.7,0.3300827741622925,0.3300827741622925
1978,197.8,198.8,0.41951510310173035,0.41951510310173035
1979,197.9,198.9,0.37986865639686584,0.37986865639686584
1980,198.0,199.0,0.4490954279899597,0.4490954279899597
1981,198.1,199.1,0.41983649134635925,0.41983649134635925
1982,198.2,199.2,0.4177611768245697,0.4177611768245697
1983,198.3,199.3,0.43011555075645447,0.43011555075645447
1984,198.4,199.4,0.4527197480201721,0.4527197480201721
1985,198.5,199.5,0.5855422019958496,0.5855422019958496
1986,198.6,199.6,0.5131721496582031,0.5131721496582031
1987,198.7,199.7,0.3741537630558014,0.3741537630558014
1988,198.8,199.8,0.4003656804561615,0.4003656804561615
1989,198.9,199.9,0.423056960105896,0.423056960105896
1990,199.0,200.0,0.4385634660720825,0.4385634660720825
1991,199.1,200.1,0.6080219745635986,0.6080219745635986
1992,199.2,200.2,0.6959898471832275,0.6959898471832275
1993,199.3,200.3,0.6273466944694519,0.6273466944694519
1994,199.4,200.4,0.7349714636802673,0.7349714636802673
1995,199.5,200.5,0.8120245337486267,0.8120245337486267
1996,199.6,200.6,0.5938634276390076,0.5938634276390076
1997,199.7,200.7,0.42870035767555237,0.42870035767555237
1998,199.8,200.8,0.5568316578865051,0.5568316578865051
1999,199.9,200.9,0.44157952070236206,0.44157952070236206
2000,200.0,201.0,0.3527370095252991,0.3527370095252991
2001,200.1,201.1,0.49555179476737976,0.49555179476737976
2002,200.2,201.2,0.31284070014953613,0.31284070014953613
2003,200.3,201.3,0.26611801981925964,0.26611801981925964
2004,200.4,201.4,0.37841272354125977,0.37841272354125977
2005,200.5,201.5,0.3676096498966217,0.3676096498966217
2006,200.6,201.6,0.3294564485549927,0.3294564485549927
2007,200.7,201.7,0.3569106161594391,0.3569106161594391
2008,200.8,201.8,0.3519505560398102,0.3519505560398102
2009,200.9,201.9,0.4144327938556671,0.4144327938556671
2010,201.0,202.0,0.5279880166053772,0.5279880166053772
2011,201.1,202.1,0.5453333258628845,0.5453333258628845
2012,201.2,202.2,0.5432583689689636,0.5432583689689636
2013,201.3,202.3,0.5406674742698669,0.5406674742698669
2014,201.4,202.4,0.4450080692768097,0.4450080692768097
2015,201.5,202.5,0.5111653208732605,0.5111653208732605
2016,201.6,202.6,0.4982176721096039,0.4982176721096039
2017,201.7,202.7,0.4228319823741913,0.4228319823741913
2018,201.8,202.8,0.49857309460639954,0.49857309460639954
2019,201.9,202.9,0.4876497983932495,0.4876497983932495
2020,202.0,203.0,0.5614356994628906,0.5614356994628906
2021,202.1,203.1,0.6518532037734985,0.6518532037734985
2022,202.2,203.2,0.7427858710289001,0.7427858710289001
2023,202.3,203.3,0.6288608312606812,0.6288608312606812
2024,202.4,203.4,0.6551802158355713,0.6551802158355713
2025,202.5,203.5,0.4795556962490082,0.4795556962490082
2026,202.6,203.6,0.38089174032211304,0.38089174032211304
2027,202.7,203.7,0.4172303378582001,0.4172303378582001
2028,202.8,203.8,0.3530867099761963,0.3530867099761963
2029,202.9,203.9,0.3539109230041504,0.3539109230041504
2030,203.0,204.0,0.4619036018848419,0.4619036018848419
2031,203.1,204.1,0.35521650314331055,0.35521650314331055
2032,203.2,204.2,0.4684586822986603,0.4684586822986603
2033,203.3,204.3,0.3545975387096405,0.3545975387096405
2034,203.4,204.4,0.4662610590457916,0.4662610590457916
2035,203.5,204.5,0.3444980978965759,0.3444980978965759
2036,203.6,204.6,0.530010461807251,0.530010461807251
2037,203.7,204.7,0.39594942331314087,0.39594942331314087
2038,203.8,204.8,0.46932053565979004,0.46932053565979004
2039,203.9,204.9,0.8100470900535583,0.8100470900535583
2040,204.0,205.0,0.5931271910667419,0.5931271910667419
2041,204.1,205.1,0.5612370371818542,0.5612370371818542
2042,204.2,205.2,0.5101596117019653,0.5101596117019653
2043,204.3,205.3,0.5240157246589661,0.5240157246589661
2044,204.4,205.4,0.5785256028175354,0.5785256028175354
2045,204.5,205.5,0.6847189664840698,0.6847189664840698
2046,204.6,205.6,0.7159532904624939,0.7159532904624939
2047,204.7,205.7,0.6034510731697083,0.6034510731697083
2048,204.8,205.8,0.42003878951072693,0.42003878951072693
2049,204.9,205.9,0.5278061628341675,0.5278061628341675
2050,205.0,206.0,0.5055201649665833,0.5055201649665833
2051,205.1,206.1,0.5682383179664612,0.5682383179664612
2052,205.2,206.2,0.7252281904220581,0.7252281904220581
2053,205.3,206.3,0.5850508213043213,0.5850508213043213
2054,205.4,206.4,0.6060928106307983,0.6060928106307983
2055,205.5,206.5,0.4187493622303009,0.4187493622303009
2056,205.6,206.6,0.46575412154197693,0.46575412154197693
2057,205.7,206.7,0.5323395133018494,0.5323395133018494
2058,205.8,206.8,0.5100637078285217,0.5100637078285217
2059,205.9,206.9,0.4252009391784668,0.4252009391784668
2060,206.0,207.0,0.4223666489124298,0.4223666489124298
2061,206.1,207.1,0.2982390224933624,0.2982390224933624
2062,206.2,207.2,0.4964093565940857,0.4964093565940857
2063,206.3,207.3,0.36006301641464233,0.36006301641464233
2064,206.4,207.4,0.35561901330947876,0.35561901330947876
2065,206.5,207.5,0.3366663455963135,0.3366663455963135
2066,206.6,207.6,0.346365362405777,0.346365362405777
2067,206.7,207.7,0.40277451276779175,0.40277451276779175
2068,206.8,207.8,0.4795558452606201,0.4795558452606201
2069,206.9,207.9,0.4968184232711792,0.4968184232711792
2070,207.0,208.0,0.4532337188720703,0.4532337188720703
2071,207.1,208.1,0.41262999176979065,0.41262999176979065
2072,207.2,208.2,0.44792652130126953,0.44792652130126953
2073,207.3,208.3,0.47499677538871765,0.47499677538871765
2074,207.4,208.4,0.41041818261146545,0.41041818261146545
2075,207.5,208.5,0.39752691984176636,0.39752691984176636
2076,207.6,208.6,0.4967156648635864,0.4967156648635864
2077,207.7,208.7,0.4219861626625061,0.4219861626625061
2078,207.8,208.8,0.45542535185813904,0.45542535185813904
2079,207.9,208.9,0.504966139793396,0.504966139793396
2080,208.0,209.0,0.5832594633102417,0.5832594633102417
2081,208.1,209.1,0.5922227501869202,0.5922227501869202
2082,208.2,209.2,0.6783421039581299,0.6783421039581299
2083,208.3,209.3,0.6154913306236267,0.6154913306236267
2084,208.4,209.4,0.6397423148155212,0.6397423148155212
2085,208.5,209.5,0.6213749647140503,0.6213749647140503
2086,208.6,209.6,0.6154083013534546,0.6154083013534546
2087,208.7,209.7,0.8234060406684875,0.8234060406684875
2088,208.8,209.8,0.8094580173492432,0.8094580173492432
2089,208.9,209.9,0.5284351110458374,0.5284351110458374
2090,209.0,210.0,0.6226522922515869,0.6226522922515869
2091,209.1,210.1,0.6600411534309387,0.6600411534309387
2092,209.2,210.2,0.7214667201042175,0.7214667201042175
2093,209.3,210.3,0.7711392045021057,0.7711392045021057
2094,209.4,210.4,0.7839023470878601,0.7839023470878601
2095,209.5,210.5,0.6428918242454529,0.6428918242454529
2096,209.6,210.6,0.7559980750083923,0.7559980750083923
2097,209.7,210.7,0.7109296917915344,0.7109296917915344
2098,209.8,210.8,0.6143761873245239,0.6143761873245239
2099,209.9,210.9,0.8083340525627136,0.8083340525627136
2100,210.0,211.0,0.8399934768676758,0.8399934768676758
2101,210.1,211.1,0.7369926571846008,0.7369926571846008
2102,210.2,211.2,0.7993484735488892,0.7993484735488892
2103,210.3,211.3,0.6958086490631104,0.6958086490631104
2104,210.4,211.4,0.7962074875831604,0.7962074875831604
2105,210.5,211.5,0.7257944345474243,0.7257944345474243
2106,210.6,211.6,0.6680786609649658,0.6680786609649658
2107,210.7,211.7,0.5381002426147461,0.5381002426147461
2108,210.8,211.8,0.4911133050918579,0.4911133050918579
2109,210.9,211.9,0.5913334488868713,0.5913334488868713
2110,211.0,212.0,0.6582669019699097,0.6582669019699097
2111,211.1,212.1,0.667450487613678,0.667450487613678
2112,211.2,212.2,0.8605444431304932,0.8605444431304932
2113,211.3,212.3,0.7205963134765625,0.7205963134765625
2114,211.4,212.4,0.6217194199562073,0.6217194199562073
2115,211.5,212.5,0.45581382513046265,0.45581382513046265
2116,211.6,212.6,0.49365541338920593,0.49365541338920593
2117,211.7,212.7,0.47589054703712463,0.47589054703712463
2118,211.8,212.8,0.6022843718528748,0.6022843718528748
2119,211.9,212.9,0.6087790131568909,0.6087790131568909
2120,212.0,213.0,0.4672546684741974,0.4672546684741974
2121,212.1,213.1,0.3229530453681946,0.3229530453681946
2122,212.2,213.2,0.3975030481815338,0.3975030481815338
2123,212.3,213.3,0.5162723064422607,0.5162723064422607
2124,212.4,213.4,0.5662776827812195,0.5662776827812195
2125,212.5,213.5,0.5055459141731262,0.5055459141731262
2126,212.6,213.6,0.4271869659423828,0.4271869659423828
2127,212.7,213.7,0.41766390204429626,0.41766390204429626
2128,212.8,213.8,0.3775714635848999,0.3775714635848999
2129,212.9,213.9,0.4503290057182312,0.4503290057182312
2130,213.0,214.0,0.5014157891273499,0.5014157891273499
2131,213.1,214.1,0.5759053826332092,0.5759053826332092
2132,213.2,214.2,0.6039116382598877,0.6039116382598877
2133,213.3,214.3,0.531855046749115,0.531855046749115
2134,213.4,214.4,0.4849965274333954,0.4849965274333954
2135,213.5,214.5,0.40027257800102234,0.40027257800102234
2136,213.6,214.6,0.28053605556488037,0.28053605556488037
2137,213.7,214.7,0.3441942036151886,0.3441942036151886
2138,213.8,214.8,0.40149182081222534,0.40149182081222534
2139,213.9,214.9,0.40413984656333923,0.40413984656333923
2140,214.0,215.0,0.38226839900016785,0.38226839900016785
2141,214.1,215.1,0.41958117485046387,0.41958117485046387
2142,214.2,215.2,0.44432199001312256,0.44432199001312256
2143,214.3,215.3,0.3149459660053253,0.3149459660053253
2144,214.4,215.4,0.4156082272529602,0.4156082272529602
2145,214.5,215.5,0.5887723565101624,0.5887723565101624
2146,214.6,215.6,0.8043159246444702,0.8043159246444702
2147,214.7,215.7,0.8095066547393799,0.8095066547393799
2148,214.8,215.8,0.6785070896148682,0.6785070896148682
2149,214.9,215.9,0.7314838767051697,0.7314838767051697
2150,215.0,216.0,0.721786379814148,0.721786379814148
2151,215.1,216.1,0.8175382018089294,0.8175382018089294
2152,215.2,216.2,0.8239352107048035,0.8239352107048035
2153,215.3,216.3,0.6351415514945984,0.6351415514945984
2154,215.4,216.4,0.6271843314170837,0.6271843314170837
2155,215.5,216.5,0.609315812587738,0.609315812587738
2156,215.6,216.6,0.5383594632148743,0.5383594632148743
2157,215.7,216.7,0.5377345681190491,0.5377345681190491
2158,215.8,216.8,0.34875568747520447,0.34875568747520447
2159,215.9,216.9,0.3594701290130615,0.3594701290130615
2160,216.0,217.0,0.3858012557029724,0.3858012557029724
2161,216.1,217.1,0.4855009615421295,0.4855009615421295
2162,216.2,217.2,0.6091785430908203,0.6091785430908203
2163,216.3,217.3,0.5365633368492126,0.5365633368492126
2164,216.4,217.4,0.6206159591674805,0.6206159591674805
2165,216.5,217.5,0.7275604605674744,0.7275604605674744
2166,216.6,217.6,0.630786120891571,0.630786120891571
2167,216.7,217.7,0.6853634715080261,0.6853634715080261
2168,216.8,217.8,0.5659953951835632,0.5659953951835632
2169,216.9,217.9,0.4709838032722473,0.4709838032722473
2170,217.0,218.0,0.612906277179718,0.612906277179718
2171,217.1,218.1,0.5275084972381592,0.5275084972381592
2172,217.2,218.2,0.5068367719650269,0.5068367719650269
2173,217.3,218.3,0.5181666612625122,0.5181666612625122
2174,217.4,218.4,0.6033831834793091,0.6033831834793091
2175,217.5,218.5,0.4424549639225006,0.4424549639225006
2176,217.6,218.6,0.5324262976646423,0.5324262976646423
2177,217.7,218.7,0.500085175037384,0.500085175037384
2178,217.8,218.8,0.29997673630714417,0.29997673630714417
2179,217.9,218.9,0.312974750995636,0.312974750995636
2180,218.0,219.0,0.30604416131973267,0.30604416131973267
2181,218.1,219.1,0.5852149724960327,0.5852149724960327
2182,218.2,219.2,0.4630950391292572,0.4630950391292572
2183,218.3,219.3,0.4642634987831116,0.4642634987831116
2184,218.4,219.4,0.4218173027038574,0.4218173027038574
2185,218.5,219.5,0.3375839293003082,0.3375839293003082
2186,218.6,219.6,0.3663908541202545,0.3663908541202545
2187,218.7,219.7,0.3634784519672394,0.3634784519672394
2188,218.8,219.8,0.37871053814888,0.37871053814888
2189,218.9,219.9,0.3546837568283081,0.3546837568283081
2190,219.0,220.0,0.3452918827533722,0.3452918827533722
2191,219.1,220.1,0.4586215913295746,0.4586215913295746
2192,219.2,220.2,0.4516201913356781,0.4516201913356781
2193,219.3,220.3,0.4851454198360443,0.4851454198360443
2194,219.4,220.4,0.502923309803009,0.502923309803009
2195,219.5,220.5,0.5010545253753662,0.5010545253753662
2196,219.6,220.6,0.4604690670967102,0.4604690670967102
2197,219.7,220.7,0.48561540246009827,0.48561540246009827
2198,219.8,220.8,0.5225803256034851,0.5225803256034851
2199,219.9,220.9,0.5132607817649841,0.5132607817649841
2200,220.0,221.0,0.35410770773887634,0.35410770773887634
2201,220.1,221.1,0.36527544260025024,0.36527544260025024
2202,220.2,221.2,0.32381513714790344,0.32381513714790344
2203,220.3,221.3,0.38691064715385437,0.38691064715385437
2204,220.4,221.4,0.3962830901145935,0.3962830901145935
2205,220.5,221.5,0.5013025403022766,0.5013025403022766
2206,220.6,221.6,0.3223297595977783,0.3223297595977783
2207,220.7,221.7,0.42076385021209717,0.42076385021209717
2208,220.8,221.8,0.3798162043094635,0.3798162043094635
2209,220.9,221.9,0.48809507489204407,0.48809507489204407
2210,221.0,222.0,0.573996365070343,0.573996365070343
2211,221.1,222.1,0.4664776921272278,0.4664776921272278
2212,221.2,222.2,0.42865920066833496,0.42865920066833496
2213,221.3,222.3,0.3625869154930115,0.3625869154930115
2214,221.4,222.4,0.3619791269302368,0.3619791269302368
2215,221.5,222.5,0.6241724491119385,0.6241724491119385
2216,221.6,222.6,0.5830352306365967,0.5830352306365967
2217,221.7,222.7,0.6287020444869995,0.6287020444869995
2218,221.8,222.8,0.5728724002838135,0.5728724002838135
2219,221.9,222.9,0.6465100646018982,0.6465100646018982
2220,222.0,223.0,0.5030809640884399,0.5030809640884399
2221,222.1,223.1,0.5370486974716187,0.5370486974716187
2222,222.2,223.2,0.48175930976867676,0.48175930976867676
2223,222.3,223.3,0.5465149879455566,0.5465149879455566
2224,222.4,223.4,0.6696163415908813,0.6696163415908813
2225,222.5,223.5,0.5334535837173462,0.5334535837173462
2226,222.6,223.6,0.7243896722793579,0.7243896722793579
2227,222.7,223.7,0.604041337966919,0.604041337966919
2228,222.8,223.8,0.5056012272834778,0.5056012272834778
2229,222.9,223.9,0.39276227355003357,0.39276227355003357
2230,223.0,224.0,0.5702425241470337,0.5702425241470337
2231,223.1,224.1,0.462808758020401,0.462808758020401
2232,223.2,224.2,0.5337440371513367,0.5337440371513367
2233,223.3,224.3,0.4862612783908844,0.4862612783908844
2234,223.4,224.4,0.5247231721878052,0.5247231721878052
2235,223.5,224.5,0.5289886593818665,0.5289886593818665
2236,223.6,224.6,0.4932003617286682,0.4932003617286682
2237,223.7,224.7,0.4725276231765747,0.4725276231765747
2238,223.8,224.8,0.5911542177200317,0.5911542177200317
2239,223.9,224.9,0.6714950799942017,0.6714950799942017
2240,224.0,225.0,0.6804783344268799,0.6804783344268799
2241,224.1,225.1,0.6796980500221252,0.6796980500221252
2242,224.2,225.2,0.6456671953201294,0.6456671953201294
2243,224.3,225.3,0.5541142225265503,0.5541142225265503
2244,224.4,225.4,0.6395596861839294,0.6395596861839294
2245,224.5,225.5,0.6711292862892151,0.6711292862892151
2246,224.6,225.6,0.5477828979492188,0.5477828979492188
2247,224.7,225.7,0.5683150291442871,0.5683150291442871
2248,224.8,225.8,0.6678814888000488,0.6678814888000488
2249,224.9,225.9,0.6264481544494629,0.6264481544494629
2250,225.0,226.0,0.47043710947036743,0.47043710947036743
2251,225.1,226.1,0.5750230550765991,0.5750230550765991
2252,225.2,226.2,0.5533696413040161,0.5533696413040161
2253,225.3,226.3,0.6003138422966003,0.6003138422966003
2254,225.4,226.4,0.6662147045135498,0.6662147045135498
2255,225.5,226.5,0.6352255344390869,0.6352255344390869
2256,225.6,226.6,0.4876876473426819,0.4876876473426819
2257,225.7,226.7,0.45915311574935913,0.45915311574935913
2258,225.8,226.8,0.4569573998451233,0.4569573998451233
2259,225.9,226.9,0.39957258105278015,0.39957258105278015
2260,226.0,227.0,0.2586160898208618,0.2586160898208618
2261,226.1,227.1,0.3781055510044098,0.3781055510044098
2262,226.2,227.2,0.28548887372016907,0.28548887372016907
2263,226.3,227.3,0.4789612889289856,0.4789612889289856
2264,226.4,227.4,0.5534906387329102,0.5534906387329102
2265,226.5,227.5,0.5746855735778809,0.5746855735778809
2266,226.6,227.6,0.46107566356658936,0.46107566356658936
2267,226.7,227.7,0.4898882806301117,0.4898882806301117
2268,226.8,227.8,0.4568398594856262,0.4568398594856262
2269,226.9,227.9,0.5397651791572571,0.5397651791572571
2270,227.0,228.0,0.395799845457077,0.395799845457077
2271,227.1,228.1,0.43197527527809143,0.43197527527809143
2272,227.2,228.2,0.36656445264816284,0.36656445264816284
2273,227.3,228.3,0.3876095712184906,0.3876095712184906
2274,227.4,228.4,0.42432278394699097,0.42432278394699097
2275,227.5,228.5,0.35504409670829773,0.35504409670829773
2276,227.6,228.6,0.3790704011917114,0.3790704011917114
2277,227.7,228.7,0.45039328932762146,0.45039328932762146
2278,227.8,228.8,0.2279965728521347,0.2279965728521347
2279,227.9,228.9,0.4366454482078552,0.4366454482078552
2280,228.0,229.0,0.4779486656188965,0.4779486656188965
2281,228.1,229.1,0.44263285398483276,0.44263285398483276
2282,228.2,229.2,0.5383859276771545,0.5383859276771545
2283,228.3,229.3,0.4963465929031372,0.4963465929031372
2284,228.4,229.4,0.6071398258209229,0.6071398258209229
2285,228.5,229.5,0.47684773802757263,0.47684773802757263
2286,228.6,229.6,0.5791682600975037,0.5791682600975037
2287,228.7,229.7,0.4770587384700775,0.4770587384700775
2288,228.8,229.8,0.4643443524837494,0.4643443524837494
2289,228.9,229.9,0.4367012083530426,0.4367012083530426
2290,229.0,230.0,0.4553121030330658,0.4553121030330658
2291,229.1,230.1,0.5138826370239258,0.5138826370239258
2292,229.2,230.2,0.48079243302345276,0.48079243302345276
2293,229.3,230.3,0.43053051829338074,0.43053051829338074
2294,229.4,230.4,0.4926828145980835,0.4926828145980835
2295,229.5,230.5,0.4409947991371155,0.4409947991371155
2296,229.6,230.6,0.46084046363830566,0.46084046363830566
2297,229.7,230.7,0.3998812139034271,0.3998812139034271
2298,229.8,230.8,0.378589928150177,0.378589928150177
2299,229.9,230.9,0.41866055130958557,0.41866055130958557
2300,230.0,231.0,0.5080974102020264,0.5080974102020264
2301,230.1,231.1,0.5578858256340027,0.5578858256340027
2302,230.2,231.2,0.5007169246673584,0.5007169246673584
2303,230.3,231.3,0.4485568404197693,0.4485568404197693
2304,230.4,231.4,0.4014546275138855,0.4014546275138855
2305,230.5,231.5,0.4566553831100464,0.4566553831100464
2306,230.6,231.6,0.4330402910709381,0.4330402910709381
2307,230.7,231.7,0.4775543510913849,0.4775543510913849
2308,230.8,231.8,0.5040664672851562,0.5040664672851562
2309,230.9,231.9,0.4367864429950714,0.4367864429950714
2310,231.0,232.0,0.38834789395332336,0.38834789395332336
2311,231.1,232.1,0.3942415416240692,0.3942415416240692
2312,231.2,232.2,0.42820578813552856,0.42820578813552856
2313,231.3,232.3,0.4875694215297699,0.4875694215297699
2314,231.4,232.4,0.5901191830635071,0.5901191830635071
2315,231.5,232.5,0.6123021245002747,0.6123021245002747
2316,231.6,232.6,0.560443639755249,0.560443639755249
2317,231.7,232.7,0.5253161191940308,0.5253161191940308
2318,231.8,232.8,0.4295656085014343,0.4295656085014343
2319,231.9,232.9,0.4952188730239868,0.4952188730239868
2320,232.0,233.0,0.5010302662849426,0.5010302662849426
2321,232.1,233.1,0.5504158735275269,0.5504158735275269
2322,232.2,233.2,0.5956383943557739,0.5956383943557739
2323,232.3,233.3,0.4180728793144226,0.4180728793144226
2324,232.4,233.4,0.3739449381828308,0.3739449381828308
2325,232.5,233.5,0.35053205490112305,0.35053205490112305
2326,232.6,233.6,0.42945894598960876,0.42945894598960876
2327,232.7,233.7,0.45080292224884033,0.45080292224884033
2328,232.8,233.8,0.429395854473114,0.429395854473114
2329,232.9,233.9,0.33025437593460083,0.33025437593460083
2330,233.0,234.0,0.29071658849716187,0.29071658849716187
2331,233.1,234.1,0.4083193838596344,0.4083193838596344
2332,233.2,234.2,0.41518107056617737,0.41518107056617737
2333,233.3,234.3,0.49414756894111633,0.49414756894111633
2334,233.4,234.4,0.31450140476226807,0.31450140476226807
2335,233.5,234.5,0.4752931296825409,0.4752931296825409
2336,233.6,234.6,0.33510640263557434,0.33510640263557434
2337,233.7,234.7,0.3250977396965027,0.3250977396965027
2338,233.8,234.8,0.4284669756889343,0.4284669756889343
2339,233.9,234.9,0.4702719449996948,0.4702719449996948
2340,234.0,235.0,0.5222405195236206,0.5222405195236206
2341,234.1,235.1,0.5575751066207886,0.5575751066207886
2342,234.2,235.2,0.6199558973312378,0.6199558973312378
2343,234.3,235.3,0.43064719438552856,0.43064719438552856
2344,234.4,235.4,0.39531078934669495,0.39531078934669495
2345,234.5,235.5,0.48418495059013367,0.48418495059013367
2346,234.6,235.6,0.47623345255851746,0.47623345255851746
2347,234.7,235.7,0.48524388670921326,0.48524388670921326
2348,234.8,235.8,0.49119773507118225,0.49119773507118225
2349,234.9,235.9,0.45961886644363403,0.45961886644363403
2350,235.0,236.0,0.46868929266929626,0.46868929266929626
2351,235.1,236.1,0.5461575388908386,0.5461575388908386
2352,235.2,236.2,0.5599073171615601,0.5599073171615601
2353,235.3,236.3,0.37777912616729736,0.37777912616729736
2354,235.4,236.4,0.3446001708507538,0.3446001708507538
2355,235.5,236.5,0.38074108958244324,0.38074108958244324
2356,235.6,236.6,0.43998804688453674,0.43998804688453674
2357,235.7,236.7,0.4422409236431122,0.4422409236431122
2358,235.8,236.8,0.450533926486969,0.450533926486969
2359,235.9,236.9,0.3797420561313629,0.3797420561313629
2360,236.0,237.0,0.40513738989830017,0.40513738989830017
2361,236.1,237.1,0.35662734508514404,0.35662734508514404
2362,236.2,237.2,0.3079598844051361,0.3079598844051361
2363,236.3,237.3,0.3954903483390808,0.3954903483390808
2364,236.4,237.4,0.4021987318992615,0.4021987318992615
2365,236.5,237.5,0.3266500234603882,0.3266500234603882
2366,236.6,237.6,0.2634718120098114,0.2634718120098114
2367,236.7,237.7,0.3981843888759613,0.3981843888759613
2368,236.8,237.8,0.3731658160686493,0.3731658160686493
2369,236.9,237.9,0.25185123085975647,0.25185123085975647
2370,237.0,238.0,0.311180979013443,0.311180979013443
2371,237.1,238.1,0.3169665038585663,0.3169665038585663
2372,237.2,238.2,0.3001787066459656,0.3001787066459656
2373,237.3,238.3,0.34293198585510254,0.34293198585510254
2374,237.4,238.4,0.4254196584224701,0.4254196584224701
2375,237.5,238.5,0.48005807399749756,0.48005807399749756
2376,237.6,238.6,0.42780637741088867,0.42780637741088867
2377,237.7,238.7,0.5196235179901123,0.5196235179901123
2378,237.8,238.8,0.4987551271915436,0.4987551271915436
2379,237.9,238.9,0.47643592953681946,0.47643592953681946
2380,238.0,239.0,0.5466147661209106,0.5466147661209106
2381,238.1,239.1,0.44469156861305237,0.44469156861305237
2382,238.2,239.2,0.4986099600791931,0.4986099600791931
2383,238.3,239.3,0.518121063709259,0.518121063709259
2384,238.4,239.4,0.5197227597236633,0.5197227597236633
2385,238.5,239.5,0.476298063993454,0.476298063993454
2386,238.6,239.6,0.47262459993362427,0.47262459993362427
2387,238.7,239.7,0.5425435304641724,0.5425435304641724
2388,238.8,239.8,0.29291215538978577,0.29291215538978577
2389,238.9,239.9,0.42647087574005127,0.42647087574005127
2390,239.0,240.0,0.3358873724937439,0.3358873724937439
2391,239.1,240.1,0.42069655656814575,0.42069655656814575
2392,239.2,240.2,0.299950510263443,0.299950510263443
2393,239.3,240.3,0.3396044373512268,0.3396044373512268
2394,239.4,240.4,0.3058190941810608,0.3058190941810608
2395,239.5,240.5,0.3071305453777313,0.3071305453777313
2396,239.6,240.6,0.284280389547348,0.284280389547348
2397,239.7,240.7,0.327748566865921,0.327748566865921
2398,239.8,240.8,0.27709081768989563,0.27709081768989563
2399,239.9,240.9,0.3945690393447876,0.3945690393447876
2400,240.0,241.0,0.4655102789402008,0.4655102789402008
2401,240.1,241.1,0.5503327250480652,0.5503327250480652
2402,240.2,241.2,0.398480623960495,0.398480623960495
2403,240.3,241.3,0.4886057376861572,0.4886057376861572
2404,240.4,241.4,0.524263322353363,0.524263322353363
2405,240.5,241.5,0.4475005269050598,0.4475005269050598
2406,240.6,241.6,0.4284546673297882,0.4284546673297882
2407,240.7,241.7,0.7233245968818665,0.7233245968818665
2408,240.8,241.8,0.9055324196815491,0.9055324196815491
2409,240.9,241.9,0.6616517305374146,0.6616517305374146
2410,241.0,242.0,0.6635192632675171,0.6635192632675171
2411,241.1,242.1,0.3325541615486145,0.3325541615486145
2412,241.2,242.2,0.1788131147623062,0.1788131147623062
2413,241.3,242.3,0.33548101782798767,0.33548101782798767
2414,241.4,242.4,0.18818917870521545,0.18818917870521545
2415,241.5,242.5,0.4491056501865387,0.4491056501865387
2416,241.6,242.6,0.33056846261024475,0.33056846261024475
2417,241.7,242.7,0.3141278028488159,0.3141278028488159
2418,241.8,242.8,0.4099934995174408,0.4099934995174408
2419,241.9,242.9,0.37006765604019165,0.37006765604019165
2420,242.0,243.0,0.43809396028518677,0.43809396028518677
2421,242.1,243.1,0.3483416736125946,0.3483416736125946
2422,242.2,243.2,0.30075719952583313,0.30075719952583313
2423,242.3,243.3,0.30565473437309265,0.30565473437309265
2424,242.4,243.4,0.30387842655181885,0.30387842655181885
2425,242.5,243.5,0.2955423593521118,0.2955423593521118
2426,242.6,243.6,0.20199839770793915,0.20199839770793915
2427,242.7,243.7,0.5162227749824524,0.5162227749824524
2428,242.8,243.8,0.2916567623615265,0.2916567623615265
2429,242.9,243.9,0.35248345136642456,0.35248345136642456
2430,243.0,244.0,0.6104974150657654,0.6104974150657654
2431,243.1,244.1,0.45663926005363464,0.45663926005363464
2432,243.2,244.2,0.4107491970062256,0.4107491970062256
2433,243.3,244.3,0.6012172102928162,0.6012172102928162
2434,243.4,244.4,0.6509307622909546,0.6509307622909546
2435,243.5,244.5,0.7533429861068726,0.7533429861068726
2436,243.6,244.6,0.6922441720962524,0.6922441720962524
2437,243.7,244.7,0.9156715273857117,0.9156715273857117
2438,243.8,244.8,0.9313054084777832,0.9313054084777832
2439,243.9,244.9,0.9295132756233215,0.9295132756233215
2440,244.0,245.0,0.7904931902885437,0.7904931902885437
2441,244.1,245.1,0.7995122671127319,0.7995122671127319
2442,244.2,245.2,0.6853243112564087,0.6853243112564087
2443,244.3,245.3,0.9223139882087708,0.9223139882087708
2444,244.4,245.4,0.9595689177513123,0.9595689177513123
2445,244.5,245.5,0.6842220425605774,0.6842220425605774
2446,244.6,245.6,0.43484774231910706,0.43484774231910706
2447,244.7,245.7,0.6944380402565002,0.6944380402565002
2448,244.8,245.8,0.8335705995559692,0.8335705995559692
2449,244.9,245.9,0.711965799331665,0.711965799331665
2450,245.0,246.0,0.46262961626052856,0.46262961626052856
2451,245.1,246.1,0.18913531303405762,0.18913531303405762
2452,245.2,246.2,0.3655279576778412,0.3655279576778412
2453,245.3,246.3,0.4828040301799774,0.4828040301799774
2454,245.4,246.4,0.7320274114608765,0.7320274114608765
2455,245.5,246.5,0.7970373034477234,0.7970373034477234
2456,245.6,246.6,0.7302564978599548,0.7302564978599548
2457,245.7,246.7,0.8183234930038452,0.8183234930038452
2458,245.8,246.8,0.9547920227050781,0.9547920227050781
2459,245.9,246.9,0.9558601975440979,0.9558601975440979
2460,246.0,247.0,0.9539938569068909,0.9539938569068909
2461,246.1,247.1,0.9848719239234924,0.9848719239234924
2462,246.2,247.2,0.9496245384216309,0.9496245384216309
2463,246.3,247.3,0.9920580983161926,0.9920580983161926
2464,246.4,247.4,0.9765629172325134,0.9765629172325134
2465,246.5,247.5,0.9902867078781128,0.9902867078781128
2466,246.6,247.6,0.9748799204826355,0.9748799204826355
2467,246.7,247.7,0.6531559824943542,0.6531559824943542
2468,246.8,247.8,0.9624212384223938,0.9624212384223938
2469,246.9,247.9,0.9707777500152588,0.9707777500152588
2470,247.0,248.0,0.9726119637489319,0.9726119637489319
2471,247.1,248.1,0.9752708673477173,0.9752708673477173
2472,247.2,248.2,0.8470988273620605,0.8470988273620605
2473,247.3,248.3,0.9203214645385742,0.9203214645385742
2474,247.4,248.4,0.8776599764823914,0.8776599764823914
2475,247.5,248.5,0.45303571224212646,0.45303571224212646
2476,247.6,248.6,0.7439785599708557,0.7439785599708557
2477,247.7,248.7,0.7534061074256897,0.7534061074256897
2478,247.8,248.8,0.5435924530029297,0.5435924530029297
2479,247.9,248.9,0.7188344597816467,0.7188344597816467
2480,248.0,249.0,0.7525818347930908,0.7525818347930908
2481,248.1,249.1,0.5401222705841064,0.5401222705841064
2482,248.2,249.2,0.5234470367431641,0.5234470367431641
2483,248.3,249.3,0.5002632141113281,0.5002632141113281
2484,248.4,249.4,0.5566092729568481,0.5566092729568481
2485,248.5,249.5,0.48665040731430054,0.48665040731430054
2486,248.6,249.6,0.48647820949554443,0.48647820949554443
2487,248.7,249.7,0.7555766701698303,0.7555766701698303
2488,248.8,249.8,0.640791654586792,0.640791654586792
2489,248.9,249.9,0.6356561779975891,0.6356561779975891
2490,249.0,250.0,0.6540741324424744,0.6540741324424744
2491,249.1,250.1,0.8400454521179199,0.8400454521179199
2492,249.2,250.2,0.9559519290924072,0.9559519290924072
2493,249.3,250.3,0.8331591486930847,0.8331591486930847
2494,249.4,250.4,0.838943362236023,0.838943362236023
2495,249.5,250.5,0.8548922538757324,0.8548922538757324
2496,249.6,250.6,0.7323867082595825,0.7323867082595825
2497,249.7,250.7,0.6616336107254028,0.6616336107254028
2498,249.8,250.8,0.7029609084129333,0.7029609084129333
2499,249.9,250.9,0.5505775213241577,0.5505775213241577
2500,250.0,251.0,0.8830558657646179,0.8830558657646179
2501,250.1,251.1,0.8918700814247131,0.8918700814247131
2502,250.2,251.2,0.4870144724845886,0.4870144724845886
2503,250.3,251.3,0.12870748341083527,0.12870748341083527
2504,250.4,251.4,0.7887181043624878,0.7887181043624878
2505,250.5,251.5,0.8899304270744324,0.8899304270744324
2506,250.6,251.6,0.9119593501091003,0.9119593501091003
2507,250.7,251.7,0.6784469485282898,0.6784469485282898
2508,250.8,251.8,0.9797943234443665,0.9797943234443665
2509,250.9,251.9,0.9827609658241272,0.9827609658241272
2510,251.0,252.0,0.9925073981285095,0.9925073981285095
2511,251.1,252.1,0.9906796813011169,0.9906796813011169
2512,251.2,252.2,0.9811641573905945,0.9811641573905945
2513,251.3,252.3,0.9615288972854614,0.9615288972854614
2514,251.4,252.4,0.8462616801261902,0.8462616801261902
2515,251.5,252.5,0.5676937103271484,0.5676937103271484
2516,251.6,252.6,0.8106095790863037,0.8106095790863037
2517,251.7,252.7,0.8804994225502014,0.8804994225502014
2518,251.8,252.8,0.89390629529953,0.89390629529953
2519,251.9,252.9,0.8831126689910889,0.8831126689910889
2520,252.0,253.0,0.8602891564369202,0.8602891564369202
2521,252.1,253.1,0.7862560749053955,0.7862560749053955
2522,252.2,253.2,0.8392648100852966,0.8392648100852966
2523,252.3,253.3,0.78929603099823,0.78929603099823
2524,252.4,253.4,0.7077012658119202,0.7077012658119202
2525,252.5,253.5,0.7870426774024963,0.7870426774024963
2526,252.6,253.6,0.8269725441932678,0.8269725441932678
2527,252.7,253.7,0.8675456643104553,0.8675456643104553
2528,252.8,253.8,0.8218201994895935,0.8218201994895935
2529,252.9,253.9,0.9504767060279846,0.9504767060279846
2530,253.0,254.0,0.8335008025169373,0.8335008025169373
2531,253.1,254.1,0.7777344584465027,0.7777344584465027
2532,253.2,254.2,0.8598790764808655,0.8598790764808655
2533,253.3,254.3,0.8935311436653137,0.8935311436653137
2534,253.4,254.4,0.9420283436775208,0.9420283436775208
2535,253.5,254.5,0.7875685691833496,0.7875685691833496
2536,253.6,254.6,0.7348939180374146,0.7348939180374146
2537,253.7,254.7,0.936551570892334,0.936551570892334
2538,253.8,254.8,0.9882900714874268,0.9882900714874268
2539,253.9,254.9,0.9185914397239685,0.9185914397239685
2540,254.0,255.0,0.9552080035209656,0.9552080035209656
2541,254.1,255.1,0.9615880846977234,0.9615880846977234
2542,254.2,255.2,0.9483540654182434,0.9483540654182434
2543,254.3,255.3,0.9456872344017029,0.9456872344017029
2544,254.4,255.4,0.9136719107627869,0.9136719107627869
2545,254.5,255.5,0.8056201934814453,0.8056201934814453
2546,254.6,255.6,0.7900423407554626,0.7900423407554626
2547,254.7,255.7,0.6039112210273743,0.6039112210273743
2548,254.8,255.8,0.41662368178367615,0.41662368178367615
2549,254.9,255.9,0.3738914728164673,0.3738914728164673
2550,255.0,256.0,0.3464735448360443,0.3464735448360443
2551,255.1,256.1,0.5387206077575684,0.5387206077575684
2552,255.2,256.2,0.7646101713180542,0.7646101713180542
2553,255.3,256.3,0.7126795053482056,0.7126795053482056
2554,255.4,256.4,0.6974170804023743,0.6974170804023743
2555,255.5,256.5,0.7061644792556763,0.7061644792556763
2556,255.6,256.6,0.6516019701957703,0.6516019701957703
2557,255.7,256.7,0.6059522032737732,0.6059522032737732
2558,255.8,256.8,0.4842028319835663,0.4842028319835663
2559,255.9,256.9,0.4924536347389221,0.4924536347389221
2560,256.0,257.0,0.28274300694465637,0.28274300694465637
2561,256.1,257.1,0.2675560414791107,0.2675560414791107
2562,256.2,257.2,0.22237715125083923,0.22237715125083923
2563,256.3,257.3,0.5265663266181946,0.5265663266181946
2564,256.4,257.4,0.2543167471885681,0.2543167471885681
2565,256.5,257.5,0.30436500906944275,0.30436500906944275
2566,256.6,257.6,0.22197899222373962,0.22197899222373962
2567,256.7,257.7,0.20113399624824524,0.20113399624824524
2568,256.8,257.8,0.2899368107318878,0.2899368107318878
2569,256.9,257.9,0.26049911975860596,0.26049911975860596
2570,257.0,258.0,0.28688496351242065,0.28688496351242065
2571,257.1,258.1,0.38722628355026245,0.38722628355026245
2572,257.2,258.2,0.3542771637439728,0.3542771637439728
2573,257.3,258.3,0.3770705759525299,0.3770705759525299
2574,257.4,258.4,0.5628002882003784,0.5628002882003784
2575,257.5,258.5,0.5698294639587402,0.5698294639587402
2576,257.6,258.6,0.5343132615089417,0.5343132615089417
2577,257.7,258.7,0.5669720768928528,0.5669720768928528
2578,257.8,258.8,0.6074094772338867,0.6074094772338867
2579,257.9,258.9,0.46354153752326965,0.46354153752326965
2580,258.0,259.0,0.3755646347999573,0.3755646347999573
2581,258.1,259.1,0.42502322793006897,0.42502322793006897
2582,258.2,259.2,0.6230943202972412,0.6230943202972412
2583,258.3,259.3,0.3681402802467346,0.3681402802467346
2584,258.4,259.4,0.24504563212394714,0.24504563212394714
2585,258.5,259.5,0.24608637392520905,0.24608637392520905
2586,258.6,259.6,0.3782154321670532,0.3782154321670532
2587,258.7,259.7,0.44337737560272217,0.44337737560272217
2588,258.8,259.8,0.47350913286209106,0.47350913286209106
2589,258.9,259.9,0.3989774286746979,0.3989774286746979
2590,259.0,260.0,0.5126051902770996,0.5126051902770996
2591,259.1,260.1,0.4576014280319214,0.4576014280319214
2592,259.2,260.2,0.5605708360671997,0.5605708360671997
2593,259.3,260.3,0.6284363269805908,0.6284363269805908
2594,259.4,260.4,0.6657768487930298,0.6657768487930298
2595,259.5,260.5,0.5598331093788147,0.5598331093788147
2596,259.6,260.6,0.47696971893310547,0.47696971893310547
2597,259.7,260.7,0.6514152884483337,0.6514152884483337
2598,259.8,260.8,0.6574386358261108,0.6574386358261108
2599,259.9,260.9,0.5798571109771729,0.5798571109771729
2600,260.0,261.0,0.5648272037506104,0.5648272037506104
2601,260.1,261.1,0.5679486989974976,0.5679486989974976
2602,260.2,261.2,0.533790647983551,0.533790647983551
2603,260.3,261.3,0.5943238139152527,0.5943238139152527
2604,260.4,261.4,0.5741007924079895,0.5741007924079895
2605,260.5,261.5,0.5427286028862,0.5427286028862
2606,260.6,261.6,0.48125097155570984,0.48125097155570984
2607,260.7,261.7,0.40348899364471436,0.40348899364471436
2608,260.8,261.8,0.51994788646698,0.51994788646698
2609,260.9,261.9,0.3951685130596161,0.3951685130596161
2610,261.0,262.0,0.3912833333015442,0.3912833333015442
2611,261.1,262.1,0.3060627579689026,0.3060627579689026
2612,261.2,262.2,0.4834151864051819,0.4834151864051819
2613,261.3,262.3,0.6483496427536011,0.6483496427536011
2614,261.4,262.4,0.49936336278915405,0.49936336278915405
2615,261.5,262.5,0.4642120897769928,0.4642120897769928
2616,261.6,262.6,0.4668452739715576,0.4668452739715576
2617,261.7,262.7,0.456963449716568,0.456963449716568
2618,261.8,262.8,0.5661724209785461,0.5661724209785461
2619,261.9,262.9,0.6745982766151428,0.6745982766151428
2620,262.0,263.0,0.7503290176391602,0.7503290176391602
2621,262.1,263.1,0.6684390306472778,0.6684390306472778
2622,262.2,263.2,0.7090982794761658,0.7090982794761658
2623,262.3,263.3,0.39989620447158813,0.39989620447158813
2624,262.4,263.4,0.44123315811157227,0.44123315811157227
2625,262.5,263.5,0.5180684328079224,0.5180684328079224
2626,262.6,263.6,0.3289560377597809,0.3289560377597809
2627,262.7,263.7,0.33621945977211,0.33621945977211
2628,262.8,263.8,0.41266122460365295,0.41266122460365295
2629,262.9,263.9,0.501713216304779,0.501713216304779
2630,263.0,264.0,0.27572983503341675,0.27572983503341675
2631,263.1,264.1,0.24544113874435425,0.24544113874435425
2632,263.2,264.2,0.2642812430858612,0.2642812430858612
2633,263.3,264.3,0.40582358837127686,0.40582358837127686
2634,263.4,264.4,0.3083183467388153,0.3083183467388153
2635,263.5,264.5,0.38752445578575134,0.38752445578575134
2636,263.6,264.6,0.46356427669525146,0.46356427669525146
2637,263.7,264.7,0.43306300044059753,0.43306300044059753
2638,263.8,264.8,0.5891310572624207,0.5891310572624207
2639,263.9,264.9,0.5974195003509521,0.5974195003509521
2640,264.0,265.0,0.620739221572876,0.620739221572876
2641,264.1,265.1,0.5220657587051392,0.5220657587051392
2642,264.2,265.2,0.566176176071167,0.566176176071167
2643,264.3,265.3,0.5285659432411194,0.5285659432411194
2644,264.4,265.4,0.45529404282569885,0.45529404282569885
2645,264.5,265.5,0.5535732507705688,0.5535732507705688
2646,264.6,265.6,0.5564697980880737,0.5564697980880737
2647,264.7,265.7,0.582783579826355,0.582783579826355
2648,264.8,265.8,0.648795485496521,0.648795485496521
2649,264.9,265.9,0.6668643951416016,0.6668643951416016
2650,265.0,266.0,0.6740314364433289,0.6740314364433289
2651,265.1,266.1,0.8034514784812927,0.8034514784812927
2652,265.2,266.2,0.8126541376113892,0.8126541376113892
2653,265.3,266.3,0.6981636881828308,0.6981636881828308
2654,265.4,266.4,0.7068955898284912,0.7068955898284912
2655,265.5,266.5,0.6694917678833008,0.6694917678833008
2656,265.6,266.6,0.4811879098415375,0.4811879098415375
2657,265.7,266.7,0.6576484441757202,0.6576484441757202
2658,265.8,266.8,0.779456377029419,0.779456377029419
2659,265.9,266.9,0.7303434014320374,0.7303434014320374
2660,266.0,267.0,0.8645740151405334,0.8645740151405334
2661,266.1,267.1,0.44012850522994995,0.44012850522994995
2662,266.2,267.2,0.5017125010490417,0.5017125010490417
2663,266.3,267.3,0.5908288359642029,0.5908288359642029
2664,266.4,267.4,0.5474023818969727,0.5474023818969727
2665,266.5,267.5,0.5154380202293396,0.5154380202293396
2666,266.6,267.6,0.572657585144043,0.572657585144043
2667,266.7,267.7,0.7602472305297852,0.7602472305297852
2668,266.8,267.8,0.8756275177001953,0.8756275177001953
2669,266.9,267.9,0.841150164604187,0.841150164604187
2670,267.0,268.0,0.6830480098724365,0.6830480098724365
2671,267.1,268.1,0.8126015067100525,0.8126015067100525
2672,267.2,268.2,0.6266107559204102,0.6266107559204102
2673,267.3,268.3,0.7274722456932068,0.7274722456932068
2674,267.4,268.4,0.9103379845619202,0.9103379845619202
2675,267.5,268.5,0.7361164093017578,0.7361164093017578
2676,267.6,268.6,0.7645233869552612,0.7645233869552612
2677,267.7,268.7,0.729770839214325,0.729770839214325
2678,267.8,268.8,0.6280566453933716,0.6280566453933716
2679,267.9,268.9,0.4871889650821686,0.4871889650821686
2680,268.0,269.0,0.4111274480819702,0.4111274480819702
2681,268.1,269.1,0.31132927536964417,0.31132927536964417
2682,268.2,269.2,0.4276101589202881,0.4276101589202881
2683,268.3,269.3,0.49380311369895935,0.49380311369895935
2684,268.4,269.4,0.5314504504203796,0.5314504504203796
2685,268.5,269.5,0.5490906834602356,0.5490906834602356
2686,268.6,269.6,0.5346969962120056,0.5346969962120056
2687,268.7,269.7,0.6825134754180908,0.6825134754180908
2688,268.8,269.8,0.7681215405464172,0.7681215405464172
2689,268.9,269.9,0.6843463778495789,0.6843463778495789
2690,269.0,270.0,0.955232560634613,0.955232560634613
2691,269.1,270.1,0.9619683027267456,0.9619683027267456
2692,269.2,270.2,0.9466537833213806,0.9466537833213806
2693,269.3,270.3,0.9076709747314453,0.9076709747314453
2694,269.4,270.4,0.9142559170722961,0.9142559170722961
2695,269.5,270.5,0.8993504047393799,0.8993504047393799
2696,269.6,270.6,0.8955943584442139,0.8955943584442139
2697,269.7,270.7,0.7898740768432617,0.7898740768432617
2698,269.8,270.8,0.7054218053817749,0.7054218053817749
2699,269.9,270.9,0.7001413702964783,0.7001413702964783
2700,270.0,271.0,0.7035030126571655,0.7035030126571655
2701,270.1,271.1,0.6467703580856323,0.6467703580856323
2702,270.2,271.2,0.6093488335609436,0.6093488335609436
2703,270.3,271.3,0.4746347665786743,0.4746347665786743
2704,270.4,271.4,0.6082993149757385,0.6082993149757385
2705,270.5,271.5,0.6433303952217102,0.6433303952217102
2706,270.6,271.6,0.5773872137069702,0.5773872137069702
2707,270.7,271.7,0.5402396321296692,0.5402396321296692
2708,270.8,271.8,0.6170092821121216,0.6170092821121216
2709,270.9,271.9,0.6331611275672913,0.6331611275672913
2710,271.0,272.0,0.5770862102508545,0.5770862102508545
2711,271.1,272.1,0.5021852254867554,0.5021852254867554
2712,271.2,272.2,0.6149649024009705,0.6149649024009705
2713,271.3,272.3,0.6167523264884949,0.6167523264884949
2714,271.4,272.4,0.560158371925354,0.560158371925354
2715,271.5,272.5,0.7449890375137329,0.7449890375137329
2716,271.6,272.6,0.6570999026298523,0.6570999026298523
2717,271.7,272.7,0.5388429760932922,0.5388429760932922
2718,271.8,272.8,0.32636845111846924,0.32636845111846924
2719,271.9,272.9,0.6266093254089355,0.6266093254089355
2720,272.0,273.0,0.9886250495910645,0.9886250495910645
2721,272.1,273.1,0.9913889765739441,0.9913889765739441
2722,272.2,273.2,0.9940195083618164,0.9940195083618164
2723,272.3,273.3,0.9975706934928894,0.9975706934928894
2724,272.4,273.4,0.9962738752365112,0.9962738752365112
2725,272.5,273.5,0.9733075499534607,0.9733075499534607
2726,272.6,273.6,0.9640663266181946,0.9640663266181946
2727,272.7,273.7,0.9003845453262329,0.9003845453262329
2728,272.8,273.8,0.7840666174888611,0.7840666174888611
2729,272.9,273.9,0.7800558805465698,0.7800558805465698
2730,273.0,274.0,0.9327143430709839,0.9327143430709839
2731,273.1,274.1,0.7192239165306091,0.7192239165306091
2732,273.2,274.2,0.8036910891532898,0.8036910891532898
2733,273.3,274.3,0.9281477928161621,0.9281477928161621
2734,273.4,274.4,0.9026855230331421,0.9026855230331421
2735,273.5,274.5,0.9132965803146362,0.9132965803146362
2736,273.6,274.6,0.9308542609214783,0.9308542609214783
2737,273.7,274.7,0.6530788540840149,0.6530788540840149
2738,273.8,274.8,0.6291544437408447,0.6291544437408447
2739,273.9,274.9,0.5673139095306396,0.5673139095306396
2740,274.0,275.0,0.6801117062568665,0.6801117062568665
2741,274.1,275.1,0.5786909461021423,0.5786909461021423
2742,274.2,275.2,0.6569625735282898,0.6569625735282898
2743,274.3,275.3,0.5391079783439636,0.5391079783439636
2744,274.4,275.4,0.6070132255554199,0.6070132255554199
2745,274.5,275.5,0.5575245022773743,0.5575245022773743
2746,274.6,275.6,0.569361686706543,0.569361686706543
2747,274.7,275.7,0.5766146779060364,0.5766146779060364
2748,274.8,275.8,0.5406817197799683,0.5406817197799683
2749,274.9,275.9,0.4643682837486267,0.4643682837486267
2750,275.0,276.0,0.47718507051467896,0.47718507051467896
2751,275.1,276.1,0.402995228767395,0.402995228767395
2752,275.2,276.2,0.3128124475479126,0.3128124475479126
2753,275.3,276.3,0.4514000117778778,0.4514000117778778
2754,275.4,276.4,0.4605586528778076,0.4605586528778076
2755,275.5,276.5,0.3507266342639923,0.3507266342639923
2756,275.6,276.6,0.5737752914428711,0.5737752914428711
2757,275.7,276.7,0.47299015522003174,0.47299015522003174
2758,275.8,276.8,0.4653296172618866,0.4653296172618866
2759,275.9,276.9,0.49712032079696655,0.49712032079696655
2760,276.0,277.0,0.4791930913925171,0.4791930913925171
2761,276.1,277.1,0.3466548025608063,0.3466548025608063
2762,276.2,277.2,0.30395111441612244,0.30395111441612244
2763,276.3,277.3,0.6037254333496094,0.6037254333496094
2764,276.4,277.4,0.47916358709335327,0.47916358709335327
2765,276.5,277.5,0.5042057037353516,0.5042057037353516
2766,276.6,277.6,0.33068910241127014,0.33068910241127014
2767,276.7,277.7,0.29082271456718445,0.29082271456718445
2768,276.8,277.8,0.28575804829597473,0.28575804829597473
2769,276.9,277.9,0.38882994651794434,0.38882994651794434
2770,277.0,278.0,0.43706804513931274,0.43706804513931274
2771,277.1,278.1,0.4367014169692993,0.4367014169692993
2772,277.2,278.2,0.44048601388931274,0.44048601388931274
2773,277.3,278.3,0.5090192556381226,0.5090192556381226
2774,277.4,278.4,0.5381478071212769,0.5381478071212769
2775,277.5,278.5,0.560248613357544,0.560248613357544
2776,277.6,278.6,0.661777138710022,0.661777138710022
2777,277.7,278.7,0.6849287152290344,0.6849287152290344
2778,277.8,278.8,0.5490509271621704,0.5490509271621704
2779,277.9,278.9,0.5535867214202881,0.5535867214202881
2780,278.0,279.0,0.5390273928642273,0.5390273928642273
2781,278.1,279.1,0.48407137393951416,0.48407137393951416
2782,278.2,279.2,0.6470089554786682,0.6470089554786682
2783,278.3,279.3,0.577472984790802,0.577472984790802
2784,278.4,279.4,0.4714725911617279,0.4714725911617279
2785,278.5,279.5,0.5417620539665222,0.5417620539665222
2786,278.6,279.6,0.5164128541946411,0.5164128541946411
2787,278.7,279.7,0.6433963179588318,0.6433963179588318
2788,278.8,279.8,0.6145680546760559,0.6145680546760559
2789,278.9,279.9,0.5719313025474548,0.5719313025474548
2790,279.0,280.0,0.5420727729797363,0.5420727729797363
2791,279.1,280.1,0.5371285080909729,0.5371285080909729
2792,279.2,280.2,0.4181138277053833,0.4181138277053833
2793,279.3,280.3,0.3815118074417114,0.3815118074417114
2794,279.4,280.4,0.34248125553131104,0.34248125553131104
2795,279.5,280.5,0.2311077117919922,0.2311077117919922
2796,279.6,280.6,0.27187615633010864,0.27187615633010864
2797,279.7,280.7,0.23254497349262238,0.23254497349262238
2798,279.8,280.8,0.32078102231025696,0.32078102231025696
2799,279.9,280.9,0.2868957221508026,0.2868957221508026
2800,280.0,281.0,0.3015085458755493,0.3015085458755493
2801,280.1,281.1,0.32819557189941406,0.32819557189941406
2802,280.2,281.2,0.35001349449157715,0.35001349449157715
2803,280.3,281.3,0.40197238326072693,0.40197238326072693
2804,280.4,281.4,0.4188232719898224,0.4188232719898224
2805,280.5,281.5,0.4285249710083008,0.4285249710083008
2806,280.6,281.6,0.3095851242542267,0.3095851242542267
2807,280.7,281.7,0.3401307463645935,0.3401307463645935
2808,280.8,281.8,0.2955355942249298,0.2955355942249298
2809,280.9,281.9,0.25694358348846436,0.25694358348846436
2810,281.0,282.0,0.30853545665740967,0.30853545665740967
2811,281.1,282.1,0.3163549602031708,0.3163549602031708
2812,281.2,282.2,0.42248326539993286,0.42248326539993286
2813,281.3,282.3,0.42257604002952576,0.42257604002952576
2814,281.4,282.4,0.3111644387245178,0.3111644387245178
2815,281.5,282.5,0.4289218783378601,0.4289218783378601
2816,281.6,282.6,0.4446682333946228,0.4446682333946228
2817,281.7,282.7,0.32215258479118347,0.32215258479118347
2818,281.8,282.8,0.44838380813598633,0.44838380813598633
2819,281.9,282.9,0.3426671326160431,0.3426671326160431
2820,282.0,283.0,0.23233957588672638,0.23233957588672638
2821,282.1,283.1,0.37026169896125793,0.37026169896125793
2822,282.2,283.2,0.41739898920059204,0.41739898920059204
2823,282.3,283.3,0.6303503513336182,0.6303503513336182
2824,282.4,283.4,0.4074688255786896,0.4074688255786896
2825,282.5,283.5,0.4920599162578583,0.4920599162578583
2826,282.6,283.6,0.5551348924636841,0.5551348924636841
2827,282.7,283.7,0.4530279338359833,0.4530279338359833
2828,282.8,283.8,0.5666800141334534,0.5666800141334534
2829,282.9,283.9,0.5766701698303223,0.5766701698303223
2830,283.0,284.0,0.6082643866539001,0.6082643866539001
2831,283.1,284.1,0.5165913105010986,0.5165913105010986
2832,283.2,284.2,0.5181784629821777,0.5181784629821777
2833,283.3,284.3,0.49736034870147705,0.49736034870147705
2834,283.4,284.4,0.5578493475914001,0.5578493475914001
2835,283.5,284.5,0.665583610534668,0.665583610534668
2836,283.6,284.6,0.6346880793571472,0.6346880793571472
2837,283.7,284.7,0.4599444270133972,0.4599444270133972
2838,283.8,284.8,0.5309322476387024,0.5309322476387024
2839,283.9,284.9,0.604422926902771,0.604422926902771
2840,284.0,285.0,0.4504522681236267,0.4504522681236267
2841,284.1,285.1,0.48182597756385803,0.48182597756385803
2842,284.2,285.2,0.5283204317092896,0.5283204317092896
2843,284.3,285.3,0.42061883211135864,0.42061883211135864
2844,284.4,285.4,0.48212599754333496,0.48212599754333496
2845,284.5,285.5,0.40161943435668945,0.40161943435668945
2846,284.6,285.6,0.3882533311843872,0.3882533311843872
2847,284.7,285.7,0.3211054503917694,0.3211054503917694
2848,284.8,285.8,0.315639853477478,0.315639853477478
2849,284.9,285.9,0.289262592792511,0.289262592792511
2850,285.0,286.0,0.4315949082374573,0.4315949082374573
2851,285.1,286.1,0.48504045605659485,0.48504045605659485
2852,285.2,286.2,0.3593679368495941,0.3593679368495941
2853,285.3,286.3,0.4423695206642151,0.4423695206642151
2854,285.4,286.4,0.5801650285720825,0.5801650285720825
2855,285.5,286.5,0.6991177797317505,0.6991177797317505
2856,285.6,286.6,0.6332492232322693,0.6332492232322693
2857,285.7,286.7,0.6015135645866394,0.6015135645866394
2858,285.8,286.8,0.5334646701812744,0.5334646701812744
2859,285.9,286.9,0.5198621153831482,0.5198621153831482
2860,286.0,287.0,0.40979817509651184,0.40979817509651184
2861,286.1,287.1,0.42060017585754395,0.42060017585754395
2862,286.2,287.2,0.4525150954723358,0.4525150954723358
2863,286.3,287.3,0.637615442276001,0.637615442276001
2864,286.4,287.4,0.7414379119873047,0.7414379119873047
2865,286.5,287.5,0.5930972099304199,0.5930972099304199
2866,286.6,287.6,0.6661756038665771,0.6661756038665771
2867,286.7,287.7,0.7123642563819885,0.7123642563819885
2868,286.8,287.8,0.7797434329986572,0.7797434329986572
2869,286.9,287.9,0.7443256378173828,0.7443256378173828
2870,287.0,288.0,0.8063370585441589,0.8063370585441589
2871,287.1,288.1,0.9378981590270996,0.9378981590270996
2872,287.2,288.2,0.8288294672966003,0.8288294672966003
2873,287.3,288.3,0.7475550770759583,0.7475550770759583
2874,287.4,288.4,0.5740163922309875,0.5740163922309875
2875,287.5,288.5,0.6078544855117798,0.6078544855117798
2876,287.6,288.6,0.6875503659248352,0.6875503659248352
2877,287.7,288.7,0.6147500276565552,0.6147500276565552
2878,287.8,288.8,0.49927207827568054,0.49927207827568054
2879,287.9,288.9,0.5838434100151062,0.5838434100151062
2880,288.0,289.0,0.57533860206604,0.57533860206604
2881,288.1,289.1,0.11205056309700012,0.11205056309700012
2882,288.2,289.2,0.19005624949932098,0.19005624949932098
2883,288.3,289.3,0.06338822841644287,0.06338822841644287
2884,288.4,289.4,0.25290873646736145,0.25290873646736145
2885,288.5,289.5,0.1882733851671219,0.1882733851671219
2886,288.6,289.6,0.21507500112056732,0.21507500112056732
2887,288.7,289.7,0.32973235845565796,0.32973235845565796
2888,288.8,289.8,0.3194494843482971,0.3194494843482971
2889,288.9,289.9,0.4845772981643677,0.4845772981643677
2890,289.0,290.0,0.744170069694519,0.744170069694519
2891,289.1,290.1,0.7738064527511597,0.7738064527511597
2892,289.2,290.2,0.6276008486747742,0.6276008486747742
2893,289.3,290.3,0.586201012134552,0.586201012134552
2894,289.4,290.4,0.6633773446083069,0.6633773446083069
2895,289.5,290.5,0.5057642459869385,0.5057642459869385
2896,289.6,290.6,0.5049071907997131,0.5049071907997131
2897,289.7,290.7,0.6160116791725159,0.6160116791725159
2898,289.8,290.8,0.6762202382087708,0.6762202382087708
2899,289.9,290.9,0.7674108743667603,0.7674108743667603
2900,290.0,291.0,0.7721582651138306,0.7721582651138306
2901,290.1,291.1,0.6707682609558105,0.6707682609558105
2902,290.2,291.2,0.5733823776245117,0.5733823776245117
2903,290.3,291.3,0.6496348977088928,0.6496348977088928
2904,290.4,291.4,0.6985651254653931,0.6985651254653931
2905,290.5,291.5,0.6538999676704407,0.6538999676704407
2906,290.6,291.6,0.6116237640380859,0.6116237640380859
2907,290.7,291.7,0.6270473599433899,0.6270473599433899
2908,290.8,291.8,0.5250479578971863,0.5250479578971863
2909,290.9,291.9,0.41885659098625183,0.41885659098625183
2910,291.0,292.0,0.49325552582740784,0.49325552582740784
2911,291.1,292.1,0.38775599002838135,0.38775599002838135
2912,291.2,292.2,0.4462449252605438,0.4462449252605438
2913,291.3,292.3,0.3223641514778137,0.3223641514778137
2914,291.4,292.4,0.35285302996635437,0.35285302996635437
2915,291.5,292.5,0.39340025186538696,0.39340025186538696
2916,291.6,292.6,0.49434053897857666,0.49434053897857666
2917,291.7,292.7,0.5488237142562866,0.5488237142562866
2918,291.8,292.8,0.4562419652938843,0.4562419652938843
2919,291.9,292.9,0.389077365398407,0.389077365398407
2920,292.0,293.0,0.43023788928985596,0.43023788928985596
2921,292.1,293.1,0.27382826805114746,0.27382826805114746
2922,292.2,293.2,0.2854732573032379,0.2854732573032379
2923,292.3,293.3,0.25363990664482117,0.25363990664482117
2924,292.4,293.4,0.38371556997299194,0.38371556997299194
2925,292.5,293.5,0.33524423837661743,0.33524423837661743
2926,292.6,293.6,0.37261638045310974,0.37261638045310974
2927,292.7,293.7,0.3479357361793518,0.3479357361793518
2928,292.8,293.8,0.3716876208782196,0.3716876208782196
2929,292.9,293.9,0.4546307921409607,0.4546307921409607
2930,293.0,294.0,0.5107924342155457,0.5107924342155457
2931,293.1,294.1,0.592673122882843,0.592673122882843
2932,293.2,294.2,0.5519956350326538,0.5519956350326538
2933,293.3,294.3,0.5882725715637207,0.5882725715637207
2934,293.4,294.4,0.6046386361122131,0.6046386361122131
2935,293.5,294.5,0.535173237323761,0.535173237323761
2936,293.6,294.6,0.5373796224594116,0.5373796224594116
2937,293.7,294.7,0.48971080780029297,0.48971080780029297
2938,293.8,294.8,0.4299568831920624,0.4299568831920624
2939,293.9,294.9,0.43331652879714966,0.43331652879714966
2940,294.0,295.0,0.17591002583503723,0.17591002583503723
2941,294.1,295.1,0.324516236782074,0.324516236782074
2942,294.2,295.2,0.8146812915802002,0.8146812915802002
2943,294.3,295.3,0.7223535776138306,0.7223535776138306
2944,294.4,295.4,0.8148915767669678,0.8148915767669678
2945,294.5,295.5,0.7812386751174927,0.7812386751174927
2946,294.6,295.6,0.8975135684013367,0.8975135684013367
2947,294.7,295.7,0.7199299335479736,0.7199299335479736
2948,294.8,295.8,0.8710498213768005,0.8710498213768005
2949,294.9,295.9,0.5268533825874329,0.5268533825874329
2950,295.0,296.0,0.4071172773838043,0.4071172773838043
2951,295.1,296.1,0.2967502474784851,0.2967502474784851
2952,295.2,296.2,0.28740793466567993,0.28740793466567993
2953,295.3,296.3,0.3020862638950348,0.3020862638950348
2954,295.4,296.4,0.3954094648361206,0.3954094648361206
2955,295.5,296.5,0.35327380895614624,0.35327380895614624
2956,295.6,296.6,0.4231657385826111,0.4231657385826111
2957,295.7,296.7,0.29116058349609375,0.29116058349609375
2958,295.8,296.8,0.5869568586349487,0.5869568586349487
2959,295.9,296.9,0.6109890341758728,0.6109890341758728
2960,296.0,297.0,0.4417269825935364,0.4417269825935364
2961,296.1,297.1,0.49098366498947144,0.49098366498947144
2962,296.2,297.2,0.5175908207893372,0.5175908207893372
2963,296.3,297.3,0.522775411605835,0.522775411605835
2964,296.4,297.4,0.3801040053367615,0.3801040053367615
2965,296.5,297.5,0.46386292576789856,0.46386292576789856
2966,296.6,297.6,0.3532039225101471,0.3532039225101471
2967,296.7,297.7,0.3264693319797516,0.3264693319797516
2968,296.8,297.8,0.3348831832408905,0.3348831832408905
2969,296.9,297.9,0.46547019481658936,0.46547019481658936
2970,297.0,298.0,0.3914945721626282,0.3914945721626282
2971,297.1,298.1,0.5345296859741211,0.5345296859741211
2972,297.2,298.2,0.49624398350715637,0.49624398350715637
2973,297.3,298.3,0.334827721118927,0.334827721118927
2974,297.4,298.4,0.3875214755535126,0.3875214755535126
2975,297.5,298.5,0.32915356755256653,0.32915356755256653
2976,297.6,298.6,0.26567262411117554,0.26567262411117554
2977,297.7,298.7,0.2395399510860443,0.2395399510860443
2978,297.8,298.8,0.38058188557624817,0.38058188557624817
2979,297.9,298.9,0.414588063955307,0.414588063955307
2980,298.0,299.0,0.31467875838279724,0.31467875838279724
2981,298.1,299.1,0.26244598627090454,0.26244598627090454
2982,298.2,299.2,0.2428964376449585,0.2428964376449585
2983,298.3,299.3,0.36638423800468445,0.36638423800468445
2984,298.4,299.4,0.6072277426719666,0.6072277426719666
2985,298.5,299.5,0.5444173216819763,0.5444173216819763
2986,298.6,299.6,0.5438780784606934,0.5438780784606934
2987,298.7,299.7,0.5688049793243408,0.5688049793243408
2988,298.8,299.8,0.6486470699310303,0.6486470699310303
2989,298.9,299.9,0.6468320488929749,0.6468320488929749
2990,299.0,300.0,0.4204314947128296,0.4204314947128296
2991,299.1,300.1,0.3882001042366028,0.3882001042366028
2992,299.2,300.2,0.45383420586586,0.45383420586586
2993,299.3,300.3,0.37768617272377014,0.37768617272377014
2994,299.4,300.4,0.49160873889923096,0.49160873889923096
2995,299.5,300.5,0.42227593064308167,0.42227593064308167
2996,299.6,300.6,0.4703112542629242,0.4703112542629242
2997,299.7,300.7,0.3832951486110687,0.3832951486110687
2998,299.8,300.8,0.24840039014816284,0.24840039014816284
2999,299.9,300.9,0.39092716574668884,0.39092716574668884
3000,300.0,301.0,0.25873345136642456,0.25873345136642456
3001,300.1,301.1,0.3865525424480438,0.3865525424480438
3002,300.2,301.2,0.37324756383895874,0.37324756383895874
3003,300.3,301.3,0.27596575021743774,0.27596575021743774
3004,300.4,301.4,0.25438928604125977,0.25438928604125977
3005,300.5,301.5,0.2871423363685608,0.2871423363685608
3006,300.6,301.6,0.46481117606163025,0.46481117606163025
3007,300.7,301.7,0.4659547209739685,0.4659547209739685
3008,300.8,301.8,0.41065382957458496,0.41065382957458496
3009,300.9,301.9,0.6052817106246948,0.6052817106246948
3010,301.0,302.0,0.5960037112236023,0.5960037112236023
3011,301.1,302.1,0.5226449370384216,0.5226449370384216
3012,301.2,302.2,0.6423605680465698,0.6423605680465698
3013,301.3,302.3,0.6240376234054565,0.6240376234054565
3014,301.4,302.4,0.547890841960907,0.547890841960907
3015,301.5,302.5,0.5573131442070007,0.5573131442070007
3016,301.6,302.6,0.7320170402526855,0.7320170402526855
3017,301.7,302.7,0.7119348049163818,0.7119348049163818
3018,301.8,302.8,0.5454033613204956,0.5454033613204956
3019,301.9,302.9,0.48477497696876526,0.48477497696876526
3020,302.0,303.0,0.4761861562728882,0.4761861562728882
3021,302.1,303.1,0.3218311071395874,0.3218311071395874
3022,302.2,303.2,0.317063570022583,0.317063570022583
3023,302.3,303.3,0.31956031918525696,0.31956031918525696
3024,302.4,303.4,0.30139198899269104,0.30139198899269104
3025,302.5,303.5,0.31536978483200073,0.31536978483200073
3026,302.6,303.6,0.29362747073173523,0.29362747073173523
3027,302.7,303.7,0.2891750633716583,0.2891750633716583
3028,302.8,303.8,0.40844669938087463,0.40844669938087463
3029,302.9,303.9,0.5131424069404602,0.5131424069404602
3030,303.0,304.0,0.6408025622367859,0.6408025622367859
3031,303.1,304.1,0.7135796546936035,0.7135796546936035
3032,303.2,304.2,0.585296630859375,0.585296630859375
3033,303.3,304.3,0.6007649302482605,0.6007649302482605
3034,303.4,304.4,0.566645085811615,0.566645085811615
3035,303.5,304.5,0.46078771352767944,0.46078771352767944
3036,303.6,304.6,0.4825189709663391,0.4825189709663391
3037,303.7,304.7,0.5743832588195801,0.5743832588195801
3038,303.8,304.8,0.48194679617881775,0.48194679617881775
3039,303.9,304.9,0.5523840188980103,0.5523840188980103
3040,304.0,305.0,0.6631723642349243,0.6631723642349243
3041,304.1,305.1,0.565811812877655,0.565811812877655
3042,304.2,305.2,0.5582463145256042,0.5582463145256042
3043,304.3,305.3,0.7771977782249451,0.7771977782249451
3044,304.4,305.4,0.7543976902961731,0.7543976902961731
3045,304.5,305.5,0.7448342442512512,0.7448342442512512
3046,304.6,305.6,0.6412754654884338,0.6412754654884338
3047,304.7,305.7,0.45898786187171936,0.45898786187171936
3048,304.8,305.8,0.4789198637008667,0.4789198637008667
3049,304.9,305.9,0.46483084559440613,0.46483084559440613
3050,305.0,306.0,0.3440053164958954,0.3440053164958954
3051,305.1,306.1,0.37458088994026184,0.37458088994026184
3052,305.2,306.2,0.49563372135162354,0.49563372135162354
3053,305.3,306.3,0.5199471116065979,0.5199471116065979
3054,305.4,306.4,0.47841745615005493,0.47841745615005493
3055,305.5,306.5,0.4063383638858795,0.4063383638858795
3056,305.6,306.6,0.4922999143600464,0.4922999143600464
3057,305.7,306.7,0.5525624752044678,0.5525624752044678
3058,305.8,306.8,0.4403568506240845,0.4403568506240845
3059,305.9,306.9,0.38585638999938965,0.38585638999938965
3060,306.0,307.0,0.40106940269470215,0.40106940269470215
3061,306.1,307.1,0.32709163427352905,0.32709163427352905
3062,306.2,307.2,0.3929425776004791,0.3929425776004791
3063,306.3,307.3,0.6018440127372742,0.6018440127372742
3064,306.4,307.4,0.4773939847946167,0.4773939847946167
3065,306.5,307.5,0.4690433442592621,0.4690433442592621
3066,306.6,307.6,0.6113048791885376,0.6113048791885376
3067,306.7,307.7,0.4544084668159485,0.4544084668159485
3068,306.8,307.8,0.5102937817573547,0.5102937817573547
3069,306.9,307.9,0.43541866540908813,0.43541866540908813
3070,307.0,308.0,0.3589446544647217,0.3589446544647217
3071,307.1,308.1,0.3984341323375702,0.3984341323375702
3072,307.2,308.2,0.4197450876235962,0.4197450876235962
3073,307.3,308.3,0.43347182869911194,0.43347182869911194
3074,307.4,308.4,0.4643053412437439,0.4643053412437439
3075,307.5,308.5,0.33754709362983704,0.33754709362983704
3076,307.6,308.6,0.43101444840431213,0.43101444840431213
3077,307.7,308.7,0.5196686387062073,0.5196686387062073
3078,307.8,308.8,0.6253647804260254,0.6253647804260254
3079,307.9,308.9,0.604531466960907,0.604531466960907
3080,308.0,309.0,0.5134766101837158,0.5134766101837158
3081,308.1,309.1,0.4461492896080017,0.4461492896080017
3082,308.2,309.2,0.3303848206996918,0.3303848206996918
3083,308.3,309.3,0.3127598464488983,0.3127598464488983
3084,308.4,309.4,0.40316587686538696,0.40316587686538696
3085,308.5,309.5,0.37465089559555054,0.37465089559555054
3086,308.6,309.6,0.3377367854118347,0.3377367854118347
3087,308.7,309.7,0.38191118836402893,0.38191118836402893
3088,308.8,309.8,0.3071900010108948,0.3071900010108948
3089,308.9,309.9,0.34373390674591064,0.34373390674591064
3090,309.0,310.0,0.43926873803138733,0.43926873803138733
3091,309.1,310.1,0.42266926169395447,0.42266926169395447
3092,309.2,310.2,0.5267331600189209,0.5267331600189209
3093,309.3,310.3,0.5975284576416016,0.5975284576416016
3094,309.4,310.4,0.6172881722450256,0.6172881722450256
3095,309.5,310.5,0.5198186039924622,0.5198186039924622
3096,309.6,310.6,0.5903874635696411,0.5903874635696411
3097,309.7,310.7,0.4452148973941803,0.4452148973941803
3098,309.8,310.8,0.6439957618713379,0.6439957618713379
3099,309.9,310.9,0.6929029226303101,0.6929029226303101
3100,310.0,311.0,0.4754844009876251,0.4754844009876251
3101,310.1,311.1,0.40460890531539917,0.40460890531539917
3102,310.2,311.2,0.5621981024742126,0.5621981024742126
3103,310.3,311.3,0.6202534437179565,0.6202534437179565
3104,310.4,311.4,0.7581364512443542,0.7581364512443542
3105,310.5,311.5,0.6525304913520813,0.6525304913520813
3106,310.6,311.6,0.6531458497047424,0.6531458497047424
3107,310.7,311.7,0.5239839553833008,0.5239839553833008
3108,310.8,311.8,0.48096799850463867,0.48096799850463867
3109,310.9,311.9,0.4545729160308838,0.4545729160308838
3110,311.0,312.0,0.41245412826538086,0.41245412826538086
3111,311.1,312.1,0.3376725912094116,0.3376725912094116
3112,311.2,312.2,0.21707701683044434,0.21707701683044434
3113,311.3,312.3,0.24263320863246918,0.24263320863246918
3114,311.4,312.4,0.3461463749408722,0.3461463749408722
3115,311.5,312.5,0.4852135181427002,0.4852135181427002
3116,311.6,312.6,0.4796517491340637,0.4796517491340637
3117,311.7,312.7,0.45576515793800354,0.45576515793800354
3118,311.8,312.8,0.4909605383872986,0.4909605383872986
3119,311.9,312.9,0.5977199077606201,0.5977199077606201
3120,312.0,313.0,0.9111414551734924,0.9111414551734924
3121,312.1,313.1,0.9112110733985901,0.9112110733985901
3122,312.2,313.2,0.5621656179428101,0.5621656179428101
3123,312.3,313.3,0.5431923866271973,0.5431923866271973
3124,312.4,313.4,0.42144638299942017,0.42144638299942017
3125,312.5,313.5,0.8359273672103882,0.8359273672103882
3126,312.6,313.6,0.5459138751029968,0.5459138751029968
3127,312.7,313.7,0.58287113904953,0.58287113904953
3128,312.8,313.8,0.600017249584198,0.600017249584198
3129,312.9,313.9,0.87856525182724,0.87856525182724
3130,313.0,314.0,0.46677491068840027,0.46677491068840027
3131,313.1,314.1,0.2340420037508011,0.2340420037508011
3132,313.2,314.2,0.23511511087417603,0.23511511087417603
3133,313.3,314.3,0.2100483477115631,0.2100483477115631
3134,313.4,314.4,0.4479663372039795,0.4479663372039795
3135,313.5,314.5,0.4428548216819763,0.4428548216819763
3136,313.6,314.6,0.4176531732082367,0.4176531732082367
3137,313.7,314.7,0.7884212136268616,0.7884212136268616
3138,313.8,314.8,0.5239179730415344,0.5239179730415344
3139,313.9,314.9,0.43214336037635803,0.43214336037635803
3140,314.0,315.0,0.42626050114631653,0.42626050114631653
3141,314.1,315.1,0.4601266384124756,0.4601266384124756
3142,314.2,315.2,0.3697644770145416,0.3697644770145416
3143,314.3,315.3,0.5716935992240906,0.5716935992240906
3144,314.4,315.4,0.40801599621772766,0.40801599621772766
3145,314.5,315.5,0.24273648858070374,0.24273648858070374
3146,314.6,315.6,0.30345553159713745,0.30345553159713745
3147,314.7,315.7,0.3923875689506531,0.3923875689506531
3148,314.8,315.8,0.24286587536334991,0.24286587536334991
3149,314.9,315.9,0.29081404209136963,0.29081404209136963
3150,315.0,316.0,0.3430199921131134,0.3430199921131134
3151,315.1,316.1,0.2900599241256714,0.2900599241256714
3152,315.2,316.2,0.1578848659992218,0.1578848659992218
3153,315.3,316.3,0.31645891070365906,0.31645891070365906
3154,315.4,316.4,0.5328265428543091,0.5328265428543091
3155,315.5,316.5,0.5406308174133301,0.5406308174133301
3156,315.6,316.6,0.44688454270362854,0.44688454270362854
3157,315.7,316.7,0.6010167002677917,0.6010167002677917
3158,315.8,316.8,0.5909944176673889,0.5909944176673889
3159,315.9,316.9,0.7412254214286804,0.7412254214286804
3160,316.0,317.0,0.529310405254364,0.529310405254364
3161,316.1,317.1,0.36197730898857117,0.36197730898857117
3162,316.2,317.2,0.4949992597103119,0.4949992597103119
3163,316.3,317.3,0.7430189251899719,0.7430189251899719
3164,316.4,317.4,0.749230682849884,0.749230682849884
3165,316.5,317.5,0.546916127204895,0.546916127204895
3166,316.6,317.6,0.8393378853797913,0.8393378853797913
3167,316.7,317.7,0.8853335380554199,0.8853335380554199
3168,316.8,317.8,0.8164047002792358,0.8164047002792358
3169,316.9,317.9,0.7922413349151611,0.7922413349151611
3170,317.0,318.0,0.738100528717041,0.738100528717041
3171,317.1,318.1,0.9147050380706787,0.9147050380706787
3172,317.2,318.2,0.5632097125053406,0.5632097125053406
3173,317.3,318.3,0.5192880630493164,0.5192880630493164
3174,317.4,318.4,0.6354650855064392,0.6354650855064392
3175,317.5,318.5,0.5965245366096497,0.5965245366096497
3176,317.6,318.6,0.4091733694076538,0.4091733694076538
3177,317.7,318.7,0.47202491760253906,0.47202491760253906
3178,317.8,318.8,0.37947386503219604,0.37947386503219604
3179,317.9,318.9,0.5236990451812744,0.5236990451812744
3180,318.0,319.0,0.49412018060684204,0.49412018060684204
3181,318.1,319.1,0.6027051210403442,0.6027051210403442
3182,318.2,319.2,0.6027876734733582,0.6027876734733582
3183,318.3,319.3,0.9436540603637695,0.9436540603637695
3184,318.4,319.4,0.8859586119651794,0.8859586119651794
3185,318.5,319.5,0.9164335131645203,0.9164335131645203
3186,318.6,319.6,0.8622986078262329,0.8622986078262329
3187,318.7,319.7,0.9310043454170227,0.9310043454170227
3188,318.8,319.8,0.9129406213760376,0.9129406213760376
3189,318.9,319.9,0.8774428367614746,0.8774428367614746
3190,319.0,320.0,0.8874598741531372,0.8874598741531372
3191,319.1,320.1,0.955935001373291,0.955935001373291
3192,319.2,320.2,0.9571948647499084,0.9571948647499084
3193,319.3,320.3,0.8821094632148743,0.8821094632148743
3194,319.4,320.4,0.6548247337341309,0.6548247337341309
3195,319.5,320.5,0.7130268216133118,0.7130268216133118
3196,319.6,320.6,0.6064894795417786,0.6064894795417786
3197,319.7,320.7,0.5187285542488098,0.5187285542488098
3198,319.8,320.8,0.49718475341796875,0.49718475341796875
3199,319.9,320.9,0.554473340511322,0.554473340511322
3200,320.0,321.0,0.47114992141723633,0.47114992141723633
3201,320.1,321.1,0.6485399007797241,0.6485399007797241
3202,320.2,321.2,0.6285585761070251,0.6285585761070251
3203,320.3,321.3,0.4645446240901947,0.4645446240901947
3204,320.4,321.4,0.6575815081596375,0.6575815081596375
3205,320.5,321.5,0.585534930229187,0.585534930229187
3206,320.6,321.6,0.42260462045669556,0.42260462045669556
3207,320.7,321.7,0.6541914343833923,0.6541914343833923
3208,320.8,321.8,0.6433761119842529,0.6433761119842529
3209,320.9,321.9,0.682457685470581,0.682457685470581
3210,321.0,322.0,0.861690878868103,0.861690878868103
3211,321.1,322.1,0.8742009997367859,0.8742009997367859
3212,321.2,322.2,0.8799937963485718,0.8799937963485718
3213,321.3,322.3,0.7107875347137451,0.7107875347137451
3214,321.4,322.4,0.717077374458313,0.717077374458313
3215,321.5,322.5,0.8052046298980713,0.8052046298980713
3216,321.6,322.6,0.7303140759468079,0.7303140759468079
3217,321.7,322.7,0.5776310563087463,0.5776310563087463
3218,321.8,322.8,0.607157826423645,0.607157826423645
3219,321.9,322.9,0.568642795085907,0.568642795085907
3220,322.0,323.0,0.5840503573417664,0.5840503573417664
3221,322.1,323.1,0.4652564525604248,0.4652564525604248
3222,322.2,323.2,0.2954890727996826,0.2954890727996826
3223,322.3,323.3,0.3235328197479248,0.3235328197479248
3224,322.4,323.4,0.3433331251144409,0.3433331251144409
3225,322.5,323.5,0.4033019244670868,0.4033019244670868
3226,322.6,323.6,0.38106146454811096,0.38106146454811096
3227,322.7,323.7,0.37710946798324585,0.37710946798324585
3228,322.8,323.8,0.44152796268463135,0.44152796268463135
3229,322.9,323.9,0.40975338220596313,0.40975338220596313
3230,323.0,324.0,0.3450746536254883,0.3450746536254883
3231,323.1,324.1,0.44047802686691284,0.44047802686691284
3232,323.2,324.2,0.4983479380607605,0.4983479380607605
3233,323.3,324.3,0.45029544830322266,0.45029544830322266
3234,323.4,324.4,0.4490416646003723,0.4490416646003723
3235,323.5,324.5,0.39158666133880615,0.39158666133880615
3236,323.6,324.6,0.5860881209373474,0.5860881209373474
3237,323.7,324.7,0.5366377234458923,0.5366377234458923
3238,323.8,324.8,0.41481515765190125,0.41481515765190125
3239,323.9,324.9,0.3770616352558136,0.3770616352558136
3240,324.0,325.0,0.46263185143470764,0.46263185143470764
3241,324.1,325.1,0.3976745009422302,0.3976745009422302
3242,324.2,325.2,0.3797224462032318,0.3797224462032318
3243,324.3,325.3,0.2874855101108551,0.2874855101108551
3244,324.4,325.4,0.2600233256816864,0.2600233256816864
3245,324.5,325.5,0.3570689260959625,0.3570689260959625
3246,324.6,325.6,0.49158957600593567,0.49158957600593567
3247,324.7,325.7,0.5218534469604492,0.5218534469604492
3248,324.8,325.8,0.5760359168052673,0.5760359168052673
3249,324.9,325.9,0.5273414850234985,0.5273414850234985
3250,325.0,326.0,0.4622398614883423,0.4622398614883423
3251,325.1,326.1,0.7055392861366272,0.7055392861366272
3252,325.2,326.2,0.48015347123146057,0.48015347123146057
3253,325.3,326.3,0.6091309785842896,0.6091309785842896
3254,325.4,326.4,0.5044169425964355,0.5044169425964355
3255,325.5,326.5,0.5136604905128479,0.5136604905128479
3256,325.6,326.6,0.5324987769126892,0.5324987769126892
3257,325.7,326.7,0.3908664286136627,0.3908664286136627
3258,325.8,326.8,0.2804590165615082,0.2804590165615082
3259,325.9,326.9,0.35677292943000793,0.35677292943000793
3260,326.0,327.0,0.37917590141296387,0.37917590141296387
3261,326.1,327.1,0.6642658114433289,0.6642658114433289
3262,326.2,327.2,0.6233177781105042,0.6233177781105042
3263,326.3,327.3,0.5116193890571594,0.5116193890571594
3264,326.4,327.4,0.44704383611679077,0.44704383611679077
3265,326.5,327.5,0.44562000036239624,0.44562000036239624
3266,326.6,327.6,0.6028220653533936,0.6028220653533936
3267,326.7,327.7,0.8502703309059143,0.8502703309059143
3268,326.8,327.8,0.9362392425537109,0.9362392425537109
3269,326.9,327.9,0.9938017725944519,0.9938017725944519
3270,327.0,328.0,0.9787609577178955,0.9787609577178955
3271,327.1,328.1,0.9538049697875977,0.9538049697875977
3272,327.2,328.2,0.9835357666015625,0.9835357666015625
3273,327.3,328.3,0.9274287819862366,0.9274287819862366
3274,327.4,328.4,0.969183087348938,0.969183087348938
3275,327.5,328.5,0.9829313158988953,0.9829313158988953
3276,327.6,328.6,0.9792430400848389,0.9792430400848389
3277,327.7,328.7,0.9736621975898743,0.9736621975898743
3278,327.8,328.8,0.9879704117774963,0.9879704117774963
3279,327.9,328.9,0.9866064190864563,0.9866064190864563
3280,328.0,329.0,0.9527209401130676,0.9527209401130676
3281,328.1,329.1,0.616990327835083,0.616990327835083
3282,328.2,329.2,0.7232667207717896,0.7232667207717896
3283,328.3,329.3,0.827215850353241,0.827215850353241
3284,328.4,329.4,0.9443747401237488,0.9443747401237488
3285,328.5,329.5,0.8002154231071472,0.8002154231071472
3286,328.6,329.6,0.8440399765968323,0.8440399765968323
3287,328.7,329.7,0.7257553935050964,0.7257553935050964
3288,328.8,329.8,0.7320050597190857,0.7320050597190857
3289,328.9,329.9,0.6959720849990845,0.6959720849990845
3290,329.0,330.0,0.6874544620513916,0.6874544620513916
3291,329.1,330.1,0.70212322473526,0.70212322473526
3292,329.2,330.2,0.5310782790184021,0.5310782790184021
3293,329.3,330.3,0.4118507206439972,0.4118507206439972
3294,329.4,330.4,0.40977996587753296,0.40977996587753296
3295,329.5,330.5,0.39231616258621216,0.39231616258621216
3296,329.6,330.6,0.38896819949150085,0.38896819949150085
3297,329.7,330.7,0.37537339329719543,0.37537339329719543
3298,329.8,330.8,0.5568972826004028,0.5568972826004028
3299,329.9,330.9,0.5928284525871277,0.5928284525871277
3300,330.0,331.0,0.347001314163208,0.347001314163208
3301,330.1,331.1,0.4250486493110657,0.4250486493110657
3302,330.2,331.2,0.40793728828430176,0.40793728828430176
3303,330.3,331.3,0.3830409348011017,0.3830409348011017
3304,330.4,331.4,0.44890260696411133,0.44890260696411133
3305,330.5,331.5,0.3137089014053345,0.3137089014053345
3306,330.6,331.6,0.35190507769584656,0.35190507769584656
3307,330.7,331.7,0.40085285902023315,0.40085285902023315
3308,330.8,331.8,0.5146270990371704,0.5146270990371704
3309,330.9,331.9,0.6287777423858643,0.6287777423858643
3310,331.0,332.0,0.5220669507980347,0.5220669507980347
3311,331.1,332.1,0.2600049674510956,0.2600049674510956
3312,331.2,332.2,0.30861935019493103,0.30861935019493103
3313,331.3,332.3,0.25437188148498535,0.25437188148498535
3314,331.4,332.4,0.27769893407821655,0.27769893407821655
3315,331.5,332.5,0.30259376764297485,0.30259376764297485
3316,331.6,332.6,0.40303507447242737,0.40303507447242737
3317,331.7,332.7,0.27448517084121704,0.27448517084121704
3318,331.8,332.8,0.29409778118133545,0.29409778118133545
3319,331.9,332.9,0.46357810497283936,0.46357810497283936
3320,332.0,333.0,0.41055166721343994,0.41055166721343994
3321,332.1,333.1,0.47504040598869324,0.47504040598869324
3322,332.2,333.2,0.5501874089241028,0.5501874089241028
3323,332.3,333.3,0.453064501285553,0.453064501285553
3324,332.4,333.4,0.41226187348365784,0.41226187348365784
3325,332.5,333.5,0.4689614772796631,0.4689614772796631
3326,332.6,333.6,0.5418491363525391,0.5418491363525391
3327,332.7,333.7,0.6643755435943604,0.6643755435943604
3328,332.8,333.8,0.7278415560722351,0.7278415560722351
3329,332.9,333.9,0.5198245644569397,0.5198245644569397
3330,333.0,334.0,0.669245719909668,0.669245719909668
3331,333.1,334.1,0.4218694269657135,0.4218694269657135
3332,333.2,334.2,0.4177895486354828,0.4177895486354828
3333,333.3,334.3,0.501654863357544,0.501654863357544
3334,333.4,334.4,0.30830052495002747,0.30830052495002747
3335,333.5,334.5,0.40619540214538574,0.40619540214538574
3336,333.6,334.6,0.26463139057159424,0.26463139057159424
3337,333.7,334.7,0.31557148694992065,0.31557148694992065
3338,333.8,334.8,0.33826276659965515,0.33826276659965515
3339,333.9,334.9,0.4759426712989807,0.4759426712989807
3340,334.0,335.0,0.39199572801589966,0.39199572801589966
3341,334.1,335.1,0.38448891043663025,0.38448891043663025
3342,334.2,335.2,0.37848222255706787,0.37848222255706787
3343,334.3,335.3,0.37416723370552063,0.37416723370552063
3344,334.4,335.4,0.4628823399543762,0.4628823399543762
3345,334.5,335.5,0.6101358532905579,0.6101358532905579
3346,334.6,335.6,0.6196666359901428,0.6196666359901428
3347,334.7,335.7,0.6279956698417664,0.6279956698417664
3348,334.8,335.8,0.5444614887237549,0.5444614887237549
3349,334.9,335.9,0.5523486137390137,0.5523486137390137
3350,335.0,336.0,0.39262866973876953,0.39262866973876953
3351,335.1,336.1,0.471527099609375,0.471527099609375
3352,335.2,336.2,0.3205566704273224,0.3205566704273224
3353,335.3,336.3,0.3227788507938385,0.3227788507938385
3354,335.4,336.4,0.4300934374332428,0.4300934374332428
3355,335.5,336.5,0.36867555975914,0.36867555975914
3356,335.6,336.6,0.555530846118927,0.555530846118927
3357,335.7,336.7,0.35600578784942627,0.35600578784942627
3358,335.8,336.8,0.4095202684402466,0.4095202684402466
3359,335.9,336.9,0.3345034122467041,0.3345034122467041
3360,336.0,337.0,0.33772486448287964,0.33772486448287964
3361,336.1,337.1,0.318934828042984,0.318934828042984
3362,336.2,337.2,0.2673981189727783,0.2673981189727783
3363,336.3,337.3,0.268842875957489,0.268842875957489
3364,336.4,337.4,0.5073081851005554,0.5073081851005554
3365,336.5,337.5,0.4568448066711426,0.4568448066711426
3366,336.6,337.6,0.503966748714447,0.503966748714447
3367,336.7,337.7,0.2945486307144165,0.2945486307144165
3368,336.8,337.8,0.5916136503219604,0.5916136503219604
3369,336.9,337.9,0.4771076440811157,0.4771076440811157
3370,337.0,338.0,0.46197178959846497,0.46197178959846497
3371,337.1,338.1,0.4865027368068695,0.4865027368068695
3372,337.2,338.2,0.5974768400192261,0.5974768400192261
3373,337.3,338.3,0.39538660645484924,0.39538660645484924
3374,337.4,338.4,0.4497387409210205,0.4497387409210205
3375,337.5,338.5,0.5745845437049866,0.5745845437049866
3376,337.6,338.6,0.7548905611038208,0.7548905611038208
3377,337.7,338.7,0.8467509150505066,0.8467509150505066
3378,337.8,338.8,0.6909772753715515,0.6909772753715515
3379,337.9,338.9,0.8282114863395691,0.8282114863395691
3380,338.0,339.0,0.7972772121429443,0.7972772121429443
3381,338.1,339.1,0.7462499737739563,0.7462499737739563
3382,338.2,339.2,0.59161376953125,0.59161376953125
3383,338.3,339.3,0.5712648630142212,0.5712648630142212
3384,338.4,339.4,0.5389369130134583,0.5389369130134583
3385,338.5,339.5,0.44799068570137024,0.44799068570137024
3386,338.6,339.6,0.47823813557624817,0.47823813557624817
3387,338.7,339.7,0.5396324396133423,0.5396324396133423
3388,338.8,339.8,0.3992225229740143,0.3992225229740143
3389,338.9,339.9,0.4513632655143738,0.4513632655143738
3390,339.0,340.0,0.36744269728660583,0.36744269728660583
3391,339.1,340.1,0.5088836550712585,0.5088836550712585
3392,339.2,340.2,0.4777694344520569,0.4777694344520569
3393,339.3,340.3,0.5143853425979614,0.5143853425979614
3394,339.4,340.4,0.5332212448120117,0.5332212448120117
3395,339.5,340.5,0.5278254747390747,0.5278254747390747
3396,339.6,340.6,0.3250127136707306,0.3250127136707306
3397,339.7,340.7,0.5499002933502197,0.5499002933502197
3398,339.8,340.8,0.6094841957092285,0.6094841957092285
3399,339.9,340.9,0.43881887197494507,0.43881887197494507
3400,340.0,341.0,0.45335790514945984,0.45335790514945984
3401,340.1,341.1,0.44655928015708923,0.44655928015708923
3402,340.2,341.2,0.34081777930259705,0.34081777930259705
3403,340.3,341.3,0.3013004660606384,0.3013004660606384
3404,340.4,341.4,0.4199102818965912,0.4199102818965912
3405,340.5,341.5,0.3319213390350342,0.3319213390350342
3406,340.6,341.6,0.5031921863555908,0.5031921863555908
3407,340.7,341.7,0.5007955431938171,0.5007955431938171
3408,340.8,341.8,0.3417809009552002,0.3417809009552002
3409,340.9,341.9,0.261883407831192,0.261883407831192
3410,341.0,342.0,0.3609701991081238,0.3609701991081238
3411,341.1,342.1,0.3329088091850281,0.3329088091850281
3412,341.2,342.2,0.31769195199012756,0.31769195199012756
3413,341.3,342.3,0.5749484300613403,0.5749484300613403
3414,341.4,342.4,0.6412048935890198,0.6412048935890198
3415,341.5,342.5,0.5640926957130432,0.5640926957130432
3416,341.6,342.6,0.5483337640762329,0.5483337640762329
3417,341.7,342.7,0.48700499534606934,0.48700499534606934
3418,341.8,342.8,0.46579763293266296,0.46579763293266296
3419,341.9,342.9,0.702608048915863,0.702608048915863
3420,342.0,343.0,0.5410496592521667,0.5410496592521667
3421,342.1,343.1,0.7363014817237854,0.7363014817237854
3422,342.2,343.2,0.9258843064308167,0.9258843064308167
3423,342.3,343.3,0.9104636907577515,0.9104636907577515
3424,342.4,343.4,0.711738109588623,0.711738109588623
3425,342.5,343.5,0.8873183131217957,0.8873183131217957
3426,342.6,343.6,0.8831807374954224,0.8831807374954224
3427,342.7,343.7,0.7079952359199524,0.7079952359199524
3428,342.8,343.8,0.51717209815979,0.51717209815979
3429,342.9,343.9,0.49384987354278564,0.49384987354278564
3430,343.0,344.0,0.7309779524803162,0.7309779524803162
3431,343.1,344.1,0.8409132361412048,0.8409132361412048
3432,343.2,344.2,0.8651604652404785,0.8651604652404785
3433,343.3,344.3,0.8565734624862671,0.8565734624862671
3434,343.4,344.4,0.7980875372886658,0.7980875372886658
3435,343.5,344.5,0.8820697665214539,0.8820697665214539
3436,343.6,344.6,0.7957826256752014,0.7957826256752014
3437,343.7,344.7,0.9304202795028687,0.9304202795028687
3438,343.8,344.8,0.945073127746582,0.945073127746582
3439,343.9,344.9,0.9775611758232117,0.9775611758232117
3440,344.0,345.0,0.9318943023681641,0.9318943023681641
3441,344.1,345.1,0.9185200929641724,0.9185200929641724
3442,344.2,345.2,0.8942160606384277,0.8942160606384277
3443,344.3,345.3,0.8043137788772583,0.8043137788772583
3444,344.4,345.4,0.7257728576660156,0.7257728576660156
3445,344.5,345.5,0.8116810321807861,0.8116810321807861
3446,344.6,345.6,0.9341452121734619,0.9341452121734619
3447,344.7,345.7,0.9577017426490784,0.9577017426490784
3448,344.8,345.8,0.9745014905929565,0.9745014905929565
3449,344.9,345.9,0.926925003528595,0.926925003528595
3450,345.0,346.0,0.7327544689178467,0.7327544689178467
3451,345.1,346.1,0.7215108275413513,0.7215108275413513
3452,345.2,346.2,0.6323342323303223,0.6323342323303223
3453,345.3,346.3,0.6477312445640564,0.6477312445640564
3454,345.4,346.4,0.89128178358078,0.89128178358078
3455,345.5,346.5,0.6207804083824158,0.6207804083824158
3456,345.6,346.6,0.7273789644241333,0.7273789644241333
3457,345.7,346.7,0.426374226808548,0.426374226808548
3458,345.8,346.8,0.47966933250427246,0.47966933250427246
3459,345.9,346.9,0.5234900116920471,0.5234900116920471
3460,346.0,347.0,0.775669515132904,0.775669515132904
3461,346.1,347.1,0.7052325010299683,0.7052325010299683
3462,346.2,347.2,0.6752384901046753,0.6752384901046753
3463,346.3,347.3,0.6771939992904663,0.6771939992904663
3464,346.4,347.4,0.7510656714439392,0.7510656714439392
3465,346.5,347.5,0.6411182880401611,0.6411182880401611
3466,346.6,347.6,0.5339649319648743,0.5339649319648743
3467,346.7,347.7,0.6617274284362793,0.6617274284362793
3468,346.8,347.8,0.6762691736221313,0.6762691736221313
3469,346.9,347.9,0.8794732689857483,0.8794732689857483
3470,347.0,348.0,0.5983117818832397,0.5983117818832397
3471,347.1,348.1,0.7794409990310669,0.7794409990310669
3472,347.2,348.2,0.606677770614624,0.606677770614624
3473,347.3,348.3,0.6985400915145874,0.6985400915145874
3474,347.4,348.4,0.6012742519378662,0.6012742519378662
3475,347.5,348.5,0.7804930210113525,0.7804930210113525
3476,347.6,348.6,0.575826108455658,0.575826108455658
3477,347.7,348.7,0.9116997718811035,0.9116997718811035
3478,347.8,348.8,0.8877077102661133,0.8877077102661133
3479,347.9,348.9,0.9082694053649902,0.9082694053649902
3480,348.0,349.0,0.7799589037895203,0.7799589037895203
3481,348.1,349.1,0.7448276281356812,0.7448276281356812
3482,348.2,349.2,0.8211023211479187,0.8211023211479187
3483,348.3,349.3,0.897911012172699,0.897911012172699
3484,348.4,349.4,0.9516572952270508,0.9516572952270508
3485,348.5,349.5,0.9869788885116577,0.9869788885116577
3486,348.6,349.6,0.9487918019294739,0.9487918019294739
3487,348.7,349.7,0.7486993074417114,0.7486993074417114
3488,348.8,349.8,0.908107340335846,0.908107340335846
3489,348.9,349.9,0.7631317973136902,0.7631317973136902
3490,349.0,350.0,0.6875820159912109,0.6875820159912109
3491,349.1,350.1,0.6151338219642639,0.6151338219642639
3492,349.2,350.2,0.48297446966171265,0.48297446966171265
3493,349.3,350.3,0.49140146374702454,0.49140146374702454
3494,349.4,350.4,0.3280661106109619,0.3280661106109619
3495,349.5,350.5,0.44169557094573975,0.44169557094573975
3496,349.6,350.6,0.3903162181377411,0.3903162181377411
3497,349.7,350.7,0.4272783696651459,0.4272783696651459
3498,349.8,350.8,0.6234535574913025,0.6234535574913025
3499,349.9,350.9,0.4395730495452881,0.4395730495452881
3500,350.0,351.0,0.509186327457428,0.509186327457428
3501,350.1,351.1,0.3689185380935669,0.3689185380935669
3502,350.2,351.2,0.2781996726989746,0.2781996726989746
3503,350.3,351.3,0.32698366045951843,0.32698366045951843
3504,350.4,351.4,0.2778760492801666,0.2778760492801666
3505,350.5,351.5,0.38103845715522766,0.38103845715522766
3506,350.6,351.6,0.4869389533996582,0.4869389533996582
3507,350.7,351.7,0.45704561471939087,0.45704561471939087
3508,350.8,351.8,0.5536524653434753,0.5536524653434753
3509,350.9,351.9,0.42708057165145874,0.42708057165145874
3510,351.0,352.0,0.24047310650348663,0.24047310650348663
3511,351.1,352.1,0.2940573990345001,0.2940573990345001
3512,351.2,352.2,0.36159050464630127,0.36159050464630127
3513,351.3,352.3,0.44776999950408936,0.44776999950408936
3514,351.4,352.4,0.6438131332397461,0.6438131332397461
3515,351.5,352.5,0.6406645774841309,0.6406645774841309
3516,351.6,352.6,0.5702897906303406,0.5702897906303406
3517,351.7,352.7,0.45371854305267334,0.45371854305267334
3518,351.8,352.8,0.3173444867134094,0.3173444867134094
3519,351.9,352.9,0.3191338777542114,0.3191338777542114
3520,352.0,353.0,0.5236313939094543,0.5236313939094543
3521,352.1,353.1,0.6276184916496277,0.6276184916496277
3522,352.2,353.2,0.6816816329956055,0.6816816329956055
3523,352.3,353.3,0.6431389451026917,0.6431389451026917
3524,352.4,353.4,0.644537627696991,0.644537627696991
3525,352.5,353.5,0.6893202066421509,0.6893202066421509
3526,352.6,353.6,0.4693925380706787,0.4693925380706787
3527,352.7,353.7,0.3968851566314697,0.3968851566314697
3528,352.8,353.8,0.41999951004981995,0.41999951004981995
3529,352.9,353.9,0.6522728800773621,0.6522728800773621
3530,353.0,354.0,0.4093140661716461,0.4093140661716461
3531,353.1,354.1,0.3978472054004669,0.3978472054004669
3532,353.2,354.2,0.6005834341049194,0.6005834341049194
3533,353.3,354.3,0.5939357876777649,0.5939357876777649
3534,353.4,354.4,0.6928628087043762,0.6928628087043762
3535,353.5,354.5,0.6317102313041687,0.6317102313041687
3536,353.6,354.6,0.6200920939445496,0.6200920939445496
3537,353.7,354.7,0.5010187029838562,0.5010187029838562
3538,353.8,354.8,0.3629528880119324,0.3629528880119324
3539,353.9,354.9,0.4417804181575775,0.4417804181575775
3540,354.0,355.0,0.3687654733657837,0.3687654733657837
3541,354.1,355.1,0.43890783190727234,0.43890783190727234
3542,354.2,355.2,0.5574163198471069,0.5574163198471069
3543,354.3,355.3,0.5849745869636536,0.5849745869636536
3544,354.4,355.4,0.7375816106796265,0.7375816106796265
3545,354.5,355.5,0.668718695640564,0.668718695640564
3546,354.6,355.6,0.6355570554733276,0.6355570554733276
3547,354.7,355.7,0.6351284980773926,0.6351284980773926
3548,354.8,355.8,0.6654323935508728,0.6654323935508728
3549,354.9,355.9,0.6648191213607788,0.6648191213607788
3550,355.0,356.0,0.6426915526390076,0.6426915526390076
3551,355.1,356.1,0.6451294422149658,0.6451294422149658
3552,355.2,356.2,0.702591598033905,0.702591598033905
3553,355.3,356.3,0.5541488528251648,0.5541488528251648
3554,355.4,356.4,0.5717642903327942,0.5717642903327942
3555,355.5,356.5,0.4738309383392334,0.4738309383392334
3556,355.6,356.6,0.5167349576950073,0.5167349576950073
3557,355.7,356.7,0.43589842319488525,0.43589842319488525
3558,355.8,356.8,0.38094162940979004,0.38094162940979004
3559,355.9,356.9,0.5310620069503784,0.5310620069503784
3560,356.0,357.0,0.36285173892974854,0.36285173892974854
3561,356.1,357.1,0.706010639667511,0.706010639667511
3562,356.2,357.2,0.7707452774047852,0.7707452774047852
3563,356.3,357.3,0.842841386795044,0.842841386795044
3564,356.4,357.4,0.8605690002441406,0.8605690002441406
3565,356.5,357.5,0.7848225235939026,0.7848225235939026
3566,356.6,357.6,0.8040311932563782,0.8040311932563782
3567,356.7,357.7,0.5868842005729675,0.5868842005729675
3568,356.8,357.8,0.5667153596878052,0.5667153596878052
3569,356.9,357.9,0.575770378112793,0.575770378112793
3570,357.0,358.0,0.545010507106781,0.545010507106781
3571,357.1,358.1,0.44014978408813477,0.44014978408813477
3572,357.2,358.2,0.5392290353775024,0.5392290353775024
3573,357.3,358.3,0.623717188835144,0.623717188835144
3574,357.4,358.4,0.44789695739746094,0.44789695739746094
3575,357.5,358.5,0.8243885636329651,0.8243885636329651
3576,357.6,358.6,0.5282610654830933,0.5282610654830933
3577,357.7,358.7,0.43593043088912964,0.43593043088912964
3578,357.8,358.8,0.4523375332355499,0.4523375332355499
3579,357.9,358.9,0.4476233422756195,0.4476233422756195
3580,358.0,359.0,0.627140462398529,0.627140462398529
3581,358.1,359.1,0.6503105163574219,0.6503105163574219
3582,358.2,359.2,0.8233133554458618,0.8233133554458618
3583,358.3,359.3,0.6142691373825073,0.6142691373825073
3584,358.4,359.4,0.5214072465896606,0.5214072465896606
3585,358.5,359.5,0.4367195665836334,0.4367195665836334
3586,358.6,359.6,0.4804393947124481,0.4804393947124481
3587,358.7,359.7,0.6040785312652588,0.6040785312652588
3588,358.8,359.8,0.656220555305481,0.656220555305481
3589,358.9,359.9,0.600716233253479,0.600716233253479
3590,359.0,360.0,0.5996743440628052,0.5996743440628052
3591,359.1,360.1,0.5207504630088806,0.5207504630088806
3592,359.2,360.2,0.492189884185791,0.492189884185791
3593,359.3,360.3,0.5547366142272949,0.5547366142272949
3594,359.4,360.4,0.38758036494255066,0.38758036494255066
3595,359.5,360.5,0.3580900728702545,0.3580900728702545
3596,359.6,360.6,0.3664710819721222,0.3664710819721222
3597,359.7,360.7,0.3886367976665497,0.3886367976665497
3598,359.8,360.8,0.46263381838798523,0.46263381838798523
3599,359.9,360.9,0.27679985761642456,0.27679985761642456
3600,360.0,361.0,0.2579757273197174,0.2579757273197174
3601,360.1,361.1,0.3943898677825928,0.3943898677825928
3602,360.2,361.2,0.4216524362564087,0.4216524362564087
3603,360.3,361.3,0.32695654034614563,0.32695654034614563
3604,360.4,361.4,0.2766527831554413,0.2766527831554413
3605,360.456,361.456,0.28129005432128906,0.28129005432128906
