filepath,label,source
C:\py\pigsound\pig-sound-classification\data\raw\soundwel\ETHZETHZIsolationIsolationpig151.wav,other,soundwel
C:\py\pigsound\pig-sound-classification\data\raw\soundwel\ETHZETHZIsolationIsolationpig1510.wav,other,soundwel
C:\py\pigsound\pig-sound-classification\data\raw\soundwel\ETHZETHZIsolationIsolationpig1511.wav,other,soundwel
C:\py\pigsound\pig-sound-classification\data\raw\soundwel\ETHZETHZIsolationIsolationpig1512.wav,other,soundwel
C:\py\pigsound\pig-sound-classification\data\raw\soundwel\ETHZETHZIsolationIsolationpig1513.wav,other,soundwel
C:\py\pigsound\pig-sound-classification\data\raw\soundwel\ETHZETHZIsolationIsolationpig1515.wav,other,soundwel
C:\py\pigsound\pig-sound-classification\data\raw\soundwel\ETHZETHZIsolationIsolationpig1516.wav,other,soundwel
C:\py\pigsound\pig-sound-classification\data\raw\soundwel\ETHZETHZIsolationIsolationpig1517.wav,other,soundwel
C:\py\pigsound\pig-sound-classification\data\raw\soundwel\ETHZETHZIsolationIsolationpig1518.wav,other,soundwel
C:\py\pigsound\pig-sound-classification\data\raw\soundwel\ETHZETHZIsolationIsolationpig1520.wav,other,soundwel
C:\py\pigsound\pig-sound-classification\data\raw\soundwel\ETHZETHZIsolationIsolationpig161.wav,other,soundwel
C:\py\pigsound\pig-sound-classification\data\raw\soundwel\ETHZETHZIsolationIsolationpig1610.wav,other,soundwel
C:\py\pigsound\pig-sound-classification\data\raw\soundwel\ETHZETHZIsolationIsolationpig1611.wav,other,soundwel
C:\py\pigsound\pig-sound-classification\data\raw\soundwel\ETHZETHZIsolationIsolationpig1612.wav,other,soundwel
C:\py\pigsound\pig-sound-classification\data\raw\soundwel\ETHZETHZIsolationIsolationpig1613.wav,other,soundwel
C:\py\pigsound\pig-sound-classification\data\raw\soundwel\ETHZETHZIsolationIsolationpig162.wav,other,soundwel
C:\py\pigsound\pig-sound-classification\data\raw\soundwel\ETHZETHZIsolationIsolationpig163.wav,other,soundwel
C:\py\pigsound\pig-sound-classification\data\raw\soundwel\ETHZETHZIsolationIsolationpig164.wav,other,soundwel
C:\py\pigsound\pig-sound-classification\data\raw\soundwel\ETHZETHZIsolationIsolationpig165.wav,other,soundwel
C:\py\pigsound\pig-sound-classification\data\raw\soundwel\ETHZETHZIsolationIsolationpig166.wav,other,soundwel
C:\py\pigsound\pig-sound-classification\data\raw\soundwel\ETHZETHZIsolationIsolationpig1712.wav,other,soundwel
C:\py\pigsound\pig-sound-classification\data\raw\soundwel\ETHZETHZIsolationIsolationpig1714.wav,other,soundwel
C:\py\pigsound\pig-sound-classification\data\raw\soundwel\ETHZETHZIsolationIsolationpig1715.wav,other,soundwel
C:\py\pigsound\pig-sound-classification\data\raw\soundwel\ETHZETHZIsolationIsolationpig1716.wav,other,soundwel
C:\py\pigsound\pig-sound-classification\data\raw\soundwel\ETHZETHZIsolationIsolationpig1717.wav,other,soundwel
C:\py\pigsound\pig-sound-classification\data\raw\soundwel\ETHZETHZIsolationIsolationpig1718.wav,other,soundwel
C:\py\pigsound\pig-sound-classification\data\raw\soundwel\ETHZETHZIsolationIsolationpig1719.wav,other,soundwel
C:\py\pigsound\pig-sound-classification\data\raw\soundwel\ETHZETHZIsolationIsolationpig173.wav,other,soundwel
C:\py\pigsound\pig-sound-classification\data\raw\soundwel\ETHZETHZIsolationIsolationpig174.wav,other,soundwel
C:\py\pigsound\pig-sound-classification\data\raw\soundwel\ETHZETHZIsolationIsolationpig177.wav,other,soundwel
C:\py\pigsound\pig-sound-classification\data\raw\soundwel\ETHZETHZIsolationIsolationpig1813.wav,other,soundwel
C:\py\pigsound\pig-sound-classification\data\raw\soundwel\ETHZETHZIsolationIsolationpig1814.wav,other,soundwel
C:\py\pigsound\pig-sound-classification\data\raw\soundwel\ETHZETHZIsolationIsolationpig1816.wav,other,soundwel
C:\py\pigsound\pig-sound-classification\data\raw\soundwel\ETHZETHZIsolationIsolationpig1817.wav,other,soundwel
C:\py\pigsound\pig-sound-classification\data\raw\soundwel\ETHZETHZIsolationIsolationpig1818.wav,other,soundwel
C:\py\pigsound\pig-sound-classification\data\raw\soundwel\ETHZETHZIsolationIsolationpig1819.wav,other,soundwel
C:\py\pigsound\pig-sound-classification\data\raw\soundwel\ETHZETHZIsolationIsolationpig1820.wav,other,soundwel
C:\py\pigsound\pig-sound-classification\data\raw\soundwel\ETHZETHZIsolationIsolationpig183.wav,other,soundwel
C:\py\pigsound\pig-sound-classification\data\raw\soundwel\ETHZETHZIsolationIsolationpig186.wav,other,soundwel
C:\py\pigsound\pig-sound-classification\data\raw\soundwel\ETHZETHZIsolationIsolationpig1871.wav,other,soundwel
C:\py\pigsound\pig-sound-classification\data\raw\soundwel\ETHZETHZIsolationIsolationpig18714.wav,other,soundwel
C:\py\pigsound\pig-sound-classification\data\raw\soundwel\ETHZETHZIsolationIsolationpig18715.wav,other,soundwel
C:\py\pigsound\pig-sound-classification\data\raw\soundwel\ETHZETHZIsolationIsolationpig18716.wav,other,soundwel
C:\py\pigsound\pig-sound-classification\data\raw\soundwel\ETHZETHZIsolationIsolationpig18717.wav,other,soundwel
C:\py\pigsound\pig-sound-classification\data\raw\soundwel\ETHZETHZIsolationIsolationpig1873.wav,other,soundwel
C:\py\pigsound\pig-sound-classification\data\raw\soundwel\ETHZETHZIsolationIsolationpig1874.wav,other,soundwel
C:\py\pigsound\pig-sound-classification\data\raw\soundwel\ETHZETHZIsolationIsolationpig1875.wav,other,soundwel
C:\py\pigsound\pig-sound-classification\data\raw\soundwel\ETHZETHZIsolationIsolationpig1876.wav,other,soundwel
C:\py\pigsound\pig-sound-classification\data\raw\soundwel\ETHZETHZIsolationIsolationpig1878.wav,other,soundwel
C:\py\pigsound\pig-sound-classification\data\raw\soundwel\ETHZETHZIsolationIsolationpig1911.wav,other,soundwel
C:\py\pigsound\pig-sound-classification\data\raw\soundwel\ETHZETHZIsolationIsolationpig1912.wav,other,soundwel
C:\py\pigsound\pig-sound-classification\data\raw\soundwel\ETHZETHZIsolationIsolationpig1913.wav,other,soundwel
C:\py\pigsound\pig-sound-classification\data\raw\soundwel\ETHZETHZIsolationIsolationpig1914.wav,other,soundwel
C:\py\pigsound\pig-sound-classification\data\raw\soundwel\ETHZETHZIsolationIsolationpig1915.wav,other,soundwel
C:\py\pigsound\pig-sound-classification\data\raw\soundwel\ETHZETHZIsolationIsolationpig1916.wav,other,soundwel
C:\py\pigsound\pig-sound-classification\data\raw\soundwel\ETHZETHZIsolationIsolationpig1917.wav,other,soundwel
C:\py\pigsound\pig-sound-classification\data\raw\soundwel\ETHZETHZIsolationIsolationpig1919.wav,other,soundwel
C:\py\pigsound\pig-sound-classification\data\raw\soundwel\ETHZETHZIsolationIsolationpig193.wav,other,soundwel
C:\py\pigsound\pig-sound-classification\data\raw\soundwel\ETHZETHZIsolationIsolationpig19511.wav,other,soundwel
C:\py\pigsound\pig-sound-classification\data\raw\soundwel\ETHZETHZIsolationIsolationpig19512.wav,other,soundwel
C:\py\pigsound\pig-sound-classification\data\raw\soundwel\ETHZETHZIsolationIsolationpig19516.wav,other,soundwel
C:\py\pigsound\pig-sound-classification\data\raw\soundwel\ETHZETHZIsolationIsolationpig19517.wav,other,soundwel
C:\py\pigsound\pig-sound-classification\data\raw\soundwel\ETHZETHZIsolationIsolationpig19518.wav,other,soundwel
C:\py\pigsound\pig-sound-classification\data\raw\soundwel\ETHZETHZIsolationIsolationpig19519.wav,other,soundwel
C:\py\pigsound\pig-sound-classification\data\raw\soundwel\ETHZETHZIsolationIsolationpig1954.wav,other,soundwel
C:\py\pigsound\pig-sound-classification\data\raw\soundwel\ETHZETHZIsolationIsolationpig1956.wav,other,soundwel
C:\py\pigsound\pig-sound-classification\data\raw\soundwel\ETHZETHZIsolationIsolationpig196.wav,other,soundwel
C:\py\pigsound\pig-sound-classification\data\raw\soundwel\ETHZETHZIsolationIsolationpig201.wav,other,soundwel
C:\py\pigsound\pig-sound-classification\data\raw\soundwel\ETHZETHZIsolationIsolationpig2012.wav,other,soundwel
C:\py\pigsound\pig-sound-classification\data\raw\soundwel\ETHZETHZIsolationIsolationpig2013.wav,other,soundwel
C:\py\pigsound\pig-sound-classification\data\raw\soundwel\ETHZETHZIsolationIsolationpig2014.wav,other,soundwel
C:\py\pigsound\pig-sound-classification\data\raw\soundwel\ETHZETHZIsolationIsolationpig2015.wav,other,soundwel
C:\py\pigsound\pig-sound-classification\data\raw\soundwel\ETHZETHZIsolationIsolationpig2016.wav,other,soundwel
C:\py\pigsound\pig-sound-classification\data\raw\soundwel\ETHZETHZIsolationIsolationpig205.wav,other,soundwel
C:\py\pigsound\pig-sound-classification\data\raw\soundwel\ETHZETHZIsolationIsolationpig206.wav,other,soundwel
C:\py\pigsound\pig-sound-classification\data\raw\soundwel\ETHZETHZIsolationIsolationpig207.wav,other,soundwel
C:\py\pigsound\pig-sound-classification\data\raw\soundwel\ETHZETHZIsolationIsolationpig2114.wav,other,soundwel
C:\py\pigsound\pig-sound-classification\data\raw\soundwel\ETHZETHZIsolationIsolationpig2115.wav,other,soundwel
C:\py\pigsound\pig-sound-classification\data\raw\soundwel\ETHZETHZIsolationIsolationpig2116.wav,other,soundwel
C:\py\pigsound\pig-sound-classification\data\raw\soundwel\ETHZETHZIsolationIsolationpig2117.wav,other,soundwel
C:\py\pigsound\pig-sound-classification\data\raw\soundwel\ETHZETHZIsolationIsolationpig2119.wav,other,soundwel
C:\py\pigsound\pig-sound-classification\data\raw\soundwel\ETHZETHZIsolationIsolationpig213.wav,other,soundwel
C:\py\pigsound\pig-sound-classification\data\raw\soundwel\ETHZETHZIsolationIsolationpig214.wav,other,soundwel
C:\py\pigsound\pig-sound-classification\data\raw\soundwel\ETHZETHZIsolationIsolationpig217.wav,other,soundwel
C:\py\pigsound\pig-sound-classification\data\raw\soundwel\ETHZETHZIsolationIsolationpig218.wav,other,soundwel
C:\py\pigsound\pig-sound-classification\data\raw\soundwel\ETHZETHZIsolationIsolationpig219.wav,other,soundwel
C:\py\pigsound\pig-sound-classification\data\raw\soundwel\ETHZETHZIsolationIsolationpig2210.wav,other,soundwel
C:\py\pigsound\pig-sound-classification\data\raw\soundwel\ETHZETHZIsolationIsolationpig2211.wav,other,soundwel
C:\py\pigsound\pig-sound-classification\data\raw\soundwel\ETHZETHZIsolationIsolationpig2212.wav,other,soundwel
C:\py\pigsound\pig-sound-classification\data\raw\soundwel\ETHZETHZIsolationIsolationpig2213.wav,other,soundwel
C:\py\pigsound\pig-sound-classification\data\raw\soundwel\ETHZETHZIsolationIsolationpig2214.wav,other,soundwel
C:\py\pigsound\pig-sound-classification\data\raw\soundwel\ETHZETHZIsolationIsolationpig2215.wav,other,soundwel
C:\py\pigsound\pig-sound-classification\data\raw\soundwel\ETHZETHZIsolationIsolationpig2216.wav,other,soundwel
C:\py\pigsound\pig-sound-classification\data\raw\soundwel\ETHZETHZIsolationIsolationpig2217.wav,other,soundwel
C:\py\pigsound\pig-sound-classification\data\raw\soundwel\ETHZETHZIsolationIsolationpig2218.wav,other,soundwel
C:\py\pigsound\pig-sound-classification\data\raw\soundwel\ETHZETHZIsolationIsolationpig223.wav,other,soundwel
C:\py\pigsound\pig-sound-classification\data\raw\soundwel\ETHZETHZIsolationIsolationpig2312.wav,other,soundwel
C:\py\pigsound\pig-sound-classification\data\raw\soundwel\ETHZETHZIsolationIsolationpig2313.wav,other,soundwel
C:\py\pigsound\pig-sound-classification\data\raw\soundwel\ETHZETHZIsolationIsolationpig2314.wav,other,soundwel
C:\py\pigsound\pig-sound-classification\data\raw\soundwel\ETHZETHZIsolationIsolationpig2315.wav,other,soundwel
C:\py\pigsound\pig-sound-classification\data\raw\soundwel\ETHZETHZIsolationIsolationpig2316.wav,other,soundwel
C:\py\pigsound\pig-sound-classification\data\raw\soundwel\ETHZETHZIsolationIsolationpig232.wav,other,soundwel
C:\py\pigsound\pig-sound-classification\data\raw\soundwel\ETHZETHZIsolationIsolationpig2320.wav,other,soundwel
C:\py\pigsound\pig-sound-classification\data\raw\soundwel\ETHZETHZIsolationIsolationpig235.wav,other,soundwel
C:\py\pigsound\pig-sound-classification\data\raw\soundwel\ETHZETHZIsolationIsolationpig236.wav,other,soundwel
C:\py\pigsound\pig-sound-classification\data\raw\soundwel\ETHZETHZIsolationIsolationpig238.wav,other,soundwel
C:\py\pigsound\pig-sound-classification\data\raw\soundwel\ETHZETHZIsolationIsolationpig2411.wav,other,soundwel
C:\py\pigsound\pig-sound-classification\data\raw\soundwel\ETHZETHZIsolationIsolationpig2412.wav,other,soundwel
C:\py\pigsound\pig-sound-classification\data\raw\soundwel\ETHZETHZIsolationIsolationpig2414.wav,other,soundwel
C:\py\pigsound\pig-sound-classification\data\raw\soundwel\ETHZETHZIsolationIsolationpig2415.wav,other,soundwel
C:\py\pigsound\pig-sound-classification\data\raw\soundwel\ETHZETHZIsolationIsolationpig2416.wav,other,soundwel
C:\py\pigsound\pig-sound-classification\data\raw\soundwel\ETHZETHZIsolationIsolationpig2417.wav,other,soundwel
C:\py\pigsound\pig-sound-classification\data\raw\soundwel\ETHZETHZIsolationIsolationpig2418.wav,other,soundwel
C:\py\pigsound\pig-sound-classification\data\raw\soundwel\ETHZETHZIsolationIsolationpig244.wav,other,soundwel
C:\py\pigsound\pig-sound-classification\data\raw\soundwel\ETHZETHZIsolationIsolationpig245.wav,other,soundwel
C:\py\pigsound\pig-sound-classification\data\raw\soundwel\ETHZETHZIsolationIsolationpig246.wav,other,soundwel
C:\py\pigsound\pig-sound-classification\data\raw\soundwel\ETHZETHZIsolationIsolationpig2511.wav,other,soundwel
C:\py\pigsound\pig-sound-classification\data\raw\soundwel\ETHZETHZIsolationIsolationpig2512.wav,other,soundwel
C:\py\pigsound\pig-sound-classification\data\raw\soundwel\ETHZETHZIsolationIsolationpig2513.wav,other,soundwel
C:\py\pigsound\pig-sound-classification\data\raw\soundwel\ETHZETHZIsolationIsolationpig2514.wav,other,soundwel
C:\py\pigsound\pig-sound-classification\data\raw\soundwel\ETHZETHZIsolationIsolationpig2516.wav,other,soundwel
C:\py\pigsound\pig-sound-classification\data\raw\soundwel\ETHZETHZIsolationIsolationpig2517.wav,other,soundwel
C:\py\pigsound\pig-sound-classification\data\raw\soundwel\ETHZETHZIsolationIsolationpig254.wav,other,soundwel
C:\py\pigsound\pig-sound-classification\data\raw\soundwel\ETHZETHZIsolationIsolationpig255.wav,other,soundwel
C:\py\pigsound\pig-sound-classification\data\raw\soundwel\ETHZETHZIsolationIsolationpig257.wav,other,soundwel
C:\py\pigsound\pig-sound-classification\data\raw\soundwel\ETHZETHZIsolationIsolationpig259.wav,other,soundwel
C:\py\pigsound\pig-sound-classification\data\raw\soundwel\ETHZETHZIsolationIsolationpig261.wav,other,soundwel
C:\py\pigsound\pig-sound-classification\data\raw\soundwel\ETHZETHZIsolationIsolationpig2610.wav,other,soundwel
C:\py\pigsound\pig-sound-classification\data\raw\soundwel\ETHZETHZIsolationIsolationpig2611.wav,other,soundwel
C:\py\pigsound\pig-sound-classification\data\raw\soundwel\ETHZETHZIsolationIsolationpig2612.wav,other,soundwel
C:\py\pigsound\pig-sound-classification\data\raw\soundwel\ETHZETHZIsolationIsolationpig2614.wav,other,soundwel
C:\py\pigsound\pig-sound-classification\data\raw\soundwel\ETHZETHZIsolationIsolationpig2615.wav,other,soundwel
C:\py\pigsound\pig-sound-classification\data\raw\soundwel\ETHZETHZIsolationIsolationpig2617.wav,other,soundwel
C:\py\pigsound\pig-sound-classification\data\raw\soundwel\ETHZETHZIsolationIsolationpig2618.wav,other,soundwel
C:\py\pigsound\pig-sound-classification\data\raw\soundwel\ETHZETHZIsolationIsolationpig2710.wav,other,soundwel
C:\py\pigsound\pig-sound-classification\data\raw\soundwel\ETHZETHZIsolationIsolationpig2712.wav,other,soundwel
C:\py\pigsound\pig-sound-classification\data\raw\soundwel\ETHZETHZIsolationIsolationpig2713.wav,other,soundwel
C:\py\pigsound\pig-sound-classification\data\raw\soundwel\ETHZETHZIsolationIsolationpig2716.wav,other,soundwel
C:\py\pigsound\pig-sound-classification\data\raw\soundwel\ETHZETHZIsolationIsolationpig2717.wav,other,soundwel
C:\py\pigsound\pig-sound-classification\data\raw\soundwel\ETHZETHZIsolationIsolationpig2718.wav,other,soundwel
C:\py\pigsound\pig-sound-classification\data\raw\soundwel\ETHZETHZIsolationIsolationpig2719.wav,other,soundwel
C:\py\pigsound\pig-sound-classification\data\raw\soundwel\ETHZETHZIsolationIsolationpig2720.wav,other,soundwel
C:\py\pigsound\pig-sound-classification\data\raw\soundwel\ETHZETHZIsolationIsolationpig278.wav,other,soundwel
C:\py\pigsound\pig-sound-classification\data\raw\soundwel\ETHZETHZIsolationIsolationpig279.wav,other,soundwel
C:\py\pigsound\pig-sound-classification\data\raw\soundwel\ETHZETHZIsolationIsolationpig281.wav,other,soundwel
C:\py\pigsound\pig-sound-classification\data\raw\soundwel\ETHZETHZIsolationIsolationpig2813.wav,other,soundwel
C:\py\pigsound\pig-sound-classification\data\raw\soundwel\ETHZETHZIsolationIsolationpig2814.wav,other,soundwel
C:\py\pigsound\pig-sound-classification\data\raw\soundwel\ETHZETHZIsolationIsolationpig2815.wav,other,soundwel
C:\py\pigsound\pig-sound-classification\data\raw\soundwel\ETHZETHZIsolationIsolationpig2817.wav,other,soundwel
C:\py\pigsound\pig-sound-classification\data\raw\soundwel\ETHZETHZIsolationIsolationpig282.wav,other,soundwel
C:\py\pigsound\pig-sound-classification\data\raw\soundwel\ETHZETHZIsolationIsolationpig283.wav,other,soundwel
C:\py\pigsound\pig-sound-classification\data\raw\soundwel\ETHZETHZIsolationIsolationpig286.wav,other,soundwel
C:\py\pigsound\pig-sound-classification\data\raw\soundwel\ETHZETHZIsolationIsolationpig287.wav,other,soundwel
C:\py\pigsound\pig-sound-classification\data\raw\soundwel\ETHZETHZIsolationIsolationpig289.wav,other,soundwel
C:\py\pigsound\pig-sound-classification\data\raw\soundwel\ETHZETHZIsolationIsolationpig291.wav,other,soundwel
C:\py\pigsound\pig-sound-classification\data\raw\soundwel\ETHZETHZIsolationIsolationpig2910.wav,other,soundwel
C:\py\pigsound\pig-sound-classification\data\raw\soundwel\ETHZETHZIsolationIsolationpig2912.wav,other,soundwel
C:\py\pigsound\pig-sound-classification\data\raw\soundwel\ETHZETHZIsolationIsolationpig2913.wav,other,soundwel
C:\py\pigsound\pig-sound-classification\data\raw\soundwel\ETHZETHZIsolationIsolationpig2914.wav,other,soundwel
C:\py\pigsound\pig-sound-classification\data\raw\soundwel\ETHZETHZIsolationIsolationpig2915.wav,other,soundwel
C:\py\pigsound\pig-sound-classification\data\raw\soundwel\ETHZETHZIsolationIsolationpig293.wav,other,soundwel
C:\py\pigsound\pig-sound-classification\data\raw\soundwel\ETHZETHZIsolationIsolationpig294.wav,other,soundwel
C:\py\pigsound\pig-sound-classification\data\raw\soundwel\ETHZETHZIsolationIsolationpig296.wav,other,soundwel
C:\py\pigsound\pig-sound-classification\data\raw\soundwel\ETHZETHZIsolationIsolationpig299.wav,other,soundwel
C:\py\pigsound\pig-sound-classification\data\raw\soundwel\ETHZETHZIsolationIsolationpig3010.wav,other,soundwel
C:\py\pigsound\pig-sound-classification\data\raw\soundwel\ETHZETHZIsolationIsolationpig3011.wav,other,soundwel
C:\py\pigsound\pig-sound-classification\data\raw\soundwel\ETHZETHZIsolationIsolationpig3012.wav,other,soundwel
C:\py\pigsound\pig-sound-classification\data\raw\soundwel\ETHZETHZIsolationIsolationpig3013.wav,other,soundwel
C:\py\pigsound\pig-sound-classification\data\raw\soundwel\ETHZETHZIsolationIsolationpig304.wav,other,soundwel
C:\py\pigsound\pig-sound-classification\data\raw\soundwel\ETHZETHZIsolationIsolationpig305.wav,other,soundwel
C:\py\pigsound\pig-sound-classification\data\raw\soundwel\ETHZETHZIsolationIsolationpig306.wav,other,soundwel
C:\py\pigsound\pig-sound-classification\data\raw\soundwel\ETHZETHZIsolationIsolationpig307.wav,other,soundwel
C:\py\pigsound\pig-sound-classification\data\raw\soundwel\ETHZETHZIsolationIsolationpig309.wav,other,soundwel
C:\py\pigsound\pig-sound-classification\data\raw\soundwel\ETHZETHZIsolationIsolationpig3110.wav,other,soundwel
C:\py\pigsound\pig-sound-classification\data\raw\soundwel\ETHZETHZIsolationIsolationpig3111.wav,other,soundwel
C:\py\pigsound\pig-sound-classification\data\raw\soundwel\ETHZETHZIsolationIsolationpig3112.wav,other,soundwel
C:\py\pigsound\pig-sound-classification\data\raw\soundwel\ETHZETHZIsolationIsolationpig3113.wav,other,soundwel
C:\py\pigsound\pig-sound-classification\data\raw\soundwel\ETHZETHZIsolationIsolationpig3115.wav,other,soundwel
C:\py\pigsound\pig-sound-classification\data\raw\soundwel\ETHZETHZIsolationIsolationpig3116.wav,other,soundwel
C:\py\pigsound\pig-sound-classification\data\raw\soundwel\ETHZETHZIsolationIsolationpig3118.wav,other,soundwel
C:\py\pigsound\pig-sound-classification\data\raw\soundwel\ETHZETHZIsolationIsolationpig312.wav,other,soundwel
C:\py\pigsound\pig-sound-classification\data\raw\soundwel\ETHZETHZIsolationIsolationpig315.wav,other,soundwel
C:\py\pigsound\pig-sound-classification\data\raw\soundwel\ETHZETHZIsolationIsolationpig316.wav,other,soundwel
C:\py\pigsound\pig-sound-classification\data\raw\soundwel\ETHZETHZIsolationIsolationpig3210.wav,other,soundwel
C:\py\pigsound\pig-sound-classification\data\raw\soundwel\ETHZETHZIsolationIsolationpig3211.wav,other,soundwel
C:\py\pigsound\pig-sound-classification\data\raw\soundwel\ETHZETHZIsolationIsolationpig3213.wav,other,soundwel
C:\py\pigsound\pig-sound-classification\data\raw\soundwel\ETHZETHZIsolationIsolationpig3214.wav,other,soundwel
C:\py\pigsound\pig-sound-classification\data\raw\soundwel\ETHZETHZIsolationIsolationpig3215.wav,other,soundwel
C:\py\pigsound\pig-sound-classification\data\raw\soundwel\ETHZETHZIsolationIsolationpig3216.wav,other,soundwel
C:\py\pigsound\pig-sound-classification\data\raw\soundwel\ETHZETHZIsolationIsolationpig322.wav,other,soundwel
C:\py\pigsound\pig-sound-classification\data\raw\soundwel\ETHZETHZIsolationIsolationpig326.wav,other,soundwel
C:\py\pigsound\pig-sound-classification\data\raw\soundwel\ETHZETHZIsolationIsolationpig327.wav,other,soundwel
C:\py\pigsound\pig-sound-classification\data\raw\soundwel\ETHZETHZIsolationIsolationpig328.wav,other,soundwel
C:\py\pigsound\pig-sound-classification\data\raw\soundwel\ETHZETHZIsolationIsolationpig3311.wav,other,soundwel
C:\py\pigsound\pig-sound-classification\data\raw\soundwel\ETHZETHZIsolationIsolationpig3312.wav,other,soundwel
C:\py\pigsound\pig-sound-classification\data\raw\soundwel\ETHZETHZIsolationIsolationpig3314.wav,other,soundwel
C:\py\pigsound\pig-sound-classification\data\raw\soundwel\ETHZETHZIsolationIsolationpig3315.wav,other,soundwel
C:\py\pigsound\pig-sound-classification\data\raw\soundwel\ETHZETHZIsolationIsolationpig3317.wav,other,soundwel
C:\py\pigsound\pig-sound-classification\data\raw\soundwel\ETHZETHZIsolationIsolationpig3318.wav,other,soundwel
C:\py\pigsound\pig-sound-classification\data\raw\soundwel\ETHZETHZIsolationIsolationpig3319.wav,other,soundwel
C:\py\pigsound\pig-sound-classification\data\raw\soundwel\ETHZETHZIsolationIsolationpig332.wav,other,soundwel
C:\py\pigsound\pig-sound-classification\data\raw\soundwel\ETHZETHZIsolationIsolationpig3320.wav,other,soundwel
C:\py\pigsound\pig-sound-classification\data\raw\soundwel\ETHZETHZIsolationIsolationpig333.wav,other,soundwel
C:\py\pigsound\pig-sound-classification\data\raw\soundwel\ETHZETHZIsolationIsolationpig341.wav,other,soundwel
C:\py\pigsound\pig-sound-classification\data\raw\soundwel\ETHZETHZIsolationIsolationpig3410.wav,other,soundwel
C:\py\pigsound\pig-sound-classification\data\raw\soundwel\ETHZETHZIsolationIsolationpig3413.wav,other,soundwel
C:\py\pigsound\pig-sound-classification\data\raw\soundwel\ETHZETHZIsolationIsolationpig343.wav,other,soundwel
C:\py\pigsound\pig-sound-classification\data\raw\soundwel\ETHZETHZIsolationIsolationpig344.wav,other,soundwel
C:\py\pigsound\pig-sound-classification\data\raw\soundwel\ETHZETHZIsolationIsolationpig345.wav,other,soundwel
C:\py\pigsound\pig-sound-classification\data\raw\soundwel\ETHZETHZIsolationIsolationpig346.wav,other,soundwel
C:\py\pigsound\pig-sound-classification\data\raw\soundwel\ETHZETHZIsolationIsolationpig347.wav,other,soundwel
C:\py\pigsound\pig-sound-classification\data\raw\soundwel\ETHZETHZIsolationIsolationpig348.wav,other,soundwel
C:\py\pigsound\pig-sound-classification\data\raw\soundwel\ETHZETHZIsolationIsolationpig349.wav,other,soundwel
C:\py\pigsound\pig-sound-classification\data\raw\soundwel\ETHZETHZIsolationIsolationpig3514.wav,other,soundwel
C:\py\pigsound\pig-sound-classification\data\raw\soundwel\ETHZETHZIsolationIsolationpig3519.wav,other,soundwel
C:\py\pigsound\pig-sound-classification\data\raw\soundwel\ETHZETHZIsolationIsolationpig352.wav,other,soundwel
C:\py\pigsound\pig-sound-classification\data\raw\soundwel\ETHZETHZIsolationIsolationpig3520.wav,other,soundwel
C:\py\pigsound\pig-sound-classification\data\raw\soundwel\ETHZETHZIsolationIsolationpig353.wav,other,soundwel
C:\py\pigsound\pig-sound-classification\data\raw\soundwel\ETHZETHZIsolationIsolationpig354.wav,other,soundwel
C:\py\pigsound\pig-sound-classification\data\raw\soundwel\ETHZETHZIsolationIsolationpig355.wav,other,soundwel
C:\py\pigsound\pig-sound-classification\data\raw\soundwel\ETHZETHZIsolationIsolationpig356.wav,other,soundwel
C:\py\pigsound\pig-sound-classification\data\raw\soundwel\ETHZETHZIsolationIsolationpig357.wav,other,soundwel
C:\py\pigsound\pig-sound-classification\data\raw\soundwel\ETHZETHZIsolationIsolationpig358.wav,other,soundwel
C:\py\pigsound\pig-sound-classification\data\raw\soundwel\ETHZETHZIsolationIsolationpig3610.wav,other,soundwel
C:\py\pigsound\pig-sound-classification\data\raw\soundwel\ETHZETHZIsolationIsolationpig3611.wav,other,soundwel
C:\py\pigsound\pig-sound-classification\data\raw\soundwel\ETHZETHZIsolationIsolationpig3614.wav,other,soundwel
C:\py\pigsound\pig-sound-classification\data\raw\soundwel\ETHZETHZIsolationIsolationpig3616.wav,other,soundwel
C:\py\pigsound\pig-sound-classification\data\raw\soundwel\ETHZETHZIsolationIsolationpig362.wav,other,soundwel
C:\py\pigsound\pig-sound-classification\data\raw\soundwel\ETHZETHZIsolationIsolationpig363.wav,other,soundwel
C:\py\pigsound\pig-sound-classification\data\raw\soundwel\ETHZETHZIsolationIsolationpig364.wav,other,soundwel
C:\py\pigsound\pig-sound-classification\data\raw\soundwel\ETHZETHZIsolationIsolationpig366.wav,other,soundwel
C:\py\pigsound\pig-sound-classification\data\raw\soundwel\ETHZETHZIsolationIsolationpig367.wav,other,soundwel
C:\py\pigsound\pig-sound-classification\data\raw\soundwel\ETHZETHZIsolationIsolationpig369.wav,other,soundwel
C:\py\pigsound\pig-sound-classification\data\raw\soundwel\ETHZETHZIsolationIsolationpig3811.wav,other,soundwel
C:\py\pigsound\pig-sound-classification\data\raw\soundwel\ETHZETHZIsolationIsolationpig3812.wav,other,soundwel
C:\py\pigsound\pig-sound-classification\data\raw\soundwel\ETHZETHZIsolationIsolationpig3813.wav,other,soundwel
C:\py\pigsound\pig-sound-classification\data\raw\soundwel\ETHZETHZIsolationIsolationpig3814.wav,other,soundwel
C:\py\pigsound\pig-sound-classification\data\raw\soundwel\ETHZETHZIsolationIsolationpig3815.wav,other,soundwel
C:\py\pigsound\pig-sound-classification\data\raw\soundwel\ETHZETHZIsolationIsolationpig3816.wav,other,soundwel
C:\py\pigsound\pig-sound-classification\data\raw\soundwel\ETHZETHZIsolationIsolationpig3817.wav,other,soundwel
C:\py\pigsound\pig-sound-classification\data\raw\soundwel\ETHZETHZIsolationIsolationpig387.wav,other,soundwel
C:\py\pigsound\pig-sound-classification\data\raw\soundwel\ETHZETHZIsolationIsolationpig389.wav,other,soundwel
C:\py\pigsound\pig-sound-classification\data\raw\soundwel\ETHZETHZIsolationIsolationpig3912.wav,other,soundwel
C:\py\pigsound\pig-sound-classification\data\raw\soundwel\ETHZETHZIsolationIsolationpig3913.wav,other,soundwel
C:\py\pigsound\pig-sound-classification\data\raw\soundwel\ETHZETHZIsolationIsolationpig3914.wav,other,soundwel
C:\py\pigsound\pig-sound-classification\data\raw\soundwel\ETHZETHZIsolationIsolationpig3915.wav,other,soundwel
C:\py\pigsound\pig-sound-classification\data\raw\soundwel\ETHZETHZIsolationIsolationpig3916.wav,other,soundwel
C:\py\pigsound\pig-sound-classification\data\raw\soundwel\ETHZETHZIsolationIsolationpig3917.wav,other,soundwel
C:\py\pigsound\pig-sound-classification\data\raw\soundwel\ETHZETHZIsolationIsolationpig3918.wav,other,soundwel
C:\py\pigsound\pig-sound-classification\data\raw\soundwel\ETHZETHZIsolationIsolationpig3919.wav,other,soundwel
C:\py\pigsound\pig-sound-classification\data\raw\soundwel\ETHZETHZIsolationIsolationpig395.wav,other,soundwel
C:\py\pigsound\pig-sound-classification\data\raw\soundwel\ETHZETHZIsolationIsolationpig398.wav,other,soundwel
C:\py\pigsound\pig-sound-classification\data\raw\soundwel\ETHZETHZIsolationIsolationpig401.wav,other,soundwel
C:\py\pigsound\pig-sound-classification\data\raw\soundwel\ETHZETHZIsolationIsolationpig4016.wav,other,soundwel
C:\py\pigsound\pig-sound-classification\data\raw\soundwel\ETHZETHZIsolationIsolationpig4017.wav,other,soundwel
C:\py\pigsound\pig-sound-classification\data\raw\soundwel\ETHZETHZIsolationIsolationpig403.wav,other,soundwel
C:\py\pigsound\pig-sound-classification\data\raw\soundwel\ETHZETHZIsolationIsolationpig404.wav,other,soundwel
C:\py\pigsound\pig-sound-classification\data\raw\soundwel\ETHZETHZIsolationIsolationpig406.wav,other,soundwel
C:\py\pigsound\pig-sound-classification\data\raw\soundwel\ETHZETHZIsolationIsolationpig407.wav,other,soundwel
C:\py\pigsound\pig-sound-classification\data\raw\soundwel\ETHZETHZIsolationIsolationpig408.wav,other,soundwel
C:\py\pigsound\pig-sound-classification\data\raw\soundwel\ETHZETHZIsolationIsolationpig4110.wav,other,soundwel
C:\py\pigsound\pig-sound-classification\data\raw\soundwel\ETHZETHZIsolationIsolationpig4111.wav,other,soundwel
C:\py\pigsound\pig-sound-classification\data\raw\soundwel\ETHZETHZIsolationIsolationpig4112.wav,other,soundwel
C:\py\pigsound\pig-sound-classification\data\raw\soundwel\ETHZETHZIsolationIsolationpig4113.wav,other,soundwel
C:\py\pigsound\pig-sound-classification\data\raw\soundwel\ETHZETHZIsolationIsolationpig4115.wav,other,soundwel
C:\py\pigsound\pig-sound-classification\data\raw\soundwel\ETHZETHZIsolationIsolationpig4117.wav,other,soundwel
C:\py\pigsound\pig-sound-classification\data\raw\soundwel\ETHZETHZIsolationIsolationpig4118.wav,other,soundwel
C:\py\pigsound\pig-sound-classification\data\raw\soundwel\ETHZETHZIsolationIsolationpig412.wav,other,soundwel
C:\py\pigsound\pig-sound-classification\data\raw\soundwel\ETHZETHZIsolationIsolationpig413.wav,other,soundwel
C:\py\pigsound\pig-sound-classification\data\raw\soundwel\ETHZETHZIsolationIsolationpig414.wav,other,soundwel
C:\py\pigsound\pig-sound-classification\data\raw\soundwel\ETHZETHZIsolationIsolationpig4211.wav,other,soundwel
C:\py\pigsound\pig-sound-classification\data\raw\soundwel\ETHZETHZIsolationIsolationpig4212.wav,other,soundwel
C:\py\pigsound\pig-sound-classification\data\raw\soundwel\ETHZETHZIsolationIsolationpig4213.wav,other,soundwel
C:\py\pigsound\pig-sound-classification\data\raw\soundwel\ETHZETHZIsolationIsolationpig4214.wav,other,soundwel
C:\py\pigsound\pig-sound-classification\data\raw\soundwel\ETHZETHZIsolationIsolationpig4215.wav,other,soundwel
C:\py\pigsound\pig-sound-classification\data\raw\soundwel\ETHZETHZIsolationIsolationpig423.wav,other,soundwel
C:\py\pigsound\pig-sound-classification\data\raw\soundwel\ETHZETHZIsolationIsolationpig425.wav,other,soundwel
C:\py\pigsound\pig-sound-classification\data\raw\soundwel\ETHZETHZIsolationIsolationpig426.wav,other,soundwel
C:\py\pigsound\pig-sound-classification\data\raw\soundwel\ETHZETHZIsolationIsolationpig427.wav,other,soundwel
C:\py\pigsound\pig-sound-classification\data\raw\soundwel\ETHZETHZIsolationIsolationpig428.wav,other,soundwel
C:\py\pigsound\pig-sound-classification\data\raw\soundwel\ETHZETHZIsolationIsolationpig429.wav,other,soundwel
C:\py\pigsound\pig-sound-classification\data\raw\soundwel\ETHZETHZIsolationIsolationpig431.wav,other,soundwel
C:\py\pigsound\pig-sound-classification\data\raw\soundwel\ETHZETHZIsolationIsolationpig4310.wav,other,soundwel
C:\py\pigsound\pig-sound-classification\data\raw\soundwel\ETHZETHZIsolationIsolationpig4311.wav,other,soundwel
C:\py\pigsound\pig-sound-classification\data\raw\soundwel\ETHZETHZIsolationIsolationpig4312.wav,other,soundwel
C:\py\pigsound\pig-sound-classification\data\raw\soundwel\ETHZETHZIsolationIsolationpig4313.wav,other,soundwel
C:\py\pigsound\pig-sound-classification\data\raw\soundwel\ETHZETHZIsolationIsolationpig4314.wav,other,soundwel
C:\py\pigsound\pig-sound-classification\data\raw\soundwel\ETHZETHZIsolationIsolationpig4315.wav,other,soundwel
C:\py\pigsound\pig-sound-classification\data\raw\soundwel\ETHZETHZIsolationIsolationpig4319.wav,other,soundwel
C:\py\pigsound\pig-sound-classification\data\raw\soundwel\ETHZETHZIsolationIsolationpig432.wav,other,soundwel
C:\py\pigsound\pig-sound-classification\data\raw\soundwel\ETHZETHZIsolationIsolationpig4320.wav,other,soundwel
C:\py\pigsound\pig-sound-classification\data\raw\soundwel\ETHZETHZIsolationIsolationpig4410.wav,other,soundwel
C:\py\pigsound\pig-sound-classification\data\raw\soundwel\ETHZETHZIsolationIsolationpig4415.wav,other,soundwel
C:\py\pigsound\pig-sound-classification\data\raw\soundwel\ETHZETHZIsolationIsolationpig4416.wav,other,soundwel
C:\py\pigsound\pig-sound-classification\data\raw\soundwel\ETHZETHZIsolationIsolationpig4417.wav,other,soundwel
C:\py\pigsound\pig-sound-classification\data\raw\soundwel\ETHZETHZIsolationIsolationpig4419.wav,other,soundwel
C:\py\pigsound\pig-sound-classification\data\raw\soundwel\ETHZETHZIsolationIsolationpig442.wav,other,soundwel
C:\py\pigsound\pig-sound-classification\data\raw\soundwel\ETHZETHZIsolationIsolationpig4420.wav,other,soundwel
C:\py\pigsound\pig-sound-classification\data\raw\soundwel\ETHZETHZIsolationIsolationpig446.wav,other,soundwel
C:\py\pigsound\pig-sound-classification\data\raw\soundwel\ETHZETHZIsolationIsolationpig447.wav,other,soundwel
C:\py\pigsound\pig-sound-classification\data\raw\soundwel\ETHZETHZIsolationIsolationpig449.wav,other,soundwel
C:\py\pigsound\pig-sound-classification\data\raw\soundwel\ETHZETHZIsolationIsolationpigX1.wav,other,soundwel
C:\py\pigsound\pig-sound-classification\data\raw\soundwel\ETHZETHZIsolationIsolationpigX10.wav,other,soundwel
C:\py\pigsound\pig-sound-classification\data\raw\soundwel\ETHZETHZIsolationIsolationpigX11.wav,other,soundwel
C:\py\pigsound\pig-sound-classification\data\raw\soundwel\ETHZETHZIsolationIsolationpigX12.wav,other,soundwel
C:\py\pigsound\pig-sound-classification\data\raw\soundwel\ETHZETHZIsolationIsolationpigX13.wav,other,soundwel
C:\py\pigsound\pig-sound-classification\data\raw\soundwel\ETHZETHZIsolationIsolationpigX2.wav,other,soundwel
C:\py\pigsound\pig-sound-classification\data\raw\soundwel\ETHZETHZIsolationIsolationpigX3.wav,other,soundwel
C:\py\pigsound\pig-sound-classification\data\raw\soundwel\ETHZETHZIsolationIsolationpigX4.wav,other,soundwel
C:\py\pigsound\pig-sound-classification\data\raw\soundwel\ETHZETHZIsolationIsolationpigX5.wav,other,soundwel
C:\py\pigsound\pig-sound-classification\data\raw\soundwel\ETHZETHZIsolationIsolationpigX6.wav,other,soundwel
C:\py\pigsound\pig-sound-classification\data\raw\soundwel\ETHZETHZPositivePositivepig1510.wav,other,soundwel
C:\py\pigsound\pig-sound-classification\data\raw\soundwel\ETHZETHZPositivePositivepig1513.wav,other,soundwel
C:\py\pigsound\pig-sound-classification\data\raw\soundwel\ETHZETHZPositivePositivepig1514.wav,other,soundwel
C:\py\pigsound\pig-sound-classification\data\raw\soundwel\ETHZETHZPositivePositivepig1515.wav,other,soundwel
C:\py\pigsound\pig-sound-classification\data\raw\soundwel\ETHZETHZPositivePositivepig1516.wav,other,soundwel
C:\py\pigsound\pig-sound-classification\data\raw\soundwel\ETHZETHZPositivePositivepig154.wav,other,soundwel
C:\py\pigsound\pig-sound-classification\data\raw\soundwel\ETHZETHZPositivePositivepig157.wav,other,soundwel
C:\py\pigsound\pig-sound-classification\data\raw\soundwel\ETHZETHZPositivePositivepig158.wav,other,soundwel
C:\py\pigsound\pig-sound-classification\data\raw\soundwel\ETHZETHZPositivePositivepig159.wav,other,soundwel
C:\py\pigsound\pig-sound-classification\data\raw\soundwel\ETHZETHZPositivePositivepig1610.wav,other,soundwel
C:\py\pigsound\pig-sound-classification\data\raw\soundwel\ETHZETHZPositivePositivepig1612.wav,other,soundwel
C:\py\pigsound\pig-sound-classification\data\raw\soundwel\ETHZETHZPositivePositivepig1614.wav,other,soundwel
C:\py\pigsound\pig-sound-classification\data\raw\soundwel\ETHZETHZPositivePositivepig1615.wav,other,soundwel
C:\py\pigsound\pig-sound-classification\data\raw\soundwel\ETHZETHZPositivePositivepig1616.wav,other,soundwel
C:\py\pigsound\pig-sound-classification\data\raw\soundwel\ETHZETHZPositivePositivepig1617.wav,other,soundwel
C:\py\pigsound\pig-sound-classification\data\raw\soundwel\ETHZETHZPositivePositivepig1618.wav,other,soundwel
C:\py\pigsound\pig-sound-classification\data\raw\soundwel\ETHZETHZPositivePositivepig1620.wav,other,soundwel
C:\py\pigsound\pig-sound-classification\data\raw\soundwel\ETHZETHZPositivePositivepig168.wav,other,soundwel
C:\py\pigsound\pig-sound-classification\data\raw\soundwel\ETHZETHZPositivePositivepig169.wav,other,soundwel
C:\py\pigsound\pig-sound-classification\data\raw\soundwel\ETHZETHZPositivePositivepig171.wav,other,soundwel
C:\py\pigsound\pig-sound-classification\data\raw\soundwel\ETHZETHZPositivePositivepig172.wav,other,soundwel
C:\py\pigsound\pig-sound-classification\data\raw\soundwel\ETHZETHZPositivePositivepig173.wav,other,soundwel
C:\py\pigsound\pig-sound-classification\data\raw\soundwel\ETHZETHZPositivePositivepig174.wav,other,soundwel
C:\py\pigsound\pig-sound-classification\data\raw\soundwel\ETHZETHZPositivePositivepig175.wav,other,soundwel
C:\py\pigsound\pig-sound-classification\data\raw\soundwel\ETHZETHZPositivePositivepig176.wav,other,soundwel
C:\py\pigsound\pig-sound-classification\data\raw\soundwel\ETHZETHZPositivePositivepig191.wav,other,soundwel
C:\py\pigsound\pig-sound-classification\data\raw\soundwel\ETHZETHZPositivePositivepig192.wav,other,soundwel
C:\py\pigsound\pig-sound-classification\data\raw\soundwel\ETHZETHZPositivePositivepig193.wav,other,soundwel
C:\py\pigsound\pig-sound-classification\data\raw\soundwel\ETHZETHZPositivePositivepig194.wav,other,soundwel
C:\py\pigsound\pig-sound-classification\data\raw\soundwel\ETHZETHZPositivePositivepig195.wav,other,soundwel
C:\py\pigsound\pig-sound-classification\data\raw\soundwel\ETHZETHZPositivePositivepig196.wav,other,soundwel
C:\py\pigsound\pig-sound-classification\data\raw\soundwel\ETHZETHZPositivePositivepig201.wav,other,soundwel
C:\py\pigsound\pig-sound-classification\data\raw\soundwel\ETHZETHZPositivePositivepig2011.wav,other,soundwel
C:\py\pigsound\pig-sound-classification\data\raw\soundwel\ETHZETHZPositivePositivepig2012.wav,other,soundwel
C:\py\pigsound\pig-sound-classification\data\raw\soundwel\ETHZETHZPositivePositivepig2014.wav,other,soundwel
C:\py\pigsound\pig-sound-classification\data\raw\soundwel\ETHZETHZPositivePositivepig2015.wav,other,soundwel
C:\py\pigsound\pig-sound-classification\data\raw\soundwel\ETHZETHZPositivePositivepig206.wav,other,soundwel
C:\py\pigsound\pig-sound-classification\data\raw\soundwel\ETHZETHZPositivePositivepig208.wav,other,soundwel
C:\py\pigsound\pig-sound-classification\data\raw\soundwel\ETHZETHZPositivePositivepig209.wav,other,soundwel
C:\py\pigsound\pig-sound-classification\data\raw\soundwel\ETHZETHZPositivePositivepig2110.wav,other,soundwel
C:\py\pigsound\pig-sound-classification\data\raw\soundwel\ETHZETHZPositivePositivepig2112.wav,other,soundwel
C:\py\pigsound\pig-sound-classification\data\raw\soundwel\ETHZETHZPositivePositivepig2113.wav,other,soundwel
C:\py\pigsound\pig-sound-classification\data\raw\soundwel\ETHZETHZPositivePositivepig212.wav,other,soundwel
C:\py\pigsound\pig-sound-classification\data\raw\soundwel\ETHZETHZPositivePositivepig214.wav,other,soundwel
C:\py\pigsound\pig-sound-classification\data\raw\soundwel\ETHZETHZPositivePositivepig215.wav,other,soundwel
C:\py\pigsound\pig-sound-classification\data\raw\soundwel\ETHZETHZPositivePositivepig216.wav,other,soundwel
C:\py\pigsound\pig-sound-classification\data\raw\soundwel\ETHZETHZPositivePositivepig217.wav,other,soundwel
C:\py\pigsound\pig-sound-classification\data\raw\soundwel\ETHZETHZPositivePositivepig218.wav,other,soundwel
C:\py\pigsound\pig-sound-classification\data\raw\soundwel\ETHZETHZPositivePositivepig219.wav,other,soundwel
C:\py\pigsound\pig-sound-classification\data\raw\soundwel\ETHZETHZPositivePositivepig221.wav,other,soundwel
C:\py\pigsound\pig-sound-classification\data\raw\soundwel\ETHZETHZPositivePositivepig2210.wav,other,soundwel
C:\py\pigsound\pig-sound-classification\data\raw\soundwel\ETHZETHZPositivePositivepig2211.wav,other,soundwel
C:\py\pigsound\pig-sound-classification\data\raw\soundwel\ETHZETHZPositivePositivepig2212.wav,other,soundwel
C:\py\pigsound\pig-sound-classification\data\raw\soundwel\ETHZETHZPositivePositivepig2217.wav,other,soundwel
C:\py\pigsound\pig-sound-classification\data\raw\soundwel\ETHZETHZPositivePositivepig2218.wav,other,soundwel
C:\py\pigsound\pig-sound-classification\data\raw\soundwel\ETHZETHZPositivePositivepig224.wav,other,soundwel
C:\py\pigsound\pig-sound-classification\data\raw\soundwel\ETHZETHZPositivePositivepig225.wav,other,soundwel
C:\py\pigsound\pig-sound-classification\data\raw\soundwel\ETHZETHZPositivePositivepig227.wav,other,soundwel
C:\py\pigsound\pig-sound-classification\data\raw\soundwel\ETHZETHZPositivePositivepig229.wav,other,soundwel
C:\py\pigsound\pig-sound-classification\data\raw\soundwel\ETHZETHZPositivePositivepig231.wav,other,soundwel
C:\py\pigsound\pig-sound-classification\data\raw\soundwel\ETHZETHZPositivePositivepig2315.wav,other,soundwel
C:\py\pigsound\pig-sound-classification\data\raw\soundwel\ETHZETHZPositivePositivepig2316.wav,other,soundwel
C:\py\pigsound\pig-sound-classification\data\raw\soundwel\ETHZETHZPositivePositivepig232.wav,other,soundwel
C:\py\pigsound\pig-sound-classification\data\raw\soundwel\ETHZETHZPositivePositivepig233.wav,other,soundwel
C:\py\pigsound\pig-sound-classification\data\raw\soundwel\ETHZETHZPositivePositivepig235.wav,other,soundwel
C:\py\pigsound\pig-sound-classification\data\raw\soundwel\ETHZETHZPositivePositivepig236.wav,other,soundwel
C:\py\pigsound\pig-sound-classification\data\raw\soundwel\ETHZETHZPositivePositivepig237.wav,other,soundwel
C:\py\pigsound\pig-sound-classification\data\raw\soundwel\ETHZETHZPositivePositivepig238.wav,other,soundwel
C:\py\pigsound\pig-sound-classification\data\raw\soundwel\ETHZETHZPositivePositivepig239.wav,other,soundwel
C:\py\pigsound\pig-sound-classification\data\raw\soundwel\ETHZETHZPositivePositivepig241.wav,other,soundwel
C:\py\pigsound\pig-sound-classification\data\raw\soundwel\ETHZETHZPositivePositivepig2410.wav,other,soundwel
C:\py\pigsound\pig-sound-classification\data\raw\soundwel\ETHZETHZPositivePositivepig2411.wav,other,soundwel
C:\py\pigsound\pig-sound-classification\data\raw\soundwel\ETHZETHZPositivePositivepig2412.wav,other,soundwel
C:\py\pigsound\pig-sound-classification\data\raw\soundwel\ETHZETHZPositivePositivepig2414.wav,other,soundwel
C:\py\pigsound\pig-sound-classification\data\raw\soundwel\ETHZETHZPositivePositivepig2417.wav,other,soundwel
C:\py\pigsound\pig-sound-classification\data\raw\soundwel\ETHZETHZPositivePositivepig2419.wav,other,soundwel
C:\py\pigsound\pig-sound-classification\data\raw\soundwel\ETHZETHZPositivePositivepig242.wav,other,soundwel
C:\py\pigsound\pig-sound-classification\data\raw\soundwel\ETHZETHZPositivePositivepig2420.wav,other,soundwel
C:\py\pigsound\pig-sound-classification\data\raw\soundwel\ETHZETHZPositivePositivepig2421.wav,other,soundwel
C:\py\pigsound\pig-sound-classification\data\raw\soundwel\ETHZETHZPositivePositivepig251.wav,other,soundwel
C:\py\pigsound\pig-sound-classification\data\raw\soundwel\ETHZETHZPositivePositivepig2510.wav,other,soundwel
C:\py\pigsound\pig-sound-classification\data\raw\soundwel\ETHZETHZPositivePositivepig2511.wav,other,soundwel
C:\py\pigsound\pig-sound-classification\data\raw\soundwel\ETHZETHZPositivePositivepig2512.wav,other,soundwel
C:\py\pigsound\pig-sound-classification\data\raw\soundwel\ETHZETHZPositivePositivepig2513.wav,other,soundwel
C:\py\pigsound\pig-sound-classification\data\raw\soundwel\ETHZETHZPositivePositivepig2514.wav,other,soundwel
C:\py\pigsound\pig-sound-classification\data\raw\soundwel\ETHZETHZPositivePositivepig2515.wav,other,soundwel
C:\py\pigsound\pig-sound-classification\data\raw\soundwel\ETHZETHZPositivePositivepig2517.wav,other,soundwel
C:\py\pigsound\pig-sound-classification\data\raw\soundwel\ETHZETHZPositivePositivepig255.wav,other,soundwel
C:\py\pigsound\pig-sound-classification\data\raw\soundwel\ETHZETHZPositivePositivepig257.wav,other,soundwel
C:\py\pigsound\pig-sound-classification\data\raw\soundwel\ETHZETHZPositivePositivepig261.wav,other,soundwel
C:\py\pigsound\pig-sound-classification\data\raw\soundwel\ETHZETHZPositivePositivepig2615.wav,other,soundwel
C:\py\pigsound\pig-sound-classification\data\raw\soundwel\ETHZETHZPositivePositivepig2616.wav,other,soundwel
C:\py\pigsound\pig-sound-classification\data\raw\soundwel\ETHZETHZPositivePositivepig2618.wav,other,soundwel
C:\py\pigsound\pig-sound-classification\data\raw\soundwel\ETHZETHZPositivePositivepig264.wav,other,soundwel
C:\py\pigsound\pig-sound-classification\data\raw\soundwel\ETHZETHZPositivePositivepig265.wav,other,soundwel
C:\py\pigsound\pig-sound-classification\data\raw\soundwel\ETHZETHZPositivePositivepig266.wav,other,soundwel
C:\py\pigsound\pig-sound-classification\data\raw\soundwel\ETHZETHZPositivePositivepig267.wav,other,soundwel
C:\py\pigsound\pig-sound-classification\data\raw\soundwel\ETHZETHZPositivePositivepig268.wav,other,soundwel
C:\py\pigsound\pig-sound-classification\data\raw\soundwel\ETHZETHZPositivePositivepig269.wav,other,soundwel
C:\py\pigsound\pig-sound-classification\data\raw\soundwel\ETHZETHZPositivePositivepig271.wav,other,soundwel
C:\py\pigsound\pig-sound-classification\data\raw\soundwel\ETHZETHZPositivePositivepig272.wav,other,soundwel
C:\py\pigsound\pig-sound-classification\data\raw\soundwel\ETHZETHZPositivePositivepig273.wav,other,soundwel
C:\py\pigsound\pig-sound-classification\data\raw\soundwel\ETHZETHZPositivePositivepig274.wav,other,soundwel
C:\py\pigsound\pig-sound-classification\data\raw\soundwel\ETHZETHZPositivePositivepig275.wav,other,soundwel
C:\py\pigsound\pig-sound-classification\data\raw\soundwel\ETHZETHZPositivePositivepig276.wav,other,soundwel
C:\py\pigsound\pig-sound-classification\data\raw\soundwel\ETHZETHZPositivePositivepig277.wav,other,soundwel
C:\py\pigsound\pig-sound-classification\data\raw\soundwel\ETHZETHZPositivePositivepig2810.wav,other,soundwel
C:\py\pigsound\pig-sound-classification\data\raw\soundwel\ETHZETHZPositivePositivepig2812.wav,other,soundwel
C:\py\pigsound\pig-sound-classification\data\raw\soundwel\ETHZETHZPositivePositivepig2813.wav,other,soundwel
C:\py\pigsound\pig-sound-classification\data\raw\soundwel\ETHZETHZPositivePositivepig2814.wav,other,soundwel
C:\py\pigsound\pig-sound-classification\data\raw\soundwel\ETHZETHZPositivePositivepig2815.wav,other,soundwel
C:\py\pigsound\pig-sound-classification\data\raw\soundwel\ETHZETHZPositivePositivepig2816.wav,other,soundwel
C:\py\pigsound\pig-sound-classification\data\raw\soundwel\ETHZETHZPositivePositivepig2817.wav,other,soundwel
C:\py\pigsound\pig-sound-classification\data\raw\soundwel\ETHZETHZPositivePositivepig283.wav,other,soundwel
C:\py\pigsound\pig-sound-classification\data\raw\soundwel\ETHZETHZPositivePositivepig289.wav,other,soundwel
C:\py\pigsound\pig-sound-classification\data\raw\soundwel\ETHZETHZPositivePositivepig301.wav,other,soundwel
C:\py\pigsound\pig-sound-classification\data\raw\soundwel\ETHZETHZPositivePositivepig3010.wav,other,soundwel
C:\py\pigsound\pig-sound-classification\data\raw\soundwel\ETHZETHZPositivePositivepig3011.wav,other,soundwel
C:\py\pigsound\pig-sound-classification\data\raw\soundwel\ETHZETHZPositivePositivepig3012.wav,other,soundwel
C:\py\pigsound\pig-sound-classification\data\raw\soundwel\ETHZETHZPositivePositivepig3017.wav,other,soundwel
C:\py\pigsound\pig-sound-classification\data\raw\soundwel\ETHZETHZPositivePositivepig302.wav,other,soundwel
C:\py\pigsound\pig-sound-classification\data\raw\soundwel\ETHZETHZPositivePositivepig304.wav,other,soundwel
C:\py\pigsound\pig-sound-classification\data\raw\soundwel\ETHZETHZPositivePositivepig307.wav,other,soundwel
C:\py\pigsound\pig-sound-classification\data\raw\soundwel\ETHZETHZPositivePositivepig3111.wav,other,soundwel
C:\py\pigsound\pig-sound-classification\data\raw\soundwel\ETHZETHZPositivePositivepig3113.wav,other,soundwel
C:\py\pigsound\pig-sound-classification\data\raw\soundwel\ETHZETHZPositivePositivepig3114.wav,other,soundwel
C:\py\pigsound\pig-sound-classification\data\raw\soundwel\ETHZETHZPositivePositivepig3115.wav,other,soundwel
C:\py\pigsound\pig-sound-classification\data\raw\soundwel\ETHZETHZPositivePositivepig3117.wav,other,soundwel
C:\py\pigsound\pig-sound-classification\data\raw\soundwel\ETHZETHZPositivePositivepig3119.wav,other,soundwel
C:\py\pigsound\pig-sound-classification\data\raw\soundwel\ETHZETHZPositivePositivepig315.wav,other,soundwel
C:\py\pigsound\pig-sound-classification\data\raw\soundwel\ETHZETHZPositivePositivepig321.wav,other,soundwel
C:\py\pigsound\pig-sound-classification\data\raw\soundwel\ETHZETHZPositivePositivepig3210.wav,other,soundwel
C:\py\pigsound\pig-sound-classification\data\raw\soundwel\ETHZETHZPositivePositivepig3222.wav,other,soundwel
C:\py\pigsound\pig-sound-classification\data\raw\soundwel\ETHZETHZPositivePositivepig3223.wav,other,soundwel
C:\py\pigsound\pig-sound-classification\data\raw\soundwel\ETHZETHZPositivePositivepig3224.wav,other,soundwel
C:\py\pigsound\pig-sound-classification\data\raw\soundwel\ETHZETHZPositivePositivepig3226.wav,other,soundwel
C:\py\pigsound\pig-sound-classification\data\raw\soundwel\ETHZETHZPositivePositivepig3227.wav,other,soundwel
C:\py\pigsound\pig-sound-classification\data\raw\soundwel\ETHZETHZPositivePositivepig326.wav,other,soundwel
C:\py\pigsound\pig-sound-classification\data\raw\soundwel\ETHZETHZPositivePositivepig327.wav,other,soundwel
C:\py\pigsound\pig-sound-classification\data\raw\soundwel\ETHZETHZPositivePositivepig328.wav,other,soundwel
C:\py\pigsound\pig-sound-classification\data\raw\soundwel\ETHZETHZPositivePositivepig3313.wav,other,soundwel
C:\py\pigsound\pig-sound-classification\data\raw\soundwel\ETHZETHZPositivePositivepig3314.wav,other,soundwel
C:\py\pigsound\pig-sound-classification\data\raw\soundwel\ETHZETHZPositivePositivepig3315.wav,other,soundwel
C:\py\pigsound\pig-sound-classification\data\raw\soundwel\ETHZETHZPositivePositivepig3317.wav,other,soundwel
C:\py\pigsound\pig-sound-classification\data\raw\soundwel\ETHZETHZPositivePositivepig332.wav,other,soundwel
C:\py\pigsound\pig-sound-classification\data\raw\soundwel\ETHZETHZPositivePositivepig3320.wav,other,soundwel
C:\py\pigsound\pig-sound-classification\data\raw\soundwel\ETHZETHZPositivePositivepig3321.wav,other,soundwel
C:\py\pigsound\pig-sound-classification\data\raw\soundwel\ETHZETHZPositivePositivepig3323.wav,other,soundwel
C:\py\pigsound\pig-sound-classification\data\raw\soundwel\ETHZETHZPositivePositivepig3325.wav,other,soundwel
C:\py\pigsound\pig-sound-classification\data\raw\soundwel\ETHZETHZPositivePositivepig336.wav,other,soundwel
C:\py\pigsound\pig-sound-classification\data\raw\soundwel\ETHZETHZPositivePositivepig341.wav,other,soundwel
C:\py\pigsound\pig-sound-classification\data\raw\soundwel\ETHZETHZPositivePositivepig3415.wav,other,soundwel
C:\py\pigsound\pig-sound-classification\data\raw\soundwel\ETHZETHZPositivePositivepig3417.wav,other,soundwel
C:\py\pigsound\pig-sound-classification\data\raw\soundwel\ETHZETHZPositivePositivepig3418.wav,other,soundwel
C:\py\pigsound\pig-sound-classification\data\raw\soundwel\ETHZETHZPositivePositivepig3419.wav,other,soundwel
C:\py\pigsound\pig-sound-classification\data\raw\soundwel\ETHZETHZPositivePositivepig342.wav,other,soundwel
C:\py\pigsound\pig-sound-classification\data\raw\soundwel\ETHZETHZPositivePositivepig3420.wav,other,soundwel
C:\py\pigsound\pig-sound-classification\data\raw\soundwel\ETHZETHZPositivePositivepig3422.wav,other,soundwel
C:\py\pigsound\pig-sound-classification\data\raw\soundwel\ETHZETHZPositivePositivepig343.wav,other,soundwel
C:\py\pigsound\pig-sound-classification\data\raw\soundwel\ETHZETHZPositivePositivepig344.wav,other,soundwel
C:\py\pigsound\pig-sound-classification\data\raw\soundwel\ETHZETHZPositivePositivepig3511.wav,other,soundwel
C:\py\pigsound\pig-sound-classification\data\raw\soundwel\ETHZETHZPositivePositivepig3512.wav,other,soundwel
C:\py\pigsound\pig-sound-classification\data\raw\soundwel\ETHZETHZPositivePositivepig3514.wav,other,soundwel
C:\py\pigsound\pig-sound-classification\data\raw\soundwel\ETHZETHZPositivePositivepig3515.wav,other,soundwel
C:\py\pigsound\pig-sound-classification\data\raw\soundwel\ETHZETHZPositivePositivepig3516.wav,other,soundwel
C:\py\pigsound\pig-sound-classification\data\raw\soundwel\ETHZETHZPositivePositivepig3519.wav,other,soundwel
C:\py\pigsound\pig-sound-classification\data\raw\soundwel\ETHZETHZPositivePositivepig3520.wav,other,soundwel
C:\py\pigsound\pig-sound-classification\data\raw\soundwel\ETHZETHZPositivePositivepig3522.wav,other,soundwel
C:\py\pigsound\pig-sound-classification\data\raw\soundwel\ETHZETHZPositivePositivepig3524.wav,other,soundwel
C:\py\pigsound\pig-sound-classification\data\raw\soundwel\ETHZETHZPositivePositivepig3610.wav,other,soundwel
C:\py\pigsound\pig-sound-classification\data\raw\soundwel\ETHZETHZPositivePositivepig3614.wav,other,soundwel
C:\py\pigsound\pig-sound-classification\data\raw\soundwel\ETHZETHZPositivePositivepig3615.wav,other,soundwel
C:\py\pigsound\pig-sound-classification\data\raw\soundwel\ETHZETHZPositivePositivepig3616.wav,other,soundwel
C:\py\pigsound\pig-sound-classification\data\raw\soundwel\ETHZETHZPositivePositivepig3621.wav,other,soundwel
C:\py\pigsound\pig-sound-classification\data\raw\soundwel\ETHZETHZPositivePositivepig364.wav,other,soundwel
C:\py\pigsound\pig-sound-classification\data\raw\soundwel\ETHZETHZPositivePositivepig366.wav,other,soundwel
C:\py\pigsound\pig-sound-classification\data\raw\soundwel\ETHZETHZPositivePositivepig367.wav,other,soundwel
C:\py\pigsound\pig-sound-classification\data\raw\soundwel\ETHZETHZPositivePositivepig381.wav,other,soundwel
C:\py\pigsound\pig-sound-classification\data\raw\soundwel\ETHZETHZPositivePositivepig382.wav,other,soundwel
C:\py\pigsound\pig-sound-classification\data\raw\soundwel\ETHZETHZPositivePositivepig383.wav,other,soundwel
C:\py\pigsound\pig-sound-classification\data\raw\soundwel\ETHZETHZPositivePositivepig384.wav,other,soundwel
C:\py\pigsound\pig-sound-classification\data\raw\soundwel\ETHZETHZPositivePositivepig387.wav,other,soundwel
C:\py\pigsound\pig-sound-classification\data\raw\soundwel\ETHZETHZPositivePositivepig388.wav,other,soundwel
C:\py\pigsound\pig-sound-classification\data\raw\soundwel\ETHZETHZPositivePositivepig391.wav,other,soundwel
C:\py\pigsound\pig-sound-classification\data\raw\soundwel\ETHZETHZPositivePositivepig3910.wav,other,soundwel
C:\py\pigsound\pig-sound-classification\data\raw\soundwel\ETHZETHZPositivePositivepig394.wav,other,soundwel
C:\py\pigsound\pig-sound-classification\data\raw\soundwel\ETHZETHZPositivePositivepig395.wav,other,soundwel
C:\py\pigsound\pig-sound-classification\data\raw\soundwel\ETHZETHZPositivePositivepig396.wav,other,soundwel
C:\py\pigsound\pig-sound-classification\data\raw\soundwel\ETHZETHZPositivePositivepig397.wav,other,soundwel
C:\py\pigsound\pig-sound-classification\data\raw\soundwel\ETHZETHZPositivePositivepig398.wav,other,soundwel
C:\py\pigsound\pig-sound-classification\data\raw\soundwel\ETHZETHZPositivePositivepig4111.wav,other,soundwel
C:\py\pigsound\pig-sound-classification\data\raw\soundwel\ETHZETHZPositivePositivepig4112.wav,other,soundwel
C:\py\pigsound\pig-sound-classification\data\raw\soundwel\ETHZETHZPositivePositivepig4113.wav,other,soundwel
C:\py\pigsound\pig-sound-classification\data\raw\soundwel\ETHZETHZPositivePositivepig4114.wav,other,soundwel
C:\py\pigsound\pig-sound-classification\data\raw\soundwel\ETHZETHZPositivePositivepig4115.wav,other,soundwel
C:\py\pigsound\pig-sound-classification\data\raw\soundwel\ETHZETHZPositivePositivepig4116.wav,other,soundwel
C:\py\pigsound\pig-sound-classification\data\raw\soundwel\ETHZETHZPositivePositivepig4118.wav,other,soundwel
C:\py\pigsound\pig-sound-classification\data\raw\soundwel\ETHZETHZPositivePositivepig417.wav,other,soundwel
C:\py\pigsound\pig-sound-classification\data\raw\soundwel\ETHZETHZPositivePositivepig418.wav,other,soundwel
C:\py\pigsound\pig-sound-classification\data\raw\soundwel\ETHZETHZPositivePositivepig419.wav,other,soundwel
C:\py\pigsound\pig-sound-classification\data\raw\soundwel\ETHZETHZPositivePositivepig4218.wav,other,soundwel
C:\py\pigsound\pig-sound-classification\data\raw\soundwel\ETHZETHZPositivePositivepig4219.wav,other,soundwel
C:\py\pigsound\pig-sound-classification\data\raw\soundwel\ETHZETHZPositivePositivepig4220.wav,other,soundwel
C:\py\pigsound\pig-sound-classification\data\raw\soundwel\ETHZETHZPositivePositivepig4222.wav,other,soundwel
C:\py\pigsound\pig-sound-classification\data\raw\soundwel\ETHZETHZPositivePositivepig4223.wav,other,soundwel
C:\py\pigsound\pig-sound-classification\data\raw\soundwel\ETHZETHZPositivePositivepig4224.wav,other,soundwel
C:\py\pigsound\pig-sound-classification\data\raw\soundwel\ETHZETHZPositivePositivepig4225.wav,other,soundwel
C:\py\pigsound\pig-sound-classification\data\raw\soundwel\ETHZETHZPositivePositivepig427.wav,other,soundwel
C:\py\pigsound\pig-sound-classification\data\raw\soundwel\ETHZETHZPositivePositivepig428.wav,other,soundwel
C:\py\pigsound\pig-sound-classification\data\raw\soundwel\ETHZETHZPositivePositivepig429.wav,other,soundwel
C:\py\pigsound\pig-sound-classification\data\raw\soundwel\ETHZETHZPositivePositivepig4310.wav,other,soundwel
C:\py\pigsound\pig-sound-classification\data\raw\soundwel\ETHZETHZPositivePositivepig4312.wav,other,soundwel
C:\py\pigsound\pig-sound-classification\data\raw\soundwel\ETHZETHZPositivePositivepig4313.wav,other,soundwel
C:\py\pigsound\pig-sound-classification\data\raw\soundwel\ETHZETHZPositivePositivepig4314.wav,other,soundwel
C:\py\pigsound\pig-sound-classification\data\raw\soundwel\ETHZETHZPositivePositivepig4315.wav,other,soundwel
C:\py\pigsound\pig-sound-classification\data\raw\soundwel\ETHZETHZPositivePositivepig4318.wav,other,soundwel
C:\py\pigsound\pig-sound-classification\data\raw\soundwel\ETHZETHZPositivePositivepig4320.wav,other,soundwel
C:\py\pigsound\pig-sound-classification\data\raw\soundwel\ETHZETHZPositivePositivepig4321.wav,other,soundwel
C:\py\pigsound\pig-sound-classification\data\raw\soundwel\ETHZETHZPositivePositivepig434.wav,other,soundwel
C:\py\pigsound\pig-sound-classification\data\raw\soundwel\ETHZETHZPositivePositivepig435.wav,other,soundwel
C:\py\pigsound\pig-sound-classification\data\raw\soundwel\ETHZETHZPositivePositivepig4414.wav,other,soundwel
C:\py\pigsound\pig-sound-classification\data\raw\soundwel\ETHZETHZPositivePositivepig4415.wav,other,soundwel
C:\py\pigsound\pig-sound-classification\data\raw\soundwel\ETHZETHZPositivePositivepig4416.wav,other,soundwel
C:\py\pigsound\pig-sound-classification\data\raw\soundwel\ETHZETHZPositivePositivepig4417.wav,other,soundwel
C:\py\pigsound\pig-sound-classification\data\raw\soundwel\ETHZETHZPositivePositivepig4419.wav,other,soundwel
C:\py\pigsound\pig-sound-classification\data\raw\soundwel\ETHZETHZPositivePositivepig4422.wav,other,soundwel
C:\py\pigsound\pig-sound-classification\data\raw\soundwel\ETHZETHZPositivePositivepig443.wav,other,soundwel
C:\py\pigsound\pig-sound-classification\data\raw\soundwel\ETHZETHZPositivePositivepig444.wav,other,soundwel
C:\py\pigsound\pig-sound-classification\data\raw\soundwel\ETHZETHZPositivePositivepig445.wav,other,soundwel
C:\py\pigsound\pig-sound-classification\data\raw\soundwel\ETHZETHZPositivePositivepig448.wav,other,soundwel
C:\py\pigsound\pig-sound-classification\data\raw\soundwel\ETHZETHZPositivePositivepigX1.wav,other,soundwel
C:\py\pigsound\pig-sound-classification\data\raw\soundwel\ETHZETHZPositivePositivepigX13.wav,other,soundwel
C:\py\pigsound\pig-sound-classification\data\raw\soundwel\ETHZETHZPositivePositivepigX14.wav,other,soundwel
C:\py\pigsound\pig-sound-classification\data\raw\soundwel\ETHZETHZPositivePositivepigX15.wav,other,soundwel
C:\py\pigsound\pig-sound-classification\data\raw\soundwel\ETHZETHZPositivePositivepigX16.wav,other,soundwel
C:\py\pigsound\pig-sound-classification\data\raw\soundwel\ETHZETHZPositivePositivepigX17.wav,other,soundwel
C:\py\pigsound\pig-sound-classification\data\raw\soundwel\ETHZETHZPositivePositivepigX2.wav,other,soundwel
C:\py\pigsound\pig-sound-classification\data\raw\soundwel\ETHZETHZPositivePositivepigX3.wav,other,soundwel
C:\py\pigsound\pig-sound-classification\data\raw\soundwel\ETHZETHZPositivePositivepigX5.wav,other,soundwel
C:\py\pigsound\pig-sound-classification\data\raw\soundwel\ETHZETHZPositivePositivepigX9.wav,other,soundwel
C:\py\pigsound\pig-sound-classification\data\raw\soundwel\FBNFBNIsolation03032014VT13HFm1.wav,other,soundwel
C:\py\pigsound\pig-sound-classification\data\raw\soundwel\FBNFBNIsolation03032014VT13HFm2.wav,other,soundwel
C:\py\pigsound\pig-sound-classification\data\raw\soundwel\FBNFBNIsolation03032014VT13HFm3.wav,other,soundwel
C:\py\pigsound\pig-sound-classification\data\raw\soundwel\FBNFBNIsolation03032014VT13HFm4.wav,other,soundwel
C:\py\pigsound\pig-sound-classification\data\raw\soundwel\FBNFBNIsolation03032014VT13HFm5.wav,other,soundwel
C:\py\pigsound\pig-sound-classification\data\raw\soundwel\FBNFBNIsolation03032014VT13HFm6.wav,other,soundwel
C:\py\pigsound\pig-sound-classification\data\raw\soundwel\FBNFBNIsolation03032014VT13HFs4.wav,other,soundwel
C:\py\pigsound\pig-sound-classification\data\raw\soundwel\FBNFBNIsolation03032014VT13HFs5.wav,other,soundwel
C:\py\pigsound\pig-sound-classification\data\raw\soundwel\FBNFBNIsolation03032014VT13LFs1.wav,other,soundwel
C:\py\pigsound\pig-sound-classification\data\raw\soundwel\FBNFBNIsolation03032014VT13LFs2.wav,other,soundwel
C:\py\pigsound\pig-sound-classification\data\raw\soundwel\FBNFBNIsolation03032014VT13LFs3.wav,other,soundwel
C:\py\pigsound\pig-sound-classification\data\raw\soundwel\FBNFBNIsolation03032014VT13LFs4.wav,other,soundwel
C:\py\pigsound\pig-sound-classification\data\raw\soundwel\FBNFBNIsolation03032014VT13LFs5.wav,other,soundwel
C:\py\pigsound\pig-sound-classification\data\raw\soundwel\FBNFBNIsolation03032014VT13LFs6.wav,other,soundwel
C:\py\pigsound\pig-sound-classification\data\raw\soundwel\FBNFBNIsolation03032014VT2HFm1.wav,other,soundwel
C:\py\pigsound\pig-sound-classification\data\raw\soundwel\FBNFBNIsolation03032014VT2HFm2.wav,other,soundwel
C:\py\pigsound\pig-sound-classification\data\raw\soundwel\FBNFBNIsolation03032014VT2HFm3.wav,other,soundwel
C:\py\pigsound\pig-sound-classification\data\raw\soundwel\FBNFBNIsolation03032014VT2HFm4.wav,other,soundwel
C:\py\pigsound\pig-sound-classification\data\raw\soundwel\FBNFBNIsolation03032014VT2HFm5.wav,other,soundwel
C:\py\pigsound\pig-sound-classification\data\raw\soundwel\FBNFBNIsolation03032014VT2HFm6.wav,other,soundwel
C:\py\pigsound\pig-sound-classification\data\raw\soundwel\FBNFBNIsolation03032014VT2HFs2.wav,other,soundwel
C:\py\pigsound\pig-sound-classification\data\raw\soundwel\FBNFBNIsolation03032014VT2HFs3.wav,other,soundwel
C:\py\pigsound\pig-sound-classification\data\raw\soundwel\FBNFBNIsolation03032014VT2HFs4.wav,other,soundwel
C:\py\pigsound\pig-sound-classification\data\raw\soundwel\FBNFBNIsolation03032014VT2HFs6.wav,other,soundwel
C:\py\pigsound\pig-sound-classification\data\raw\soundwel\FBNFBNIsolation03032014VT2LFs1.wav,other,soundwel
C:\py\pigsound\pig-sound-classification\data\raw\soundwel\FBNFBNIsolation03032014VT2LFs2.wav,other,soundwel
C:\py\pigsound\pig-sound-classification\data\raw\soundwel\FBNFBNIsolation03032014VT2LFs3.wav,other,soundwel
C:\py\pigsound\pig-sound-classification\data\raw\soundwel\FBNFBNIsolation03032014VT2LFs4.wav,other,soundwel
C:\py\pigsound\pig-sound-classification\data\raw\soundwel\FBNFBNIsolation03032014VT2LFs5.wav,other,soundwel
C:\py\pigsound\pig-sound-classification\data\raw\soundwel\FBNFBNIsolation03032014VT2LFs6.wav,other,soundwel
C:\py\pigsound\pig-sound-classification\data\raw\soundwel\FBNFBNIsolation03032014VT9HFm1.wav,other,soundwel
C:\py\pigsound\pig-sound-classification\data\raw\soundwel\FBNFBNIsolation03032014VT9HFm2.wav,other,soundwel
C:\py\pigsound\pig-sound-classification\data\raw\soundwel\FBNFBNIsolation03032014VT9HFm3.wav,other,soundwel
C:\py\pigsound\pig-sound-classification\data\raw\soundwel\FBNFBNIsolation03032014VT9HFm4.wav,other,soundwel
C:\py\pigsound\pig-sound-classification\data\raw\soundwel\FBNFBNIsolation03032014VT9HFm5.wav,other,soundwel
C:\py\pigsound\pig-sound-classification\data\raw\soundwel\FBNFBNIsolation03032014VT9HFm6.wav,other,soundwel
C:\py\pigsound\pig-sound-classification\data\raw\soundwel\FBNFBNIsolation03032014VT9HFs1.wav,other,soundwel
C:\py\pigsound\pig-sound-classification\data\raw\soundwel\FBNFBNIsolation05052014VT13HFm1.wav,other,soundwel
C:\py\pigsound\pig-sound-classification\data\raw\soundwel\FBNFBNIsolation05052014VT13HFm2.wav,other,soundwel
C:\py\pigsound\pig-sound-classification\data\raw\soundwel\FBNFBNIsolation05052014VT13HFm3.wav,other,soundwel
C:\py\pigsound\pig-sound-classification\data\raw\soundwel\FBNFBNIsolation05052014VT13HFm4.wav,other,soundwel
C:\py\pigsound\pig-sound-classification\data\raw\soundwel\FBNFBNIsolation05052014VT13HFm5.wav,other,soundwel
C:\py\pigsound\pig-sound-classification\data\raw\soundwel\FBNFBNIsolation05052014VT13HFm6.wav,other,soundwel
C:\py\pigsound\pig-sound-classification\data\raw\soundwel\FBNFBNIsolation05052014VT13HFs1.wav,other,soundwel
C:\py\pigsound\pig-sound-classification\data\raw\soundwel\FBNFBNIsolation05052014VT13HFs2.wav,other,soundwel
C:\py\pigsound\pig-sound-classification\data\raw\soundwel\FBNFBNIsolation05052014VT13HFs4.wav,other,soundwel
C:\py\pigsound\pig-sound-classification\data\raw\soundwel\FBNFBNIsolation05052014VT13HFs5.wav,other,soundwel
C:\py\pigsound\pig-sound-classification\data\raw\soundwel\FBNFBNIsolation05052014VT13HFs6.wav,other,soundwel
C:\py\pigsound\pig-sound-classification\data\raw\soundwel\FBNFBNIsolation05052014VT13LFs1.wav,other,soundwel
C:\py\pigsound\pig-sound-classification\data\raw\soundwel\FBNFBNIsolation05052014VT13LFs2.wav,other,soundwel
C:\py\pigsound\pig-sound-classification\data\raw\soundwel\FBNFBNIsolation05052014VT13LFs3.wav,other,soundwel
C:\py\pigsound\pig-sound-classification\data\raw\soundwel\FBNFBNIsolation05052014VT13LFs4.wav,other,soundwel
C:\py\pigsound\pig-sound-classification\data\raw\soundwel\FBNFBNIsolation05052014VT13LFs5.wav,other,soundwel
C:\py\pigsound\pig-sound-classification\data\raw\soundwel\FBNFBNIsolation05052014VT13LFs6.wav,other,soundwel
C:\py\pigsound\pig-sound-classification\data\raw\soundwel\FBNFBNIsolation05052014VT15HFm1.wav,other,soundwel
C:\py\pigsound\pig-sound-classification\data\raw\soundwel\FBNFBNIsolation05052014VT15HFm2.wav,other,soundwel
C:\py\pigsound\pig-sound-classification\data\raw\soundwel\FBNFBNIsolation05052014VT15HFm3.wav,other,soundwel
C:\py\pigsound\pig-sound-classification\data\raw\soundwel\FBNFBNIsolation05052014VT15HFm4.wav,other,soundwel
C:\py\pigsound\pig-sound-classification\data\raw\soundwel\FBNFBNIsolation05052014VT15HFm5.wav,other,soundwel
C:\py\pigsound\pig-sound-classification\data\raw\soundwel\FBNFBNIsolation05052014VT15HFm6.wav,other,soundwel
C:\py\pigsound\pig-sound-classification\data\raw\soundwel\FBNFBNIsolation05052014VT15HFs1.wav,other,soundwel
C:\py\pigsound\pig-sound-classification\data\raw\soundwel\FBNFBNIsolation05052014VT15HFs2.wav,other,soundwel
C:\py\pigsound\pig-sound-classification\data\raw\soundwel\FBNFBNIsolation05052014VT15HFs3.wav,other,soundwel
C:\py\pigsound\pig-sound-classification\data\raw\soundwel\FBNFBNIsolation05052014VT15HFs4.wav,other,soundwel
C:\py\pigsound\pig-sound-classification\data\raw\soundwel\FBNFBNIsolation05052014VT15HFs5.wav,other,soundwel
C:\py\pigsound\pig-sound-classification\data\raw\soundwel\FBNFBNIsolation05052014VT15HFs6.wav,other,soundwel
C:\py\pigsound\pig-sound-classification\data\raw\soundwel\FBNFBNIsolation05052014VT15LFs1.wav,other,soundwel
C:\py\pigsound\pig-sound-classification\data\raw\soundwel\FBNFBNIsolation05052014VT15LFs2.wav,other,soundwel
C:\py\pigsound\pig-sound-classification\data\raw\soundwel\FBNFBNIsolation05052014VT15LFs3.wav,other,soundwel
C:\py\pigsound\pig-sound-classification\data\raw\soundwel\FBNFBNIsolation05052014VT15LFs4.wav,other,soundwel
C:\py\pigsound\pig-sound-classification\data\raw\soundwel\FBNFBNIsolation05052014VT15LFs5.wav,other,soundwel
C:\py\pigsound\pig-sound-classification\data\raw\soundwel\FBNFBNIsolation05052014VT15LFs6.wav,other,soundwel
C:\py\pigsound\pig-sound-classification\data\raw\soundwel\FBNFBNIsolation05052014VT7HFm1.wav,other,soundwel
C:\py\pigsound\pig-sound-classification\data\raw\soundwel\FBNFBNIsolation05052014VT7HFm2.wav,other,soundwel
C:\py\pigsound\pig-sound-classification\data\raw\soundwel\FBNFBNIsolation05052014VT7HFm3.wav,other,soundwel
C:\py\pigsound\pig-sound-classification\data\raw\soundwel\FBNFBNIsolation05052014VT7HFm4.wav,other,soundwel
C:\py\pigsound\pig-sound-classification\data\raw\soundwel\FBNFBNIsolation05052014VT7HFm5.wav,other,soundwel
C:\py\pigsound\pig-sound-classification\data\raw\soundwel\FBNFBNIsolation05052014VT7HFm6.wav,other,soundwel
C:\py\pigsound\pig-sound-classification\data\raw\soundwel\FBNFBNIsolation05052014VT7HFs1.wav,other,soundwel
C:\py\pigsound\pig-sound-classification\data\raw\soundwel\FBNFBNIsolation05052014VT7HFs2.wav,other,soundwel
C:\py\pigsound\pig-sound-classification\data\raw\soundwel\FBNFBNIsolation05052014VT7HFs5.wav,other,soundwel
C:\py\pigsound\pig-sound-classification\data\raw\soundwel\FBNFBNIsolation05052014VT7HFs6.wav,other,soundwel
C:\py\pigsound\pig-sound-classification\data\raw\soundwel\FBNFBNIsolation05052014VT7LFs1.wav,other,soundwel
C:\py\pigsound\pig-sound-classification\data\raw\soundwel\FBNFBNIsolation05052014VT7LFs2.wav,other,soundwel
C:\py\pigsound\pig-sound-classification\data\raw\soundwel\FBNFBNIsolation05052014VT7LFs3.wav,other,soundwel
C:\py\pigsound\pig-sound-classification\data\raw\soundwel\FBNFBNIsolation05052014VT7LFs4.wav,other,soundwel
C:\py\pigsound\pig-sound-classification\data\raw\soundwel\FBNFBNIsolation05052014VT7LFs5.wav,other,soundwel
C:\py\pigsound\pig-sound-classification\data\raw\soundwel\FBNFBNIsolation05052014VT7LFs6.wav,other,soundwel
C:\py\pigsound\pig-sound-classification\data\raw\soundwel\FBNFBNIsolation05052014VT8LFs1.wav,other,soundwel
C:\py\pigsound\pig-sound-classification\data\raw\soundwel\FBNFBNIsolation05052014VT8LFs2.wav,other,soundwel
C:\py\pigsound\pig-sound-classification\data\raw\soundwel\FBNFBNIsolation05052014VT8LFs3.wav,other,soundwel
C:\py\pigsound\pig-sound-classification\data\raw\soundwel\FBNFBNIsolation05052014VT8LFs4.wav,other,soundwel
C:\py\pigsound\pig-sound-classification\data\raw\soundwel\FBNFBNIsolation05052014VT8LFs5.wav,other,soundwel
C:\py\pigsound\pig-sound-classification\data\raw\soundwel\FBNFBNIsolation07072014VT15HFm1.wav,other,soundwel
C:\py\pigsound\pig-sound-classification\data\raw\soundwel\FBNFBNIsolation07072014VT15HFm2.wav,other,soundwel
C:\py\pigsound\pig-sound-classification\data\raw\soundwel\FBNFBNIsolation07072014VT15HFm3.wav,other,soundwel
C:\py\pigsound\pig-sound-classification\data\raw\soundwel\FBNFBNIsolation07072014VT15HFm4.wav,other,soundwel
C:\py\pigsound\pig-sound-classification\data\raw\soundwel\FBNFBNIsolation07072014VT15HFm5.wav,other,soundwel
C:\py\pigsound\pig-sound-classification\data\raw\soundwel\FBNFBNIsolation07072014VT15HFm6.wav,other,soundwel
C:\py\pigsound\pig-sound-classification\data\raw\soundwel\FBNFBNIsolation07072014VT15HFs1.wav,other,soundwel
C:\py\pigsound\pig-sound-classification\data\raw\soundwel\FBNFBNIsolation07072014VT15HFs2.wav,other,soundwel
C:\py\pigsound\pig-sound-classification\data\raw\soundwel\FBNFBNIsolation07072014VT15HFs3.wav,other,soundwel
C:\py\pigsound\pig-sound-classification\data\raw\soundwel\FBNFBNIsolation07072014VT15HFs4.wav,other,soundwel
C:\py\pigsound\pig-sound-classification\data\raw\soundwel\FBNFBNIsolation07072014VT15HFs5.wav,other,soundwel
C:\py\pigsound\pig-sound-classification\data\raw\soundwel\FBNFBNIsolation07072014VT15HFs6.wav,other,soundwel
C:\py\pigsound\pig-sound-classification\data\raw\soundwel\FBNFBNIsolation07072014VT15LFs1.wav,other,soundwel
C:\py\pigsound\pig-sound-classification\data\raw\soundwel\FBNFBNIsolation07072014VT15LFs2.wav,other,soundwel
C:\py\pigsound\pig-sound-classification\data\raw\soundwel\FBNFBNIsolation07072014VT15LFs3.wav,other,soundwel
C:\py\pigsound\pig-sound-classification\data\raw\soundwel\FBNFBNIsolation07072014VT15LFs4.wav,other,soundwel
C:\py\pigsound\pig-sound-classification\data\raw\soundwel\FBNFBNIsolation07072014VT15LFs5.wav,other,soundwel
C:\py\pigsound\pig-sound-classification\data\raw\soundwel\FBNFBNIsolation07072014VT15LFs6.wav,other,soundwel
C:\py\pigsound\pig-sound-classification\data\raw\soundwel\FBNFBNIsolation10022014VT2HFm1.wav,other,soundwel
C:\py\pigsound\pig-sound-classification\data\raw\soundwel\FBNFBNIsolation10022014VT2HFm2.wav,other,soundwel
C:\py\pigsound\pig-sound-classification\data\raw\soundwel\FBNFBNIsolation10022014VT2HFm3.wav,other,soundwel
C:\py\pigsound\pig-sound-classification\data\raw\soundwel\FBNFBNIsolation10022014VT2HFm4.wav,other,soundwel
C:\py\pigsound\pig-sound-classification\data\raw\soundwel\FBNFBNIsolation10022014VT2HFm5.wav,other,soundwel
C:\py\pigsound\pig-sound-classification\data\raw\soundwel\FBNFBNIsolation10022014VT2HFm6.wav,other,soundwel
C:\py\pigsound\pig-sound-classification\data\raw\soundwel\FBNFBNIsolation10022014VT2HFs1.wav,other,soundwel
C:\py\pigsound\pig-sound-classification\data\raw\soundwel\FBNFBNIsolation10022014VT2HFs2.wav,other,soundwel
C:\py\pigsound\pig-sound-classification\data\raw\soundwel\FBNFBNIsolation10022014VT2HFs3.wav,other,soundwel
C:\py\pigsound\pig-sound-classification\data\raw\soundwel\FBNFBNIsolation10022014VT2HFs4.wav,other,soundwel
C:\py\pigsound\pig-sound-classification\data\raw\soundwel\FBNFBNIsolation10022014VT2HFs5.wav,other,soundwel
C:\py\pigsound\pig-sound-classification\data\raw\soundwel\FBNFBNIsolation10022014VT2HFs6.wav,other,soundwel
C:\py\pigsound\pig-sound-classification\data\raw\soundwel\FBNFBNIsolation10022014VT2LFm1.wav,other,soundwel
C:\py\pigsound\pig-sound-classification\data\raw\soundwel\FBNFBNIsolation10022014VT2LFm2.wav,other,soundwel
C:\py\pigsound\pig-sound-classification\data\raw\soundwel\FBNFBNIsolation10022014VT2LFm3.wav,other,soundwel
C:\py\pigsound\pig-sound-classification\data\raw\soundwel\FBNFBNIsolation10022014VT2LFm4.wav,other,soundwel
C:\py\pigsound\pig-sound-classification\data\raw\soundwel\FBNFBNIsolation10022014VT2LFm5.wav,other,soundwel
C:\py\pigsound\pig-sound-classification\data\raw\soundwel\FBNFBNIsolation10022014VT2LFm6.wav,other,soundwel
C:\py\pigsound\pig-sound-classification\data\raw\soundwel\FBNFBNIsolation10022014VT2LFs1.wav,other,soundwel
C:\py\pigsound\pig-sound-classification\data\raw\soundwel\FBNFBNIsolation10022014VT2LFs2.wav,other,soundwel
C:\py\pigsound\pig-sound-classification\data\raw\soundwel\FBNFBNIsolation10022014VT2LFs3.wav,other,soundwel
C:\py\pigsound\pig-sound-classification\data\raw\soundwel\FBNFBNIsolation10022014VT2LFs4.wav,other,soundwel
C:\py\pigsound\pig-sound-classification\data\raw\soundwel\FBNFBNIsolation10022014VT2LFs5.wav,other,soundwel
C:\py\pigsound\pig-sound-classification\data\raw\soundwel\FBNFBNIsolation10022014VT2LFs6.wav,other,soundwel
C:\py\pigsound\pig-sound-classification\data\raw\soundwel\FBNFBNIsolation14042014VT8HFm1.wav,other,soundwel
C:\py\pigsound\pig-sound-classification\data\raw\soundwel\FBNFBNIsolation14042014VT8HFm2.wav,other,soundwel
C:\py\pigsound\pig-sound-classification\data\raw\soundwel\FBNFBNIsolation14042014VT8HFm3.wav,other,soundwel
C:\py\pigsound\pig-sound-classification\data\raw\soundwel\FBNFBNIsolation14042014VT8HFm4.wav,other,soundwel
C:\py\pigsound\pig-sound-classification\data\raw\soundwel\FBNFBNIsolation14042014VT8HFm5.wav,other,soundwel
C:\py\pigsound\pig-sound-classification\data\raw\soundwel\FBNFBNIsolation14042014VT8HFm6.wav,other,soundwel
C:\py\pigsound\pig-sound-classification\data\raw\soundwel\FBNFBNIsolation14042014VT8HFs1.wav,other,soundwel
C:\py\pigsound\pig-sound-classification\data\raw\soundwel\FBNFBNIsolation14042014VT8HFs2.wav,other,soundwel
C:\py\pigsound\pig-sound-classification\data\raw\soundwel\FBNFBNIsolation14042014VT8HFs3.wav,other,soundwel
C:\py\pigsound\pig-sound-classification\data\raw\soundwel\FBNFBNIsolation14042014VT8HFs4.wav,other,soundwel
C:\py\pigsound\pig-sound-classification\data\raw\soundwel\FBNFBNIsolation14042014VT8HFs5.wav,other,soundwel
C:\py\pigsound\pig-sound-classification\data\raw\soundwel\FBNFBNIsolation14042014VT8HFs6.wav,other,soundwel
C:\py\pigsound\pig-sound-classification\data\raw\soundwel\FBNFBNIsolation14042014VT8LFs1.wav,other,soundwel
C:\py\pigsound\pig-sound-classification\data\raw\soundwel\FBNFBNIsolation14042014VT8LFs2.wav,other,soundwel
C:\py\pigsound\pig-sound-classification\data\raw\soundwel\FBNFBNIsolation14042014VT8LFs3.wav,other,soundwel
C:\py\pigsound\pig-sound-classification\data\raw\soundwel\FBNFBNIsolation14042014VT8LFs4.wav,other,soundwel
C:\py\pigsound\pig-sound-classification\data\raw\soundwel\FBNFBNIsolation14042014VT8LFs5.wav,other,soundwel
C:\py\pigsound\pig-sound-classification\data\raw\soundwel\FBNFBNIsolation14042014VT8LFs6.wav,other,soundwel
C:\py\pigsound\pig-sound-classification\data\raw\soundwel\FBNFBNIsolation24032014VT13HFm1.wav,other,soundwel
C:\py\pigsound\pig-sound-classification\data\raw\soundwel\FBNFBNIsolation24032014VT13HFm2.wav,other,soundwel
C:\py\pigsound\pig-sound-classification\data\raw\soundwel\FBNFBNIsolation24032014VT13HFm3.wav,other,soundwel
C:\py\pigsound\pig-sound-classification\data\raw\soundwel\FBNFBNIsolation24032014VT13HFm4.wav,other,soundwel
C:\py\pigsound\pig-sound-classification\data\raw\soundwel\FBNFBNIsolation24032014VT13HFm5.wav,other,soundwel
C:\py\pigsound\pig-sound-classification\data\raw\soundwel\FBNFBNIsolation24032014VT13HFm6.wav,other,soundwel
C:\py\pigsound\pig-sound-classification\data\raw\soundwel\FBNFBNIsolation24032014VT13HFs1.wav,other,soundwel
C:\py\pigsound\pig-sound-classification\data\raw\soundwel\FBNFBNIsolation24032014VT13HFs2.wav,other,soundwel
C:\py\pigsound\pig-sound-classification\data\raw\soundwel\FBNFBNIsolation24032014VT13HFs3.wav,other,soundwel
C:\py\pigsound\pig-sound-classification\data\raw\soundwel\FBNFBNIsolation24032014VT13HFs4.wav,other,soundwel
C:\py\pigsound\pig-sound-classification\data\raw\soundwel\FBNFBNIsolation24032014VT13HFs5.wav,other,soundwel
C:\py\pigsound\pig-sound-classification\data\raw\soundwel\FBNFBNIsolation24032014VT13HFs6.wav,other,soundwel
C:\py\pigsound\pig-sound-classification\data\raw\soundwel\FBNFBNIsolation24032014VT13LFs1.wav,other,soundwel
C:\py\pigsound\pig-sound-classification\data\raw\soundwel\FBNFBNIsolation24032014VT13LFs2.wav,other,soundwel
C:\py\pigsound\pig-sound-classification\data\raw\soundwel\FBNFBNIsolation24032014VT13LFs3.wav,other,soundwel
C:\py\pigsound\pig-sound-classification\data\raw\soundwel\FBNFBNIsolation24032014VT13LFs4.wav,other,soundwel
C:\py\pigsound\pig-sound-classification\data\raw\soundwel\FBNFBNIsolation24032014VT13LFs5.wav,other,soundwel
C:\py\pigsound\pig-sound-classification\data\raw\soundwel\FBNFBNIsolation24032014VT13LFs6.wav,other,soundwel
C:\py\pigsound\pig-sound-classification\data\raw\soundwel\FBNFBNIsolation24032014VT2HFm1.wav,other,soundwel
C:\py\pigsound\pig-sound-classification\data\raw\soundwel\FBNFBNIsolation24032014VT2HFm2.wav,other,soundwel
C:\py\pigsound\pig-sound-classification\data\raw\soundwel\FBNFBNIsolation24032014VT2HFm3.wav,other,soundwel
C:\py\pigsound\pig-sound-classification\data\raw\soundwel\FBNFBNIsolation24032014VT2HFm4.wav,other,soundwel
C:\py\pigsound\pig-sound-classification\data\raw\soundwel\FBNFBNIsolation24032014VT2HFm5.wav,other,soundwel
C:\py\pigsound\pig-sound-classification\data\raw\soundwel\FBNFBNIsolation24032014VT2HFm6.wav,other,soundwel
C:\py\pigsound\pig-sound-classification\data\raw\soundwel\FBNFBNIsolation24032014VT2HFs1.wav,other,soundwel
C:\py\pigsound\pig-sound-classification\data\raw\soundwel\FBNFBNIsolation24032014VT2HFs2.wav,other,soundwel
C:\py\pigsound\pig-sound-classification\data\raw\soundwel\FBNFBNIsolation24032014VT2HFs3.wav,other,soundwel
C:\py\pigsound\pig-sound-classification\data\raw\soundwel\FBNFBNIsolation24032014VT2HFs4.wav,other,soundwel
C:\py\pigsound\pig-sound-classification\data\raw\soundwel\FBNFBNIsolation24032014VT2HFs5.wav,other,soundwel
C:\py\pigsound\pig-sound-classification\data\raw\soundwel\FBNFBNIsolation24032014VT2HFs6.wav,other,soundwel
C:\py\pigsound\pig-sound-classification\data\raw\soundwel\FBNFBNIsolation24032014VT2LFs1.wav,other,soundwel
C:\py\pigsound\pig-sound-classification\data\raw\soundwel\FBNFBNIsolation24032014VT2LFs2.wav,other,soundwel
C:\py\pigsound\pig-sound-classification\data\raw\soundwel\FBNFBNIsolation24032014VT2LFs3.wav,other,soundwel
C:\py\pigsound\pig-sound-classification\data\raw\soundwel\FBNFBNIsolation24032014VT2LFs4.wav,other,soundwel
C:\py\pigsound\pig-sound-classification\data\raw\soundwel\FBNFBNIsolation24032014VT2LFs5.wav,other,soundwel
C:\py\pigsound\pig-sound-classification\data\raw\soundwel\FBNFBNIsolation24032014VT2LFs6.wav,other,soundwel
C:\py\pigsound\pig-sound-classification\data\raw\soundwel\FBNFBNIsolation24032014VT9HFm1.wav,other,soundwel
C:\py\pigsound\pig-sound-classification\data\raw\soundwel\FBNFBNIsolation24032014VT9HFm2.wav,other,soundwel
C:\py\pigsound\pig-sound-classification\data\raw\soundwel\FBNFBNIsolation24032014VT9HFm3.wav,other,soundwel
C:\py\pigsound\pig-sound-classification\data\raw\soundwel\FBNFBNIsolation24032014VT9HFm4.wav,other,soundwel
C:\py\pigsound\pig-sound-classification\data\raw\soundwel\FBNFBNIsolation24032014VT9HFm5.wav,other,soundwel
C:\py\pigsound\pig-sound-classification\data\raw\soundwel\FBNFBNIsolation24032014VT9HFm6.wav,other,soundwel
C:\py\pigsound\pig-sound-classification\data\raw\soundwel\FBNFBNIsolation24032014VT9HFs1.wav,other,soundwel
C:\py\pigsound\pig-sound-classification\data\raw\soundwel\FBNFBNIsolation24032014VT9HFs2.wav,other,soundwel
C:\py\pigsound\pig-sound-classification\data\raw\soundwel\FBNFBNIsolation24032014VT9HFs4.wav,other,soundwel
C:\py\pigsound\pig-sound-classification\data\raw\soundwel\FBNFBNIsolation24032014VT9HFs5.wav,other,soundwel
C:\py\pigsound\pig-sound-classification\data\raw\soundwel\FBNFBNIsolation24032014VT9HFs6.wav,other,soundwel
C:\py\pigsound\pig-sound-classification\data\raw\soundwel\FBNFBNIsolation24032014VT9LFs1.wav,other,soundwel
C:\py\pigsound\pig-sound-classification\data\raw\soundwel\FBNFBNIsolation24032014VT9LFs2.wav,other,soundwel
C:\py\pigsound\pig-sound-classification\data\raw\soundwel\FBNFBNIsolation24032014VT9LFs3.wav,other,soundwel
C:\py\pigsound\pig-sound-classification\data\raw\soundwel\FBNFBNIsolation24032014VT9LFs4.wav,other,soundwel
C:\py\pigsound\pig-sound-classification\data\raw\soundwel\FBNFBNIsolation24032014VT9LFs5.wav,other,soundwel
C:\py\pigsound\pig-sound-classification\data\raw\soundwel\FBNFBNIsolation24032014VT9LFs6.wav,other,soundwel
C:\py\pigsound\pig-sound-classification\data\raw\soundwel\FBNFBNIsolation28072014VT15HFm1.wav,other,soundwel
C:\py\pigsound\pig-sound-classification\data\raw\soundwel\FBNFBNIsolation28072014VT15HFm2.wav,other,soundwel
C:\py\pigsound\pig-sound-classification\data\raw\soundwel\FBNFBNIsolation28072014VT15HFm3.wav,other,soundwel
C:\py\pigsound\pig-sound-classification\data\raw\soundwel\FBNFBNIsolation28072014VT15HFm4.wav,other,soundwel
C:\py\pigsound\pig-sound-classification\data\raw\soundwel\FBNFBNIsolation28072014VT15HFm5.wav,other,soundwel
C:\py\pigsound\pig-sound-classification\data\raw\soundwel\FBNFBNIsolation28072014VT15HFm6.wav,other,soundwel
C:\py\pigsound\pig-sound-classification\data\raw\soundwel\FBNFBNIsolation28072014VT15HFs1.wav,other,soundwel
C:\py\pigsound\pig-sound-classification\data\raw\soundwel\FBNFBNIsolation28072014VT15HFs2.wav,other,soundwel
C:\py\pigsound\pig-sound-classification\data\raw\soundwel\FBNFBNIsolation28072014VT15HFs3.wav,other,soundwel
C:\py\pigsound\pig-sound-classification\data\raw\soundwel\FBNFBNIsolation28072014VT15HFs4.wav,other,soundwel
C:\py\pigsound\pig-sound-classification\data\raw\soundwel\FBNFBNIsolation28072014VT15HFs5.wav,other,soundwel
C:\py\pigsound\pig-sound-classification\data\raw\soundwel\FBNFBNIsolation28072014VT15HFs6.wav,other,soundwel
C:\py\pigsound\pig-sound-classification\data\raw\soundwel\FBNFBNIsolation28072014VT15LFs1.wav,other,soundwel
C:\py\pigsound\pig-sound-classification\data\raw\soundwel\FBNFBNIsolation28072014VT15LFs2.wav,other,soundwel
C:\py\pigsound\pig-sound-classification\data\raw\soundwel\FBNFBNIsolation28072014VT15LFs3.wav,other,soundwel
C:\py\pigsound\pig-sound-classification\data\raw\soundwel\FBNFBNIsolation28072014VT15LFs4.wav,other,soundwel
C:\py\pigsound\pig-sound-classification\data\raw\soundwel\FBNFBNIsolation28072014VT15LFs5.wav,other,soundwel
C:\py\pigsound\pig-sound-classification\data\raw\soundwel\FBNFBNIsolation28072014VT15LFs6.wav,other,soundwel
C:\py\pigsound\pig-sound-classification\data\raw\soundwel\FBNFBNIsolation28072014VT1HFm1.wav,other,soundwel
C:\py\pigsound\pig-sound-classification\data\raw\soundwel\FBNFBNIsolation28072014VT1HFm2.wav,other,soundwel
C:\py\pigsound\pig-sound-classification\data\raw\soundwel\FBNFBNIsolation28072014VT1HFm3.wav,other,soundwel
C:\py\pigsound\pig-sound-classification\data\raw\soundwel\FBNFBNIsolation28072014VT1HFm4.wav,other,soundwel
C:\py\pigsound\pig-sound-classification\data\raw\soundwel\FBNFBNIsolation28072014VT1HFm5.wav,other,soundwel
C:\py\pigsound\pig-sound-classification\data\raw\soundwel\FBNFBNIsolation28072014VT1HFm6.wav,other,soundwel
C:\py\pigsound\pig-sound-classification\data\raw\soundwel\FBNFBNIsolation28072014VT1HFs1.wav,other,soundwel
C:\py\pigsound\pig-sound-classification\data\raw\soundwel\FBNFBNIsolation28072014VT1HFs2.wav,other,soundwel
C:\py\pigsound\pig-sound-classification\data\raw\soundwel\FBNFBNIsolation28072014VT1HFs3.wav,other,soundwel
C:\py\pigsound\pig-sound-classification\data\raw\soundwel\FBNFBNIsolation28072014VT1HFs4.wav,other,soundwel
C:\py\pigsound\pig-sound-classification\data\raw\soundwel\FBNFBNIsolation28072014VT1HFs5.wav,other,soundwel
C:\py\pigsound\pig-sound-classification\data\raw\soundwel\FBNFBNIsolation28072014VT1HFs6.wav,other,soundwel
C:\py\pigsound\pig-sound-classification\data\raw\soundwel\FBNFBNIsolation28072014VT1LFm1.wav,other,soundwel
C:\py\pigsound\pig-sound-classification\data\raw\soundwel\FBNFBNIsolation28072014VT1LFm2.wav,other,soundwel
C:\py\pigsound\pig-sound-classification\data\raw\soundwel\FBNFBNIsolation28072014VT1LFm3.wav,other,soundwel
C:\py\pigsound\pig-sound-classification\data\raw\soundwel\FBNFBNIsolation28072014VT1LFm4.wav,other,soundwel
C:\py\pigsound\pig-sound-classification\data\raw\soundwel\FBNFBNIsolation28072014VT1LFm5.wav,other,soundwel
C:\py\pigsound\pig-sound-classification\data\raw\soundwel\FBNFBNIsolation28072014VT1LFm6.wav,other,soundwel
C:\py\pigsound\pig-sound-classification\data\raw\soundwel\FBNFBNIsolation28072014VT1LFs1.wav,other,soundwel
C:\py\pigsound\pig-sound-classification\data\raw\soundwel\FBNFBNIsolation28072014VT1LFs2.wav,other,soundwel
C:\py\pigsound\pig-sound-classification\data\raw\soundwel\FBNFBNIsolation28072014VT1LFs3.wav,other,soundwel
C:\py\pigsound\pig-sound-classification\data\raw\soundwel\FBNFBNIsolation28072014VT1LFs4.wav,other,soundwel
C:\py\pigsound\pig-sound-classification\data\raw\soundwel\FBNFBNIsolation28072014VT1LFs5.wav,other,soundwel
C:\py\pigsound\pig-sound-classification\data\raw\soundwel\FBNFBNIsolation28072014VT1LFs6.wav,other,soundwel
C:\py\pigsound\pig-sound-classification\data\raw\soundwel\FBNFBNIsolation28072014VT3HFm1.wav,other,soundwel
C:\py\pigsound\pig-sound-classification\data\raw\soundwel\FBNFBNIsolation28072014VT3HFm2.wav,other,soundwel
C:\py\pigsound\pig-sound-classification\data\raw\soundwel\FBNFBNIsolation28072014VT3HFm3.wav,other,soundwel
C:\py\pigsound\pig-sound-classification\data\raw\soundwel\FBNFBNIsolation28072014VT3HFm4.wav,other,soundwel
C:\py\pigsound\pig-sound-classification\data\raw\soundwel\FBNFBNIsolation28072014VT3HFm5.wav,other,soundwel
C:\py\pigsound\pig-sound-classification\data\raw\soundwel\FBNFBNIsolation28072014VT3HFm6.wav,other,soundwel
C:\py\pigsound\pig-sound-classification\data\raw\soundwel\FBNFBNIsolation28072014VT3HFs1.wav,other,soundwel
C:\py\pigsound\pig-sound-classification\data\raw\soundwel\FBNFBNIsolation28072014VT3HFs2.wav,other,soundwel
C:\py\pigsound\pig-sound-classification\data\raw\soundwel\FBNFBNIsolation28072014VT3HFs3.wav,other,soundwel
C:\py\pigsound\pig-sound-classification\data\raw\soundwel\FBNFBNIsolation28072014VT3HFs4.wav,other,soundwel
C:\py\pigsound\pig-sound-classification\data\raw\soundwel\FBNFBNIsolation28072014VT3HFs6.wav,other,soundwel
C:\py\pigsound\pig-sound-classification\data\raw\soundwel\FBNFBNIsolation28072014VT3LFs1.wav,other,soundwel
C:\py\pigsound\pig-sound-classification\data\raw\soundwel\FBNFBNIsolation28072014VT3LFs2.wav,other,soundwel
C:\py\pigsound\pig-sound-classification\data\raw\soundwel\FBNFBNIsolation28072014VT3LFs3.wav,other,soundwel
C:\py\pigsound\pig-sound-classification\data\raw\soundwel\FBNFBNIsolation28072014VT3LFs4.wav,other,soundwel
C:\py\pigsound\pig-sound-classification\data\raw\soundwel\FBNFBNIsolation28072014VT3LFs5.wav,other,soundwel
C:\py\pigsound\pig-sound-classification\data\raw\soundwel\FBNFBNIsolation28072014VT3LFs6.wav,other,soundwel
C:\py\pigsound\pig-sound-classification\data\raw\soundwel\FBNFBNIsolation28072014VT4HFm1.wav,other,soundwel
C:\py\pigsound\pig-sound-classification\data\raw\soundwel\FBNFBNIsolation28072014VT4HFm2.wav,other,soundwel
C:\py\pigsound\pig-sound-classification\data\raw\soundwel\FBNFBNIsolation28072014VT4HFm3.wav,other,soundwel
C:\py\pigsound\pig-sound-classification\data\raw\soundwel\FBNFBNIsolation28072014VT4HFm4.wav,other,soundwel
C:\py\pigsound\pig-sound-classification\data\raw\soundwel\FBNFBNIsolation28072014VT4HFm5.wav,other,soundwel
C:\py\pigsound\pig-sound-classification\data\raw\soundwel\FBNFBNIsolation28072014VT4HFm6.wav,other,soundwel
C:\py\pigsound\pig-sound-classification\data\raw\soundwel\FBNFBNIsolation28072014VT4HFs1.wav,other,soundwel
C:\py\pigsound\pig-sound-classification\data\raw\soundwel\FBNFBNIsolation28072014VT4HFs2.wav,other,soundwel
C:\py\pigsound\pig-sound-classification\data\raw\soundwel\FBNFBNIsolation28072014VT4HFs3.wav,other,soundwel
C:\py\pigsound\pig-sound-classification\data\raw\soundwel\FBNFBNIsolation28072014VT4HFs4.wav,other,soundwel
C:\py\pigsound\pig-sound-classification\data\raw\soundwel\FBNFBNIsolation28072014VT4HFs5.wav,other,soundwel
C:\py\pigsound\pig-sound-classification\data\raw\soundwel\FBNFBNIsolation28072014VT4HFs6.wav,other,soundwel
C:\py\pigsound\pig-sound-classification\data\raw\soundwel\FBNFBNIsolation28072014VT4LFs1.wav,other,soundwel
C:\py\pigsound\pig-sound-classification\data\raw\soundwel\FBNFBNIsolation28072014VT4LFs2.wav,other,soundwel
C:\py\pigsound\pig-sound-classification\data\raw\soundwel\FBNFBNIsolation28072014VT4LFs3.wav,other,soundwel
C:\py\pigsound\pig-sound-classification\data\raw\soundwel\FBNFBNIsolation28072014VT4LFs4.wav,other,soundwel
C:\py\pigsound\pig-sound-classification\data\raw\soundwel\FBNFBNIsolation28072014VT4LFs5.wav,other,soundwel
C:\py\pigsound\pig-sound-classification\data\raw\soundwel\FBNFBNIsolation28072014VT4LFs6.wav,other,soundwel
C:\py\pigsound\pig-sound-classification\data\raw\soundwel\FBNFBNIsolation28072014VT8HFm1.wav,other,soundwel
C:\py\pigsound\pig-sound-classification\data\raw\soundwel\FBNFBNIsolation28072014VT8HFm2.wav,other,soundwel
C:\py\pigsound\pig-sound-classification\data\raw\soundwel\FBNFBNIsolation28072014VT8HFm3.wav,other,soundwel
C:\py\pigsound\pig-sound-classification\data\raw\soundwel\FBNFBNIsolation28072014VT8HFm4.wav,other,soundwel
C:\py\pigsound\pig-sound-classification\data\raw\soundwel\FBNFBNIsolation28072014VT8HFm5.wav,other,soundwel
C:\py\pigsound\pig-sound-classification\data\raw\soundwel\FBNFBNIsolation28072014VT8HFm6.wav,other,soundwel
C:\py\pigsound\pig-sound-classification\data\raw\soundwel\FBNFBNIsolation28072014VT8HFs1.wav,other,soundwel
C:\py\pigsound\pig-sound-classification\data\raw\soundwel\FBNFBNIsolation28072014VT8HFs2.wav,other,soundwel
C:\py\pigsound\pig-sound-classification\data\raw\soundwel\FBNFBNIsolation28072014VT8HFs3.wav,other,soundwel
C:\py\pigsound\pig-sound-classification\data\raw\soundwel\FBNFBNIsolation28072014VT8HFs4.wav,other,soundwel
C:\py\pigsound\pig-sound-classification\data\raw\soundwel\FBNFBNIsolation28072014VT8HFs5.wav,other,soundwel
C:\py\pigsound\pig-sound-classification\data\raw\soundwel\FBNFBNIsolation28072014VT8HFs6.wav,other,soundwel
C:\py\pigsound\pig-sound-classification\data\raw\soundwel\FBNFBNIsolation28072014VT8LFs1.wav,other,soundwel
C:\py\pigsound\pig-sound-classification\data\raw\soundwel\FBNFBNIsolation28072014VT8LFs2.wav,other,soundwel
C:\py\pigsound\pig-sound-classification\data\raw\soundwel\FBNFBNIsolation28072014VT8LFs3.wav,other,soundwel
C:\py\pigsound\pig-sound-classification\data\raw\soundwel\FBNFBNIsolation28072014VT8LFs4.wav,other,soundwel
C:\py\pigsound\pig-sound-classification\data\raw\soundwel\FBNFBNIsolation28072014VT8LFs5.wav,other,soundwel
C:\py\pigsound\pig-sound-classification\data\raw\soundwel\FBNFBNIsolation28072014VT8LFs6.wav,other,soundwel
C:\py\pigsound\pig-sound-classification\data\raw\soundwel\FBNFBNNegativeConditioning03042014VT14LFs1.wav,other,soundwel
C:\py\pigsound\pig-sound-classification\data\raw\soundwel\FBNFBNNegativeConditioning03042014VT14LFs2.wav,other,soundwel
C:\py\pigsound\pig-sound-classification\data\raw\soundwel\FBNFBNNegativeConditioning03042014VT14LFs3.wav,other,soundwel
C:\py\pigsound\pig-sound-classification\data\raw\soundwel\FBNFBNNegativeConditioning03042014VT14LFs4.wav,other,soundwel
C:\py\pigsound\pig-sound-classification\data\raw\soundwel\FBNFBNNegativeConditioning03042014VT14LFs5.wav,other,soundwel
C:\py\pigsound\pig-sound-classification\data\raw\soundwel\FBNFBNNegativeConditioning03042014VT14LFs6.wav,other,soundwel
C:\py\pigsound\pig-sound-classification\data\raw\soundwel\FBNFBNNegativeConditioning03042014VT4LFs1.wav,other,soundwel
C:\py\pigsound\pig-sound-classification\data\raw\soundwel\FBNFBNNegativeConditioning03042014VT4LFs2.wav,other,soundwel
C:\py\pigsound\pig-sound-classification\data\raw\soundwel\FBNFBNNegativeConditioning03042014VT4LFs3.wav,other,soundwel
C:\py\pigsound\pig-sound-classification\data\raw\soundwel\FBNFBNNegativeConditioning03042014VT4LFs4.wav,other,soundwel
C:\py\pigsound\pig-sound-classification\data\raw\soundwel\FBNFBNNegativeConditioning03042014VT4LFs5.wav,other,soundwel
C:\py\pigsound\pig-sound-classification\data\raw\soundwel\FBNFBNNegativeConditioning03042014VT4LFs6.wav,other,soundwel
C:\py\pigsound\pig-sound-classification\data\raw\soundwel\FBNFBNNegativeConditioning03042014VT5LFs1.wav,other,soundwel
C:\py\pigsound\pig-sound-classification\data\raw\soundwel\FBNFBNNegativeConditioning03042014VT5LFs2.wav,other,soundwel
C:\py\pigsound\pig-sound-classification\data\raw\soundwel\FBNFBNNegativeConditioning03042014VT5LFs3.wav,other,soundwel
C:\py\pigsound\pig-sound-classification\data\raw\soundwel\FBNFBNNegativeConditioning03042014VT5LFs4.wav,other,soundwel
C:\py\pigsound\pig-sound-classification\data\raw\soundwel\FBNFBNNegativeConditioning03042014VT5LFs5.wav,other,soundwel
C:\py\pigsound\pig-sound-classification\data\raw\soundwel\FBNFBNNegativeConditioning03042014VT5LFs6.wav,other,soundwel
C:\py\pigsound\pig-sound-classification\data\raw\soundwel\FBNFBNNegativeConditioning07082014VT13LFs1.wav,other,soundwel
C:\py\pigsound\pig-sound-classification\data\raw\soundwel\FBNFBNNegativeConditioning07082014VT13LFs2.wav,other,soundwel
C:\py\pigsound\pig-sound-classification\data\raw\soundwel\FBNFBNNegativeConditioning07082014VT13LFs3.wav,other,soundwel
C:\py\pigsound\pig-sound-classification\data\raw\soundwel\FBNFBNNegativeConditioning07082014VT13LFs4.wav,other,soundwel
C:\py\pigsound\pig-sound-classification\data\raw\soundwel\FBNFBNNegativeConditioning07082014VT13LFs5.wav,other,soundwel
C:\py\pigsound\pig-sound-classification\data\raw\soundwel\FBNFBNNegativeConditioning07082014VT13LFs6.wav,other,soundwel
C:\py\pigsound\pig-sound-classification\data\raw\soundwel\FBNFBNNegativeConditioning07082014VT8LFs1.wav,other,soundwel
C:\py\pigsound\pig-sound-classification\data\raw\soundwel\FBNFBNNegativeConditioning07082014VT8LFs2.wav,other,soundwel
C:\py\pigsound\pig-sound-classification\data\raw\soundwel\FBNFBNNegativeConditioning07082014VT8LFs3.wav,other,soundwel
C:\py\pigsound\pig-sound-classification\data\raw\soundwel\FBNFBNNegativeConditioning07082014VT8LFs4.wav,other,soundwel
C:\py\pigsound\pig-sound-classification\data\raw\soundwel\FBNFBNNegativeConditioning07082014VT8LFs5.wav,other,soundwel
C:\py\pigsound\pig-sound-classification\data\raw\soundwel\FBNFBNNegativeConditioning07082014VT8LFs6.wav,other,soundwel
C:\py\pigsound\pig-sound-classification\data\raw\soundwel\FBNFBNNegativeConditioning13032014VT15LFs1.wav,other,soundwel
C:\py\pigsound\pig-sound-classification\data\raw\soundwel\FBNFBNNegativeConditioning13032014VT15LFs2.wav,other,soundwel
C:\py\pigsound\pig-sound-classification\data\raw\soundwel\FBNFBNNegativeConditioning13032014VT15LFs3.wav,other,soundwel
C:\py\pigsound\pig-sound-classification\data\raw\soundwel\FBNFBNNegativeConditioning13032014VT15LFs4.wav,other,soundwel
C:\py\pigsound\pig-sound-classification\data\raw\soundwel\FBNFBNNegativeConditioning13032014VT15LFs5.wav,other,soundwel
C:\py\pigsound\pig-sound-classification\data\raw\soundwel\FBNFBNNegativeConditioning13032014VT15LFs6.wav,other,soundwel
C:\py\pigsound\pig-sound-classification\data\raw\soundwel\FBNFBNNegativeConditioning13032014VT2LFs1.wav,other,soundwel
C:\py\pigsound\pig-sound-classification\data\raw\soundwel\FBNFBNNegativeConditioning13032014VT2LFs2.wav,other,soundwel
C:\py\pigsound\pig-sound-classification\data\raw\soundwel\FBNFBNNegativeConditioning13032014VT2LFs3.wav,other,soundwel
C:\py\pigsound\pig-sound-classification\data\raw\soundwel\FBNFBNNegativeConditioning13032014VT2LFs4.wav,other,soundwel
C:\py\pigsound\pig-sound-classification\data\raw\soundwel\FBNFBNNegativeConditioning13032014VT2LFs5.wav,other,soundwel
C:\py\pigsound\pig-sound-classification\data\raw\soundwel\FBNFBNNegativeConditioning13032014VT2LFs6.wav,other,soundwel
C:\py\pigsound\pig-sound-classification\data\raw\soundwel\FBNFBNNegativeConditioning13032014VT7LFs1.wav,other,soundwel
C:\py\pigsound\pig-sound-classification\data\raw\soundwel\FBNFBNNegativeConditioning13032014VT7LFs2.wav,other,soundwel
C:\py\pigsound\pig-sound-classification\data\raw\soundwel\FBNFBNNegativeConditioning13032014VT7LFs3.wav,other,soundwel
C:\py\pigsound\pig-sound-classification\data\raw\soundwel\FBNFBNNegativeConditioning13032014VT7LFs4.wav,other,soundwel
C:\py\pigsound\pig-sound-classification\data\raw\soundwel\FBNFBNNegativeConditioning13032014VT7LFs5.wav,other,soundwel
C:\py\pigsound\pig-sound-classification\data\raw\soundwel\FBNFBNNegativeConditioning13032014VT7LFs6.wav,other,soundwel
C:\py\pigsound\pig-sound-classification\data\raw\soundwel\FBNFBNNegativeConditioning15052014VT11LFs1.wav,other,soundwel
C:\py\pigsound\pig-sound-classification\data\raw\soundwel\FBNFBNNegativeConditioning15052014VT11LFs2.wav,other,soundwel
C:\py\pigsound\pig-sound-classification\data\raw\soundwel\FBNFBNNegativeConditioning15052014VT11LFs3.wav,other,soundwel
C:\py\pigsound\pig-sound-classification\data\raw\soundwel\FBNFBNNegativeConditioning15052014VT11LFs4.wav,other,soundwel
C:\py\pigsound\pig-sound-classification\data\raw\soundwel\FBNFBNNegativeConditioning15052014VT11LFs5.wav,other,soundwel
C:\py\pigsound\pig-sound-classification\data\raw\soundwel\FBNFBNNegativeConditioning15052014VT11LFs6.wav,other,soundwel
C:\py\pigsound\pig-sound-classification\data\raw\soundwel\FBNFBNNegativeConditioning15052014VT2LFs1.wav,other,soundwel
C:\py\pigsound\pig-sound-classification\data\raw\soundwel\FBNFBNNegativeConditioning15052014VT2LFs2.wav,other,soundwel
C:\py\pigsound\pig-sound-classification\data\raw\soundwel\FBNFBNNegativeConditioning15052014VT2LFs3.wav,other,soundwel
C:\py\pigsound\pig-sound-classification\data\raw\soundwel\FBNFBNNegativeConditioning15052014VT2LFs4.wav,other,soundwel
C:\py\pigsound\pig-sound-classification\data\raw\soundwel\FBNFBNNegativeConditioning15052014VT2LFs5.wav,other,soundwel
C:\py\pigsound\pig-sound-classification\data\raw\soundwel\FBNFBNNegativeConditioning15052014VT3LFs1.wav,other,soundwel
C:\py\pigsound\pig-sound-classification\data\raw\soundwel\FBNFBNNegativeConditioning15052014VT3LFs2.wav,other,soundwel
C:\py\pigsound\pig-sound-classification\data\raw\soundwel\FBNFBNNegativeConditioning15052014VT3LFs3.wav,other,soundwel
C:\py\pigsound\pig-sound-classification\data\raw\soundwel\FBNFBNNegativeConditioning15052014VT3LFs4.wav,other,soundwel
C:\py\pigsound\pig-sound-classification\data\raw\soundwel\FBNFBNNegativeConditioning15052014VT3LFs5.wav,other,soundwel
C:\py\pigsound\pig-sound-classification\data\raw\soundwel\FBNFBNNegativeConditioning15052014VT3LFs6.wav,other,soundwel
C:\py\pigsound\pig-sound-classification\data\raw\soundwel\FBNFBNNegativeConditioning17072014VT11LFs1.wav,other,soundwel
C:\py\pigsound\pig-sound-classification\data\raw\soundwel\FBNFBNNegativeConditioning17072014VT11LFs2.wav,other,soundwel
C:\py\pigsound\pig-sound-classification\data\raw\soundwel\FBNFBNNegativeConditioning17072014VT11LFs3.wav,other,soundwel
C:\py\pigsound\pig-sound-classification\data\raw\soundwel\FBNFBNNegativeConditioning17072014VT11LFs4.wav,other,soundwel
C:\py\pigsound\pig-sound-classification\data\raw\soundwel\FBNFBNNegativeConditioning17072014VT11LFs5.wav,other,soundwel
C:\py\pigsound\pig-sound-classification\data\raw\soundwel\FBNFBNNegativeConditioning17072014VT11LFs6.wav,other,soundwel
C:\py\pigsound\pig-sound-classification\data\raw\soundwel\FBNFBNNegativeConditioning17072014VT15LFs1.wav,other,soundwel
C:\py\pigsound\pig-sound-classification\data\raw\soundwel\FBNFBNNegativeConditioning17072014VT15LFs2.wav,other,soundwel
C:\py\pigsound\pig-sound-classification\data\raw\soundwel\FBNFBNNegativeConditioning17072014VT15LFs3.wav,other,soundwel
C:\py\pigsound\pig-sound-classification\data\raw\soundwel\FBNFBNNegativeConditioning17072014VT15LFs4.wav,other,soundwel
C:\py\pigsound\pig-sound-classification\data\raw\soundwel\FBNFBNNegativeConditioning17072014VT15LFs5.wav,other,soundwel
C:\py\pigsound\pig-sound-classification\data\raw\soundwel\FBNFBNNegativeConditioning17072014VT15LFs6.wav,other,soundwel
C:\py\pigsound\pig-sound-classification\data\raw\soundwel\FBNFBNNegativeConditioning17072014VT2LFs1.wav,other,soundwel
C:\py\pigsound\pig-sound-classification\data\raw\soundwel\FBNFBNNegativeConditioning17072014VT2LFs2.wav,other,soundwel
C:\py\pigsound\pig-sound-classification\data\raw\soundwel\FBNFBNNegativeConditioning17072014VT2LFs3.wav,other,soundwel
C:\py\pigsound\pig-sound-classification\data\raw\soundwel\FBNFBNNegativeConditioning17072014VT2LFs4.wav,other,soundwel
C:\py\pigsound\pig-sound-classification\data\raw\soundwel\FBNFBNNegativeConditioning17072014VT2LFs5.wav,other,soundwel
C:\py\pigsound\pig-sound-classification\data\raw\soundwel\FBNFBNNegativeConditioning17072014VT2LFs6.wav,other,soundwel
C:\py\pigsound\pig-sound-classification\data\raw\soundwel\FBNFBNNegativeConditioning20022014VT12LFs1.wav,other,soundwel
C:\py\pigsound\pig-sound-classification\data\raw\soundwel\FBNFBNNegativeConditioning20022014VT12LFs2.wav,other,soundwel
C:\py\pigsound\pig-sound-classification\data\raw\soundwel\FBNFBNNegativeConditioning20022014VT12LFs3.wav,other,soundwel
C:\py\pigsound\pig-sound-classification\data\raw\soundwel\FBNFBNNegativeConditioning20022014VT12LFs4.wav,other,soundwel
C:\py\pigsound\pig-sound-classification\data\raw\soundwel\FBNFBNNegativeConditioning20022014VT12LFs5.wav,other,soundwel
C:\py\pigsound\pig-sound-classification\data\raw\soundwel\FBNFBNNegativeConditioning20022014VT12LFs6.wav,other,soundwel
C:\py\pigsound\pig-sound-classification\data\raw\soundwel\FBNFBNNegativeConditioning20022014VT5LFs1.wav,other,soundwel
C:\py\pigsound\pig-sound-classification\data\raw\soundwel\FBNFBNNegativeConditioning20022014VT5LFs2.wav,other,soundwel
C:\py\pigsound\pig-sound-classification\data\raw\soundwel\FBNFBNNegativeConditioning20022014VT5LFs3.wav,other,soundwel
C:\py\pigsound\pig-sound-classification\data\raw\soundwel\FBNFBNNegativeConditioning20022014VT5LFs4.wav,other,soundwel
C:\py\pigsound\pig-sound-classification\data\raw\soundwel\FBNFBNNegativeConditioning20022014VT5LFs5.wav,other,soundwel
C:\py\pigsound\pig-sound-classification\data\raw\soundwel\FBNFBNNegativeConditioning20022014VT5LFs6.wav,other,soundwel
C:\py\pigsound\pig-sound-classification\data\raw\soundwel\FBNFBNNegativeConditioning20022014VT7LFs1.wav,other,soundwel
C:\py\pigsound\pig-sound-classification\data\raw\soundwel\FBNFBNNegativeConditioning20022014VT7LFs2.wav,other,soundwel
C:\py\pigsound\pig-sound-classification\data\raw\soundwel\FBNFBNNegativeConditioning20022014VT7LFs3.wav,other,soundwel
C:\py\pigsound\pig-sound-classification\data\raw\soundwel\FBNFBNNegativeConditioning20022014VT7LFs4.wav,other,soundwel
C:\py\pigsound\pig-sound-classification\data\raw\soundwel\FBNFBNNegativeConditioning20022014VT7LFs5.wav,other,soundwel
C:\py\pigsound\pig-sound-classification\data\raw\soundwel\FBNFBNNegativeConditioning20022014VT7LFs6.wav,other,soundwel
C:\py\pigsound\pig-sound-classification\data\raw\soundwel\FBNFBNNegativeConditioning24042014VT13LFs1.wav,other,soundwel
C:\py\pigsound\pig-sound-classification\data\raw\soundwel\FBNFBNNegativeConditioning24042014VT13LFs2.wav,other,soundwel
C:\py\pigsound\pig-sound-classification\data\raw\soundwel\FBNFBNNegativeConditioning24042014VT13LFs3.wav,other,soundwel
C:\py\pigsound\pig-sound-classification\data\raw\soundwel\FBNFBNNegativeConditioning24042014VT13LFs4.wav,other,soundwel
C:\py\pigsound\pig-sound-classification\data\raw\soundwel\FBNFBNNegativeConditioning24042014VT13LFs5.wav,other,soundwel
C:\py\pigsound\pig-sound-classification\data\raw\soundwel\FBNFBNNegativeConditioning24042014VT13LFs6.wav,other,soundwel
C:\py\pigsound\pig-sound-classification\data\raw\soundwel\FBNFBNNegativeConditioning24042014VT14LFs1.wav,other,soundwel
C:\py\pigsound\pig-sound-classification\data\raw\soundwel\FBNFBNNegativeConditioning24042014VT14LFs2.wav,other,soundwel
C:\py\pigsound\pig-sound-classification\data\raw\soundwel\FBNFBNNegativeConditioning24042014VT14LFs3.wav,other,soundwel
C:\py\pigsound\pig-sound-classification\data\raw\soundwel\FBNFBNNegativeConditioning24042014VT14LFs4.wav,other,soundwel
C:\py\pigsound\pig-sound-classification\data\raw\soundwel\FBNFBNNegativeConditioning24042014VT14LFs5.wav,other,soundwel
C:\py\pigsound\pig-sound-classification\data\raw\soundwel\FBNFBNNegativeConditioning24042014VT14LFs6.wav,other,soundwel
C:\py\pigsound\pig-sound-classification\data\raw\soundwel\FBNFBNNegativeConditioning24042014VT2LFs1.wav,other,soundwel
C:\py\pigsound\pig-sound-classification\data\raw\soundwel\FBNFBNNegativeConditioning24042014VT2LFs2.wav,other,soundwel
C:\py\pigsound\pig-sound-classification\data\raw\soundwel\FBNFBNNegativeConditioning24042014VT2LFs3.wav,other,soundwel
C:\py\pigsound\pig-sound-classification\data\raw\soundwel\FBNFBNNegativeConditioning24042014VT2LFs4.wav,other,soundwel
C:\py\pigsound\pig-sound-classification\data\raw\soundwel\FBNFBNNegativeConditioning24042014VT2LFs5.wav,other,soundwel
C:\py\pigsound\pig-sound-classification\data\raw\soundwel\FBNFBNNegativeConditioning24042014VT2LFs6.wav,other,soundwel
C:\py\pigsound\pig-sound-classification\data\raw\soundwel\FBNFBNNovelObject01052014VT15HFm1.wav,other,soundwel
C:\py\pigsound\pig-sound-classification\data\raw\soundwel\FBNFBNNovelObject01052014VT15HFm2.wav,other,soundwel
C:\py\pigsound\pig-sound-classification\data\raw\soundwel\FBNFBNNovelObject01052014VT15HFm3.wav,other,soundwel
C:\py\pigsound\pig-sound-classification\data\raw\soundwel\FBNFBNNovelObject01052014VT15HFm4.wav,other,soundwel
C:\py\pigsound\pig-sound-classification\data\raw\soundwel\FBNFBNNovelObject01052014VT15HFm5.wav,other,soundwel
C:\py\pigsound\pig-sound-classification\data\raw\soundwel\FBNFBNNovelObject01052014VT15HFm6.wav,other,soundwel
C:\py\pigsound\pig-sound-classification\data\raw\soundwel\FBNFBNNovelObject01052014VT15HFs1.wav,other,soundwel
C:\py\pigsound\pig-sound-classification\data\raw\soundwel\FBNFBNNovelObject01052014VT15HFs2.wav,other,soundwel
C:\py\pigsound\pig-sound-classification\data\raw\soundwel\FBNFBNNovelObject01052014VT15HFs3.wav,other,soundwel
C:\py\pigsound\pig-sound-classification\data\raw\soundwel\FBNFBNNovelObject01052014VT15HFs4.wav,other,soundwel
C:\py\pigsound\pig-sound-classification\data\raw\soundwel\FBNFBNNovelObject01052014VT15HFs5.wav,other,soundwel
C:\py\pigsound\pig-sound-classification\data\raw\soundwel\FBNFBNNovelObject01052014VT15HFs6.wav,other,soundwel
C:\py\pigsound\pig-sound-classification\data\raw\soundwel\FBNFBNNovelObject01052014VT15LFs1.wav,other,soundwel
C:\py\pigsound\pig-sound-classification\data\raw\soundwel\FBNFBNNovelObject01052014VT15LFs2.wav,other,soundwel
C:\py\pigsound\pig-sound-classification\data\raw\soundwel\FBNFBNNovelObject01052014VT15LFs3.wav,other,soundwel
C:\py\pigsound\pig-sound-classification\data\raw\soundwel\FBNFBNNovelObject01052014VT15LFs4.wav,other,soundwel
C:\py\pigsound\pig-sound-classification\data\raw\soundwel\FBNFBNNovelObject01052014VT15LFs5.wav,other,soundwel
C:\py\pigsound\pig-sound-classification\data\raw\soundwel\FBNFBNNovelObject01052014VT15LFs6.wav,other,soundwel
C:\py\pigsound\pig-sound-classification\data\raw\soundwel\FBNFBNNovelObject01052014VT2HFm1.wav,other,soundwel
C:\py\pigsound\pig-sound-classification\data\raw\soundwel\FBNFBNNovelObject01052014VT2HFm2.wav,other,soundwel
C:\py\pigsound\pig-sound-classification\data\raw\soundwel\FBNFBNNovelObject01052014VT2HFm3.wav,other,soundwel
C:\py\pigsound\pig-sound-classification\data\raw\soundwel\FBNFBNNovelObject01052014VT2HFm4.wav,other,soundwel
C:\py\pigsound\pig-sound-classification\data\raw\soundwel\FBNFBNNovelObject01052014VT2HFm5.wav,other,soundwel
C:\py\pigsound\pig-sound-classification\data\raw\soundwel\FBNFBNNovelObject01052014VT2HFm6.wav,other,soundwel
C:\py\pigsound\pig-sound-classification\data\raw\soundwel\FBNFBNNovelObject01052014VT2HFs1.wav,other,soundwel
C:\py\pigsound\pig-sound-classification\data\raw\soundwel\FBNFBNNovelObject01052014VT2HFs2.wav,other,soundwel
C:\py\pigsound\pig-sound-classification\data\raw\soundwel\FBNFBNNovelObject01052014VT2HFs3.wav,other,soundwel
C:\py\pigsound\pig-sound-classification\data\raw\soundwel\FBNFBNNovelObject01052014VT2HFs4.wav,other,soundwel
C:\py\pigsound\pig-sound-classification\data\raw\soundwel\FBNFBNNovelObject01052014VT2HFs5.wav,other,soundwel
C:\py\pigsound\pig-sound-classification\data\raw\soundwel\FBNFBNNovelObject01052014VT2HFs6.wav,other,soundwel
C:\py\pigsound\pig-sound-classification\data\raw\soundwel\FBNFBNNovelObject01052014VT2LFs1.wav,other,soundwel
C:\py\pigsound\pig-sound-classification\data\raw\soundwel\FBNFBNNovelObject01052014VT2LFs2.wav,other,soundwel
C:\py\pigsound\pig-sound-classification\data\raw\soundwel\FBNFBNNovelObject01052014VT2LFs3.wav,other,soundwel
C:\py\pigsound\pig-sound-classification\data\raw\soundwel\FBNFBNNovelObject01052014VT2LFs4.wav,other,soundwel
C:\py\pigsound\pig-sound-classification\data\raw\soundwel\FBNFBNNovelObject01052014VT2LFs5.wav,other,soundwel
C:\py\pigsound\pig-sound-classification\data\raw\soundwel\FBNFBNNovelObject01052014VT2LFs6.wav,other,soundwel
C:\py\pigsound\pig-sound-classification\data\raw\soundwel\FBNFBNNovelObject01052014VT4HFm1.wav,other,soundwel
C:\py\pigsound\pig-sound-classification\data\raw\soundwel\FBNFBNNovelObject01052014VT4HFm2.wav,other,soundwel
C:\py\pigsound\pig-sound-classification\data\raw\soundwel\FBNFBNNovelObject01052014VT4HFm3.wav,other,soundwel
C:\py\pigsound\pig-sound-classification\data\raw\soundwel\FBNFBNNovelObject01052014VT4HFm4.wav,other,soundwel
C:\py\pigsound\pig-sound-classification\data\raw\soundwel\FBNFBNNovelObject01052014VT4HFm5.wav,other,soundwel
C:\py\pigsound\pig-sound-classification\data\raw\soundwel\FBNFBNNovelObject01052014VT4HFm6.wav,other,soundwel
C:\py\pigsound\pig-sound-classification\data\raw\soundwel\FBNFBNNovelObject01052014VT4HFs1.wav,other,soundwel
C:\py\pigsound\pig-sound-classification\data\raw\soundwel\FBNFBNNovelObject01052014VT4HFs2.wav,other,soundwel
C:\py\pigsound\pig-sound-classification\data\raw\soundwel\FBNFBNNovelObject01052014VT4HFs3.wav,other,soundwel
C:\py\pigsound\pig-sound-classification\data\raw\soundwel\FBNFBNNovelObject01052014VT4HFs4.wav,other,soundwel
C:\py\pigsound\pig-sound-classification\data\raw\soundwel\FBNFBNNovelObject01052014VT4HFs5.wav,other,soundwel
C:\py\pigsound\pig-sound-classification\data\raw\soundwel\FBNFBNNovelObject01052014VT4HFs6.wav,other,soundwel
C:\py\pigsound\pig-sound-classification\data\raw\soundwel\FBNFBNNovelObject01052014VT4LFs1.wav,other,soundwel
C:\py\pigsound\pig-sound-classification\data\raw\soundwel\FBNFBNNovelObject01052014VT4LFs2.wav,other,soundwel
C:\py\pigsound\pig-sound-classification\data\raw\soundwel\FBNFBNNovelObject01052014VT4LFs3.wav,other,soundwel
C:\py\pigsound\pig-sound-classification\data\raw\soundwel\FBNFBNNovelObject01052014VT4LFs4.wav,other,soundwel
C:\py\pigsound\pig-sound-classification\data\raw\soundwel\FBNFBNNovelObject01052014VT4LFs5.wav,other,soundwel
C:\py\pigsound\pig-sound-classification\data\raw\soundwel\FBNFBNNovelObject01052014VT4LFs6.wav,other,soundwel
C:\py\pigsound\pig-sound-classification\data\raw\soundwel\FBNFBNNovelObject01052014VT5HFm1.wav,other,soundwel
C:\py\pigsound\pig-sound-classification\data\raw\soundwel\FBNFBNNovelObject01052014VT5HFm2.wav,other,soundwel
C:\py\pigsound\pig-sound-classification\data\raw\soundwel\FBNFBNNovelObject01052014VT5HFm3.wav,other,soundwel
C:\py\pigsound\pig-sound-classification\data\raw\soundwel\FBNFBNNovelObject01052014VT5HFm4.wav,other,soundwel
C:\py\pigsound\pig-sound-classification\data\raw\soundwel\FBNFBNNovelObject01052014VT5HFm5.wav,other,soundwel
C:\py\pigsound\pig-sound-classification\data\raw\soundwel\FBNFBNNovelObject01052014VT5HFm6.wav,other,soundwel
C:\py\pigsound\pig-sound-classification\data\raw\soundwel\FBNFBNNovelObject01052014VT5HFs1.wav,other,soundwel
C:\py\pigsound\pig-sound-classification\data\raw\soundwel\FBNFBNNovelObject01052014VT5HFs2.wav,other,soundwel
C:\py\pigsound\pig-sound-classification\data\raw\soundwel\FBNFBNNovelObject01052014VT5HFs3.wav,other,soundwel
C:\py\pigsound\pig-sound-classification\data\raw\soundwel\FBNFBNNovelObject01052014VT5HFs4.wav,other,soundwel
C:\py\pigsound\pig-sound-classification\data\raw\soundwel\FBNFBNNovelObject01052014VT5HFs5.wav,other,soundwel
C:\py\pigsound\pig-sound-classification\data\raw\soundwel\FBNFBNNovelObject01052014VT5HFs6.wav,other,soundwel
C:\py\pigsound\pig-sound-classification\data\raw\soundwel\FBNFBNNovelObject01052014VT5LFs1.wav,other,soundwel
C:\py\pigsound\pig-sound-classification\data\raw\soundwel\FBNFBNNovelObject01052014VT5LFs2.wav,other,soundwel
C:\py\pigsound\pig-sound-classification\data\raw\soundwel\FBNFBNNovelObject01052014VT5LFs3.wav,other,soundwel
C:\py\pigsound\pig-sound-classification\data\raw\soundwel\FBNFBNNovelObject01052014VT5LFs4.wav,other,soundwel
C:\py\pigsound\pig-sound-classification\data\raw\soundwel\FBNFBNNovelObject01052014VT5LFs5.wav,other,soundwel
C:\py\pigsound\pig-sound-classification\data\raw\soundwel\FBNFBNNovelObject01052014VT5LFs6.wav,other,soundwel
C:\py\pigsound\pig-sound-classification\data\raw\soundwel\FBNFBNNovelObject01052014VT6HFm1.wav,other,soundwel
C:\py\pigsound\pig-sound-classification\data\raw\soundwel\FBNFBNNovelObject01052014VT6HFm2.wav,other,soundwel
C:\py\pigsound\pig-sound-classification\data\raw\soundwel\FBNFBNNovelObject01052014VT6HFm3.wav,other,soundwel
C:\py\pigsound\pig-sound-classification\data\raw\soundwel\FBNFBNNovelObject01052014VT6HFm4.wav,other,soundwel
C:\py\pigsound\pig-sound-classification\data\raw\soundwel\FBNFBNNovelObject01052014VT6HFm5.wav,other,soundwel
C:\py\pigsound\pig-sound-classification\data\raw\soundwel\FBNFBNNovelObject01052014VT6HFm6.wav,other,soundwel
C:\py\pigsound\pig-sound-classification\data\raw\soundwel\FBNFBNNovelObject01052014VT6HFs1.wav,other,soundwel
C:\py\pigsound\pig-sound-classification\data\raw\soundwel\FBNFBNNovelObject01052014VT6HFs2.wav,other,soundwel
C:\py\pigsound\pig-sound-classification\data\raw\soundwel\FBNFBNNovelObject01052014VT6HFs3.wav,other,soundwel
C:\py\pigsound\pig-sound-classification\data\raw\soundwel\FBNFBNNovelObject01052014VT6HFs5.wav,other,soundwel
C:\py\pigsound\pig-sound-classification\data\raw\soundwel\FBNFBNNovelObject01052014VT6HFs6.wav,other,soundwel
C:\py\pigsound\pig-sound-classification\data\raw\soundwel\FBNFBNNovelObject01052014VT6LFs1.wav,other,soundwel
C:\py\pigsound\pig-sound-classification\data\raw\soundwel\FBNFBNNovelObject01052014VT6LFs2.wav,other,soundwel
C:\py\pigsound\pig-sound-classification\data\raw\soundwel\FBNFBNNovelObject01052014VT6LFs3.wav,other,soundwel
C:\py\pigsound\pig-sound-classification\data\raw\soundwel\FBNFBNNovelObject01052014VT6LFs4.wav,other,soundwel
C:\py\pigsound\pig-sound-classification\data\raw\soundwel\FBNFBNNovelObject01052014VT6LFs5.wav,other,soundwel
C:\py\pigsound\pig-sound-classification\data\raw\soundwel\FBNFBNNovelObject01052014VT6LFs6.wav,other,soundwel
C:\py\pigsound\pig-sound-classification\data\raw\soundwel\FBNFBNNovelObject01052014VT7HFm1.wav,other,soundwel
C:\py\pigsound\pig-sound-classification\data\raw\soundwel\FBNFBNNovelObject01052014VT7HFm2.wav,other,soundwel
C:\py\pigsound\pig-sound-classification\data\raw\soundwel\FBNFBNNovelObject01052014VT7HFm3.wav,other,soundwel
C:\py\pigsound\pig-sound-classification\data\raw\soundwel\FBNFBNNovelObject01052014VT7HFm4.wav,other,soundwel
C:\py\pigsound\pig-sound-classification\data\raw\soundwel\FBNFBNNovelObject01052014VT7HFm5.wav,other,soundwel
C:\py\pigsound\pig-sound-classification\data\raw\soundwel\FBNFBNNovelObject01052014VT7HFm6.wav,other,soundwel
C:\py\pigsound\pig-sound-classification\data\raw\soundwel\FBNFBNNovelObject01052014VT7HFs1.wav,other,soundwel
C:\py\pigsound\pig-sound-classification\data\raw\soundwel\FBNFBNNovelObject01052014VT7HFs2.wav,other,soundwel
C:\py\pigsound\pig-sound-classification\data\raw\soundwel\FBNFBNNovelObject01052014VT7HFs3.wav,other,soundwel
C:\py\pigsound\pig-sound-classification\data\raw\soundwel\FBNFBNNovelObject01052014VT7HFs4.wav,other,soundwel
C:\py\pigsound\pig-sound-classification\data\raw\soundwel\FBNFBNNovelObject01052014VT7HFs5.wav,other,soundwel
C:\py\pigsound\pig-sound-classification\data\raw\soundwel\FBNFBNNovelObject01052014VT7LFs1.wav,other,soundwel
C:\py\pigsound\pig-sound-classification\data\raw\soundwel\FBNFBNNovelObject01052014VT7LFs2.wav,other,soundwel
C:\py\pigsound\pig-sound-classification\data\raw\soundwel\FBNFBNNovelObject01052014VT7LFs3.wav,other,soundwel
C:\py\pigsound\pig-sound-classification\data\raw\soundwel\FBNFBNNovelObject01052014VT7LFs4.wav,other,soundwel
C:\py\pigsound\pig-sound-classification\data\raw\soundwel\FBNFBNNovelObject01052014VT7LFs5.wav,other,soundwel
C:\py\pigsound\pig-sound-classification\data\raw\soundwel\FBNFBNNovelObject01052014VT7LFs6.wav,other,soundwel
C:\py\pigsound\pig-sound-classification\data\raw\soundwel\FBNFBNNovelObject01052014VT8HFm2.wav,other,soundwel
C:\py\pigsound\pig-sound-classification\data\raw\soundwel\FBNFBNNovelObject01052014VT8HFm3.wav,other,soundwel
C:\py\pigsound\pig-sound-classification\data\raw\soundwel\FBNFBNNovelObject01052014VT8HFm4.wav,other,soundwel
C:\py\pigsound\pig-sound-classification\data\raw\soundwel\FBNFBNNovelObject01052014VT8HFm6.wav,other,soundwel
C:\py\pigsound\pig-sound-classification\data\raw\soundwel\FBNFBNNovelObject01052014VT8HFs1.wav,other,soundwel
C:\py\pigsound\pig-sound-classification\data\raw\soundwel\FBNFBNNovelObject01052014VT8HFs2.wav,other,soundwel
C:\py\pigsound\pig-sound-classification\data\raw\soundwel\FBNFBNNovelObject01052014VT8HFs3.wav,other,soundwel
C:\py\pigsound\pig-sound-classification\data\raw\soundwel\FBNFBNNovelObject01052014VT8HFs4.wav,other,soundwel
C:\py\pigsound\pig-sound-classification\data\raw\soundwel\FBNFBNNovelObject01052014VT8HFs5.wav,other,soundwel
C:\py\pigsound\pig-sound-classification\data\raw\soundwel\FBNFBNNovelObject01052014VT8HFs6.wav,other,soundwel
C:\py\pigsound\pig-sound-classification\data\raw\soundwel\FBNFBNNovelObject01052014VT8LFs1.wav,other,soundwel
C:\py\pigsound\pig-sound-classification\data\raw\soundwel\FBNFBNNovelObject01052014VT8LFs2.wav,other,soundwel
C:\py\pigsound\pig-sound-classification\data\raw\soundwel\FBNFBNNovelObject01052014VT8LFs3.wav,other,soundwel
C:\py\pigsound\pig-sound-classification\data\raw\soundwel\FBNFBNNovelObject01052014VT8LFs4.wav,other,soundwel
C:\py\pigsound\pig-sound-classification\data\raw\soundwel\FBNFBNNovelObject01052014VT8LFs5.wav,other,soundwel
C:\py\pigsound\pig-sound-classification\data\raw\soundwel\FBNFBNNovelObject01052014VT8LFs6.wav,other,soundwel
C:\py\pigsound\pig-sound-classification\data\raw\soundwel\FBNFBNNovelObject06022014VT14HFm1.wav,other,soundwel
C:\py\pigsound\pig-sound-classification\data\raw\soundwel\FBNFBNNovelObject06022014VT14HFm2.wav,other,soundwel
C:\py\pigsound\pig-sound-classification\data\raw\soundwel\FBNFBNNovelObject06022014VT14HFm3.wav,other,soundwel
C:\py\pigsound\pig-sound-classification\data\raw\soundwel\FBNFBNNovelObject06022014VT14HFm4.wav,other,soundwel
C:\py\pigsound\pig-sound-classification\data\raw\soundwel\FBNFBNNovelObject06022014VT14HFm5.wav,other,soundwel
C:\py\pigsound\pig-sound-classification\data\raw\soundwel\FBNFBNNovelObject06022014VT14HFm6.wav,other,soundwel
C:\py\pigsound\pig-sound-classification\data\raw\soundwel\FBNFBNNovelObject06022014VT14HFs1.wav,other,soundwel
C:\py\pigsound\pig-sound-classification\data\raw\soundwel\FBNFBNNovelObject06022014VT14HFs2.wav,other,soundwel
C:\py\pigsound\pig-sound-classification\data\raw\soundwel\FBNFBNNovelObject06022014VT14HFs4.wav,other,soundwel
C:\py\pigsound\pig-sound-classification\data\raw\soundwel\FBNFBNNovelObject06022014VT14HFs5.wav,other,soundwel
C:\py\pigsound\pig-sound-classification\data\raw\soundwel\FBNFBNNovelObject06022014VT14HFs6.wav,other,soundwel
C:\py\pigsound\pig-sound-classification\data\raw\soundwel\FBNFBNNovelObject06022014VT14LFs1.wav,other,soundwel
C:\py\pigsound\pig-sound-classification\data\raw\soundwel\FBNFBNNovelObject06022014VT14LFs2.wav,other,soundwel
C:\py\pigsound\pig-sound-classification\data\raw\soundwel\FBNFBNNovelObject06022014VT14LFs3.wav,other,soundwel
C:\py\pigsound\pig-sound-classification\data\raw\soundwel\FBNFBNNovelObject06022014VT14LFs4.wav,other,soundwel
C:\py\pigsound\pig-sound-classification\data\raw\soundwel\FBNFBNNovelObject06022014VT14LFs5.wav,other,soundwel
C:\py\pigsound\pig-sound-classification\data\raw\soundwel\FBNFBNNovelObject06022014VT14LFs6.wav,other,soundwel
C:\py\pigsound\pig-sound-classification\data\raw\soundwel\FBNFBNNovelObject06022014VT1HFs2.wav,other,soundwel
C:\py\pigsound\pig-sound-classification\data\raw\soundwel\FBNFBNNovelObject06022014VT1HFs3.wav,other,soundwel
C:\py\pigsound\pig-sound-classification\data\raw\soundwel\FBNFBNNovelObject06022014VT1HFs4.wav,other,soundwel
C:\py\pigsound\pig-sound-classification\data\raw\soundwel\FBNFBNNovelObject06022014VT1HFs5.wav,other,soundwel
C:\py\pigsound\pig-sound-classification\data\raw\soundwel\FBNFBNNovelObject06022014VT1HFs6.wav,other,soundwel
C:\py\pigsound\pig-sound-classification\data\raw\soundwel\FBNFBNNovelObject06022014VT1LFs1.wav,other,soundwel
C:\py\pigsound\pig-sound-classification\data\raw\soundwel\FBNFBNNovelObject06022014VT1LFs2.wav,other,soundwel
C:\py\pigsound\pig-sound-classification\data\raw\soundwel\FBNFBNNovelObject06022014VT1LFs3.wav,other,soundwel
C:\py\pigsound\pig-sound-classification\data\raw\soundwel\FBNFBNNovelObject06022014VT1LFs4.wav,other,soundwel
C:\py\pigsound\pig-sound-classification\data\raw\soundwel\FBNFBNNovelObject06022014VT1LFs5.wav,other,soundwel
C:\py\pigsound\pig-sound-classification\data\raw\soundwel\FBNFBNNovelObject06022014VT1LFs6.wav,other,soundwel
C:\py\pigsound\pig-sound-classification\data\raw\soundwel\FBNFBNNovelObject20032014VT10HFm1.wav,other,soundwel
C:\py\pigsound\pig-sound-classification\data\raw\soundwel\FBNFBNNovelObject20032014VT10HFm2.wav,other,soundwel
C:\py\pigsound\pig-sound-classification\data\raw\soundwel\FBNFBNNovelObject20032014VT10HFm3.wav,other,soundwel
C:\py\pigsound\pig-sound-classification\data\raw\soundwel\FBNFBNNovelObject20032014VT10HFm4.wav,other,soundwel
C:\py\pigsound\pig-sound-classification\data\raw\soundwel\FBNFBNNovelObject20032014VT10HFm5.wav,other,soundwel
C:\py\pigsound\pig-sound-classification\data\raw\soundwel\FBNFBNNovelObject20032014VT10HFm6.wav,other,soundwel
C:\py\pigsound\pig-sound-classification\data\raw\soundwel\FBNFBNNovelObject20032014VT10LFs1.wav,other,soundwel
C:\py\pigsound\pig-sound-classification\data\raw\soundwel\FBNFBNNovelObject20032014VT10LFs2.wav,other,soundwel
C:\py\pigsound\pig-sound-classification\data\raw\soundwel\FBNFBNNovelObject20032014VT10LFs3.wav,other,soundwel
C:\py\pigsound\pig-sound-classification\data\raw\soundwel\FBNFBNNovelObject20032014VT10LFs4.wav,other,soundwel
C:\py\pigsound\pig-sound-classification\data\raw\soundwel\FBNFBNNovelObject20032014VT10LFs5.wav,other,soundwel
C:\py\pigsound\pig-sound-classification\data\raw\soundwel\FBNFBNNovelObject20032014VT10LFs6.wav,other,soundwel
C:\py\pigsound\pig-sound-classification\data\raw\soundwel\FBNFBNNovelObject20032014VT13HFm1.wav,other,soundwel
C:\py\pigsound\pig-sound-classification\data\raw\soundwel\FBNFBNNovelObject20032014VT13HFm2.wav,other,soundwel
C:\py\pigsound\pig-sound-classification\data\raw\soundwel\FBNFBNNovelObject20032014VT13HFm3.wav,other,soundwel
C:\py\pigsound\pig-sound-classification\data\raw\soundwel\FBNFBNNovelObject20032014VT13HFm4.wav,other,soundwel
C:\py\pigsound\pig-sound-classification\data\raw\soundwel\FBNFBNNovelObject20032014VT13HFm5.wav,other,soundwel
C:\py\pigsound\pig-sound-classification\data\raw\soundwel\FBNFBNNovelObject20032014VT13HFm6.wav,other,soundwel
C:\py\pigsound\pig-sound-classification\data\raw\soundwel\FBNFBNNovelObject20032014VT13HFs1.wav,other,soundwel
C:\py\pigsound\pig-sound-classification\data\raw\soundwel\FBNFBNNovelObject20032014VT13HFs2.wav,other,soundwel
C:\py\pigsound\pig-sound-classification\data\raw\soundwel\FBNFBNNovelObject20032014VT13HFs3.wav,other,soundwel
C:\py\pigsound\pig-sound-classification\data\raw\soundwel\FBNFBNNovelObject20032014VT13HFs4.wav,other,soundwel
C:\py\pigsound\pig-sound-classification\data\raw\soundwel\FBNFBNNovelObject20032014VT13HFs6.wav,other,soundwel
C:\py\pigsound\pig-sound-classification\data\raw\soundwel\FBNFBNNovelObject20032014VT13LFs1.wav,other,soundwel
C:\py\pigsound\pig-sound-classification\data\raw\soundwel\FBNFBNNovelObject20032014VT13LFs2.wav,other,soundwel
C:\py\pigsound\pig-sound-classification\data\raw\soundwel\FBNFBNNovelObject20032014VT13LFs3.wav,other,soundwel
C:\py\pigsound\pig-sound-classification\data\raw\soundwel\FBNFBNNovelObject20032014VT13LFs4.wav,other,soundwel
C:\py\pigsound\pig-sound-classification\data\raw\soundwel\FBNFBNNovelObject20032014VT13LFs5.wav,other,soundwel
C:\py\pigsound\pig-sound-classification\data\raw\soundwel\FBNFBNNovelObject20032014VT13LFs6.wav,other,soundwel
C:\py\pigsound\pig-sound-classification\data\raw\soundwel\FBNFBNNovelObject20032014VT1HFm1.wav,other,soundwel
C:\py\pigsound\pig-sound-classification\data\raw\soundwel\FBNFBNNovelObject20032014VT1HFm3.wav,other,soundwel
C:\py\pigsound\pig-sound-classification\data\raw\soundwel\FBNFBNNovelObject20032014VT1HFm4.wav,other,soundwel
C:\py\pigsound\pig-sound-classification\data\raw\soundwel\FBNFBNNovelObject20032014VT1HFm5.wav,other,soundwel
C:\py\pigsound\pig-sound-classification\data\raw\soundwel\FBNFBNNovelObject20032014VT1HFm6.wav,other,soundwel
C:\py\pigsound\pig-sound-classification\data\raw\soundwel\FBNFBNNovelObject20032014VT1HFs1.wav,other,soundwel
C:\py\pigsound\pig-sound-classification\data\raw\soundwel\FBNFBNNovelObject20032014VT1HFs2.wav,other,soundwel
C:\py\pigsound\pig-sound-classification\data\raw\soundwel\FBNFBNNovelObject20032014VT1HFs4.wav,other,soundwel
C:\py\pigsound\pig-sound-classification\data\raw\soundwel\FBNFBNNovelObject20032014VT1HFs5.wav,other,soundwel
C:\py\pigsound\pig-sound-classification\data\raw\soundwel\FBNFBNNovelObject20032014VT1HFs6.wav,other,soundwel
C:\py\pigsound\pig-sound-classification\data\raw\soundwel\FBNFBNNovelObject20032014VT1LFs1.wav,other,soundwel
C:\py\pigsound\pig-sound-classification\data\raw\soundwel\FBNFBNNovelObject20032014VT1LFs2.wav,other,soundwel
C:\py\pigsound\pig-sound-classification\data\raw\soundwel\FBNFBNNovelObject20032014VT1LFs4.wav,other,soundwel
C:\py\pigsound\pig-sound-classification\data\raw\soundwel\FBNFBNNovelObject20032014VT1LFs5.wav,other,soundwel
C:\py\pigsound\pig-sound-classification\data\raw\soundwel\FBNFBNNovelObject20032014VT1LFs6.wav,other,soundwel
C:\py\pigsound\pig-sound-classification\data\raw\soundwel\FBNFBNNovelObject20032014VT2HFm1.wav,other,soundwel
C:\py\pigsound\pig-sound-classification\data\raw\soundwel\FBNFBNNovelObject20032014VT2HFm2.wav,other,soundwel
C:\py\pigsound\pig-sound-classification\data\raw\soundwel\FBNFBNNovelObject20032014VT2HFm3.wav,other,soundwel
C:\py\pigsound\pig-sound-classification\data\raw\soundwel\FBNFBNNovelObject20032014VT2HFm4.wav,other,soundwel
C:\py\pigsound\pig-sound-classification\data\raw\soundwel\FBNFBNNovelObject20032014VT2HFm5.wav,other,soundwel
C:\py\pigsound\pig-sound-classification\data\raw\soundwel\FBNFBNNovelObject20032014VT2HFm6.wav,other,soundwel
C:\py\pigsound\pig-sound-classification\data\raw\soundwel\FBNFBNNovelObject20032014VT2HFs1.wav,other,soundwel
C:\py\pigsound\pig-sound-classification\data\raw\soundwel\FBNFBNNovelObject20032014VT2HFs2.wav,other,soundwel
C:\py\pigsound\pig-sound-classification\data\raw\soundwel\FBNFBNNovelObject20032014VT2HFs3.wav,other,soundwel
C:\py\pigsound\pig-sound-classification\data\raw\soundwel\FBNFBNNovelObject20032014VT2HFs4.wav,other,soundwel
C:\py\pigsound\pig-sound-classification\data\raw\soundwel\FBNFBNNovelObject20032014VT2HFs5.wav,other,soundwel
C:\py\pigsound\pig-sound-classification\data\raw\soundwel\FBNFBNNovelObject20032014VT2HFs6.wav,other,soundwel
C:\py\pigsound\pig-sound-classification\data\raw\soundwel\FBNFBNNovelObject20032014VT2LFs1.wav,other,soundwel
C:\py\pigsound\pig-sound-classification\data\raw\soundwel\FBNFBNNovelObject20032014VT2LFs2.wav,other,soundwel
C:\py\pigsound\pig-sound-classification\data\raw\soundwel\FBNFBNNovelObject20032014VT2LFs3.wav,other,soundwel
C:\py\pigsound\pig-sound-classification\data\raw\soundwel\FBNFBNNovelObject20032014VT2LFs4.wav,other,soundwel
C:\py\pigsound\pig-sound-classification\data\raw\soundwel\FBNFBNNovelObject20032014VT2LFs5.wav,other,soundwel
C:\py\pigsound\pig-sound-classification\data\raw\soundwel\FBNFBNNovelObject20032014VT2LFs6.wav,other,soundwel
C:\py\pigsound\pig-sound-classification\data\raw\soundwel\FBNFBNNovelObject20032014VT5HFm1.wav,other,soundwel
C:\py\pigsound\pig-sound-classification\data\raw\soundwel\FBNFBNNovelObject20032014VT5HFm2.wav,other,soundwel
C:\py\pigsound\pig-sound-classification\data\raw\soundwel\FBNFBNNovelObject20032014VT5HFm3.wav,other,soundwel
C:\py\pigsound\pig-sound-classification\data\raw\soundwel\FBNFBNNovelObject20032014VT5HFm4.wav,other,soundwel
C:\py\pigsound\pig-sound-classification\data\raw\soundwel\FBNFBNNovelObject20032014VT5HFm5.wav,other,soundwel
C:\py\pigsound\pig-sound-classification\data\raw\soundwel\FBNFBNNovelObject20032014VT5HFm6.wav,other,soundwel
C:\py\pigsound\pig-sound-classification\data\raw\soundwel\FBNFBNNovelObject20032014VT5HFs1.wav,other,soundwel
C:\py\pigsound\pig-sound-classification\data\raw\soundwel\FBNFBNNovelObject20032014VT5HFs2.wav,other,soundwel
C:\py\pigsound\pig-sound-classification\data\raw\soundwel\FBNFBNNovelObject20032014VT5HFs3.wav,other,soundwel
C:\py\pigsound\pig-sound-classification\data\raw\soundwel\FBNFBNNovelObject20032014VT5HFs4.wav,other,soundwel
C:\py\pigsound\pig-sound-classification\data\raw\soundwel\FBNFBNNovelObject20032014VT5HFs5.wav,other,soundwel
C:\py\pigsound\pig-sound-classification\data\raw\soundwel\FBNFBNNovelObject20032014VT5LFs1.wav,other,soundwel
C:\py\pigsound\pig-sound-classification\data\raw\soundwel\FBNFBNNovelObject20032014VT5LFs2.wav,other,soundwel
C:\py\pigsound\pig-sound-classification\data\raw\soundwel\FBNFBNNovelObject20032014VT5LFs3.wav,other,soundwel
C:\py\pigsound\pig-sound-classification\data\raw\soundwel\FBNFBNNovelObject20032014VT5LFs4.wav,other,soundwel
C:\py\pigsound\pig-sound-classification\data\raw\soundwel\FBNFBNNovelObject20032014VT5LFs5.wav,other,soundwel
C:\py\pigsound\pig-sound-classification\data\raw\soundwel\FBNFBNNovelObject20032014VT5LFs6.wav,other,soundwel
C:\py\pigsound\pig-sound-classification\data\raw\soundwel\FBNFBNNovelObject20032014VT9HFm1.wav,other,soundwel
C:\py\pigsound\pig-sound-classification\data\raw\soundwel\FBNFBNNovelObject20032014VT9HFm2.wav,other,soundwel
C:\py\pigsound\pig-sound-classification\data\raw\soundwel\FBNFBNNovelObject20032014VT9HFm3.wav,other,soundwel
C:\py\pigsound\pig-sound-classification\data\raw\soundwel\FBNFBNNovelObject20032014VT9HFm4.wav,other,soundwel
C:\py\pigsound\pig-sound-classification\data\raw\soundwel\FBNFBNNovelObject20032014VT9HFm5.wav,other,soundwel
C:\py\pigsound\pig-sound-classification\data\raw\soundwel\FBNFBNNovelObject20032014VT9HFm6.wav,other,soundwel
C:\py\pigsound\pig-sound-classification\data\raw\soundwel\FBNFBNNovelObject20032014VT9HFs1.wav,other,soundwel
C:\py\pigsound\pig-sound-classification\data\raw\soundwel\FBNFBNNovelObject20032014VT9HFs2.wav,other,soundwel
C:\py\pigsound\pig-sound-classification\data\raw\soundwel\FBNFBNNovelObject20032014VT9HFs3.wav,other,soundwel
C:\py\pigsound\pig-sound-classification\data\raw\soundwel\FBNFBNNovelObject20032014VT9HFs4.wav,other,soundwel
C:\py\pigsound\pig-sound-classification\data\raw\soundwel\FBNFBNNovelObject20032014VT9HFs5.wav,other,soundwel
C:\py\pigsound\pig-sound-classification\data\raw\soundwel\FBNFBNNovelObject20032014VT9HFs6.wav,other,soundwel
C:\py\pigsound\pig-sound-classification\data\raw\soundwel\FBNFBNNovelObject20032014VT9LFs1.wav,other,soundwel
C:\py\pigsound\pig-sound-classification\data\raw\soundwel\FBNFBNNovelObject20032014VT9LFs2.wav,other,soundwel
C:\py\pigsound\pig-sound-classification\data\raw\soundwel\FBNFBNNovelObject20032014VT9LFs3.wav,other,soundwel
C:\py\pigsound\pig-sound-classification\data\raw\soundwel\FBNFBNNovelObject20032014VT9LFs4.wav,other,soundwel
C:\py\pigsound\pig-sound-classification\data\raw\soundwel\FBNFBNNovelObject20032014VT9LFs5.wav,other,soundwel
C:\py\pigsound\pig-sound-classification\data\raw\soundwel\FBNFBNNovelObject20032014VT9LFs6.wav,other,soundwel
C:\py\pigsound\pig-sound-classification\data\raw\soundwel\FBNFBNNovelObject24072014VT15HFm1.wav,other,soundwel
C:\py\pigsound\pig-sound-classification\data\raw\soundwel\FBNFBNNovelObject24072014VT15HFm2.wav,other,soundwel
C:\py\pigsound\pig-sound-classification\data\raw\soundwel\FBNFBNNovelObject24072014VT15HFm3.wav,other,soundwel
C:\py\pigsound\pig-sound-classification\data\raw\soundwel\FBNFBNNovelObject24072014VT15HFm4.wav,other,soundwel
C:\py\pigsound\pig-sound-classification\data\raw\soundwel\FBNFBNNovelObject24072014VT15HFm5.wav,other,soundwel
C:\py\pigsound\pig-sound-classification\data\raw\soundwel\FBNFBNNovelObject24072014VT15HFm6.wav,other,soundwel
C:\py\pigsound\pig-sound-classification\data\raw\soundwel\FBNFBNNovelObject24072014VT15HFs1.wav,other,soundwel
C:\py\pigsound\pig-sound-classification\data\raw\soundwel\FBNFBNNovelObject24072014VT15HFs3.wav,other,soundwel
C:\py\pigsound\pig-sound-classification\data\raw\soundwel\FBNFBNNovelObject24072014VT15HFs4.wav,other,soundwel
C:\py\pigsound\pig-sound-classification\data\raw\soundwel\FBNFBNNovelObject24072014VT15HFs5.wav,other,soundwel
C:\py\pigsound\pig-sound-classification\data\raw\soundwel\FBNFBNNovelObject24072014VT15HFs6.wav,other,soundwel
C:\py\pigsound\pig-sound-classification\data\raw\soundwel\FBNFBNNovelObject24072014VT15LFs1.wav,other,soundwel
C:\py\pigsound\pig-sound-classification\data\raw\soundwel\FBNFBNNovelObject24072014VT15LFs2.wav,other,soundwel
C:\py\pigsound\pig-sound-classification\data\raw\soundwel\FBNFBNNovelObject24072014VT15LFs3.wav,other,soundwel
C:\py\pigsound\pig-sound-classification\data\raw\soundwel\FBNFBNNovelObject24072014VT15LFs4.wav,other,soundwel
C:\py\pigsound\pig-sound-classification\data\raw\soundwel\FBNFBNNovelObject24072014VT15LFs5.wav,other,soundwel
C:\py\pigsound\pig-sound-classification\data\raw\soundwel\FBNFBNNovelObject24072014VT15LFs6.wav,other,soundwel
C:\py\pigsound\pig-sound-classification\data\raw\soundwel\FBNFBNNovelObject24072014VT4HFm1.wav,other,soundwel
C:\py\pigsound\pig-sound-classification\data\raw\soundwel\FBNFBNNovelObject24072014VT4HFm2.wav,other,soundwel
C:\py\pigsound\pig-sound-classification\data\raw\soundwel\FBNFBNNovelObject24072014VT4HFm3.wav,other,soundwel
C:\py\pigsound\pig-sound-classification\data\raw\soundwel\FBNFBNNovelObject24072014VT4HFm4.wav,other,soundwel
C:\py\pigsound\pig-sound-classification\data\raw\soundwel\FBNFBNNovelObject24072014VT4HFm6.wav,other,soundwel
C:\py\pigsound\pig-sound-classification\data\raw\soundwel\FBNFBNNovelObject24072014VT4HFs1.wav,other,soundwel
C:\py\pigsound\pig-sound-classification\data\raw\soundwel\FBNFBNNovelObject24072014VT4HFs2.wav,other,soundwel
C:\py\pigsound\pig-sound-classification\data\raw\soundwel\FBNFBNNovelObject24072014VT4HFs3.wav,other,soundwel
C:\py\pigsound\pig-sound-classification\data\raw\soundwel\FBNFBNNovelObject24072014VT4HFs4.wav,other,soundwel
C:\py\pigsound\pig-sound-classification\data\raw\soundwel\FBNFBNNovelObject24072014VT4HFs5.wav,other,soundwel
C:\py\pigsound\pig-sound-classification\data\raw\soundwel\FBNFBNNovelObject24072014VT4HFs6.wav,other,soundwel
C:\py\pigsound\pig-sound-classification\data\raw\soundwel\FBNFBNNovelObject24072014VT4LFs1.wav,other,soundwel
C:\py\pigsound\pig-sound-classification\data\raw\soundwel\FBNFBNNovelObject24072014VT4LFs2.wav,other,soundwel
C:\py\pigsound\pig-sound-classification\data\raw\soundwel\FBNFBNNovelObject24072014VT4LFs3.wav,other,soundwel
C:\py\pigsound\pig-sound-classification\data\raw\soundwel\FBNFBNNovelObject24072014VT4LFs4.wav,other,soundwel
C:\py\pigsound\pig-sound-classification\data\raw\soundwel\FBNFBNNovelObject24072014VT4LFs5.wav,other,soundwel
C:\py\pigsound\pig-sound-classification\data\raw\soundwel\FBNFBNNovelObject24072014VT4LFs6.wav,other,soundwel
C:\py\pigsound\pig-sound-classification\data\raw\soundwel\FBNFBNNovelObject27022014VT12HFm1.wav,other,soundwel
C:\py\pigsound\pig-sound-classification\data\raw\soundwel\FBNFBNNovelObject27022014VT12HFm2.wav,other,soundwel
C:\py\pigsound\pig-sound-classification\data\raw\soundwel\FBNFBNNovelObject27022014VT12HFm3.wav,other,soundwel
C:\py\pigsound\pig-sound-classification\data\raw\soundwel\FBNFBNNovelObject27022014VT12HFm4.wav,other,soundwel
C:\py\pigsound\pig-sound-classification\data\raw\soundwel\FBNFBNNovelObject27022014VT12HFm5.wav,other,soundwel
C:\py\pigsound\pig-sound-classification\data\raw\soundwel\FBNFBNNovelObject27022014VT12HFm6.wav,other,soundwel
C:\py\pigsound\pig-sound-classification\data\raw\soundwel\FBNFBNNovelObject27022014VT12HFs1.wav,other,soundwel
C:\py\pigsound\pig-sound-classification\data\raw\soundwel\FBNFBNNovelObject27022014VT12HFs2.wav,other,soundwel
C:\py\pigsound\pig-sound-classification\data\raw\soundwel\FBNFBNNovelObject27022014VT12HFs3.wav,other,soundwel
C:\py\pigsound\pig-sound-classification\data\raw\soundwel\FBNFBNNovelObject27022014VT12HFs4.wav,other,soundwel
C:\py\pigsound\pig-sound-classification\data\raw\soundwel\FBNFBNNovelObject27022014VT12HFs5.wav,other,soundwel
C:\py\pigsound\pig-sound-classification\data\raw\soundwel\FBNFBNNovelObject27022014VT12LFs1.wav,other,soundwel
C:\py\pigsound\pig-sound-classification\data\raw\soundwel\FBNFBNNovelObject27022014VT12LFs2.wav,other,soundwel
C:\py\pigsound\pig-sound-classification\data\raw\soundwel\FBNFBNNovelObject27022014VT12LFs3.wav,other,soundwel
C:\py\pigsound\pig-sound-classification\data\raw\soundwel\FBNFBNNovelObject27022014VT12LFs4.wav,other,soundwel
C:\py\pigsound\pig-sound-classification\data\raw\soundwel\FBNFBNNovelObject27022014VT12LFs5.wav,other,soundwel
C:\py\pigsound\pig-sound-classification\data\raw\soundwel\FBNFBNNovelObject27022014VT12LFs6.wav,other,soundwel
C:\py\pigsound\pig-sound-classification\data\raw\soundwel\FBNFBNNovelObject27022014VT1HFm1.wav,other,soundwel
C:\py\pigsound\pig-sound-classification\data\raw\soundwel\FBNFBNNovelObject27022014VT1HFm2.wav,other,soundwel
C:\py\pigsound\pig-sound-classification\data\raw\soundwel\FBNFBNNovelObject27022014VT1HFm3.wav,other,soundwel
C:\py\pigsound\pig-sound-classification\data\raw\soundwel\FBNFBNNovelObject27022014VT1HFm4.wav,other,soundwel
C:\py\pigsound\pig-sound-classification\data\raw\soundwel\FBNFBNNovelObject27022014VT1HFm5.wav,other,soundwel
C:\py\pigsound\pig-sound-classification\data\raw\soundwel\FBNFBNNovelObject27022014VT1HFm6.wav,other,soundwel
C:\py\pigsound\pig-sound-classification\data\raw\soundwel\FBNFBNNovelObject27022014VT1HFs1.wav,other,soundwel
C:\py\pigsound\pig-sound-classification\data\raw\soundwel\FBNFBNNovelObject27022014VT1HFs3.wav,other,soundwel
C:\py\pigsound\pig-sound-classification\data\raw\soundwel\FBNFBNNovelObject27022014VT1HFs4.wav,other,soundwel
C:\py\pigsound\pig-sound-classification\data\raw\soundwel\FBNFBNNovelObject27022014VT1HFs5.wav,other,soundwel
C:\py\pigsound\pig-sound-classification\data\raw\soundwel\FBNFBNNovelObject27022014VT1HFs6.wav,other,soundwel
C:\py\pigsound\pig-sound-classification\data\raw\soundwel\FBNFBNNovelObject27022014VT1LFs1.wav,other,soundwel
C:\py\pigsound\pig-sound-classification\data\raw\soundwel\FBNFBNNovelObject27022014VT1LFs2.wav,other,soundwel
C:\py\pigsound\pig-sound-classification\data\raw\soundwel\FBNFBNNovelObject27022014VT1LFs3.wav,other,soundwel
C:\py\pigsound\pig-sound-classification\data\raw\soundwel\FBNFBNNovelObject27022014VT1LFs4.wav,other,soundwel
C:\py\pigsound\pig-sound-classification\data\raw\soundwel\FBNFBNNovelObject27022014VT1LFs5.wav,other,soundwel
C:\py\pigsound\pig-sound-classification\data\raw\soundwel\FBNFBNNovelObject27022014VT1LFs6.wav,other,soundwel
C:\py\pigsound\pig-sound-classification\data\raw\soundwel\FBNFBNNovelObject27022014VT2HFm1.wav,other,soundwel
C:\py\pigsound\pig-sound-classification\data\raw\soundwel\FBNFBNNovelObject27022014VT2HFm2.wav,other,soundwel
C:\py\pigsound\pig-sound-classification\data\raw\soundwel\FBNFBNNovelObject27022014VT2HFm3.wav,other,soundwel
C:\py\pigsound\pig-sound-classification\data\raw\soundwel\FBNFBNNovelObject27022014VT2HFm4.wav,other,soundwel
C:\py\pigsound\pig-sound-classification\data\raw\soundwel\FBNFBNNovelObject27022014VT2HFm5.wav,other,soundwel
C:\py\pigsound\pig-sound-classification\data\raw\soundwel\FBNFBNNovelObject27022014VT2HFm6.wav,other,soundwel
C:\py\pigsound\pig-sound-classification\data\raw\soundwel\FBNFBNNovelObject27022014VT2HFs1.wav,other,soundwel
C:\py\pigsound\pig-sound-classification\data\raw\soundwel\FBNFBNNovelObject27022014VT2HFs2.wav,other,soundwel
C:\py\pigsound\pig-sound-classification\data\raw\soundwel\FBNFBNNovelObject27022014VT2HFs3.wav,other,soundwel
C:\py\pigsound\pig-sound-classification\data\raw\soundwel\FBNFBNNovelObject27022014VT2HFs4.wav,other,soundwel
C:\py\pigsound\pig-sound-classification\data\raw\soundwel\FBNFBNNovelObject27022014VT2HFs5.wav,other,soundwel
C:\py\pigsound\pig-sound-classification\data\raw\soundwel\FBNFBNNovelObject27022014VT2HFs6.wav,other,soundwel
C:\py\pigsound\pig-sound-classification\data\raw\soundwel\FBNFBNNovelObject27022014VT2LFs1.wav,other,soundwel
C:\py\pigsound\pig-sound-classification\data\raw\soundwel\FBNFBNNovelObject27022014VT2LFs2.wav,other,soundwel
C:\py\pigsound\pig-sound-classification\data\raw\soundwel\FBNFBNNovelObject27022014VT2LFs3.wav,other,soundwel
C:\py\pigsound\pig-sound-classification\data\raw\soundwel\FBNFBNNovelObject27022014VT2LFs4.wav,other,soundwel
C:\py\pigsound\pig-sound-classification\data\raw\soundwel\FBNFBNNovelObject27022014VT2LFs5.wav,other,soundwel
C:\py\pigsound\pig-sound-classification\data\raw\soundwel\FBNFBNNovelObject27022014VT2LFs6.wav,other,soundwel
C:\py\pigsound\pig-sound-classification\data\raw\soundwel\FBNFBNOpenField01052014VT15HFm1.wav,other,soundwel
C:\py\pigsound\pig-sound-classification\data\raw\soundwel\FBNFBNOpenField01052014VT15HFm2.wav,other,soundwel
C:\py\pigsound\pig-sound-classification\data\raw\soundwel\FBNFBNOpenField01052014VT15HFm3.wav,other,soundwel
C:\py\pigsound\pig-sound-classification\data\raw\soundwel\FBNFBNOpenField01052014VT15HFm4.wav,other,soundwel
C:\py\pigsound\pig-sound-classification\data\raw\soundwel\FBNFBNOpenField01052014VT15HFm5.wav,other,soundwel
C:\py\pigsound\pig-sound-classification\data\raw\soundwel\FBNFBNOpenField01052014VT15HFm6.wav,other,soundwel
C:\py\pigsound\pig-sound-classification\data\raw\soundwel\FBNFBNOpenField01052014VT15HFs1.wav,other,soundwel
C:\py\pigsound\pig-sound-classification\data\raw\soundwel\FBNFBNOpenField01052014VT15HFs2.wav,other,soundwel
C:\py\pigsound\pig-sound-classification\data\raw\soundwel\FBNFBNOpenField01052014VT15HFs3.wav,other,soundwel
C:\py\pigsound\pig-sound-classification\data\raw\soundwel\FBNFBNOpenField01052014VT15HFs4.wav,other,soundwel
C:\py\pigsound\pig-sound-classification\data\raw\soundwel\FBNFBNOpenField01052014VT15HFs5.wav,other,soundwel
C:\py\pigsound\pig-sound-classification\data\raw\soundwel\FBNFBNOpenField01052014VT15HFs6.wav,other,soundwel
C:\py\pigsound\pig-sound-classification\data\raw\soundwel\FBNFBNOpenField01052014VT15LFs1.wav,other,soundwel
C:\py\pigsound\pig-sound-classification\data\raw\soundwel\FBNFBNOpenField01052014VT15LFs2.wav,other,soundwel
C:\py\pigsound\pig-sound-classification\data\raw\soundwel\FBNFBNOpenField01052014VT15LFs3.wav,other,soundwel
C:\py\pigsound\pig-sound-classification\data\raw\soundwel\FBNFBNOpenField01052014VT15LFs4.wav,other,soundwel
C:\py\pigsound\pig-sound-classification\data\raw\soundwel\FBNFBNOpenField01052014VT15LFs5.wav,other,soundwel
C:\py\pigsound\pig-sound-classification\data\raw\soundwel\FBNFBNOpenField01052014VT15LFs6.wav,other,soundwel
C:\py\pigsound\pig-sound-classification\data\raw\soundwel\FBNFBNOpenField01052014VT4HFm1.wav,other,soundwel
C:\py\pigsound\pig-sound-classification\data\raw\soundwel\FBNFBNOpenField01052014VT4HFm2.wav,other,soundwel
C:\py\pigsound\pig-sound-classification\data\raw\soundwel\FBNFBNOpenField01052014VT4HFm3.wav,other,soundwel
C:\py\pigsound\pig-sound-classification\data\raw\soundwel\FBNFBNOpenField01052014VT4HFm4.wav,other,soundwel
C:\py\pigsound\pig-sound-classification\data\raw\soundwel\FBNFBNOpenField01052014VT4HFm5.wav,other,soundwel
C:\py\pigsound\pig-sound-classification\data\raw\soundwel\FBNFBNOpenField01052014VT4HFm6.wav,other,soundwel
C:\py\pigsound\pig-sound-classification\data\raw\soundwel\FBNFBNOpenField01052014VT4HFs1.wav,other,soundwel
C:\py\pigsound\pig-sound-classification\data\raw\soundwel\FBNFBNOpenField01052014VT4HFs2.wav,other,soundwel
C:\py\pigsound\pig-sound-classification\data\raw\soundwel\FBNFBNOpenField01052014VT4HFs3.wav,other,soundwel
C:\py\pigsound\pig-sound-classification\data\raw\soundwel\FBNFBNOpenField01052014VT4HFs4.wav,other,soundwel
C:\py\pigsound\pig-sound-classification\data\raw\soundwel\FBNFBNOpenField01052014VT4HFs5.wav,other,soundwel
C:\py\pigsound\pig-sound-classification\data\raw\soundwel\FBNFBNOpenField01052014VT4HFs6.wav,other,soundwel
C:\py\pigsound\pig-sound-classification\data\raw\soundwel\FBNFBNOpenField01052014VT4LFs1.wav,other,soundwel
C:\py\pigsound\pig-sound-classification\data\raw\soundwel\FBNFBNOpenField01052014VT4LFs2.wav,other,soundwel
C:\py\pigsound\pig-sound-classification\data\raw\soundwel\FBNFBNOpenField01052014VT4LFs3.wav,other,soundwel
C:\py\pigsound\pig-sound-classification\data\raw\soundwel\FBNFBNOpenField01052014VT4LFs4.wav,other,soundwel
C:\py\pigsound\pig-sound-classification\data\raw\soundwel\FBNFBNOpenField01052014VT4LFs5.wav,other,soundwel
C:\py\pigsound\pig-sound-classification\data\raw\soundwel\FBNFBNOpenField01052014VT4LFs6.wav,other,soundwel
C:\py\pigsound\pig-sound-classification\data\raw\soundwel\FBNFBNOpenField01052014VT5HFm1.wav,other,soundwel
C:\py\pigsound\pig-sound-classification\data\raw\soundwel\FBNFBNOpenField01052014VT5HFm2.wav,other,soundwel
C:\py\pigsound\pig-sound-classification\data\raw\soundwel\FBNFBNOpenField01052014VT5HFm3.wav,other,soundwel
C:\py\pigsound\pig-sound-classification\data\raw\soundwel\FBNFBNOpenField01052014VT5HFm4.wav,other,soundwel
C:\py\pigsound\pig-sound-classification\data\raw\soundwel\FBNFBNOpenField01052014VT5HFm5.wav,other,soundwel
C:\py\pigsound\pig-sound-classification\data\raw\soundwel\FBNFBNOpenField01052014VT5HFm6.wav,other,soundwel
C:\py\pigsound\pig-sound-classification\data\raw\soundwel\FBNFBNOpenField01052014VT5HFs1.wav,other,soundwel
C:\py\pigsound\pig-sound-classification\data\raw\soundwel\FBNFBNOpenField01052014VT5HFs2.wav,other,soundwel
C:\py\pigsound\pig-sound-classification\data\raw\soundwel\FBNFBNOpenField01052014VT5HFs3.wav,other,soundwel
C:\py\pigsound\pig-sound-classification\data\raw\soundwel\FBNFBNOpenField01052014VT5HFs4.wav,other,soundwel
C:\py\pigsound\pig-sound-classification\data\raw\soundwel\FBNFBNOpenField01052014VT5HFs5.wav,other,soundwel
C:\py\pigsound\pig-sound-classification\data\raw\soundwel\FBNFBNOpenField01052014VT5HFs6.wav,other,soundwel
C:\py\pigsound\pig-sound-classification\data\raw\soundwel\FBNFBNOpenField01052014VT5LFs1.wav,other,soundwel
C:\py\pigsound\pig-sound-classification\data\raw\soundwel\FBNFBNOpenField01052014VT5LFs2.wav,other,soundwel
C:\py\pigsound\pig-sound-classification\data\raw\soundwel\FBNFBNOpenField01052014VT5LFs3.wav,other,soundwel
C:\py\pigsound\pig-sound-classification\data\raw\soundwel\FBNFBNOpenField01052014VT5LFs4.wav,other,soundwel
C:\py\pigsound\pig-sound-classification\data\raw\soundwel\FBNFBNOpenField01052014VT5LFs5.wav,other,soundwel
C:\py\pigsound\pig-sound-classification\data\raw\soundwel\FBNFBNOpenField01052014VT5LFs6.wav,other,soundwel
C:\py\pigsound\pig-sound-classification\data\raw\soundwel\FBNFBNOpenField01052014VT6HFm1.wav,other,soundwel
C:\py\pigsound\pig-sound-classification\data\raw\soundwel\FBNFBNOpenField01052014VT6HFm2.wav,other,soundwel
C:\py\pigsound\pig-sound-classification\data\raw\soundwel\FBNFBNOpenField01052014VT6HFm3.wav,other,soundwel
C:\py\pigsound\pig-sound-classification\data\raw\soundwel\FBNFBNOpenField01052014VT6HFm4.wav,other,soundwel
C:\py\pigsound\pig-sound-classification\data\raw\soundwel\FBNFBNOpenField01052014VT6HFm5.wav,other,soundwel
C:\py\pigsound\pig-sound-classification\data\raw\soundwel\FBNFBNOpenField01052014VT6HFm6.wav,other,soundwel
C:\py\pigsound\pig-sound-classification\data\raw\soundwel\FBNFBNOpenField01052014VT6HFs1.wav,other,soundwel
C:\py\pigsound\pig-sound-classification\data\raw\soundwel\FBNFBNOpenField01052014VT6HFs2.wav,other,soundwel
C:\py\pigsound\pig-sound-classification\data\raw\soundwel\FBNFBNOpenField01052014VT6HFs3.wav,other,soundwel
C:\py\pigsound\pig-sound-classification\data\raw\soundwel\FBNFBNOpenField01052014VT6HFs4.wav,other,soundwel
C:\py\pigsound\pig-sound-classification\data\raw\soundwel\FBNFBNOpenField01052014VT6HFs5.wav,other,soundwel
C:\py\pigsound\pig-sound-classification\data\raw\soundwel\FBNFBNOpenField01052014VT6HFs6.wav,other,soundwel
C:\py\pigsound\pig-sound-classification\data\raw\soundwel\FBNFBNOpenField01052014VT6LFs1.wav,other,soundwel
C:\py\pigsound\pig-sound-classification\data\raw\soundwel\FBNFBNOpenField01052014VT6LFs2.wav,other,soundwel
C:\py\pigsound\pig-sound-classification\data\raw\soundwel\FBNFBNOpenField01052014VT6LFs3.wav,other,soundwel
C:\py\pigsound\pig-sound-classification\data\raw\soundwel\FBNFBNOpenField01052014VT6LFs4.wav,other,soundwel
C:\py\pigsound\pig-sound-classification\data\raw\soundwel\FBNFBNOpenField01052014VT6LFs5.wav,other,soundwel
C:\py\pigsound\pig-sound-classification\data\raw\soundwel\FBNFBNOpenField01052014VT6LFs6.wav,other,soundwel
C:\py\pigsound\pig-sound-classification\data\raw\soundwel\FBNFBNOpenField01052014VT7HFm1.wav,other,soundwel
C:\py\pigsound\pig-sound-classification\data\raw\soundwel\FBNFBNOpenField01052014VT7HFm2.wav,other,soundwel
C:\py\pigsound\pig-sound-classification\data\raw\soundwel\FBNFBNOpenField01052014VT7HFm3.wav,other,soundwel
C:\py\pigsound\pig-sound-classification\data\raw\soundwel\FBNFBNOpenField01052014VT7HFm4.wav,other,soundwel
C:\py\pigsound\pig-sound-classification\data\raw\soundwel\FBNFBNOpenField01052014VT7HFm5.wav,other,soundwel
C:\py\pigsound\pig-sound-classification\data\raw\soundwel\FBNFBNOpenField01052014VT7HFm6.wav,other,soundwel
C:\py\pigsound\pig-sound-classification\data\raw\soundwel\FBNFBNOpenField01052014VT7HFs1.wav,other,soundwel
C:\py\pigsound\pig-sound-classification\data\raw\soundwel\FBNFBNOpenField01052014VT7HFs2.wav,other,soundwel
C:\py\pigsound\pig-sound-classification\data\raw\soundwel\FBNFBNOpenField01052014VT7HFs3.wav,other,soundwel
C:\py\pigsound\pig-sound-classification\data\raw\soundwel\FBNFBNOpenField01052014VT7HFs4.wav,other,soundwel
C:\py\pigsound\pig-sound-classification\data\raw\soundwel\FBNFBNOpenField01052014VT7HFs5.wav,other,soundwel
C:\py\pigsound\pig-sound-classification\data\raw\soundwel\FBNFBNOpenField01052014VT7HFs6.wav,other,soundwel
C:\py\pigsound\pig-sound-classification\data\raw\soundwel\FBNFBNOpenField01052014VT7LFs1.wav,other,soundwel
C:\py\pigsound\pig-sound-classification\data\raw\soundwel\FBNFBNOpenField01052014VT7LFs2.wav,other,soundwel
C:\py\pigsound\pig-sound-classification\data\raw\soundwel\FBNFBNOpenField01052014VT7LFs3.wav,other,soundwel
C:\py\pigsound\pig-sound-classification\data\raw\soundwel\FBNFBNOpenField01052014VT7LFs4.wav,other,soundwel
C:\py\pigsound\pig-sound-classification\data\raw\soundwel\FBNFBNOpenField01052014VT7LFs5.wav,other,soundwel
C:\py\pigsound\pig-sound-classification\data\raw\soundwel\FBNFBNOpenField01052014VT7LFs6.wav,other,soundwel
C:\py\pigsound\pig-sound-classification\data\raw\soundwel\FBNFBNOpenField03072014VT9HFm1.wav,other,soundwel
C:\py\pigsound\pig-sound-classification\data\raw\soundwel\FBNFBNOpenField03072014VT9HFm2.wav,other,soundwel
C:\py\pigsound\pig-sound-classification\data\raw\soundwel\FBNFBNOpenField03072014VT9HFm3.wav,other,soundwel
C:\py\pigsound\pig-sound-classification\data\raw\soundwel\FBNFBNOpenField03072014VT9HFm4.wav,other,soundwel
C:\py\pigsound\pig-sound-classification\data\raw\soundwel\FBNFBNOpenField03072014VT9HFm5.wav,other,soundwel
C:\py\pigsound\pig-sound-classification\data\raw\soundwel\FBNFBNOpenField03072014VT9HFm6.wav,other,soundwel
C:\py\pigsound\pig-sound-classification\data\raw\soundwel\FBNFBNOpenField03072014VT9HFs1.wav,other,soundwel
C:\py\pigsound\pig-sound-classification\data\raw\soundwel\FBNFBNOpenField03072014VT9HFs2.wav,other,soundwel
C:\py\pigsound\pig-sound-classification\data\raw\soundwel\FBNFBNOpenField03072014VT9HFs3.wav,other,soundwel
C:\py\pigsound\pig-sound-classification\data\raw\soundwel\FBNFBNOpenField03072014VT9HFs4.wav,other,soundwel
C:\py\pigsound\pig-sound-classification\data\raw\soundwel\FBNFBNOpenField03072014VT9HFs5.wav,other,soundwel
C:\py\pigsound\pig-sound-classification\data\raw\soundwel\FBNFBNOpenField03072014VT9HFs6.wav,other,soundwel
C:\py\pigsound\pig-sound-classification\data\raw\soundwel\FBNFBNOpenField03072014VT9LFs1.wav,other,soundwel
C:\py\pigsound\pig-sound-classification\data\raw\soundwel\FBNFBNOpenField03072014VT9LFs2.wav,other,soundwel
C:\py\pigsound\pig-sound-classification\data\raw\soundwel\FBNFBNOpenField03072014VT9LFs3.wav,other,soundwel
C:\py\pigsound\pig-sound-classification\data\raw\soundwel\FBNFBNOpenField03072014VT9LFs4.wav,other,soundwel
C:\py\pigsound\pig-sound-classification\data\raw\soundwel\FBNFBNOpenField03072014VT9LFs5.wav,other,soundwel
C:\py\pigsound\pig-sound-classification\data\raw\soundwel\FBNFBNOpenField03072014VT9LFs6.wav,other,soundwel
C:\py\pigsound\pig-sound-classification\data\raw\soundwel\FBNFBNOpenField06022014VT15HFm1.wav,other,soundwel
C:\py\pigsound\pig-sound-classification\data\raw\soundwel\FBNFBNOpenField06022014VT15HFm2.wav,other,soundwel
C:\py\pigsound\pig-sound-classification\data\raw\soundwel\FBNFBNOpenField06022014VT15HFm3.wav,other,soundwel
C:\py\pigsound\pig-sound-classification\data\raw\soundwel\FBNFBNOpenField06022014VT15HFm4.wav,other,soundwel
C:\py\pigsound\pig-sound-classification\data\raw\soundwel\FBNFBNOpenField06022014VT15HFm5.wav,other,soundwel
C:\py\pigsound\pig-sound-classification\data\raw\soundwel\FBNFBNOpenField06022014VT15HFm6.wav,other,soundwel
C:\py\pigsound\pig-sound-classification\data\raw\soundwel\FBNFBNOpenField06022014VT15HFs1.wav,other,soundwel
C:\py\pigsound\pig-sound-classification\data\raw\soundwel\FBNFBNOpenField06022014VT15HFs3.wav,other,soundwel
C:\py\pigsound\pig-sound-classification\data\raw\soundwel\FBNFBNOpenField06022014VT15HFs4.wav,other,soundwel
C:\py\pigsound\pig-sound-classification\data\raw\soundwel\FBNFBNOpenField06022014VT15HFs5.wav,other,soundwel
C:\py\pigsound\pig-sound-classification\data\raw\soundwel\FBNFBNOpenField06022014VT15HFs6.wav,other,soundwel
C:\py\pigsound\pig-sound-classification\data\raw\soundwel\FBNFBNOpenField06022014VT15LFs1.wav,other,soundwel
C:\py\pigsound\pig-sound-classification\data\raw\soundwel\FBNFBNOpenField06022014VT15LFs2.wav,other,soundwel
C:\py\pigsound\pig-sound-classification\data\raw\soundwel\FBNFBNOpenField06022014VT15LFs3.wav,other,soundwel
C:\py\pigsound\pig-sound-classification\data\raw\soundwel\FBNFBNOpenField06022014VT15LFs4.wav,other,soundwel
C:\py\pigsound\pig-sound-classification\data\raw\soundwel\FBNFBNOpenField06022014VT15LFs5.wav,other,soundwel
C:\py\pigsound\pig-sound-classification\data\raw\soundwel\FBNFBNOpenField06022014VT15LFs6.wav,other,soundwel
C:\py\pigsound\pig-sound-classification\data\raw\soundwel\FBNFBNOpenField06022014VT1HFm1.wav,other,soundwel
C:\py\pigsound\pig-sound-classification\data\raw\soundwel\FBNFBNOpenField06022014VT1HFm2.wav,other,soundwel
C:\py\pigsound\pig-sound-classification\data\raw\soundwel\FBNFBNOpenField06022014VT1HFm3.wav,other,soundwel
C:\py\pigsound\pig-sound-classification\data\raw\soundwel\FBNFBNOpenField06022014VT1HFm4.wav,other,soundwel
C:\py\pigsound\pig-sound-classification\data\raw\soundwel\FBNFBNOpenField06022014VT1HFm5.wav,other,soundwel
C:\py\pigsound\pig-sound-classification\data\raw\soundwel\FBNFBNOpenField06022014VT1HFm6.wav,other,soundwel
C:\py\pigsound\pig-sound-classification\data\raw\soundwel\FBNFBNOpenField06022014VT1HFs1.wav,other,soundwel
C:\py\pigsound\pig-sound-classification\data\raw\soundwel\FBNFBNOpenField06022014VT1HFs2.wav,other,soundwel
C:\py\pigsound\pig-sound-classification\data\raw\soundwel\FBNFBNOpenField06022014VT1HFs3.wav,other,soundwel
C:\py\pigsound\pig-sound-classification\data\raw\soundwel\FBNFBNOpenField06022014VT1HFs4.wav,other,soundwel
C:\py\pigsound\pig-sound-classification\data\raw\soundwel\FBNFBNOpenField06022014VT1HFs5.wav,other,soundwel
C:\py\pigsound\pig-sound-classification\data\raw\soundwel\FBNFBNOpenField06022014VT1HFs6.wav,other,soundwel
C:\py\pigsound\pig-sound-classification\data\raw\soundwel\FBNFBNOpenField06022014VT1LFs1.wav,other,soundwel
C:\py\pigsound\pig-sound-classification\data\raw\soundwel\FBNFBNOpenField06022014VT1LFs2.wav,other,soundwel
C:\py\pigsound\pig-sound-classification\data\raw\soundwel\FBNFBNOpenField06022014VT1LFs3.wav,other,soundwel
C:\py\pigsound\pig-sound-classification\data\raw\soundwel\FBNFBNOpenField06022014VT1LFs4.wav,other,soundwel
C:\py\pigsound\pig-sound-classification\data\raw\soundwel\FBNFBNOpenField06022014VT1LFs5.wav,other,soundwel
C:\py\pigsound\pig-sound-classification\data\raw\soundwel\FBNFBNOpenField06022014VT1LFs6.wav,other,soundwel
C:\py\pigsound\pig-sound-classification\data\raw\soundwel\FBNFBNOpenField06022014VT2HFm1.wav,other,soundwel
C:\py\pigsound\pig-sound-classification\data\raw\soundwel\FBNFBNOpenField06022014VT2HFm2.wav,other,soundwel
C:\py\pigsound\pig-sound-classification\data\raw\soundwel\FBNFBNOpenField06022014VT2HFm3.wav,other,soundwel
C:\py\pigsound\pig-sound-classification\data\raw\soundwel\FBNFBNOpenField06022014VT2HFm4.wav,other,soundwel
C:\py\pigsound\pig-sound-classification\data\raw\soundwel\FBNFBNOpenField06022014VT2HFm5.wav,other,soundwel
C:\py\pigsound\pig-sound-classification\data\raw\soundwel\FBNFBNOpenField06022014VT2HFm6.wav,other,soundwel
C:\py\pigsound\pig-sound-classification\data\raw\soundwel\FBNFBNOpenField06022014VT2HFs1.wav,other,soundwel
C:\py\pigsound\pig-sound-classification\data\raw\soundwel\FBNFBNOpenField06022014VT2HFs2.wav,other,soundwel
C:\py\pigsound\pig-sound-classification\data\raw\soundwel\FBNFBNOpenField06022014VT2HFs3.wav,other,soundwel
C:\py\pigsound\pig-sound-classification\data\raw\soundwel\FBNFBNOpenField06022014VT2HFs4.wav,other,soundwel
C:\py\pigsound\pig-sound-classification\data\raw\soundwel\FBNFBNOpenField06022014VT2HFs5.wav,other,soundwel
C:\py\pigsound\pig-sound-classification\data\raw\soundwel\FBNFBNOpenField06022014VT2HFs6.wav,other,soundwel
C:\py\pigsound\pig-sound-classification\data\raw\soundwel\FBNFBNOpenField06022014VT2LFm1.wav,other,soundwel
C:\py\pigsound\pig-sound-classification\data\raw\soundwel\FBNFBNOpenField06022014VT2LFm2.wav,other,soundwel
C:\py\pigsound\pig-sound-classification\data\raw\soundwel\FBNFBNOpenField06022014VT2LFm3.wav,other,soundwel
C:\py\pigsound\pig-sound-classification\data\raw\soundwel\FBNFBNOpenField06022014VT2LFm4.wav,other,soundwel
C:\py\pigsound\pig-sound-classification\data\raw\soundwel\FBNFBNOpenField06022014VT2LFm5.wav,other,soundwel
C:\py\pigsound\pig-sound-classification\data\raw\soundwel\FBNFBNOpenField06022014VT2LFm6.wav,other,soundwel
C:\py\pigsound\pig-sound-classification\data\raw\soundwel\FBNFBNOpenField06022014VT2LFs1.wav,other,soundwel
C:\py\pigsound\pig-sound-classification\data\raw\soundwel\FBNFBNOpenField06022014VT2LFs2.wav,other,soundwel
C:\py\pigsound\pig-sound-classification\data\raw\soundwel\FBNFBNOpenField06022014VT2LFs3.wav,other,soundwel
C:\py\pigsound\pig-sound-classification\data\raw\soundwel\FBNFBNOpenField06022014VT2LFs4.wav,other,soundwel
C:\py\pigsound\pig-sound-classification\data\raw\soundwel\FBNFBNOpenField06022014VT2LFs5.wav,other,soundwel
C:\py\pigsound\pig-sound-classification\data\raw\soundwel\FBNFBNOpenField06022014VT2LFs6.wav,other,soundwel
C:\py\pigsound\pig-sound-classification\data\raw\soundwel\FBNFBNOpenField20032014VT11HFm1.wav,other,soundwel
C:\py\pigsound\pig-sound-classification\data\raw\soundwel\FBNFBNOpenField20032014VT11HFm2.wav,other,soundwel
C:\py\pigsound\pig-sound-classification\data\raw\soundwel\FBNFBNOpenField20032014VT11HFm3.wav,other,soundwel
C:\py\pigsound\pig-sound-classification\data\raw\soundwel\FBNFBNOpenField20032014VT11HFm4.wav,other,soundwel
C:\py\pigsound\pig-sound-classification\data\raw\soundwel\FBNFBNOpenField20032014VT11HFm5.wav,other,soundwel
C:\py\pigsound\pig-sound-classification\data\raw\soundwel\FBNFBNOpenField20032014VT11HFm6.wav,other,soundwel
C:\py\pigsound\pig-sound-classification\data\raw\soundwel\FBNFBNOpenField20032014VT11HFs1.wav,other,soundwel
C:\py\pigsound\pig-sound-classification\data\raw\soundwel\FBNFBNOpenField20032014VT11HFs2.wav,other,soundwel
C:\py\pigsound\pig-sound-classification\data\raw\soundwel\FBNFBNOpenField20032014VT11HFs3.wav,other,soundwel
C:\py\pigsound\pig-sound-classification\data\raw\soundwel\FBNFBNOpenField20032014VT11HFs4.wav,other,soundwel
C:\py\pigsound\pig-sound-classification\data\raw\soundwel\FBNFBNOpenField20032014VT11HFs5.wav,other,soundwel
C:\py\pigsound\pig-sound-classification\data\raw\soundwel\FBNFBNOpenField20032014VT11HFs6.wav,other,soundwel
C:\py\pigsound\pig-sound-classification\data\raw\soundwel\FBNFBNOpenField20032014VT11LFs1.wav,other,soundwel
C:\py\pigsound\pig-sound-classification\data\raw\soundwel\FBNFBNOpenField20032014VT11LFs2.wav,other,soundwel
C:\py\pigsound\pig-sound-classification\data\raw\soundwel\FBNFBNOpenField20032014VT11LFs3.wav,other,soundwel
C:\py\pigsound\pig-sound-classification\data\raw\soundwel\FBNFBNOpenField20032014VT11LFs4.wav,other,soundwel
C:\py\pigsound\pig-sound-classification\data\raw\soundwel\FBNFBNOpenField20032014VT11LFs5.wav,other,soundwel
C:\py\pigsound\pig-sound-classification\data\raw\soundwel\FBNFBNOpenField20032014VT11LFs6.wav,other,soundwel
C:\py\pigsound\pig-sound-classification\data\raw\soundwel\FBNFBNOpenField20032014VT1HFm1.wav,other,soundwel
C:\py\pigsound\pig-sound-classification\data\raw\soundwel\FBNFBNOpenField20032014VT1HFm2.wav,other,soundwel
C:\py\pigsound\pig-sound-classification\data\raw\soundwel\FBNFBNOpenField20032014VT1HFm3.wav,other,soundwel
C:\py\pigsound\pig-sound-classification\data\raw\soundwel\FBNFBNOpenField20032014VT1HFm4.wav,other,soundwel
C:\py\pigsound\pig-sound-classification\data\raw\soundwel\FBNFBNOpenField20032014VT1HFm5.wav,other,soundwel
C:\py\pigsound\pig-sound-classification\data\raw\soundwel\FBNFBNOpenField20032014VT1HFm6.wav,other,soundwel
C:\py\pigsound\pig-sound-classification\data\raw\soundwel\FBNFBNOpenField20032014VT1HFs1.wav,other,soundwel
C:\py\pigsound\pig-sound-classification\data\raw\soundwel\FBNFBNOpenField20032014VT1HFs2.wav,other,soundwel
C:\py\pigsound\pig-sound-classification\data\raw\soundwel\FBNFBNOpenField20032014VT1HFs3.wav,other,soundwel
C:\py\pigsound\pig-sound-classification\data\raw\soundwel\FBNFBNOpenField20032014VT1HFs4.wav,other,soundwel
C:\py\pigsound\pig-sound-classification\data\raw\soundwel\FBNFBNOpenField20032014VT1LFs1.wav,other,soundwel
C:\py\pigsound\pig-sound-classification\data\raw\soundwel\FBNFBNOpenField20032014VT1LFs2.wav,other,soundwel
C:\py\pigsound\pig-sound-classification\data\raw\soundwel\FBNFBNOpenField20032014VT1LFs3.wav,other,soundwel
C:\py\pigsound\pig-sound-classification\data\raw\soundwel\FBNFBNOpenField20032014VT1LFs4.wav,other,soundwel
C:\py\pigsound\pig-sound-classification\data\raw\soundwel\FBNFBNOpenField20032014VT1LFs5.wav,other,soundwel
C:\py\pigsound\pig-sound-classification\data\raw\soundwel\FBNFBNOpenField20032014VT1LFs6.wav,other,soundwel
C:\py\pigsound\pig-sound-classification\data\raw\soundwel\FBNFBNOpenField20032014VT2HFm1.wav,other,soundwel
C:\py\pigsound\pig-sound-classification\data\raw\soundwel\FBNFBNOpenField20032014VT2HFm2.wav,other,soundwel
C:\py\pigsound\pig-sound-classification\data\raw\soundwel\FBNFBNOpenField20032014VT2HFm3.wav,other,soundwel
C:\py\pigsound\pig-sound-classification\data\raw\soundwel\FBNFBNOpenField20032014VT2HFm4.wav,other,soundwel
C:\py\pigsound\pig-sound-classification\data\raw\soundwel\FBNFBNOpenField20032014VT2HFm5.wav,other,soundwel
C:\py\pigsound\pig-sound-classification\data\raw\soundwel\FBNFBNOpenField20032014VT2HFm6.wav,other,soundwel
C:\py\pigsound\pig-sound-classification\data\raw\soundwel\FBNFBNOpenField20032014VT2HFs1.wav,other,soundwel
C:\py\pigsound\pig-sound-classification\data\raw\soundwel\FBNFBNOpenField20032014VT2HFs2.wav,other,soundwel
C:\py\pigsound\pig-sound-classification\data\raw\soundwel\FBNFBNOpenField20032014VT2HFs3.wav,other,soundwel
C:\py\pigsound\pig-sound-classification\data\raw\soundwel\FBNFBNOpenField20032014VT2HFs4.wav,other,soundwel
C:\py\pigsound\pig-sound-classification\data\raw\soundwel\FBNFBNOpenField20032014VT2HFs5.wav,other,soundwel
C:\py\pigsound\pig-sound-classification\data\raw\soundwel\FBNFBNOpenField20032014VT2HFs6.wav,other,soundwel
C:\py\pigsound\pig-sound-classification\data\raw\soundwel\FBNFBNOpenField20032014VT2LFs1.wav,other,soundwel
C:\py\pigsound\pig-sound-classification\data\raw\soundwel\FBNFBNOpenField20032014VT2LFs2.wav,other,soundwel
C:\py\pigsound\pig-sound-classification\data\raw\soundwel\FBNFBNOpenField20032014VT2LFs3.wav,other,soundwel
C:\py\pigsound\pig-sound-classification\data\raw\soundwel\FBNFBNOpenField20032014VT2LFs4.wav,other,soundwel
C:\py\pigsound\pig-sound-classification\data\raw\soundwel\FBNFBNOpenField20032014VT2LFs5.wav,other,soundwel
C:\py\pigsound\pig-sound-classification\data\raw\soundwel\FBNFBNOpenField20032014VT2LFs6.wav,other,soundwel
C:\py\pigsound\pig-sound-classification\data\raw\soundwel\FBNFBNOpenField20032014VT7HFm1.wav,other,soundwel
C:\py\pigsound\pig-sound-classification\data\raw\soundwel\FBNFBNOpenField20032014VT7HFm2.wav,other,soundwel
C:\py\pigsound\pig-sound-classification\data\raw\soundwel\FBNFBNOpenField20032014VT7HFm3.wav,other,soundwel
C:\py\pigsound\pig-sound-classification\data\raw\soundwel\FBNFBNOpenField20032014VT7HFm4.wav,other,soundwel
C:\py\pigsound\pig-sound-classification\data\raw\soundwel\FBNFBNOpenField20032014VT7HFm5.wav,other,soundwel
C:\py\pigsound\pig-sound-classification\data\raw\soundwel\FBNFBNOpenField20032014VT7HFm6.wav,other,soundwel
C:\py\pigsound\pig-sound-classification\data\raw\soundwel\FBNFBNOpenField20032014VT7HFs1.wav,other,soundwel
C:\py\pigsound\pig-sound-classification\data\raw\soundwel\FBNFBNOpenField20032014VT7HFs2.wav,other,soundwel
C:\py\pigsound\pig-sound-classification\data\raw\soundwel\FBNFBNOpenField20032014VT7HFs3.wav,other,soundwel
C:\py\pigsound\pig-sound-classification\data\raw\soundwel\FBNFBNOpenField20032014VT7HFs5.wav,other,soundwel
C:\py\pigsound\pig-sound-classification\data\raw\soundwel\FBNFBNOpenField20032014VT7HFs6.wav,other,soundwel
C:\py\pigsound\pig-sound-classification\data\raw\soundwel\FBNFBNOpenField20032014VT7LFs1.wav,other,soundwel
C:\py\pigsound\pig-sound-classification\data\raw\soundwel\FBNFBNOpenField20032014VT7LFs2.wav,other,soundwel
C:\py\pigsound\pig-sound-classification\data\raw\soundwel\FBNFBNOpenField20032014VT7LFs3.wav,other,soundwel
C:\py\pigsound\pig-sound-classification\data\raw\soundwel\FBNFBNOpenField20032014VT7LFs4.wav,other,soundwel
C:\py\pigsound\pig-sound-classification\data\raw\soundwel\FBNFBNOpenField20032014VT7LFs5.wav,other,soundwel
C:\py\pigsound\pig-sound-classification\data\raw\soundwel\FBNFBNOpenField20032014VT7LFs6.wav,other,soundwel
C:\py\pigsound\pig-sound-classification\data\raw\soundwel\FBNFBNOpenField24072014VT15HFm1.wav,other,soundwel
C:\py\pigsound\pig-sound-classification\data\raw\soundwel\FBNFBNOpenField24072014VT15HFm2.wav,other,soundwel
C:\py\pigsound\pig-sound-classification\data\raw\soundwel\FBNFBNOpenField24072014VT15HFm3.wav,other,soundwel
C:\py\pigsound\pig-sound-classification\data\raw\soundwel\FBNFBNOpenField24072014VT15HFm4.wav,other,soundwel
C:\py\pigsound\pig-sound-classification\data\raw\soundwel\FBNFBNOpenField24072014VT15HFm5.wav,other,soundwel
C:\py\pigsound\pig-sound-classification\data\raw\soundwel\FBNFBNOpenField24072014VT15HFm6.wav,other,soundwel
C:\py\pigsound\pig-sound-classification\data\raw\soundwel\FBNFBNOpenField24072014VT15HFs1.wav,other,soundwel
C:\py\pigsound\pig-sound-classification\data\raw\soundwel\FBNFBNOpenField24072014VT15HFs2.wav,other,soundwel
C:\py\pigsound\pig-sound-classification\data\raw\soundwel\FBNFBNOpenField24072014VT15HFs3.wav,other,soundwel
C:\py\pigsound\pig-sound-classification\data\raw\soundwel\FBNFBNOpenField24072014VT15HFs4.wav,other,soundwel
C:\py\pigsound\pig-sound-classification\data\raw\soundwel\FBNFBNOpenField24072014VT15HFs5.wav,other,soundwel
C:\py\pigsound\pig-sound-classification\data\raw\soundwel\FBNFBNOpenField24072014VT15LFs1.wav,other,soundwel
C:\py\pigsound\pig-sound-classification\data\raw\soundwel\FBNFBNOpenField24072014VT15LFs2.wav,other,soundwel
C:\py\pigsound\pig-sound-classification\data\raw\soundwel\FBNFBNOpenField24072014VT15LFs3.wav,other,soundwel
C:\py\pigsound\pig-sound-classification\data\raw\soundwel\FBNFBNOpenField24072014VT15LFs4.wav,other,soundwel
C:\py\pigsound\pig-sound-classification\data\raw\soundwel\FBNFBNOpenField24072014VT15LFs5.wav,other,soundwel
C:\py\pigsound\pig-sound-classification\data\raw\soundwel\FBNFBNOpenField24072014VT15LFs6.wav,other,soundwel
C:\py\pigsound\pig-sound-classification\data\raw\soundwel\FBNFBNOpenField24072014VT4HFm1.wav,other,soundwel
C:\py\pigsound\pig-sound-classification\data\raw\soundwel\FBNFBNOpenField24072014VT4HFm2.wav,other,soundwel
C:\py\pigsound\pig-sound-classification\data\raw\soundwel\FBNFBNOpenField24072014VT4HFm3.wav,other,soundwel
C:\py\pigsound\pig-sound-classification\data\raw\soundwel\FBNFBNOpenField24072014VT4HFm4.wav,other,soundwel
C:\py\pigsound\pig-sound-classification\data\raw\soundwel\FBNFBNOpenField24072014VT4HFm5.wav,other,soundwel
C:\py\pigsound\pig-sound-classification\data\raw\soundwel\FBNFBNOpenField24072014VT4HFm6.wav,other,soundwel
C:\py\pigsound\pig-sound-classification\data\raw\soundwel\FBNFBNOpenField24072014VT4HFs1.wav,other,soundwel
C:\py\pigsound\pig-sound-classification\data\raw\soundwel\FBNFBNOpenField24072014VT4HFs2.wav,other,soundwel
C:\py\pigsound\pig-sound-classification\data\raw\soundwel\FBNFBNOpenField24072014VT4HFs3.wav,other,soundwel
C:\py\pigsound\pig-sound-classification\data\raw\soundwel\FBNFBNOpenField24072014VT4HFs4.wav,other,soundwel
C:\py\pigsound\pig-sound-classification\data\raw\soundwel\FBNFBNOpenField24072014VT4HFs5.wav,other,soundwel
C:\py\pigsound\pig-sound-classification\data\raw\soundwel\FBNFBNOpenField24072014VT4HFs6.wav,other,soundwel
C:\py\pigsound\pig-sound-classification\data\raw\soundwel\FBNFBNOpenField24072014VT4LFs1.wav,other,soundwel
C:\py\pigsound\pig-sound-classification\data\raw\soundwel\FBNFBNOpenField24072014VT4LFs2.wav,other,soundwel
C:\py\pigsound\pig-sound-classification\data\raw\soundwel\FBNFBNOpenField24072014VT4LFs3.wav,other,soundwel
C:\py\pigsound\pig-sound-classification\data\raw\soundwel\FBNFBNOpenField24072014VT4LFs4.wav,other,soundwel
C:\py\pigsound\pig-sound-classification\data\raw\soundwel\FBNFBNOpenField24072014VT4LFs5.wav,other,soundwel
C:\py\pigsound\pig-sound-classification\data\raw\soundwel\FBNFBNOpenField24072014VT4LFs6.wav,other,soundwel
C:\py\pigsound\pig-sound-classification\data\raw\soundwel\FBNFBNOpenField24072014VT6HFm1.wav,other,soundwel
C:\py\pigsound\pig-sound-classification\data\raw\soundwel\FBNFBNOpenField24072014VT6HFm2.wav,other,soundwel
C:\py\pigsound\pig-sound-classification\data\raw\soundwel\FBNFBNOpenField24072014VT6HFm3.wav,other,soundwel
C:\py\pigsound\pig-sound-classification\data\raw\soundwel\FBNFBNOpenField24072014VT6HFm4.wav,other,soundwel
C:\py\pigsound\pig-sound-classification\data\raw\soundwel\FBNFBNOpenField24072014VT6HFm5.wav,other,soundwel
C:\py\pigsound\pig-sound-classification\data\raw\soundwel\FBNFBNOpenField24072014VT6HFm6.wav,other,soundwel
C:\py\pigsound\pig-sound-classification\data\raw\soundwel\FBNFBNOpenField24072014VT6HFs1.wav,other,soundwel
C:\py\pigsound\pig-sound-classification\data\raw\soundwel\FBNFBNOpenField24072014VT6HFs2.wav,other,soundwel
C:\py\pigsound\pig-sound-classification\data\raw\soundwel\FBNFBNOpenField24072014VT6HFs4.wav,other,soundwel
C:\py\pigsound\pig-sound-classification\data\raw\soundwel\FBNFBNOpenField24072014VT6HFs5.wav,other,soundwel
C:\py\pigsound\pig-sound-classification\data\raw\soundwel\FBNFBNOpenField24072014VT6HFs6.wav,other,soundwel
C:\py\pigsound\pig-sound-classification\data\raw\soundwel\FBNFBNOpenField24072014VT6LFs1.wav,other,soundwel
C:\py\pigsound\pig-sound-classification\data\raw\soundwel\FBNFBNOpenField24072014VT6LFs2.wav,other,soundwel
C:\py\pigsound\pig-sound-classification\data\raw\soundwel\FBNFBNOpenField24072014VT6LFs3.wav,other,soundwel
C:\py\pigsound\pig-sound-classification\data\raw\soundwel\FBNFBNOpenField24072014VT6LFs4.wav,other,soundwel
C:\py\pigsound\pig-sound-classification\data\raw\soundwel\FBNFBNOpenField24072014VT6LFs5.wav,other,soundwel
C:\py\pigsound\pig-sound-classification\data\raw\soundwel\FBNFBNOpenField24072014VT6LFs6.wav,other,soundwel
C:\py\pigsound\pig-sound-classification\data\raw\soundwel\FBNFBNOpenField24072014VT8HFm1.wav,other,soundwel
C:\py\pigsound\pig-sound-classification\data\raw\soundwel\FBNFBNOpenField24072014VT8HFm2.wav,other,soundwel
C:\py\pigsound\pig-sound-classification\data\raw\soundwel\FBNFBNOpenField24072014VT8HFm3.wav,other,soundwel
C:\py\pigsound\pig-sound-classification\data\raw\soundwel\FBNFBNOpenField24072014VT8HFm4.wav,other,soundwel
C:\py\pigsound\pig-sound-classification\data\raw\soundwel\FBNFBNOpenField24072014VT8HFm5.wav,other,soundwel
C:\py\pigsound\pig-sound-classification\data\raw\soundwel\FBNFBNOpenField24072014VT8HFm6.wav,other,soundwel
C:\py\pigsound\pig-sound-classification\data\raw\soundwel\FBNFBNOpenField24072014VT8HFs1.wav,other,soundwel
C:\py\pigsound\pig-sound-classification\data\raw\soundwel\FBNFBNOpenField24072014VT8HFs2.wav,other,soundwel
C:\py\pigsound\pig-sound-classification\data\raw\soundwel\FBNFBNOpenField24072014VT8HFs3.wav,other,soundwel
C:\py\pigsound\pig-sound-classification\data\raw\soundwel\FBNFBNOpenField24072014VT8HFs4.wav,other,soundwel
C:\py\pigsound\pig-sound-classification\data\raw\soundwel\FBNFBNOpenField24072014VT8HFs5.wav,other,soundwel
C:\py\pigsound\pig-sound-classification\data\raw\soundwel\FBNFBNOpenField24072014VT8HFs6.wav,other,soundwel
C:\py\pigsound\pig-sound-classification\data\raw\soundwel\FBNFBNOpenField24072014VT8LFs1.wav,other,soundwel
C:\py\pigsound\pig-sound-classification\data\raw\soundwel\FBNFBNOpenField24072014VT8LFs2.wav,other,soundwel
C:\py\pigsound\pig-sound-classification\data\raw\soundwel\FBNFBNOpenField24072014VT8LFs3.wav,other,soundwel
C:\py\pigsound\pig-sound-classification\data\raw\soundwel\FBNFBNOpenField24072014VT8LFs4.wav,other,soundwel
C:\py\pigsound\pig-sound-classification\data\raw\soundwel\FBNFBNOpenField24072014VT8LFs5.wav,other,soundwel
C:\py\pigsound\pig-sound-classification\data\raw\soundwel\FBNFBNOpenField24072014VT8LFs6.wav,other,soundwel
C:\py\pigsound\pig-sound-classification\data\raw\soundwel\FBNFBNOpenField27022014VT1HFm1.wav,other,soundwel
C:\py\pigsound\pig-sound-classification\data\raw\soundwel\FBNFBNOpenField27022014VT1HFm2.wav,other,soundwel
C:\py\pigsound\pig-sound-classification\data\raw\soundwel\FBNFBNOpenField27022014VT1HFm3.wav,other,soundwel
C:\py\pigsound\pig-sound-classification\data\raw\soundwel\FBNFBNOpenField27022014VT1HFm4.wav,other,soundwel
C:\py\pigsound\pig-sound-classification\data\raw\soundwel\FBNFBNOpenField27022014VT1HFm5.wav,other,soundwel
C:\py\pigsound\pig-sound-classification\data\raw\soundwel\FBNFBNOpenField27022014VT1HFm6.wav,other,soundwel
C:\py\pigsound\pig-sound-classification\data\raw\soundwel\FBNFBNOpenField27022014VT1HFs1.wav,other,soundwel
C:\py\pigsound\pig-sound-classification\data\raw\soundwel\FBNFBNOpenField27022014VT1HFs2.wav,other,soundwel
C:\py\pigsound\pig-sound-classification\data\raw\soundwel\FBNFBNOpenField27022014VT1HFs3.wav,other,soundwel
C:\py\pigsound\pig-sound-classification\data\raw\soundwel\FBNFBNOpenField27022014VT1HFs4.wav,other,soundwel
C:\py\pigsound\pig-sound-classification\data\raw\soundwel\FBNFBNOpenField27022014VT1HFs5.wav,other,soundwel
C:\py\pigsound\pig-sound-classification\data\raw\soundwel\FBNFBNOpenField27022014VT1HFs6.wav,other,soundwel
C:\py\pigsound\pig-sound-classification\data\raw\soundwel\FBNFBNOpenField27022014VT1LFs1.wav,other,soundwel
C:\py\pigsound\pig-sound-classification\data\raw\soundwel\FBNFBNOpenField27022014VT1LFs2.wav,other,soundwel
C:\py\pigsound\pig-sound-classification\data\raw\soundwel\FBNFBNOpenField27022014VT1LFs3.wav,other,soundwel
C:\py\pigsound\pig-sound-classification\data\raw\soundwel\FBNFBNOpenField27022014VT1LFs4.wav,other,soundwel
C:\py\pigsound\pig-sound-classification\data\raw\soundwel\FBNFBNOpenField27022014VT1LFs5.wav,other,soundwel
C:\py\pigsound\pig-sound-classification\data\raw\soundwel\FBNFBNOpenField27022014VT1LFs6.wav,other,soundwel
C:\py\pigsound\pig-sound-classification\data\raw\soundwel\FBNFBNOpenField27022014VT2HFm1.wav,other,soundwel
C:\py\pigsound\pig-sound-classification\data\raw\soundwel\FBNFBNOpenField27022014VT2HFm2.wav,other,soundwel
C:\py\pigsound\pig-sound-classification\data\raw\soundwel\FBNFBNOpenField27022014VT2HFm3.wav,other,soundwel
C:\py\pigsound\pig-sound-classification\data\raw\soundwel\FBNFBNOpenField27022014VT2HFm4.wav,other,soundwel
C:\py\pigsound\pig-sound-classification\data\raw\soundwel\FBNFBNOpenField27022014VT2HFm5.wav,other,soundwel
C:\py\pigsound\pig-sound-classification\data\raw\soundwel\FBNFBNOpenField27022014VT2HFm6.wav,other,soundwel
C:\py\pigsound\pig-sound-classification\data\raw\soundwel\FBNFBNOpenField27022014VT2HFs1.wav,other,soundwel
C:\py\pigsound\pig-sound-classification\data\raw\soundwel\FBNFBNOpenField27022014VT2HFs2.wav,other,soundwel
C:\py\pigsound\pig-sound-classification\data\raw\soundwel\FBNFBNOpenField27022014VT2HFs3.wav,other,soundwel
C:\py\pigsound\pig-sound-classification\data\raw\soundwel\FBNFBNOpenField27022014VT2HFs4.wav,other,soundwel
C:\py\pigsound\pig-sound-classification\data\raw\soundwel\FBNFBNOpenField27022014VT2HFs5.wav,other,soundwel
C:\py\pigsound\pig-sound-classification\data\raw\soundwel\FBNFBNOpenField27022014VT2HFs6.wav,other,soundwel
C:\py\pigsound\pig-sound-classification\data\raw\soundwel\FBNFBNOpenField27022014VT2LFs1.wav,other,soundwel
C:\py\pigsound\pig-sound-classification\data\raw\soundwel\FBNFBNOpenField27022014VT2LFs2.wav,other,soundwel
C:\py\pigsound\pig-sound-classification\data\raw\soundwel\FBNFBNOpenField27022014VT2LFs3.wav,other,soundwel
C:\py\pigsound\pig-sound-classification\data\raw\soundwel\FBNFBNOpenField27022014VT2LFs4.wav,other,soundwel
C:\py\pigsound\pig-sound-classification\data\raw\soundwel\FBNFBNOpenField27022014VT2LFs5.wav,other,soundwel
C:\py\pigsound\pig-sound-classification\data\raw\soundwel\FBNFBNOpenField27022014VT2LFs6.wav,other,soundwel
C:\py\pigsound\pig-sound-classification\data\raw\soundwel\FBNFBNPositiveConditioning03042014VT12LFs1.wav,other,soundwel
C:\py\pigsound\pig-sound-classification\data\raw\soundwel\FBNFBNPositiveConditioning03042014VT12LFs2.wav,other,soundwel
C:\py\pigsound\pig-sound-classification\data\raw\soundwel\FBNFBNPositiveConditioning03042014VT12LFs3.wav,other,soundwel
C:\py\pigsound\pig-sound-classification\data\raw\soundwel\FBNFBNPositiveConditioning03042014VT12LFs4.wav,other,soundwel
C:\py\pigsound\pig-sound-classification\data\raw\soundwel\FBNFBNPositiveConditioning03042014VT12LFs5.wav,other,soundwel
C:\py\pigsound\pig-sound-classification\data\raw\soundwel\FBNFBNPositiveConditioning03042014VT12LFs6.wav,other,soundwel
C:\py\pigsound\pig-sound-classification\data\raw\soundwel\FBNFBNPositiveConditioning03042014VT7LFs1.wav,other,soundwel
C:\py\pigsound\pig-sound-classification\data\raw\soundwel\FBNFBNPositiveConditioning03042014VT7LFs2.wav,other,soundwel
C:\py\pigsound\pig-sound-classification\data\raw\soundwel\FBNFBNPositiveConditioning03042014VT7LFs3.wav,other,soundwel
C:\py\pigsound\pig-sound-classification\data\raw\soundwel\FBNFBNPositiveConditioning03042014VT7LFs4.wav,other,soundwel
C:\py\pigsound\pig-sound-classification\data\raw\soundwel\FBNFBNPositiveConditioning03042014VT7LFs5.wav,other,soundwel
C:\py\pigsound\pig-sound-classification\data\raw\soundwel\FBNFBNPositiveConditioning03042014VT7LFs6.wav,other,soundwel
C:\py\pigsound\pig-sound-classification\data\raw\soundwel\FBNFBNPositiveConditioning03042014VT8LFs1.wav,other,soundwel
C:\py\pigsound\pig-sound-classification\data\raw\soundwel\FBNFBNPositiveConditioning03042014VT8LFs2.wav,other,soundwel
C:\py\pigsound\pig-sound-classification\data\raw\soundwel\FBNFBNPositiveConditioning03042014VT8LFs3.wav,other,soundwel
C:\py\pigsound\pig-sound-classification\data\raw\soundwel\FBNFBNPositiveConditioning03042014VT8LFs4.wav,other,soundwel
C:\py\pigsound\pig-sound-classification\data\raw\soundwel\FBNFBNPositiveConditioning03042014VT8LFs5.wav,other,soundwel
C:\py\pigsound\pig-sound-classification\data\raw\soundwel\FBNFBNPositiveConditioning03042014VT8LFs6.wav,other,soundwel
C:\py\pigsound\pig-sound-classification\data\raw\soundwel\FBNFBNPositiveConditioning07082014VT15LFs1.wav,other,soundwel
C:\py\pigsound\pig-sound-classification\data\raw\soundwel\FBNFBNPositiveConditioning07082014VT15LFs2.wav,other,soundwel
C:\py\pigsound\pig-sound-classification\data\raw\soundwel\FBNFBNPositiveConditioning07082014VT15LFs3.wav,other,soundwel
C:\py\pigsound\pig-sound-classification\data\raw\soundwel\FBNFBNPositiveConditioning07082014VT15LFs4.wav,other,soundwel
C:\py\pigsound\pig-sound-classification\data\raw\soundwel\FBNFBNPositiveConditioning07082014VT15LFs5.wav,other,soundwel
C:\py\pigsound\pig-sound-classification\data\raw\soundwel\FBNFBNPositiveConditioning07082014VT15LFs6.wav,other,soundwel
C:\py\pigsound\pig-sound-classification\data\raw\soundwel\FBNFBNPositiveConditioning07082014VT1LFs1.wav,other,soundwel
C:\py\pigsound\pig-sound-classification\data\raw\soundwel\FBNFBNPositiveConditioning07082014VT1LFs2.wav,other,soundwel
C:\py\pigsound\pig-sound-classification\data\raw\soundwel\FBNFBNPositiveConditioning07082014VT1LFs3.wav,other,soundwel
C:\py\pigsound\pig-sound-classification\data\raw\soundwel\FBNFBNPositiveConditioning07082014VT1LFs4.wav,other,soundwel
C:\py\pigsound\pig-sound-classification\data\raw\soundwel\FBNFBNPositiveConditioning07082014VT1LFs5.wav,other,soundwel
C:\py\pigsound\pig-sound-classification\data\raw\soundwel\FBNFBNPositiveConditioning07082014VT1LFs6.wav,other,soundwel
C:\py\pigsound\pig-sound-classification\data\raw\soundwel\FBNFBNPositiveConditioning07082014VT6LFs1.wav,other,soundwel
C:\py\pigsound\pig-sound-classification\data\raw\soundwel\FBNFBNPositiveConditioning07082014VT6LFs2.wav,other,soundwel
C:\py\pigsound\pig-sound-classification\data\raw\soundwel\FBNFBNPositiveConditioning07082014VT6LFs3.wav,other,soundwel
C:\py\pigsound\pig-sound-classification\data\raw\soundwel\FBNFBNPositiveConditioning07082014VT6LFs4.wav,other,soundwel
C:\py\pigsound\pig-sound-classification\data\raw\soundwel\FBNFBNPositiveConditioning07082014VT6LFs5.wav,other,soundwel
C:\py\pigsound\pig-sound-classification\data\raw\soundwel\FBNFBNPositiveConditioning07082014VT6LFs6.wav,other,soundwel
C:\py\pigsound\pig-sound-classification\data\raw\soundwel\FBNFBNPositiveConditioning13032014VT14LFs1.wav,other,soundwel
C:\py\pigsound\pig-sound-classification\data\raw\soundwel\FBNFBNPositiveConditioning13032014VT14LFs2.wav,other,soundwel
C:\py\pigsound\pig-sound-classification\data\raw\soundwel\FBNFBNPositiveConditioning13032014VT14LFs3.wav,other,soundwel
C:\py\pigsound\pig-sound-classification\data\raw\soundwel\FBNFBNPositiveConditioning13032014VT14LFs4.wav,other,soundwel
C:\py\pigsound\pig-sound-classification\data\raw\soundwel\FBNFBNPositiveConditioning13032014VT14LFs5.wav,other,soundwel
C:\py\pigsound\pig-sound-classification\data\raw\soundwel\FBNFBNPositiveConditioning13032014VT14LFs6.wav,other,soundwel
C:\py\pigsound\pig-sound-classification\data\raw\soundwel\FBNFBNPositiveConditioning13032014VT8LFs1.wav,other,soundwel
C:\py\pigsound\pig-sound-classification\data\raw\soundwel\FBNFBNPositiveConditioning13032014VT8LFs2.wav,other,soundwel
C:\py\pigsound\pig-sound-classification\data\raw\soundwel\FBNFBNPositiveConditioning13032014VT8LFs3.wav,other,soundwel
C:\py\pigsound\pig-sound-classification\data\raw\soundwel\FBNFBNPositiveConditioning13032014VT8LFs4.wav,other,soundwel
C:\py\pigsound\pig-sound-classification\data\raw\soundwel\FBNFBNPositiveConditioning13032014VT8LFs5.wav,other,soundwel
C:\py\pigsound\pig-sound-classification\data\raw\soundwel\FBNFBNPositiveConditioning13032014VT8LFs6.wav,other,soundwel
C:\py\pigsound\pig-sound-classification\data\raw\soundwel\FBNFBNPositiveConditioning15052014VT14LFs1.wav,other,soundwel
C:\py\pigsound\pig-sound-classification\data\raw\soundwel\FBNFBNPositiveConditioning15052014VT14LFs2.wav,other,soundwel
C:\py\pigsound\pig-sound-classification\data\raw\soundwel\FBNFBNPositiveConditioning15052014VT14LFs3.wav,other,soundwel
C:\py\pigsound\pig-sound-classification\data\raw\soundwel\FBNFBNPositiveConditioning15052014VT14LFs4.wav,other,soundwel
C:\py\pigsound\pig-sound-classification\data\raw\soundwel\FBNFBNPositiveConditioning15052014VT14LFs5.wav,other,soundwel
C:\py\pigsound\pig-sound-classification\data\raw\soundwel\FBNFBNPositiveConditioning15052014VT14LFs6.wav,other,soundwel
C:\py\pigsound\pig-sound-classification\data\raw\soundwel\FBNFBNPositiveConditioning15052014VT8LFs1.wav,other,soundwel
C:\py\pigsound\pig-sound-classification\data\raw\soundwel\FBNFBNPositiveConditioning15052014VT8LFs2.wav,other,soundwel
C:\py\pigsound\pig-sound-classification\data\raw\soundwel\FBNFBNPositiveConditioning15052014VT8LFs3.wav,other,soundwel
C:\py\pigsound\pig-sound-classification\data\raw\soundwel\FBNFBNPositiveConditioning15052014VT8LFs4.wav,other,soundwel
C:\py\pigsound\pig-sound-classification\data\raw\soundwel\FBNFBNPositiveConditioning15052014VT8LFs5.wav,other,soundwel
C:\py\pigsound\pig-sound-classification\data\raw\soundwel\FBNFBNPositiveConditioning15052014VT9LFs1.wav,other,soundwel
C:\py\pigsound\pig-sound-classification\data\raw\soundwel\FBNFBNPositiveConditioning15052014VT9LFs2.wav,other,soundwel
C:\py\pigsound\pig-sound-classification\data\raw\soundwel\FBNFBNPositiveConditioning15052014VT9LFs3.wav,other,soundwel
C:\py\pigsound\pig-sound-classification\data\raw\soundwel\FBNFBNPositiveConditioning15052014VT9LFs4.wav,other,soundwel
C:\py\pigsound\pig-sound-classification\data\raw\soundwel\FBNFBNPositiveConditioning15052014VT9LFs5.wav,other,soundwel
C:\py\pigsound\pig-sound-classification\data\raw\soundwel\FBNFBNPositiveConditioning15052014VT9LFs6.wav,other,soundwel
C:\py\pigsound\pig-sound-classification\data\raw\soundwel\FBNFBNPositiveConditioning17072014VT4LFs1.wav,other,soundwel
C:\py\pigsound\pig-sound-classification\data\raw\soundwel\FBNFBNPositiveConditioning17072014VT4LFs2.wav,other,soundwel
C:\py\pigsound\pig-sound-classification\data\raw\soundwel\FBNFBNPositiveConditioning17072014VT4LFs3.wav,other,soundwel
C:\py\pigsound\pig-sound-classification\data\raw\soundwel\FBNFBNPositiveConditioning17072014VT4LFs4.wav,other,soundwel
C:\py\pigsound\pig-sound-classification\data\raw\soundwel\FBNFBNPositiveConditioning17072014VT4LFs5.wav,other,soundwel
C:\py\pigsound\pig-sound-classification\data\raw\soundwel\FBNFBNPositiveConditioning17072014VT4LFs6.wav,other,soundwel
C:\py\pigsound\pig-sound-classification\data\raw\soundwel\FBNFBNPositiveConditioning17072014VT7LFs1.wav,other,soundwel
C:\py\pigsound\pig-sound-classification\data\raw\soundwel\FBNFBNPositiveConditioning17072014VT7LFs2.wav,other,soundwel
C:\py\pigsound\pig-sound-classification\data\raw\soundwel\FBNFBNPositiveConditioning17072014VT7LFs3.wav,other,soundwel
C:\py\pigsound\pig-sound-classification\data\raw\soundwel\FBNFBNPositiveConditioning17072014VT7LFs4.wav,other,soundwel
C:\py\pigsound\pig-sound-classification\data\raw\soundwel\FBNFBNPositiveConditioning17072014VT7LFs5.wav,other,soundwel
C:\py\pigsound\pig-sound-classification\data\raw\soundwel\FBNFBNPositiveConditioning17072014VT7LFs6.wav,other,soundwel
C:\py\pigsound\pig-sound-classification\data\raw\soundwel\FBNFBNPositiveConditioning17072014VT9LFs1.wav,other,soundwel
C:\py\pigsound\pig-sound-classification\data\raw\soundwel\FBNFBNPositiveConditioning17072014VT9LFs2.wav,other,soundwel
C:\py\pigsound\pig-sound-classification\data\raw\soundwel\FBNFBNPositiveConditioning17072014VT9LFs3.wav,other,soundwel
C:\py\pigsound\pig-sound-classification\data\raw\soundwel\FBNFBNPositiveConditioning17072014VT9LFs4.wav,other,soundwel
C:\py\pigsound\pig-sound-classification\data\raw\soundwel\FBNFBNPositiveConditioning17072014VT9LFs5.wav,other,soundwel
C:\py\pigsound\pig-sound-classification\data\raw\soundwel\FBNFBNPositiveConditioning17072014VT9LFs6.wav,other,soundwel
C:\py\pigsound\pig-sound-classification\data\raw\soundwel\FBNFBNPositiveConditioning20022014VT13LFs1.wav,other,soundwel
C:\py\pigsound\pig-sound-classification\data\raw\soundwel\FBNFBNPositiveConditioning20022014VT13LFs2.wav,other,soundwel
C:\py\pigsound\pig-sound-classification\data\raw\soundwel\FBNFBNPositiveConditioning20022014VT13LFs3.wav,other,soundwel
C:\py\pigsound\pig-sound-classification\data\raw\soundwel\FBNFBNPositiveConditioning20022014VT13LFs4.wav,other,soundwel
C:\py\pigsound\pig-sound-classification\data\raw\soundwel\FBNFBNPositiveConditioning20022014VT13LFs5.wav,other,soundwel
C:\py\pigsound\pig-sound-classification\data\raw\soundwel\FBNFBNPositiveConditioning20022014VT13LFs6.wav,other,soundwel
C:\py\pigsound\pig-sound-classification\data\raw\soundwel\FBNFBNPositiveConditioning20022014VT8LFs1.wav,other,soundwel
C:\py\pigsound\pig-sound-classification\data\raw\soundwel\FBNFBNPositiveConditioning20022014VT8LFs2.wav,other,soundwel
C:\py\pigsound\pig-sound-classification\data\raw\soundwel\FBNFBNPositiveConditioning20022014VT8LFs3.wav,other,soundwel
C:\py\pigsound\pig-sound-classification\data\raw\soundwel\FBNFBNPositiveConditioning20022014VT8LFs4.wav,other,soundwel
C:\py\pigsound\pig-sound-classification\data\raw\soundwel\FBNFBNPositiveConditioning20022014VT8LFs5.wav,other,soundwel
C:\py\pigsound\pig-sound-classification\data\raw\soundwel\FBNFBNPositiveConditioning20022014VT8LFs6.wav,other,soundwel
C:\py\pigsound\pig-sound-classification\data\raw\soundwel\FBNFBNPositiveConditioning20022014VT9LFs1.wav,other,soundwel
C:\py\pigsound\pig-sound-classification\data\raw\soundwel\FBNFBNPositiveConditioning20022014VT9LFs2.wav,other,soundwel
C:\py\pigsound\pig-sound-classification\data\raw\soundwel\FBNFBNPositiveConditioning20022014VT9LFs3.wav,other,soundwel
C:\py\pigsound\pig-sound-classification\data\raw\soundwel\FBNFBNPositiveConditioning20022014VT9LFs4.wav,other,soundwel
C:\py\pigsound\pig-sound-classification\data\raw\soundwel\FBNFBNPositiveConditioning20022014VT9LFs5.wav,other,soundwel
C:\py\pigsound\pig-sound-classification\data\raw\soundwel\FBNFBNPositiveConditioning20022014VT9LFs6.wav,other,soundwel
C:\py\pigsound\pig-sound-classification\data\raw\soundwel\FBNFBNPositiveConditioning24042014VT1LFs1.wav,other,soundwel
C:\py\pigsound\pig-sound-classification\data\raw\soundwel\FBNFBNPositiveConditioning24042014VT1LFs2.wav,other,soundwel
C:\py\pigsound\pig-sound-classification\data\raw\soundwel\FBNFBNPositiveConditioning24042014VT1LFs3.wav,other,soundwel
C:\py\pigsound\pig-sound-classification\data\raw\soundwel\FBNFBNPositiveConditioning24042014VT1LFs4.wav,other,soundwel
C:\py\pigsound\pig-sound-classification\data\raw\soundwel\FBNFBNPositiveConditioning24042014VT1LFs5.wav,other,soundwel
C:\py\pigsound\pig-sound-classification\data\raw\soundwel\FBNFBNPositiveConditioning24042014VT1LFs6.wav,other,soundwel
C:\py\pigsound\pig-sound-classification\data\raw\soundwel\FBNFBNPositiveConditioning24042014VT3LFs1.wav,other,soundwel
C:\py\pigsound\pig-sound-classification\data\raw\soundwel\FBNFBNPositiveConditioning24042014VT3LFs2.wav,other,soundwel
C:\py\pigsound\pig-sound-classification\data\raw\soundwel\FBNFBNPositiveConditioning24042014VT3LFs3.wav,other,soundwel
C:\py\pigsound\pig-sound-classification\data\raw\soundwel\FBNFBNPositiveConditioning24042014VT3LFs4.wav,other,soundwel
C:\py\pigsound\pig-sound-classification\data\raw\soundwel\FBNFBNPositiveConditioning24042014VT3LFs5.wav,other,soundwel
C:\py\pigsound\pig-sound-classification\data\raw\soundwel\FBNFBNPositiveConditioning24042014VT3LFs6.wav,other,soundwel
C:\py\pigsound\pig-sound-classification\data\raw\soundwel\FBNFBNPositiveConditioning24042014VT6LFs1.wav,other,soundwel
C:\py\pigsound\pig-sound-classification\data\raw\soundwel\FBNFBNPositiveConditioning24042014VT6LFs2.wav,other,soundwel
C:\py\pigsound\pig-sound-classification\data\raw\soundwel\FBNFBNPositiveConditioning24042014VT6LFs3.wav,other,soundwel
C:\py\pigsound\pig-sound-classification\data\raw\soundwel\FBNFBNPositiveConditioning24042014VT6LFs4.wav,other,soundwel
C:\py\pigsound\pig-sound-classification\data\raw\soundwel\FBNFBNPositiveConditioning24042014VT6LFs5.wav,other,soundwel
C:\py\pigsound\pig-sound-classification\data\raw\soundwel\FBNFBNPositiveConditioning24042014VT6LFs6.wav,other,soundwel
C:\py\pigsound\pig-sound-classification\data\raw\soundwel\FBNFBNRestrain05022015VT10HFs1.wav,other,soundwel
C:\py\pigsound\pig-sound-classification\data\raw\soundwel\FBNFBNRestrain05022015VT10HFs2.wav,other,soundwel
C:\py\pigsound\pig-sound-classification\data\raw\soundwel\FBNFBNRestrain05022015VT10HFs3.wav,other,soundwel
C:\py\pigsound\pig-sound-classification\data\raw\soundwel\FBNFBNRestrain05022015VT10HFs4.wav,other,soundwel
C:\py\pigsound\pig-sound-classification\data\raw\soundwel\FBNFBNRestrain05022015VT10HFs5.wav,other,soundwel
C:\py\pigsound\pig-sound-classification\data\raw\soundwel\FBNFBNRestrain05022015VT10HFs6.wav,other,soundwel
C:\py\pigsound\pig-sound-classification\data\raw\soundwel\FBNFBNRestrain05022015VT10LFs1.wav,other,soundwel
C:\py\pigsound\pig-sound-classification\data\raw\soundwel\FBNFBNRestrain05022015VT10LFs2.wav,other,soundwel
C:\py\pigsound\pig-sound-classification\data\raw\soundwel\FBNFBNRestrain05022015VT10LFs3.wav,other,soundwel
C:\py\pigsound\pig-sound-classification\data\raw\soundwel\FBNFBNRestrain05022015VT10LFs4.wav,other,soundwel
C:\py\pigsound\pig-sound-classification\data\raw\soundwel\FBNFBNRestrain05022015VT10LFs5.wav,other,soundwel
C:\py\pigsound\pig-sound-classification\data\raw\soundwel\FBNFBNRestrain05022015VT10LFs6.wav,other,soundwel
C:\py\pigsound\pig-sound-classification\data\raw\soundwel\FBNFBNRestrain05022015VT13HFs1.wav,other,soundwel
C:\py\pigsound\pig-sound-classification\data\raw\soundwel\FBNFBNRestrain05022015VT13HFs2.wav,other,soundwel
C:\py\pigsound\pig-sound-classification\data\raw\soundwel\FBNFBNRestrain05022015VT13HFs3.wav,other,soundwel
C:\py\pigsound\pig-sound-classification\data\raw\soundwel\FBNFBNRestrain05022015VT13HFs4.wav,other,soundwel
C:\py\pigsound\pig-sound-classification\data\raw\soundwel\FBNFBNRestrain05022015VT13HFs5.wav,other,soundwel
C:\py\pigsound\pig-sound-classification\data\raw\soundwel\FBNFBNRestrain05022015VT13HFs6.wav,other,soundwel
C:\py\pigsound\pig-sound-classification\data\raw\soundwel\FBNFBNRestrain05022015VT13LFs1.wav,other,soundwel
C:\py\pigsound\pig-sound-classification\data\raw\soundwel\FBNFBNRestrain05022015VT13LFs2.wav,other,soundwel
C:\py\pigsound\pig-sound-classification\data\raw\soundwel\FBNFBNRestrain05022015VT13LFs3.wav,other,soundwel
C:\py\pigsound\pig-sound-classification\data\raw\soundwel\FBNFBNRestrain05022015VT13LFs4.wav,other,soundwel
C:\py\pigsound\pig-sound-classification\data\raw\soundwel\FBNFBNRestrain05022015VT13LFs5.wav,other,soundwel
C:\py\pigsound\pig-sound-classification\data\raw\soundwel\FBNFBNRestrain05022015VT13LFs6.wav,other,soundwel
C:\py\pigsound\pig-sound-classification\data\raw\soundwel\FBNFBNRestrain05022015VT14HFs1.wav,other,soundwel
C:\py\pigsound\pig-sound-classification\data\raw\soundwel\FBNFBNRestrain05022015VT14HFs2.wav,other,soundwel
C:\py\pigsound\pig-sound-classification\data\raw\soundwel\FBNFBNRestrain05022015VT14HFs3.wav,other,soundwel
C:\py\pigsound\pig-sound-classification\data\raw\soundwel\FBNFBNRestrain05022015VT14HFs4.wav,other,soundwel
C:\py\pigsound\pig-sound-classification\data\raw\soundwel\FBNFBNRestrain05022015VT14HFs5.wav,other,soundwel
C:\py\pigsound\pig-sound-classification\data\raw\soundwel\FBNFBNRestrain05022015VT14HFs6.wav,other,soundwel
C:\py\pigsound\pig-sound-classification\data\raw\soundwel\FBNFBNRestrain05022015VT15HFs1.wav,other,soundwel
C:\py\pigsound\pig-sound-classification\data\raw\soundwel\FBNFBNRestrain05022015VT15HFs2.wav,other,soundwel
C:\py\pigsound\pig-sound-classification\data\raw\soundwel\FBNFBNRestrain05022015VT15HFs3.wav,other,soundwel
C:\py\pigsound\pig-sound-classification\data\raw\soundwel\FBNFBNRestrain05022015VT15HFs4.wav,other,soundwel
C:\py\pigsound\pig-sound-classification\data\raw\soundwel\FBNFBNRestrain05022015VT15HFs5.wav,other,soundwel
C:\py\pigsound\pig-sound-classification\data\raw\soundwel\FBNFBNRestrain05022015VT15HFs6.wav,other,soundwel
C:\py\pigsound\pig-sound-classification\data\raw\soundwel\FBNFBNRestrain05022015VT18HFs1.wav,other,soundwel
C:\py\pigsound\pig-sound-classification\data\raw\soundwel\FBNFBNRestrain05022015VT18HFs2.wav,other,soundwel
C:\py\pigsound\pig-sound-classification\data\raw\soundwel\FBNFBNRestrain05022015VT18HFs3.wav,other,soundwel
C:\py\pigsound\pig-sound-classification\data\raw\soundwel\FBNFBNRestrain05022015VT18HFs4.wav,other,soundwel
C:\py\pigsound\pig-sound-classification\data\raw\soundwel\FBNFBNRestrain05022015VT18HFs5.wav,other,soundwel
C:\py\pigsound\pig-sound-classification\data\raw\soundwel\FBNFBNRestrain05022015VT18HFs6.wav,other,soundwel
C:\py\pigsound\pig-sound-classification\data\raw\soundwel\FBNFBNRestrain05022015VT20HFs1.wav,other,soundwel
C:\py\pigsound\pig-sound-classification\data\raw\soundwel\FBNFBNRestrain05022015VT20HFs2.wav,other,soundwel
C:\py\pigsound\pig-sound-classification\data\raw\soundwel\FBNFBNRestrain05022015VT20HFs3.wav,other,soundwel
C:\py\pigsound\pig-sound-classification\data\raw\soundwel\FBNFBNRestrain05022015VT20HFs4.wav,other,soundwel
C:\py\pigsound\pig-sound-classification\data\raw\soundwel\FBNFBNRestrain05022015VT20HFs5.wav,other,soundwel
C:\py\pigsound\pig-sound-classification\data\raw\soundwel\FBNFBNRestrain05022015VT20HFs6.wav,other,soundwel
C:\py\pigsound\pig-sound-classification\data\raw\soundwel\FBNFBNRestrain05022015VT5HFs1.wav,other,soundwel
C:\py\pigsound\pig-sound-classification\data\raw\soundwel\FBNFBNRestrain05022015VT5HFs2.wav,other,soundwel
C:\py\pigsound\pig-sound-classification\data\raw\soundwel\FBNFBNRestrain05022015VT5HFs3.wav,other,soundwel
C:\py\pigsound\pig-sound-classification\data\raw\soundwel\FBNFBNRestrain05022015VT5HFs4.wav,other,soundwel
C:\py\pigsound\pig-sound-classification\data\raw\soundwel\FBNFBNRestrain05022015VT5HFs5.wav,other,soundwel
C:\py\pigsound\pig-sound-classification\data\raw\soundwel\FBNFBNRestrain05022015VT5HFs6.wav,other,soundwel
C:\py\pigsound\pig-sound-classification\data\raw\soundwel\FBNFBNRestrain09042015VT10HFs1.wav,other,soundwel
C:\py\pigsound\pig-sound-classification\data\raw\soundwel\FBNFBNRestrain09042015VT10HFs2.wav,other,soundwel
C:\py\pigsound\pig-sound-classification\data\raw\soundwel\FBNFBNRestrain09042015VT10HFs3.wav,other,soundwel
C:\py\pigsound\pig-sound-classification\data\raw\soundwel\FBNFBNRestrain09042015VT10HFs4.wav,other,soundwel
C:\py\pigsound\pig-sound-classification\data\raw\soundwel\FBNFBNRestrain09042015VT10HFs5.wav,other,soundwel
C:\py\pigsound\pig-sound-classification\data\raw\soundwel\FBNFBNRestrain09042015VT11LFs1.wav,other,soundwel
C:\py\pigsound\pig-sound-classification\data\raw\soundwel\FBNFBNRestrain09042015VT11LFs2.wav,other,soundwel
C:\py\pigsound\pig-sound-classification\data\raw\soundwel\FBNFBNRestrain09042015VT11LFs3.wav,other,soundwel
C:\py\pigsound\pig-sound-classification\data\raw\soundwel\FBNFBNRestrain09042015VT11LFs4.wav,other,soundwel
C:\py\pigsound\pig-sound-classification\data\raw\soundwel\FBNFBNRestrain09042015VT11LFs5.wav,other,soundwel
C:\py\pigsound\pig-sound-classification\data\raw\soundwel\FBNFBNRestrain09042015VT11LFs6.wav,other,soundwel
C:\py\pigsound\pig-sound-classification\data\raw\soundwel\FBNFBNRestrain09042015VT1LFs1.wav,other,soundwel
C:\py\pigsound\pig-sound-classification\data\raw\soundwel\FBNFBNRestrain09042015VT1LFs2.wav,other,soundwel
C:\py\pigsound\pig-sound-classification\data\raw\soundwel\FBNFBNRestrain09042015VT1LFs3.wav,other,soundwel
C:\py\pigsound\pig-sound-classification\data\raw\soundwel\FBNFBNRestrain09042015VT1LFs4.wav,other,soundwel
C:\py\pigsound\pig-sound-classification\data\raw\soundwel\FBNFBNRestrain09042015VT1LFs5.wav,other,soundwel
C:\py\pigsound\pig-sound-classification\data\raw\soundwel\FBNFBNRestrain09042015VT1LFs6.wav,other,soundwel
C:\py\pigsound\pig-sound-classification\data\raw\soundwel\FBNFBNRestrain09042015VT4HFs1.wav,other,soundwel
C:\py\pigsound\pig-sound-classification\data\raw\soundwel\FBNFBNRestrain09042015VT4HFs2.wav,other,soundwel
C:\py\pigsound\pig-sound-classification\data\raw\soundwel\FBNFBNRestrain09042015VT4HFs3.wav,other,soundwel
C:\py\pigsound\pig-sound-classification\data\raw\soundwel\FBNFBNRestrain09042015VT4HFs4.wav,other,soundwel
C:\py\pigsound\pig-sound-classification\data\raw\soundwel\FBNFBNRestrain09042015VT4HFs5.wav,other,soundwel
C:\py\pigsound\pig-sound-classification\data\raw\soundwel\FBNFBNRestrain09042015VT4HFs6.wav,other,soundwel
C:\py\pigsound\pig-sound-classification\data\raw\soundwel\FBNFBNRestrain09042015VT6LFs1.wav,other,soundwel
C:\py\pigsound\pig-sound-classification\data\raw\soundwel\FBNFBNRestrain09042015VT6LFs2.wav,other,soundwel
C:\py\pigsound\pig-sound-classification\data\raw\soundwel\FBNFBNRestrain09042015VT6LFs3.wav,other,soundwel
C:\py\pigsound\pig-sound-classification\data\raw\soundwel\FBNFBNRestrain09042015VT6LFs4.wav,other,soundwel
C:\py\pigsound\pig-sound-classification\data\raw\soundwel\FBNFBNRestrain09042015VT6LFs5.wav,other,soundwel
C:\py\pigsound\pig-sound-classification\data\raw\soundwel\FBNFBNRestrain09042015VT6LFs6.wav,other,soundwel
C:\py\pigsound\pig-sound-classification\data\raw\soundwel\FBNFBNRestrain09042015VT7HFs1.wav,other,soundwel
C:\py\pigsound\pig-sound-classification\data\raw\soundwel\FBNFBNRestrain09042015VT7HFs2.wav,other,soundwel
C:\py\pigsound\pig-sound-classification\data\raw\soundwel\FBNFBNRestrain09042015VT7HFs3.wav,other,soundwel
C:\py\pigsound\pig-sound-classification\data\raw\soundwel\FBNFBNRestrain09042015VT7HFs4.wav,other,soundwel
C:\py\pigsound\pig-sound-classification\data\raw\soundwel\FBNFBNRestrain09042015VT7HFs5.wav,other,soundwel
C:\py\pigsound\pig-sound-classification\data\raw\soundwel\FBNFBNRestrain09042015VT9HFs1.wav,other,soundwel
C:\py\pigsound\pig-sound-classification\data\raw\soundwel\FBNFBNRestrain09042015VT9HFs2.wav,other,soundwel
C:\py\pigsound\pig-sound-classification\data\raw\soundwel\FBNFBNRestrain09042015VT9HFs3.wav,other,soundwel
C:\py\pigsound\pig-sound-classification\data\raw\soundwel\FBNFBNRestrain09042015VT9HFs4.wav,other,soundwel
C:\py\pigsound\pig-sound-classification\data\raw\soundwel\FBNFBNRestrain09042015VT9HFs5.wav,other,soundwel
C:\py\pigsound\pig-sound-classification\data\raw\soundwel\FBNFBNRestrain09042015VT9HFs6.wav,other,soundwel
C:\py\pigsound\pig-sound-classification\data\raw\soundwel\FBNFBNRestrain27022015VT12HFs1.wav,other,soundwel
C:\py\pigsound\pig-sound-classification\data\raw\soundwel\FBNFBNRestrain27022015VT12HFs2.wav,other,soundwel
C:\py\pigsound\pig-sound-classification\data\raw\soundwel\FBNFBNRestrain27022015VT12HFs3.wav,other,soundwel
C:\py\pigsound\pig-sound-classification\data\raw\soundwel\FBNFBNRestrain27022015VT12HFs4.wav,other,soundwel
C:\py\pigsound\pig-sound-classification\data\raw\soundwel\FBNFBNRestrain27022015VT12HFs5.wav,other,soundwel
C:\py\pigsound\pig-sound-classification\data\raw\soundwel\FBNFBNRestrain27022015VT12HFs6.wav,other,soundwel
C:\py\pigsound\pig-sound-classification\data\raw\soundwel\FBNFBNRestrain27022015VT1LFs1.wav,other,soundwel
C:\py\pigsound\pig-sound-classification\data\raw\soundwel\FBNFBNRestrain27022015VT1LFs2.wav,other,soundwel
C:\py\pigsound\pig-sound-classification\data\raw\soundwel\FBNFBNRestrain27022015VT1LFs3.wav,other,soundwel
C:\py\pigsound\pig-sound-classification\data\raw\soundwel\FBNFBNRestrain27022015VT1LFs4.wav,other,soundwel
C:\py\pigsound\pig-sound-classification\data\raw\soundwel\FBNFBNRestrain27022015VT1LFs5.wav,other,soundwel
C:\py\pigsound\pig-sound-classification\data\raw\soundwel\FBNFBNRestrain27022015VT1LFs6.wav,other,soundwel
C:\py\pigsound\pig-sound-classification\data\raw\soundwel\FBNFBNRestrain27022015VT2LFs1.wav,other,soundwel
C:\py\pigsound\pig-sound-classification\data\raw\soundwel\FBNFBNRestrain27022015VT2LFs2.wav,other,soundwel
C:\py\pigsound\pig-sound-classification\data\raw\soundwel\FBNFBNRestrain27022015VT2LFs3.wav,other,soundwel
C:\py\pigsound\pig-sound-classification\data\raw\soundwel\FBNFBNRestrain27022015VT2LFs4.wav,other,soundwel
C:\py\pigsound\pig-sound-classification\data\raw\soundwel\FBNFBNRestrain27022015VT2LFs5.wav,other,soundwel
C:\py\pigsound\pig-sound-classification\data\raw\soundwel\FBNFBNRestrain27022015VT2LFs6.wav,other,soundwel
C:\py\pigsound\pig-sound-classification\data\raw\soundwel\FBNFBNRestrain27022015VT3HFs1.wav,other,soundwel
C:\py\pigsound\pig-sound-classification\data\raw\soundwel\FBNFBNRestrain27022015VT3HFs2.wav,other,soundwel
C:\py\pigsound\pig-sound-classification\data\raw\soundwel\FBNFBNRestrain27022015VT3HFs3.wav,other,soundwel
C:\py\pigsound\pig-sound-classification\data\raw\soundwel\FBNFBNRestrain27022015VT3HFs4.wav,other,soundwel
C:\py\pigsound\pig-sound-classification\data\raw\soundwel\FBNFBNRestrain27022015VT3HFs5.wav,other,soundwel
C:\py\pigsound\pig-sound-classification\data\raw\soundwel\FBNFBNRestrain27022015VT3HFs6.wav,other,soundwel
C:\py\pigsound\pig-sound-classification\data\raw\soundwel\FBNFBNRestrain27022015VT4LFs1.wav,other,soundwel
C:\py\pigsound\pig-sound-classification\data\raw\soundwel\FBNFBNRestrain27022015VT4LFs2.wav,other,soundwel
C:\py\pigsound\pig-sound-classification\data\raw\soundwel\FBNFBNRestrain27022015VT4LFs3.wav,other,soundwel
C:\py\pigsound\pig-sound-classification\data\raw\soundwel\FBNFBNRestrain27022015VT4LFs4.wav,other,soundwel
C:\py\pigsound\pig-sound-classification\data\raw\soundwel\FBNFBNRestrain27022015VT4LFs5.wav,other,soundwel
C:\py\pigsound\pig-sound-classification\data\raw\soundwel\FBNFBNRestrain27022015VT4LFs6.wav,other,soundwel
C:\py\pigsound\pig-sound-classification\data\raw\soundwel\FBNFBNRestrain27022015VT8LFs1.wav,other,soundwel
C:\py\pigsound\pig-sound-classification\data\raw\soundwel\FBNFBNRestrain27022015VT8LFs2.wav,other,soundwel
C:\py\pigsound\pig-sound-classification\data\raw\soundwel\FBNFBNRestrain27022015VT8LFs3.wav,other,soundwel
C:\py\pigsound\pig-sound-classification\data\raw\soundwel\FBNFBNRestrain27022015VT8LFs4.wav,other,soundwel
C:\py\pigsound\pig-sound-classification\data\raw\soundwel\FBNFBNRestrain27022015VT8LFs5.wav,other,soundwel
C:\py\pigsound\pig-sound-classification\data\raw\soundwel\FBNFBNRestrain27022015VT8LFs6.wav,other,soundwel
C:\py\pigsound\pig-sound-classification\data\raw\soundwel\FBNFBNRestrain27022015VT9HFs1.wav,other,soundwel
C:\py\pigsound\pig-sound-classification\data\raw\soundwel\FBNFBNRestrain27022015VT9HFs2.wav,other,soundwel
C:\py\pigsound\pig-sound-classification\data\raw\soundwel\FBNFBNRestrain27022015VT9HFs3.wav,other,soundwel
C:\py\pigsound\pig-sound-classification\data\raw\soundwel\FBNFBNRestrain27022015VT9HFs4.wav,other,soundwel
C:\py\pigsound\pig-sound-classification\data\raw\soundwel\FBNFBNRestrain27022015VT9HFs5.wav,other,soundwel
C:\py\pigsound\pig-sound-classification\data\raw\soundwel\IASPIASPAfterNursingAftnurSow27Pig81.wav,other,soundwel
C:\py\pigsound\pig-sound-classification\data\raw\soundwel\IASPIASPAfterNursingAftnurSow27Pig82.wav,other,soundwel
C:\py\pigsound\pig-sound-classification\data\raw\soundwel\IASPIASPAfterNursingAftnurSow27Pig86.wav,other,soundwel
C:\py\pigsound\pig-sound-classification\data\raw\soundwel\IASPIASPAfterNursingAftnurSow27Pig89.wav,other,soundwel
C:\py\pigsound\pig-sound-classification\data\raw\soundwel\IASPIASPAfterNursingAftnurSow39Pig101.wav,other,soundwel
C:\py\pigsound\pig-sound-classification\data\raw\soundwel\IASPIASPAfterNursingAftnurSow39Pig102.wav,other,soundwel
C:\py\pigsound\pig-sound-classification\data\raw\soundwel\IASPIASPAfterNursingAftnurSow39Pig103.wav,other,soundwel
C:\py\pigsound\pig-sound-classification\data\raw\soundwel\IASPIASPAfterNursingAftnurSow39Pig104.wav,other,soundwel
C:\py\pigsound\pig-sound-classification\data\raw\soundwel\IASPIASPAfterNursingAftnurSow39Pig105.wav,other,soundwel
C:\py\pigsound\pig-sound-classification\data\raw\soundwel\IASPIASPAfterNursingAftnurSow39Pig106.wav,other,soundwel
C:\py\pigsound\pig-sound-classification\data\raw\soundwel\IASPIASPAfterNursingAftnurSow39Pig31.wav,other,soundwel
C:\py\pigsound\pig-sound-classification\data\raw\soundwel\IASPIASPAfterNursingAftnurSow39Pig310.wav,other,soundwel
C:\py\pigsound\pig-sound-classification\data\raw\soundwel\IASPIASPAfterNursingAftnurSow39Pig313.wav,other,soundwel
C:\py\pigsound\pig-sound-classification\data\raw\soundwel\IASPIASPAfterNursingAftnurSow39Pig314.wav,other,soundwel
C:\py\pigsound\pig-sound-classification\data\raw\soundwel\IASPIASPAfterNursingAftnurSow39Pig315.wav,other,soundwel
C:\py\pigsound\pig-sound-classification\data\raw\soundwel\IASPIASPAfterNursingAftnurSow39Pig316.wav,other,soundwel
C:\py\pigsound\pig-sound-classification\data\raw\soundwel\IASPIASPAfterNursingAftnurSow39Pig317.wav,other,soundwel
C:\py\pigsound\pig-sound-classification\data\raw\soundwel\IASPIASPAfterNursingAftnurSow39Pig32.wav,other,soundwel
C:\py\pigsound\pig-sound-classification\data\raw\soundwel\IASPIASPAfterNursingAftnurSow39Pig34.wav,other,soundwel
C:\py\pigsound\pig-sound-classification\data\raw\soundwel\IASPIASPAfterNursingAftnurSow39Pig35.wav,other,soundwel
C:\py\pigsound\pig-sound-classification\data\raw\soundwel\IASPIASPAfterNursingAftnurSow39Pig37.wav,other,soundwel
C:\py\pigsound\pig-sound-classification\data\raw\soundwel\IASPIASPAfterNursingAftnurSow39Pig39.wav,other,soundwel
C:\py\pigsound\pig-sound-classification\data\raw\soundwel\IASPIASPAfterNursingAftnurSow75Pig21.wav,other,soundwel
C:\py\pigsound\pig-sound-classification\data\raw\soundwel\IASPIASPAfterNursingAftnurSow75Pig210.wav,other,soundwel
C:\py\pigsound\pig-sound-classification\data\raw\soundwel\IASPIASPAfterNursingAftnurSow75Pig211.wav,other,soundwel
C:\py\pigsound\pig-sound-classification\data\raw\soundwel\IASPIASPAfterNursingAftnurSow75Pig212.wav,other,soundwel
C:\py\pigsound\pig-sound-classification\data\raw\soundwel\IASPIASPAfterNursingAftnurSow75Pig213.wav,other,soundwel
C:\py\pigsound\pig-sound-classification\data\raw\soundwel\IASPIASPAfterNursingAftnurSow75Pig214.wav,other,soundwel
C:\py\pigsound\pig-sound-classification\data\raw\soundwel\IASPIASPAfterNursingAftnurSow75Pig22.wav,other,soundwel
C:\py\pigsound\pig-sound-classification\data\raw\soundwel\IASPIASPAfterNursingAftnurSow75Pig23.wav,other,soundwel
C:\py\pigsound\pig-sound-classification\data\raw\soundwel\IASPIASPAfterNursingAftnurSow75Pig24.wav,other,soundwel
C:\py\pigsound\pig-sound-classification\data\raw\soundwel\IASPIASPAfterNursingAftnurSow75Pig25.wav,other,soundwel
C:\py\pigsound\pig-sound-classification\data\raw\soundwel\IASPIASPAfterNursingAftnurSow75Pig27.wav,other,soundwel
C:\py\pigsound\pig-sound-classification\data\raw\soundwel\IASPIASPAfterNursingAftnurSow75Pig28.wav,other,soundwel
C:\py\pigsound\pig-sound-classification\data\raw\soundwel\IASPIASPAfterNursingAftnurSow75Pig29.wav,other,soundwel
C:\py\pigsound\pig-sound-classification\data\raw\soundwel\IASPIASPAfterNursingAftnurSow87Pig10a1.wav,other,soundwel
C:\py\pigsound\pig-sound-classification\data\raw\soundwel\IASPIASPAfterNursingAftnurSow87Pig10b1.wav,other,soundwel
C:\py\pigsound\pig-sound-classification\data\raw\soundwel\IASPIASPAfterNursingAftnurSow87Pig10b3.wav,other,soundwel
C:\py\pigsound\pig-sound-classification\data\raw\soundwel\IASPIASPAfterNursingAftnurSow92Pig41.wav,other,soundwel
C:\py\pigsound\pig-sound-classification\data\raw\soundwel\IASPIASPAfterNursingAftnurSow92Pig42.wav,other,soundwel
C:\py\pigsound\pig-sound-classification\data\raw\soundwel\IASPIASPAfterNursingAftnurSow92Pig45.wav,other,soundwel
C:\py\pigsound\pig-sound-classification\data\raw\soundwel\IASPIASPAfterNursingAftnurSow92Pig46.wav,other,soundwel
C:\py\pigsound\pig-sound-classification\data\raw\soundwel\IASPIASPAfterNursingAftnurSow92Pig47.wav,other,soundwel
C:\py\pigsound\pig-sound-classification\data\raw\soundwel\IASPIASPAfterNursingAftnurSow92Pig48.wav,other,soundwel
C:\py\pigsound\pig-sound-classification\data\raw\soundwel\IASPIASPAfterNursingAftnurSow92Pig49.wav,other,soundwel
C:\py\pigsound\pig-sound-classification\data\raw\soundwel\IASPIASPAfterNursingAftnurSow92Pig6a1.wav,other,soundwel
C:\py\pigsound\pig-sound-classification\data\raw\soundwel\IASPIASPAfterNursingAftnurSow92Pig6a10.wav,other,soundwel
C:\py\pigsound\pig-sound-classification\data\raw\soundwel\IASPIASPAfterNursingAftnurSow92Pig6a11.wav,other,soundwel
C:\py\pigsound\pig-sound-classification\data\raw\soundwel\IASPIASPAfterNursingAftnurSow92Pig6a12.wav,other,soundwel
C:\py\pigsound\pig-sound-classification\data\raw\soundwel\IASPIASPAfterNursingAftnurSow92Pig6a13.wav,other,soundwel
C:\py\pigsound\pig-sound-classification\data\raw\soundwel\IASPIASPAfterNursingAftnurSow92Pig6a14.wav,other,soundwel
C:\py\pigsound\pig-sound-classification\data\raw\soundwel\IASPIASPAfterNursingAftnurSow92Pig6a15.wav,other,soundwel
C:\py\pigsound\pig-sound-classification\data\raw\soundwel\IASPIASPAfterNursingAftnurSow92Pig6a16.wav,other,soundwel
C:\py\pigsound\pig-sound-classification\data\raw\soundwel\IASPIASPAfterNursingAftnurSow92Pig6a17.wav,other,soundwel
C:\py\pigsound\pig-sound-classification\data\raw\soundwel\IASPIASPAfterNursingAftnurSow92Pig6a2.wav,other,soundwel
C:\py\pigsound\pig-sound-classification\data\raw\soundwel\IASPIASPAfterNursingAftnurSow92Pig6a3.wav,other,soundwel
C:\py\pigsound\pig-sound-classification\data\raw\soundwel\IASPIASPAfterNursingAftnurSow92Pig6a4.wav,other,soundwel
C:\py\pigsound\pig-sound-classification\data\raw\soundwel\IASPIASPAfterNursingAftnurSow92Pig6a5.wav,other,soundwel
C:\py\pigsound\pig-sound-classification\data\raw\soundwel\IASPIASPAfterNursingAftnurSow92Pig6a6.wav,other,soundwel
C:\py\pigsound\pig-sound-classification\data\raw\soundwel\IASPIASPAfterNursingAftnurSow92Pig6a7.wav,other,soundwel
C:\py\pigsound\pig-sound-classification\data\raw\soundwel\IASPIASPAfterNursingAftnurSow92Pig6a8.wav,other,soundwel
C:\py\pigsound\pig-sound-classification\data\raw\soundwel\IASPIASPAfterNursingAftnurSow92Pig6a9.wav,other,soundwel
C:\py\pigsound\pig-sound-classification\data\raw\soundwel\IASPIASPAfterNursingAftnurSow95Pig31.wav,other,soundwel
C:\py\pigsound\pig-sound-classification\data\raw\soundwel\IASPIASPAfterNursingAftnurSow95Pig310.wav,other,soundwel
C:\py\pigsound\pig-sound-classification\data\raw\soundwel\IASPIASPAfterNursingAftnurSow95Pig311.wav,other,soundwel
C:\py\pigsound\pig-sound-classification\data\raw\soundwel\IASPIASPAfterNursingAftnurSow95Pig32.wav,other,soundwel
C:\py\pigsound\pig-sound-classification\data\raw\soundwel\IASPIASPAfterNursingAftnurSow95Pig33.wav,other,soundwel
C:\py\pigsound\pig-sound-classification\data\raw\soundwel\IASPIASPAfterNursingAftnurSow95Pig34.wav,other,soundwel
C:\py\pigsound\pig-sound-classification\data\raw\soundwel\IASPIASPAfterNursingAftnurSow95Pig35.wav,other,soundwel
C:\py\pigsound\pig-sound-classification\data\raw\soundwel\IASPIASPAfterNursingAftnurSow95Pig36.wav,other,soundwel
C:\py\pigsound\pig-sound-classification\data\raw\soundwel\IASPIASPAfterNursingAftnurSow95Pig37.wav,other,soundwel
C:\py\pigsound\pig-sound-classification\data\raw\soundwel\IASPIASPAfterNursingAftnurSow95Pig38.wav,other,soundwel
C:\py\pigsound\pig-sound-classification\data\raw\soundwel\IASPIASPAfterNursingAftnurSow95Pig39.wav,other,soundwel
C:\py\pigsound\pig-sound-classification\data\raw\soundwel\IASPIASPAfterNursingAftnurSow99Pig1014.wav,other,soundwel
C:\py\pigsound\pig-sound-classification\data\raw\soundwel\IASPIASPAfterNursingAftnurSow99Pig104.wav,other,soundwel
C:\py\pigsound\pig-sound-classification\data\raw\soundwel\IASPIASPAfterNursingAftnurSow99Pig105.wav,other,soundwel
C:\py\pigsound\pig-sound-classification\data\raw\soundwel\IASPIASPAfterNursingAftnurSow99Pig106.wav,other,soundwel
C:\py\pigsound\pig-sound-classification\data\raw\soundwel\IASPIASPAfterNursingAftnurSow99Pig107.wav,other,soundwel
C:\py\pigsound\pig-sound-classification\data\raw\soundwel\IASPIASPAfterNursingAftnurSow99Pig108.wav,other,soundwel
C:\py\pigsound\pig-sound-classification\data\raw\soundwel\IASPIASPArmsArmsSow13Pig211.wav,other,soundwel
C:\py\pigsound\pig-sound-classification\data\raw\soundwel\IASPIASPArmsArmsSow13Pig212.wav,other,soundwel
C:\py\pigsound\pig-sound-classification\data\raw\soundwel\IASPIASPArmsArmsSow13Pig213.wav,other,soundwel
C:\py\pigsound\pig-sound-classification\data\raw\soundwel\IASPIASPArmsArmsSow13Pig214.wav,other,soundwel
C:\py\pigsound\pig-sound-classification\data\raw\soundwel\IASPIASPArmsArmsSow13Pig215.wav,other,soundwel
C:\py\pigsound\pig-sound-classification\data\raw\soundwel\IASPIASPArmsArmsSow13Pig216.wav,other,soundwel
C:\py\pigsound\pig-sound-classification\data\raw\soundwel\IASPIASPArmsArmsSow13Pig217.wav,other,soundwel
C:\py\pigsound\pig-sound-classification\data\raw\soundwel\IASPIASPArmsArmsSow13Pig219.wav,other,soundwel
C:\py\pigsound\pig-sound-classification\data\raw\soundwel\IASPIASPArmsArmsSow13Pig22.wav,other,soundwel
C:\py\pigsound\pig-sound-classification\data\raw\soundwel\IASPIASPArmsArmsSow13Pig220.wav,other,soundwel
C:\py\pigsound\pig-sound-classification\data\raw\soundwel\IASPIASPArmsArmsSow13Pig221.wav,other,soundwel
C:\py\pigsound\pig-sound-classification\data\raw\soundwel\IASPIASPArmsArmsSow13Pig222.wav,other,soundwel
C:\py\pigsound\pig-sound-classification\data\raw\soundwel\IASPIASPArmsArmsSow13Pig223.wav,other,soundwel
C:\py\pigsound\pig-sound-classification\data\raw\soundwel\IASPIASPArmsArmsSow13Pig224.wav,other,soundwel
C:\py\pigsound\pig-sound-classification\data\raw\soundwel\IASPIASPArmsArmsSow13Pig225.wav,other,soundwel
C:\py\pigsound\pig-sound-classification\data\raw\soundwel\IASPIASPArmsArmsSow13Pig226.wav,other,soundwel
C:\py\pigsound\pig-sound-classification\data\raw\soundwel\IASPIASPArmsArmsSow13Pig227.wav,other,soundwel
C:\py\pigsound\pig-sound-classification\data\raw\soundwel\IASPIASPArmsArmsSow13Pig228.wav,other,soundwel
C:\py\pigsound\pig-sound-classification\data\raw\soundwel\IASPIASPArmsArmsSow13Pig229.wav,other,soundwel
C:\py\pigsound\pig-sound-classification\data\raw\soundwel\IASPIASPArmsArmsSow13Pig23.wav,other,soundwel
C:\py\pigsound\pig-sound-classification\data\raw\soundwel\IASPIASPArmsArmsSow13Pig231.wav,other,soundwel
C:\py\pigsound\pig-sound-classification\data\raw\soundwel\IASPIASPArmsArmsSow13Pig232.wav,other,soundwel
C:\py\pigsound\pig-sound-classification\data\raw\soundwel\IASPIASPArmsArmsSow13Pig233.wav,other,soundwel
C:\py\pigsound\pig-sound-classification\data\raw\soundwel\IASPIASPArmsArmsSow13Pig234.wav,other,soundwel
C:\py\pigsound\pig-sound-classification\data\raw\soundwel\IASPIASPArmsArmsSow13Pig235.wav,other,soundwel
C:\py\pigsound\pig-sound-classification\data\raw\soundwel\IASPIASPArmsArmsSow13Pig236.wav,other,soundwel
C:\py\pigsound\pig-sound-classification\data\raw\soundwel\IASPIASPArmsArmsSow13Pig237.wav,other,soundwel
C:\py\pigsound\pig-sound-classification\data\raw\soundwel\IASPIASPArmsArmsSow13Pig238.wav,other,soundwel
C:\py\pigsound\pig-sound-classification\data\raw\soundwel\IASPIASPArmsArmsSow13Pig239.wav,other,soundwel
C:\py\pigsound\pig-sound-classification\data\raw\soundwel\IASPIASPArmsArmsSow13Pig24.wav,other,soundwel
C:\py\pigsound\pig-sound-classification\data\raw\soundwel\IASPIASPArmsArmsSow13Pig240.wav,other,soundwel
C:\py\pigsound\pig-sound-classification\data\raw\soundwel\IASPIASPArmsArmsSow13Pig241.wav,other,soundwel
C:\py\pigsound\pig-sound-classification\data\raw\soundwel\IASPIASPArmsArmsSow13Pig242.wav,other,soundwel
C:\py\pigsound\pig-sound-classification\data\raw\soundwel\IASPIASPArmsArmsSow13Pig243.wav,other,soundwel
C:\py\pigsound\pig-sound-classification\data\raw\soundwel\IASPIASPArmsArmsSow13Pig244.wav,other,soundwel
C:\py\pigsound\pig-sound-classification\data\raw\soundwel\IASPIASPArmsArmsSow13Pig245.wav,other,soundwel
C:\py\pigsound\pig-sound-classification\data\raw\soundwel\IASPIASPArmsArmsSow13Pig246.wav,other,soundwel
C:\py\pigsound\pig-sound-classification\data\raw\soundwel\IASPIASPArmsArmsSow13Pig247.wav,other,soundwel
C:\py\pigsound\pig-sound-classification\data\raw\soundwel\IASPIASPArmsArmsSow13Pig248.wav,other,soundwel
C:\py\pigsound\pig-sound-classification\data\raw\soundwel\IASPIASPArmsArmsSow13Pig25.wav,other,soundwel
C:\py\pigsound\pig-sound-classification\data\raw\soundwel\IASPIASPArmsArmsSow13Pig250.wav,other,soundwel
C:\py\pigsound\pig-sound-classification\data\raw\soundwel\IASPIASPArmsArmsSow13Pig26.wav,other,soundwel
C:\py\pigsound\pig-sound-classification\data\raw\soundwel\IASPIASPArmsArmsSow13Pig27.wav,other,soundwel
C:\py\pigsound\pig-sound-classification\data\raw\soundwel\IASPIASPArmsArmsSow13Pig28.wav,other,soundwel
C:\py\pigsound\pig-sound-classification\data\raw\soundwel\IASPIASPArmsArmsSow13Pig41.wav,other,soundwel
C:\py\pigsound\pig-sound-classification\data\raw\soundwel\IASPIASPArmsArmsSow13Pig410.wav,other,soundwel
C:\py\pigsound\pig-sound-classification\data\raw\soundwel\IASPIASPArmsArmsSow13Pig411.wav,other,soundwel
C:\py\pigsound\pig-sound-classification\data\raw\soundwel\IASPIASPArmsArmsSow13Pig412.wav,other,soundwel
C:\py\pigsound\pig-sound-classification\data\raw\soundwel\IASPIASPArmsArmsSow13Pig413.wav,other,soundwel
C:\py\pigsound\pig-sound-classification\data\raw\soundwel\IASPIASPArmsArmsSow13Pig414.wav,other,soundwel
C:\py\pigsound\pig-sound-classification\data\raw\soundwel\IASPIASPArmsArmsSow13Pig415.wav,other,soundwel
C:\py\pigsound\pig-sound-classification\data\raw\soundwel\IASPIASPArmsArmsSow13Pig416.wav,other,soundwel
C:\py\pigsound\pig-sound-classification\data\raw\soundwel\IASPIASPArmsArmsSow13Pig417.wav,other,soundwel
C:\py\pigsound\pig-sound-classification\data\raw\soundwel\IASPIASPArmsArmsSow13Pig418.wav,other,soundwel
C:\py\pigsound\pig-sound-classification\data\raw\soundwel\IASPIASPArmsArmsSow13Pig419.wav,other,soundwel
C:\py\pigsound\pig-sound-classification\data\raw\soundwel\IASPIASPArmsArmsSow13Pig420.wav,other,soundwel
C:\py\pigsound\pig-sound-classification\data\raw\soundwel\IASPIASPArmsArmsSow13Pig421.wav,other,soundwel
C:\py\pigsound\pig-sound-classification\data\raw\soundwel\IASPIASPArmsArmsSow13Pig422.wav,other,soundwel
C:\py\pigsound\pig-sound-classification\data\raw\soundwel\IASPIASPArmsArmsSow13Pig423.wav,other,soundwel
C:\py\pigsound\pig-sound-classification\data\raw\soundwel\IASPIASPArmsArmsSow13Pig424.wav,other,soundwel
C:\py\pigsound\pig-sound-classification\data\raw\soundwel\IASPIASPArmsArmsSow13Pig425.wav,other,soundwel
C:\py\pigsound\pig-sound-classification\data\raw\soundwel\IASPIASPArmsArmsSow13Pig426.wav,other,soundwel
C:\py\pigsound\pig-sound-classification\data\raw\soundwel\IASPIASPArmsArmsSow13Pig427.wav,other,soundwel
C:\py\pigsound\pig-sound-classification\data\raw\soundwel\IASPIASPArmsArmsSow13Pig428.wav,other,soundwel
C:\py\pigsound\pig-sound-classification\data\raw\soundwel\IASPIASPArmsArmsSow13Pig429.wav,other,soundwel
C:\py\pigsound\pig-sound-classification\data\raw\soundwel\IASPIASPArmsArmsSow13Pig430.wav,other,soundwel
C:\py\pigsound\pig-sound-classification\data\raw\soundwel\IASPIASPArmsArmsSow13Pig431.wav,other,soundwel
C:\py\pigsound\pig-sound-classification\data\raw\soundwel\IASPIASPArmsArmsSow13Pig44.wav,other,soundwel
C:\py\pigsound\pig-sound-classification\data\raw\soundwel\IASPIASPArmsArmsSow13Pig45.wav,other,soundwel
C:\py\pigsound\pig-sound-classification\data\raw\soundwel\IASPIASPArmsArmsSow13Pig46.wav,other,soundwel
C:\py\pigsound\pig-sound-classification\data\raw\soundwel\IASPIASPArmsArmsSow13Pig47.wav,other,soundwel
C:\py\pigsound\pig-sound-classification\data\raw\soundwel\IASPIASPArmsArmsSow13Pig48.wav,other,soundwel
C:\py\pigsound\pig-sound-classification\data\raw\soundwel\IASPIASPArmsArmsSow13Pig49.wav,other,soundwel
C:\py\pigsound\pig-sound-classification\data\raw\soundwel\IASPIASPArmsArmsSow27Pig31.wav,other,soundwel
C:\py\pigsound\pig-sound-classification\data\raw\soundwel\IASPIASPArmsArmsSow27Pig311.wav,other,soundwel
C:\py\pigsound\pig-sound-classification\data\raw\soundwel\IASPIASPArmsArmsSow27Pig312.wav,other,soundwel
C:\py\pigsound\pig-sound-classification\data\raw\soundwel\IASPIASPArmsArmsSow27Pig313.wav,other,soundwel
C:\py\pigsound\pig-sound-classification\data\raw\soundwel\IASPIASPArmsArmsSow27Pig314.wav,other,soundwel
C:\py\pigsound\pig-sound-classification\data\raw\soundwel\IASPIASPArmsArmsSow27Pig315.wav,other,soundwel
C:\py\pigsound\pig-sound-classification\data\raw\soundwel\IASPIASPArmsArmsSow27Pig316.wav,other,soundwel
C:\py\pigsound\pig-sound-classification\data\raw\soundwel\IASPIASPArmsArmsSow27Pig317.wav,other,soundwel
C:\py\pigsound\pig-sound-classification\data\raw\soundwel\IASPIASPArmsArmsSow27Pig318.wav,other,soundwel
C:\py\pigsound\pig-sound-classification\data\raw\soundwel\IASPIASPArmsArmsSow27Pig319.wav,other,soundwel
C:\py\pigsound\pig-sound-classification\data\raw\soundwel\IASPIASPArmsArmsSow27Pig32.wav,other,soundwel
C:\py\pigsound\pig-sound-classification\data\raw\soundwel\IASPIASPArmsArmsSow27Pig320.wav,other,soundwel
C:\py\pigsound\pig-sound-classification\data\raw\soundwel\IASPIASPArmsArmsSow27Pig321.wav,other,soundwel
C:\py\pigsound\pig-sound-classification\data\raw\soundwel\IASPIASPArmsArmsSow27Pig322.wav,other,soundwel
C:\py\pigsound\pig-sound-classification\data\raw\soundwel\IASPIASPArmsArmsSow27Pig323.wav,other,soundwel
C:\py\pigsound\pig-sound-classification\data\raw\soundwel\IASPIASPArmsArmsSow27Pig324.wav,other,soundwel
C:\py\pigsound\pig-sound-classification\data\raw\soundwel\IASPIASPArmsArmsSow27Pig325.wav,other,soundwel
C:\py\pigsound\pig-sound-classification\data\raw\soundwel\IASPIASPArmsArmsSow27Pig326.wav,other,soundwel
C:\py\pigsound\pig-sound-classification\data\raw\soundwel\IASPIASPArmsArmsSow27Pig327.wav,other,soundwel
C:\py\pigsound\pig-sound-classification\data\raw\soundwel\IASPIASPArmsArmsSow27Pig328.wav,other,soundwel
C:\py\pigsound\pig-sound-classification\data\raw\soundwel\IASPIASPArmsArmsSow27Pig329.wav,other,soundwel
C:\py\pigsound\pig-sound-classification\data\raw\soundwel\IASPIASPArmsArmsSow27Pig33.wav,other,soundwel
C:\py\pigsound\pig-sound-classification\data\raw\soundwel\IASPIASPArmsArmsSow27Pig330.wav,other,soundwel
C:\py\pigsound\pig-sound-classification\data\raw\soundwel\IASPIASPArmsArmsSow27Pig331.wav,other,soundwel
C:\py\pigsound\pig-sound-classification\data\raw\soundwel\IASPIASPArmsArmsSow27Pig332.wav,other,soundwel
C:\py\pigsound\pig-sound-classification\data\raw\soundwel\IASPIASPArmsArmsSow27Pig333.wav,other,soundwel
C:\py\pigsound\pig-sound-classification\data\raw\soundwel\IASPIASPArmsArmsSow27Pig334.wav,other,soundwel
C:\py\pigsound\pig-sound-classification\data\raw\soundwel\IASPIASPArmsArmsSow27Pig335.wav,other,soundwel
C:\py\pigsound\pig-sound-classification\data\raw\soundwel\IASPIASPArmsArmsSow27Pig336.wav,other,soundwel
C:\py\pigsound\pig-sound-classification\data\raw\soundwel\IASPIASPArmsArmsSow27Pig337.wav,other,soundwel
C:\py\pigsound\pig-sound-classification\data\raw\soundwel\IASPIASPArmsArmsSow27Pig338.wav,other,soundwel
C:\py\pigsound\pig-sound-classification\data\raw\soundwel\IASPIASPArmsArmsSow27Pig339.wav,other,soundwel
C:\py\pigsound\pig-sound-classification\data\raw\soundwel\IASPIASPArmsArmsSow27Pig34.wav,other,soundwel
C:\py\pigsound\pig-sound-classification\data\raw\soundwel\IASPIASPArmsArmsSow27Pig340.wav,other,soundwel
C:\py\pigsound\pig-sound-classification\data\raw\soundwel\IASPIASPArmsArmsSow27Pig341.wav,other,soundwel
C:\py\pigsound\pig-sound-classification\data\raw\soundwel\IASPIASPArmsArmsSow27Pig342.wav,other,soundwel
C:\py\pigsound\pig-sound-classification\data\raw\soundwel\IASPIASPArmsArmsSow27Pig343.wav,other,soundwel
C:\py\pigsound\pig-sound-classification\data\raw\soundwel\IASPIASPArmsArmsSow27Pig344.wav,other,soundwel
C:\py\pigsound\pig-sound-classification\data\raw\soundwel\IASPIASPArmsArmsSow27Pig345.wav,other,soundwel
C:\py\pigsound\pig-sound-classification\data\raw\soundwel\IASPIASPArmsArmsSow27Pig346.wav,other,soundwel
C:\py\pigsound\pig-sound-classification\data\raw\soundwel\IASPIASPArmsArmsSow27Pig347.wav,other,soundwel
C:\py\pigsound\pig-sound-classification\data\raw\soundwel\IASPIASPArmsArmsSow27Pig348.wav,other,soundwel
C:\py\pigsound\pig-sound-classification\data\raw\soundwel\IASPIASPArmsArmsSow27Pig35.wav,other,soundwel
C:\py\pigsound\pig-sound-classification\data\raw\soundwel\IASPIASPArmsArmsSow27Pig36.wav,other,soundwel
C:\py\pigsound\pig-sound-classification\data\raw\soundwel\IASPIASPArmsArmsSow27Pig37.wav,other,soundwel
C:\py\pigsound\pig-sound-classification\data\raw\soundwel\IASPIASPArmsArmsSow27Pig38.wav,other,soundwel
C:\py\pigsound\pig-sound-classification\data\raw\soundwel\IASPIASPArmsArmsSow27Pig39.wav,other,soundwel
C:\py\pigsound\pig-sound-classification\data\raw\soundwel\IASPIASPArmsArmsSow27Pig61.wav,other,soundwel
C:\py\pigsound\pig-sound-classification\data\raw\soundwel\IASPIASPArmsArmsSow27Pig610.wav,other,soundwel
C:\py\pigsound\pig-sound-classification\data\raw\soundwel\IASPIASPArmsArmsSow27Pig612.wav,other,soundwel
C:\py\pigsound\pig-sound-classification\data\raw\soundwel\IASPIASPArmsArmsSow27Pig613.wav,other,soundwel
C:\py\pigsound\pig-sound-classification\data\raw\soundwel\IASPIASPArmsArmsSow27Pig614.wav,other,soundwel
C:\py\pigsound\pig-sound-classification\data\raw\soundwel\IASPIASPArmsArmsSow27Pig615.wav,other,soundwel
C:\py\pigsound\pig-sound-classification\data\raw\soundwel\IASPIASPArmsArmsSow27Pig616.wav,other,soundwel
C:\py\pigsound\pig-sound-classification\data\raw\soundwel\IASPIASPArmsArmsSow27Pig617.wav,other,soundwel
C:\py\pigsound\pig-sound-classification\data\raw\soundwel\IASPIASPArmsArmsSow27Pig618.wav,other,soundwel
C:\py\pigsound\pig-sound-classification\data\raw\soundwel\IASPIASPArmsArmsSow27Pig619.wav,other,soundwel
C:\py\pigsound\pig-sound-classification\data\raw\soundwel\IASPIASPArmsArmsSow27Pig62.wav,other,soundwel
C:\py\pigsound\pig-sound-classification\data\raw\soundwel\IASPIASPArmsArmsSow27Pig63.wav,other,soundwel
C:\py\pigsound\pig-sound-classification\data\raw\soundwel\IASPIASPArmsArmsSow27Pig64.wav,other,soundwel
C:\py\pigsound\pig-sound-classification\data\raw\soundwel\IASPIASPArmsArmsSow27Pig65.wav,other,soundwel
C:\py\pigsound\pig-sound-classification\data\raw\soundwel\IASPIASPArmsArmsSow27Pig66.wav,other,soundwel
C:\py\pigsound\pig-sound-classification\data\raw\soundwel\IASPIASPArmsArmsSow27Pig67.wav,other,soundwel
C:\py\pigsound\pig-sound-classification\data\raw\soundwel\IASPIASPArmsArmsSow27Pig68.wav,other,soundwel
C:\py\pigsound\pig-sound-classification\data\raw\soundwel\IASPIASPArmsArmsSow27Pig69.wav,other,soundwel
C:\py\pigsound\pig-sound-classification\data\raw\soundwel\IASPIASPArmsArmsSow86Pig71.wav,other,soundwel
C:\py\pigsound\pig-sound-classification\data\raw\soundwel\IASPIASPArmsArmsSow86Pig710.wav,other,soundwel
C:\py\pigsound\pig-sound-classification\data\raw\soundwel\IASPIASPArmsArmsSow86Pig711.wav,other,soundwel
C:\py\pigsound\pig-sound-classification\data\raw\soundwel\IASPIASPArmsArmsSow86Pig712.wav,other,soundwel
C:\py\pigsound\pig-sound-classification\data\raw\soundwel\IASPIASPArmsArmsSow86Pig713.wav,other,soundwel
C:\py\pigsound\pig-sound-classification\data\raw\soundwel\IASPIASPArmsArmsSow86Pig714.wav,other,soundwel
C:\py\pigsound\pig-sound-classification\data\raw\soundwel\IASPIASPArmsArmsSow86Pig715.wav,other,soundwel
C:\py\pigsound\pig-sound-classification\data\raw\soundwel\IASPIASPArmsArmsSow86Pig716.wav,other,soundwel
C:\py\pigsound\pig-sound-classification\data\raw\soundwel\IASPIASPArmsArmsSow86Pig719.wav,other,soundwel
C:\py\pigsound\pig-sound-classification\data\raw\soundwel\IASPIASPArmsArmsSow86Pig72.wav,other,soundwel
C:\py\pigsound\pig-sound-classification\data\raw\soundwel\IASPIASPArmsArmsSow86Pig720.wav,other,soundwel
C:\py\pigsound\pig-sound-classification\data\raw\soundwel\IASPIASPArmsArmsSow86Pig721.wav,other,soundwel
C:\py\pigsound\pig-sound-classification\data\raw\soundwel\IASPIASPArmsArmsSow86Pig722.wav,other,soundwel
C:\py\pigsound\pig-sound-classification\data\raw\soundwel\IASPIASPArmsArmsSow86Pig723.wav,other,soundwel
C:\py\pigsound\pig-sound-classification\data\raw\soundwel\IASPIASPArmsArmsSow86Pig724.wav,other,soundwel
C:\py\pigsound\pig-sound-classification\data\raw\soundwel\IASPIASPArmsArmsSow86Pig725.wav,other,soundwel
C:\py\pigsound\pig-sound-classification\data\raw\soundwel\IASPIASPArmsArmsSow86Pig726.wav,other,soundwel
C:\py\pigsound\pig-sound-classification\data\raw\soundwel\IASPIASPArmsArmsSow86Pig727.wav,other,soundwel
C:\py\pigsound\pig-sound-classification\data\raw\soundwel\IASPIASPArmsArmsSow86Pig728.wav,other,soundwel
C:\py\pigsound\pig-sound-classification\data\raw\soundwel\IASPIASPArmsArmsSow86Pig73.wav,other,soundwel
C:\py\pigsound\pig-sound-classification\data\raw\soundwel\IASPIASPArmsArmsSow86Pig730.wav,other,soundwel
C:\py\pigsound\pig-sound-classification\data\raw\soundwel\IASPIASPArmsArmsSow86Pig731.wav,other,soundwel
C:\py\pigsound\pig-sound-classification\data\raw\soundwel\IASPIASPArmsArmsSow86Pig732.wav,other,soundwel
C:\py\pigsound\pig-sound-classification\data\raw\soundwel\IASPIASPArmsArmsSow86Pig733.wav,other,soundwel
C:\py\pigsound\pig-sound-classification\data\raw\soundwel\IASPIASPArmsArmsSow86Pig734.wav,other,soundwel
C:\py\pigsound\pig-sound-classification\data\raw\soundwel\IASPIASPArmsArmsSow86Pig735.wav,other,soundwel
C:\py\pigsound\pig-sound-classification\data\raw\soundwel\IASPIASPArmsArmsSow86Pig74.wav,other,soundwel
C:\py\pigsound\pig-sound-classification\data\raw\soundwel\IASPIASPArmsArmsSow86Pig742.wav,other,soundwel
C:\py\pigsound\pig-sound-classification\data\raw\soundwel\IASPIASPArmsArmsSow86Pig743.wav,other,soundwel
C:\py\pigsound\pig-sound-classification\data\raw\soundwel\IASPIASPArmsArmsSow86Pig75.wav,other,soundwel
C:\py\pigsound\pig-sound-classification\data\raw\soundwel\IASPIASPArmsArmsSow86Pig76.wav,other,soundwel
C:\py\pigsound\pig-sound-classification\data\raw\soundwel\IASPIASPArmsArmsSow86Pig77.wav,other,soundwel
C:\py\pigsound\pig-sound-classification\data\raw\soundwel\IASPIASPArmsArmsSow86Pig78.wav,other,soundwel
C:\py\pigsound\pig-sound-classification\data\raw\soundwel\IASPIASPArmsArmsSow86Pig79.wav,other,soundwel
C:\py\pigsound\pig-sound-classification\data\raw\soundwel\IASPIASPArmsArmsSow87Pig11.wav,other,soundwel
C:\py\pigsound\pig-sound-classification\data\raw\soundwel\IASPIASPArmsArmsSow87Pig110.wav,other,soundwel
C:\py\pigsound\pig-sound-classification\data\raw\soundwel\IASPIASPArmsArmsSow87Pig111.wav,other,soundwel
C:\py\pigsound\pig-sound-classification\data\raw\soundwel\IASPIASPArmsArmsSow87Pig112.wav,other,soundwel
C:\py\pigsound\pig-sound-classification\data\raw\soundwel\IASPIASPArmsArmsSow87Pig113.wav,other,soundwel
C:\py\pigsound\pig-sound-classification\data\raw\soundwel\IASPIASPArmsArmsSow87Pig114.wav,other,soundwel
C:\py\pigsound\pig-sound-classification\data\raw\soundwel\IASPIASPArmsArmsSow87Pig115.wav,other,soundwel
C:\py\pigsound\pig-sound-classification\data\raw\soundwel\IASPIASPArmsArmsSow87Pig116.wav,other,soundwel
C:\py\pigsound\pig-sound-classification\data\raw\soundwel\IASPIASPArmsArmsSow87Pig117.wav,other,soundwel
C:\py\pigsound\pig-sound-classification\data\raw\soundwel\IASPIASPArmsArmsSow87Pig118.wav,other,soundwel
C:\py\pigsound\pig-sound-classification\data\raw\soundwel\IASPIASPArmsArmsSow87Pig12.wav,other,soundwel
C:\py\pigsound\pig-sound-classification\data\raw\soundwel\IASPIASPArmsArmsSow87Pig120.wav,other,soundwel
C:\py\pigsound\pig-sound-classification\data\raw\soundwel\IASPIASPArmsArmsSow87Pig121.wav,other,soundwel
C:\py\pigsound\pig-sound-classification\data\raw\soundwel\IASPIASPArmsArmsSow87Pig122.wav,other,soundwel
C:\py\pigsound\pig-sound-classification\data\raw\soundwel\IASPIASPArmsArmsSow87Pig123.wav,other,soundwel
C:\py\pigsound\pig-sound-classification\data\raw\soundwel\IASPIASPArmsArmsSow87Pig125.wav,other,soundwel
C:\py\pigsound\pig-sound-classification\data\raw\soundwel\IASPIASPArmsArmsSow87Pig13.wav,other,soundwel
C:\py\pigsound\pig-sound-classification\data\raw\soundwel\IASPIASPArmsArmsSow87Pig14.wav,other,soundwel
C:\py\pigsound\pig-sound-classification\data\raw\soundwel\IASPIASPArmsArmsSow87Pig15.wav,other,soundwel
C:\py\pigsound\pig-sound-classification\data\raw\soundwel\IASPIASPArmsArmsSow87Pig16.wav,other,soundwel
C:\py\pigsound\pig-sound-classification\data\raw\soundwel\IASPIASPArmsArmsSow87Pig17.wav,other,soundwel
C:\py\pigsound\pig-sound-classification\data\raw\soundwel\IASPIASPArmsArmsSow87Pig18.wav,other,soundwel
C:\py\pigsound\pig-sound-classification\data\raw\soundwel\IASPIASPArmsArmsSow87Pig19.wav,other,soundwel
C:\py\pigsound\pig-sound-classification\data\raw\soundwel\IASPIASPBacktests02p0101hflow06.wav,other,soundwel
C:\py\pigsound\pig-sound-classification\data\raw\soundwel\IASPIASPBacktests02p0101hfmax17.wav,other,soundwel
C:\py\pigsound\pig-sound-classification\data\raw\soundwel\IASPIASPBacktests02p0101hfmed34.wav,other,soundwel
C:\py\pigsound\pig-sound-classification\data\raw\soundwel\IASPIASPBacktests02p0101lflow05.wav,other,soundwel
C:\py\pigsound\pig-sound-classification\data\raw\soundwel\IASPIASPBacktests02p0101lfmed33.wav,other,soundwel
C:\py\pigsound\pig-sound-classification\data\raw\soundwel\IASPIASPBacktests02p0303hflow09.wav,other,soundwel
C:\py\pigsound\pig-sound-classification\data\raw\soundwel\IASPIASPBacktests02p0303hfmax21.wav,other,soundwel
C:\py\pigsound\pig-sound-classification\data\raw\soundwel\IASPIASPBacktests02p0303hfmed22.wav,other,soundwel
C:\py\pigsound\pig-sound-classification\data\raw\soundwel\IASPIASPBacktests02p0303lflow08.wav,other,soundwel
C:\py\pigsound\pig-sound-classification\data\raw\soundwel\IASPIASPBacktests02p0303lfmed22b.wav,other,soundwel
C:\py\pigsound\pig-sound-classification\data\raw\soundwel\IASPIASPBacktests02p0404hflow13.wav,other,soundwel
C:\py\pigsound\pig-sound-classification\data\raw\soundwel\IASPIASPBacktests02p0404hfmax23.wav,other,soundwel
C:\py\pigsound\pig-sound-classification\data\raw\soundwel\IASPIASPBacktests02p0404hfmed21.wav,other,soundwel
C:\py\pigsound\pig-sound-classification\data\raw\soundwel\IASPIASPBacktests02p0404lflow15.wav,other,soundwel
C:\py\pigsound\pig-sound-classification\data\raw\soundwel\IASPIASPBacktests02p0404lfmax24.wav,other,soundwel
C:\py\pigsound\pig-sound-classification\data\raw\soundwel\IASPIASPBacktests02p0404lfmed34.wav,other,soundwel
C:\py\pigsound\pig-sound-classification\data\raw\soundwel\IASPIASPBacktests02p0505hflow15.wav,other,soundwel
C:\py\pigsound\pig-sound-classification\data\raw\soundwel\IASPIASPBacktests02p0505hfmax29.wav,other,soundwel
C:\py\pigsound\pig-sound-classification\data\raw\soundwel\IASPIASPBacktests02p0505hfmed22.wav,other,soundwel
C:\py\pigsound\pig-sound-classification\data\raw\soundwel\IASPIASPBacktests02p0505lflow16.wav,other,soundwel
C:\py\pigsound\pig-sound-classification\data\raw\soundwel\IASPIASPBacktests02p0505lfmax28.wav,other,soundwel
C:\py\pigsound\pig-sound-classification\data\raw\soundwel\IASPIASPBacktests02p0505lfmed23.wav,other,soundwel
C:\py\pigsound\pig-sound-classification\data\raw\soundwel\IASPIASPBacktests02p0806hflow32.wav,other,soundwel
C:\py\pigsound\pig-sound-classification\data\raw\soundwel\IASPIASPBacktests02p0806hfmax24.wav,other,soundwel
C:\py\pigsound\pig-sound-classification\data\raw\soundwel\IASPIASPBacktests02p0806hfmed16.wav,other,soundwel
C:\py\pigsound\pig-sound-classification\data\raw\soundwel\IASPIASPBacktests02p0806lflow33.wav,other,soundwel
C:\py\pigsound\pig-sound-classification\data\raw\soundwel\IASPIASPBacktests02p0806lfmax23.wav,other,soundwel
C:\py\pigsound\pig-sound-classification\data\raw\soundwel\IASPIASPBacktests02p0806lfmed19.wav,other,soundwel
C:\py\pigsound\pig-sound-classification\data\raw\soundwel\IASPIASPBacktests08p0101hflow14.wav,other,soundwel
C:\py\pigsound\pig-sound-classification\data\raw\soundwel\IASPIASPBacktests08p0101hfmax28.wav,other,soundwel
C:\py\pigsound\pig-sound-classification\data\raw\soundwel\IASPIASPBacktests08p0101hfmed25.wav,other,soundwel
C:\py\pigsound\pig-sound-classification\data\raw\soundwel\IASPIASPBacktests08p0101lflow20.wav,other,soundwel
C:\py\pigsound\pig-sound-classification\data\raw\soundwel\IASPIASPBacktests08p0203hflow44.wav,other,soundwel
C:\py\pigsound\pig-sound-classification\data\raw\soundwel\IASPIASPBacktests08p0203hfmax22.wav,other,soundwel
C:\py\pigsound\pig-sound-classification\data\raw\soundwel\IASPIASPBacktests08p0203hfmed26.wav,other,soundwel
C:\py\pigsound\pig-sound-classification\data\raw\soundwel\IASPIASPBacktests08p0203lflow43.wav,other,soundwel
C:\py\pigsound\pig-sound-classification\data\raw\soundwel\IASPIASPBacktests08p0203lfmax20.wav,other,soundwel
C:\py\pigsound\pig-sound-classification\data\raw\soundwel\IASPIASPBacktests08p0203lfmed28.wav,other,soundwel
C:\py\pigsound\pig-sound-classification\data\raw\soundwel\IASPIASPBacktests08p0304hflow51.wav,other,soundwel
C:\py\pigsound\pig-sound-classification\data\raw\soundwel\IASPIASPBacktests08p0304hfmax15.wav,other,soundwel
C:\py\pigsound\pig-sound-classification\data\raw\soundwel\IASPIASPBacktests08p0304hfmed23.wav,other,soundwel
C:\py\pigsound\pig-sound-classification\data\raw\soundwel\IASPIASPBacktests08p0304lflow53.wav,other,soundwel
C:\py\pigsound\pig-sound-classification\data\raw\soundwel\IASPIASPBacktests08p0304lfmed32.wav,other,soundwel
C:\py\pigsound\pig-sound-classification\data\raw\soundwel\IASPIASPBacktests08p0406hflow67.wav,other,soundwel
C:\py\pigsound\pig-sound-classification\data\raw\soundwel\IASPIASPBacktests08p0406hfmax75.wav,other,soundwel
C:\py\pigsound\pig-sound-classification\data\raw\soundwel\IASPIASPBacktests08p0406hfmed56.wav,other,soundwel
C:\py\pigsound\pig-sound-classification\data\raw\soundwel\IASPIASPBacktests08p0406lflow68.wav,other,soundwel
C:\py\pigsound\pig-sound-classification\data\raw\soundwel\IASPIASPBacktests08p0406lfmed52.wav,other,soundwel
C:\py\pigsound\pig-sound-classification\data\raw\soundwel\IASPIASPBacktests08p0505hflow05.wav,other,soundwel
C:\py\pigsound\pig-sound-classification\data\raw\soundwel\IASPIASPBacktests08p0505hfmax13.wav,other,soundwel
C:\py\pigsound\pig-sound-classification\data\raw\soundwel\IASPIASPBacktests08p0505hfmed14.wav,other,soundwel
C:\py\pigsound\pig-sound-classification\data\raw\soundwel\IASPIASPBacktests08p0505lflow27.wav,other,soundwel
C:\py\pigsound\pig-sound-classification\data\raw\soundwel\IASPIASPBacktests08p0505lfmed18.wav,other,soundwel
C:\py\pigsound\pig-sound-classification\data\raw\soundwel\IASPIASPBacktests08p0602hflow14.wav,other,soundwel
C:\py\pigsound\pig-sound-classification\data\raw\soundwel\IASPIASPBacktests08p0602hfmax22.wav,other,soundwel
C:\py\pigsound\pig-sound-classification\data\raw\soundwel\IASPIASPBacktests08p0602hfmed40.wav,other,soundwel
C:\py\pigsound\pig-sound-classification\data\raw\soundwel\IASPIASPBacktests08p0602lflow16.wav,other,soundwel
C:\py\pigsound\pig-sound-classification\data\raw\soundwel\IASPIASPBacktests08p0602lfmax23.wav,other,soundwel
C:\py\pigsound\pig-sound-classification\data\raw\soundwel\IASPIASPBacktests08p0602lfmed42.wav,other,soundwel
C:\py\pigsound\pig-sound-classification\data\raw\soundwel\IASPIASPBacktests13p0104hflow31.wav,other,soundwel
C:\py\pigsound\pig-sound-classification\data\raw\soundwel\IASPIASPBacktests13p0104hfmax16a.wav,other,soundwel
C:\py\pigsound\pig-sound-classification\data\raw\soundwel\IASPIASPBacktests13p0104hfmed12.wav,other,soundwel
C:\py\pigsound\pig-sound-classification\data\raw\soundwel\IASPIASPBacktests13p0104lflow30.wav,other,soundwel
C:\py\pigsound\pig-sound-classification\data\raw\soundwel\IASPIASPBacktests13p0104lfmax15.wav,other,soundwel
C:\py\pigsound\pig-sound-classification\data\raw\soundwel\IASPIASPBacktests13p0104lfmed14.wav,other,soundwel
C:\py\pigsound\pig-sound-classification\data\raw\soundwel\IASPIASPBacktests13p0305hflow48.wav,other,soundwel
C:\py\pigsound\pig-sound-classification\data\raw\soundwel\IASPIASPBacktests13p0305hfmax36.wav,other,soundwel
C:\py\pigsound\pig-sound-classification\data\raw\soundwel\IASPIASPBacktests13p0305hfmed62.wav,other,soundwel
C:\py\pigsound\pig-sound-classification\data\raw\soundwel\IASPIASPBacktests13p0305lflow49.wav,other,soundwel
C:\py\pigsound\pig-sound-classification\data\raw\soundwel\IASPIASPBacktests13p0305lfmax38.wav,other,soundwel
C:\py\pigsound\pig-sound-classification\data\raw\soundwel\IASPIASPBacktests13p0305lfmed63.wav,other,soundwel
C:\py\pigsound\pig-sound-classification\data\raw\soundwel\IASPIASPBacktests13p0407hflow38.wav,other,soundwel
C:\py\pigsound\pig-sound-classification\data\raw\soundwel\IASPIASPBacktests13p0407hfmax30.wav,other,soundwel
C:\py\pigsound\pig-sound-classification\data\raw\soundwel\IASPIASPBacktests13p0407hfmed13.wav,other,soundwel
C:\py\pigsound\pig-sound-classification\data\raw\soundwel\IASPIASPBacktests13p0407lflow37.wav,other,soundwel
C:\py\pigsound\pig-sound-classification\data\raw\soundwel\IASPIASPBacktests13p0407lfmed14.wav,other,soundwel
C:\py\pigsound\pig-sound-classification\data\raw\soundwel\IASPIASPBacktests13p0502hflow11.wav,other,soundwel
C:\py\pigsound\pig-sound-classification\data\raw\soundwel\IASPIASPBacktests13p0502hfmax15.wav,other,soundwel
C:\py\pigsound\pig-sound-classification\data\raw\soundwel\IASPIASPBacktests13p0502hfmed20.wav,other,soundwel
C:\py\pigsound\pig-sound-classification\data\raw\soundwel\IASPIASPBacktests13p0502lflow413.wav,other,soundwel
C:\py\pigsound\pig-sound-classification\data\raw\soundwel\IASPIASPBacktests13p0502lfmed34.wav,other,soundwel
C:\py\pigsound\pig-sound-classification\data\raw\soundwel\IASPIASPBacktests13p0903hflow17.wav,other,soundwel
C:\py\pigsound\pig-sound-classification\data\raw\soundwel\IASPIASPBacktests13p0903hfmax24.wav,other,soundwel
C:\py\pigsound\pig-sound-classification\data\raw\soundwel\IASPIASPBacktests13p0903hfmed14.wav,other,soundwel
C:\py\pigsound\pig-sound-classification\data\raw\soundwel\IASPIASPBacktests13p0903lfmax26.wav,other,soundwel
C:\py\pigsound\pig-sound-classification\data\raw\soundwel\IASPIASPBacktests13p0903lfmed11.wav,other,soundwel
C:\py\pigsound\pig-sound-classification\data\raw\soundwel\IASPIASPBacktests13p1006hfmax63.wav,other,soundwel
C:\py\pigsound\pig-sound-classification\data\raw\soundwel\IASPIASPBacktests13p1006hfmed57.wav,other,soundwel
C:\py\pigsound\pig-sound-classification\data\raw\soundwel\IASPIASPBacktests13p1006lfmax62.wav,other,soundwel
C:\py\pigsound\pig-sound-classification\data\raw\soundwel\IASPIASPBacktests13p1006lfmed55.wav,other,soundwel
C:\py\pigsound\pig-sound-classification\data\raw\soundwel\IASPIASPBacktests13p1208hflow48.wav,other,soundwel
C:\py\pigsound\pig-sound-classification\data\raw\soundwel\IASPIASPBacktests13p1208hfmax39.wav,other,soundwel
C:\py\pigsound\pig-sound-classification\data\raw\soundwel\IASPIASPBacktests13p1208hfmed42.wav,other,soundwel
C:\py\pigsound\pig-sound-classification\data\raw\soundwel\IASPIASPBacktests13p1208lflow47.wav,other,soundwel
C:\py\pigsound\pig-sound-classification\data\raw\soundwel\IASPIASPBacktests13p1208lfmax40.wav,other,soundwel
C:\py\pigsound\pig-sound-classification\data\raw\soundwel\IASPIASPBacktests13p1208lfmed43.wav,other,soundwel
C:\py\pigsound\pig-sound-classification\data\raw\soundwel\IASPIASPBacktests19p0105hfmax16a.wav,other,soundwel
C:\py\pigsound\pig-sound-classification\data\raw\soundwel\IASPIASPBacktests19p0105hfmed10.wav,other,soundwel
C:\py\pigsound\pig-sound-classification\data\raw\soundwel\IASPIASPBacktests19p0105lflow31.wav,other,soundwel
C:\py\pigsound\pig-sound-classification\data\raw\soundwel\IASPIASPBacktests19p0105lfmax19.wav,other,soundwel
C:\py\pigsound\pig-sound-classification\data\raw\soundwel\IASPIASPBacktests19p0105lfmed11.wav,other,soundwel
C:\py\pigsound\pig-sound-classification\data\raw\soundwel\IASPIASPBacktests19p0303hflow53.wav,other,soundwel
C:\py\pigsound\pig-sound-classification\data\raw\soundwel\IASPIASPBacktests19p0303hfmax22.wav,other,soundwel
C:\py\pigsound\pig-sound-classification\data\raw\soundwel\IASPIASPBacktests19p0303hfmed08.wav,other,soundwel
C:\py\pigsound\pig-sound-classification\data\raw\soundwel\IASPIASPBacktests19p0303lflow54.wav,other,soundwel
C:\py\pigsound\pig-sound-classification\data\raw\soundwel\IASPIASPBacktests19p0303lfmed10.wav,other,soundwel
C:\py\pigsound\pig-sound-classification\data\raw\soundwel\IASPIASPBacktests19p0402hflow22.wav,other,soundwel
C:\py\pigsound\pig-sound-classification\data\raw\soundwel\IASPIASPBacktests19p0402hfmax15.wav,other,soundwel
C:\py\pigsound\pig-sound-classification\data\raw\soundwel\IASPIASPBacktests19p0402hfmed27.wav,other,soundwel
C:\py\pigsound\pig-sound-classification\data\raw\soundwel\IASPIASPBacktests19p0402lflow25.wav,other,soundwel
C:\py\pigsound\pig-sound-classification\data\raw\soundwel\IASPIASPBacktests19p0402lfmax14b.wav,other,soundwel
C:\py\pigsound\pig-sound-classification\data\raw\soundwel\IASPIASPBacktests19p0402lfmed32.wav,other,soundwel
C:\py\pigsound\pig-sound-classification\data\raw\soundwel\IASPIASPBacktests19p1201hfmax20.wav,other,soundwel
C:\py\pigsound\pig-sound-classification\data\raw\soundwel\IASPIASPBacktests19p1201hfmed08.wav,other,soundwel
C:\py\pigsound\pig-sound-classification\data\raw\soundwel\IASPIASPBacktests19p1201lflow15.wav,other,soundwel
C:\py\pigsound\pig-sound-classification\data\raw\soundwel\IASPIASPBacktests36p0102hflow26.wav,other,soundwel
C:\py\pigsound\pig-sound-classification\data\raw\soundwel\IASPIASPBacktests36p0102hfmax13.wav,other,soundwel
C:\py\pigsound\pig-sound-classification\data\raw\soundwel\IASPIASPBacktests36p0102hfmed22.wav,other,soundwel
C:\py\pigsound\pig-sound-classification\data\raw\soundwel\IASPIASPBacktests36p0102lflow27.wav,other,soundwel
C:\py\pigsound\pig-sound-classification\data\raw\soundwel\IASPIASPBacktests36p0102lfmax11.wav,other,soundwel
C:\py\pigsound\pig-sound-classification\data\raw\soundwel\IASPIASPBacktests36p0206hflow19.wav,other,soundwel
C:\py\pigsound\pig-sound-classification\data\raw\soundwel\IASPIASPBacktests36p0206hfmax23.wav,other,soundwel
C:\py\pigsound\pig-sound-classification\data\raw\soundwel\IASPIASPBacktests36p0206hfmed08.wav,other,soundwel
C:\py\pigsound\pig-sound-classification\data\raw\soundwel\IASPIASPBacktests36p0206lflow192.wav,other,soundwel
C:\py\pigsound\pig-sound-classification\data\raw\soundwel\IASPIASPBacktests36p0303hfmax30.wav,other,soundwel
C:\py\pigsound\pig-sound-classification\data\raw\soundwel\IASPIASPBacktests36p0303hfmed16.wav,other,soundwel
C:\py\pigsound\pig-sound-classification\data\raw\soundwel\IASPIASPBacktests36p0303lfmax32.wav,other,soundwel
C:\py\pigsound\pig-sound-classification\data\raw\soundwel\IASPIASPBacktests36p0303lfmed20.wav,other,soundwel
C:\py\pigsound\pig-sound-classification\data\raw\soundwel\IASPIASPBacktests36p0504lflow20.wav,other,soundwel
C:\py\pigsound\pig-sound-classification\data\raw\soundwel\IASPIASPBacktests36p0504lfmax09.wav,other,soundwel
C:\py\pigsound\pig-sound-classification\data\raw\soundwel\IASPIASPBacktests36p0504lfmed08.wav,other,soundwel
C:\py\pigsound\pig-sound-classification\data\raw\soundwel\IASPIASPBacktests36p0601hflow38.wav,other,soundwel
C:\py\pigsound\pig-sound-classification\data\raw\soundwel\IASPIASPBacktests36p0601hfmax25.wav,other,soundwel
C:\py\pigsound\pig-sound-classification\data\raw\soundwel\IASPIASPBacktests36p0601hfmed29.wav,other,soundwel
C:\py\pigsound\pig-sound-classification\data\raw\soundwel\IASPIASPBacktests36p0601lflow37.wav,other,soundwel
C:\py\pigsound\pig-sound-classification\data\raw\soundwel\IASPIASPBacktests36p0601lfmed30.wav,other,soundwel
C:\py\pigsound\pig-sound-classification\data\raw\soundwel\IASPIASPBacktests36p0705hflow09.wav,other,soundwel
C:\py\pigsound\pig-sound-classification\data\raw\soundwel\IASPIASPBacktests36p0705hfmax21.wav,other,soundwel
C:\py\pigsound\pig-sound-classification\data\raw\soundwel\IASPIASPBacktests36p0705hfmed32.wav,other,soundwel
C:\py\pigsound\pig-sound-classification\data\raw\soundwel\IASPIASPBacktests36p0705lflow11.wav,other,soundwel
C:\py\pigsound\pig-sound-classification\data\raw\soundwel\IASPIASPBacktests36p0705lfmax22.wav,other,soundwel
C:\py\pigsound\pig-sound-classification\data\raw\soundwel\IASPIASPBacktests36p0705lfmed34.wav,other,soundwel
C:\py\pigsound\pig-sound-classification\data\raw\soundwel\IASPIASPBacktests36p0908hflow13.wav,other,soundwel
C:\py\pigsound\pig-sound-classification\data\raw\soundwel\IASPIASPBacktests36p0908hfmax24.wav,other,soundwel
C:\py\pigsound\pig-sound-classification\data\raw\soundwel\IASPIASPBacktests36p0908hfmed37.wav,other,soundwel
C:\py\pigsound\pig-sound-classification\data\raw\soundwel\IASPIASPBacktests36p0908lflow11.wav,other,soundwel
C:\py\pigsound\pig-sound-classification\data\raw\soundwel\IASPIASPBacktests36p0908lfmax26.wav,other,soundwel
C:\py\pigsound\pig-sound-classification\data\raw\soundwel\IASPIASPBacktests36p0908lfmed21.wav,other,soundwel
C:\py\pigsound\pig-sound-classification\data\raw\soundwel\IASPIASPBacktests36p1007hflow37.wav,other,soundwel
C:\py\pigsound\pig-sound-classification\data\raw\soundwel\IASPIASPBacktests36p1007hfmed39.wav,other,soundwel
C:\py\pigsound\pig-sound-classification\data\raw\soundwel\IASPIASPBacktests36p1007lflow36.wav,other,soundwel
C:\py\pigsound\pig-sound-classification\data\raw\soundwel\IASPIASPBacktests36p1007lfmax42.wav,other,soundwel
C:\py\pigsound\pig-sound-classification\data\raw\soundwel\IASPIASPBacktests36p1007lfmed40.wav,other,soundwel
C:\py\pigsound\pig-sound-classification\data\raw\soundwel\IASPIASPBacktests39p0208hflow10.wav,other,soundwel
C:\py\pigsound\pig-sound-classification\data\raw\soundwel\IASPIASPBacktests39p0208hfmax18.wav,other,soundwel
C:\py\pigsound\pig-sound-classification\data\raw\soundwel\IASPIASPBacktests39p0208hfmed63.wav,other,soundwel
C:\py\pigsound\pig-sound-classification\data\raw\soundwel\IASPIASPBacktests39p0208lflow38.wav,other,soundwel
C:\py\pigsound\pig-sound-classification\data\raw\soundwel\IASPIASPBacktests39p0208lfmax20.wav,other,soundwel
C:\py\pigsound\pig-sound-classification\data\raw\soundwel\IASPIASPBacktests39p0208lfmed73.wav,other,soundwel
C:\py\pigsound\pig-sound-classification\data\raw\soundwel\IASPIASPBacktests39p0303hfmax45.wav,other,soundwel
C:\py\pigsound\pig-sound-classification\data\raw\soundwel\IASPIASPBacktests39p0303lflow34.wav,other,soundwel
C:\py\pigsound\pig-sound-classification\data\raw\soundwel\IASPIASPBacktests39p0303lfmax47.wav,other,soundwel
C:\py\pigsound\pig-sound-classification\data\raw\soundwel\IASPIASPBacktests39p0303lfmed15.wav,other,soundwel
C:\py\pigsound\pig-sound-classification\data\raw\soundwel\IASPIASPBacktests39p0506hflow17.wav,other,soundwel
C:\py\pigsound\pig-sound-classification\data\raw\soundwel\IASPIASPBacktests39p0506hfmax58.wav,other,soundwel
C:\py\pigsound\pig-sound-classification\data\raw\soundwel\IASPIASPBacktests39p0506hfmed27.wav,other,soundwel
C:\py\pigsound\pig-sound-classification\data\raw\soundwel\IASPIASPBacktests39p0506lflow71.wav,other,soundwel
C:\py\pigsound\pig-sound-classification\data\raw\soundwel\IASPIASPBacktests39p0506lfmax59.wav,other,soundwel
C:\py\pigsound\pig-sound-classification\data\raw\soundwel\IASPIASPBacktests39p0506lfmed36.wav,other,soundwel
C:\py\pigsound\pig-sound-classification\data\raw\soundwel\IASPIASPBacktests39p0602hflow49.wav,other,soundwel
C:\py\pigsound\pig-sound-classification\data\raw\soundwel\IASPIASPBacktests39p0602hfmax26.wav,other,soundwel
C:\py\pigsound\pig-sound-classification\data\raw\soundwel\IASPIASPBacktests39p0602hfmed53.wav,other,soundwel
C:\py\pigsound\pig-sound-classification\data\raw\soundwel\IASPIASPBacktests39p0602lflow50.wav,other,soundwel
C:\py\pigsound\pig-sound-classification\data\raw\soundwel\IASPIASPBacktests39p0602lfmed79.wav,other,soundwel
C:\py\pigsound\pig-sound-classification\data\raw\soundwel\IASPIASPBacktests39p0705hfmax25.wav,other,soundwel
C:\py\pigsound\pig-sound-classification\data\raw\soundwel\IASPIASPBacktests39p0705lflow36.wav,other,soundwel
C:\py\pigsound\pig-sound-classification\data\raw\soundwel\IASPIASPBacktests39p0804hfmax08.wav,other,soundwel
C:\py\pigsound\pig-sound-classification\data\raw\soundwel\IASPIASPBacktests39p0804hfmed11.wav,other,soundwel
C:\py\pigsound\pig-sound-classification\data\raw\soundwel\IASPIASPBacktests39p0804lflow20.wav,other,soundwel
C:\py\pigsound\pig-sound-classification\data\raw\soundwel\IASPIASPBacktests39p0804lfmed12.wav,other,soundwel
C:\py\pigsound\pig-sound-classification\data\raw\soundwel\IASPIASPBacktests39p0907hflow42.wav,other,soundwel
C:\py\pigsound\pig-sound-classification\data\raw\soundwel\IASPIASPBacktests39p0907hfmax56.wav,other,soundwel
C:\py\pigsound\pig-sound-classification\data\raw\soundwel\IASPIASPBacktests39p0907hfmed18.wav,other,soundwel
C:\py\pigsound\pig-sound-classification\data\raw\soundwel\IASPIASPBacktests39p0907lflow43.wav,other,soundwel
C:\py\pigsound\pig-sound-classification\data\raw\soundwel\IASPIASPBacktests39p0907lfmed17.wav,other,soundwel
C:\py\pigsound\pig-sound-classification\data\raw\soundwel\IASPIASPBacktests39p1001hflow18.wav,other,soundwel
C:\py\pigsound\pig-sound-classification\data\raw\soundwel\IASPIASPBacktests39p1001hfmax07b.wav,other,soundwel
C:\py\pigsound\pig-sound-classification\data\raw\soundwel\IASPIASPBacktests39p1001hfmed16.wav,other,soundwel
C:\py\pigsound\pig-sound-classification\data\raw\soundwel\IASPIASPBacktests39p1001lflow19.wav,other,soundwel
C:\py\pigsound\pig-sound-classification\data\raw\soundwel\IASPIASPBacktests39p1001lfmax09.wav,other,soundwel
C:\py\pigsound\pig-sound-classification\data\raw\soundwel\IASPIASPBacktests39p1001lfmed17.wav,other,soundwel
C:\py\pigsound\pig-sound-classification\data\raw\soundwel\IASPIASPBacktests41p0207hflow49+50.wav,other,soundwel
C:\py\pigsound\pig-sound-classification\data\raw\soundwel\IASPIASPBacktests41p0207hfmax09.wav,other,soundwel
C:\py\pigsound\pig-sound-classification\data\raw\soundwel\IASPIASPBacktests41p0207hfmed35.wav,other,soundwel
C:\py\pigsound\pig-sound-classification\data\raw\soundwel\IASPIASPBacktests41p0207lflow51.wav,other,soundwel
C:\py\pigsound\pig-sound-classification\data\raw\soundwel\IASPIASPBacktests41p0207lfmax10.wav,other,soundwel
C:\py\pigsound\pig-sound-classification\data\raw\soundwel\IASPIASPBacktests41p0207lfmed36.wav,other,soundwel
C:\py\pigsound\pig-sound-classification\data\raw\soundwel\IASPIASPBacktests41p0404hflow57.wav,other,soundwel
C:\py\pigsound\pig-sound-classification\data\raw\soundwel\IASPIASPBacktests41p0404hfmax20.wav,other,soundwel
C:\py\pigsound\pig-sound-classification\data\raw\soundwel\IASPIASPBacktests41p0404hfmed55.wav,other,soundwel
C:\py\pigsound\pig-sound-classification\data\raw\soundwel\IASPIASPBacktests41p0404lflow58.wav,other,soundwel
C:\py\pigsound\pig-sound-classification\data\raw\soundwel\IASPIASPBacktests41p0404lfmed22.wav,other,soundwel
C:\py\pigsound\pig-sound-classification\data\raw\soundwel\IASPIASPBacktests41p0502hflow41.wav,other,soundwel
C:\py\pigsound\pig-sound-classification\data\raw\soundwel\IASPIASPBacktests41p0502hfmax66.wav,other,soundwel
C:\py\pigsound\pig-sound-classification\data\raw\soundwel\IASPIASPBacktests41p0502hfmed30.wav,other,soundwel
C:\py\pigsound\pig-sound-classification\data\raw\soundwel\IASPIASPBacktests41p0502lflow73.wav,other,soundwel
C:\py\pigsound\pig-sound-classification\data\raw\soundwel\IASPIASPBacktests41p0502lfmax67.wav,other,soundwel
C:\py\pigsound\pig-sound-classification\data\raw\soundwel\IASPIASPBacktests41p0502lfmed34.wav,other,soundwel
C:\py\pigsound\pig-sound-classification\data\raw\soundwel\IASPIASPBacktests41p0605hfmax31.wav,other,soundwel
C:\py\pigsound\pig-sound-classification\data\raw\soundwel\IASPIASPBacktests41p0605hfmed61a.wav,other,soundwel
C:\py\pigsound\pig-sound-classification\data\raw\soundwel\IASPIASPBacktests41p0605lflow35.wav,other,soundwel
C:\py\pigsound\pig-sound-classification\data\raw\soundwel\IASPIASPBacktests41p0605lfmax32.wav,other,soundwel
C:\py\pigsound\pig-sound-classification\data\raw\soundwel\IASPIASPBacktests41p0605lfmed62.wav,other,soundwel
C:\py\pigsound\pig-sound-classification\data\raw\soundwel\IASPIASPBacktests41p0701hflow51.wav,other,soundwel
C:\py\pigsound\pig-sound-classification\data\raw\soundwel\IASPIASPBacktests41p0701hfmax61.wav,other,soundwel
C:\py\pigsound\pig-sound-classification\data\raw\soundwel\IASPIASPBacktests41p0701hfmed27.wav,other,soundwel
C:\py\pigsound\pig-sound-classification\data\raw\soundwel\IASPIASPBacktests41p0701lflow52.wav,other,soundwel
C:\py\pigsound\pig-sound-classification\data\raw\soundwel\IASPIASPBacktests41p0701lfmed06.wav,other,soundwel
C:\py\pigsound\pig-sound-classification\data\raw\soundwel\IASPIASPBacktests41p0808hflow38.wav,other,soundwel
C:\py\pigsound\pig-sound-classification\data\raw\soundwel\IASPIASPBacktests41p0808hfmax53.wav,other,soundwel
C:\py\pigsound\pig-sound-classification\data\raw\soundwel\IASPIASPBacktests41p0808hfmed33.wav,other,soundwel
C:\py\pigsound\pig-sound-classification\data\raw\soundwel\IASPIASPBacktests41p0808lfmed35.wav,other,soundwel
C:\py\pigsound\pig-sound-classification\data\raw\soundwel\IASPIASPBacktests41p0906hflow27.wav,other,soundwel
C:\py\pigsound\pig-sound-classification\data\raw\soundwel\IASPIASPBacktests41p0906hfmax09.wav,other,soundwel
C:\py\pigsound\pig-sound-classification\data\raw\soundwel\IASPIASPBacktests41p0906hfmed30.wav,other,soundwel
C:\py\pigsound\pig-sound-classification\data\raw\soundwel\IASPIASPBacktests41p0906lflow26.wav,other,soundwel
C:\py\pigsound\pig-sound-classification\data\raw\soundwel\IASPIASPBacktests41p0906lfmed31.wav,other,soundwel
C:\py\pigsound\pig-sound-classification\data\raw\soundwel\IASPIASPBacktests47p0402hflow32.wav,other,soundwel
C:\py\pigsound\pig-sound-classification\data\raw\soundwel\IASPIASPBacktests47p0402hfmax11.wav,other,soundwel
C:\py\pigsound\pig-sound-classification\data\raw\soundwel\IASPIASPBacktests47p0402hfmed47.wav,other,soundwel
C:\py\pigsound\pig-sound-classification\data\raw\soundwel\IASPIASPBacktests47p0402lfmed15.wav,other,soundwel
C:\py\pigsound\pig-sound-classification\data\raw\soundwel\IASPIASPBacktests47p0503lflow44.wav,other,soundwel
C:\py\pigsound\pig-sound-classification\data\raw\soundwel\IASPIASPBacktests47p0503lfmax18.wav,other,soundwel
C:\py\pigsound\pig-sound-classification\data\raw\soundwel\IASPIASPBacktests47p0503lfmed15.wav,other,soundwel
C:\py\pigsound\pig-sound-classification\data\raw\soundwel\IASPIASPBacktests47p0604hfmax56.wav,other,soundwel
C:\py\pigsound\pig-sound-classification\data\raw\soundwel\IASPIASPBacktests47p0604hfmed52.wav,other,soundwel
C:\py\pigsound\pig-sound-classification\data\raw\soundwel\IASPIASPBacktests47p0604lflow18.wav,other,soundwel
C:\py\pigsound\pig-sound-classification\data\raw\soundwel\IASPIASPBacktests47p0604lfmed41.wav,other,soundwel
C:\py\pigsound\pig-sound-classification\data\raw\soundwel\IASPIASPBacktests47p0708hfmax42a.wav,other,soundwel
C:\py\pigsound\pig-sound-classification\data\raw\soundwel\IASPIASPBacktests47p0708hfmed41.wav,other,soundwel
C:\py\pigsound\pig-sound-classification\data\raw\soundwel\IASPIASPBacktests47p0708lfmax42b2.wav,other,soundwel
C:\py\pigsound\pig-sound-classification\data\raw\soundwel\IASPIASPBacktests47p0708lfmed12.wav,other,soundwel
C:\py\pigsound\pig-sound-classification\data\raw\soundwel\IASPIASPBacktests47p0806hflow06.wav,other,soundwel
C:\py\pigsound\pig-sound-classification\data\raw\soundwel\IASPIASPBacktests47p0806hfmax21.wav,other,soundwel
C:\py\pigsound\pig-sound-classification\data\raw\soundwel\IASPIASPBacktests47p0806hfmed29.wav,other,soundwel
C:\py\pigsound\pig-sound-classification\data\raw\soundwel\IASPIASPBacktests47p0806lflow05.wav,other,soundwel
C:\py\pigsound\pig-sound-classification\data\raw\soundwel\IASPIASPBacktests47p0806lfmed37.wav,other,soundwel
C:\py\pigsound\pig-sound-classification\data\raw\soundwel\IASPIASPBacktests47p1001hfmax10.wav,other,soundwel
C:\py\pigsound\pig-sound-classification\data\raw\soundwel\IASPIASPBacktests47p1001hfmed18.wav,other,soundwel
C:\py\pigsound\pig-sound-classification\data\raw\soundwel\IASPIASPBacktests47p1001lflow22.wav,other,soundwel
C:\py\pigsound\pig-sound-classification\data\raw\soundwel\IASPIASPBacktests47p1001lfmax11.wav,other,soundwel
C:\py\pigsound\pig-sound-classification\data\raw\soundwel\IASPIASPBacktests47p1001lfmed19.wav,other,soundwel
C:\py\pigsound\pig-sound-classification\data\raw\soundwel\IASPIASPBacktests47p1307hflow12.wav,other,soundwel
C:\py\pigsound\pig-sound-classification\data\raw\soundwel\IASPIASPBacktests47p1307hfmed32.wav,other,soundwel
C:\py\pigsound\pig-sound-classification\data\raw\soundwel\IASPIASPBacktests47p1307lflow62.wav,other,soundwel
C:\py\pigsound\pig-sound-classification\data\raw\soundwel\IASPIASPBacktests47p1307lfmax18.wav,other,soundwel
C:\py\pigsound\pig-sound-classification\data\raw\soundwel\IASPIASPBacktests47p1307lfmed28.wav,other,soundwel
C:\py\pigsound\pig-sound-classification\data\raw\soundwel\IASPIASPBacktests48p0106hfmax68.wav,other,soundwel
C:\py\pigsound\pig-sound-classification\data\raw\soundwel\IASPIASPBacktests48p0106hfmed49.wav,other,soundwel
C:\py\pigsound\pig-sound-classification\data\raw\soundwel\IASPIASPBacktests48p0106lflow71.wav,other,soundwel
C:\py\pigsound\pig-sound-classification\data\raw\soundwel\IASPIASPBacktests48p0106lfmax66.wav,other,soundwel
C:\py\pigsound\pig-sound-classification\data\raw\soundwel\IASPIASPBacktests48p0106lfmed50.wav,other,soundwel
C:\py\pigsound\pig-sound-classification\data\raw\soundwel\IASPIASPBacktests48p0207hflow32.wav,other,soundwel
C:\py\pigsound\pig-sound-classification\data\raw\soundwel\IASPIASPBacktests48p0207hfmax13.wav,other,soundwel
C:\py\pigsound\pig-sound-classification\data\raw\soundwel\IASPIASPBacktests48p0207hfmed24.wav,other,soundwel
C:\py\pigsound\pig-sound-classification\data\raw\soundwel\IASPIASPBacktests48p0207lflow39.wav,other,soundwel
C:\py\pigsound\pig-sound-classification\data\raw\soundwel\IASPIASPBacktests48p0207lfmax14.wav,other,soundwel
C:\py\pigsound\pig-sound-classification\data\raw\soundwel\IASPIASPBacktests48p0207lfmed26.wav,other,soundwel
C:\py\pigsound\pig-sound-classification\data\raw\soundwel\IASPIASPBacktests48p0504hfmax18.wav,other,soundwel
C:\py\pigsound\pig-sound-classification\data\raw\soundwel\IASPIASPBacktests48p0504hfmed10.wav,other,soundwel
C:\py\pigsound\pig-sound-classification\data\raw\soundwel\IASPIASPBacktests48p0504lflow12.wav,other,soundwel
C:\py\pigsound\pig-sound-classification\data\raw\soundwel\IASPIASPBacktests48p0504lfmax17.wav,other,soundwel
C:\py\pigsound\pig-sound-classification\data\raw\soundwel\IASPIASPBacktests48p0504lfmed21.wav,other,soundwel
C:\py\pigsound\pig-sound-classification\data\raw\soundwel\IASPIASPBacktests48p0602hfmax37.wav,other,soundwel
C:\py\pigsound\pig-sound-classification\data\raw\soundwel\IASPIASPBacktests48p0602hfmed56.wav,other,soundwel
C:\py\pigsound\pig-sound-classification\data\raw\soundwel\IASPIASPBacktests48p0602lfmax38.wav,other,soundwel
C:\py\pigsound\pig-sound-classification\data\raw\soundwel\IASPIASPBacktests48p0602lfmed57.wav,other,soundwel
C:\py\pigsound\pig-sound-classification\data\raw\soundwel\IASPIASPBacktests48p0805hflow35.wav,other,soundwel
C:\py\pigsound\pig-sound-classification\data\raw\soundwel\IASPIASPBacktests48p0805hfmax22.wav,other,soundwel
C:\py\pigsound\pig-sound-classification\data\raw\soundwel\IASPIASPBacktests48p0805hfmed30.wav,other,soundwel
C:\py\pigsound\pig-sound-classification\data\raw\soundwel\IASPIASPBacktests48p0805lflow36.wav,other,soundwel
C:\py\pigsound\pig-sound-classification\data\raw\soundwel\IASPIASPBacktests48p0805lfmax23.wav,other,soundwel
C:\py\pigsound\pig-sound-classification\data\raw\soundwel\IASPIASPBacktests48p0805lfmed31.wav,other,soundwel
C:\py\pigsound\pig-sound-classification\data\raw\soundwel\IASPIASPBacktests48p0908hflow65.wav,other,soundwel
C:\py\pigsound\pig-sound-classification\data\raw\soundwel\IASPIASPBacktests48p0908hfmax20.wav,other,soundwel
C:\py\pigsound\pig-sound-classification\data\raw\soundwel\IASPIASPBacktests48p0908hfmed110.wav,other,soundwel
C:\py\pigsound\pig-sound-classification\data\raw\soundwel\IASPIASPBacktests48p0908lflow64.wav,other,soundwel
C:\py\pigsound\pig-sound-classification\data\raw\soundwel\IASPIASPBacktests48p0908lfmax18.wav,other,soundwel
C:\py\pigsound\pig-sound-classification\data\raw\soundwel\IASPIASPBacktests48p0908lfmed79.wav,other,soundwel
C:\py\pigsound\pig-sound-classification\data\raw\soundwel\IASPIASPBacktests48p1003hfmax36.wav,other,soundwel
C:\py\pigsound\pig-sound-classification\data\raw\soundwel\IASPIASPBacktests48p1003hfmed41.wav,other,soundwel
C:\py\pigsound\pig-sound-classification\data\raw\soundwel\IASPIASPBacktests48p1003lflow58.wav,other,soundwel
C:\py\pigsound\pig-sound-classification\data\raw\soundwel\IASPIASPBacktests48p1003lfmax37.wav,other,soundwel
C:\py\pigsound\pig-sound-classification\data\raw\soundwel\IASPIASPBacktests48p1003lfmed42.wav,other,soundwel
C:\py\pigsound\pig-sound-classification\data\raw\soundwel\IASPIASPBacktests48p1101lfmed40.wav,other,soundwel
C:\py\pigsound\pig-sound-classification\data\raw\soundwel\IASPIASPBacktests55p0102lflow05.wav,other,soundwel
C:\py\pigsound\pig-sound-classification\data\raw\soundwel\IASPIASPBacktests55p0102lfmax15.wav,other,soundwel
C:\py\pigsound\pig-sound-classification\data\raw\soundwel\IASPIASPBacktests55p0102lfmed14.wav,other,soundwel
C:\py\pigsound\pig-sound-classification\data\raw\soundwel\IASPIASPBacktests55p0206hfmax20.wav,other,soundwel
C:\py\pigsound\pig-sound-classification\data\raw\soundwel\IASPIASPBacktests55p0206hfmed19.wav,other,soundwel
C:\py\pigsound\pig-sound-classification\data\raw\soundwel\IASPIASPBacktests55p0206lflow09.wav,other,soundwel
C:\py\pigsound\pig-sound-classification\data\raw\soundwel\IASPIASPBacktests55p0206lfmax17.wav,other,soundwel
C:\py\pigsound\pig-sound-classification\data\raw\soundwel\IASPIASPBacktests55p0206lfmed12.wav,other,soundwel
C:\py\pigsound\pig-sound-classification\data\raw\soundwel\IASPIASPBacktests55p0308hflow06.wav,other,soundwel
C:\py\pigsound\pig-sound-classification\data\raw\soundwel\IASPIASPBacktests55p0308hfmax25.wav,other,soundwel
C:\py\pigsound\pig-sound-classification\data\raw\soundwel\IASPIASPBacktests55p0308hfmed40.wav,other,soundwel
C:\py\pigsound\pig-sound-classification\data\raw\soundwel\IASPIASPBacktests55p0308lflow07.wav,other,soundwel
C:\py\pigsound\pig-sound-classification\data\raw\soundwel\IASPIASPBacktests55p0308lfmax22.wav,other,soundwel
C:\py\pigsound\pig-sound-classification\data\raw\soundwel\IASPIASPBacktests55p0308lfmed21.wav,other,soundwel
C:\py\pigsound\pig-sound-classification\data\raw\soundwel\IASPIASPBacktests55p0601lflow37.wav,other,soundwel
C:\py\pigsound\pig-sound-classification\data\raw\soundwel\IASPIASPBacktests55p0601lfmax39.wav,other,soundwel
C:\py\pigsound\pig-sound-classification\data\raw\soundwel\IASPIASPBacktests55p0601lfmed29.wav,other,soundwel
C:\py\pigsound\pig-sound-classification\data\raw\soundwel\IASPIASPBacktests55p0705hflow05.wav,other,soundwel
C:\py\pigsound\pig-sound-classification\data\raw\soundwel\IASPIASPBacktests55p0705hfmax19.wav,other,soundwel
C:\py\pigsound\pig-sound-classification\data\raw\soundwel\IASPIASPBacktests55p0705hfmed35.wav,other,soundwel
C:\py\pigsound\pig-sound-classification\data\raw\soundwel\IASPIASPBacktests55p0705lflow04.wav,other,soundwel
C:\py\pigsound\pig-sound-classification\data\raw\soundwel\IASPIASPBacktests55p0705lfmed34.wav,other,soundwel
C:\py\pigsound\pig-sound-classification\data\raw\soundwel\IASPIASPBacktests55p0803hfmax41.wav,other,soundwel
C:\py\pigsound\pig-sound-classification\data\raw\soundwel\IASPIASPBacktests55p0803hfmed38.wav,other,soundwel
C:\py\pigsound\pig-sound-classification\data\raw\soundwel\IASPIASPBacktests55p0803lfmax42.wav,other,soundwel
C:\py\pigsound\pig-sound-classification\data\raw\soundwel\IASPIASPBacktests55p0803lfmed39.wav,other,soundwel
C:\py\pigsound\pig-sound-classification\data\raw\soundwel\IASPIASPBacktests55p0907hflow14.wav,other,soundwel
C:\py\pigsound\pig-sound-classification\data\raw\soundwel\IASPIASPBacktests55p0907hfmax11.wav,other,soundwel
C:\py\pigsound\pig-sound-classification\data\raw\soundwel\IASPIASPBacktests55p0907hfmed26.wav,other,soundwel
C:\py\pigsound\pig-sound-classification\data\raw\soundwel\IASPIASPBacktests55p0907lflow16.wav,other,soundwel
C:\py\pigsound\pig-sound-classification\data\raw\soundwel\IASPIASPBacktests55p0907lfmed27.wav,other,soundwel
C:\py\pigsound\pig-sound-classification\data\raw\soundwel\IASPIASPBacktests55p1104hfmax39.wav,other,soundwel
C:\py\pigsound\pig-sound-classification\data\raw\soundwel\IASPIASPBacktests55p1104hfmed36.wav,other,soundwel
C:\py\pigsound\pig-sound-classification\data\raw\soundwel\IASPIASPBacktests55p1104lfmax38.wav,other,soundwel
C:\py\pigsound\pig-sound-classification\data\raw\soundwel\IASPIASPBacktests55p1104lfmed37.wav,other,soundwel
C:\py\pigsound\pig-sound-classification\data\raw\soundwel\IASPIASPBacktests80p0403hflow49.wav,other,soundwel
C:\py\pigsound\pig-sound-classification\data\raw\soundwel\IASPIASPBacktests80p0403hfmax37.wav,other,soundwel
C:\py\pigsound\pig-sound-classification\data\raw\soundwel\IASPIASPBacktests80p0403hfmed20.wav,other,soundwel
C:\py\pigsound\pig-sound-classification\data\raw\soundwel\IASPIASPBacktests80p0403lflow28.wav,other,soundwel
C:\py\pigsound\pig-sound-classification\data\raw\soundwel\IASPIASPBacktests80p0403lfmax38.wav,other,soundwel
C:\py\pigsound\pig-sound-classification\data\raw\soundwel\IASPIASPBacktests80p0403lfmed21.wav,other,soundwel
C:\py\pigsound\pig-sound-classification\data\raw\soundwel\IASPIASPBacktests80p0607hflow24.wav,other,soundwel
C:\py\pigsound\pig-sound-classification\data\raw\soundwel\IASPIASPBacktests80p0607hfmax18.wav,other,soundwel
C:\py\pigsound\pig-sound-classification\data\raw\soundwel\IASPIASPBacktests80p0607hfmed54.wav,other,soundwel
C:\py\pigsound\pig-sound-classification\data\raw\soundwel\IASPIASPBacktests80p0607lflow23.wav,other,soundwel
C:\py\pigsound\pig-sound-classification\data\raw\soundwel\IASPIASPBacktests80p0607lfmax19.wav,other,soundwel
C:\py\pigsound\pig-sound-classification\data\raw\soundwel\IASPIASPBacktests80p0607lfmed56.wav,other,soundwel
C:\py\pigsound\pig-sound-classification\data\raw\soundwel\IASPIASPBacktests80p0701hfmax26.wav,other,soundwel
C:\py\pigsound\pig-sound-classification\data\raw\soundwel\IASPIASPBacktests80p0701hfmed13.wav,other,soundwel
C:\py\pigsound\pig-sound-classification\data\raw\soundwel\IASPIASPBacktests80p0701lflow16.wav,other,soundwel
C:\py\pigsound\pig-sound-classification\data\raw\soundwel\IASPIASPBacktests80p0701lfmax27.wav,other,soundwel
C:\py\pigsound\pig-sound-classification\data\raw\soundwel\IASPIASPBacktests80p0701lfmed14.wav,other,soundwel
C:\py\pigsound\pig-sound-classification\data\raw\soundwel\IASPIASPBacktests80p0805hfmax16.wav,other,soundwel
C:\py\pigsound\pig-sound-classification\data\raw\soundwel\IASPIASPBacktests80p0805hfmed11.wav,other,soundwel
C:\py\pigsound\pig-sound-classification\data\raw\soundwel\IASPIASPBacktests80p0805lflow23.wav,other,soundwel
C:\py\pigsound\pig-sound-classification\data\raw\soundwel\IASPIASPBacktests80p0805lfmax15.wav,other,soundwel
C:\py\pigsound\pig-sound-classification\data\raw\soundwel\IASPIASPBacktests80p0805lfmed12.wav,other,soundwel
C:\py\pigsound\pig-sound-classification\data\raw\soundwel\IASPIASPBacktests80p0908hflow32.wav,other,soundwel
C:\py\pigsound\pig-sound-classification\data\raw\soundwel\IASPIASPBacktests80p0908hfmax23.wav,other,soundwel
C:\py\pigsound\pig-sound-classification\data\raw\soundwel\IASPIASPBacktests80p0908hfmed47.wav,other,soundwel
C:\py\pigsound\pig-sound-classification\data\raw\soundwel\IASPIASPBacktests80p0908lflow30.wav,other,soundwel
C:\py\pigsound\pig-sound-classification\data\raw\soundwel\IASPIASPBacktests80p0908lfmax24.wav,other,soundwel
C:\py\pigsound\pig-sound-classification\data\raw\soundwel\IASPIASPBacktests80p0908lfmed49.wav,other,soundwel
C:\py\pigsound\pig-sound-classification\data\raw\soundwel\IASPIASPBacktests80p1002lflow11.wav,other,soundwel
C:\py\pigsound\pig-sound-classification\data\raw\soundwel\IASPIASPBacktests80p1002lfmax46.wav,other,soundwel
C:\py\pigsound\pig-sound-classification\data\raw\soundwel\IASPIASPBacktests80p1002lfmed17.wav,other,soundwel
C:\py\pigsound\pig-sound-classification\data\raw\soundwel\IASPIASPBacktests80p1106hfmax36.wav,other,soundwel
C:\py\pigsound\pig-sound-classification\data\raw\soundwel\IASPIASPBacktests80p1106hfmed14.wav,other,soundwel
C:\py\pigsound\pig-sound-classification\data\raw\soundwel\IASPIASPBacktests80p1106lflow26.wav,other,soundwel
C:\py\pigsound\pig-sound-classification\data\raw\soundwel\IASPIASPBacktests80p1106lfmax35.wav,other,soundwel
C:\py\pigsound\pig-sound-classification\data\raw\soundwel\IASPIASPBacktests80p1106lfmed15.wav,other,soundwel
C:\py\pigsound\pig-sound-classification\data\raw\soundwel\IASPIASPBacktests99p0108hflow29.wav,other,soundwel
C:\py\pigsound\pig-sound-classification\data\raw\soundwel\IASPIASPBacktests99p0108hfmax63.wav,other,soundwel
C:\py\pigsound\pig-sound-classification\data\raw\soundwel\IASPIASPBacktests99p0108hfmed30.wav,other,soundwel
C:\py\pigsound\pig-sound-classification\data\raw\soundwel\IASPIASPBacktests99p0108lflow28.wav,other,soundwel
C:\py\pigsound\pig-sound-classification\data\raw\soundwel\IASPIASPBacktests99p0108lfmax61.wav,other,soundwel
C:\py\pigsound\pig-sound-classification\data\raw\soundwel\IASPIASPBacktests99p0108lfmed32.wav,other,soundwel
C:\py\pigsound\pig-sound-classification\data\raw\soundwel\IASPIASPBacktests99p0204hflow03.wav,other,soundwel
C:\py\pigsound\pig-sound-classification\data\raw\soundwel\IASPIASPBacktests99p0204hfmax29a.wav,other,soundwel
C:\py\pigsound\pig-sound-classification\data\raw\soundwel\IASPIASPBacktests99p0204hfmed18.wav,other,soundwel
C:\py\pigsound\pig-sound-classification\data\raw\soundwel\IASPIASPBacktests99p0204lflow39.wav,other,soundwel
C:\py\pigsound\pig-sound-classification\data\raw\soundwel\IASPIASPBacktests99p0204lfmax29b.wav,other,soundwel
C:\py\pigsound\pig-sound-classification\data\raw\soundwel\IASPIASPBacktests99p0204lfmed19.wav,other,soundwel
C:\py\pigsound\pig-sound-classification\data\raw\soundwel\IASPIASPBacktests99p0306hfmax32.wav,other,soundwel
C:\py\pigsound\pig-sound-classification\data\raw\soundwel\IASPIASPBacktests99p0306hfmed22.wav,other,soundwel
C:\py\pigsound\pig-sound-classification\data\raw\soundwel\IASPIASPBacktests99p0306lflow47.wav,other,soundwel
C:\py\pigsound\pig-sound-classification\data\raw\soundwel\IASPIASPBacktests99p0306lfmed20.wav,other,soundwel
C:\py\pigsound\pig-sound-classification\data\raw\soundwel\IASPIASPBacktests99p0407hflow11.wav,other,soundwel
C:\py\pigsound\pig-sound-classification\data\raw\soundwel\IASPIASPBacktests99p0407hfmax49.wav,other,soundwel
C:\py\pigsound\pig-sound-classification\data\raw\soundwel\IASPIASPBacktests99p0407hfmed21.wav,other,soundwel
C:\py\pigsound\pig-sound-classification\data\raw\soundwel\IASPIASPBacktests99p0407lflow10.wav,other,soundwel
C:\py\pigsound\pig-sound-classification\data\raw\soundwel\IASPIASPBacktests99p0407lfmed51.wav,other,soundwel
C:\py\pigsound\pig-sound-classification\data\raw\soundwel\IASPIASPBacktests99p0502hflow25.wav,other,soundwel
C:\py\pigsound\pig-sound-classification\data\raw\soundwel\IASPIASPBacktests99p0502hfmax30.wav,other,soundwel
C:\py\pigsound\pig-sound-classification\data\raw\soundwel\IASPIASPBacktests99p0502hfmed22.wav,other,soundwel
C:\py\pigsound\pig-sound-classification\data\raw\soundwel\IASPIASPBacktests99p0502lflow40.wav,other,soundwel
C:\py\pigsound\pig-sound-classification\data\raw\soundwel\IASPIASPBacktests99p0502lfmax31.wav,other,soundwel
C:\py\pigsound\pig-sound-classification\data\raw\soundwel\IASPIASPBacktests99p0502lfmed19.wav,other,soundwel
C:\py\pigsound\pig-sound-classification\data\raw\soundwel\IASPIASPBacktests99p0701hflow35.wav,other,soundwel
C:\py\pigsound\pig-sound-classification\data\raw\soundwel\IASPIASPBacktests99p0701hfmax15.wav,other,soundwel
C:\py\pigsound\pig-sound-classification\data\raw\soundwel\IASPIASPBacktests99p0701hfmed36.wav,other,soundwel
C:\py\pigsound\pig-sound-classification\data\raw\soundwel\IASPIASPBacktests99p0701lflow67.wav,other,soundwel
C:\py\pigsound\pig-sound-classification\data\raw\soundwel\IASPIASPBacktests99p0701lfmax17.wav,other,soundwel
C:\py\pigsound\pig-sound-classification\data\raw\soundwel\IASPIASPBacktests99p0701lfmed39.wav,other,soundwel
C:\py\pigsound\pig-sound-classification\data\raw\soundwel\IASPIASPBacktests99p0805hfmax54.wav,other,soundwel
C:\py\pigsound\pig-sound-classification\data\raw\soundwel\IASPIASPBacktests99p0805hfmed59.wav,other,soundwel
C:\py\pigsound\pig-sound-classification\data\raw\soundwel\IASPIASPBacktests99p0805lflow64.wav,other,soundwel
C:\py\pigsound\pig-sound-classification\data\raw\soundwel\IASPIASPBacktests99p0805lfmax55.wav,other,soundwel
C:\py\pigsound\pig-sound-classification\data\raw\soundwel\IASPIASPBacktests99p0805lfmed61.wav,other,soundwel
C:\py\pigsound\pig-sound-classification\data\raw\soundwel\IASPIASPBacktests99p0903hflow36.wav,other,soundwel
C:\py\pigsound\pig-sound-classification\data\raw\soundwel\IASPIASPBacktests99p0903hfmax51.wav,other,soundwel
C:\py\pigsound\pig-sound-classification\data\raw\soundwel\IASPIASPBacktests99p0903hfmed28.wav,other,soundwel
C:\py\pigsound\pig-sound-classification\data\raw\soundwel\IASPIASPBacktests99p0903lflow38.wav,other,soundwel
C:\py\pigsound\pig-sound-classification\data\raw\soundwel\IASPIASPBacktests99p0903lfmed29.wav,other,soundwel
C:\py\pigsound\pig-sound-classification\data\raw\soundwel\IASPIASPBeforeNursingBefnurSow39Pig31.wav,other,soundwel
C:\py\pigsound\pig-sound-classification\data\raw\soundwel\IASPIASPBeforeNursingBefnurSow39Pig310.wav,other,soundwel
C:\py\pigsound\pig-sound-classification\data\raw\soundwel\IASPIASPBeforeNursingBefnurSow39Pig311.wav,other,soundwel
C:\py\pigsound\pig-sound-classification\data\raw\soundwel\IASPIASPBeforeNursingBefnurSow39Pig312.wav,other,soundwel
C:\py\pigsound\pig-sound-classification\data\raw\soundwel\IASPIASPBeforeNursingBefnurSow39Pig313.wav,other,soundwel
C:\py\pigsound\pig-sound-classification\data\raw\soundwel\IASPIASPBeforeNursingBefnurSow39Pig314.wav,other,soundwel
C:\py\pigsound\pig-sound-classification\data\raw\soundwel\IASPIASPBeforeNursingBefnurSow39Pig315.wav,other,soundwel
C:\py\pigsound\pig-sound-classification\data\raw\soundwel\IASPIASPBeforeNursingBefnurSow39Pig32.wav,other,soundwel
C:\py\pigsound\pig-sound-classification\data\raw\soundwel\IASPIASPBeforeNursingBefnurSow39Pig33.wav,other,soundwel
C:\py\pigsound\pig-sound-classification\data\raw\soundwel\IASPIASPBeforeNursingBefnurSow39Pig34.wav,other,soundwel
C:\py\pigsound\pig-sound-classification\data\raw\soundwel\IASPIASPBeforeNursingBefnurSow39Pig35.wav,other,soundwel
C:\py\pigsound\pig-sound-classification\data\raw\soundwel\IASPIASPBeforeNursingBefnurSow39Pig36.wav,other,soundwel
C:\py\pigsound\pig-sound-classification\data\raw\soundwel\IASPIASPBeforeNursingBefnurSow39Pig37.wav,other,soundwel
C:\py\pigsound\pig-sound-classification\data\raw\soundwel\IASPIASPBeforeNursingBefnurSow39Pig38.wav,other,soundwel
C:\py\pigsound\pig-sound-classification\data\raw\soundwel\IASPIASPBeforeNursingBefnurSow39Pig39.wav,other,soundwel
C:\py\pigsound\pig-sound-classification\data\raw\soundwel\IASPIASPBeforeNursingBefnurSow84Pig121.wav,other,soundwel
C:\py\pigsound\pig-sound-classification\data\raw\soundwel\IASPIASPBeforeNursingBefnurSow84Pig1210.wav,other,soundwel
C:\py\pigsound\pig-sound-classification\data\raw\soundwel\IASPIASPBeforeNursingBefnurSow84Pig1211.wav,other,soundwel
C:\py\pigsound\pig-sound-classification\data\raw\soundwel\IASPIASPBeforeNursingBefnurSow84Pig1212.wav,other,soundwel
C:\py\pigsound\pig-sound-classification\data\raw\soundwel\IASPIASPBeforeNursingBefnurSow84Pig122.wav,other,soundwel
C:\py\pigsound\pig-sound-classification\data\raw\soundwel\IASPIASPBeforeNursingBefnurSow84Pig123.wav,other,soundwel
C:\py\pigsound\pig-sound-classification\data\raw\soundwel\IASPIASPBeforeNursingBefnurSow84Pig125.wav,other,soundwel
C:\py\pigsound\pig-sound-classification\data\raw\soundwel\IASPIASPBeforeNursingBefnurSow84Pig126.wav,other,soundwel
C:\py\pigsound\pig-sound-classification\data\raw\soundwel\IASPIASPBeforeNursingBefnurSow84Pig127.wav,other,soundwel
C:\py\pigsound\pig-sound-classification\data\raw\soundwel\IASPIASPBeforeNursingBefnurSow84Pig128.wav,other,soundwel
C:\py\pigsound\pig-sound-classification\data\raw\soundwel\IASPIASPBeforeNursingBefnurSow84Pig129.wav,other,soundwel
C:\py\pigsound\pig-sound-classification\data\raw\soundwel\IASPIASPCasCutcuts02p01cascut001.wav,other,soundwel
C:\py\pigsound\pig-sound-classification\data\raw\soundwel\IASPIASPCasCutcuts02p01cascut002.wav,other,soundwel
C:\py\pigsound\pig-sound-classification\data\raw\soundwel\IASPIASPCasCutcuts08p01cascut001.wav,other,soundwel
C:\py\pigsound\pig-sound-classification\data\raw\soundwel\IASPIASPCasCutcuts08p01cascut002.wav,other,soundwel
C:\py\pigsound\pig-sound-classification\data\raw\soundwel\IASPIASPCasCutcuts08p01cascut003.wav,other,soundwel
C:\py\pigsound\pig-sound-classification\data\raw\soundwel\IASPIASPCasCutcuts19p01cascut001.wav,other,soundwel
C:\py\pigsound\pig-sound-classification\data\raw\soundwel\IASPIASPCasCutcuts19p01cascut002.wav,other,soundwel
C:\py\pigsound\pig-sound-classification\data\raw\soundwel\IASPIASPCasCutcuts19p12cascut001.wav,other,soundwel
C:\py\pigsound\pig-sound-classification\data\raw\soundwel\IASPIASPCasCutcuts19p12cascut002.wav,other,soundwel
C:\py\pigsound\pig-sound-classification\data\raw\soundwel\IASPIASPCasCutcuts36p02cascut001.wav,other,soundwel
C:\py\pigsound\pig-sound-classification\data\raw\soundwel\IASPIASPCasCutcuts36p02cascut002.wav,other,soundwel
C:\py\pigsound\pig-sound-classification\data\raw\soundwel\IASPIASPCasCutcuts36p02cascut003.wav,other,soundwel
C:\py\pigsound\pig-sound-classification\data\raw\soundwel\IASPIASPCasCutcuts36p02cascut004.wav,other,soundwel
C:\py\pigsound\pig-sound-classification\data\raw\soundwel\IASPIASPCasCutcuts36p02cascut005.wav,other,soundwel
C:\py\pigsound\pig-sound-classification\data\raw\soundwel\IASPIASPCasCutcuts36p02cascut006.wav,other,soundwel
C:\py\pigsound\pig-sound-classification\data\raw\soundwel\IASPIASPCasCutcuts36p10cascut001.wav,other,soundwel
C:\py\pigsound\pig-sound-classification\data\raw\soundwel\IASPIASPCasCutcuts36p10cascut003.wav,other,soundwel
C:\py\pigsound\pig-sound-classification\data\raw\soundwel\IASPIASPCasCutcuts36p10cascut004.wav,other,soundwel
C:\py\pigsound\pig-sound-classification\data\raw\soundwel\IASPIASPCasCutcuts36p10cascut005.wav,other,soundwel
C:\py\pigsound\pig-sound-classification\data\raw\soundwel\IASPIASPCasCutcuts41p03cascut001.wav,other,soundwel
C:\py\pigsound\pig-sound-classification\data\raw\soundwel\IASPIASPCasCutcuts41p03cascut002.wav,other,soundwel
C:\py\pigsound\pig-sound-classification\data\raw\soundwel\IASPIASPCasCutcuts41p03cascut003.wav,other,soundwel
C:\py\pigsound\pig-sound-classification\data\raw\soundwel\IASPIASPCasCutcuts41p03cascut004.wav,other,soundwel
C:\py\pigsound\pig-sound-classification\data\raw\soundwel\IASPIASPCasCutcuts41p03cascut005.wav,other,soundwel
C:\py\pigsound\pig-sound-classification\data\raw\soundwel\IASPIASPCasCutcuts41p03cascut006.wav,other,soundwel
C:\py\pigsound\pig-sound-classification\data\raw\soundwel\IASPIASPCasCutcuts41p05cascut001.wav,other,soundwel
C:\py\pigsound\pig-sound-classification\data\raw\soundwel\IASPIASPCasCutcuts41p05cascut002.wav,other,soundwel
C:\py\pigsound\pig-sound-classification\data\raw\soundwel\IASPIASPCasCutcuts41p05cascut003.wav,other,soundwel
C:\py\pigsound\pig-sound-classification\data\raw\soundwel\IASPIASPCasCutcuts41p05cascut004.wav,other,soundwel
C:\py\pigsound\pig-sound-classification\data\raw\soundwel\IASPIASPCasCutcuts41p05cascut005.wav,other,soundwel
C:\py\pigsound\pig-sound-classification\data\raw\soundwel\IASPIASPCasCutcuts41p05cascut006.wav,other,soundwel
C:\py\pigsound\pig-sound-classification\data\raw\soundwel\IASPIASPCasCutcuts47p06cascut001.wav,other,soundwel
C:\py\pigsound\pig-sound-classification\data\raw\soundwel\IASPIASPCasCutcuts47p06cascut002.wav,other,soundwel
C:\py\pigsound\pig-sound-classification\data\raw\soundwel\IASPIASPCasCutcuts47p06cascut003.wav,other,soundwel
C:\py\pigsound\pig-sound-classification\data\raw\soundwel\IASPIASPCasCutcuts47p06cascut004.wav,other,soundwel
C:\py\pigsound\pig-sound-classification\data\raw\soundwel\IASPIASPCasCutcuts47p06cascut005.wav,other,soundwel
C:\py\pigsound\pig-sound-classification\data\raw\soundwel\IASPIASPCasCutcuts47p06cascut006.wav,other,soundwel
C:\py\pigsound\pig-sound-classification\data\raw\soundwel\IASPIASPCasCutcuts47p06cascut007.wav,other,soundwel
C:\py\pigsound\pig-sound-classification\data\raw\soundwel\IASPIASPCasCutcuts47p06cascut008.wav,other,soundwel
C:\py\pigsound\pig-sound-classification\data\raw\soundwel\IASPIASPCasCutcuts47p06cascut009.wav,other,soundwel
C:\py\pigsound\pig-sound-classification\data\raw\soundwel\IASPIASPCasCutcuts47p06cascut010.wav,other,soundwel
C:\py\pigsound\pig-sound-classification\data\raw\soundwel\IASPIASPCasCutcuts47p06cascut011.wav,other,soundwel
C:\py\pigsound\pig-sound-classification\data\raw\soundwel\IASPIASPCasCutcuts47p06cascut012.wav,other,soundwel
C:\py\pigsound\pig-sound-classification\data\raw\soundwel\IASPIASPCasCutcuts47p06cascut013.wav,other,soundwel
C:\py\pigsound\pig-sound-classification\data\raw\soundwel\IASPIASPCasCutcuts47p06cascut014.wav,other,soundwel
C:\py\pigsound\pig-sound-classification\data\raw\soundwel\IASPIASPCasCutcuts47p10cascut001.wav,other,soundwel
C:\py\pigsound\pig-sound-classification\data\raw\soundwel\IASPIASPCasCutcuts47p10cascut002.wav,other,soundwel
C:\py\pigsound\pig-sound-classification\data\raw\soundwel\IASPIASPCasCutcuts47p10cascut003.wav,other,soundwel
C:\py\pigsound\pig-sound-classification\data\raw\soundwel\IASPIASPCasCutcuts47p10cascut004.wav,other,soundwel
C:\py\pigsound\pig-sound-classification\data\raw\soundwel\IASPIASPCasCutcuts47p10cascut005.wav,other,soundwel
C:\py\pigsound\pig-sound-classification\data\raw\soundwel\IASPIASPCasCutcuts47p10cascut006.wav,other,soundwel
C:\py\pigsound\pig-sound-classification\data\raw\soundwel\IASPIASPCasCutcuts47p10cascut007.wav,other,soundwel
C:\py\pigsound\pig-sound-classification\data\raw\soundwel\IASPIASPCasCutcuts47p10cascut008.wav,other,soundwel
C:\py\pigsound\pig-sound-classification\data\raw\soundwel\IASPIASPCasCutcuts48p05cascut001.wav,other,soundwel
C:\py\pigsound\pig-sound-classification\data\raw\soundwel\IASPIASPCasCutcuts48p05cascut002.wav,other,soundwel
C:\py\pigsound\pig-sound-classification\data\raw\soundwel\IASPIASPCasCutcuts48p05cascut003.wav,other,soundwel
C:\py\pigsound\pig-sound-classification\data\raw\soundwel\IASPIASPCasCutcuts48p05cascut004.wav,other,soundwel
C:\py\pigsound\pig-sound-classification\data\raw\soundwel\IASPIASPCasCutcuts48p05cascut005.wav,other,soundwel
C:\py\pigsound\pig-sound-classification\data\raw\soundwel\IASPIASPCasCutcuts48p05cascut006.wav,other,soundwel
C:\py\pigsound\pig-sound-classification\data\raw\soundwel\IASPIASPCasCutcuts48p05cascut007.wav,other,soundwel
C:\py\pigsound\pig-sound-classification\data\raw\soundwel\IASPIASPCasCutcuts48p05cascut008.wav,other,soundwel
C:\py\pigsound\pig-sound-classification\data\raw\soundwel\IASPIASPCasCutcuts48p05cascut010.wav,other,soundwel
C:\py\pigsound\pig-sound-classification\data\raw\soundwel\IASPIASPCasCutcuts48p06cascut001.wav,other,soundwel
C:\py\pigsound\pig-sound-classification\data\raw\soundwel\IASPIASPCasCutcuts48p06cascut002.wav,other,soundwel
C:\py\pigsound\pig-sound-classification\data\raw\soundwel\IASPIASPCasCutcuts48p06cascut003.wav,other,soundwel
C:\py\pigsound\pig-sound-classification\data\raw\soundwel\IASPIASPCasCutcuts48p06cascut004.wav,other,soundwel
C:\py\pigsound\pig-sound-classification\data\raw\soundwel\IASPIASPCasCutcuts53p07cascut001.wav,other,soundwel
C:\py\pigsound\pig-sound-classification\data\raw\soundwel\IASPIASPCasCutcuts53p07cascut002.wav,other,soundwel
C:\py\pigsound\pig-sound-classification\data\raw\soundwel\IASPIASPCasCutcuts53p07cascut003.wav,other,soundwel
C:\py\pigsound\pig-sound-classification\data\raw\soundwel\IASPIASPCasCutcuts53p07cascut004.wav,other,soundwel
C:\py\pigsound\pig-sound-classification\data\raw\soundwel\IASPIASPCasCutcuts53p07cascut005.wav,other,soundwel
C:\py\pigsound\pig-sound-classification\data\raw\soundwel\IASPIASPCasCutcuts53p09cascut001.wav,other,soundwel
C:\py\pigsound\pig-sound-classification\data\raw\soundwel\IASPIASPCasCutcuts53p09cascut002.wav,other,soundwel
C:\py\pigsound\pig-sound-classification\data\raw\soundwel\IASPIASPCasCutcuts53p09cascut003.wav,other,soundwel
C:\py\pigsound\pig-sound-classification\data\raw\soundwel\IASPIASPCasCutcuts53p09cascut004.wav,other,soundwel
C:\py\pigsound\pig-sound-classification\data\raw\soundwel\IASPIASPCasCutcuts53p09cascut005.wav,other,soundwel
C:\py\pigsound\pig-sound-classification\data\raw\soundwel\IASPIASPCasCutcuts53p09cascut006.wav,other,soundwel
C:\py\pigsound\pig-sound-classification\data\raw\soundwel\IASPIASPCasCutcuts53p09cascut007.wav,other,soundwel
C:\py\pigsound\pig-sound-classification\data\raw\soundwel\IASPIASPCasCutcuts53p09cascut008.wav,other,soundwel
C:\py\pigsound\pig-sound-classification\data\raw\soundwel\IASPIASPCasCutcuts53p09cascut009.wav,other,soundwel
C:\py\pigsound\pig-sound-classification\data\raw\soundwel\IASPIASPCasCutcuts55p07cascut001.wav,other,soundwel
C:\py\pigsound\pig-sound-classification\data\raw\soundwel\IASPIASPCasCutcuts55p07cascut002.wav,other,soundwel
C:\py\pigsound\pig-sound-classification\data\raw\soundwel\IASPIASPCasCutcuts55p07cascut003.wav,other,soundwel
C:\py\pigsound\pig-sound-classification\data\raw\soundwel\IASPIASPCasCutcuts55p07cascut004.wav,other,soundwel
C:\py\pigsound\pig-sound-classification\data\raw\soundwel\IASPIASPCasCutcuts55p07cascut005.wav,other,soundwel
C:\py\pigsound\pig-sound-classification\data\raw\soundwel\IASPIASPCasCutcuts55p07cascut006.wav,other,soundwel
C:\py\pigsound\pig-sound-classification\data\raw\soundwel\IASPIASPCasCutcuts55p07cascut007.wav,other,soundwel
C:\py\pigsound\pig-sound-classification\data\raw\soundwel\IASPIASPCasCutcuts55p07cascut008.wav,other,soundwel
C:\py\pigsound\pig-sound-classification\data\raw\soundwel\IASPIASPCasCutcuts55p08cascut001.wav,other,soundwel
C:\py\pigsound\pig-sound-classification\data\raw\soundwel\IASPIASPCasCutcuts55p08cascut002.wav,other,soundwel
C:\py\pigsound\pig-sound-classification\data\raw\soundwel\IASPIASPCasCutcuts55p08cascut003.wav,other,soundwel
C:\py\pigsound\pig-sound-classification\data\raw\soundwel\IASPIASPCasCutcuts55p08cascut004.wav,other,soundwel
C:\py\pigsound\pig-sound-classification\data\raw\soundwel\IASPIASPCasCutcuts55p08cascut005.wav,other,soundwel
C:\py\pigsound\pig-sound-classification\data\raw\soundwel\IASPIASPCasCutcuts55p08cascut006.wav,other,soundwel
C:\py\pigsound\pig-sound-classification\data\raw\soundwel\IASPIASPCasCutcuts55p08cascut007.wav,other,soundwel
C:\py\pigsound\pig-sound-classification\data\raw\soundwel\IASPIASPCasCutcuts59p04cascut001.wav,other,soundwel
C:\py\pigsound\pig-sound-classification\data\raw\soundwel\IASPIASPCasCutcuts59p04cascut002.wav,other,soundwel
C:\py\pigsound\pig-sound-classification\data\raw\soundwel\IASPIASPCasCutcuts59p04cascut003.wav,other,soundwel
C:\py\pigsound\pig-sound-classification\data\raw\soundwel\IASPIASPCasCutcuts59p06cascut001.wav,other,soundwel
C:\py\pigsound\pig-sound-classification\data\raw\soundwel\IASPIASPCasCutcuts67p02cascut001.wav,other,soundwel
C:\py\pigsound\pig-sound-classification\data\raw\soundwel\IASPIASPCasCutcuts67p02cascut002.wav,other,soundwel
C:\py\pigsound\pig-sound-classification\data\raw\soundwel\IASPIASPCasCutcuts67p11cascut001.wav,other,soundwel
C:\py\pigsound\pig-sound-classification\data\raw\soundwel\IASPIASPCasCutcuts67p11cascut002.wav,other,soundwel
C:\py\pigsound\pig-sound-classification\data\raw\soundwel\IASPIASPCasCutcuts67p11cascut004.wav,other,soundwel
C:\py\pigsound\pig-sound-classification\data\raw\soundwel\IASPIASPCasCutcuts67p11cascut005.wav,other,soundwel
C:\py\pigsound\pig-sound-classification\data\raw\soundwel\IASPIASPCasCutcuts99p02cascut001.wav,other,soundwel
C:\py\pigsound\pig-sound-classification\data\raw\soundwel\IASPIASPCasCutcuts99p02cascut002.wav,other,soundwel
C:\py\pigsound\pig-sound-classification\data\raw\soundwel\IASPIASPCasCutcuts99p02cascut003.wav,other,soundwel
C:\py\pigsound\pig-sound-classification\data\raw\soundwel\IASPIASPCasCutcuts99p08cascut001.wav,other,soundwel
C:\py\pigsound\pig-sound-classification\data\raw\soundwel\IASPIASPCasCutcuts99p08cascut002.wav,other,soundwel
C:\py\pigsound\pig-sound-classification\data\raw\soundwel\IASPIASPCasCutcuts99p08cascut003.wav,other,soundwel
C:\py\pigsound\pig-sound-classification\data\raw\soundwel\IASPIASPCasCutcuts99p08cascut004.wav,other,soundwel
C:\py\pigsound\pig-sound-classification\data\raw\soundwel\IASPIASPCasFixs02p01casfix001.wav,other,soundwel
C:\py\pigsound\pig-sound-classification\data\raw\soundwel\IASPIASPCasFixs02p01casfix002.wav,other,soundwel
C:\py\pigsound\pig-sound-classification\data\raw\soundwel\IASPIASPCasFixs02p01casfix003.wav,other,soundwel
C:\py\pigsound\pig-sound-classification\data\raw\soundwel\IASPIASPCasFixs02p01casfix004.wav,other,soundwel
C:\py\pigsound\pig-sound-classification\data\raw\soundwel\IASPIASPCasFixs02p01casfix005.wav,other,soundwel
C:\py\pigsound\pig-sound-classification\data\raw\soundwel\IASPIASPCasFixs02p01casfix006.wav,other,soundwel
C:\py\pigsound\pig-sound-classification\data\raw\soundwel\IASPIASPCasFixs02p01casfix007.wav,other,soundwel
C:\py\pigsound\pig-sound-classification\data\raw\soundwel\IASPIASPCasFixs02p01casfix008.wav,other,soundwel
C:\py\pigsound\pig-sound-classification\data\raw\soundwel\IASPIASPCasFixs08p01casfix001.wav,other,soundwel
C:\py\pigsound\pig-sound-classification\data\raw\soundwel\IASPIASPCasFixs08p01casfix002.wav,other,soundwel
C:\py\pigsound\pig-sound-classification\data\raw\soundwel\IASPIASPCasFixs08p01casfix003.wav,other,soundwel
C:\py\pigsound\pig-sound-classification\data\raw\soundwel\IASPIASPCasFixs08p01casfix004.wav,other,soundwel
C:\py\pigsound\pig-sound-classification\data\raw\soundwel\IASPIASPCasFixs08p01casfix005.wav,other,soundwel
C:\py\pigsound\pig-sound-classification\data\raw\soundwel\IASPIASPCasFixs08p01casfix006.wav,other,soundwel
C:\py\pigsound\pig-sound-classification\data\raw\soundwel\IASPIASPCasFixs08p01casfix007.wav,other,soundwel
C:\py\pigsound\pig-sound-classification\data\raw\soundwel\IASPIASPCasFixs19p01casfix001.wav,other,soundwel
C:\py\pigsound\pig-sound-classification\data\raw\soundwel\IASPIASPCasFixs19p01casfix003.wav,other,soundwel
C:\py\pigsound\pig-sound-classification\data\raw\soundwel\IASPIASPCasFixs36p02casfix001.wav,other,soundwel
C:\py\pigsound\pig-sound-classification\data\raw\soundwel\IASPIASPCasFixs36p02casfix002.wav,other,soundwel
C:\py\pigsound\pig-sound-classification\data\raw\soundwel\IASPIASPCasFixs36p02casfix003.wav,other,soundwel
C:\py\pigsound\pig-sound-classification\data\raw\soundwel\IASPIASPCasFixs36p02casfix004.wav,other,soundwel
C:\py\pigsound\pig-sound-classification\data\raw\soundwel\IASPIASPCasFixs36p02casfix005.wav,other,soundwel
C:\py\pigsound\pig-sound-classification\data\raw\soundwel\IASPIASPCasFixs36p02casfix006.wav,other,soundwel
C:\py\pigsound\pig-sound-classification\data\raw\soundwel\IASPIASPCasFixs36p02casfix007.wav,other,soundwel
C:\py\pigsound\pig-sound-classification\data\raw\soundwel\IASPIASPCasFixs36p02casfix008.wav,other,soundwel
C:\py\pigsound\pig-sound-classification\data\raw\soundwel\IASPIASPCasFixs36p10casfix001.wav,other,soundwel
C:\py\pigsound\pig-sound-classification\data\raw\soundwel\IASPIASPCasFixs36p10casfix002.wav,other,soundwel
C:\py\pigsound\pig-sound-classification\data\raw\soundwel\IASPIASPCasFixs36p10casfix003.wav,other,soundwel
C:\py\pigsound\pig-sound-classification\data\raw\soundwel\IASPIASPCasFixs36p10casfix004.wav,other,soundwel
C:\py\pigsound\pig-sound-classification\data\raw\soundwel\IASPIASPCasFixs36p10casfix005.wav,other,soundwel
C:\py\pigsound\pig-sound-classification\data\raw\soundwel\IASPIASPCasFixs36p10casfix006.wav,other,soundwel
C:\py\pigsound\pig-sound-classification\data\raw\soundwel\IASPIASPCasFixs41p03casfix001.wav,other,soundwel
C:\py\pigsound\pig-sound-classification\data\raw\soundwel\IASPIASPCasFixs41p03casfix002.wav,other,soundwel
C:\py\pigsound\pig-sound-classification\data\raw\soundwel\IASPIASPCasFixs41p03casfix003.wav,other,soundwel
C:\py\pigsound\pig-sound-classification\data\raw\soundwel\IASPIASPCasFixs41p05casfix001.wav,other,soundwel
C:\py\pigsound\pig-sound-classification\data\raw\soundwel\IASPIASPCasFixs41p05casfix002.wav,other,soundwel
C:\py\pigsound\pig-sound-classification\data\raw\soundwel\IASPIASPCasFixs41p05casfix003.wav,other,soundwel
C:\py\pigsound\pig-sound-classification\data\raw\soundwel\IASPIASPCasFixs41p05casfix005.wav,other,soundwel
C:\py\pigsound\pig-sound-classification\data\raw\soundwel\IASPIASPCasFixs47p06casfix001.wav,other,soundwel
C:\py\pigsound\pig-sound-classification\data\raw\soundwel\IASPIASPCasFixs47p06casfix002.wav,other,soundwel
C:\py\pigsound\pig-sound-classification\data\raw\soundwel\IASPIASPCasFixs47p06casfix003.wav,other,soundwel
C:\py\pigsound\pig-sound-classification\data\raw\soundwel\IASPIASPCasFixs47p06casfix004.wav,other,soundwel
C:\py\pigsound\pig-sound-classification\data\raw\soundwel\IASPIASPCasFixs47p10casfix001.wav,other,soundwel
C:\py\pigsound\pig-sound-classification\data\raw\soundwel\IASPIASPCasFixs47p10casfix002.wav,other,soundwel
C:\py\pigsound\pig-sound-classification\data\raw\soundwel\IASPIASPCasFixs47p10casfix003.wav,other,soundwel
C:\py\pigsound\pig-sound-classification\data\raw\soundwel\IASPIASPCasFixs47p10casfix004.wav,other,soundwel
C:\py\pigsound\pig-sound-classification\data\raw\soundwel\IASPIASPCasFixs47p10casfix005.wav,other,soundwel
C:\py\pigsound\pig-sound-classification\data\raw\soundwel\IASPIASPCasFixs47p10casfix006.wav,other,soundwel
C:\py\pigsound\pig-sound-classification\data\raw\soundwel\IASPIASPCasFixs47p10casfix007.wav,other,soundwel
C:\py\pigsound\pig-sound-classification\data\raw\soundwel\IASPIASPCasFixs47p10casfix008.wav,other,soundwel
C:\py\pigsound\pig-sound-classification\data\raw\soundwel\IASPIASPCasFixs47p10casfix009.wav,other,soundwel
C:\py\pigsound\pig-sound-classification\data\raw\soundwel\IASPIASPCasFixs47p10casfix010.wav,other,soundwel
C:\py\pigsound\pig-sound-classification\data\raw\soundwel\IASPIASPCasFixs47p10casfix011.wav,other,soundwel
C:\py\pigsound\pig-sound-classification\data\raw\soundwel\IASPIASPCasFixs48p06casfix001.wav,other,soundwel
C:\py\pigsound\pig-sound-classification\data\raw\soundwel\IASPIASPCasFixs48p06casfix002.wav,other,soundwel
C:\py\pigsound\pig-sound-classification\data\raw\soundwel\IASPIASPCasFixs48p06casfix003.wav,other,soundwel
C:\py\pigsound\pig-sound-classification\data\raw\soundwel\IASPIASPCasFixs48p06casfix004.wav,other,soundwel
C:\py\pigsound\pig-sound-classification\data\raw\soundwel\IASPIASPCasFixs48p06casfix005.wav,other,soundwel
C:\py\pigsound\pig-sound-classification\data\raw\soundwel\IASPIASPCasFixs53p07casfix001.wav,other,soundwel
C:\py\pigsound\pig-sound-classification\data\raw\soundwel\IASPIASPCasFixs53p09casfix001.wav,other,soundwel
C:\py\pigsound\pig-sound-classification\data\raw\soundwel\IASPIASPCasFixs53p09casfix002.wav,other,soundwel
C:\py\pigsound\pig-sound-classification\data\raw\soundwel\IASPIASPCasFixs53p09casfix003.wav,other,soundwel
C:\py\pigsound\pig-sound-classification\data\raw\soundwel\IASPIASPCasFixs53p09casfix004.wav,other,soundwel
C:\py\pigsound\pig-sound-classification\data\raw\soundwel\IASPIASPCasFixs55p07casfix001.wav,other,soundwel
C:\py\pigsound\pig-sound-classification\data\raw\soundwel\IASPIASPCasFixs55p07casfix002.wav,other,soundwel
C:\py\pigsound\pig-sound-classification\data\raw\soundwel\IASPIASPCasFixs55p07casfix003.wav,other,soundwel
C:\py\pigsound\pig-sound-classification\data\raw\soundwel\IASPIASPCasFixs55p07casfix004.wav,other,soundwel
C:\py\pigsound\pig-sound-classification\data\raw\soundwel\IASPIASPCasFixs55p07casfix005.wav,other,soundwel
C:\py\pigsound\pig-sound-classification\data\raw\soundwel\IASPIASPCasFixs55p07casfix006.wav,other,soundwel
C:\py\pigsound\pig-sound-classification\data\raw\soundwel\IASPIASPCasFixs59p04casfix001.wav,other,soundwel
C:\py\pigsound\pig-sound-classification\data\raw\soundwel\IASPIASPCasFixs59p04casfix002.wav,other,soundwel
C:\py\pigsound\pig-sound-classification\data\raw\soundwel\IASPIASPCasFixs59p04casfix003.wav,other,soundwel
C:\py\pigsound\pig-sound-classification\data\raw\soundwel\IASPIASPCasFixs59p04casfix004.wav,other,soundwel
C:\py\pigsound\pig-sound-classification\data\raw\soundwel\IASPIASPCasFixs67p02casfix001.wav,other,soundwel
C:\py\pigsound\pig-sound-classification\data\raw\soundwel\IASPIASPCasFixs67p02casfix002.wav,other,soundwel
C:\py\pigsound\pig-sound-classification\data\raw\soundwel\IASPIASPCasFixs67p11casfix001.wav,other,soundwel
C:\py\pigsound\pig-sound-classification\data\raw\soundwel\IASPIASPCasFixs67p11casfix002.wav,other,soundwel
C:\py\pigsound\pig-sound-classification\data\raw\soundwel\IASPIASPCasFixs67p11casfix003.wav,other,soundwel
C:\py\pigsound\pig-sound-classification\data\raw\soundwel\IASPIASPCasFixs67p11casfix004.wav,other,soundwel
C:\py\pigsound\pig-sound-classification\data\raw\soundwel\IASPIASPCasFixs67p11casfix005.wav,other,soundwel
C:\py\pigsound\pig-sound-classification\data\raw\soundwel\IASPIASPCasFixs67p11casfix006.wav,other,soundwel
C:\py\pigsound\pig-sound-classification\data\raw\soundwel\IASPIASPCasFixs67p11casfix007.wav,other,soundwel
C:\py\pigsound\pig-sound-classification\data\raw\soundwel\IASPIASPCasFixs67p11casfix008.wav,other,soundwel
C:\py\pigsound\pig-sound-classification\data\raw\soundwel\IASPIASPCasFixs99p02casfix003.wav,other,soundwel
C:\py\pigsound\pig-sound-classification\data\raw\soundwel\IASPIASPCasFixs99p02casfix004.wav,other,soundwel
C:\py\pigsound\pig-sound-classification\data\raw\soundwel\IASPIASPCasFixs99p08casfix001.wav,other,soundwel
C:\py\pigsound\pig-sound-classification\data\raw\soundwel\IASPIASPCasFixs99p08casfix002.wav,other,soundwel
C:\py\pigsound\pig-sound-classification\data\raw\soundwel\IASPIASPCasFixs99p08casfix003.wav,other,soundwel
C:\py\pigsound\pig-sound-classification\data\raw\soundwel\IASPIASPCasShears02p01casshear001.wav,other,soundwel
C:\py\pigsound\pig-sound-classification\data\raw\soundwel\IASPIASPCasShears08p01casshear001.wav,other,soundwel
C:\py\pigsound\pig-sound-classification\data\raw\soundwel\IASPIASPCasShears08p01casshear002.wav,other,soundwel
C:\py\pigsound\pig-sound-classification\data\raw\soundwel\IASPIASPCasShears08p01casshear003.wav,other,soundwel
C:\py\pigsound\pig-sound-classification\data\raw\soundwel\IASPIASPCasShears08p01casshear004.wav,other,soundwel
C:\py\pigsound\pig-sound-classification\data\raw\soundwel\IASPIASPCasShears19p01casshear001.wav,other,soundwel
C:\py\pigsound\pig-sound-classification\data\raw\soundwel\IASPIASPCasShears19p01casshear002.wav,other,soundwel
C:\py\pigsound\pig-sound-classification\data\raw\soundwel\IASPIASPCasShears19p01casshear003.wav,other,soundwel
C:\py\pigsound\pig-sound-classification\data\raw\soundwel\IASPIASPCasShears19p12casshear001.wav,other,soundwel
C:\py\pigsound\pig-sound-classification\data\raw\soundwel\IASPIASPCasShears19p12casshear002.wav,other,soundwel
C:\py\pigsound\pig-sound-classification\data\raw\soundwel\IASPIASPCasShears36p02casshear001.wav,other,soundwel
C:\py\pigsound\pig-sound-classification\data\raw\soundwel\IASPIASPCasShears36p02casshear002.wav,other,soundwel
C:\py\pigsound\pig-sound-classification\data\raw\soundwel\IASPIASPCasShears36p02casshear003.wav,other,soundwel
C:\py\pigsound\pig-sound-classification\data\raw\soundwel\IASPIASPCasShears36p02casshear004.wav,other,soundwel
C:\py\pigsound\pig-sound-classification\data\raw\soundwel\IASPIASPCasShears36p02casshear005.wav,other,soundwel
C:\py\pigsound\pig-sound-classification\data\raw\soundwel\IASPIASPCasShears36p02casshear006.wav,other,soundwel
C:\py\pigsound\pig-sound-classification\data\raw\soundwel\IASPIASPCasShears36p02casshear007.wav,other,soundwel
C:\py\pigsound\pig-sound-classification\data\raw\soundwel\IASPIASPCasShears36p02casshear008.wav,other,soundwel
C:\py\pigsound\pig-sound-classification\data\raw\soundwel\IASPIASPCasShears36p02casshear009.wav,other,soundwel
C:\py\pigsound\pig-sound-classification\data\raw\soundwel\IASPIASPCasShears36p10casshear001.wav,other,soundwel
C:\py\pigsound\pig-sound-classification\data\raw\soundwel\IASPIASPCasShears36p10casshear002.wav,other,soundwel
C:\py\pigsound\pig-sound-classification\data\raw\soundwel\IASPIASPCasShears36p10casshear003.wav,other,soundwel
C:\py\pigsound\pig-sound-classification\data\raw\soundwel\IASPIASPCasShears36p10casshear004.wav,other,soundwel
C:\py\pigsound\pig-sound-classification\data\raw\soundwel\IASPIASPCasShears41p03casshear001.wav,other,soundwel
C:\py\pigsound\pig-sound-classification\data\raw\soundwel\IASPIASPCasShears41p05casshear001.wav,other,soundwel
C:\py\pigsound\pig-sound-classification\data\raw\soundwel\IASPIASPCasShears41p05casshear002.wav,other,soundwel
C:\py\pigsound\pig-sound-classification\data\raw\soundwel\IASPIASPCasShears41p05casshear003.wav,other,soundwel
C:\py\pigsound\pig-sound-classification\data\raw\soundwel\IASPIASPCasShears41p05casshear004.wav,other,soundwel
C:\py\pigsound\pig-sound-classification\data\raw\soundwel\IASPIASPCasShears47p06casshear001.wav,other,soundwel
C:\py\pigsound\pig-sound-classification\data\raw\soundwel\IASPIASPCasShears47p06casshear002.wav,other,soundwel
C:\py\pigsound\pig-sound-classification\data\raw\soundwel\IASPIASPCasShears47p06casshear003.wav,other,soundwel
C:\py\pigsound\pig-sound-classification\data\raw\soundwel\IASPIASPCasShears47p06casshear004.wav,other,soundwel
C:\py\pigsound\pig-sound-classification\data\raw\soundwel\IASPIASPCasShears47p06casshear005.wav,other,soundwel
C:\py\pigsound\pig-sound-classification\data\raw\soundwel\IASPIASPCasShears47p06casshear006.wav,other,soundwel
C:\py\pigsound\pig-sound-classification\data\raw\soundwel\IASPIASPCasShears47p06casshear007.wav,other,soundwel
C:\py\pigsound\pig-sound-classification\data\raw\soundwel\IASPIASPCasShears47p06casshear008.wav,other,soundwel
C:\py\pigsound\pig-sound-classification\data\raw\soundwel\IASPIASPCasShears47p10casshear001.wav,other,soundwel
C:\py\pigsound\pig-sound-classification\data\raw\soundwel\IASPIASPCasShears47p10casshear002.wav,other,soundwel
C:\py\pigsound\pig-sound-classification\data\raw\soundwel\IASPIASPCasShears47p10casshear003.wav,other,soundwel
C:\py\pigsound\pig-sound-classification\data\raw\soundwel\IASPIASPCasShears47p10casshear004.wav,other,soundwel
C:\py\pigsound\pig-sound-classification\data\raw\soundwel\IASPIASPCasShears47p10casshear005.wav,other,soundwel
C:\py\pigsound\pig-sound-classification\data\raw\soundwel\IASPIASPCasShears48p05casshear001.wav,other,soundwel
C:\py\pigsound\pig-sound-classification\data\raw\soundwel\IASPIASPCasShears48p05casshear002.wav,other,soundwel
C:\py\pigsound\pig-sound-classification\data\raw\soundwel\IASPIASPCasShears48p06casshear001.wav,other,soundwel
C:\py\pigsound\pig-sound-classification\data\raw\soundwel\IASPIASPCasShears48p06casshear002.wav,other,soundwel
C:\py\pigsound\pig-sound-classification\data\raw\soundwel\IASPIASPCasShears48p06casshear003.wav,other,soundwel
C:\py\pigsound\pig-sound-classification\data\raw\soundwel\IASPIASPCasShears53p07casshear001.wav,other,soundwel
C:\py\pigsound\pig-sound-classification\data\raw\soundwel\IASPIASPCasShears53p07casshear002.wav,other,soundwel
C:\py\pigsound\pig-sound-classification\data\raw\soundwel\IASPIASPCasShears53p07casshear003.wav,other,soundwel
C:\py\pigsound\pig-sound-classification\data\raw\soundwel\IASPIASPCasShears53p09casshear001.wav,other,soundwel
C:\py\pigsound\pig-sound-classification\data\raw\soundwel\IASPIASPCasShears53p09casshear002.wav,other,soundwel
C:\py\pigsound\pig-sound-classification\data\raw\soundwel\IASPIASPCasShears53p09casshear003.wav,other,soundwel
C:\py\pigsound\pig-sound-classification\data\raw\soundwel\IASPIASPCasShears55p07casshear001.wav,other,soundwel
C:\py\pigsound\pig-sound-classification\data\raw\soundwel\IASPIASPCasShears59p04casshear001.wav,other,soundwel
C:\py\pigsound\pig-sound-classification\data\raw\soundwel\IASPIASPCasShears59p04casshear002.wav,other,soundwel
C:\py\pigsound\pig-sound-classification\data\raw\soundwel\IASPIASPCasShears59p04casshear003.wav,other,soundwel
C:\py\pigsound\pig-sound-classification\data\raw\soundwel\IASPIASPCasShears59p04casshear004.wav,other,soundwel
C:\py\pigsound\pig-sound-classification\data\raw\soundwel\IASPIASPCasShears59p04casshear005.wav,other,soundwel
C:\py\pigsound\pig-sound-classification\data\raw\soundwel\IASPIASPCasShears59p06casshear001.wav,other,soundwel
C:\py\pigsound\pig-sound-classification\data\raw\soundwel\IASPIASPCasShears59p06casshear002.wav,other,soundwel
C:\py\pigsound\pig-sound-classification\data\raw\soundwel\IASPIASPCasShears67p02casshear001.wav,other,soundwel
C:\py\pigsound\pig-sound-classification\data\raw\soundwel\IASPIASPCasShears67p02casshear002.wav,other,soundwel
C:\py\pigsound\pig-sound-classification\data\raw\soundwel\IASPIASPCasShears67p11casshear001.wav,other,soundwel
C:\py\pigsound\pig-sound-classification\data\raw\soundwel\IASPIASPCasShears67p11casshear002.wav,other,soundwel
C:\py\pigsound\pig-sound-classification\data\raw\soundwel\IASPIASPCasShears67p11casshear003.wav,other,soundwel
C:\py\pigsound\pig-sound-classification\data\raw\soundwel\IASPIASPCasShears67p11casshear004.wav,other,soundwel
C:\py\pigsound\pig-sound-classification\data\raw\soundwel\IASPIASPCasShears67p11casshear005.wav,other,soundwel
C:\py\pigsound\pig-sound-classification\data\raw\soundwel\IASPIASPCasShears67p11casshear006.wav,other,soundwel
C:\py\pigsound\pig-sound-classification\data\raw\soundwel\IASPIASPCasShears67p11casshear008.wav,other,soundwel
C:\py\pigsound\pig-sound-classification\data\raw\soundwel\IASPIASPCasShears67p11casshear009.wav,other,soundwel
C:\py\pigsound\pig-sound-classification\data\raw\soundwel\IASPIASPCasShears67p11casshear010.wav,other,soundwel
C:\py\pigsound\pig-sound-classification\data\raw\soundwel\IASPIASPCasShears67p11casshear011.wav,other,soundwel
C:\py\pigsound\pig-sound-classification\data\raw\soundwel\IASPIASPCasShears99p02casshear001.wav,other,soundwel
C:\py\pigsound\pig-sound-classification\data\raw\soundwel\IASPIASPCasShears99p02casshear002.wav,other,soundwel
C:\py\pigsound\pig-sound-classification\data\raw\soundwel\IASPIASPCasShears99p02casshear003.wav,other,soundwel
C:\py\pigsound\pig-sound-classification\data\raw\soundwel\IASPIASPCasShears99p02casshear004.wav,other,soundwel
C:\py\pigsound\pig-sound-classification\data\raw\soundwel\IASPIASPCasShears99p08casshear001.wav,other,soundwel
C:\py\pigsound\pig-sound-classification\data\raw\soundwel\IASPIASPCasShears99p08casshear002.wav,other,soundwel
C:\py\pigsound\pig-sound-classification\data\raw\soundwel\IASPIASPCasShears99p08casshear003.wav,other,soundwel
C:\py\pigsound\pig-sound-classification\data\raw\soundwel\IASPIASPCastrationCastrSow13Pig21.wav,other,soundwel
C:\py\pigsound\pig-sound-classification\data\raw\soundwel\IASPIASPCastrationCastrSow13Pig210.wav,other,soundwel
C:\py\pigsound\pig-sound-classification\data\raw\soundwel\IASPIASPCastrationCastrSow13Pig214.wav,other,soundwel
C:\py\pigsound\pig-sound-classification\data\raw\soundwel\IASPIASPCastrationCastrSow13Pig217.wav,other,soundwel
C:\py\pigsound\pig-sound-classification\data\raw\soundwel\IASPIASPCastrationCastrSow13Pig218.wav,other,soundwel
C:\py\pigsound\pig-sound-classification\data\raw\soundwel\IASPIASPCastrationCastrSow13Pig22.wav,other,soundwel
C:\py\pigsound\pig-sound-classification\data\raw\soundwel\IASPIASPCastrationCastrSow13Pig221.wav,other,soundwel
C:\py\pigsound\pig-sound-classification\data\raw\soundwel\IASPIASPCastrationCastrSow13Pig23.wav,other,soundwel
C:\py\pigsound\pig-sound-classification\data\raw\soundwel\IASPIASPCastrationCastrSow13Pig26.wav,other,soundwel
C:\py\pigsound\pig-sound-classification\data\raw\soundwel\IASPIASPCastrationCastrSow13Pig27.wav,other,soundwel
C:\py\pigsound\pig-sound-classification\data\raw\soundwel\IASPIASPCastrationCastrSow13Pig28.wav,other,soundwel
C:\py\pigsound\pig-sound-classification\data\raw\soundwel\IASPIASPCastrationCastrSow13Pig29.wav,other,soundwel
C:\py\pigsound\pig-sound-classification\data\raw\soundwel\IASPIASPCasTreats19p01castreat001.wav,other,soundwel
C:\py\pigsound\pig-sound-classification\data\raw\soundwel\IASPIASPCasTreats36p10castreat001.wav,other,soundwel
C:\py\pigsound\pig-sound-classification\data\raw\soundwel\IASPIASPCasTreats36p10castreat002.wav,other,soundwel
C:\py\pigsound\pig-sound-classification\data\raw\soundwel\IASPIASPCasTreats41p05castreat001.wav,other,soundwel
C:\py\pigsound\pig-sound-classification\data\raw\soundwel\IASPIASPCrushingCrushSow23Pig11.wav,other,soundwel
C:\py\pigsound\pig-sound-classification\data\raw\soundwel\IASPIASPCrushingCrushSow23Pig12.wav,other,soundwel
C:\py\pigsound\pig-sound-classification\data\raw\soundwel\IASPIASPCrushingCrushSow23Pig121.wav,other,soundwel
C:\py\pigsound\pig-sound-classification\data\raw\soundwel\IASPIASPCrushingCrushSow23Pig122.wav,other,soundwel
C:\py\pigsound\pig-sound-classification\data\raw\soundwel\IASPIASPCrushingCrushSow23Pig123.wav,other,soundwel
C:\py\pigsound\pig-sound-classification\data\raw\soundwel\IASPIASPCrushingCrushSow23Pig124.wav,other,soundwel
C:\py\pigsound\pig-sound-classification\data\raw\soundwel\IASPIASPCrushingCrushSow23Pig125.wav,other,soundwel
C:\py\pigsound\pig-sound-classification\data\raw\soundwel\IASPIASPCrushingCrushSow23Pig126.wav,other,soundwel
C:\py\pigsound\pig-sound-classification\data\raw\soundwel\IASPIASPCrushingCrushSow23Pig13.wav,other,soundwel
C:\py\pigsound\pig-sound-classification\data\raw\soundwel\IASPIASPCrushingCrushSow23Pig14.wav,other,soundwel
C:\py\pigsound\pig-sound-classification\data\raw\soundwel\IASPIASPCrushingCrushSow23Pig16.wav,other,soundwel
C:\py\pigsound\pig-sound-classification\data\raw\soundwel\IASPIASPCrushingCrushSow23Pig17.wav,other,soundwel
C:\py\pigsound\pig-sound-classification\data\raw\soundwel\IASPIASPCrushingCrushSow23Pig18.wav,other,soundwel
C:\py\pigsound\pig-sound-classification\data\raw\soundwel\IASPIASPCrushingCrushSow23Pig19.wav,other,soundwel
C:\py\pigsound\pig-sound-classification\data\raw\soundwel\IASPIASPCrushingCrushSow24Pig61.wav,other,soundwel
C:\py\pigsound\pig-sound-classification\data\raw\soundwel\IASPIASPCrushingCrushSow24Pig610.wav,other,soundwel
C:\py\pigsound\pig-sound-classification\data\raw\soundwel\IASPIASPCrushingCrushSow24Pig611.wav,other,soundwel
C:\py\pigsound\pig-sound-classification\data\raw\soundwel\IASPIASPCrushingCrushSow24Pig612.wav,other,soundwel
C:\py\pigsound\pig-sound-classification\data\raw\soundwel\IASPIASPCrushingCrushSow24Pig613.wav,other,soundwel
C:\py\pigsound\pig-sound-classification\data\raw\soundwel\IASPIASPCrushingCrushSow24Pig614.wav,other,soundwel
C:\py\pigsound\pig-sound-classification\data\raw\soundwel\IASPIASPCrushingCrushSow24Pig615.wav,other,soundwel
C:\py\pigsound\pig-sound-classification\data\raw\soundwel\IASPIASPCrushingCrushSow24Pig616.wav,other,soundwel
C:\py\pigsound\pig-sound-classification\data\raw\soundwel\IASPIASPCrushingCrushSow24Pig617.wav,other,soundwel
C:\py\pigsound\pig-sound-classification\data\raw\soundwel\IASPIASPCrushingCrushSow24Pig618.wav,other,soundwel
C:\py\pigsound\pig-sound-classification\data\raw\soundwel\IASPIASPCrushingCrushSow24Pig62.wav,other,soundwel
C:\py\pigsound\pig-sound-classification\data\raw\soundwel\IASPIASPCrushingCrushSow24Pig620.wav,other,soundwel
C:\py\pigsound\pig-sound-classification\data\raw\soundwel\IASPIASPCrushingCrushSow24Pig621.wav,other,soundwel
C:\py\pigsound\pig-sound-classification\data\raw\soundwel\IASPIASPCrushingCrushSow24Pig623.wav,other,soundwel
C:\py\pigsound\pig-sound-classification\data\raw\soundwel\IASPIASPCrushingCrushSow24Pig624.wav,other,soundwel
C:\py\pigsound\pig-sound-classification\data\raw\soundwel\IASPIASPCrushingCrushSow24Pig625.wav,other,soundwel
C:\py\pigsound\pig-sound-classification\data\raw\soundwel\IASPIASPCrushingCrushSow24Pig626.wav,other,soundwel
C:\py\pigsound\pig-sound-classification\data\raw\soundwel\IASPIASPCrushingCrushSow24Pig627.wav,other,soundwel
C:\py\pigsound\pig-sound-classification\data\raw\soundwel\IASPIASPCrushingCrushSow24Pig628.wav,other,soundwel
C:\py\pigsound\pig-sound-classification\data\raw\soundwel\IASPIASPCrushingCrushSow24Pig630.wav,other,soundwel
C:\py\pigsound\pig-sound-classification\data\raw\soundwel\IASPIASPCrushingCrushSow24Pig631.wav,other,soundwel
C:\py\pigsound\pig-sound-classification\data\raw\soundwel\IASPIASPCrushingCrushSow24Pig632.wav,other,soundwel
C:\py\pigsound\pig-sound-classification\data\raw\soundwel\IASPIASPCrushingCrushSow24Pig633.wav,other,soundwel
C:\py\pigsound\pig-sound-classification\data\raw\soundwel\IASPIASPCrushingCrushSow24Pig635.wav,other,soundwel
C:\py\pigsound\pig-sound-classification\data\raw\soundwel\IASPIASPCrushingCrushSow24Pig636.wav,other,soundwel
C:\py\pigsound\pig-sound-classification\data\raw\soundwel\IASPIASPCrushingCrushSow24Pig64.wav,other,soundwel
C:\py\pigsound\pig-sound-classification\data\raw\soundwel\IASPIASPCrushingCrushSow24Pig65.wav,other,soundwel
C:\py\pigsound\pig-sound-classification\data\raw\soundwel\IASPIASPCrushingCrushSow24Pig66.wav,other,soundwel
C:\py\pigsound\pig-sound-classification\data\raw\soundwel\IASPIASPCrushingCrushSow24Pig67.wav,other,soundwel
C:\py\pigsound\pig-sound-classification\data\raw\soundwel\IASPIASPCrushingCrushSow24Pig68.wav,other,soundwel
C:\py\pigsound\pig-sound-classification\data\raw\soundwel\IASPIASPCrushingCrushSow24Pig69.wav,other,soundwel
C:\py\pigsound\pig-sound-classification\data\raw\soundwel\IASPIASPCrushingCrushSow3Pig111.wav,other,soundwel
C:\py\pigsound\pig-sound-classification\data\raw\soundwel\IASPIASPCrushingCrushSow3Pig1110.wav,other,soundwel
C:\py\pigsound\pig-sound-classification\data\raw\soundwel\IASPIASPCrushingCrushSow3Pig1111.wav,other,soundwel
C:\py\pigsound\pig-sound-classification\data\raw\soundwel\IASPIASPCrushingCrushSow3Pig1112.wav,other,soundwel
C:\py\pigsound\pig-sound-classification\data\raw\soundwel\IASPIASPCrushingCrushSow3Pig112.wav,other,soundwel
C:\py\pigsound\pig-sound-classification\data\raw\soundwel\IASPIASPCrushingCrushSow3Pig113.wav,other,soundwel
C:\py\pigsound\pig-sound-classification\data\raw\soundwel\IASPIASPCrushingCrushSow3Pig114.wav,other,soundwel
C:\py\pigsound\pig-sound-classification\data\raw\soundwel\IASPIASPCrushingCrushSow3Pig115.wav,other,soundwel
C:\py\pigsound\pig-sound-classification\data\raw\soundwel\IASPIASPCrushingCrushSow3Pig116.wav,other,soundwel
C:\py\pigsound\pig-sound-classification\data\raw\soundwel\IASPIASPCrushingCrushSow3Pig117.wav,other,soundwel
C:\py\pigsound\pig-sound-classification\data\raw\soundwel\IASPIASPCrushingCrushSow3Pig118.wav,other,soundwel
C:\py\pigsound\pig-sound-classification\data\raw\soundwel\IASPIASPCrushingCrushSow3Pig119.wav,other,soundwel
C:\py\pigsound\pig-sound-classification\data\raw\soundwel\IASPIASPCrushingCrushSow46Pig91.wav,other,soundwel
C:\py\pigsound\pig-sound-classification\data\raw\soundwel\IASPIASPCrushingCrushSow46Pig92.wav,other,soundwel
C:\py\pigsound\pig-sound-classification\data\raw\soundwel\IASPIASPCrushingCrushSow46Pig93.wav,other,soundwel
C:\py\pigsound\pig-sound-classification\data\raw\soundwel\IASPIASPCrushingCrushSow46Pig94.wav,other,soundwel
C:\py\pigsound\pig-sound-classification\data\raw\soundwel\IASPIASPCrushingCrushSow56Pig11.wav,other,soundwel
C:\py\pigsound\pig-sound-classification\data\raw\soundwel\IASPIASPCrushingCrushSow56Pig110.wav,other,soundwel
C:\py\pigsound\pig-sound-classification\data\raw\soundwel\IASPIASPCrushingCrushSow56Pig12.wav,other,soundwel
C:\py\pigsound\pig-sound-classification\data\raw\soundwel\IASPIASPCrushingCrushSow56Pig13.wav,other,soundwel
C:\py\pigsound\pig-sound-classification\data\raw\soundwel\IASPIASPCrushingCrushSow56Pig14.wav,other,soundwel
C:\py\pigsound\pig-sound-classification\data\raw\soundwel\IASPIASPCrushingCrushSow56Pig15.wav,other,soundwel
C:\py\pigsound\pig-sound-classification\data\raw\soundwel\IASPIASPCrushingCrushSow56Pig17.wav,other,soundwel
C:\py\pigsound\pig-sound-classification\data\raw\soundwel\IASPIASPCrushingCrushSow56Pig19.wav,other,soundwel
C:\py\pigsound\pig-sound-classification\data\raw\soundwel\IASPIASPCrushingCrushSow6Pig1310.wav,other,soundwel
C:\py\pigsound\pig-sound-classification\data\raw\soundwel\IASPIASPCrushingCrushSow6Pig1312.wav,other,soundwel
C:\py\pigsound\pig-sound-classification\data\raw\soundwel\IASPIASPCrushingCrushSow6Pig133.wav,other,soundwel
C:\py\pigsound\pig-sound-classification\data\raw\soundwel\IASPIASPCrushingCrushSow6Pig135.wav,other,soundwel
C:\py\pigsound\pig-sound-classification\data\raw\soundwel\IASPIASPCrushingCrushSow6Pig137.wav,other,soundwel
C:\py\pigsound\pig-sound-classification\data\raw\soundwel\IASPIASPCrushingCrushSow6Pig138.wav,other,soundwel
C:\py\pigsound\pig-sound-classification\data\raw\soundwel\IASPIASPCrushingCrushSow6Pig139.wav,other,soundwel
C:\py\pigsound\pig-sound-classification\data\raw\soundwel\IASPIASPCrushingCrushSow81Pig91.wav,other,soundwel
C:\py\pigsound\pig-sound-classification\data\raw\soundwel\IASPIASPCrushingCrushSow81Pig910.wav,other,soundwel
C:\py\pigsound\pig-sound-classification\data\raw\soundwel\IASPIASPCrushingCrushSow81Pig911.wav,other,soundwel
C:\py\pigsound\pig-sound-classification\data\raw\soundwel\IASPIASPCrushingCrushSow81Pig913.wav,other,soundwel
C:\py\pigsound\pig-sound-classification\data\raw\soundwel\IASPIASPCrushingCrushSow81Pig914.wav,other,soundwel
C:\py\pigsound\pig-sound-classification\data\raw\soundwel\IASPIASPCrushingCrushSow81Pig915.wav,other,soundwel
C:\py\pigsound\pig-sound-classification\data\raw\soundwel\IASPIASPCrushingCrushSow81Pig916.wav,other,soundwel
C:\py\pigsound\pig-sound-classification\data\raw\soundwel\IASPIASPCrushingCrushSow81Pig917.wav,other,soundwel
C:\py\pigsound\pig-sound-classification\data\raw\soundwel\IASPIASPCrushingCrushSow81Pig918.wav,other,soundwel
C:\py\pigsound\pig-sound-classification\data\raw\soundwel\IASPIASPCrushingCrushSow81Pig919.wav,other,soundwel
C:\py\pigsound\pig-sound-classification\data\raw\soundwel\IASPIASPCrushingCrushSow81Pig92.wav,other,soundwel
C:\py\pigsound\pig-sound-classification\data\raw\soundwel\IASPIASPCrushingCrushSow81Pig920.wav,other,soundwel
C:\py\pigsound\pig-sound-classification\data\raw\soundwel\IASPIASPCrushingCrushSow81Pig921.wav,other,soundwel
C:\py\pigsound\pig-sound-classification\data\raw\soundwel\IASPIASPCrushingCrushSow81Pig922.wav,other,soundwel
C:\py\pigsound\pig-sound-classification\data\raw\soundwel\IASPIASPCrushingCrushSow81Pig923.wav,other,soundwel
C:\py\pigsound\pig-sound-classification\data\raw\soundwel\IASPIASPCrushingCrushSow81Pig924.wav,other,soundwel
C:\py\pigsound\pig-sound-classification\data\raw\soundwel\IASPIASPCrushingCrushSow81Pig925.wav,other,soundwel
C:\py\pigsound\pig-sound-classification\data\raw\soundwel\IASPIASPCrushingCrushSow81Pig926.wav,other,soundwel
C:\py\pigsound\pig-sound-classification\data\raw\soundwel\IASPIASPCrushingCrushSow81Pig927.wav,other,soundwel
C:\py\pigsound\pig-sound-classification\data\raw\soundwel\IASPIASPCrushingCrushSow81Pig928.wav,other,soundwel
C:\py\pigsound\pig-sound-classification\data\raw\soundwel\IASPIASPCrushingCrushSow81Pig929.wav,other,soundwel
C:\py\pigsound\pig-sound-classification\data\raw\soundwel\IASPIASPCrushingCrushSow81Pig93.wav,other,soundwel
C:\py\pigsound\pig-sound-classification\data\raw\soundwel\IASPIASPCrushingCrushSow81Pig930.wav,other,soundwel
C:\py\pigsound\pig-sound-classification\data\raw\soundwel\IASPIASPCrushingCrushSow81Pig931.wav,other,soundwel
C:\py\pigsound\pig-sound-classification\data\raw\soundwel\IASPIASPCrushingCrushSow81Pig932.wav,other,soundwel
C:\py\pigsound\pig-sound-classification\data\raw\soundwel\IASPIASPCrushingCrushSow81Pig933.wav,other,soundwel
C:\py\pigsound\pig-sound-classification\data\raw\soundwel\IASPIASPCrushingCrushSow81Pig934.wav,other,soundwel
C:\py\pigsound\pig-sound-classification\data\raw\soundwel\IASPIASPCrushingCrushSow81Pig936.wav,other,soundwel
C:\py\pigsound\pig-sound-classification\data\raw\soundwel\IASPIASPCrushingCrushSow81Pig937.wav,other,soundwel
C:\py\pigsound\pig-sound-classification\data\raw\soundwel\IASPIASPCrushingCrushSow81Pig938.wav,other,soundwel
C:\py\pigsound\pig-sound-classification\data\raw\soundwel\IASPIASPCrushingCrushSow81Pig939.wav,other,soundwel
C:\py\pigsound\pig-sound-classification\data\raw\soundwel\IASPIASPCrushingCrushSow81Pig940.wav,other,soundwel
C:\py\pigsound\pig-sound-classification\data\raw\soundwel\IASPIASPCrushingCrushSow81Pig941.wav,other,soundwel
C:\py\pigsound\pig-sound-classification\data\raw\soundwel\IASPIASPCrushingCrushSow81Pig942.wav,other,soundwel
C:\py\pigsound\pig-sound-classification\data\raw\soundwel\IASPIASPCrushingCrushSow81Pig943.wav,other,soundwel
C:\py\pigsound\pig-sound-classification\data\raw\soundwel\IASPIASPCrushingCrushSow81Pig96.wav,other,soundwel
C:\py\pigsound\pig-sound-classification\data\raw\soundwel\IASPIASPCrushingCrushSow81Pig97.wav,other,soundwel
C:\py\pigsound\pig-sound-classification\data\raw\soundwel\IASPIASPCrushingCrushSow81Pig98.wav,other,soundwel
C:\py\pigsound\pig-sound-classification\data\raw\soundwel\IASPIASPCrushingCrushSow81Pig99.wav,other,soundwel
C:\py\pigsound\pig-sound-classification\data\raw\soundwel\IASPIASPCrushingCrushSow84Pig32.wav,other,soundwel
C:\py\pigsound\pig-sound-classification\data\raw\soundwel\IASPIASPCrushingCrushSow84Pig33.wav,other,soundwel
C:\py\pigsound\pig-sound-classification\data\raw\soundwel\IASPIASPCrushingCrushSow84Pig34.wav,other,soundwel
C:\py\pigsound\pig-sound-classification\data\raw\soundwel\IASPIASPCrushingCrushSow84Pig35.wav,other,soundwel
C:\py\pigsound\pig-sound-classification\data\raw\soundwel\IASPIASPCrushingCrushSow84Pig36.wav,other,soundwel
C:\py\pigsound\pig-sound-classification\data\raw\soundwel\IASPIASPCrushingCrushSow84Pig38.wav,other,soundwel
C:\py\pigsound\pig-sound-classification\data\raw\soundwel\IASPIASPCrushingCrushSow84Pig39.wav,other,soundwel
C:\py\pigsound\pig-sound-classification\data\raw\soundwel\IASPIASPCrushingCrushSow86Pig111.wav,other,soundwel
C:\py\pigsound\pig-sound-classification\data\raw\soundwel\IASPIASPCrushingCrushSow86Pig1110.wav,other,soundwel
C:\py\pigsound\pig-sound-classification\data\raw\soundwel\IASPIASPCrushingCrushSow86Pig1111.wav,other,soundwel
C:\py\pigsound\pig-sound-classification\data\raw\soundwel\IASPIASPCrushingCrushSow86Pig1115.wav,other,soundwel
C:\py\pigsound\pig-sound-classification\data\raw\soundwel\IASPIASPCrushingCrushSow86Pig1117.wav,other,soundwel
C:\py\pigsound\pig-sound-classification\data\raw\soundwel\IASPIASPCrushingCrushSow86Pig1118.wav,other,soundwel
C:\py\pigsound\pig-sound-classification\data\raw\soundwel\IASPIASPCrushingCrushSow86Pig112.wav,other,soundwel
C:\py\pigsound\pig-sound-classification\data\raw\soundwel\IASPIASPCrushingCrushSow86Pig1120.wav,other,soundwel
C:\py\pigsound\pig-sound-classification\data\raw\soundwel\IASPIASPCrushingCrushSow86Pig1122.wav,other,soundwel
C:\py\pigsound\pig-sound-classification\data\raw\soundwel\IASPIASPCrushingCrushSow86Pig1123.wav,other,soundwel
C:\py\pigsound\pig-sound-classification\data\raw\soundwel\IASPIASPCrushingCrushSow86Pig1124.wav,other,soundwel
C:\py\pigsound\pig-sound-classification\data\raw\soundwel\IASPIASPCrushingCrushSow86Pig1127.wav,other,soundwel
C:\py\pigsound\pig-sound-classification\data\raw\soundwel\IASPIASPCrushingCrushSow86Pig1128.wav,other,soundwel
C:\py\pigsound\pig-sound-classification\data\raw\soundwel\IASPIASPCrushingCrushSow86Pig113.wav,other,soundwel
C:\py\pigsound\pig-sound-classification\data\raw\soundwel\IASPIASPCrushingCrushSow86Pig114.wav,other,soundwel
C:\py\pigsound\pig-sound-classification\data\raw\soundwel\IASPIASPCrushingCrushSow86Pig117.wav,other,soundwel
C:\py\pigsound\pig-sound-classification\data\raw\soundwel\IASPIASPCrushingCrushSow92Pig41.wav,other,soundwel
C:\py\pigsound\pig-sound-classification\data\raw\soundwel\IASPIASPCrushingCrushSow92Pig42.wav,other,soundwel
C:\py\pigsound\pig-sound-classification\data\raw\soundwel\IASPIASPCrushingCrushSow92Pig43.wav,other,soundwel
C:\py\pigsound\pig-sound-classification\data\raw\soundwel\IASPIASPCrushingCrushSow92Pig44.wav,other,soundwel
C:\py\pigsound\pig-sound-classification\data\raw\soundwel\IASPIASPCrushingCrushSow92Pig45.wav,other,soundwel
C:\py\pigsound\pig-sound-classification\data\raw\soundwel\IASPIASPCrushingCrushSow92Pig46.wav,other,soundwel
C:\py\pigsound\pig-sound-classification\data\raw\soundwel\IASPIASPCrushingCrushSow92Pig47.wav,other,soundwel
C:\py\pigsound\pig-sound-classification\data\raw\soundwel\IASPIASPCrushingCrushSow92Pig48.wav,other,soundwel
C:\py\pigsound\pig-sound-classification\data\raw\soundwel\IASPIASPFightingFI191p6n02.wav,other,soundwel
C:\py\pigsound\pig-sound-classification\data\raw\soundwel\IASPIASPFightingFI191p6n03.wav,other,soundwel
C:\py\pigsound\pig-sound-classification\data\raw\soundwel\IASPIASPFightingFI191p6n04.wav,other,soundwel
C:\py\pigsound\pig-sound-classification\data\raw\soundwel\IASPIASPFightingFI191p6n05.wav,other,soundwel
C:\py\pigsound\pig-sound-classification\data\raw\soundwel\IASPIASPFightingFI191p6n06.wav,other,soundwel
C:\py\pigsound\pig-sound-classification\data\raw\soundwel\IASPIASPFightingFI191p6n07.wav,other,soundwel
C:\py\pigsound\pig-sound-classification\data\raw\soundwel\IASPIASPFightingFI191p6n08.wav,other,soundwel
C:\py\pigsound\pig-sound-classification\data\raw\soundwel\IASPIASPFightingFI191p6n09.wav,other,soundwel
C:\py\pigsound\pig-sound-classification\data\raw\soundwel\IASPIASPFightingFI191p6n11.wav,other,soundwel
C:\py\pigsound\pig-sound-classification\data\raw\soundwel\IASPIASPFightingFI27p5n01.wav,other,soundwel
C:\py\pigsound\pig-sound-classification\data\raw\soundwel\IASPIASPFightingFI27p5n02.wav,other,soundwel
C:\py\pigsound\pig-sound-classification\data\raw\soundwel\IASPIASPFightingFI27p5n03.wav,other,soundwel
C:\py\pigsound\pig-sound-classification\data\raw\soundwel\IASPIASPFightingFI27p5n04.wav,other,soundwel
C:\py\pigsound\pig-sound-classification\data\raw\soundwel\IASPIASPFightingFI27p5n05.wav,other,soundwel
C:\py\pigsound\pig-sound-classification\data\raw\soundwel\IASPIASPFightingFI27p5n06.wav,other,soundwel
C:\py\pigsound\pig-sound-classification\data\raw\soundwel\IASPIASPFightingFI27p5n07.wav,other,soundwel
C:\py\pigsound\pig-sound-classification\data\raw\soundwel\IASPIASPFightingFI27p5n08.wav,other,soundwel
C:\py\pigsound\pig-sound-classification\data\raw\soundwel\IASPIASPFightingFI27p5n09.wav,other,soundwel
C:\py\pigsound\pig-sound-classification\data\raw\soundwel\IASPIASPFightingFI27p5n10.wav,other,soundwel
C:\py\pigsound\pig-sound-classification\data\raw\soundwel\IASPIASPFightingFI27p5n11.wav,other,soundwel
C:\py\pigsound\pig-sound-classification\data\raw\soundwel\IASPIASPFightingFI27p5n12.wav,other,soundwel
C:\py\pigsound\pig-sound-classification\data\raw\soundwel\IASPIASPFightingFI27p5n13.wav,other,soundwel
C:\py\pigsound\pig-sound-classification\data\raw\soundwel\IASPIASPFightingFI27p5n14.wav,other,soundwel
C:\py\pigsound\pig-sound-classification\data\raw\soundwel\IASPIASPFightingFI27p5n15.wav,other,soundwel
C:\py\pigsound\pig-sound-classification\data\raw\soundwel\IASPIASPFightingFI27p5n16.wav,other,soundwel
C:\py\pigsound\pig-sound-classification\data\raw\soundwel\IASPIASPFightingFI27p5n20.wav,other,soundwel
C:\py\pigsound\pig-sound-classification\data\raw\soundwel\IASPIASPFightingFI27p5n21.wav,other,soundwel
C:\py\pigsound\pig-sound-classification\data\raw\soundwel\IASPIASPFightingFI27p5n22.wav,other,soundwel
C:\py\pigsound\pig-sound-classification\data\raw\soundwel\IASPIASPFightingFI27p5n23.wav,other,soundwel
C:\py\pigsound\pig-sound-classification\data\raw\soundwel\IASPIASPFightingFI27p5n24.wav,other,soundwel
C:\py\pigsound\pig-sound-classification\data\raw\soundwel\IASPIASPFightingFI27p5n25.wav,other,soundwel
C:\py\pigsound\pig-sound-classification\data\raw\soundwel\IASPIASPFightingFI27p5n26.wav,other,soundwel
C:\py\pigsound\pig-sound-classification\data\raw\soundwel\IASPIASPFightingFI27p5n27.wav,other,soundwel
C:\py\pigsound\pig-sound-classification\data\raw\soundwel\IASPIASPFightingFI27p5n29.wav,other,soundwel
C:\py\pigsound\pig-sound-classification\data\raw\soundwel\IASPIASPFightingFI27p5n30.wav,other,soundwel
C:\py\pigsound\pig-sound-classification\data\raw\soundwel\IASPIASPFightingFI27p5n32.wav,other,soundwel
C:\py\pigsound\pig-sound-classification\data\raw\soundwel\IASPIASPFightingFI27p5n34.wav,other,soundwel
C:\py\pigsound\pig-sound-classification\data\raw\soundwel\IASPIASPFightingFI27p5n35.wav,other,soundwel
C:\py\pigsound\pig-sound-classification\data\raw\soundwel\IASPIASPFightingFI27p5n36.wav,other,soundwel
C:\py\pigsound\pig-sound-classification\data\raw\soundwel\IASPIASPFightingFI27p5n37.wav,other,soundwel
C:\py\pigsound\pig-sound-classification\data\raw\soundwel\IASPIASPFightingFI27p5n38.wav,other,soundwel
C:\py\pigsound\pig-sound-classification\data\raw\soundwel\IASPIASPFightingFI27p5n39.wav,other,soundwel
C:\py\pigsound\pig-sound-classification\data\raw\soundwel\IASPIASPFightingFI39p4n01.wav,other,soundwel
C:\py\pigsound\pig-sound-classification\data\raw\soundwel\IASPIASPFightingFI39p4n02.wav,other,soundwel
C:\py\pigsound\pig-sound-classification\data\raw\soundwel\IASPIASPFightingFI39p4n03.wav,other,soundwel
C:\py\pigsound\pig-sound-classification\data\raw\soundwel\IASPIASPFightingFI39p4n05.wav,other,soundwel
C:\py\pigsound\pig-sound-classification\data\raw\soundwel\IASPIASPFightingFI39p4n06.wav,other,soundwel
C:\py\pigsound\pig-sound-classification\data\raw\soundwel\IASPIASPFightingFI39p4n07.wav,other,soundwel
C:\py\pigsound\pig-sound-classification\data\raw\soundwel\IASPIASPFightingFI39p4n08.wav,other,soundwel
C:\py\pigsound\pig-sound-classification\data\raw\soundwel\IASPIASPFightingFI39p4n09.wav,other,soundwel
C:\py\pigsound\pig-sound-classification\data\raw\soundwel\IASPIASPFightingFI39pXn01.wav,other,soundwel
C:\py\pigsound\pig-sound-classification\data\raw\soundwel\IASPIASPFightingFI39pXn02.wav,other,soundwel
C:\py\pigsound\pig-sound-classification\data\raw\soundwel\IASPIASPFightingFI39pXn03.wav,other,soundwel
C:\py\pigsound\pig-sound-classification\data\raw\soundwel\IASPIASPFightingFI39pXn04.wav,other,soundwel
C:\py\pigsound\pig-sound-classification\data\raw\soundwel\IASPIASPFightingFI39pXn06.wav,other,soundwel
C:\py\pigsound\pig-sound-classification\data\raw\soundwel\IASPIASPFightingFI39pXn07.wav,other,soundwel
C:\py\pigsound\pig-sound-classification\data\raw\soundwel\IASPIASPFightingFI39pXn08.wav,other,soundwel
C:\py\pigsound\pig-sound-classification\data\raw\soundwel\IASPIASPHuddlingHU13p7n01.wav,other,soundwel
C:\py\pigsound\pig-sound-classification\data\raw\soundwel\IASPIASPHuddlingHU13p7n02.wav,other,soundwel
C:\py\pigsound\pig-sound-classification\data\raw\soundwel\IASPIASPHuddlingHU191p6n01.wav,other,soundwel
C:\py\pigsound\pig-sound-classification\data\raw\soundwel\IASPIASPHuddlingHU191p6n03.wav,other,soundwel
C:\py\pigsound\pig-sound-classification\data\raw\soundwel\IASPIASPHuddlingHU191p6n04.wav,other,soundwel
C:\py\pigsound\pig-sound-classification\data\raw\soundwel\IASPIASPHuddlingHU27p2n01.wav,other,soundwel
C:\py\pigsound\pig-sound-classification\data\raw\soundwel\IASPIASPHuddlingHU27p2n02.wav,other,soundwel
C:\py\pigsound\pig-sound-classification\data\raw\soundwel\IASPIASPHuddlingHU27p4an04.wav,other,soundwel
C:\py\pigsound\pig-sound-classification\data\raw\soundwel\IASPIASPHuddlingHU27p4an05.wav,other,soundwel
C:\py\pigsound\pig-sound-classification\data\raw\soundwel\IASPIASPHuddlingHU27p4an06.wav,other,soundwel
C:\py\pigsound\pig-sound-classification\data\raw\soundwel\IASPIASPHuddlingHU27p4an07.wav,other,soundwel
C:\py\pigsound\pig-sound-classification\data\raw\soundwel\IASPIASPHuddlingHU27p4an08.wav,other,soundwel
C:\py\pigsound\pig-sound-classification\data\raw\soundwel\IASPIASPHuddlingHU27p4bn1.wav,other,soundwel
C:\py\pigsound\pig-sound-classification\data\raw\soundwel\IASPIASPHuddlingHU27p4bn10.wav,other,soundwel
C:\py\pigsound\pig-sound-classification\data\raw\soundwel\IASPIASPHuddlingHU27p4bn11.wav,other,soundwel
C:\py\pigsound\pig-sound-classification\data\raw\soundwel\IASPIASPHuddlingHU27p4bn13.wav,other,soundwel
C:\py\pigsound\pig-sound-classification\data\raw\soundwel\IASPIASPHuddlingHU27p4bn14.wav,other,soundwel
C:\py\pigsound\pig-sound-classification\data\raw\soundwel\IASPIASPHuddlingHU27p4bn15.wav,other,soundwel
C:\py\pigsound\pig-sound-classification\data\raw\soundwel\IASPIASPHuddlingHU27p4bn16.wav,other,soundwel
C:\py\pigsound\pig-sound-classification\data\raw\soundwel\IASPIASPHuddlingHU27p4bn18.wav,other,soundwel
C:\py\pigsound\pig-sound-classification\data\raw\soundwel\IASPIASPHuddlingHU27p4bn19.wav,other,soundwel
C:\py\pigsound\pig-sound-classification\data\raw\soundwel\IASPIASPHuddlingHU27p4bn2.wav,other,soundwel
C:\py\pigsound\pig-sound-classification\data\raw\soundwel\IASPIASPHuddlingHU27p4bn5.wav,other,soundwel
C:\py\pigsound\pig-sound-classification\data\raw\soundwel\IASPIASPHuddlingHU27p4bn7.wav,other,soundwel
C:\py\pigsound\pig-sound-classification\data\raw\soundwel\IASPIASPHuddlingHU27p4bn8.wav,other,soundwel
C:\py\pigsound\pig-sound-classification\data\raw\soundwel\IASPIASPHuddlingHU27p4bn9.wav,other,soundwel
C:\py\pigsound\pig-sound-classification\data\raw\soundwel\IASPIASPHuddlingHU27p7n1.wav,other,soundwel
C:\py\pigsound\pig-sound-classification\data\raw\soundwel\IASPIASPHuddlingHU27p7n2.wav,other,soundwel
C:\py\pigsound\pig-sound-classification\data\raw\soundwel\IASPIASPHuddlingHU27p7n3.wav,other,soundwel
C:\py\pigsound\pig-sound-classification\data\raw\soundwel\IASPIASPHuddlingHU27pSn1.wav,other,soundwel
C:\py\pigsound\pig-sound-classification\data\raw\soundwel\IASPIASPHuddlingHU27pSn2.wav,other,soundwel
C:\py\pigsound\pig-sound-classification\data\raw\soundwel\IASPIASPHuddlingHU27pUn1.wav,other,soundwel
C:\py\pigsound\pig-sound-classification\data\raw\soundwel\IASPIASPHuddlingHU27pUn2.wav,other,soundwel
C:\py\pigsound\pig-sound-classification\data\raw\soundwel\IASPIASPHuddlingHU27pXn1.wav,other,soundwel
C:\py\pigsound\pig-sound-classification\data\raw\soundwel\IASPIASPHuddlingHU27pXn2.wav,other,soundwel
C:\py\pigsound\pig-sound-classification\data\raw\soundwel\IASPIASPHuddlingHU27pXn3.wav,other,soundwel
C:\py\pigsound\pig-sound-classification\data\raw\soundwel\IASPIASPHuddlingHU27pXn4.wav,other,soundwel
C:\py\pigsound\pig-sound-classification\data\raw\soundwel\IASPIASPHuddlingHU27pXn5.wav,other,soundwel
C:\py\pigsound\pig-sound-classification\data\raw\soundwel\IASPIASPHuddlingHU27pYn1.wav,other,soundwel
C:\py\pigsound\pig-sound-classification\data\raw\soundwel\IASPIASPHuddlingHU27pYn10.wav,other,soundwel
C:\py\pigsound\pig-sound-classification\data\raw\soundwel\IASPIASPHuddlingHU27pYn11.wav,other,soundwel
C:\py\pigsound\pig-sound-classification\data\raw\soundwel\IASPIASPHuddlingHU27pYn12.wav,other,soundwel
C:\py\pigsound\pig-sound-classification\data\raw\soundwel\IASPIASPHuddlingHU27pYn13.wav,other,soundwel
C:\py\pigsound\pig-sound-classification\data\raw\soundwel\IASPIASPHuddlingHU27pYn14.wav,other,soundwel
C:\py\pigsound\pig-sound-classification\data\raw\soundwel\IASPIASPHuddlingHU27pYn15.wav,other,soundwel
C:\py\pigsound\pig-sound-classification\data\raw\soundwel\IASPIASPHuddlingHU27pYn16.wav,other,soundwel
C:\py\pigsound\pig-sound-classification\data\raw\soundwel\IASPIASPHuddlingHU27pYn17.wav,other,soundwel
C:\py\pigsound\pig-sound-classification\data\raw\soundwel\IASPIASPHuddlingHU27pYn18.wav,other,soundwel
C:\py\pigsound\pig-sound-classification\data\raw\soundwel\IASPIASPHuddlingHU27pYn19.wav,other,soundwel
C:\py\pigsound\pig-sound-classification\data\raw\soundwel\IASPIASPHuddlingHU27pYn2.wav,other,soundwel
C:\py\pigsound\pig-sound-classification\data\raw\soundwel\IASPIASPHuddlingHU27pYn20.wav,other,soundwel
C:\py\pigsound\pig-sound-classification\data\raw\soundwel\IASPIASPHuddlingHU27pYn4.wav,other,soundwel
C:\py\pigsound\pig-sound-classification\data\raw\soundwel\IASPIASPHuddlingHU27pYn9.wav,other,soundwel
C:\py\pigsound\pig-sound-classification\data\raw\soundwel\IASPIASPHuddlingHU27pZn1.wav,other,soundwel
C:\py\pigsound\pig-sound-classification\data\raw\soundwel\IASPIASPHuddlingHU27pZn10.wav,other,soundwel
C:\py\pigsound\pig-sound-classification\data\raw\soundwel\IASPIASPHuddlingHU27pZn11.wav,other,soundwel
C:\py\pigsound\pig-sound-classification\data\raw\soundwel\IASPIASPHuddlingHU27pZn12.wav,other,soundwel
C:\py\pigsound\pig-sound-classification\data\raw\soundwel\IASPIASPHuddlingHU27pZn13.wav,other,soundwel
C:\py\pigsound\pig-sound-classification\data\raw\soundwel\IASPIASPHuddlingHU27pZn14.wav,other,soundwel
C:\py\pigsound\pig-sound-classification\data\raw\soundwel\IASPIASPHuddlingHU27pZn15.wav,other,soundwel
C:\py\pigsound\pig-sound-classification\data\raw\soundwel\IASPIASPHuddlingHU27pZn16.wav,other,soundwel
C:\py\pigsound\pig-sound-classification\data\raw\soundwel\IASPIASPHuddlingHU27pZn18.wav,other,soundwel
C:\py\pigsound\pig-sound-classification\data\raw\soundwel\IASPIASPHuddlingHU27pZn19.wav,other,soundwel
C:\py\pigsound\pig-sound-classification\data\raw\soundwel\IASPIASPHuddlingHU27pZn2.wav,other,soundwel
C:\py\pigsound\pig-sound-classification\data\raw\soundwel\IASPIASPHuddlingHU27pZn20.wav,other,soundwel
C:\py\pigsound\pig-sound-classification\data\raw\soundwel\IASPIASPHuddlingHU27pZn21.wav,other,soundwel
C:\py\pigsound\pig-sound-classification\data\raw\soundwel\IASPIASPHuddlingHU27pZn22.wav,other,soundwel
C:\py\pigsound\pig-sound-classification\data\raw\soundwel\IASPIASPHuddlingHU27pZn23.wav,other,soundwel
C:\py\pigsound\pig-sound-classification\data\raw\soundwel\IASPIASPHuddlingHU27pZn24.wav,other,soundwel
C:\py\pigsound\pig-sound-classification\data\raw\soundwel\IASPIASPHuddlingHU27pZn26.wav,other,soundwel
C:\py\pigsound\pig-sound-classification\data\raw\soundwel\IASPIASPHuddlingHU27pZn3.wav,other,soundwel
C:\py\pigsound\pig-sound-classification\data\raw\soundwel\IASPIASPHuddlingHU27pZn4.wav,other,soundwel
C:\py\pigsound\pig-sound-classification\data\raw\soundwel\IASPIASPHuddlingHU27pZn5.wav,other,soundwel
C:\py\pigsound\pig-sound-classification\data\raw\soundwel\IASPIASPHuddlingHU27pZn7.wav,other,soundwel
C:\py\pigsound\pig-sound-classification\data\raw\soundwel\IASPIASPIsolationIsolSow2Pig91.wav,other,soundwel
C:\py\pigsound\pig-sound-classification\data\raw\soundwel\IASPIASPIsolationIsolSow2Pig910.wav,other,soundwel
C:\py\pigsound\pig-sound-classification\data\raw\soundwel\IASPIASPIsolationIsolSow2Pig911.wav,other,soundwel
C:\py\pigsound\pig-sound-classification\data\raw\soundwel\IASPIASPIsolationIsolSow2Pig912.wav,other,soundwel
C:\py\pigsound\pig-sound-classification\data\raw\soundwel\IASPIASPIsolationIsolSow2Pig913.wav,other,soundwel
C:\py\pigsound\pig-sound-classification\data\raw\soundwel\IASPIASPIsolationIsolSow2Pig914.wav,other,soundwel
C:\py\pigsound\pig-sound-classification\data\raw\soundwel\IASPIASPIsolationIsolSow2Pig915.wav,other,soundwel
C:\py\pigsound\pig-sound-classification\data\raw\soundwel\IASPIASPIsolationIsolSow2Pig916.wav,other,soundwel
C:\py\pigsound\pig-sound-classification\data\raw\soundwel\IASPIASPIsolationIsolSow2Pig917.wav,other,soundwel
C:\py\pigsound\pig-sound-classification\data\raw\soundwel\IASPIASPIsolationIsolSow2Pig918.wav,other,soundwel
C:\py\pigsound\pig-sound-classification\data\raw\soundwel\IASPIASPIsolationIsolSow2Pig919.wav,other,soundwel
C:\py\pigsound\pig-sound-classification\data\raw\soundwel\IASPIASPIsolationIsolSow2Pig92.wav,other,soundwel
C:\py\pigsound\pig-sound-classification\data\raw\soundwel\IASPIASPIsolationIsolSow2Pig93.wav,other,soundwel
C:\py\pigsound\pig-sound-classification\data\raw\soundwel\IASPIASPIsolationIsolSow2Pig94.wav,other,soundwel
C:\py\pigsound\pig-sound-classification\data\raw\soundwel\IASPIASPIsolationIsolSow2Pig95.wav,other,soundwel
C:\py\pigsound\pig-sound-classification\data\raw\soundwel\IASPIASPIsolationIsolSow2Pig96.wav,other,soundwel
C:\py\pigsound\pig-sound-classification\data\raw\soundwel\IASPIASPIsolationIsolSow2Pig97.wav,other,soundwel
C:\py\pigsound\pig-sound-classification\data\raw\soundwel\IASPIASPIsolationIsolSow2Pig98.wav,other,soundwel
C:\py\pigsound\pig-sound-classification\data\raw\soundwel\IASPIASPIsolationIsolSow3Pig131.wav,other,soundwel
C:\py\pigsound\pig-sound-classification\data\raw\soundwel\IASPIASPIsolationIsolSow3Pig1310.wav,other,soundwel
C:\py\pigsound\pig-sound-classification\data\raw\soundwel\IASPIASPIsolationIsolSow3Pig1311.wav,other,soundwel
C:\py\pigsound\pig-sound-classification\data\raw\soundwel\IASPIASPIsolationIsolSow3Pig1312.wav,other,soundwel
C:\py\pigsound\pig-sound-classification\data\raw\soundwel\IASPIASPIsolationIsolSow3Pig1313.wav,other,soundwel
C:\py\pigsound\pig-sound-classification\data\raw\soundwel\IASPIASPIsolationIsolSow3Pig1314.wav,other,soundwel
C:\py\pigsound\pig-sound-classification\data\raw\soundwel\IASPIASPIsolationIsolSow3Pig1315.wav,other,soundwel
C:\py\pigsound\pig-sound-classification\data\raw\soundwel\IASPIASPIsolationIsolSow3Pig1316.wav,other,soundwel
C:\py\pigsound\pig-sound-classification\data\raw\soundwel\IASPIASPIsolationIsolSow3Pig1317.wav,other,soundwel
C:\py\pigsound\pig-sound-classification\data\raw\soundwel\IASPIASPIsolationIsolSow3Pig1318.wav,other,soundwel
C:\py\pigsound\pig-sound-classification\data\raw\soundwel\IASPIASPIsolationIsolSow3Pig132.wav,other,soundwel
C:\py\pigsound\pig-sound-classification\data\raw\soundwel\IASPIASPIsolationIsolSow3Pig1321.wav,other,soundwel
C:\py\pigsound\pig-sound-classification\data\raw\soundwel\IASPIASPIsolationIsolSow3Pig1322.wav,other,soundwel
C:\py\pigsound\pig-sound-classification\data\raw\soundwel\IASPIASPIsolationIsolSow3Pig1323.wav,other,soundwel
C:\py\pigsound\pig-sound-classification\data\raw\soundwel\IASPIASPIsolationIsolSow3Pig1324.wav,other,soundwel
C:\py\pigsound\pig-sound-classification\data\raw\soundwel\IASPIASPIsolationIsolSow3Pig1326.wav,other,soundwel
C:\py\pigsound\pig-sound-classification\data\raw\soundwel\IASPIASPIsolationIsolSow3Pig1328.wav,other,soundwel
C:\py\pigsound\pig-sound-classification\data\raw\soundwel\IASPIASPIsolationIsolSow3Pig1329.wav,other,soundwel
C:\py\pigsound\pig-sound-classification\data\raw\soundwel\IASPIASPIsolationIsolSow3Pig133.wav,other,soundwel
C:\py\pigsound\pig-sound-classification\data\raw\soundwel\IASPIASPIsolationIsolSow3Pig1330.wav,other,soundwel
C:\py\pigsound\pig-sound-classification\data\raw\soundwel\IASPIASPIsolationIsolSow3Pig1331.wav,other,soundwel
C:\py\pigsound\pig-sound-classification\data\raw\soundwel\IASPIASPIsolationIsolSow3Pig1332.wav,other,soundwel
C:\py\pigsound\pig-sound-classification\data\raw\soundwel\IASPIASPIsolationIsolSow3Pig1333.wav,other,soundwel
C:\py\pigsound\pig-sound-classification\data\raw\soundwel\IASPIASPIsolationIsolSow3Pig1335.wav,other,soundwel
C:\py\pigsound\pig-sound-classification\data\raw\soundwel\IASPIASPIsolationIsolSow3Pig1336.wav,other,soundwel
C:\py\pigsound\pig-sound-classification\data\raw\soundwel\IASPIASPIsolationIsolSow3Pig1339.wav,other,soundwel
C:\py\pigsound\pig-sound-classification\data\raw\soundwel\IASPIASPIsolationIsolSow3Pig1341.wav,other,soundwel
C:\py\pigsound\pig-sound-classification\data\raw\soundwel\IASPIASPIsolationIsolSow3Pig1343.wav,other,soundwel
C:\py\pigsound\pig-sound-classification\data\raw\soundwel\IASPIASPIsolationIsolSow3Pig1344.wav,other,soundwel
C:\py\pigsound\pig-sound-classification\data\raw\soundwel\IASPIASPIsolationIsolSow3Pig1345.wav,other,soundwel
C:\py\pigsound\pig-sound-classification\data\raw\soundwel\IASPIASPIsolationIsolSow3Pig1349.wav,other,soundwel
C:\py\pigsound\pig-sound-classification\data\raw\soundwel\IASPIASPIsolationIsolSow3Pig135.wav,other,soundwel
C:\py\pigsound\pig-sound-classification\data\raw\soundwel\IASPIASPIsolationIsolSow3Pig1351.wav,other,soundwel
C:\py\pigsound\pig-sound-classification\data\raw\soundwel\IASPIASPIsolationIsolSow3Pig1352.wav,other,soundwel
C:\py\pigsound\pig-sound-classification\data\raw\soundwel\IASPIASPIsolationIsolSow3Pig1353.wav,other,soundwel
C:\py\pigsound\pig-sound-classification\data\raw\soundwel\IASPIASPIsolationIsolSow3Pig1354.wav,other,soundwel
C:\py\pigsound\pig-sound-classification\data\raw\soundwel\IASPIASPIsolationIsolSow3Pig1356.wav,other,soundwel
C:\py\pigsound\pig-sound-classification\data\raw\soundwel\IASPIASPIsolationIsolSow3Pig1357.wav,other,soundwel
C:\py\pigsound\pig-sound-classification\data\raw\soundwel\IASPIASPIsolationIsolSow3Pig1358.wav,other,soundwel
C:\py\pigsound\pig-sound-classification\data\raw\soundwel\IASPIASPIsolationIsolSow3Pig136.wav,other,soundwel
C:\py\pigsound\pig-sound-classification\data\raw\soundwel\IASPIASPIsolationIsolSow3Pig1360.wav,other,soundwel
C:\py\pigsound\pig-sound-classification\data\raw\soundwel\IASPIASPIsolationIsolSow3Pig1363.wav,other,soundwel
C:\py\pigsound\pig-sound-classification\data\raw\soundwel\IASPIASPIsolationIsolSow3Pig1365.wav,other,soundwel
C:\py\pigsound\pig-sound-classification\data\raw\soundwel\IASPIASPIsolationIsolSow3Pig137.wav,other,soundwel
C:\py\pigsound\pig-sound-classification\data\raw\soundwel\IASPIASPIsolationIsolSow3Pig138.wav,other,soundwel
C:\py\pigsound\pig-sound-classification\data\raw\soundwel\IASPIASPIsolationIsolSow3Pig139.wav,other,soundwel
C:\py\pigsound\pig-sound-classification\data\raw\soundwel\IASPIASPIsolationIsolSow56Pig31.wav,other,soundwel
C:\py\pigsound\pig-sound-classification\data\raw\soundwel\IASPIASPIsolationIsolSow56Pig310.wav,other,soundwel
C:\py\pigsound\pig-sound-classification\data\raw\soundwel\IASPIASPIsolationIsolSow56Pig311.wav,other,soundwel
C:\py\pigsound\pig-sound-classification\data\raw\soundwel\IASPIASPIsolationIsolSow56Pig314.wav,other,soundwel
C:\py\pigsound\pig-sound-classification\data\raw\soundwel\IASPIASPIsolationIsolSow56Pig315.wav,other,soundwel
C:\py\pigsound\pig-sound-classification\data\raw\soundwel\IASPIASPIsolationIsolSow56Pig316.wav,other,soundwel
C:\py\pigsound\pig-sound-classification\data\raw\soundwel\IASPIASPIsolationIsolSow56Pig317.wav,other,soundwel
C:\py\pigsound\pig-sound-classification\data\raw\soundwel\IASPIASPIsolationIsolSow56Pig318.wav,other,soundwel
C:\py\pigsound\pig-sound-classification\data\raw\soundwel\IASPIASPIsolationIsolSow56Pig319.wav,other,soundwel
C:\py\pigsound\pig-sound-classification\data\raw\soundwel\IASPIASPIsolationIsolSow56Pig32.wav,other,soundwel
C:\py\pigsound\pig-sound-classification\data\raw\soundwel\IASPIASPIsolationIsolSow56Pig320.wav,other,soundwel
C:\py\pigsound\pig-sound-classification\data\raw\soundwel\IASPIASPIsolationIsolSow56Pig321.wav,other,soundwel
C:\py\pigsound\pig-sound-classification\data\raw\soundwel\IASPIASPIsolationIsolSow56Pig322.wav,other,soundwel
C:\py\pigsound\pig-sound-classification\data\raw\soundwel\IASPIASPIsolationIsolSow56Pig325.wav,other,soundwel
C:\py\pigsound\pig-sound-classification\data\raw\soundwel\IASPIASPIsolationIsolSow56Pig326.wav,other,soundwel
C:\py\pigsound\pig-sound-classification\data\raw\soundwel\IASPIASPIsolationIsolSow56Pig327.wav,other,soundwel
C:\py\pigsound\pig-sound-classification\data\raw\soundwel\IASPIASPIsolationIsolSow56Pig328.wav,other,soundwel
C:\py\pigsound\pig-sound-classification\data\raw\soundwel\IASPIASPIsolationIsolSow56Pig329.wav,other,soundwel
C:\py\pigsound\pig-sound-classification\data\raw\soundwel\IASPIASPIsolationIsolSow56Pig330.wav,other,soundwel
C:\py\pigsound\pig-sound-classification\data\raw\soundwel\IASPIASPIsolationIsolSow56Pig331.wav,other,soundwel
C:\py\pigsound\pig-sound-classification\data\raw\soundwel\IASPIASPIsolationIsolSow56Pig34.wav,other,soundwel
C:\py\pigsound\pig-sound-classification\data\raw\soundwel\IASPIASPIsolationIsolSow56Pig35.wav,other,soundwel
C:\py\pigsound\pig-sound-classification\data\raw\soundwel\IASPIASPIsolationIsolSow56Pig37.wav,other,soundwel
C:\py\pigsound\pig-sound-classification\data\raw\soundwel\IASPIASPIsolationIsolSow56Pig38.wav,other,soundwel
C:\py\pigsound\pig-sound-classification\data\raw\soundwel\IASPIASPIsolationIsolSow56Pig39.wav,other,soundwel
C:\py\pigsound\pig-sound-classification\data\raw\soundwel\IASPIASPIsolationIsolSow83Pig111.wav,other,soundwel
C:\py\pigsound\pig-sound-classification\data\raw\soundwel\IASPIASPIsolationIsolSow83Pig1110.wav,other,soundwel
C:\py\pigsound\pig-sound-classification\data\raw\soundwel\IASPIASPIsolationIsolSow83Pig1111.wav,other,soundwel
C:\py\pigsound\pig-sound-classification\data\raw\soundwel\IASPIASPIsolationIsolSow83Pig1112.wav,other,soundwel
C:\py\pigsound\pig-sound-classification\data\raw\soundwel\IASPIASPIsolationIsolSow83Pig1113.wav,other,soundwel
C:\py\pigsound\pig-sound-classification\data\raw\soundwel\IASPIASPIsolationIsolSow83Pig1114.wav,other,soundwel
C:\py\pigsound\pig-sound-classification\data\raw\soundwel\IASPIASPIsolationIsolSow83Pig1115.wav,other,soundwel
C:\py\pigsound\pig-sound-classification\data\raw\soundwel\IASPIASPIsolationIsolSow83Pig1116.wav,other,soundwel
C:\py\pigsound\pig-sound-classification\data\raw\soundwel\IASPIASPIsolationIsolSow83Pig1117.wav,other,soundwel
C:\py\pigsound\pig-sound-classification\data\raw\soundwel\IASPIASPIsolationIsolSow83Pig1118.wav,other,soundwel
C:\py\pigsound\pig-sound-classification\data\raw\soundwel\IASPIASPIsolationIsolSow83Pig1119.wav,other,soundwel
C:\py\pigsound\pig-sound-classification\data\raw\soundwel\IASPIASPIsolationIsolSow83Pig112.wav,other,soundwel
C:\py\pigsound\pig-sound-classification\data\raw\soundwel\IASPIASPIsolationIsolSow83Pig1121.wav,other,soundwel
C:\py\pigsound\pig-sound-classification\data\raw\soundwel\IASPIASPIsolationIsolSow83Pig1122.wav,other,soundwel
C:\py\pigsound\pig-sound-classification\data\raw\soundwel\IASPIASPIsolationIsolSow83Pig1123.wav,other,soundwel
C:\py\pigsound\pig-sound-classification\data\raw\soundwel\IASPIASPIsolationIsolSow83Pig1124.wav,other,soundwel
C:\py\pigsound\pig-sound-classification\data\raw\soundwel\IASPIASPIsolationIsolSow83Pig1125.wav,other,soundwel
C:\py\pigsound\pig-sound-classification\data\raw\soundwel\IASPIASPIsolationIsolSow83Pig1127.wav,other,soundwel
C:\py\pigsound\pig-sound-classification\data\raw\soundwel\IASPIASPIsolationIsolSow83Pig1128.wav,other,soundwel
C:\py\pigsound\pig-sound-classification\data\raw\soundwel\IASPIASPIsolationIsolSow83Pig1129.wav,other,soundwel
C:\py\pigsound\pig-sound-classification\data\raw\soundwel\IASPIASPIsolationIsolSow83Pig113.wav,other,soundwel
C:\py\pigsound\pig-sound-classification\data\raw\soundwel\IASPIASPIsolationIsolSow83Pig1130.wav,other,soundwel
C:\py\pigsound\pig-sound-classification\data\raw\soundwel\IASPIASPIsolationIsolSow83Pig1131.wav,other,soundwel
C:\py\pigsound\pig-sound-classification\data\raw\soundwel\IASPIASPIsolationIsolSow83Pig1132.wav,other,soundwel
C:\py\pigsound\pig-sound-classification\data\raw\soundwel\IASPIASPIsolationIsolSow83Pig1133.wav,other,soundwel
C:\py\pigsound\pig-sound-classification\data\raw\soundwel\IASPIASPIsolationIsolSow83Pig1134.wav,other,soundwel
C:\py\pigsound\pig-sound-classification\data\raw\soundwel\IASPIASPIsolationIsolSow83Pig1135.wav,other,soundwel
C:\py\pigsound\pig-sound-classification\data\raw\soundwel\IASPIASPIsolationIsolSow83Pig1136.wav,other,soundwel
C:\py\pigsound\pig-sound-classification\data\raw\soundwel\IASPIASPIsolationIsolSow83Pig1137.wav,other,soundwel
C:\py\pigsound\pig-sound-classification\data\raw\soundwel\IASPIASPIsolationIsolSow83Pig1138.wav,other,soundwel
C:\py\pigsound\pig-sound-classification\data\raw\soundwel\IASPIASPIsolationIsolSow83Pig1139.wav,other,soundwel
C:\py\pigsound\pig-sound-classification\data\raw\soundwel\IASPIASPIsolationIsolSow83Pig114.wav,other,soundwel
C:\py\pigsound\pig-sound-classification\data\raw\soundwel\IASPIASPIsolationIsolSow83Pig1140.wav,other,soundwel
C:\py\pigsound\pig-sound-classification\data\raw\soundwel\IASPIASPIsolationIsolSow83Pig1141.wav,other,soundwel
C:\py\pigsound\pig-sound-classification\data\raw\soundwel\IASPIASPIsolationIsolSow83Pig1142.wav,other,soundwel
C:\py\pigsound\pig-sound-classification\data\raw\soundwel\IASPIASPIsolationIsolSow83Pig1143.wav,other,soundwel
C:\py\pigsound\pig-sound-classification\data\raw\soundwel\IASPIASPIsolationIsolSow83Pig1144.wav,other,soundwel
C:\py\pigsound\pig-sound-classification\data\raw\soundwel\IASPIASPIsolationIsolSow83Pig1145.wav,other,soundwel
C:\py\pigsound\pig-sound-classification\data\raw\soundwel\IASPIASPIsolationIsolSow83Pig1146.wav,other,soundwel
C:\py\pigsound\pig-sound-classification\data\raw\soundwel\IASPIASPIsolationIsolSow83Pig1147.wav,other,soundwel
C:\py\pigsound\pig-sound-classification\data\raw\soundwel\IASPIASPIsolationIsolSow83Pig1148.wav,other,soundwel
C:\py\pigsound\pig-sound-classification\data\raw\soundwel\IASPIASPIsolationIsolSow83Pig1149.wav,other,soundwel
C:\py\pigsound\pig-sound-classification\data\raw\soundwel\IASPIASPIsolationIsolSow83Pig115.wav,other,soundwel
C:\py\pigsound\pig-sound-classification\data\raw\soundwel\IASPIASPIsolationIsolSow83Pig1150.wav,other,soundwel
C:\py\pigsound\pig-sound-classification\data\raw\soundwel\IASPIASPIsolationIsolSow83Pig1151.wav,other,soundwel
C:\py\pigsound\pig-sound-classification\data\raw\soundwel\IASPIASPIsolationIsolSow83Pig1152.wav,other,soundwel
C:\py\pigsound\pig-sound-classification\data\raw\soundwel\IASPIASPIsolationIsolSow83Pig1153.wav,other,soundwel
C:\py\pigsound\pig-sound-classification\data\raw\soundwel\IASPIASPIsolationIsolSow83Pig1154.wav,other,soundwel
C:\py\pigsound\pig-sound-classification\data\raw\soundwel\IASPIASPIsolationIsolSow83Pig1155.wav,other,soundwel
C:\py\pigsound\pig-sound-classification\data\raw\soundwel\IASPIASPIsolationIsolSow83Pig1156.wav,other,soundwel
C:\py\pigsound\pig-sound-classification\data\raw\soundwel\IASPIASPIsolationIsolSow83Pig1157.wav,other,soundwel
C:\py\pigsound\pig-sound-classification\data\raw\soundwel\IASPIASPIsolationIsolSow83Pig1158.wav,other,soundwel
C:\py\pigsound\pig-sound-classification\data\raw\soundwel\IASPIASPIsolationIsolSow83Pig1159.wav,other,soundwel
C:\py\pigsound\pig-sound-classification\data\raw\soundwel\IASPIASPIsolationIsolSow83Pig116.wav,other,soundwel
C:\py\pigsound\pig-sound-classification\data\raw\soundwel\IASPIASPIsolationIsolSow83Pig1160.wav,other,soundwel
C:\py\pigsound\pig-sound-classification\data\raw\soundwel\IASPIASPIsolationIsolSow83Pig1161.wav,other,soundwel
C:\py\pigsound\pig-sound-classification\data\raw\soundwel\IASPIASPIsolationIsolSow83Pig1162.wav,other,soundwel
C:\py\pigsound\pig-sound-classification\data\raw\soundwel\IASPIASPIsolationIsolSow83Pig1163.wav,other,soundwel
C:\py\pigsound\pig-sound-classification\data\raw\soundwel\IASPIASPIsolationIsolSow83Pig1164.wav,other,soundwel
C:\py\pigsound\pig-sound-classification\data\raw\soundwel\IASPIASPIsolationIsolSow83Pig1165.wav,other,soundwel
C:\py\pigsound\pig-sound-classification\data\raw\soundwel\IASPIASPIsolationIsolSow83Pig1166.wav,other,soundwel
C:\py\pigsound\pig-sound-classification\data\raw\soundwel\IASPIASPIsolationIsolSow83Pig1167.wav,other,soundwel
C:\py\pigsound\pig-sound-classification\data\raw\soundwel\IASPIASPIsolationIsolSow83Pig1168.wav,other,soundwel
C:\py\pigsound\pig-sound-classification\data\raw\soundwel\IASPIASPIsolationIsolSow83Pig1169.wav,other,soundwel
C:\py\pigsound\pig-sound-classification\data\raw\soundwel\IASPIASPIsolationIsolSow83Pig117.wav,other,soundwel
C:\py\pigsound\pig-sound-classification\data\raw\soundwel\IASPIASPIsolationIsolSow83Pig1170.wav,other,soundwel
C:\py\pigsound\pig-sound-classification\data\raw\soundwel\IASPIASPIsolationIsolSow83Pig1171.wav,other,soundwel
C:\py\pigsound\pig-sound-classification\data\raw\soundwel\IASPIASPIsolationIsolSow83Pig1173.wav,other,soundwel
C:\py\pigsound\pig-sound-classification\data\raw\soundwel\IASPIASPIsolationIsolSow83Pig1174.wav,other,soundwel
C:\py\pigsound\pig-sound-classification\data\raw\soundwel\IASPIASPIsolationIsolSow83Pig1175.wav,other,soundwel
C:\py\pigsound\pig-sound-classification\data\raw\soundwel\IASPIASPIsolationIsolSow83Pig1176.wav,other,soundwel
C:\py\pigsound\pig-sound-classification\data\raw\soundwel\IASPIASPIsolationIsolSow83Pig1177.wav,other,soundwel
C:\py\pigsound\pig-sound-classification\data\raw\soundwel\IASPIASPIsolationIsolSow83Pig1178.wav,other,soundwel
C:\py\pigsound\pig-sound-classification\data\raw\soundwel\IASPIASPIsolationIsolSow83Pig1179.wav,other,soundwel
C:\py\pigsound\pig-sound-classification\data\raw\soundwel\IASPIASPIsolationIsolSow83Pig118.wav,other,soundwel
C:\py\pigsound\pig-sound-classification\data\raw\soundwel\IASPIASPIsolationIsolSow83Pig1180.wav,other,soundwel
C:\py\pigsound\pig-sound-classification\data\raw\soundwel\IASPIASPIsolationIsolSow83Pig1181.wav,other,soundwel
C:\py\pigsound\pig-sound-classification\data\raw\soundwel\IASPIASPIsolationIsolSow83Pig1182.wav,other,soundwel
C:\py\pigsound\pig-sound-classification\data\raw\soundwel\IASPIASPIsolationIsolSow83Pig1183.wav,other,soundwel
C:\py\pigsound\pig-sound-classification\data\raw\soundwel\IASPIASPIsolationIsolSow83Pig1184.wav,other,soundwel
C:\py\pigsound\pig-sound-classification\data\raw\soundwel\IASPIASPIsolationIsolSow83Pig1185.wav,other,soundwel
C:\py\pigsound\pig-sound-classification\data\raw\soundwel\IASPIASPIsolationIsolSow83Pig1186.wav,other,soundwel
C:\py\pigsound\pig-sound-classification\data\raw\soundwel\IASPIASPIsolationIsolSow83Pig1187.wav,other,soundwel
C:\py\pigsound\pig-sound-classification\data\raw\soundwel\IASPIASPIsolationIsolSow83Pig1188.wav,other,soundwel
C:\py\pigsound\pig-sound-classification\data\raw\soundwel\IASPIASPIsolationIsolSow83Pig119.wav,other,soundwel
C:\py\pigsound\pig-sound-classification\data\raw\soundwel\IASPIASPIsolationIsolSow86Pig101.wav,other,soundwel
C:\py\pigsound\pig-sound-classification\data\raw\soundwel\IASPIASPIsolationIsolSow86Pig1010.wav,other,soundwel
C:\py\pigsound\pig-sound-classification\data\raw\soundwel\IASPIASPIsolationIsolSow86Pig1011.wav,other,soundwel
C:\py\pigsound\pig-sound-classification\data\raw\soundwel\IASPIASPIsolationIsolSow86Pig1012.wav,other,soundwel
C:\py\pigsound\pig-sound-classification\data\raw\soundwel\IASPIASPIsolationIsolSow86Pig1013.wav,other,soundwel
C:\py\pigsound\pig-sound-classification\data\raw\soundwel\IASPIASPIsolationIsolSow86Pig1014.wav,other,soundwel
C:\py\pigsound\pig-sound-classification\data\raw\soundwel\IASPIASPIsolationIsolSow86Pig1015.wav,other,soundwel
C:\py\pigsound\pig-sound-classification\data\raw\soundwel\IASPIASPIsolationIsolSow86Pig1016.wav,other,soundwel
C:\py\pigsound\pig-sound-classification\data\raw\soundwel\IASPIASPIsolationIsolSow86Pig1018.wav,other,soundwel
C:\py\pigsound\pig-sound-classification\data\raw\soundwel\IASPIASPIsolationIsolSow86Pig102.wav,other,soundwel
C:\py\pigsound\pig-sound-classification\data\raw\soundwel\IASPIASPIsolationIsolSow86Pig1020.wav,other,soundwel
C:\py\pigsound\pig-sound-classification\data\raw\soundwel\IASPIASPIsolationIsolSow86Pig1022.wav,other,soundwel
C:\py\pigsound\pig-sound-classification\data\raw\soundwel\IASPIASPIsolationIsolSow86Pig1024.wav,other,soundwel
C:\py\pigsound\pig-sound-classification\data\raw\soundwel\IASPIASPIsolationIsolSow86Pig1025.wav,other,soundwel
C:\py\pigsound\pig-sound-classification\data\raw\soundwel\IASPIASPIsolationIsolSow86Pig1028.wav,other,soundwel
C:\py\pigsound\pig-sound-classification\data\raw\soundwel\IASPIASPIsolationIsolSow86Pig1029.wav,other,soundwel
C:\py\pigsound\pig-sound-classification\data\raw\soundwel\IASPIASPIsolationIsolSow86Pig103.wav,other,soundwel
C:\py\pigsound\pig-sound-classification\data\raw\soundwel\IASPIASPIsolationIsolSow86Pig1030.wav,other,soundwel
C:\py\pigsound\pig-sound-classification\data\raw\soundwel\IASPIASPIsolationIsolSow86Pig1031.wav,other,soundwel
C:\py\pigsound\pig-sound-classification\data\raw\soundwel\IASPIASPIsolationIsolSow86Pig1034.wav,other,soundwel
C:\py\pigsound\pig-sound-classification\data\raw\soundwel\IASPIASPIsolationIsolSow86Pig1035.wav,other,soundwel
C:\py\pigsound\pig-sound-classification\data\raw\soundwel\IASPIASPIsolationIsolSow86Pig1036.wav,other,soundwel
C:\py\pigsound\pig-sound-classification\data\raw\soundwel\IASPIASPIsolationIsolSow86Pig1039.wav,other,soundwel
C:\py\pigsound\pig-sound-classification\data\raw\soundwel\IASPIASPIsolationIsolSow86Pig1040.wav,other,soundwel
C:\py\pigsound\pig-sound-classification\data\raw\soundwel\IASPIASPIsolationIsolSow86Pig1041.wav,other,soundwel
C:\py\pigsound\pig-sound-classification\data\raw\soundwel\IASPIASPIsolationIsolSow86Pig1042.wav,other,soundwel
C:\py\pigsound\pig-sound-classification\data\raw\soundwel\IASPIASPIsolationIsolSow86Pig1047.wav,other,soundwel
C:\py\pigsound\pig-sound-classification\data\raw\soundwel\IASPIASPIsolationIsolSow86Pig105.wav,other,soundwel
C:\py\pigsound\pig-sound-classification\data\raw\soundwel\IASPIASPIsolationIsolSow86Pig1051.wav,other,soundwel
C:\py\pigsound\pig-sound-classification\data\raw\soundwel\IASPIASPIsolationIsolSow86Pig1052.wav,other,soundwel
C:\py\pigsound\pig-sound-classification\data\raw\soundwel\IASPIASPIsolationIsolSow86Pig1055.wav,other,soundwel
C:\py\pigsound\pig-sound-classification\data\raw\soundwel\IASPIASPIsolationIsolSow86Pig1056.wav,other,soundwel
C:\py\pigsound\pig-sound-classification\data\raw\soundwel\IASPIASPIsolationIsolSow86Pig1057.wav,other,soundwel
C:\py\pigsound\pig-sound-classification\data\raw\soundwel\IASPIASPIsolationIsolSow86Pig1058.wav,other,soundwel
C:\py\pigsound\pig-sound-classification\data\raw\soundwel\IASPIASPIsolationIsolSow86Pig1059.wav,other,soundwel
C:\py\pigsound\pig-sound-classification\data\raw\soundwel\IASPIASPIsolationIsolSow86Pig1061.wav,other,soundwel
C:\py\pigsound\pig-sound-classification\data\raw\soundwel\IASPIASPIsolationIsolSow86Pig1063.wav,other,soundwel
C:\py\pigsound\pig-sound-classification\data\raw\soundwel\IASPIASPIsolationIsolSow86Pig1064.wav,other,soundwel
C:\py\pigsound\pig-sound-classification\data\raw\soundwel\IASPIASPIsolationIsolSow86Pig1065.wav,other,soundwel
C:\py\pigsound\pig-sound-classification\data\raw\soundwel\IASPIASPIsolationIsolSow86Pig107.wav,other,soundwel
C:\py\pigsound\pig-sound-classification\data\raw\soundwel\IASPIASPIsolationIsolSow86Pig108.wav,other,soundwel
C:\py\pigsound\pig-sound-classification\data\raw\soundwel\IASPIASPIsolationIsolSow86Pig109.wav,other,soundwel
C:\py\pigsound\pig-sound-classification\data\raw\soundwel\IASPIASPMissedNursingMissNurSow13Pig81.wav,other,soundwel
C:\py\pigsound\pig-sound-classification\data\raw\soundwel\IASPIASPMissedNursingMissNurSow13Pig810.wav,other,soundwel
C:\py\pigsound\pig-sound-classification\data\raw\soundwel\IASPIASPMissedNursingMissNurSow13Pig811.wav,other,soundwel
C:\py\pigsound\pig-sound-classification\data\raw\soundwel\IASPIASPMissedNursingMissNurSow13Pig812.wav,other,soundwel
C:\py\pigsound\pig-sound-classification\data\raw\soundwel\IASPIASPMissedNursingMissNurSow13Pig813.wav,other,soundwel
C:\py\pigsound\pig-sound-classification\data\raw\soundwel\IASPIASPMissedNursingMissNurSow13Pig815.wav,other,soundwel
C:\py\pigsound\pig-sound-classification\data\raw\soundwel\IASPIASPMissedNursingMissNurSow13Pig816.wav,other,soundwel
C:\py\pigsound\pig-sound-classification\data\raw\soundwel\IASPIASPMissedNursingMissNurSow13Pig817.wav,other,soundwel
C:\py\pigsound\pig-sound-classification\data\raw\soundwel\IASPIASPMissedNursingMissNurSow13Pig818.wav,other,soundwel
C:\py\pigsound\pig-sound-classification\data\raw\soundwel\IASPIASPMissedNursingMissNurSow13Pig819.wav,other,soundwel
C:\py\pigsound\pig-sound-classification\data\raw\soundwel\IASPIASPMissedNursingMissNurSow13Pig820.wav,other,soundwel
C:\py\pigsound\pig-sound-classification\data\raw\soundwel\IASPIASPMissedNursingMissNurSow13Pig821.wav,other,soundwel
C:\py\pigsound\pig-sound-classification\data\raw\soundwel\IASPIASPMissedNursingMissNurSow13Pig822.wav,other,soundwel
C:\py\pigsound\pig-sound-classification\data\raw\soundwel\IASPIASPMissedNursingMissNurSow13Pig83.wav,other,soundwel
C:\py\pigsound\pig-sound-classification\data\raw\soundwel\IASPIASPMissedNursingMissNurSow13Pig84.wav,other,soundwel
C:\py\pigsound\pig-sound-classification\data\raw\soundwel\IASPIASPMissedNursingMissNurSow13Pig85.wav,other,soundwel
C:\py\pigsound\pig-sound-classification\data\raw\soundwel\IASPIASPMissedNursingMissNurSow13Pig86.wav,other,soundwel
C:\py\pigsound\pig-sound-classification\data\raw\soundwel\IASPIASPMissedNursingMissNurSow13Pig87.wav,other,soundwel
C:\py\pigsound\pig-sound-classification\data\raw\soundwel\IASPIASPMissedNursingMissNurSow13Pig88.wav,other,soundwel
C:\py\pigsound\pig-sound-classification\data\raw\soundwel\IASPIASPMissedNursingMissNurSow13Pig89.wav,other,soundwel
C:\py\pigsound\pig-sound-classification\data\raw\soundwel\IASPIASPMissedNursingMissNurSow27Pig21.wav,other,soundwel
C:\py\pigsound\pig-sound-classification\data\raw\soundwel\IASPIASPMissedNursingMissNurSow27Pig210.wav,other,soundwel
C:\py\pigsound\pig-sound-classification\data\raw\soundwel\IASPIASPMissedNursingMissNurSow27Pig22.wav,other,soundwel
C:\py\pigsound\pig-sound-classification\data\raw\soundwel\IASPIASPMissedNursingMissNurSow27Pig23.wav,other,soundwel
C:\py\pigsound\pig-sound-classification\data\raw\soundwel\IASPIASPMissedNursingMissNurSow27Pig24.wav,other,soundwel
C:\py\pigsound\pig-sound-classification\data\raw\soundwel\IASPIASPMissedNursingMissNurSow27Pig25.wav,other,soundwel
C:\py\pigsound\pig-sound-classification\data\raw\soundwel\IASPIASPMissedNursingMissNurSow27Pig26.wav,other,soundwel
C:\py\pigsound\pig-sound-classification\data\raw\soundwel\IASPIASPMissedNursingMissNurSow27Pig27.wav,other,soundwel
C:\py\pigsound\pig-sound-classification\data\raw\soundwel\IASPIASPMissedNursingMissNurSow27Pig28.wav,other,soundwel
C:\py\pigsound\pig-sound-classification\data\raw\soundwel\IASPIASPMissedNursingMissNurSow27Pig29.wav,other,soundwel
C:\py\pigsound\pig-sound-classification\data\raw\soundwel\IASPIASPMissedNursingMissNurSow84Pig91.wav,other,soundwel
C:\py\pigsound\pig-sound-classification\data\raw\soundwel\IASPIASPMissedNursingMissNurSow84Pig910.wav,other,soundwel
C:\py\pigsound\pig-sound-classification\data\raw\soundwel\IASPIASPMissedNursingMissNurSow84Pig911.wav,other,soundwel
C:\py\pigsound\pig-sound-classification\data\raw\soundwel\IASPIASPMissedNursingMissNurSow84Pig912.wav,other,soundwel
C:\py\pigsound\pig-sound-classification\data\raw\soundwel\IASPIASPMissedNursingMissNurSow84Pig913.wav,other,soundwel
C:\py\pigsound\pig-sound-classification\data\raw\soundwel\IASPIASPMissedNursingMissNurSow84Pig914.wav,other,soundwel
C:\py\pigsound\pig-sound-classification\data\raw\soundwel\IASPIASPMissedNursingMissNurSow84Pig915.wav,other,soundwel
C:\py\pigsound\pig-sound-classification\data\raw\soundwel\IASPIASPMissedNursingMissNurSow84Pig92.wav,other,soundwel
C:\py\pigsound\pig-sound-classification\data\raw\soundwel\IASPIASPMissedNursingMissNurSow84Pig93.wav,other,soundwel
C:\py\pigsound\pig-sound-classification\data\raw\soundwel\IASPIASPMissedNursingMissNurSow84Pig94.wav,other,soundwel
C:\py\pigsound\pig-sound-classification\data\raw\soundwel\IASPIASPMissedNursingMissNurSow84Pig95.wav,other,soundwel
C:\py\pigsound\pig-sound-classification\data\raw\soundwel\IASPIASPMissedNursingMissNurSow84Pig96.wav,other,soundwel
C:\py\pigsound\pig-sound-classification\data\raw\soundwel\IASPIASPMissedNursingMissNurSow84Pig97.wav,other,soundwel
C:\py\pigsound\pig-sound-classification\data\raw\soundwel\IASPIASPMissedNursingMissNurSow84Pig98.wav,other,soundwel
C:\py\pigsound\pig-sound-classification\data\raw\soundwel\IASPIASPMissedNursingMissNurSow84Pig99.wav,other,soundwel
C:\py\pigsound\pig-sound-classification\data\raw\soundwel\IASPIASPReunionReunSow32Pig61.wav,other,soundwel
C:\py\pigsound\pig-sound-classification\data\raw\soundwel\IASPIASPReunionReunSow32Pig610.wav,other,soundwel
C:\py\pigsound\pig-sound-classification\data\raw\soundwel\IASPIASPReunionReunSow32Pig611.wav,other,soundwel
C:\py\pigsound\pig-sound-classification\data\raw\soundwel\IASPIASPReunionReunSow32Pig612.wav,other,soundwel
C:\py\pigsound\pig-sound-classification\data\raw\soundwel\IASPIASPReunionReunSow32Pig613.wav,other,soundwel
C:\py\pigsound\pig-sound-classification\data\raw\soundwel\IASPIASPReunionReunSow32Pig614.wav,other,soundwel
C:\py\pigsound\pig-sound-classification\data\raw\soundwel\IASPIASPReunionReunSow32Pig615.wav,other,soundwel
C:\py\pigsound\pig-sound-classification\data\raw\soundwel\IASPIASPReunionReunSow32Pig616.wav,other,soundwel
C:\py\pigsound\pig-sound-classification\data\raw\soundwel\IASPIASPReunionReunSow32Pig617.wav,other,soundwel
C:\py\pigsound\pig-sound-classification\data\raw\soundwel\IASPIASPReunionReunSow32Pig618.wav,other,soundwel
C:\py\pigsound\pig-sound-classification\data\raw\soundwel\IASPIASPReunionReunSow32Pig619.wav,other,soundwel
C:\py\pigsound\pig-sound-classification\data\raw\soundwel\IASPIASPReunionReunSow32Pig62.wav,other,soundwel
C:\py\pigsound\pig-sound-classification\data\raw\soundwel\IASPIASPReunionReunSow32Pig620.wav,other,soundwel
C:\py\pigsound\pig-sound-classification\data\raw\soundwel\IASPIASPReunionReunSow32Pig621.wav,other,soundwel
C:\py\pigsound\pig-sound-classification\data\raw\soundwel\IASPIASPReunionReunSow32Pig622.wav,other,soundwel
C:\py\pigsound\pig-sound-classification\data\raw\soundwel\IASPIASPReunionReunSow32Pig623.wav,other,soundwel
C:\py\pigsound\pig-sound-classification\data\raw\soundwel\IASPIASPReunionReunSow32Pig624.wav,other,soundwel
C:\py\pigsound\pig-sound-classification\data\raw\soundwel\IASPIASPReunionReunSow32Pig625.wav,other,soundwel
C:\py\pigsound\pig-sound-classification\data\raw\soundwel\IASPIASPReunionReunSow32Pig626.wav,other,soundwel
C:\py\pigsound\pig-sound-classification\data\raw\soundwel\IASPIASPReunionReunSow32Pig63.wav,other,soundwel
C:\py\pigsound\pig-sound-classification\data\raw\soundwel\IASPIASPReunionReunSow32Pig64.wav,other,soundwel
C:\py\pigsound\pig-sound-classification\data\raw\soundwel\IASPIASPReunionReunSow32Pig65.wav,other,soundwel
C:\py\pigsound\pig-sound-classification\data\raw\soundwel\IASPIASPReunionReunSow32Pig66.wav,other,soundwel
C:\py\pigsound\pig-sound-classification\data\raw\soundwel\IASPIASPReunionReunSow32Pig67.wav,other,soundwel
C:\py\pigsound\pig-sound-classification\data\raw\soundwel\IASPIASPReunionReunSow32Pig68.wav,other,soundwel
C:\py\pigsound\pig-sound-classification\data\raw\soundwel\IASPIASPReunionReunSow6Pig111.wav,other,soundwel
C:\py\pigsound\pig-sound-classification\data\raw\soundwel\IASPIASPReunionReunSow6Pig1110.wav,other,soundwel
C:\py\pigsound\pig-sound-classification\data\raw\soundwel\IASPIASPReunionReunSow6Pig1111.wav,other,soundwel
C:\py\pigsound\pig-sound-classification\data\raw\soundwel\IASPIASPReunionReunSow6Pig1112.wav,other,soundwel
C:\py\pigsound\pig-sound-classification\data\raw\soundwel\IASPIASPReunionReunSow6Pig1113.wav,other,soundwel
C:\py\pigsound\pig-sound-classification\data\raw\soundwel\IASPIASPReunionReunSow6Pig1114.wav,other,soundwel
C:\py\pigsound\pig-sound-classification\data\raw\soundwel\IASPIASPReunionReunSow6Pig1115.wav,other,soundwel
C:\py\pigsound\pig-sound-classification\data\raw\soundwel\IASPIASPReunionReunSow6Pig1116.wav,other,soundwel
C:\py\pigsound\pig-sound-classification\data\raw\soundwel\IASPIASPReunionReunSow6Pig1117.wav,other,soundwel
C:\py\pigsound\pig-sound-classification\data\raw\soundwel\IASPIASPReunionReunSow6Pig1118.wav,other,soundwel
C:\py\pigsound\pig-sound-classification\data\raw\soundwel\IASPIASPReunionReunSow6Pig1119.wav,other,soundwel
C:\py\pigsound\pig-sound-classification\data\raw\soundwel\IASPIASPReunionReunSow6Pig112.wav,other,soundwel
C:\py\pigsound\pig-sound-classification\data\raw\soundwel\IASPIASPReunionReunSow6Pig1120.wav,other,soundwel
C:\py\pigsound\pig-sound-classification\data\raw\soundwel\IASPIASPReunionReunSow6Pig113.wav,other,soundwel
C:\py\pigsound\pig-sound-classification\data\raw\soundwel\IASPIASPReunionReunSow6Pig114.wav,other,soundwel
C:\py\pigsound\pig-sound-classification\data\raw\soundwel\IASPIASPReunionReunSow6Pig115.wav,other,soundwel
C:\py\pigsound\pig-sound-classification\data\raw\soundwel\IASPIASPReunionReunSow6Pig116.wav,other,soundwel
C:\py\pigsound\pig-sound-classification\data\raw\soundwel\IASPIASPReunionReunSow6Pig117.wav,other,soundwel
C:\py\pigsound\pig-sound-classification\data\raw\soundwel\IASPIASPReunionReunSow6Pig118.wav,other,soundwel
C:\py\pigsound\pig-sound-classification\data\raw\soundwel\IASPIASPReunionReunSow6Pig119.wav,other,soundwel
C:\py\pigsound\pig-sound-classification\data\raw\soundwel\IASPIASPReunionReunSow6Pig151.wav,other,soundwel
C:\py\pigsound\pig-sound-classification\data\raw\soundwel\IASPIASPReunionReunSow6Pig1510.wav,other,soundwel
C:\py\pigsound\pig-sound-classification\data\raw\soundwel\IASPIASPReunionReunSow6Pig1511.wav,other,soundwel
C:\py\pigsound\pig-sound-classification\data\raw\soundwel\IASPIASPReunionReunSow6Pig1512.wav,other,soundwel
C:\py\pigsound\pig-sound-classification\data\raw\soundwel\IASPIASPReunionReunSow6Pig1513.wav,other,soundwel
C:\py\pigsound\pig-sound-classification\data\raw\soundwel\IASPIASPReunionReunSow6Pig1514.wav,other,soundwel
C:\py\pigsound\pig-sound-classification\data\raw\soundwel\IASPIASPReunionReunSow6Pig1515.wav,other,soundwel
C:\py\pigsound\pig-sound-classification\data\raw\soundwel\IASPIASPReunionReunSow6Pig1516.wav,other,soundwel
C:\py\pigsound\pig-sound-classification\data\raw\soundwel\IASPIASPReunionReunSow6Pig1517.wav,other,soundwel
C:\py\pigsound\pig-sound-classification\data\raw\soundwel\IASPIASPReunionReunSow6Pig1518.wav,other,soundwel
C:\py\pigsound\pig-sound-classification\data\raw\soundwel\IASPIASPReunionReunSow6Pig152.wav,other,soundwel
C:\py\pigsound\pig-sound-classification\data\raw\soundwel\IASPIASPReunionReunSow6Pig153.wav,other,soundwel
C:\py\pigsound\pig-sound-classification\data\raw\soundwel\IASPIASPReunionReunSow6Pig154.wav,other,soundwel
C:\py\pigsound\pig-sound-classification\data\raw\soundwel\IASPIASPReunionReunSow6Pig155.wav,other,soundwel
C:\py\pigsound\pig-sound-classification\data\raw\soundwel\IASPIASPReunionReunSow6Pig156.wav,other,soundwel
C:\py\pigsound\pig-sound-classification\data\raw\soundwel\IASPIASPReunionReunSow6Pig157.wav,other,soundwel
C:\py\pigsound\pig-sound-classification\data\raw\soundwel\IASPIASPReunionReunSow6Pig158.wav,other,soundwel
C:\py\pigsound\pig-sound-classification\data\raw\soundwel\IASPIASPReunionReunSow6Pig159.wav,other,soundwel
C:\py\pigsound\pig-sound-classification\data\raw\soundwel\IASPIASPReunionReunSow6Pig41.wav,other,soundwel
C:\py\pigsound\pig-sound-classification\data\raw\soundwel\IASPIASPReunionReunSow6Pig411.wav,other,soundwel
C:\py\pigsound\pig-sound-classification\data\raw\soundwel\IASPIASPReunionReunSow6Pig412.wav,other,soundwel
C:\py\pigsound\pig-sound-classification\data\raw\soundwel\IASPIASPReunionReunSow6Pig413.wav,other,soundwel
C:\py\pigsound\pig-sound-classification\data\raw\soundwel\IASPIASPReunionReunSow6Pig414.wav,other,soundwel
C:\py\pigsound\pig-sound-classification\data\raw\soundwel\IASPIASPReunionReunSow6Pig415.wav,other,soundwel
C:\py\pigsound\pig-sound-classification\data\raw\soundwel\IASPIASPReunionReunSow6Pig416.wav,other,soundwel
C:\py\pigsound\pig-sound-classification\data\raw\soundwel\IASPIASPReunionReunSow6Pig417.wav,other,soundwel
C:\py\pigsound\pig-sound-classification\data\raw\soundwel\IASPIASPReunionReunSow6Pig418.wav,other,soundwel
C:\py\pigsound\pig-sound-classification\data\raw\soundwel\IASPIASPReunionReunSow6Pig43.wav,other,soundwel
C:\py\pigsound\pig-sound-classification\data\raw\soundwel\IASPIASPReunionReunSow6Pig44.wav,other,soundwel
C:\py\pigsound\pig-sound-classification\data\raw\soundwel\IASPIASPReunionReunSow6Pig45.wav,other,soundwel
C:\py\pigsound\pig-sound-classification\data\raw\soundwel\IASPIASPReunionReunSow6Pig46.wav,other,soundwel
C:\py\pigsound\pig-sound-classification\data\raw\soundwel\IASPIASPReunionReunSow6Pig47.wav,other,soundwel
C:\py\pigsound\pig-sound-classification\data\raw\soundwel\IASPIASPReunionReunSow6Pig48.wav,other,soundwel
C:\py\pigsound\pig-sound-classification\data\raw\soundwel\IASPIASPReunionReunSow6Pig49.wav,other,soundwel
C:\py\pigsound\pig-sound-classification\data\raw\soundwel\IASPIASPReunionReunSow6Pig51.wav,other,soundwel
C:\py\pigsound\pig-sound-classification\data\raw\soundwel\IASPIASPReunionReunSow6Pig510.wav,other,soundwel
C:\py\pigsound\pig-sound-classification\data\raw\soundwel\IASPIASPReunionReunSow6Pig511.wav,other,soundwel
C:\py\pigsound\pig-sound-classification\data\raw\soundwel\IASPIASPReunionReunSow6Pig512.wav,other,soundwel
C:\py\pigsound\pig-sound-classification\data\raw\soundwel\IASPIASPReunionReunSow6Pig513.wav,other,soundwel
C:\py\pigsound\pig-sound-classification\data\raw\soundwel\IASPIASPReunionReunSow6Pig515.wav,other,soundwel
C:\py\pigsound\pig-sound-classification\data\raw\soundwel\IASPIASPReunionReunSow6Pig516.wav,other,soundwel
C:\py\pigsound\pig-sound-classification\data\raw\soundwel\IASPIASPReunionReunSow6Pig517.wav,other,soundwel
C:\py\pigsound\pig-sound-classification\data\raw\soundwel\IASPIASPReunionReunSow6Pig518.wav,other,soundwel
C:\py\pigsound\pig-sound-classification\data\raw\soundwel\IASPIASPReunionReunSow6Pig519.wav,other,soundwel
C:\py\pigsound\pig-sound-classification\data\raw\soundwel\IASPIASPReunionReunSow6Pig52.wav,other,soundwel
C:\py\pigsound\pig-sound-classification\data\raw\soundwel\IASPIASPReunionReunSow6Pig520.wav,other,soundwel
C:\py\pigsound\pig-sound-classification\data\raw\soundwel\IASPIASPReunionReunSow6Pig521.wav,other,soundwel
C:\py\pigsound\pig-sound-classification\data\raw\soundwel\IASPIASPReunionReunSow6Pig522.wav,other,soundwel
C:\py\pigsound\pig-sound-classification\data\raw\soundwel\IASPIASPReunionReunSow6Pig523.wav,other,soundwel
C:\py\pigsound\pig-sound-classification\data\raw\soundwel\IASPIASPReunionReunSow6Pig524.wav,other,soundwel
C:\py\pigsound\pig-sound-classification\data\raw\soundwel\IASPIASPReunionReunSow6Pig525.wav,other,soundwel
C:\py\pigsound\pig-sound-classification\data\raw\soundwel\IASPIASPReunionReunSow6Pig526.wav,other,soundwel
C:\py\pigsound\pig-sound-classification\data\raw\soundwel\IASPIASPReunionReunSow6Pig527.wav,other,soundwel
C:\py\pigsound\pig-sound-classification\data\raw\soundwel\IASPIASPReunionReunSow6Pig528.wav,other,soundwel
C:\py\pigsound\pig-sound-classification\data\raw\soundwel\IASPIASPReunionReunSow6Pig529.wav,other,soundwel
C:\py\pigsound\pig-sound-classification\data\raw\soundwel\IASPIASPReunionReunSow6Pig53.wav,other,soundwel
C:\py\pigsound\pig-sound-classification\data\raw\soundwel\IASPIASPReunionReunSow6Pig530.wav,other,soundwel
C:\py\pigsound\pig-sound-classification\data\raw\soundwel\IASPIASPReunionReunSow6Pig54.wav,other,soundwel
C:\py\pigsound\pig-sound-classification\data\raw\soundwel\IASPIASPReunionReunSow6Pig55.wav,other,soundwel
C:\py\pigsound\pig-sound-classification\data\raw\soundwel\IASPIASPReunionReunSow6Pig56.wav,other,soundwel
C:\py\pigsound\pig-sound-classification\data\raw\soundwel\IASPIASPReunionReunSow6Pig57.wav,other,soundwel
C:\py\pigsound\pig-sound-classification\data\raw\soundwel\IASPIASPReunionReunSow6Pig58.wav,other,soundwel
C:\py\pigsound\pig-sound-classification\data\raw\soundwel\IASPIASPReunionReunSow6Pig59.wav,other,soundwel
C:\py\pigsound\pig-sound-classification\data\raw\soundwel\IASPIASPReunionReunSow6Pig710.wav,other,soundwel
C:\py\pigsound\pig-sound-classification\data\raw\soundwel\IASPIASPReunionReunSow6Pig711.wav,other,soundwel
C:\py\pigsound\pig-sound-classification\data\raw\soundwel\IASPIASPReunionReunSow6Pig712.wav,other,soundwel
C:\py\pigsound\pig-sound-classification\data\raw\soundwel\IASPIASPReunionReunSow6Pig713.wav,other,soundwel
C:\py\pigsound\pig-sound-classification\data\raw\soundwel\IASPIASPReunionReunSow6Pig714.wav,other,soundwel
C:\py\pigsound\pig-sound-classification\data\raw\soundwel\IASPIASPReunionReunSow6Pig715.wav,other,soundwel
C:\py\pigsound\pig-sound-classification\data\raw\soundwel\IASPIASPReunionReunSow6Pig716.wav,other,soundwel
C:\py\pigsound\pig-sound-classification\data\raw\soundwel\IASPIASPReunionReunSow6Pig717.wav,other,soundwel
C:\py\pigsound\pig-sound-classification\data\raw\soundwel\IASPIASPReunionReunSow6Pig718.wav,other,soundwel
C:\py\pigsound\pig-sound-classification\data\raw\soundwel\IASPIASPReunionReunSow6Pig719.wav,other,soundwel
C:\py\pigsound\pig-sound-classification\data\raw\soundwel\IASPIASPReunionReunSow6Pig78.wav,other,soundwel
C:\py\pigsound\pig-sound-classification\data\raw\soundwel\IASPIASPReunionReunSow6Pig79.wav,other,soundwel
C:\py\pigsound\pig-sound-classification\data\raw\soundwel\IASPIASPReunionReunSow8Pig141.wav,other,soundwel
C:\py\pigsound\pig-sound-classification\data\raw\soundwel\IASPIASPReunionReunSow8Pig1411.wav,other,soundwel
C:\py\pigsound\pig-sound-classification\data\raw\soundwel\IASPIASPReunionReunSow8Pig1412.wav,other,soundwel
C:\py\pigsound\pig-sound-classification\data\raw\soundwel\IASPIASPReunionReunSow8Pig1414.wav,other,soundwel
C:\py\pigsound\pig-sound-classification\data\raw\soundwel\IASPIASPReunionReunSow8Pig1415.wav,other,soundwel
C:\py\pigsound\pig-sound-classification\data\raw\soundwel\IASPIASPReunionReunSow8Pig1418.wav,other,soundwel
C:\py\pigsound\pig-sound-classification\data\raw\soundwel\IASPIASPReunionReunSow8Pig142.wav,other,soundwel
C:\py\pigsound\pig-sound-classification\data\raw\soundwel\IASPIASPReunionReunSow8Pig1421.wav,other,soundwel
C:\py\pigsound\pig-sound-classification\data\raw\soundwel\IASPIASPReunionReunSow8Pig1422.wav,other,soundwel
C:\py\pigsound\pig-sound-classification\data\raw\soundwel\IASPIASPReunionReunSow8Pig1423.wav,other,soundwel
C:\py\pigsound\pig-sound-classification\data\raw\soundwel\IASPIASPReunionReunSow8Pig1424.wav,other,soundwel
C:\py\pigsound\pig-sound-classification\data\raw\soundwel\IASPIASPReunionReunSow8Pig1427.wav,other,soundwel
C:\py\pigsound\pig-sound-classification\data\raw\soundwel\IASPIASPReunionReunSow8Pig1428.wav,other,soundwel
C:\py\pigsound\pig-sound-classification\data\raw\soundwel\IASPIASPReunionReunSow8Pig143.wav,other,soundwel
C:\py\pigsound\pig-sound-classification\data\raw\soundwel\IASPIASPReunionReunSow8Pig1431.wav,other,soundwel
C:\py\pigsound\pig-sound-classification\data\raw\soundwel\IASPIASPReunionReunSow8Pig144.wav,other,soundwel
C:\py\pigsound\pig-sound-classification\data\raw\soundwel\IASPIASPReunionReunSow8Pig145.wav,other,soundwel
C:\py\pigsound\pig-sound-classification\data\raw\soundwel\IASPIASPReunionReunSow8Pig146.wav,other,soundwel
C:\py\pigsound\pig-sound-classification\data\raw\soundwel\IASPIASPReunionReunSow8Pig148.wav,other,soundwel
C:\py\pigsound\pig-sound-classification\data\raw\soundwel\IASPIASPReunionReunSow8Pig149.wav,other,soundwel
C:\py\pigsound\pig-sound-classification\data\raw\soundwel\IASPIASPReunionReunSow92Pig110.wav,other,soundwel
C:\py\pigsound\pig-sound-classification\data\raw\soundwel\IASPIASPReunionReunSow92Pig12.wav,other,soundwel
C:\py\pigsound\pig-sound-classification\data\raw\soundwel\IASPIASPReunionReunSow92Pig16.wav,other,soundwel
C:\py\pigsound\pig-sound-classification\data\raw\soundwel\IASPIASPReunionReunSow92Pig18.wav,other,soundwel
C:\py\pigsound\pig-sound-classification\data\raw\soundwel\IASPIASPReunionReunSow92Pig19.wav,other,soundwel
C:\py\pigsound\pig-sound-classification\data\raw\soundwel\IASPIASPReunionReunSow92Pig61.wav,other,soundwel
C:\py\pigsound\pig-sound-classification\data\raw\soundwel\IASPIASPReunionReunSow92Pig611.wav,other,soundwel
C:\py\pigsound\pig-sound-classification\data\raw\soundwel\IASPIASPReunionReunSow92Pig612.wav,other,soundwel
C:\py\pigsound\pig-sound-classification\data\raw\soundwel\IASPIASPReunionReunSow92Pig613.wav,other,soundwel
C:\py\pigsound\pig-sound-classification\data\raw\soundwel\IASPIASPReunionReunSow92Pig614.wav,other,soundwel
C:\py\pigsound\pig-sound-classification\data\raw\soundwel\IASPIASPReunionReunSow92Pig616.wav,other,soundwel
C:\py\pigsound\pig-sound-classification\data\raw\soundwel\IASPIASPReunionReunSow92Pig617.wav,other,soundwel
C:\py\pigsound\pig-sound-classification\data\raw\soundwel\IASPIASPReunionReunSow92Pig618.wav,other,soundwel
C:\py\pigsound\pig-sound-classification\data\raw\soundwel\IASPIASPReunionReunSow92Pig619.wav,other,soundwel
C:\py\pigsound\pig-sound-classification\data\raw\soundwel\IASPIASPReunionReunSow92Pig62.wav,other,soundwel
C:\py\pigsound\pig-sound-classification\data\raw\soundwel\IASPIASPReunionReunSow92Pig621.wav,other,soundwel
C:\py\pigsound\pig-sound-classification\data\raw\soundwel\IASPIASPReunionReunSow92Pig622.wav,other,soundwel
C:\py\pigsound\pig-sound-classification\data\raw\soundwel\IASPIASPReunionReunSow92Pig624.wav,other,soundwel
C:\py\pigsound\pig-sound-classification\data\raw\soundwel\IASPIASPReunionReunSow92Pig626.wav,other,soundwel
C:\py\pigsound\pig-sound-classification\data\raw\soundwel\IASPIASPReunionReunSow92Pig627.wav,other,soundwel
C:\py\pigsound\pig-sound-classification\data\raw\soundwel\IASPIASPReunionReunSow92Pig63.wav,other,soundwel
C:\py\pigsound\pig-sound-classification\data\raw\soundwel\IASPIASPReunionReunSow92Pig631.wav,other,soundwel
C:\py\pigsound\pig-sound-classification\data\raw\soundwel\IASPIASPReunionReunSow92Pig632.wav,other,soundwel
C:\py\pigsound\pig-sound-classification\data\raw\soundwel\IASPIASPReunionReunSow92Pig633.wav,other,soundwel
C:\py\pigsound\pig-sound-classification\data\raw\soundwel\IASPIASPReunionReunSow92Pig634.wav,other,soundwel
C:\py\pigsound\pig-sound-classification\data\raw\soundwel\IASPIASPReunionReunSow92Pig635.wav,other,soundwel
C:\py\pigsound\pig-sound-classification\data\raw\soundwel\IASPIASPReunionReunSow92Pig637.wav,other,soundwel
C:\py\pigsound\pig-sound-classification\data\raw\soundwel\IASPIASPReunionReunSow92Pig638.wav,other,soundwel
C:\py\pigsound\pig-sound-classification\data\raw\soundwel\IASPIASPReunionReunSow92Pig639.wav,other,soundwel
C:\py\pigsound\pig-sound-classification\data\raw\soundwel\IASPIASPReunionReunSow92Pig64.wav,other,soundwel
C:\py\pigsound\pig-sound-classification\data\raw\soundwel\IASPIASPReunionReunSow92Pig640.wav,other,soundwel
C:\py\pigsound\pig-sound-classification\data\raw\soundwel\IASPIASPReunionReunSow92Pig641.wav,other,soundwel
C:\py\pigsound\pig-sound-classification\data\raw\soundwel\IASPIASPReunionReunSow92Pig642.wav,other,soundwel
C:\py\pigsound\pig-sound-classification\data\raw\soundwel\IASPIASPReunionReunSow92Pig643.wav,other,soundwel
C:\py\pigsound\pig-sound-classification\data\raw\soundwel\IASPIASPReunionReunSow92Pig644.wav,other,soundwel
C:\py\pigsound\pig-sound-classification\data\raw\soundwel\IASPIASPReunionReunSow92Pig645.wav,other,soundwel
C:\py\pigsound\pig-sound-classification\data\raw\soundwel\IASPIASPReunionReunSow92Pig646.wav,other,soundwel
C:\py\pigsound\pig-sound-classification\data\raw\soundwel\IASPIASPReunionReunSow92Pig647.wav,other,soundwel
C:\py\pigsound\pig-sound-classification\data\raw\soundwel\IASPIASPReunionReunSow92Pig649.wav,other,soundwel
C:\py\pigsound\pig-sound-classification\data\raw\soundwel\IASPIASPReunionReunSow92Pig65.wav,other,soundwel
C:\py\pigsound\pig-sound-classification\data\raw\soundwel\IASPIASPReunionReunSow92Pig650.wav,other,soundwel
C:\py\pigsound\pig-sound-classification\data\raw\soundwel\IASPIASPReunionReunSow92Pig652.wav,other,soundwel
C:\py\pigsound\pig-sound-classification\data\raw\soundwel\IASPIASPReunionReunSow92Pig654.wav,other,soundwel
C:\py\pigsound\pig-sound-classification\data\raw\soundwel\IASPIASPReunionReunSow92Pig655.wav,other,soundwel
C:\py\pigsound\pig-sound-classification\data\raw\soundwel\IASPIASPReunionReunSow92Pig66.wav,other,soundwel
C:\py\pigsound\pig-sound-classification\data\raw\soundwel\IASPIASPReunionReunSow92Pig67.wav,other,soundwel
C:\py\pigsound\pig-sound-classification\data\raw\soundwel\IASPIASPReunionReunSow92Pig69.wav,other,soundwel
C:\py\pigsound\pig-sound-classification\data\raw\soundwel\IASPIASPReunionReunSow92Pig710.wav,other,soundwel
C:\py\pigsound\pig-sound-classification\data\raw\soundwel\IASPIASPReunionReunSow92Pig711.wav,other,soundwel
C:\py\pigsound\pig-sound-classification\data\raw\soundwel\IASPIASPReunionReunSow92Pig73.wav,other,soundwel
C:\py\pigsound\pig-sound-classification\data\raw\soundwel\IASPIASPReunionReunSow92Pig74.wav,other,soundwel
C:\py\pigsound\pig-sound-classification\data\raw\soundwel\IASPIASPReunionReunSow92Pig75.wav,other,soundwel
C:\py\pigsound\pig-sound-classification\data\raw\soundwel\IASPIASPReunionReunSow92Pig76.wav,other,soundwel
C:\py\pigsound\pig-sound-classification\data\raw\soundwel\IASPIASPReunionReunSow92Pig77.wav,other,soundwel
C:\py\pigsound\pig-sound-classification\data\raw\soundwel\IASPIASPReunionReunSow92Pig78.wav,other,soundwel
C:\py\pigsound\pig-sound-classification\data\raw\soundwel\IASPIASPReunionReunSow98Pig121.wav,other,soundwel
C:\py\pigsound\pig-sound-classification\data\raw\soundwel\IASPIASPReunionReunSow98Pig1210.wav,other,soundwel
C:\py\pigsound\pig-sound-classification\data\raw\soundwel\IASPIASPReunionReunSow98Pig1212.wav,other,soundwel
C:\py\pigsound\pig-sound-classification\data\raw\soundwel\IASPIASPReunionReunSow98Pig1215.wav,other,soundwel
C:\py\pigsound\pig-sound-classification\data\raw\soundwel\IASPIASPReunionReunSow98Pig1216.wav,other,soundwel
C:\py\pigsound\pig-sound-classification\data\raw\soundwel\IASPIASPReunionReunSow98Pig1217.wav,other,soundwel
C:\py\pigsound\pig-sound-classification\data\raw\soundwel\IASPIASPReunionReunSow98Pig1218.wav,other,soundwel
C:\py\pigsound\pig-sound-classification\data\raw\soundwel\IASPIASPReunionReunSow98Pig122.wav,other,soundwel
C:\py\pigsound\pig-sound-classification\data\raw\soundwel\IASPIASPReunionReunSow98Pig1220.wav,other,soundwel
C:\py\pigsound\pig-sound-classification\data\raw\soundwel\IASPIASPReunionReunSow98Pig1221.wav,other,soundwel
C:\py\pigsound\pig-sound-classification\data\raw\soundwel\IASPIASPReunionReunSow98Pig1224.wav,other,soundwel
C:\py\pigsound\pig-sound-classification\data\raw\soundwel\IASPIASPReunionReunSow98Pig123.wav,other,soundwel
C:\py\pigsound\pig-sound-classification\data\raw\soundwel\IASPIASPReunionReunSow98Pig124.wav,other,soundwel
C:\py\pigsound\pig-sound-classification\data\raw\soundwel\IASPIASPReunionReunSow98Pig125.wav,other,soundwel
C:\py\pigsound\pig-sound-classification\data\raw\soundwel\IASPIASPReunionReunSow98Pig126.wav,other,soundwel
C:\py\pigsound\pig-sound-classification\data\raw\soundwel\IASPIASPReunionReunSow98Pig127.wav,other,soundwel
C:\py\pigsound\pig-sound-classification\data\raw\soundwel\IASPIASPReunionReunSow98Pig128.wav,other,soundwel
C:\py\pigsound\pig-sound-classification\data\raw\soundwel\IASPIASPReunionReunSow98Pig129.wav,other,soundwel
C:\py\pigsound\pig-sound-classification\data\raw\soundwel\IASPIASPReunionReunSow98Pig21.wav,other,soundwel
C:\py\pigsound\pig-sound-classification\data\raw\soundwel\IASPIASPReunionReunSow98Pig210.wav,other,soundwel
C:\py\pigsound\pig-sound-classification\data\raw\soundwel\IASPIASPReunionReunSow98Pig211.wav,other,soundwel
C:\py\pigsound\pig-sound-classification\data\raw\soundwel\IASPIASPReunionReunSow98Pig22.wav,other,soundwel
C:\py\pigsound\pig-sound-classification\data\raw\soundwel\IASPIASPReunionReunSow98Pig23.wav,other,soundwel
C:\py\pigsound\pig-sound-classification\data\raw\soundwel\IASPIASPReunionReunSow98Pig24.wav,other,soundwel
C:\py\pigsound\pig-sound-classification\data\raw\soundwel\IASPIASPReunionReunSow98Pig25.wav,other,soundwel
C:\py\pigsound\pig-sound-classification\data\raw\soundwel\IASPIASPReunionReunSow98Pig26.wav,other,soundwel
C:\py\pigsound\pig-sound-classification\data\raw\soundwel\IASPIASPReunionReunSow98Pig27.wav,other,soundwel
C:\py\pigsound\pig-sound-classification\data\raw\soundwel\IASPIASPReunionReunSow98Pig28.wav,other,soundwel
C:\py\pigsound\pig-sound-classification\data\raw\soundwel\IASPIASPReunionReunSow98Pig29.wav,other,soundwel
C:\py\pigsound\pig-sound-classification\data\raw\soundwel\IASPIASPReunionReunSow98Pig81.wav,other,soundwel
C:\py\pigsound\pig-sound-classification\data\raw\soundwel\IASPIASPReunionReunSow98Pig810.wav,other,soundwel
C:\py\pigsound\pig-sound-classification\data\raw\soundwel\IASPIASPReunionReunSow98Pig811.wav,other,soundwel
C:\py\pigsound\pig-sound-classification\data\raw\soundwel\IASPIASPReunionReunSow98Pig812.wav,other,soundwel
C:\py\pigsound\pig-sound-classification\data\raw\soundwel\IASPIASPReunionReunSow98Pig813.wav,other,soundwel
C:\py\pigsound\pig-sound-classification\data\raw\soundwel\IASPIASPReunionReunSow98Pig814.wav,other,soundwel
C:\py\pigsound\pig-sound-classification\data\raw\soundwel\IASPIASPReunionReunSow98Pig815.wav,other,soundwel
C:\py\pigsound\pig-sound-classification\data\raw\soundwel\IASPIASPReunionReunSow98Pig816.wav,other,soundwel
C:\py\pigsound\pig-sound-classification\data\raw\soundwel\IASPIASPReunionReunSow98Pig817.wav,other,soundwel
C:\py\pigsound\pig-sound-classification\data\raw\soundwel\IASPIASPReunionReunSow98Pig818.wav,other,soundwel
C:\py\pigsound\pig-sound-classification\data\raw\soundwel\IASPIASPReunionReunSow98Pig819.wav,other,soundwel
C:\py\pigsound\pig-sound-classification\data\raw\soundwel\IASPIASPReunionReunSow98Pig82.wav,other,soundwel
C:\py\pigsound\pig-sound-classification\data\raw\soundwel\IASPIASPReunionReunSow98Pig820.wav,other,soundwel
C:\py\pigsound\pig-sound-classification\data\raw\soundwel\IASPIASPReunionReunSow98Pig821.wav,other,soundwel
C:\py\pigsound\pig-sound-classification\data\raw\soundwel\IASPIASPReunionReunSow98Pig822.wav,other,soundwel
C:\py\pigsound\pig-sound-classification\data\raw\soundwel\IASPIASPReunionReunSow98Pig823.wav,other,soundwel
C:\py\pigsound\pig-sound-classification\data\raw\soundwel\IASPIASPReunionReunSow98Pig824.wav,other,soundwel
C:\py\pigsound\pig-sound-classification\data\raw\soundwel\IASPIASPReunionReunSow98Pig83.wav,other,soundwel
C:\py\pigsound\pig-sound-classification\data\raw\soundwel\IASPIASPReunionReunSow98Pig84.wav,other,soundwel
C:\py\pigsound\pig-sound-classification\data\raw\soundwel\IASPIASPReunionReunSow98Pig85.wav,other,soundwel
C:\py\pigsound\pig-sound-classification\data\raw\soundwel\IASPIASPReunionReunSow98Pig86.wav,other,soundwel
C:\py\pigsound\pig-sound-classification\data\raw\soundwel\IASPIASPReunionReunSow98Pig87.wav,other,soundwel
C:\py\pigsound\pig-sound-classification\data\raw\soundwel\IASPIASPReunionReunSow98Pig88.wav,other,soundwel
C:\py\pigsound\pig-sound-classification\data\raw\soundwel\IASPIASPReunionReunSow98Pig89.wav,other,soundwel
C:\py\pigsound\pig-sound-classification\data\raw\soundwel\IASPIASPShamCuts02p04shamcut001.wav,other,soundwel
C:\py\pigsound\pig-sound-classification\data\raw\soundwel\IASPIASPShamCuts02p04shamcut002.wav,other,soundwel
C:\py\pigsound\pig-sound-classification\data\raw\soundwel\IASPIASPShamCuts02p04shamcut003.wav,other,soundwel
C:\py\pigsound\pig-sound-classification\data\raw\soundwel\IASPIASPShamCuts02p04shamcut004.wav,other,soundwel
C:\py\pigsound\pig-sound-classification\data\raw\soundwel\IASPIASPShamCuts02p04shamcut005.wav,other,soundwel
C:\py\pigsound\pig-sound-classification\data\raw\soundwel\IASPIASPShamCuts08p05shamcut001.wav,other,soundwel
C:\py\pigsound\pig-sound-classification\data\raw\soundwel\IASPIASPShamCuts08p05shamcut002.wav,other,soundwel
C:\py\pigsound\pig-sound-classification\data\raw\soundwel\IASPIASPShamCuts08p05shamcut003.wav,other,soundwel
C:\py\pigsound\pig-sound-classification\data\raw\soundwel\IASPIASPShamCuts08p05shamcut004.wav,other,soundwel
C:\py\pigsound\pig-sound-classification\data\raw\soundwel\IASPIASPShamCuts08p05shamcut005.wav,other,soundwel
C:\py\pigsound\pig-sound-classification\data\raw\soundwel\IASPIASPShamCuts08p05shamcut006.wav,other,soundwel
C:\py\pigsound\pig-sound-classification\data\raw\soundwel\IASPIASPShamCuts19p03shamcut001.wav,other,soundwel
C:\py\pigsound\pig-sound-classification\data\raw\soundwel\IASPIASPShamCuts19p03shamcut002.wav,other,soundwel
C:\py\pigsound\pig-sound-classification\data\raw\soundwel\IASPIASPShamCuts19p03shamcut003.wav,other,soundwel
C:\py\pigsound\pig-sound-classification\data\raw\soundwel\IASPIASPShamCuts19p03shamcut004.wav,other,soundwel
C:\py\pigsound\pig-sound-classification\data\raw\soundwel\IASPIASPShamCuts19p03shamcut005.wav,other,soundwel
C:\py\pigsound\pig-sound-classification\data\raw\soundwel\IASPIASPShamCuts19p04shamcut001.wav,other,soundwel
C:\py\pigsound\pig-sound-classification\data\raw\soundwel\IASPIASPShamCuts36p03shamcut001.wav,other,soundwel
C:\py\pigsound\pig-sound-classification\data\raw\soundwel\IASPIASPShamCuts41p02shamcut001.wav,other,soundwel
C:\py\pigsound\pig-sound-classification\data\raw\soundwel\IASPIASPShamCuts41p02shamcut002.wav,other,soundwel
C:\py\pigsound\pig-sound-classification\data\raw\soundwel\IASPIASPShamCuts41p02shamcut003.wav,other,soundwel
C:\py\pigsound\pig-sound-classification\data\raw\soundwel\IASPIASPShamCuts41p02shamcut004.wav,other,soundwel
C:\py\pigsound\pig-sound-classification\data\raw\soundwel\IASPIASPShamCuts41p02shamcut005.wav,other,soundwel
C:\py\pigsound\pig-sound-classification\data\raw\soundwel\IASPIASPShamCuts47p04shamcut001.wav,other,soundwel
C:\py\pigsound\pig-sound-classification\data\raw\soundwel\IASPIASPShamCuts47p04shamcut002.wav,other,soundwel
C:\py\pigsound\pig-sound-classification\data\raw\soundwel\IASPIASPShamCuts47p04shamcut003.wav,other,soundwel
C:\py\pigsound\pig-sound-classification\data\raw\soundwel\IASPIASPShamCuts47p04shamcut004.wav,other,soundwel
C:\py\pigsound\pig-sound-classification\data\raw\soundwel\IASPIASPShamCuts47p04shamcut005.wav,other,soundwel
C:\py\pigsound\pig-sound-classification\data\raw\soundwel\IASPIASPShamCuts47p04shamcut006.wav,other,soundwel
C:\py\pigsound\pig-sound-classification\data\raw\soundwel\IASPIASPShamCuts47p04shamcut007.wav,other,soundwel
C:\py\pigsound\pig-sound-classification\data\raw\soundwel\IASPIASPShamCuts47p04shamcut008.wav,other,soundwel
C:\py\pigsound\pig-sound-classification\data\raw\soundwel\IASPIASPShamCuts47p04shamcut009.wav,other,soundwel
C:\py\pigsound\pig-sound-classification\data\raw\soundwel\IASPIASPShamCuts47p04shamcut010.wav,other,soundwel
C:\py\pigsound\pig-sound-classification\data\raw\soundwel\IASPIASPShamCuts47p04shamcut011.wav,other,soundwel
C:\py\pigsound\pig-sound-classification\data\raw\soundwel\IASPIASPShamCuts47p04shamcut012.wav,other,soundwel
C:\py\pigsound\pig-sound-classification\data\raw\soundwel\IASPIASPShamCuts47p04shamcut013.wav,other,soundwel
C:\py\pigsound\pig-sound-classification\data\raw\soundwel\IASPIASPShamCuts47p08shamcut001.wav,other,soundwel
C:\py\pigsound\pig-sound-classification\data\raw\soundwel\IASPIASPShamCuts47p08shamcut002.wav,other,soundwel
C:\py\pigsound\pig-sound-classification\data\raw\soundwel\IASPIASPShamCuts47p08shamcut003.wav,other,soundwel
C:\py\pigsound\pig-sound-classification\data\raw\soundwel\IASPIASPShamCuts47p08shamcut004.wav,other,soundwel
C:\py\pigsound\pig-sound-classification\data\raw\soundwel\IASPIASPShamCuts47p08shamcut005.wav,other,soundwel
C:\py\pigsound\pig-sound-classification\data\raw\soundwel\IASPIASPShamCuts47p08shamcut006.wav,other,soundwel
C:\py\pigsound\pig-sound-classification\data\raw\soundwel\IASPIASPShamCuts47p08shamcut007.wav,other,soundwel
C:\py\pigsound\pig-sound-classification\data\raw\soundwel\IASPIASPShamCuts47p08shamcut008.wav,other,soundwel
C:\py\pigsound\pig-sound-classification\data\raw\soundwel\IASPIASPShamCuts48p09shamcut001.wav,other,soundwel
C:\py\pigsound\pig-sound-classification\data\raw\soundwel\IASPIASPShamCuts48p09shamcut002.wav,other,soundwel
C:\py\pigsound\pig-sound-classification\data\raw\soundwel\IASPIASPShamCuts48p09shamcut003.wav,other,soundwel
C:\py\pigsound\pig-sound-classification\data\raw\soundwel\IASPIASPShamCuts48p09shamcut004.wav,other,soundwel
C:\py\pigsound\pig-sound-classification\data\raw\soundwel\IASPIASPShamCuts48p09shamcut005.wav,other,soundwel
C:\py\pigsound\pig-sound-classification\data\raw\soundwel\IASPIASPShamCuts48p09shamcut006.wav,other,soundwel
C:\py\pigsound\pig-sound-classification\data\raw\soundwel\IASPIASPShamCuts48p09shamcut007.wav,other,soundwel
C:\py\pigsound\pig-sound-classification\data\raw\soundwel\IASPIASPShamCuts48p09shamcut008.wav,other,soundwel
C:\py\pigsound\pig-sound-classification\data\raw\soundwel\IASPIASPShamCuts48p09shamcut009.wav,other,soundwel
C:\py\pigsound\pig-sound-classification\data\raw\soundwel\IASPIASPShamCuts48p09shamcut010.wav,other,soundwel
C:\py\pigsound\pig-sound-classification\data\raw\soundwel\IASPIASPShamCuts48p09shamcut011.wav,other,soundwel
C:\py\pigsound\pig-sound-classification\data\raw\soundwel\IASPIASPShamCuts48p09shamcut012.wav,other,soundwel
C:\py\pigsound\pig-sound-classification\data\raw\soundwel\IASPIASPShamCuts48p11shamcut001.wav,other,soundwel
C:\py\pigsound\pig-sound-classification\data\raw\soundwel\IASPIASPShamCuts48p11shamcut002.wav,other,soundwel
C:\py\pigsound\pig-sound-classification\data\raw\soundwel\IASPIASPShamCuts48p11shamcut003.wav,other,soundwel
C:\py\pigsound\pig-sound-classification\data\raw\soundwel\IASPIASPShamCuts48p11shamcut004.wav,other,soundwel
C:\py\pigsound\pig-sound-classification\data\raw\soundwel\IASPIASPShamCuts48p11shamcut005.wav,other,soundwel
C:\py\pigsound\pig-sound-classification\data\raw\soundwel\IASPIASPShamCuts48p11shamcut006.wav,other,soundwel
C:\py\pigsound\pig-sound-classification\data\raw\soundwel\IASPIASPShamCuts48p11shamcut007.wav,other,soundwel
C:\py\pigsound\pig-sound-classification\data\raw\soundwel\IASPIASPShamCuts53p05shamcut002.wav,other,soundwel
C:\py\pigsound\pig-sound-classification\data\raw\soundwel\IASPIASPShamCuts53p05shamcut003.wav,other,soundwel
C:\py\pigsound\pig-sound-classification\data\raw\soundwel\IASPIASPShamCuts53p05shamcut004.wav,other,soundwel
C:\py\pigsound\pig-sound-classification\data\raw\soundwel\IASPIASPShamCuts53p05shamcut005.wav,other,soundwel
C:\py\pigsound\pig-sound-classification\data\raw\soundwel\IASPIASPShamCuts53p05shamcut006.wav,other,soundwel
C:\py\pigsound\pig-sound-classification\data\raw\soundwel\IASPIASPShamCuts53p05shamcut007.wav,other,soundwel
C:\py\pigsound\pig-sound-classification\data\raw\soundwel\IASPIASPShamCuts53p05shamcut008.wav,other,soundwel
C:\py\pigsound\pig-sound-classification\data\raw\soundwel\IASPIASPShamCuts53p06shamcut001.wav,other,soundwel
C:\py\pigsound\pig-sound-classification\data\raw\soundwel\IASPIASPShamCuts53p06shamcut002.wav,other,soundwel
C:\py\pigsound\pig-sound-classification\data\raw\soundwel\IASPIASPShamCuts53p06shamcut003.wav,other,soundwel
C:\py\pigsound\pig-sound-classification\data\raw\soundwel\IASPIASPShamCuts53p06shamcut004.wav,other,soundwel
C:\py\pigsound\pig-sound-classification\data\raw\soundwel\IASPIASPShamCuts53p06shamcut005.wav,other,soundwel
C:\py\pigsound\pig-sound-classification\data\raw\soundwel\IASPIASPShamCuts53p06shamcut006.wav,other,soundwel
C:\py\pigsound\pig-sound-classification\data\raw\soundwel\IASPIASPShamCuts53p06shamcut007.wav,other,soundwel
C:\py\pigsound\pig-sound-classification\data\raw\soundwel\IASPIASPShamCuts53p06shamcut008.wav,other,soundwel
C:\py\pigsound\pig-sound-classification\data\raw\soundwel\IASPIASPShamCuts53p06shamcut009.wav,other,soundwel
C:\py\pigsound\pig-sound-classification\data\raw\soundwel\IASPIASPShamCuts55p03shamcut001.wav,other,soundwel
C:\py\pigsound\pig-sound-classification\data\raw\soundwel\IASPIASPShamCuts55p03shamcut002.wav,other,soundwel
C:\py\pigsound\pig-sound-classification\data\raw\soundwel\IASPIASPShamCuts55p03shamcut004.wav,other,soundwel
C:\py\pigsound\pig-sound-classification\data\raw\soundwel\IASPIASPShamCuts55p03shamcut005.wav,other,soundwel
C:\py\pigsound\pig-sound-classification\data\raw\soundwel\IASPIASPShamCuts55p03shamcut006.wav,other,soundwel
C:\py\pigsound\pig-sound-classification\data\raw\soundwel\IASPIASPShamCuts55p03shamcut007.wav,other,soundwel
C:\py\pigsound\pig-sound-classification\data\raw\soundwel\IASPIASPShamCuts55p03shamcut008.wav,other,soundwel
C:\py\pigsound\pig-sound-classification\data\raw\soundwel\IASPIASPShamCuts55p03shamcut009.wav,other,soundwel
C:\py\pigsound\pig-sound-classification\data\raw\soundwel\IASPIASPShamCuts55p03shamcut010.wav,other,soundwel
C:\py\pigsound\pig-sound-classification\data\raw\soundwel\IASPIASPShamCuts55p03shamcut011.wav,other,soundwel
C:\py\pigsound\pig-sound-classification\data\raw\soundwel\IASPIASPShamCuts55p06shamcut001.wav,other,soundwel
C:\py\pigsound\pig-sound-classification\data\raw\soundwel\IASPIASPShamCuts59p03shamcut001.wav,other,soundwel
C:\py\pigsound\pig-sound-classification\data\raw\soundwel\IASPIASPShamCuts59p03shamcut002.wav,other,soundwel
C:\py\pigsound\pig-sound-classification\data\raw\soundwel\IASPIASPShamCuts59p03shamcut003.wav,other,soundwel
C:\py\pigsound\pig-sound-classification\data\raw\soundwel\IASPIASPShamCuts59p03shamcut004.wav,other,soundwel
C:\py\pigsound\pig-sound-classification\data\raw\soundwel\IASPIASPShamCuts59p15shamcut001.wav,other,soundwel
C:\py\pigsound\pig-sound-classification\data\raw\soundwel\IASPIASPShamCuts59p15shamcut002.wav,other,soundwel
C:\py\pigsound\pig-sound-classification\data\raw\soundwel\IASPIASPShamCuts59p15shamcut004.wav,other,soundwel
C:\py\pigsound\pig-sound-classification\data\raw\soundwel\IASPIASPShamCuts59p15shamcut006.wav,other,soundwel
C:\py\pigsound\pig-sound-classification\data\raw\soundwel\IASPIASPShamCuts67p01shamcut001.wav,other,soundwel
C:\py\pigsound\pig-sound-classification\data\raw\soundwel\IASPIASPShamCuts67p01shamcut002.wav,other,soundwel
C:\py\pigsound\pig-sound-classification\data\raw\soundwel\IASPIASPShamCuts67p01shamcut003.wav,other,soundwel
C:\py\pigsound\pig-sound-classification\data\raw\soundwel\IASPIASPShamCuts67p01shamcut004.wav,other,soundwel
C:\py\pigsound\pig-sound-classification\data\raw\soundwel\IASPIASPShamCuts67p01shamcut005.wav,other,soundwel
C:\py\pigsound\pig-sound-classification\data\raw\soundwel\IASPIASPShamCuts67p01shamcut006.wav,other,soundwel
C:\py\pigsound\pig-sound-classification\data\raw\soundwel\IASPIASPShamCuts67p01shamcut007.wav,other,soundwel
C:\py\pigsound\pig-sound-classification\data\raw\soundwel\IASPIASPShamCuts99p09shamcut001.wav,other,soundwel
C:\py\pigsound\pig-sound-classification\data\raw\soundwel\IASPIASPShamCuts99p09shamcut002.wav,other,soundwel
C:\py\pigsound\pig-sound-classification\data\raw\soundwel\IASPIASPShamCuts99p09shamcut003.wav,other,soundwel
C:\py\pigsound\pig-sound-classification\data\raw\soundwel\IASPIASPShamCuts99p09shamcut004.wav,other,soundwel
C:\py\pigsound\pig-sound-classification\data\raw\soundwel\IASPIASPShamCuts99p09shamcut005.wav,other,soundwel
C:\py\pigsound\pig-sound-classification\data\raw\soundwel\IASPIASPShamCuts99p09shamcut006.wav,other,soundwel
C:\py\pigsound\pig-sound-classification\data\raw\soundwel\IASPIASPShamCuts99p09shamcut007.wav,other,soundwel
C:\py\pigsound\pig-sound-classification\data\raw\soundwel\IASPIASPShamCuts99p09shamcut008.wav,other,soundwel
C:\py\pigsound\pig-sound-classification\data\raw\soundwel\IASPIASPShamCuts99p09shamcut009.wav,other,soundwel
C:\py\pigsound\pig-sound-classification\data\raw\soundwel\IASPIASPShamCuts99p09shamcut010.wav,other,soundwel
C:\py\pigsound\pig-sound-classification\data\raw\soundwel\IASPIASPShamCuts99p09shamcut011.wav,other,soundwel
C:\py\pigsound\pig-sound-classification\data\raw\soundwel\IASPIASPShamFixs02p04shamfix001.wav,other,soundwel
C:\py\pigsound\pig-sound-classification\data\raw\soundwel\IASPIASPShamFixs02p04shamfix002.wav,other,soundwel
C:\py\pigsound\pig-sound-classification\data\raw\soundwel\IASPIASPShamFixs02p04shamfix003.wav,other,soundwel
C:\py\pigsound\pig-sound-classification\data\raw\soundwel\IASPIASPShamFixs02p04shamfix004.wav,other,soundwel
C:\py\pigsound\pig-sound-classification\data\raw\soundwel\IASPIASPShamFixs02p04shamfix005.wav,other,soundwel
C:\py\pigsound\pig-sound-classification\data\raw\soundwel\IASPIASPShamFixs02p04shamfix006.wav,other,soundwel
C:\py\pigsound\pig-sound-classification\data\raw\soundwel\IASPIASPShamFixs08p05shamfix001.wav,other,soundwel
C:\py\pigsound\pig-sound-classification\data\raw\soundwel\IASPIASPShamFixs08p05shamfix002.wav,other,soundwel
C:\py\pigsound\pig-sound-classification\data\raw\soundwel\IASPIASPShamFixs08p05shamfix003.wav,other,soundwel
C:\py\pigsound\pig-sound-classification\data\raw\soundwel\IASPIASPShamFixs08p05shamfix004.wav,other,soundwel
C:\py\pigsound\pig-sound-classification\data\raw\soundwel\IASPIASPShamFixs08p05shamfix005.wav,other,soundwel
C:\py\pigsound\pig-sound-classification\data\raw\soundwel\IASPIASPShamFixs19p03shamfix001.wav,other,soundwel
C:\py\pigsound\pig-sound-classification\data\raw\soundwel\IASPIASPShamFixs19p03shamfix002.wav,other,soundwel
C:\py\pigsound\pig-sound-classification\data\raw\soundwel\IASPIASPShamFixs19p03shamfix003.wav,other,soundwel
C:\py\pigsound\pig-sound-classification\data\raw\soundwel\IASPIASPShamFixs19p03shamfix004.wav,other,soundwel
C:\py\pigsound\pig-sound-classification\data\raw\soundwel\IASPIASPShamFixs19p03shamfix005.wav,other,soundwel
C:\py\pigsound\pig-sound-classification\data\raw\soundwel\IASPIASPShamFixs19p03shamfix006.wav,other,soundwel
C:\py\pigsound\pig-sound-classification\data\raw\soundwel\IASPIASPShamFixs19p03shamfix007.wav,other,soundwel
C:\py\pigsound\pig-sound-classification\data\raw\soundwel\IASPIASPShamFixs19p04shamfix001.wav,other,soundwel
C:\py\pigsound\pig-sound-classification\data\raw\soundwel\IASPIASPShamFixs36p09shamfix002.wav,other,soundwel
C:\py\pigsound\pig-sound-classification\data\raw\soundwel\IASPIASPShamFixs36p09shamfix003.wav,other,soundwel
C:\py\pigsound\pig-sound-classification\data\raw\soundwel\IASPIASPShamFixs36p09shamfix004.wav,other,soundwel
C:\py\pigsound\pig-sound-classification\data\raw\soundwel\IASPIASPShamFixs41p02shamfix001.wav,other,soundwel
C:\py\pigsound\pig-sound-classification\data\raw\soundwel\IASPIASPShamFixs47p04shamfix001.wav,other,soundwel
C:\py\pigsound\pig-sound-classification\data\raw\soundwel\IASPIASPShamFixs47p04shamfix002.wav,other,soundwel
C:\py\pigsound\pig-sound-classification\data\raw\soundwel\IASPIASPShamFixs47p04shamfix003.wav,other,soundwel
C:\py\pigsound\pig-sound-classification\data\raw\soundwel\IASPIASPShamFixs47p04shamfix004.wav,other,soundwel
C:\py\pigsound\pig-sound-classification\data\raw\soundwel\IASPIASPShamFixs47p04shamfix005.wav,other,soundwel
C:\py\pigsound\pig-sound-classification\data\raw\soundwel\IASPIASPShamFixs47p08shamfix001.wav,other,soundwel
C:\py\pigsound\pig-sound-classification\data\raw\soundwel\IASPIASPShamFixs47p08shamfix002.wav,other,soundwel
C:\py\pigsound\pig-sound-classification\data\raw\soundwel\IASPIASPShamFixs47p08shamfix003.wav,other,soundwel
C:\py\pigsound\pig-sound-classification\data\raw\soundwel\IASPIASPShamFixs47p08shamfix004.wav,other,soundwel
C:\py\pigsound\pig-sound-classification\data\raw\soundwel\IASPIASPShamFixs47p08shamfix005.wav,other,soundwel
C:\py\pigsound\pig-sound-classification\data\raw\soundwel\IASPIASPShamFixs48p09shamfix001.wav,other,soundwel
C:\py\pigsound\pig-sound-classification\data\raw\soundwel\IASPIASPShamFixs48p09shamfix002.wav,other,soundwel
C:\py\pigsound\pig-sound-classification\data\raw\soundwel\IASPIASPShamFixs48p09shamfix003.wav,other,soundwel
C:\py\pigsound\pig-sound-classification\data\raw\soundwel\IASPIASPShamFixs48p11shamfix001.wav,other,soundwel
C:\py\pigsound\pig-sound-classification\data\raw\soundwel\IASPIASPShamFixs48p11shamfix003.wav,other,soundwel
C:\py\pigsound\pig-sound-classification\data\raw\soundwel\IASPIASPShamFixs48p11shamfix005.wav,other,soundwel
C:\py\pigsound\pig-sound-classification\data\raw\soundwel\IASPIASPShamFixs53p05shamfix001.wav,other,soundwel
C:\py\pigsound\pig-sound-classification\data\raw\soundwel\IASPIASPShamFixs53p05shamfix002.wav,other,soundwel
C:\py\pigsound\pig-sound-classification\data\raw\soundwel\IASPIASPShamFixs53p05shamfix003.wav,other,soundwel
C:\py\pigsound\pig-sound-classification\data\raw\soundwel\IASPIASPShamFixs53p05shamfix005.wav,other,soundwel
C:\py\pigsound\pig-sound-classification\data\raw\soundwel\IASPIASPShamFixs53p05shamfix006.wav,other,soundwel
C:\py\pigsound\pig-sound-classification\data\raw\soundwel\IASPIASPShamFixs53p05shamfix007.wav,other,soundwel
C:\py\pigsound\pig-sound-classification\data\raw\soundwel\IASPIASPShamFixs53p05shamfix008.wav,other,soundwel
C:\py\pigsound\pig-sound-classification\data\raw\soundwel\IASPIASPShamFixs53p06shamfix001.wav,other,soundwel
C:\py\pigsound\pig-sound-classification\data\raw\soundwel\IASPIASPShamFixs53p06shamfix002.wav,other,soundwel
C:\py\pigsound\pig-sound-classification\data\raw\soundwel\IASPIASPShamFixs55p03shamfix001.wav,other,soundwel
C:\py\pigsound\pig-sound-classification\data\raw\soundwel\IASPIASPShamFixs55p03shamfix002.wav,other,soundwel
C:\py\pigsound\pig-sound-classification\data\raw\soundwel\IASPIASPShamFixs55p03shamfix003.wav,other,soundwel
C:\py\pigsound\pig-sound-classification\data\raw\soundwel\IASPIASPShamFixs55p03shamfix004.wav,other,soundwel
C:\py\pigsound\pig-sound-classification\data\raw\soundwel\IASPIASPShamFixs55p03shamfix005.wav,other,soundwel
C:\py\pigsound\pig-sound-classification\data\raw\soundwel\IASPIASPShamFixs55p03shamfix006.wav,other,soundwel
C:\py\pigsound\pig-sound-classification\data\raw\soundwel\IASPIASPShamFixs55p03shamfix007.wav,other,soundwel
C:\py\pigsound\pig-sound-classification\data\raw\soundwel\IASPIASPShamFixs55p06shamfix001.wav,other,soundwel
C:\py\pigsound\pig-sound-classification\data\raw\soundwel\IASPIASPShamFixs55p06shamfix002.wav,other,soundwel
C:\py\pigsound\pig-sound-classification\data\raw\soundwel\IASPIASPShamFixs59p03shamfix001.wav,other,soundwel
C:\py\pigsound\pig-sound-classification\data\raw\soundwel\IASPIASPShamFixs59p03shamfix002.wav,other,soundwel
C:\py\pigsound\pig-sound-classification\data\raw\soundwel\IASPIASPShamFixs59p15shamfix001.wav,other,soundwel
C:\py\pigsound\pig-sound-classification\data\raw\soundwel\IASPIASPShamFixs59p15shamfix002.wav,other,soundwel
C:\py\pigsound\pig-sound-classification\data\raw\soundwel\IASPIASPShamFixs67p01shamfix001.wav,other,soundwel
C:\py\pigsound\pig-sound-classification\data\raw\soundwel\IASPIASPShamFixs67p01shamfix002.wav,other,soundwel
C:\py\pigsound\pig-sound-classification\data\raw\soundwel\IASPIASPShamFixs67p01shamfix003.wav,other,soundwel
C:\py\pigsound\pig-sound-classification\data\raw\soundwel\IASPIASPShamFixs67p09shamfix001.wav,other,soundwel
C:\py\pigsound\pig-sound-classification\data\raw\soundwel\IASPIASPShamFixs67p09shamfix002.wav,other,soundwel
C:\py\pigsound\pig-sound-classification\data\raw\soundwel\IASPIASPShamFixs67p09shamfix003.wav,other,soundwel
C:\py\pigsound\pig-sound-classification\data\raw\soundwel\IASPIASPShamFixs67p09shamfix004.wav,other,soundwel
C:\py\pigsound\pig-sound-classification\data\raw\soundwel\IASPIASPShamFixs67p09shamfix005.wav,other,soundwel
C:\py\pigsound\pig-sound-classification\data\raw\soundwel\IASPIASPShamFixs99p09shamfix001.wav,other,soundwel
C:\py\pigsound\pig-sound-classification\data\raw\soundwel\IASPIASPShamFixs99p09shamfix003.wav,other,soundwel
C:\py\pigsound\pig-sound-classification\data\raw\soundwel\IASPIASPShamFixs99p09shamfix004.wav,other,soundwel
C:\py\pigsound\pig-sound-classification\data\raw\soundwel\IASPIASPShortPr02Sele01N3min1.wav,other,soundwel
C:\py\pigsound\pig-sound-classification\data\raw\soundwel\IASPIASPShortPr02Sele01N3min13a.wav,other,soundwel
C:\py\pigsound\pig-sound-classification\data\raw\soundwel\IASPIASPShortPr02Sele01N3min14.wav,other,soundwel
C:\py\pigsound\pig-sound-classification\data\raw\soundwel\IASPIASPShortPr02Sele01N3min18.wav,other,soundwel
C:\py\pigsound\pig-sound-classification\data\raw\soundwel\IASPIASPShortPr02Sele01N3min23.wav,other,soundwel
C:\py\pigsound\pig-sound-classification\data\raw\soundwel\IASPIASPShortPr02Sele01N3min24.wav,other,soundwel
C:\py\pigsound\pig-sound-classification\data\raw\soundwel\IASPIASPShortPr02Sele01N3min25.wav,other,soundwel
C:\py\pigsound\pig-sound-classification\data\raw\soundwel\IASPIASPShortPr02Sele01N3min27.wav,other,soundwel
C:\py\pigsound\pig-sound-classification\data\raw\soundwel\IASPIASPShortPr02Sele01N3min28.wav,other,soundwel
C:\py\pigsound\pig-sound-classification\data\raw\soundwel\IASPIASPShortPr02Sele01N3min29.wav,other,soundwel
C:\py\pigsound\pig-sound-classification\data\raw\soundwel\IASPIASPShortPr02Sele01N3min4.wav,other,soundwel
C:\py\pigsound\pig-sound-classification\data\raw\soundwel\IASPIASPShortPr02Sele01N3min8.wav,other,soundwel
C:\py\pigsound\pig-sound-classification\data\raw\soundwel\IASPIASPShortPr02Sele03N3min11.wav,other,soundwel
C:\py\pigsound\pig-sound-classification\data\raw\soundwel\IASPIASPShortPr02Sele03N3min37.wav,other,soundwel
C:\py\pigsound\pig-sound-classification\data\raw\soundwel\IASPIASPShortPr02Sele04N8min11.wav,other,soundwel
C:\py\pigsound\pig-sound-classification\data\raw\soundwel\IASPIASPShortPr02Sele04N8min12.wav,other,soundwel
C:\py\pigsound\pig-sound-classification\data\raw\soundwel\IASPIASPShortPr02Sele04N8min2.wav,other,soundwel
C:\py\pigsound\pig-sound-classification\data\raw\soundwel\IASPIASPShortPr02Sele04N8min23.wav,other,soundwel
C:\py\pigsound\pig-sound-classification\data\raw\soundwel\IASPIASPShortPr02Sele04N8min231.wav,other,soundwel
C:\py\pigsound\pig-sound-classification\data\raw\soundwel\IASPIASPShortPr02Sele04N8min27.wav,other,soundwel
C:\py\pigsound\pig-sound-classification\data\raw\soundwel\IASPIASPShortPr02Sele04N8min2a.wav,other,soundwel
C:\py\pigsound\pig-sound-classification\data\raw\soundwel\IASPIASPShortPr02Sele05N8min11.wav,other,soundwel
C:\py\pigsound\pig-sound-classification\data\raw\soundwel\IASPIASPShortPr02Sele05N8min12.wav,other,soundwel
C:\py\pigsound\pig-sound-classification\data\raw\soundwel\IASPIASPShortPr02Sele05N8min18.wav,other,soundwel
C:\py\pigsound\pig-sound-classification\data\raw\soundwel\IASPIASPShortPr02Sele05N8min24.wav,other,soundwel
C:\py\pigsound\pig-sound-classification\data\raw\soundwel\IASPIASPShortPr02Sele05N8min31.wav,other,soundwel
C:\py\pigsound\pig-sound-classification\data\raw\soundwel\IASPIASPShortPr02Sele05N8min32.wav,other,soundwel
C:\py\pigsound\pig-sound-classification\data\raw\soundwel\IASPIASPShortPr02Sele05N8min5.wav,other,soundwel
C:\py\pigsound\pig-sound-classification\data\raw\soundwel\IASPIASPShortPr02Sele05N8min7.wav,other,soundwel
C:\py\pigsound\pig-sound-classification\data\raw\soundwel\IASPIASPShortPr02Sele05N8min9.wav,other,soundwel
C:\py\pigsound\pig-sound-classification\data\raw\soundwel\IASPIASPShortPr02Sele06N3min10.wav,other,soundwel
C:\py\pigsound\pig-sound-classification\data\raw\soundwel\IASPIASPShortPr02Sele06N3min4.wav,other,soundwel
C:\py\pigsound\pig-sound-classification\data\raw\soundwel\IASPIASPShortPr02Sele06N3min5.wav,other,soundwel
C:\py\pigsound\pig-sound-classification\data\raw\soundwel\IASPIASPShortPr02Sele08N8min1.wav,other,soundwel
C:\py\pigsound\pig-sound-classification\data\raw\soundwel\IASPIASPShortPr02Sele08N8min29.wav,other,soundwel
C:\py\pigsound\pig-sound-classification\data\raw\soundwel\IASPIASPShortPr02Sele08N8min30.wav,other,soundwel
C:\py\pigsound\pig-sound-classification\data\raw\soundwel\IASPIASPShortPr02Sele08N8min32.wav,other,soundwel
C:\py\pigsound\pig-sound-classification\data\raw\soundwel\IASPIASPShortPr02Sele08N8min332.wav,other,soundwel
C:\py\pigsound\pig-sound-classification\data\raw\soundwel\IASPIASPShortPr02Sele08N8min432.wav,other,soundwel
C:\py\pigsound\pig-sound-classification\data\raw\soundwel\IASPIASPShortPr02Sele08N8min48.wav,other,soundwel
C:\py\pigsound\pig-sound-classification\data\raw\soundwel\IASPIASPShortPr02Sele08N8min6.wav,other,soundwel
C:\py\pigsound\pig-sound-classification\data\raw\soundwel\IASPIASPShortPr02Sele08N8min60.wav,other,soundwel
C:\py\pigsound\pig-sound-classification\data\raw\soundwel\IASPIASPShortPr02Sele08N8min7.wav,other,soundwel
C:\py\pigsound\pig-sound-classification\data\raw\soundwel\IASPIASPShortPr02Sele1isolaceM144.wav,other,soundwel
C:\py\pigsound\pig-sound-classification\data\raw\soundwel\IASPIASPShortPr02Sele3isolaceF1102.wav,other,soundwel
C:\py\pigsound\pig-sound-classification\data\raw\soundwel\IASPIASPShortPr02Sele3isolaceF1110.wav,other,soundwel
C:\py\pigsound\pig-sound-classification\data\raw\soundwel\IASPIASPShortPr02Sele3isolaceF1122.wav,other,soundwel
C:\py\pigsound\pig-sound-classification\data\raw\soundwel\IASPIASPShortPr02Sele3isolaceF145.wav,other,soundwel
C:\py\pigsound\pig-sound-classification\data\raw\soundwel\IASPIASPShortPr02Sele4isolaceM1140.wav,other,soundwel
C:\py\pigsound\pig-sound-classification\data\raw\soundwel\IASPIASPShortPr02Sele4isolaceM1142.wav,other,soundwel
C:\py\pigsound\pig-sound-classification\data\raw\soundwel\IASPIASPShortPr02Sele4isolaceM1252.wav,other,soundwel
C:\py\pigsound\pig-sound-classification\data\raw\soundwel\IASPIASPShortPr02Sele4isolaceM129.wav,other,soundwel
C:\py\pigsound\pig-sound-classification\data\raw\soundwel\IASPIASPShortPr02Sele4isolaceM1311.wav,other,soundwel
C:\py\pigsound\pig-sound-classification\data\raw\soundwel\IASPIASPShortPr02Sele4isolaceM1332.wav,other,soundwel
C:\py\pigsound\pig-sound-classification\data\raw\soundwel\IASPIASPShortPr02Sele4isolaceM1339.wav,other,soundwel
C:\py\pigsound\pig-sound-classification\data\raw\soundwel\IASPIASPShortPr02Sele4isolaceM1343.wav,other,soundwel
C:\py\pigsound\pig-sound-classification\data\raw\soundwel\IASPIASPShortPr02Sele4isolaceM156.wav,other,soundwel
C:\py\pigsound\pig-sound-classification\data\raw\soundwel\IASPIASPShortPr02Sele5isolaceF1169.wav,other,soundwel
C:\py\pigsound\pig-sound-classification\data\raw\soundwel\IASPIASPShortPr02Sele5isolaceF1201.wav,other,soundwel
C:\py\pigsound\pig-sound-classification\data\raw\soundwel\IASPIASPShortPr02Sele5isolaceF1224.wav,other,soundwel
C:\py\pigsound\pig-sound-classification\data\raw\soundwel\IASPIASPShortPr02Sele5isolaceF1335.wav,other,soundwel
C:\py\pigsound\pig-sound-classification\data\raw\soundwel\IASPIASPShortPr02Sele5isolaceF1348.wav,other,soundwel
C:\py\pigsound\pig-sound-classification\data\raw\soundwel\IASPIASPShortPr02Sele5isolaceF1421.wav,other,soundwel
C:\py\pigsound\pig-sound-classification\data\raw\soundwel\IASPIASPShortPr02Sele5isolaceF145.wav,other,soundwel
C:\py\pigsound\pig-sound-classification\data\raw\soundwel\IASPIASPShortPr02Sele5isolaceF1626.wav,other,soundwel
C:\py\pigsound\pig-sound-classification\data\raw\soundwel\IASPIASPShortPr02Sele5isolaceF1672.wav,other,soundwel
C:\py\pigsound\pig-sound-classification\data\raw\soundwel\IASPIASPShortPr02Sele5isolaceF184.wav,other,soundwel
C:\py\pigsound\pig-sound-classification\data\raw\soundwel\IASPIASPShortPr02Sele6isolaceF178.wav,other,soundwel
C:\py\pigsound\pig-sound-classification\data\raw\soundwel\IASPIASPShortPr02Sele6isolaceF181.wav,other,soundwel
C:\py\pigsound\pig-sound-classification\data\raw\soundwel\IASPIASPShortPr02Sele8isolF111.wav,other,soundwel
C:\py\pigsound\pig-sound-classification\data\raw\soundwel\IASPIASPShortPr02Sele8isolF283.wav,other,soundwel
C:\py\pigsound\pig-sound-classification\data\raw\soundwel\IASPIASPShortPr02Sele8isolF422.wav,other,soundwel
C:\py\pigsound\pig-sound-classification\data\raw\soundwel\IASPIASPShortPr02Sele8isolF424.wav,other,soundwel
C:\py\pigsound\pig-sound-classification\data\raw\soundwel\IASPIASPShortPr02Sele8isolF461.wav,other,soundwel
C:\py\pigsound\pig-sound-classification\data\raw\soundwel\IASPIASPShortPr02Sele8isolF467.wav,other,soundwel
C:\py\pigsound\pig-sound-classification\data\raw\soundwel\IASPIASPShortPr02Sele8isolF47.wav,other,soundwel
C:\py\pigsound\pig-sound-classification\data\raw\soundwel\IASPIASPShortPr02Sele8isolF485.wav,other,soundwel
C:\py\pigsound\pig-sound-classification\data\raw\soundwel\IASPIASPShortPr08Sele02N3min10.wav,other,soundwel
C:\py\pigsound\pig-sound-classification\data\raw\soundwel\IASPIASPShortPr08Sele02N3min11.wav,other,soundwel
C:\py\pigsound\pig-sound-classification\data\raw\soundwel\IASPIASPShortPr08Sele02N3min19.wav,other,soundwel
C:\py\pigsound\pig-sound-classification\data\raw\soundwel\IASPIASPShortPr08Sele02N3min22.wav,other,soundwel
C:\py\pigsound\pig-sound-classification\data\raw\soundwel\IASPIASPShortPr08Sele02N3min4.wav,other,soundwel
C:\py\pigsound\pig-sound-classification\data\raw\soundwel\IASPIASPShortPr08Sele02N3min41.wav,other,soundwel
C:\py\pigsound\pig-sound-classification\data\raw\soundwel\IASPIASPShortPr08Sele02N3min42.wav,other,soundwel
C:\py\pigsound\pig-sound-classification\data\raw\soundwel\IASPIASPShortPr08Sele02N3min5.wav,other,soundwel
C:\py\pigsound\pig-sound-classification\data\raw\soundwel\IASPIASPShortPr08Sele02N3min54.wav,other,soundwel
C:\py\pigsound\pig-sound-classification\data\raw\soundwel\IASPIASPShortPr08Sele03N8min4.wav,other,soundwel
C:\py\pigsound\pig-sound-classification\data\raw\soundwel\IASPIASPShortPr08Sele03N8min6.wav,other,soundwel
C:\py\pigsound\pig-sound-classification\data\raw\soundwel\IASPIASPShortPr08Sele03N8min7.wav,other,soundwel
C:\py\pigsound\pig-sound-classification\data\raw\soundwel\IASPIASPShortPr08Sele04N8min2.wav,other,soundwel
C:\py\pigsound\pig-sound-classification\data\raw\soundwel\IASPIASPShortPr08Sele04N8min3.wav,other,soundwel
C:\py\pigsound\pig-sound-classification\data\raw\soundwel\IASPIASPShortPr08Sele1isolace11120.wav,other,soundwel
C:\py\pigsound\pig-sound-classification\data\raw\soundwel\IASPIASPShortPr08Sele1isolace111403.wav,other,soundwel
C:\py\pigsound\pig-sound-classification\data\raw\soundwel\IASPIASPShortPr08Sele1isolace11166.wav,other,soundwel
C:\py\pigsound\pig-sound-classification\data\raw\soundwel\IASPIASPShortPr08Sele1isolace11210.wav,other,soundwel
C:\py\pigsound\pig-sound-classification\data\raw\soundwel\IASPIASPShortPr08Sele1isolace1125.wav,other,soundwel
C:\py\pigsound\pig-sound-classification\data\raw\soundwel\IASPIASPShortPr08Sele1isolace112511.wav,other,soundwel
C:\py\pigsound\pig-sound-classification\data\raw\soundwel\IASPIASPShortPr08Sele1isolace11273.wav,other,soundwel
C:\py\pigsound\pig-sound-classification\data\raw\soundwel\IASPIASPShortPr08Sele1isolace11891.wav,other,soundwel
C:\py\pigsound\pig-sound-classification\data\raw\soundwel\IASPIASPShortPr08Sele2isolace11113.wav,other,soundwel
C:\py\pigsound\pig-sound-classification\data\raw\soundwel\IASPIASPShortPr08Sele2isolace1179.wav,other,soundwel
C:\py\pigsound\pig-sound-classification\data\raw\soundwel\IASPIASPShortPr08Sele2isolace1197.wav,other,soundwel
C:\py\pigsound\pig-sound-classification\data\raw\soundwel\IASPIASPShortPr08Sele3isolace21149.wav,other,soundwel
C:\py\pigsound\pig-sound-classification\data\raw\soundwel\IASPIASPShortPr08Sele3isolace21200b.wav,other,soundwel
C:\py\pigsound\pig-sound-classification\data\raw\soundwel\IASPIASPShortPr08Sele3isolace21358.wav,other,soundwel
C:\py\pigsound\pig-sound-classification\data\raw\soundwel\IASPIASPShortPr08Sele3isolace2182.wav,other,soundwel
C:\py\pigsound\pig-sound-classification\data\raw\soundwel\IASPIASPShortPr08Sele4isolace11102.wav,other,soundwel
C:\py\pigsound\pig-sound-classification\data\raw\soundwel\IASPIASPShortPr08Sele4isolace11109.wav,other,soundwel
C:\py\pigsound\pig-sound-classification\data\raw\soundwel\IASPIASPShortPr08Sele4isolace11146.wav,other,soundwel
C:\py\pigsound\pig-sound-classification\data\raw\soundwel\IASPIASPShortPr08Sele4isolace11151.wav,other,soundwel
C:\py\pigsound\pig-sound-classification\data\raw\soundwel\IASPIASPShortPr08Sele4isolace1159.wav,other,soundwel
C:\py\pigsound\pig-sound-classification\data\raw\soundwel\IASPIASPShortPr08Sele4isolace11791.wav,other,soundwel
C:\py\pigsound\pig-sound-classification\data\raw\soundwel\IASPIASPShortPr08Sele5isolace11118.wav,other,soundwel
C:\py\pigsound\pig-sound-classification\data\raw\soundwel\IASPIASPShortPr08Sele5isolace11119.wav,other,soundwel
C:\py\pigsound\pig-sound-classification\data\raw\soundwel\IASPIASPShortPr08Sele5isolace11185.wav,other,soundwel
C:\py\pigsound\pig-sound-classification\data\raw\soundwel\IASPIASPShortPr08Sele5isolace1127.wav,other,soundwel
C:\py\pigsound\pig-sound-classification\data\raw\soundwel\IASPIASPShortPr08Sele5isolace1148.wav,other,soundwel
C:\py\pigsound\pig-sound-classification\data\raw\soundwel\IASPIASPShortPr08Sele5isolace1164.wav,other,soundwel
C:\py\pigsound\pig-sound-classification\data\raw\soundwel\IASPIASPShortPr08Sele6isolace212.wav,other,soundwel
C:\py\pigsound\pig-sound-classification\data\raw\soundwel\IASPIASPShortPr08Sele6isolace2146.wav,other,soundwel
C:\py\pigsound\pig-sound-classification\data\raw\soundwel\IASPIASPShortPr08Sele6isolace2153.wav,other,soundwel
C:\py\pigsound\pig-sound-classification\data\raw\soundwel\IASPIASPShortPr08Sele6isolace2166.wav,other,soundwel
C:\py\pigsound\pig-sound-classification\data\raw\soundwel\IASPIASPShortPr08Sele6isolace2190.wav,other,soundwel
C:\py\pigsound\pig-sound-classification\data\raw\soundwel\IASPIASPShortPr13Sele01Na8min1.wav,other,soundwel
C:\py\pigsound\pig-sound-classification\data\raw\soundwel\IASPIASPShortPr13Sele01Na8min12.wav,other,soundwel
C:\py\pigsound\pig-sound-classification\data\raw\soundwel\IASPIASPShortPr13Sele01Na8min17.wav,other,soundwel
C:\py\pigsound\pig-sound-classification\data\raw\soundwel\IASPIASPShortPr13Sele01Na8min20.wav,other,soundwel
C:\py\pigsound\pig-sound-classification\data\raw\soundwel\IASPIASPShortPr13Sele01Na8min212.wav,other,soundwel
C:\py\pigsound\pig-sound-classification\data\raw\soundwel\IASPIASPShortPr13Sele01Na8min26.wav,other,soundwel
C:\py\pigsound\pig-sound-classification\data\raw\soundwel\IASPIASPShortPr13Sele01Na8min27.wav,other,soundwel
C:\py\pigsound\pig-sound-classification\data\raw\soundwel\IASPIASPShortPr13Sele01Na8min28.wav,other,soundwel
C:\py\pigsound\pig-sound-classification\data\raw\soundwel\IASPIASPShortPr13Sele01Na8min302.wav,other,soundwel
C:\py\pigsound\pig-sound-classification\data\raw\soundwel\IASPIASPShortPr13Sele01Na8min34.wav,other,soundwel
C:\py\pigsound\pig-sound-classification\data\raw\soundwel\IASPIASPShortPr13Sele01Na8min37.wav,other,soundwel
C:\py\pigsound\pig-sound-classification\data\raw\soundwel\IASPIASPShortPr13Sele01Na8min372.wav,other,soundwel
C:\py\pigsound\pig-sound-classification\data\raw\soundwel\IASPIASPShortPr13Sele01Na8min5.wav,other,soundwel
C:\py\pigsound\pig-sound-classification\data\raw\soundwel\IASPIASPShortPr13Sele01Na8min6.wav,other,soundwel
C:\py\pigsound\pig-sound-classification\data\raw\soundwel\IASPIASPShortPr13Sele02Na3min1.wav,other,soundwel
C:\py\pigsound\pig-sound-classification\data\raw\soundwel\IASPIASPShortPr13Sele02Na3min11.wav,other,soundwel
C:\py\pigsound\pig-sound-classification\data\raw\soundwel\IASPIASPShortPr13Sele02Na3min12.wav,other,soundwel
C:\py\pigsound\pig-sound-classification\data\raw\soundwel\IASPIASPShortPr13Sele02Na3min13b.wav,other,soundwel
C:\py\pigsound\pig-sound-classification\data\raw\soundwel\IASPIASPShortPr13Sele02Na3min15.wav,other,soundwel
C:\py\pigsound\pig-sound-classification\data\raw\soundwel\IASPIASPShortPr13Sele02Na3min2.wav,other,soundwel
C:\py\pigsound\pig-sound-classification\data\raw\soundwel\IASPIASPShortPr13Sele02Na3min3.wav,other,soundwel
C:\py\pigsound\pig-sound-classification\data\raw\soundwel\IASPIASPShortPr13Sele02Na3min44.wav,other,soundwel
C:\py\pigsound\pig-sound-classification\data\raw\soundwel\IASPIASPShortPr13Sele02Na3min441.wav,other,soundwel
C:\py\pigsound\pig-sound-classification\data\raw\soundwel\IASPIASPShortPr13Sele02Na3min6.wav,other,soundwel
C:\py\pigsound\pig-sound-classification\data\raw\soundwel\IASPIASPShortPr13Sele02Na3min7.wav,other,soundwel
C:\py\pigsound\pig-sound-classification\data\raw\soundwel\IASPIASPShortPr13Sele02Na3min79.wav,other,soundwel
C:\py\pigsound\pig-sound-classification\data\raw\soundwel\IASPIASPShortPr13Sele02Na3min8.wav,other,soundwel
C:\py\pigsound\pig-sound-classification\data\raw\soundwel\IASPIASPShortPr13Sele02Na3min86.wav,other,soundwel
C:\py\pigsound\pig-sound-classification\data\raw\soundwel\IASPIASPShortPr13Sele03Na8min10.wav,other,soundwel
C:\py\pigsound\pig-sound-classification\data\raw\soundwel\IASPIASPShortPr13Sele03Na8min11.wav,other,soundwel
C:\py\pigsound\pig-sound-classification\data\raw\soundwel\IASPIASPShortPr13Sele03Na8min14.wav,other,soundwel
C:\py\pigsound\pig-sound-classification\data\raw\soundwel\IASPIASPShortPr13Sele03Na8min16.wav,other,soundwel
C:\py\pigsound\pig-sound-classification\data\raw\soundwel\IASPIASPShortPr13Sele03Na8min17.wav,other,soundwel
C:\py\pigsound\pig-sound-classification\data\raw\soundwel\IASPIASPShortPr13Sele03Na8min19.wav,other,soundwel
C:\py\pigsound\pig-sound-classification\data\raw\soundwel\IASPIASPShortPr13Sele03Na8min23a.wav,other,soundwel
C:\py\pigsound\pig-sound-classification\data\raw\soundwel\IASPIASPShortPr13Sele03Na8min24.wav,other,soundwel
C:\py\pigsound\pig-sound-classification\data\raw\soundwel\IASPIASPShortPr13Sele03Na8min25.wav,other,soundwel
C:\py\pigsound\pig-sound-classification\data\raw\soundwel\IASPIASPShortPr13Sele03Na8min26.wav,other,soundwel
C:\py\pigsound\pig-sound-classification\data\raw\soundwel\IASPIASPShortPr13Sele03Na8min29.wav,other,soundwel
C:\py\pigsound\pig-sound-classification\data\raw\soundwel\IASPIASPShortPr13Sele03Na8min3.wav,other,soundwel
C:\py\pigsound\pig-sound-classification\data\raw\soundwel\IASPIASPShortPr13Sele03Na8min31.wav,other,soundwel
C:\py\pigsound\pig-sound-classification\data\raw\soundwel\IASPIASPShortPr13Sele03Na8min34.wav,other,soundwel
C:\py\pigsound\pig-sound-classification\data\raw\soundwel\IASPIASPShortPr13Sele03Na8min42.wav,other,soundwel
C:\py\pigsound\pig-sound-classification\data\raw\soundwel\IASPIASPShortPr13Sele03Na8min45.wav,other,soundwel
C:\py\pigsound\pig-sound-classification\data\raw\soundwel\IASPIASPShortPr13Sele03Na8min47.wav,other,soundwel
C:\py\pigsound\pig-sound-classification\data\raw\soundwel\IASPIASPShortPr13Sele03Na8min7.wav,other,soundwel
C:\py\pigsound\pig-sound-classification\data\raw\soundwel\IASPIASPShortPr13Sele04Na8min10.wav,other,soundwel
C:\py\pigsound\pig-sound-classification\data\raw\soundwel\IASPIASPShortPr13Sele04Na8min12.wav,other,soundwel
C:\py\pigsound\pig-sound-classification\data\raw\soundwel\IASPIASPShortPr13Sele04Na8min13.wav,other,soundwel
C:\py\pigsound\pig-sound-classification\data\raw\soundwel\IASPIASPShortPr13Sele04Na8min15.wav,other,soundwel
C:\py\pigsound\pig-sound-classification\data\raw\soundwel\IASPIASPShortPr13Sele04Na8min20.wav,other,soundwel
C:\py\pigsound\pig-sound-classification\data\raw\soundwel\IASPIASPShortPr13Sele04Na8min24.wav,other,soundwel
C:\py\pigsound\pig-sound-classification\data\raw\soundwel\IASPIASPShortPr13Sele04Na8min25.wav,other,soundwel
C:\py\pigsound\pig-sound-classification\data\raw\soundwel\IASPIASPShortPr13Sele04Na8min4.wav,other,soundwel
C:\py\pigsound\pig-sound-classification\data\raw\soundwel\IASPIASPShortPr13Sele04Na8min41.wav,other,soundwel
C:\py\pigsound\pig-sound-classification\data\raw\soundwel\IASPIASPShortPr13Sele04Na8min48.wav,other,soundwel
C:\py\pigsound\pig-sound-classification\data\raw\soundwel\IASPIASPShortPr13Sele04Na8min56.wav,other,soundwel
C:\py\pigsound\pig-sound-classification\data\raw\soundwel\IASPIASPShortPr13Sele04Na8min61.wav,other,soundwel
C:\py\pigsound\pig-sound-classification\data\raw\soundwel\IASPIASPShortPr13Sele04Na8min64.wav,other,soundwel
C:\py\pigsound\pig-sound-classification\data\raw\soundwel\IASPIASPShortPr13Sele04Na8min66.wav,other,soundwel
C:\py\pigsound\pig-sound-classification\data\raw\soundwel\IASPIASPShortPr13Sele04Na8min72.wav,other,soundwel
C:\py\pigsound\pig-sound-classification\data\raw\soundwel\IASPIASPShortPr13Sele04Na8min753.wav,other,soundwel
C:\py\pigsound\pig-sound-classification\data\raw\soundwel\IASPIASPShortPr13Sele05Na3min1.wav,other,soundwel
C:\py\pigsound\pig-sound-classification\data\raw\soundwel\IASPIASPShortPr13Sele05Na3min10.wav,other,soundwel
C:\py\pigsound\pig-sound-classification\data\raw\soundwel\IASPIASPShortPr13Sele05Na3min12.wav,other,soundwel
C:\py\pigsound\pig-sound-classification\data\raw\soundwel\IASPIASPShortPr13Sele05Na3min14.wav,other,soundwel
C:\py\pigsound\pig-sound-classification\data\raw\soundwel\IASPIASPShortPr13Sele05Na3min18.wav,other,soundwel
C:\py\pigsound\pig-sound-classification\data\raw\soundwel\IASPIASPShortPr13Sele05Na3min19.wav,other,soundwel
C:\py\pigsound\pig-sound-classification\data\raw\soundwel\IASPIASPShortPr13Sele05Na3min21.wav,other,soundwel
C:\py\pigsound\pig-sound-classification\data\raw\soundwel\IASPIASPShortPr13Sele05Na3min22.wav,other,soundwel
C:\py\pigsound\pig-sound-classification\data\raw\soundwel\IASPIASPShortPr13Sele05Na3min23.wav,other,soundwel
C:\py\pigsound\pig-sound-classification\data\raw\soundwel\IASPIASPShortPr13Sele05Na3min24.wav,other,soundwel
C:\py\pigsound\pig-sound-classification\data\raw\soundwel\IASPIASPShortPr13Sele05Na3min5.wav,other,soundwel
C:\py\pigsound\pig-sound-classification\data\raw\soundwel\IASPIASPShortPr13Sele09Na3min10.wav,other,soundwel
C:\py\pigsound\pig-sound-classification\data\raw\soundwel\IASPIASPShortPr13Sele09Na3min12.wav,other,soundwel
C:\py\pigsound\pig-sound-classification\data\raw\soundwel\IASPIASPShortPr13Sele09Na3min14.wav,other,soundwel
C:\py\pigsound\pig-sound-classification\data\raw\soundwel\IASPIASPShortPr13Sele09Na3min15.wav,other,soundwel
C:\py\pigsound\pig-sound-classification\data\raw\soundwel\IASPIASPShortPr13Sele09Na3min20.wav,other,soundwel
C:\py\pigsound\pig-sound-classification\data\raw\soundwel\IASPIASPShortPr13Sele09Na3min21.wav,other,soundwel
C:\py\pigsound\pig-sound-classification\data\raw\soundwel\IASPIASPShortPr13Sele09Na3min22.wav,other,soundwel
C:\py\pigsound\pig-sound-classification\data\raw\soundwel\IASPIASPShortPr13Sele09Na3min23.wav,other,soundwel
C:\py\pigsound\pig-sound-classification\data\raw\soundwel\IASPIASPShortPr13Sele09Na3min24.wav,other,soundwel
C:\py\pigsound\pig-sound-classification\data\raw\soundwel\IASPIASPShortPr13Sele09Na3min26.wav,other,soundwel
C:\py\pigsound\pig-sound-classification\data\raw\soundwel\IASPIASPShortPr13Sele09Na3min28.wav,other,soundwel
C:\py\pigsound\pig-sound-classification\data\raw\soundwel\IASPIASPShortPr13Sele09Na3min3.wav,other,soundwel
C:\py\pigsound\pig-sound-classification\data\raw\soundwel\IASPIASPShortPr13Sele09Na3min33.wav,other,soundwel
C:\py\pigsound\pig-sound-classification\data\raw\soundwel\IASPIASPShortPr13Sele09Na3min34.wav,other,soundwel
C:\py\pigsound\pig-sound-classification\data\raw\soundwel\IASPIASPShortPr13Sele09Na3min6.wav,other,soundwel
C:\py\pigsound\pig-sound-classification\data\raw\soundwel\IASPIASPShortPr13Sele09Na3min8.wav,other,soundwel
C:\py\pigsound\pig-sound-classification\data\raw\soundwel\IASPIASPShortPr13Sele09Na3min9.wav,other,soundwel
C:\py\pigsound\pig-sound-classification\data\raw\soundwel\IASPIASPShortPr13Sele10isolace21178.wav,other,soundwel
C:\py\pigsound\pig-sound-classification\data\raw\soundwel\IASPIASPShortPr13Sele10isolace21238.wav,other,soundwel
C:\py\pigsound\pig-sound-classification\data\raw\soundwel\IASPIASPShortPr13Sele10isolace21412.wav,other,soundwel
C:\py\pigsound\pig-sound-classification\data\raw\soundwel\IASPIASPShortPr13Sele10Na8min1.wav,other,soundwel
C:\py\pigsound\pig-sound-classification\data\raw\soundwel\IASPIASPShortPr13Sele10Na8min14.wav,other,soundwel
C:\py\pigsound\pig-sound-classification\data\raw\soundwel\IASPIASPShortPr13Sele10Na8min18.wav,other,soundwel
C:\py\pigsound\pig-sound-classification\data\raw\soundwel\IASPIASPShortPr13Sele10Na8min18a.wav,other,soundwel
C:\py\pigsound\pig-sound-classification\data\raw\soundwel\IASPIASPShortPr13Sele10Na8min2.wav,other,soundwel
C:\py\pigsound\pig-sound-classification\data\raw\soundwel\IASPIASPShortPr13Sele10Na8min20.wav,other,soundwel
C:\py\pigsound\pig-sound-classification\data\raw\soundwel\IASPIASPShortPr13Sele10Na8min25.wav,other,soundwel
C:\py\pigsound\pig-sound-classification\data\raw\soundwel\IASPIASPShortPr13Sele10Na8min26.wav,other,soundwel
C:\py\pigsound\pig-sound-classification\data\raw\soundwel\IASPIASPShortPr13Sele10Na8min30.wav,other,soundwel
C:\py\pigsound\pig-sound-classification\data\raw\soundwel\IASPIASPShortPr13Sele10Na8min301.wav,other,soundwel
C:\py\pigsound\pig-sound-classification\data\raw\soundwel\IASPIASPShortPr13Sele10Na8min4.wav,other,soundwel
C:\py\pigsound\pig-sound-classification\data\raw\soundwel\IASPIASPShortPr13Sele10Na8min43.wav,other,soundwel
C:\py\pigsound\pig-sound-classification\data\raw\soundwel\IASPIASPShortPr13Sele10Na8min481.wav,other,soundwel
C:\py\pigsound\pig-sound-classification\data\raw\soundwel\IASPIASPShortPr13Sele10Na8min484.wav,other,soundwel
C:\py\pigsound\pig-sound-classification\data\raw\soundwel\IASPIASPShortPr13Sele10Na8min49.wav,other,soundwel
C:\py\pigsound\pig-sound-classification\data\raw\soundwel\IASPIASPShortPr13Sele10Na8min5.wav,other,soundwel
C:\py\pigsound\pig-sound-classification\data\raw\soundwel\IASPIASPShortPr13Sele10Na8min52.wav,other,soundwel
C:\py\pigsound\pig-sound-classification\data\raw\soundwel\IASPIASPShortPr13Sele10Na8min55.wav,other,soundwel
C:\py\pigsound\pig-sound-classification\data\raw\soundwel\IASPIASPShortPr13Sele10Na8min57.wav,other,soundwel
C:\py\pigsound\pig-sound-classification\data\raw\soundwel\IASPIASPShortPr13Sele10Na8min58.wav,other,soundwel
C:\py\pigsound\pig-sound-classification\data\raw\soundwel\IASPIASPShortPr13Sele10Na8min60.wav,other,soundwel
C:\py\pigsound\pig-sound-classification\data\raw\soundwel\IASPIASPShortPr13Sele10Na8min62.wav,other,soundwel
C:\py\pigsound\pig-sound-classification\data\raw\soundwel\IASPIASPShortPr13Sele10Na8min63.wav,other,soundwel
C:\py\pigsound\pig-sound-classification\data\raw\soundwel\IASPIASPShortPr13Sele10Na8min65.wav,other,soundwel
C:\py\pigsound\pig-sound-classification\data\raw\soundwel\IASPIASPShortPr13Sele10Na8min661.wav,other,soundwel
C:\py\pigsound\pig-sound-classification\data\raw\soundwel\IASPIASPShortPr13Sele10Na8min69.wav,other,soundwel
C:\py\pigsound\pig-sound-classification\data\raw\soundwel\IASPIASPShortPr13Sele10Na8min7.wav,other,soundwel
C:\py\pigsound\pig-sound-classification\data\raw\soundwel\IASPIASPShortPr13Sele10Na8min77.wav,other,soundwel
C:\py\pigsound\pig-sound-classification\data\raw\soundwel\IASPIASPShortPr13Sele10Na8min8.wav,other,soundwel
C:\py\pigsound\pig-sound-classification\data\raw\soundwel\IASPIASPShortPr13Sele10Na8min80.wav,other,soundwel
C:\py\pigsound\pig-sound-classification\data\raw\soundwel\IASPIASPShortPr13Sele10Na8min8310.wav,other,soundwel
C:\py\pigsound\pig-sound-classification\data\raw\soundwel\IASPIASPShortPr13Sele10Na8min851.wav,other,soundwel
C:\py\pigsound\pig-sound-classification\data\raw\soundwel\IASPIASPShortPr13Sele10Na8min9.wav,other,soundwel
C:\py\pigsound\pig-sound-classification\data\raw\soundwel\IASPIASPShortPr13Sele10Na8min91.wav,other,soundwel
C:\py\pigsound\pig-sound-classification\data\raw\soundwel\IASPIASPShortPr13Sele10Na8min95.wav,other,soundwel
C:\py\pigsound\pig-sound-classification\data\raw\soundwel\IASPIASPShortPr13Sele10Na8min98.wav,other,soundwel
C:\py\pigsound\pig-sound-classification\data\raw\soundwel\IASPIASPShortPr13Sele12isolace11102.wav,other,soundwel
C:\py\pigsound\pig-sound-classification\data\raw\soundwel\IASPIASPShortPr13Sele12isolace11117.wav,other,soundwel
C:\py\pigsound\pig-sound-classification\data\raw\soundwel\IASPIASPShortPr13Sele12isolace1153.wav,other,soundwel
C:\py\pigsound\pig-sound-classification\data\raw\soundwel\IASPIASPShortPr13Sele12isolace1182.wav,other,soundwel
C:\py\pigsound\pig-sound-classification\data\raw\soundwel\IASPIASPShortPr13Sele12Na3min12.wav,other,soundwel
C:\py\pigsound\pig-sound-classification\data\raw\soundwel\IASPIASPShortPr13Sele12Na3min15.wav,other,soundwel
C:\py\pigsound\pig-sound-classification\data\raw\soundwel\IASPIASPShortPr13Sele12Na3min16.wav,other,soundwel
C:\py\pigsound\pig-sound-classification\data\raw\soundwel\IASPIASPShortPr13Sele12Na3min18.wav,other,soundwel
C:\py\pigsound\pig-sound-classification\data\raw\soundwel\IASPIASPShortPr13Sele12Na3min19.wav,other,soundwel
C:\py\pigsound\pig-sound-classification\data\raw\soundwel\IASPIASPShortPr13Sele12Na3min22.wav,other,soundwel
C:\py\pigsound\pig-sound-classification\data\raw\soundwel\IASPIASPShortPr13Sele12Na3min23.wav,other,soundwel
C:\py\pigsound\pig-sound-classification\data\raw\soundwel\IASPIASPShortPr13Sele12Na3min28.wav,other,soundwel
C:\py\pigsound\pig-sound-classification\data\raw\soundwel\IASPIASPShortPr13Sele12Na3min33.wav,other,soundwel
C:\py\pigsound\pig-sound-classification\data\raw\soundwel\IASPIASPShortPr13Sele12Na3min40.wav,other,soundwel
C:\py\pigsound\pig-sound-classification\data\raw\soundwel\IASPIASPShortPr13Sele12Na3min7.wav,other,soundwel
C:\py\pigsound\pig-sound-classification\data\raw\soundwel\IASPIASPShortPr13Sele1isolace21109.wav,other,soundwel
C:\py\pigsound\pig-sound-classification\data\raw\soundwel\IASPIASPShortPr13Sele1isolace21118.wav,other,soundwel
C:\py\pigsound\pig-sound-classification\data\raw\soundwel\IASPIASPShortPr13Sele1isolace21164.wav,other,soundwel
C:\py\pigsound\pig-sound-classification\data\raw\soundwel\IASPIASPShortPr13Sele1isolace21203.wav,other,soundwel
C:\py\pigsound\pig-sound-classification\data\raw\soundwel\IASPIASPShortPr13Sele1isolace21351.wav,other,soundwel
C:\py\pigsound\pig-sound-classification\data\raw\soundwel\IASPIASPShortPr13Sele2isolace11105.wav,other,soundwel
C:\py\pigsound\pig-sound-classification\data\raw\soundwel\IASPIASPShortPr13Sele2isolace11106.wav,other,soundwel
C:\py\pigsound\pig-sound-classification\data\raw\soundwel\IASPIASPShortPr13Sele2isolace11136.wav,other,soundwel
C:\py\pigsound\pig-sound-classification\data\raw\soundwel\IASPIASPShortPr13Sele2isolace11166.wav,other,soundwel
C:\py\pigsound\pig-sound-classification\data\raw\soundwel\IASPIASPShortPr13Sele2isolace1123.wav,other,soundwel
C:\py\pigsound\pig-sound-classification\data\raw\soundwel\IASPIASPShortPr13Sele2isolace1131.wav,other,soundwel
C:\py\pigsound\pig-sound-classification\data\raw\soundwel\IASPIASPShortPr13Sele2isolace1145.wav,other,soundwel
C:\py\pigsound\pig-sound-classification\data\raw\soundwel\IASPIASPShortPr13Sele2isolace1173.wav,other,soundwel
C:\py\pigsound\pig-sound-classification\data\raw\soundwel\IASPIASPShortPr13Sele2isolace118.wav,other,soundwel
C:\py\pigsound\pig-sound-classification\data\raw\soundwel\IASPIASPShortPr13Sele2isolace1188.wav,other,soundwel
C:\py\pigsound\pig-sound-classification\data\raw\soundwel\IASPIASPShortPr13Sele2isolace1194.wav,other,soundwel
C:\py\pigsound\pig-sound-classification\data\raw\soundwel\IASPIASPShortPr13Sele3isolace11137.wav,other,soundwel
C:\py\pigsound\pig-sound-classification\data\raw\soundwel\IASPIASPShortPr13Sele3isolace11272.wav,other,soundwel
C:\py\pigsound\pig-sound-classification\data\raw\soundwel\IASPIASPShortPr13Sele3isolace11306.wav,other,soundwel
C:\py\pigsound\pig-sound-classification\data\raw\soundwel\IASPIASPShortPr13Sele3isolace11375.wav,other,soundwel
C:\py\pigsound\pig-sound-classification\data\raw\soundwel\IASPIASPShortPr13Sele3isolace11381.wav,other,soundwel
C:\py\pigsound\pig-sound-classification\data\raw\soundwel\IASPIASPShortPr13Sele3isolace11440.wav,other,soundwel
C:\py\pigsound\pig-sound-classification\data\raw\soundwel\IASPIASPShortPr13Sele3isolace11457.wav,other,soundwel
C:\py\pigsound\pig-sound-classification\data\raw\soundwel\IASPIASPShortPr13Sele3isolace11463.wav,other,soundwel
C:\py\pigsound\pig-sound-classification\data\raw\soundwel\IASPIASPShortPr13Sele3isolace11491.wav,other,soundwel
C:\py\pigsound\pig-sound-classification\data\raw\soundwel\IASPIASPShortPr13Sele3isolace11494.wav,other,soundwel
C:\py\pigsound\pig-sound-classification\data\raw\soundwel\IASPIASPShortPr13Sele3isolace11579.wav,other,soundwel
C:\py\pigsound\pig-sound-classification\data\raw\soundwel\IASPIASPShortPr13Sele3isolace1192.wav,other,soundwel
C:\py\pigsound\pig-sound-classification\data\raw\soundwel\IASPIASPShortPr13Sele4isolace11137.wav,other,soundwel
C:\py\pigsound\pig-sound-classification\data\raw\soundwel\IASPIASPShortPr13Sele4isolace1115.wav,other,soundwel
C:\py\pigsound\pig-sound-classification\data\raw\soundwel\IASPIASPShortPr13Sele4isolace11154.wav,other,soundwel
C:\py\pigsound\pig-sound-classification\data\raw\soundwel\IASPIASPShortPr13Sele4isolace1130.wav,other,soundwel
C:\py\pigsound\pig-sound-classification\data\raw\soundwel\IASPIASPShortPr13Sele4isolace11385.wav,other,soundwel
C:\py\pigsound\pig-sound-classification\data\raw\soundwel\IASPIASPShortPr13Sele4isolace11395.wav,other,soundwel
C:\py\pigsound\pig-sound-classification\data\raw\soundwel\IASPIASPShortPr13Sele4isolace11403.wav,other,soundwel
C:\py\pigsound\pig-sound-classification\data\raw\soundwel\IASPIASPShortPr13Sele4isolace1142.wav,other,soundwel
C:\py\pigsound\pig-sound-classification\data\raw\soundwel\IASPIASPShortPr13Sele5isolace2112.wav,other,soundwel
C:\py\pigsound\pig-sound-classification\data\raw\soundwel\IASPIASPShortPr13Sele5isolace21129.wav,other,soundwel
C:\py\pigsound\pig-sound-classification\data\raw\soundwel\IASPIASPShortPr13Sele5isolace21130.wav,other,soundwel
C:\py\pigsound\pig-sound-classification\data\raw\soundwel\IASPIASPShortPr13Sele5isolace21151.wav,other,soundwel
C:\py\pigsound\pig-sound-classification\data\raw\soundwel\IASPIASPShortPr13Sele5isolace21161.wav,other,soundwel
C:\py\pigsound\pig-sound-classification\data\raw\soundwel\IASPIASPShortPr13Sele5isolace21176.wav,other,soundwel
C:\py\pigsound\pig-sound-classification\data\raw\soundwel\IASPIASPShortPr13Sele5isolace21186.wav,other,soundwel
C:\py\pigsound\pig-sound-classification\data\raw\soundwel\IASPIASPShortPr13Sele5isolace21191.wav,other,soundwel
C:\py\pigsound\pig-sound-classification\data\raw\soundwel\IASPIASPShortPr13Sele5isolace2178.wav,other,soundwel
C:\py\pigsound\pig-sound-classification\data\raw\soundwel\IASPIASPShortPr13Sele5isolace2190.wav,other,soundwel
C:\py\pigsound\pig-sound-classification\data\raw\soundwel\IASPIASPShortPr13Sele9isolace11105.wav,other,soundwel
C:\py\pigsound\pig-sound-classification\data\raw\soundwel\IASPIASPShortPr13Sele9isolace11107.wav,other,soundwel
C:\py\pigsound\pig-sound-classification\data\raw\soundwel\IASPIASPShortPr13Sele9isolace11113.wav,other,soundwel
C:\py\pigsound\pig-sound-classification\data\raw\soundwel\IASPIASPShortPr13Sele9isolace11155.wav,other,soundwel
C:\py\pigsound\pig-sound-classification\data\raw\soundwel\IASPIASPShortPr13Sele9isolace1117.wav,other,soundwel
C:\py\pigsound\pig-sound-classification\data\raw\soundwel\IASPIASPShortPr13Sele9isolace1157.wav,other,soundwel
C:\py\pigsound\pig-sound-classification\data\raw\soundwel\IASPIASPShortPr13Sele9isolace1161.wav,other,soundwel
C:\py\pigsound\pig-sound-classification\data\raw\soundwel\IASPIASPShortPr13Sele9isolace1199.wav,other,soundwel
C:\py\pigsound\pig-sound-classification\data\raw\soundwel\IASPIASPShortPr19Sele04Na8min18.wav,other,soundwel
C:\py\pigsound\pig-sound-classification\data\raw\soundwel\IASPIASPShortPr19Sele04Na8min24.wav,other,soundwel
C:\py\pigsound\pig-sound-classification\data\raw\soundwel\IASPIASPShortPr19Sele04Na8min35.wav,other,soundwel
C:\py\pigsound\pig-sound-classification\data\raw\soundwel\IASPIASPShortPr19Sele04Na8min36.wav,other,soundwel
C:\py\pigsound\pig-sound-classification\data\raw\soundwel\IASPIASPShortPr19Sele04Na8min371.wav,other,soundwel
C:\py\pigsound\pig-sound-classification\data\raw\soundwel\IASPIASPShortPr19Sele04Na8min38.wav,other,soundwel
C:\py\pigsound\pig-sound-classification\data\raw\soundwel\IASPIASPShortPr19Sele04Na8min42.wav,other,soundwel
C:\py\pigsound\pig-sound-classification\data\raw\soundwel\IASPIASPShortPr19Sele04Na8min471.wav,other,soundwel
C:\py\pigsound\pig-sound-classification\data\raw\soundwel\IASPIASPShortPr19Sele04Na8min48.wav,other,soundwel
C:\py\pigsound\pig-sound-classification\data\raw\soundwel\IASPIASPShortPr19Sele04Na8min8.wav,other,soundwel
C:\py\pigsound\pig-sound-classification\data\raw\soundwel\IASPIASPShortPr19Sele12isolaceM1264.wav,other,soundwel
C:\py\pigsound\pig-sound-classification\data\raw\soundwel\IASPIASPShortPr19Sele12isolaceM127.wav,other,soundwel
C:\py\pigsound\pig-sound-classification\data\raw\soundwel\IASPIASPShortPr19Sele12isolaceM1400.wav,other,soundwel
C:\py\pigsound\pig-sound-classification\data\raw\soundwel\IASPIASPShortPr19Sele12isolaceM1413.wav,other,soundwel
C:\py\pigsound\pig-sound-classification\data\raw\soundwel\IASPIASPShortPr19Sele1isolaceM125.wav,other,soundwel
C:\py\pigsound\pig-sound-classification\data\raw\soundwel\IASPIASPShortPr19Sele1isolaceM164.wav,other,soundwel
C:\py\pigsound\pig-sound-classification\data\raw\soundwel\IASPIASPShortPr19Sele3isolaceM122.wav,other,soundwel
C:\py\pigsound\pig-sound-classification\data\raw\soundwel\IASPIASPShortPr19Sele3isolaceM128.wav,other,soundwel
C:\py\pigsound\pig-sound-classification\data\raw\soundwel\IASPIASPShortPr19Sele3isolaceM153.wav,other,soundwel
C:\py\pigsound\pig-sound-classification\data\raw\soundwel\IASPIASPShortPr19Sele3isolaceM197.wav,other,soundwel
C:\py\pigsound\pig-sound-classification\data\raw\soundwel\IASPIASPShortPr19Sele4isolaceM1183.wav,other,soundwel
C:\py\pigsound\pig-sound-classification\data\raw\soundwel\IASPIASPShortPr19Sele4isolaceM1214.wav,other,soundwel
C:\py\pigsound\pig-sound-classification\data\raw\soundwel\IASPIASPShortPr19Sele4isolaceM1217.wav,other,soundwel
C:\py\pigsound\pig-sound-classification\data\raw\soundwel\IASPIASPShortPr19Sele4isolaceM1240.wav,other,soundwel
C:\py\pigsound\pig-sound-classification\data\raw\soundwel\IASPIASPShortPr19Sele4isolaceM1248.wav,other,soundwel
C:\py\pigsound\pig-sound-classification\data\raw\soundwel\IASPIASPShortPr19Sele4isolaceM187.wav,other,soundwel
C:\py\pigsound\pig-sound-classification\data\raw\soundwel\IASPIASPShortPr36Sele01Na3min15.wav,other,soundwel
C:\py\pigsound\pig-sound-classification\data\raw\soundwel\IASPIASPShortPr36Sele01Na3min18.wav,other,soundwel
C:\py\pigsound\pig-sound-classification\data\raw\soundwel\IASPIASPShortPr36Sele01Na3min2.wav,other,soundwel
C:\py\pigsound\pig-sound-classification\data\raw\soundwel\IASPIASPShortPr36Sele01Na3min6.wav,other,soundwel
C:\py\pigsound\pig-sound-classification\data\raw\soundwel\IASPIASPShortPr36Sele01Na3min8.wav,other,soundwel
C:\py\pigsound\pig-sound-classification\data\raw\soundwel\IASPIASPShortPr36Sele02Na8min18.wav,other,soundwel
C:\py\pigsound\pig-sound-classification\data\raw\soundwel\IASPIASPShortPr36Sele02Na8min2.wav,other,soundwel
C:\py\pigsound\pig-sound-classification\data\raw\soundwel\IASPIASPShortPr36Sele05Na3min11.wav,other,soundwel
C:\py\pigsound\pig-sound-classification\data\raw\soundwel\IASPIASPShortPr36Sele05Na3min12.wav,other,soundwel
C:\py\pigsound\pig-sound-classification\data\raw\soundwel\IASPIASPShortPr36Sele05Na3min14.wav,other,soundwel
C:\py\pigsound\pig-sound-classification\data\raw\soundwel\IASPIASPShortPr36Sele05Na3min18.wav,other,soundwel
C:\py\pigsound\pig-sound-classification\data\raw\soundwel\IASPIASPShortPr36Sele05Na3min19.wav,other,soundwel
C:\py\pigsound\pig-sound-classification\data\raw\soundwel\IASPIASPShortPr36Sele05Na3min8.wav,other,soundwel
C:\py\pigsound\pig-sound-classification\data\raw\soundwel\IASPIASPShortPr36Sele06Na8min14.wav,other,soundwel
C:\py\pigsound\pig-sound-classification\data\raw\soundwel\IASPIASPShortPr36Sele06Na8min4.wav,other,soundwel
C:\py\pigsound\pig-sound-classification\data\raw\soundwel\IASPIASPShortPr36Sele07Na8min1.wav,other,soundwel
C:\py\pigsound\pig-sound-classification\data\raw\soundwel\IASPIASPShortPr36Sele07Na8min11.wav,other,soundwel
C:\py\pigsound\pig-sound-classification\data\raw\soundwel\IASPIASPShortPr36Sele07Na8min20.wav,other,soundwel
C:\py\pigsound\pig-sound-classification\data\raw\soundwel\IASPIASPShortPr36Sele07Na8min30.wav,other,soundwel
C:\py\pigsound\pig-sound-classification\data\raw\soundwel\IASPIASPShortPr36Sele07Na8min344.wav,other,soundwel
C:\py\pigsound\pig-sound-classification\data\raw\soundwel\IASPIASPShortPr36Sele07Na8min7a.wav,other,soundwel
C:\py\pigsound\pig-sound-classification\data\raw\soundwel\IASPIASPShortPr36Sele09Na3min3.wav,other,soundwel
C:\py\pigsound\pig-sound-classification\data\raw\soundwel\IASPIASPShortPr36Sele09Na3min5.wav,other,soundwel
C:\py\pigsound\pig-sound-classification\data\raw\soundwel\IASPIASPShortPr36Sele10isolaceM1104.wav,other,soundwel
C:\py\pigsound\pig-sound-classification\data\raw\soundwel\IASPIASPShortPr36Sele10isolaceM1113.wav,other,soundwel
C:\py\pigsound\pig-sound-classification\data\raw\soundwel\IASPIASPShortPr36Sele10isolaceM1118.wav,other,soundwel
C:\py\pigsound\pig-sound-classification\data\raw\soundwel\IASPIASPShortPr36Sele10isolaceM115.wav,other,soundwel
C:\py\pigsound\pig-sound-classification\data\raw\soundwel\IASPIASPShortPr36Sele10isolaceM1176.wav,other,soundwel
C:\py\pigsound\pig-sound-classification\data\raw\soundwel\IASPIASPShortPr36Sele10isolaceM13.wav,other,soundwel
C:\py\pigsound\pig-sound-classification\data\raw\soundwel\IASPIASPShortPr36Sele10isolaceM185b.wav,other,soundwel
C:\py\pigsound\pig-sound-classification\data\raw\soundwel\IASPIASPShortPr36Sele1isolaceF1100.wav,other,soundwel
C:\py\pigsound\pig-sound-classification\data\raw\soundwel\IASPIASPShortPr36Sele1isolaceF1112.wav,other,soundwel
C:\py\pigsound\pig-sound-classification\data\raw\soundwel\IASPIASPShortPr36Sele1isolaceF1116.wav,other,soundwel
C:\py\pigsound\pig-sound-classification\data\raw\soundwel\IASPIASPShortPr36Sele1isolaceF1144.wav,other,soundwel
C:\py\pigsound\pig-sound-classification\data\raw\soundwel\IASPIASPShortPr36Sele1isolaceF119.wav,other,soundwel
C:\py\pigsound\pig-sound-classification\data\raw\soundwel\IASPIASPShortPr36Sele1isolaceF1210.wav,other,soundwel
C:\py\pigsound\pig-sound-classification\data\raw\soundwel\IASPIASPShortPr36Sele1isolaceF124.wav,other,soundwel
C:\py\pigsound\pig-sound-classification\data\raw\soundwel\IASPIASPShortPr36Sele1isolaceF168.wav,other,soundwel
C:\py\pigsound\pig-sound-classification\data\raw\soundwel\IASPIASPShortPr36Sele1isolaceF170.wav,other,soundwel
C:\py\pigsound\pig-sound-classification\data\raw\soundwel\IASPIASPShortPr36Sele1isolaceF193.wav,other,soundwel
C:\py\pigsound\pig-sound-classification\data\raw\soundwel\IASPIASPShortPr36Sele1isolaceF197.wav,other,soundwel
C:\py\pigsound\pig-sound-classification\data\raw\soundwel\IASPIASPShortPr36Sele2isolaceM1166.wav,other,soundwel
C:\py\pigsound\pig-sound-classification\data\raw\soundwel\IASPIASPShortPr36Sele2isolaceM1202.wav,other,soundwel
C:\py\pigsound\pig-sound-classification\data\raw\soundwel\IASPIASPShortPr36Sele2isolaceM1363.wav,other,soundwel
C:\py\pigsound\pig-sound-classification\data\raw\soundwel\IASPIASPShortPr36Sele2isolaceM1396.wav,other,soundwel
C:\py\pigsound\pig-sound-classification\data\raw\soundwel\IASPIASPShortPr36Sele2isolaceM1436.wav,other,soundwel
C:\py\pigsound\pig-sound-classification\data\raw\soundwel\IASPIASPShortPr36Sele2isolaceM1441.wav,other,soundwel
C:\py\pigsound\pig-sound-classification\data\raw\soundwel\IASPIASPShortPr36Sele2isolaceM1520.wav,other,soundwel
C:\py\pigsound\pig-sound-classification\data\raw\soundwel\IASPIASPShortPr36Sele2isolaceM153.wav,other,soundwel
C:\py\pigsound\pig-sound-classification\data\raw\soundwel\IASPIASPShortPr36Sele2isolaceM1581.wav,other,soundwel
C:\py\pigsound\pig-sound-classification\data\raw\soundwel\IASPIASPShortPr36Sele2isolaceM1620.wav,other,soundwel
C:\py\pigsound\pig-sound-classification\data\raw\soundwel\IASPIASPShortPr36Sele3isolaceM1208.wav,other,soundwel
C:\py\pigsound\pig-sound-classification\data\raw\soundwel\IASPIASPShortPr36Sele3isolaceM1221.wav,other,soundwel
C:\py\pigsound\pig-sound-classification\data\raw\soundwel\IASPIASPShortPr36Sele3isolaceM168.wav,other,soundwel
C:\py\pigsound\pig-sound-classification\data\raw\soundwel\IASPIASPShortPr36Sele5isolaceF1133.wav,other,soundwel
C:\py\pigsound\pig-sound-classification\data\raw\soundwel\IASPIASPShortPr36Sele5isolaceF180.wav,other,soundwel
C:\py\pigsound\pig-sound-classification\data\raw\soundwel\IASPIASPShortPr36Sele6isolaceF1129.wav,other,soundwel
C:\py\pigsound\pig-sound-classification\data\raw\soundwel\IASPIASPShortPr36Sele6isolaceF1246.wav,other,soundwel
C:\py\pigsound\pig-sound-classification\data\raw\soundwel\IASPIASPShortPr36Sele6isolaceF1272.wav,other,soundwel
C:\py\pigsound\pig-sound-classification\data\raw\soundwel\IASPIASPShortPr36Sele6isolaceF13384.wav,other,soundwel
C:\py\pigsound\pig-sound-classification\data\raw\soundwel\IASPIASPShortPr36Sele6isolaceF14.wav,other,soundwel
C:\py\pigsound\pig-sound-classification\data\raw\soundwel\IASPIASPShortPr36Sele7isolF1511.wav,other,soundwel
C:\py\pigsound\pig-sound-classification\data\raw\soundwel\IASPIASPShortPr36Sele7isolF191.wav,other,soundwel
C:\py\pigsound\pig-sound-classification\data\raw\soundwel\IASPIASPShortPr36Sele7isolF41.wav,other,soundwel
C:\py\pigsound\pig-sound-classification\data\raw\soundwel\IASPIASPShortPr36Sele9isolaceM1102.wav,other,soundwel
C:\py\pigsound\pig-sound-classification\data\raw\soundwel\IASPIASPShortPr36Sele9isolaceM1117.wav,other,soundwel
C:\py\pigsound\pig-sound-classification\data\raw\soundwel\IASPIASPShortPr36Sele9isolaceM1153.wav,other,soundwel
C:\py\pigsound\pig-sound-classification\data\raw\soundwel\IASPIASPShortPr36Sele9isolaceM1172.wav,other,soundwel
C:\py\pigsound\pig-sound-classification\data\raw\soundwel\IASPIASPShortPr36Sele9isolaceM1194.wav,other,soundwel
C:\py\pigsound\pig-sound-classification\data\raw\soundwel\IASPIASPShortPr36Sele9isolaceM1206.wav,other,soundwel
C:\py\pigsound\pig-sound-classification\data\raw\soundwel\IASPIASPShortPr39Sele03Na8min16.wav,other,soundwel
C:\py\pigsound\pig-sound-classification\data\raw\soundwel\IASPIASPShortPr39Sele03Na8min172.wav,other,soundwel
C:\py\pigsound\pig-sound-classification\data\raw\soundwel\IASPIASPShortPr39Sele03Na8min174.wav,other,soundwel
C:\py\pigsound\pig-sound-classification\data\raw\soundwel\IASPIASPShortPr39Sele03Na8min3.wav,other,soundwel
C:\py\pigsound\pig-sound-classification\data\raw\soundwel\IASPIASPShortPr39Sele03Na8min6.wav,other,soundwel
C:\py\pigsound\pig-sound-classification\data\raw\soundwel\IASPIASPShortPr39Sele03Na8min8.wav,other,soundwel
C:\py\pigsound\pig-sound-classification\data\raw\soundwel\IASPIASPShortPr39Sele05Na8min10.wav,other,soundwel
C:\py\pigsound\pig-sound-classification\data\raw\soundwel\IASPIASPShortPr39Sele05Na8min11.wav,other,soundwel
C:\py\pigsound\pig-sound-classification\data\raw\soundwel\IASPIASPShortPr39Sele05Na8min124.wav,other,soundwel
C:\py\pigsound\pig-sound-classification\data\raw\soundwel\IASPIASPShortPr39Sele05Na8min141.wav,other,soundwel
C:\py\pigsound\pig-sound-classification\data\raw\soundwel\IASPIASPShortPr39Sele05Na8min8.wav,other,soundwel
C:\py\pigsound\pig-sound-classification\data\raw\soundwel\IASPIASPShortPr39Sele06Na3min15.wav,other,soundwel
C:\py\pigsound\pig-sound-classification\data\raw\soundwel\IASPIASPShortPr39Sele06Na3min16.wav,other,soundwel
C:\py\pigsound\pig-sound-classification\data\raw\soundwel\IASPIASPShortPr39Sele06Na3min17.wav,other,soundwel
C:\py\pigsound\pig-sound-classification\data\raw\soundwel\IASPIASPShortPr39Sele06Na3min22.wav,other,soundwel
C:\py\pigsound\pig-sound-classification\data\raw\soundwel\IASPIASPShortPr39Sele06Na3min7.wav,other,soundwel
C:\py\pigsound\pig-sound-classification\data\raw\soundwel\IASPIASPShortPr39Sele08Na3min6.wav,other,soundwel
C:\py\pigsound\pig-sound-classification\data\raw\soundwel\IASPIASPShortPr39Sele08Na3min71.wav,other,soundwel
C:\py\pigsound\pig-sound-classification\data\raw\soundwel\IASPIASPShortPr39Sele08Na3min8.wav,other,soundwel
C:\py\pigsound\pig-sound-classification\data\raw\soundwel\IASPIASPShortPr39Sele09Na3min10.wav,other,soundwel
C:\py\pigsound\pig-sound-classification\data\raw\soundwel\IASPIASPShortPr39Sele09Na3min11.wav,other,soundwel
C:\py\pigsound\pig-sound-classification\data\raw\soundwel\IASPIASPShortPr39Sele09Na3min14.wav,other,soundwel
C:\py\pigsound\pig-sound-classification\data\raw\soundwel\IASPIASPShortPr39Sele09Na3min15.wav,other,soundwel
C:\py\pigsound\pig-sound-classification\data\raw\soundwel\IASPIASPShortPr39Sele09Na3min18.wav,other,soundwel
C:\py\pigsound\pig-sound-classification\data\raw\soundwel\IASPIASPShortPr39Sele09Na3min19.wav,other,soundwel
C:\py\pigsound\pig-sound-classification\data\raw\soundwel\IASPIASPShortPr39Sele09Na3min2.wav,other,soundwel
C:\py\pigsound\pig-sound-classification\data\raw\soundwel\IASPIASPShortPr39Sele09Na3min21.wav,other,soundwel
C:\py\pigsound\pig-sound-classification\data\raw\soundwel\IASPIASPShortPr39Sele09Na3min24.wav,other,soundwel
C:\py\pigsound\pig-sound-classification\data\raw\soundwel\IASPIASPShortPr39Sele09Na3min25.wav,other,soundwel
C:\py\pigsound\pig-sound-classification\data\raw\soundwel\IASPIASPShortPr39Sele09Na3min26.wav,other,soundwel
C:\py\pigsound\pig-sound-classification\data\raw\soundwel\IASPIASPShortPr39Sele09Na3min27.wav,other,soundwel
C:\py\pigsound\pig-sound-classification\data\raw\soundwel\IASPIASPShortPr39Sele09Na3min4.wav,other,soundwel
C:\py\pigsound\pig-sound-classification\data\raw\soundwel\IASPIASPShortPr39Sele09Na3min5.wav,other,soundwel
C:\py\pigsound\pig-sound-classification\data\raw\soundwel\IASPIASPShortPr39Sele09Na3min7.wav,other,soundwel
C:\py\pigsound\pig-sound-classification\data\raw\soundwel\IASPIASPShortPr39Sele09Na3min8.wav,other,soundwel
C:\py\pigsound\pig-sound-classification\data\raw\soundwel\IASPIASPShortPr39Sele09Na3min9.wav,other,soundwel
C:\py\pigsound\pig-sound-classification\data\raw\soundwel\IASPIASPShortPr39Sele10opr3109.wav,other,soundwel
C:\py\pigsound\pig-sound-classification\data\raw\soundwel\IASPIASPShortPr39Sele10opr313.wav,other,soundwel
C:\py\pigsound\pig-sound-classification\data\raw\soundwel\IASPIASPShortPr39Sele10opr330.wav,other,soundwel
C:\py\pigsound\pig-sound-classification\data\raw\soundwel\IASPIASPShortPr39Sele10opr340.wav,other,soundwel
C:\py\pigsound\pig-sound-classification\data\raw\soundwel\IASPIASPShortPr39Sele11opr1119.wav,other,soundwel
C:\py\pigsound\pig-sound-classification\data\raw\soundwel\IASPIASPShortPr39Sele11opr115.wav,other,soundwel
C:\py\pigsound\pig-sound-classification\data\raw\soundwel\IASPIASPShortPr39Sele11opr183.wav,other,soundwel
C:\py\pigsound\pig-sound-classification\data\raw\soundwel\IASPIASPShortPr39Sele2opr2114d.wav,other,soundwel
C:\py\pigsound\pig-sound-classification\data\raw\soundwel\IASPIASPShortPr39Sele2opr2131a.wav,other,soundwel
C:\py\pigsound\pig-sound-classification\data\raw\soundwel\IASPIASPShortPr39Sele2opr2145.wav,other,soundwel
C:\py\pigsound\pig-sound-classification\data\raw\soundwel\IASPIASPShortPr39Sele2opr2158.wav,other,soundwel
C:\py\pigsound\pig-sound-classification\data\raw\soundwel\IASPIASPShortPr39Sele2opr261.wav,other,soundwel
C:\py\pigsound\pig-sound-classification\data\raw\soundwel\IASPIASPShortPr39Sele2opr295.wav,other,soundwel
C:\py\pigsound\pig-sound-classification\data\raw\soundwel\IASPIASPShortPr39Sele3opr2254.wav,other,soundwel
C:\py\pigsound\pig-sound-classification\data\raw\soundwel\IASPIASPShortPr39Sele3opr2328.wav,other,soundwel
C:\py\pigsound\pig-sound-classification\data\raw\soundwel\IASPIASPShortPr39Sele3opr2414.wav,other,soundwel
C:\py\pigsound\pig-sound-classification\data\raw\soundwel\IASPIASPShortPr39Sele3opr264.wav,other,soundwel
C:\py\pigsound\pig-sound-classification\data\raw\soundwel\IASPIASPShortPr39Sele5opr2119.wav,other,soundwel
C:\py\pigsound\pig-sound-classification\data\raw\soundwel\IASPIASPShortPr39Sele5opr2194.wav,other,soundwel
C:\py\pigsound\pig-sound-classification\data\raw\soundwel\IASPIASPShortPr39Sele5opr2258.wav,other,soundwel
C:\py\pigsound\pig-sound-classification\data\raw\soundwel\IASPIASPShortPr39Sele5opr2368.wav,other,soundwel
C:\py\pigsound\pig-sound-classification\data\raw\soundwel\IASPIASPShortPr39Sele5opr2470.wav,other,soundwel
C:\py\pigsound\pig-sound-classification\data\raw\soundwel\IASPIASPShortPr39Sele5opr2490.wav,other,soundwel
C:\py\pigsound\pig-sound-classification\data\raw\soundwel\IASPIASPShortPr39Sele5opr272.wav,other,soundwel
C:\py\pigsound\pig-sound-classification\data\raw\soundwel\IASPIASPShortPr39Sele6opr3115.wav,other,soundwel
C:\py\pigsound\pig-sound-classification\data\raw\soundwel\IASPIASPShortPr39Sele6opr31161.wav,other,soundwel
C:\py\pigsound\pig-sound-classification\data\raw\soundwel\IASPIASPShortPr39Sele6opr3162.wav,other,soundwel
C:\py\pigsound\pig-sound-classification\data\raw\soundwel\IASPIASPShortPr39Sele6opr3180a.wav,other,soundwel
C:\py\pigsound\pig-sound-classification\data\raw\soundwel\IASPIASPShortPr39Sele6opr320.wav,other,soundwel
C:\py\pigsound\pig-sound-classification\data\raw\soundwel\IASPIASPShortPr39Sele6opr3205.wav,other,soundwel
C:\py\pigsound\pig-sound-classification\data\raw\soundwel\IASPIASPShortPr39Sele6opr321.wav,other,soundwel
C:\py\pigsound\pig-sound-classification\data\raw\soundwel\IASPIASPShortPr39Sele6opr350.wav,other,soundwel
C:\py\pigsound\pig-sound-classification\data\raw\soundwel\IASPIASPShortPr39Sele8opr312.wav,other,soundwel
C:\py\pigsound\pig-sound-classification\data\raw\soundwel\IASPIASPShortPr39Sele8opr3138.wav,other,soundwel
C:\py\pigsound\pig-sound-classification\data\raw\soundwel\IASPIASPShortPr39Sele8opr316.wav,other,soundwel
C:\py\pigsound\pig-sound-classification\data\raw\soundwel\IASPIASPShortPr39Sele8opr3160.wav,other,soundwel
C:\py\pigsound\pig-sound-classification\data\raw\soundwel\IASPIASPShortPr39Sele8opr354.wav,other,soundwel
C:\py\pigsound\pig-sound-classification\data\raw\soundwel\IASPIASPShortPr39Sele8opr354a.wav,other,soundwel
C:\py\pigsound\pig-sound-classification\data\raw\soundwel\IASPIASPShortPr39Sele8opr399.wav,other,soundwel
C:\py\pigsound\pig-sound-classification\data\raw\soundwel\IASPIASPShortPr39Sele9opr2118.wav,other,soundwel
C:\py\pigsound\pig-sound-classification\data\raw\soundwel\IASPIASPShortPr39Sele9opr2132a.wav,other,soundwel
C:\py\pigsound\pig-sound-classification\data\raw\soundwel\IASPIASPShortPr39Sele9opr2164.wav,other,soundwel
C:\py\pigsound\pig-sound-classification\data\raw\soundwel\IASPIASPShortPr39Sele9opr2185.wav,other,soundwel
C:\py\pigsound\pig-sound-classification\data\raw\soundwel\IASPIASPShortPr39Sele9opr2206.wav,other,soundwel
C:\py\pigsound\pig-sound-classification\data\raw\soundwel\IASPIASPShortPr39Sele9opr225.wav,other,soundwel
C:\py\pigsound\pig-sound-classification\data\raw\soundwel\IASPIASPShortPr39Sele9opr241.wav,other,soundwel
C:\py\pigsound\pig-sound-classification\data\raw\soundwel\IASPIASPShortPr39Sele9opr249.wav,other,soundwel
C:\py\pigsound\pig-sound-classification\data\raw\soundwel\IASPIASPShortPr39Sele9opr273.wav,other,soundwel
C:\py\pigsound\pig-sound-classification\data\raw\soundwel\IASPIASPShortPr41Sele03Na8min11.wav,other,soundwel
C:\py\pigsound\pig-sound-classification\data\raw\soundwel\IASPIASPShortPr41Sele03Na8min12.wav,other,soundwel
C:\py\pigsound\pig-sound-classification\data\raw\soundwel\IASPIASPShortPr41Sele03Na8min13.wav,other,soundwel
C:\py\pigsound\pig-sound-classification\data\raw\soundwel\IASPIASPShortPr41Sele03Na8min15.wav,other,soundwel
C:\py\pigsound\pig-sound-classification\data\raw\soundwel\IASPIASPShortPr41Sele03Na8min16.wav,other,soundwel
C:\py\pigsound\pig-sound-classification\data\raw\soundwel\IASPIASPShortPr41Sele03Na8min20.wav,other,soundwel
C:\py\pigsound\pig-sound-classification\data\raw\soundwel\IASPIASPShortPr41Sele03Na8min29.wav,other,soundwel
C:\py\pigsound\pig-sound-classification\data\raw\soundwel\IASPIASPShortPr41Sele03Na8min35.wav,other,soundwel
C:\py\pigsound\pig-sound-classification\data\raw\soundwel\IASPIASPShortPr41Sele03Na8min43.wav,other,soundwel
C:\py\pigsound\pig-sound-classification\data\raw\soundwel\IASPIASPShortPr41Sele03Na8min5.wav,other,soundwel
C:\py\pigsound\pig-sound-classification\data\raw\soundwel\IASPIASPShortPr41Sele03Na8min9.wav,other,soundwel
C:\py\pigsound\pig-sound-classification\data\raw\soundwel\IASPIASPShortPr41Sele04Na3min3.wav,other,soundwel
C:\py\pigsound\pig-sound-classification\data\raw\soundwel\IASPIASPShortPr41Sele05Na3min10.wav,other,soundwel
C:\py\pigsound\pig-sound-classification\data\raw\soundwel\IASPIASPShortPr41Sele05Na3min11.wav,other,soundwel
C:\py\pigsound\pig-sound-classification\data\raw\soundwel\IASPIASPShortPr41Sele05Na3min12.wav,other,soundwel
C:\py\pigsound\pig-sound-classification\data\raw\soundwel\IASPIASPShortPr41Sele05Na3min14.wav,other,soundwel
C:\py\pigsound\pig-sound-classification\data\raw\soundwel\IASPIASPShortPr41Sele05Na3min15.wav,other,soundwel
C:\py\pigsound\pig-sound-classification\data\raw\soundwel\IASPIASPShortPr41Sele05Na3min4.wav,other,soundwel
C:\py\pigsound\pig-sound-classification\data\raw\soundwel\IASPIASPShortPr41Sele06Na8min2.wav,other,soundwel
C:\py\pigsound\pig-sound-classification\data\raw\soundwel\IASPIASPShortPr41Sele07Na3min2.wav,other,soundwel
C:\py\pigsound\pig-sound-classification\data\raw\soundwel\IASPIASPShortPr41Sele07Na3min3.wav,other,soundwel
C:\py\pigsound\pig-sound-classification\data\raw\soundwel\IASPIASPShortPr41Sele07Na3min4.wav,other,soundwel
C:\py\pigsound\pig-sound-classification\data\raw\soundwel\IASPIASPShortPr41Sele07Na3min5.wav,other,soundwel
C:\py\pigsound\pig-sound-classification\data\raw\soundwel\IASPIASPShortPr41Sele07Na3min6.wav,other,soundwel
C:\py\pigsound\pig-sound-classification\data\raw\soundwel\IASPIASPShortPr41Sele07Na3min7.wav,other,soundwel
C:\py\pigsound\pig-sound-classification\data\raw\soundwel\IASPIASPShortPr41Sele08Na8min4.wav,other,soundwel
C:\py\pigsound\pig-sound-classification\data\raw\soundwel\IASPIASPShortPr41Sele08Na8min6.wav,other,soundwel
C:\py\pigsound\pig-sound-classification\data\raw\soundwel\IASPIASPShortPr41Sele08Na8min8.wav,other,soundwel
C:\py\pigsound\pig-sound-classification\data\raw\soundwel\IASPIASPShortPr41Sele2isolace11120.wav,other,soundwel
C:\py\pigsound\pig-sound-classification\data\raw\soundwel\IASPIASPShortPr41Sele2isolace11201.wav,other,soundwel
C:\py\pigsound\pig-sound-classification\data\raw\soundwel\IASPIASPShortPr41Sele2isolace11231.wav,other,soundwel
C:\py\pigsound\pig-sound-classification\data\raw\soundwel\IASPIASPShortPr41Sele2isolace11382.wav,other,soundwel
C:\py\pigsound\pig-sound-classification\data\raw\soundwel\IASPIASPShortPr41Sele2isolace11522.wav,other,soundwel
C:\py\pigsound\pig-sound-classification\data\raw\soundwel\IASPIASPShortPr41Sele2isolace11541.wav,other,soundwel
C:\py\pigsound\pig-sound-classification\data\raw\soundwel\IASPIASPShortPr41Sele3isolace1111.wav,other,soundwel
C:\py\pigsound\pig-sound-classification\data\raw\soundwel\IASPIASPShortPr41Sele3isolace11133.wav,other,soundwel
C:\py\pigsound\pig-sound-classification\data\raw\soundwel\IASPIASPShortPr41Sele3isolace11140.wav,other,soundwel
C:\py\pigsound\pig-sound-classification\data\raw\soundwel\IASPIASPShortPr41Sele3isolace11236.wav,other,soundwel
C:\py\pigsound\pig-sound-classification\data\raw\soundwel\IASPIASPShortPr41Sele3isolace11258.wav,other,soundwel
C:\py\pigsound\pig-sound-classification\data\raw\soundwel\IASPIASPShortPr41Sele3isolace1135.wav,other,soundwel
C:\py\pigsound\pig-sound-classification\data\raw\soundwel\IASPIASPShortPr41Sele3isolace1149.wav,other,soundwel
C:\py\pigsound\pig-sound-classification\data\raw\soundwel\IASPIASPShortPr41Sele3isolace1181.wav,other,soundwel
C:\py\pigsound\pig-sound-classification\data\raw\soundwel\IASPIASPShortPr41Sele3isolace1193.wav,other,soundwel
C:\py\pigsound\pig-sound-classification\data\raw\soundwel\IASPIASPShortPr41Sele4isolace21132.wav,other,soundwel
C:\py\pigsound\pig-sound-classification\data\raw\soundwel\IASPIASPShortPr41Sele4isolace21153.wav,other,soundwel
C:\py\pigsound\pig-sound-classification\data\raw\soundwel\IASPIASPShortPr41Sele4isolace21164.wav,other,soundwel
C:\py\pigsound\pig-sound-classification\data\raw\soundwel\IASPIASPShortPr41Sele4isolace21173.wav,other,soundwel
C:\py\pigsound\pig-sound-classification\data\raw\soundwel\IASPIASPShortPr41Sele4isolace21178b.wav,other,soundwel
C:\py\pigsound\pig-sound-classification\data\raw\soundwel\IASPIASPShortPr41Sele4isolace21204.wav,other,soundwel
C:\py\pigsound\pig-sound-classification\data\raw\soundwel\IASPIASPShortPr41Sele4isolace2143.wav,other,soundwel
C:\py\pigsound\pig-sound-classification\data\raw\soundwel\IASPIASPShortPr41Sele4isolace2181.wav,other,soundwel
C:\py\pigsound\pig-sound-classification\data\raw\soundwel\IASPIASPShortPr41Sele5isolace11159.wav,other,soundwel
C:\py\pigsound\pig-sound-classification\data\raw\soundwel\IASPIASPShortPr41Sele5isolace11164.wav,other,soundwel
C:\py\pigsound\pig-sound-classification\data\raw\soundwel\IASPIASPShortPr41Sele5isolace11170.wav,other,soundwel
C:\py\pigsound\pig-sound-classification\data\raw\soundwel\IASPIASPShortPr41Sele5isolace11191.wav,other,soundwel
C:\py\pigsound\pig-sound-classification\data\raw\soundwel\IASPIASPShortPr41Sele5isolace11206.wav,other,soundwel
C:\py\pigsound\pig-sound-classification\data\raw\soundwel\IASPIASPShortPr41Sele5isolace1154.wav,other,soundwel
C:\py\pigsound\pig-sound-classification\data\raw\soundwel\IASPIASPShortPr41Sele5isolace1159.wav,other,soundwel
C:\py\pigsound\pig-sound-classification\data\raw\soundwel\IASPIASPShortPr41Sele5isolace1172.wav,other,soundwel
C:\py\pigsound\pig-sound-classification\data\raw\soundwel\IASPIASPShortPr41Sele5isolace1177.wav,other,soundwel
C:\py\pigsound\pig-sound-classification\data\raw\soundwel\IASPIASPShortPr41Sele6isolace21221.wav,other,soundwel
C:\py\pigsound\pig-sound-classification\data\raw\soundwel\IASPIASPShortPr41Sele6isolace21359.wav,other,soundwel
C:\py\pigsound\pig-sound-classification\data\raw\soundwel\IASPIASPShortPr41Sele6isolace21418.wav,other,soundwel
C:\py\pigsound\pig-sound-classification\data\raw\soundwel\IASPIASPShortPr41Sele6isolace21544.wav,other,soundwel
C:\py\pigsound\pig-sound-classification\data\raw\soundwel\IASPIASPShortPr41Sele7isolace21103.wav,other,soundwel
C:\py\pigsound\pig-sound-classification\data\raw\soundwel\IASPIASPShortPr41Sele7isolace21107.wav,other,soundwel
C:\py\pigsound\pig-sound-classification\data\raw\soundwel\IASPIASPShortPr41Sele7isolace21135.wav,other,soundwel
C:\py\pigsound\pig-sound-classification\data\raw\soundwel\IASPIASPShortPr41Sele7isolace21140.wav,other,soundwel
C:\py\pigsound\pig-sound-classification\data\raw\soundwel\IASPIASPShortPr41Sele7isolace21160.wav,other,soundwel
C:\py\pigsound\pig-sound-classification\data\raw\soundwel\IASPIASPShortPr41Sele7isolace21161.wav,other,soundwel
C:\py\pigsound\pig-sound-classification\data\raw\soundwel\IASPIASPShortPr41Sele7isolace21177.wav,other,soundwel
C:\py\pigsound\pig-sound-classification\data\raw\soundwel\IASPIASPShortPr41Sele7isolace21184.wav,other,soundwel
C:\py\pigsound\pig-sound-classification\data\raw\soundwel\IASPIASPShortPr41Sele7isolace21190.wav,other,soundwel
C:\py\pigsound\pig-sound-classification\data\raw\soundwel\IASPIASPShortPr41Sele7isolace2120.wav,other,soundwel
C:\py\pigsound\pig-sound-classification\data\raw\soundwel\IASPIASPShortPr41Sele7isolace21237.wav,other,soundwel
C:\py\pigsound\pig-sound-classification\data\raw\soundwel\IASPIASPShortPr41Sele7isolace21242.wav,other,soundwel
C:\py\pigsound\pig-sound-classification\data\raw\soundwel\IASPIASPShortPr41Sele7isolace21250.wav,other,soundwel
C:\py\pigsound\pig-sound-classification\data\raw\soundwel\IASPIASPShortPr41Sele7isolace21266.wav,other,soundwel
C:\py\pigsound\pig-sound-classification\data\raw\soundwel\IASPIASPShortPr41Sele7isolace2127.wav,other,soundwel
C:\py\pigsound\pig-sound-classification\data\raw\soundwel\IASPIASPShortPr41Sele7isolace21280.wav,other,soundwel
C:\py\pigsound\pig-sound-classification\data\raw\soundwel\IASPIASPShortPr41Sele7isolace2136.wav,other,soundwel
C:\py\pigsound\pig-sound-classification\data\raw\soundwel\IASPIASPShortPr41Sele7isolace2161.wav,other,soundwel
C:\py\pigsound\pig-sound-classification\data\raw\soundwel\IASPIASPShortPr41Sele8isolace11110.wav,other,soundwel
C:\py\pigsound\pig-sound-classification\data\raw\soundwel\IASPIASPShortPr41Sele8isolace11138a.wav,other,soundwel
C:\py\pigsound\pig-sound-classification\data\raw\soundwel\IASPIASPShortPr41Sele8isolace11153.wav,other,soundwel
C:\py\pigsound\pig-sound-classification\data\raw\soundwel\IASPIASPShortPr41Sele8isolace11190.wav,other,soundwel
C:\py\pigsound\pig-sound-classification\data\raw\soundwel\IASPIASPShortPr41Sele8isolace11208.wav,other,soundwel
C:\py\pigsound\pig-sound-classification\data\raw\soundwel\IASPIASPShortPr41Sele8isolace11300.wav,other,soundwel
C:\py\pigsound\pig-sound-classification\data\raw\soundwel\IASPIASPShortPr41Sele8isolace11368.wav,other,soundwel
C:\py\pigsound\pig-sound-classification\data\raw\soundwel\IASPIASPShortPr41Sele8isolace11374.wav,other,soundwel
C:\py\pigsound\pig-sound-classification\data\raw\soundwel\IASPIASPShortPr41Sele8isolace11473.wav,other,soundwel
C:\py\pigsound\pig-sound-classification\data\raw\soundwel\IASPIASPShortPr41Sele8isolace11582.wav,other,soundwel
C:\py\pigsound\pig-sound-classification\data\raw\soundwel\IASPIASPShortPr41Sele9isolace21167.wav,other,soundwel
C:\py\pigsound\pig-sound-classification\data\raw\soundwel\IASPIASPShortPr41Sele9isolace21171.wav,other,soundwel
C:\py\pigsound\pig-sound-classification\data\raw\soundwel\IASPIASPShortPr41Sele9isolace21188.wav,other,soundwel
C:\py\pigsound\pig-sound-classification\data\raw\soundwel\IASPIASPShortPr41Sele9isolace21189.wav,other,soundwel
C:\py\pigsound\pig-sound-classification\data\raw\soundwel\IASPIASPShortPr41Sele9isolace21195.wav,other,soundwel
C:\py\pigsound\pig-sound-classification\data\raw\soundwel\IASPIASPShortPr41Sele9isolace21200.wav,other,soundwel
C:\py\pigsound\pig-sound-classification\data\raw\soundwel\IASPIASPShortPr41Sele9isolace21262.wav,other,soundwel
C:\py\pigsound\pig-sound-classification\data\raw\soundwel\IASPIASPShortPr41Sele9isolace2175.wav,other,soundwel
C:\py\pigsound\pig-sound-classification\data\raw\soundwel\IASPIASPShortPr41Sele9isolace2176.wav,other,soundwel
C:\py\pigsound\pig-sound-classification\data\raw\soundwel\IASPIASPShortPr47Sele04Na3min11.wav,other,soundwel
C:\py\pigsound\pig-sound-classification\data\raw\soundwel\IASPIASPShortPr47Sele04Na3min16.wav,other,soundwel
C:\py\pigsound\pig-sound-classification\data\raw\soundwel\IASPIASPShortPr47Sele04Na3min17.wav,other,soundwel
C:\py\pigsound\pig-sound-classification\data\raw\soundwel\IASPIASPShortPr47Sele04Na3min5.wav,other,soundwel
C:\py\pigsound\pig-sound-classification\data\raw\soundwel\IASPIASPShortPr47Sele04Na3min7.wav,other,soundwel
C:\py\pigsound\pig-sound-classification\data\raw\soundwel\IASPIASPShortPr47Sele04Na3min8.wav,other,soundwel
C:\py\pigsound\pig-sound-classification\data\raw\soundwel\IASPIASPShortPr47Sele05Na3min11.wav,other,soundwel
C:\py\pigsound\pig-sound-classification\data\raw\soundwel\IASPIASPShortPr47Sele05Na3min13.wav,other,soundwel
C:\py\pigsound\pig-sound-classification\data\raw\soundwel\IASPIASPShortPr47Sele05Na3min131.wav,other,soundwel
C:\py\pigsound\pig-sound-classification\data\raw\soundwel\IASPIASPShortPr47Sele05Na3min17.wav,other,soundwel
C:\py\pigsound\pig-sound-classification\data\raw\soundwel\IASPIASPShortPr47Sele05Na3min18.wav,other,soundwel
C:\py\pigsound\pig-sound-classification\data\raw\soundwel\IASPIASPShortPr47Sele05Na3min19.wav,other,soundwel
C:\py\pigsound\pig-sound-classification\data\raw\soundwel\IASPIASPShortPr47Sele05Na3min21.wav,other,soundwel
C:\py\pigsound\pig-sound-classification\data\raw\soundwel\IASPIASPShortPr47Sele05Na3min24.wav,other,soundwel
C:\py\pigsound\pig-sound-classification\data\raw\soundwel\IASPIASPShortPr47Sele05Na3min34.wav,other,soundwel
C:\py\pigsound\pig-sound-classification\data\raw\soundwel\IASPIASPShortPr47Sele05Na3min36.wav,other,soundwel
C:\py\pigsound\pig-sound-classification\data\raw\soundwel\IASPIASPShortPr47Sele05Na3min37.wav,other,soundwel
C:\py\pigsound\pig-sound-classification\data\raw\soundwel\IASPIASPShortPr47Sele05Na3min5.wav,other,soundwel
C:\py\pigsound\pig-sound-classification\data\raw\soundwel\IASPIASPShortPr47Sele05Na3min504.wav,other,soundwel
C:\py\pigsound\pig-sound-classification\data\raw\soundwel\IASPIASPShortPr47Sele05Na3min56.wav,other,soundwel
C:\py\pigsound\pig-sound-classification\data\raw\soundwel\IASPIASPShortPr47Sele05Na3min801.wav,other,soundwel
C:\py\pigsound\pig-sound-classification\data\raw\soundwel\IASPIASPShortPr47Sele05Na3min9.wav,other,soundwel
C:\py\pigsound\pig-sound-classification\data\raw\soundwel\IASPIASPShortPr47Sele06Na3min14.wav,other,soundwel
C:\py\pigsound\pig-sound-classification\data\raw\soundwel\IASPIASPShortPr47Sele06Na3min20.wav,other,soundwel
C:\py\pigsound\pig-sound-classification\data\raw\soundwel\IASPIASPShortPr47Sele06Na3min22.wav,other,soundwel
C:\py\pigsound\pig-sound-classification\data\raw\soundwel\IASPIASPShortPr47Sele06Na3min27.wav,other,soundwel
C:\py\pigsound\pig-sound-classification\data\raw\soundwel\IASPIASPShortPr47Sele06Na3min30.wav,other,soundwel
C:\py\pigsound\pig-sound-classification\data\raw\soundwel\IASPIASPShortPr47Sele06Na3min36.wav,other,soundwel
C:\py\pigsound\pig-sound-classification\data\raw\soundwel\IASPIASPShortPr47Sele06Na3min471.wav,other,soundwel
C:\py\pigsound\pig-sound-classification\data\raw\soundwel\IASPIASPShortPr47Sele06Na3min69.wav,other,soundwel
C:\py\pigsound\pig-sound-classification\data\raw\soundwel\IASPIASPShortPr47Sele07Na8min113.wav,other,soundwel
C:\py\pigsound\pig-sound-classification\data\raw\soundwel\IASPIASPShortPr47Sele07Na8min114.wav,other,soundwel
C:\py\pigsound\pig-sound-classification\data\raw\soundwel\IASPIASPShortPr47Sele07Na8min116.wav,other,soundwel
C:\py\pigsound\pig-sound-classification\data\raw\soundwel\IASPIASPShortPr47Sele07Na8min18.wav,other,soundwel
C:\py\pigsound\pig-sound-classification\data\raw\soundwel\IASPIASPShortPr47Sele07Na8min2.wav,other,soundwel
C:\py\pigsound\pig-sound-classification\data\raw\soundwel\IASPIASPShortPr47Sele07Na8min207.wav,other,soundwel
C:\py\pigsound\pig-sound-classification\data\raw\soundwel\IASPIASPShortPr47Sele07Na8min27.wav,other,soundwel
C:\py\pigsound\pig-sound-classification\data\raw\soundwel\IASPIASPShortPr47Sele07Na8min4a.wav,other,soundwel
C:\py\pigsound\pig-sound-classification\data\raw\soundwel\IASPIASPShortPr47Sele07Na8min8.wav,other,soundwel
C:\py\pigsound\pig-sound-classification\data\raw\soundwel\IASPIASPShortPr47Sele08Na8min1.wav,other,soundwel
C:\py\pigsound\pig-sound-classification\data\raw\soundwel\IASPIASPShortPr47Sele08Na8min162.wav,other,soundwel
C:\py\pigsound\pig-sound-classification\data\raw\soundwel\IASPIASPShortPr47Sele08Na8min25.wav,other,soundwel
C:\py\pigsound\pig-sound-classification\data\raw\soundwel\IASPIASPShortPr47Sele08Na8min35.wav,other,soundwel
C:\py\pigsound\pig-sound-classification\data\raw\soundwel\IASPIASPShortPr47Sele08Na8min37.wav,other,soundwel
C:\py\pigsound\pig-sound-classification\data\raw\soundwel\IASPIASPShortPr47Sele08Na8min398.wav,other,soundwel
C:\py\pigsound\pig-sound-classification\data\raw\soundwel\IASPIASPShortPr47Sele08Na8min5.wav,other,soundwel
C:\py\pigsound\pig-sound-classification\data\raw\soundwel\IASPIASPShortPr47Sele08Na8min513.wav,other,soundwel
C:\py\pigsound\pig-sound-classification\data\raw\soundwel\IASPIASPShortPr47Sele08Na8min515.wav,other,soundwel
C:\py\pigsound\pig-sound-classification\data\raw\soundwel\IASPIASPShortPr47Sele08Na8min8.wav,other,soundwel
C:\py\pigsound\pig-sound-classification\data\raw\soundwel\IASPIASPShortPr47Sele10isolace1163.wav,other,soundwel
C:\py\pigsound\pig-sound-classification\data\raw\soundwel\IASPIASPShortPr47Sele10isolace119.wav,other,soundwel
C:\py\pigsound\pig-sound-classification\data\raw\soundwel\IASPIASPShortPr47Sele10Na8min1.wav,other,soundwel
C:\py\pigsound\pig-sound-classification\data\raw\soundwel\IASPIASPShortPr47Sele10Na8min13.wav,other,soundwel
C:\py\pigsound\pig-sound-classification\data\raw\soundwel\IASPIASPShortPr47Sele10Na8min19.wav,other,soundwel
C:\py\pigsound\pig-sound-classification\data\raw\soundwel\IASPIASPShortPr47Sele10Na8min3.wav,other,soundwel
C:\py\pigsound\pig-sound-classification\data\raw\soundwel\IASPIASPShortPr47Sele10Na8min7.wav,other,soundwel
C:\py\pigsound\pig-sound-classification\data\raw\soundwel\IASPIASPShortPr47Sele10Na8min8.wav,other,soundwel
C:\py\pigsound\pig-sound-classification\data\raw\soundwel\IASPIASPShortPr47Sele10Na8min9.wav,other,soundwel
C:\py\pigsound\pig-sound-classification\data\raw\soundwel\IASPIASPShortPr47Sele11isolace11117.wav,other,soundwel
C:\py\pigsound\pig-sound-classification\data\raw\soundwel\IASPIASPShortPr47Sele11isolace11133.wav,other,soundwel
C:\py\pigsound\pig-sound-classification\data\raw\soundwel\IASPIASPShortPr47Sele11isolace11138.wav,other,soundwel
C:\py\pigsound\pig-sound-classification\data\raw\soundwel\IASPIASPShortPr47Sele11isolace11143.wav,other,soundwel
C:\py\pigsound\pig-sound-classification\data\raw\soundwel\IASPIASPShortPr47Sele11isolace11148.wav,other,soundwel
C:\py\pigsound\pig-sound-classification\data\raw\soundwel\IASPIASPShortPr47Sele11isolace1124.wav,other,soundwel
C:\py\pigsound\pig-sound-classification\data\raw\soundwel\IASPIASPShortPr47Sele11isolace1131.wav,other,soundwel
C:\py\pigsound\pig-sound-classification\data\raw\soundwel\IASPIASPShortPr47Sele11isolace1156.wav,other,soundwel
C:\py\pigsound\pig-sound-classification\data\raw\soundwel\IASPIASPShortPr47Sele11isolace1161.wav,other,soundwel
C:\py\pigsound\pig-sound-classification\data\raw\soundwel\IASPIASPShortPr47Sele11isolace1166.wav,other,soundwel
C:\py\pigsound\pig-sound-classification\data\raw\soundwel\IASPIASPShortPr47Sele11isolace1197.wav,other,soundwel
C:\py\pigsound\pig-sound-classification\data\raw\soundwel\IASPIASPShortPr47Sele11Na3min14.wav,other,soundwel
C:\py\pigsound\pig-sound-classification\data\raw\soundwel\IASPIASPShortPr47Sele11Na3min3.wav,other,soundwel
C:\py\pigsound\pig-sound-classification\data\raw\soundwel\IASPIASPShortPr47Sele11Na3min4.wav,other,soundwel
C:\py\pigsound\pig-sound-classification\data\raw\soundwel\IASPIASPShortPr47Sele11Na3min5.wav,other,soundwel
C:\py\pigsound\pig-sound-classification\data\raw\soundwel\IASPIASPShortPr47Sele11Na3min6.wav,other,soundwel
C:\py\pigsound\pig-sound-classification\data\raw\soundwel\IASPIASPShortPr47Sele11Na3min8.wav,other,soundwel
C:\py\pigsound\pig-sound-classification\data\raw\soundwel\IASPIASPShortPr47Sele11Na3min9.wav,other,soundwel
C:\py\pigsound\pig-sound-classification\data\raw\soundwel\IASPIASPShortPr47Sele13isolace21135.wav,other,soundwel
C:\py\pigsound\pig-sound-classification\data\raw\soundwel\IASPIASPShortPr47Sele13isolace2123.wav,other,soundwel
C:\py\pigsound\pig-sound-classification\data\raw\soundwel\IASPIASPShortPr47Sele13isolace21242.wav,other,soundwel
C:\py\pigsound\pig-sound-classification\data\raw\soundwel\IASPIASPShortPr47Sele13isolace21255.wav,other,soundwel
C:\py\pigsound\pig-sound-classification\data\raw\soundwel\IASPIASPShortPr47Sele13isolace21377.wav,other,soundwel
C:\py\pigsound\pig-sound-classification\data\raw\soundwel\IASPIASPShortPr47Sele4isolace11125.wav,other,soundwel
C:\py\pigsound\pig-sound-classification\data\raw\soundwel\IASPIASPShortPr47Sele4isolace11127.wav,other,soundwel
C:\py\pigsound\pig-sound-classification\data\raw\soundwel\IASPIASPShortPr47Sele4isolace11201.wav,other,soundwel
C:\py\pigsound\pig-sound-classification\data\raw\soundwel\IASPIASPShortPr47Sele4isolace1169.wav,other,soundwel
C:\py\pigsound\pig-sound-classification\data\raw\soundwel\IASPIASPShortPr47Sele4isolace1180.wav,other,soundwel
C:\py\pigsound\pig-sound-classification\data\raw\soundwel\IASPIASPShortPr47Sele4isolace1185.wav,other,soundwel
C:\py\pigsound\pig-sound-classification\data\raw\soundwel\IASPIASPShortPr47Sele5isolace21135.wav,other,soundwel
C:\py\pigsound\pig-sound-classification\data\raw\soundwel\IASPIASPShortPr47Sele5isolace21183.wav,other,soundwel
C:\py\pigsound\pig-sound-classification\data\raw\soundwel\IASPIASPShortPr47Sele5isolace21195.wav,other,soundwel
C:\py\pigsound\pig-sound-classification\data\raw\soundwel\IASPIASPShortPr47Sele5isolace21199.wav,other,soundwel
C:\py\pigsound\pig-sound-classification\data\raw\soundwel\IASPIASPShortPr47Sele5isolace2174.wav,other,soundwel
C:\py\pigsound\pig-sound-classification\data\raw\soundwel\IASPIASPShortPr47Sele5isolace2182.wav,other,soundwel
C:\py\pigsound\pig-sound-classification\data\raw\soundwel\IASPIASPShortPr47Sele5isolace2185.wav,other,soundwel
C:\py\pigsound\pig-sound-classification\data\raw\soundwel\IASPIASPShortPr47Sele5isolace219.wav,other,soundwel
C:\py\pigsound\pig-sound-classification\data\raw\soundwel\IASPIASPShortPr47Sele5isolace2197a.wav,other,soundwel
C:\py\pigsound\pig-sound-classification\data\raw\soundwel\IASPIASPShortPr47Sele6isol235.wav,other,soundwel
C:\py\pigsound\pig-sound-classification\data\raw\soundwel\IASPIASPShortPr47Sele6isol250.wav,other,soundwel
C:\py\pigsound\pig-sound-classification\data\raw\soundwel\IASPIASPShortPr47Sele6isol280.wav,other,soundwel
C:\py\pigsound\pig-sound-classification\data\raw\soundwel\IASPIASPShortPr47Sele7isolace1111.wav,other,soundwel
C:\py\pigsound\pig-sound-classification\data\raw\soundwel\IASPIASPShortPr47Sele7isolace11135.wav,other,soundwel
C:\py\pigsound\pig-sound-classification\data\raw\soundwel\IASPIASPShortPr47Sele7isolace11218.wav,other,soundwel
C:\py\pigsound\pig-sound-classification\data\raw\soundwel\IASPIASPShortPr47Sele7isolace11346.wav,other,soundwel
C:\py\pigsound\pig-sound-classification\data\raw\soundwel\IASPIASPShortPr47Sele7isolace11356.wav,other,soundwel
C:\py\pigsound\pig-sound-classification\data\raw\soundwel\IASPIASPShortPr47Sele7isolace11406.wav,other,soundwel
C:\py\pigsound\pig-sound-classification\data\raw\soundwel\IASPIASPShortPr47Sele7isolace11414.wav,other,soundwel
C:\py\pigsound\pig-sound-classification\data\raw\soundwel\IASPIASPShortPr47Sele7isolace11421.wav,other,soundwel
C:\py\pigsound\pig-sound-classification\data\raw\soundwel\IASPIASPShortPr47Sele7isolace11549.wav,other,soundwel
C:\py\pigsound\pig-sound-classification\data\raw\soundwel\IASPIASPShortPr47Sele7isolace11554.wav,other,soundwel
C:\py\pigsound\pig-sound-classification\data\raw\soundwel\IASPIASPShortPr47Sele8isolace21130.wav,other,soundwel
C:\py\pigsound\pig-sound-classification\data\raw\soundwel\IASPIASPShortPr47Sele8isolace21134.wav,other,soundwel
C:\py\pigsound\pig-sound-classification\data\raw\soundwel\IASPIASPShortPr47Sele8isolace21172.wav,other,soundwel
C:\py\pigsound\pig-sound-classification\data\raw\soundwel\IASPIASPShortPr47Sele8isolace21180.wav,other,soundwel
C:\py\pigsound\pig-sound-classification\data\raw\soundwel\IASPIASPShortPr47Sele8isolace2127.wav,other,soundwel
C:\py\pigsound\pig-sound-classification\data\raw\soundwel\IASPIASPShortPr47Sele8isolace2129.wav,other,soundwel
C:\py\pigsound\pig-sound-classification\data\raw\soundwel\IASPIASPShortPr47Sele8isolace2177.wav,other,soundwel
C:\py\pigsound\pig-sound-classification\data\raw\soundwel\IASPIASPShortPr48Sele01Na8min11.wav,other,soundwel
C:\py\pigsound\pig-sound-classification\data\raw\soundwel\IASPIASPShortPr48Sele01Na8min21.wav,other,soundwel
C:\py\pigsound\pig-sound-classification\data\raw\soundwel\IASPIASPShortPr48Sele01Na8min24.wav,other,soundwel
C:\py\pigsound\pig-sound-classification\data\raw\soundwel\IASPIASPShortPr48Sele01Na8min26.wav,other,soundwel
C:\py\pigsound\pig-sound-classification\data\raw\soundwel\IASPIASPShortPr48Sele01Na8min2a.wav,other,soundwel
C:\py\pigsound\pig-sound-classification\data\raw\soundwel\IASPIASPShortPr48Sele01Na8min5.wav,other,soundwel
C:\py\pigsound\pig-sound-classification\data\raw\soundwel\IASPIASPShortPr48Sele01Na8min663.wav,other,soundwel
C:\py\pigsound\pig-sound-classification\data\raw\soundwel\IASPIASPShortPr48Sele02Na3min10.wav,other,soundwel
C:\py\pigsound\pig-sound-classification\data\raw\soundwel\IASPIASPShortPr48Sele02Na3min11.wav,other,soundwel
C:\py\pigsound\pig-sound-classification\data\raw\soundwel\IASPIASPShortPr48Sele02Na3min12.wav,other,soundwel
C:\py\pigsound\pig-sound-classification\data\raw\soundwel\IASPIASPShortPr48Sele02Na3min15.wav,other,soundwel
C:\py\pigsound\pig-sound-classification\data\raw\soundwel\IASPIASPShortPr48Sele02Na3min19.wav,other,soundwel
C:\py\pigsound\pig-sound-classification\data\raw\soundwel\IASPIASPShortPr48Sele02Na3min25.wav,other,soundwel
C:\py\pigsound\pig-sound-classification\data\raw\soundwel\IASPIASPShortPr48Sele02Na3min37.wav,other,soundwel
C:\py\pigsound\pig-sound-classification\data\raw\soundwel\IASPIASPShortPr48Sele02Na3min39.wav,other,soundwel
C:\py\pigsound\pig-sound-classification\data\raw\soundwel\IASPIASPShortPr48Sele02Na3min41.wav,other,soundwel
C:\py\pigsound\pig-sound-classification\data\raw\soundwel\IASPIASPShortPr48Sele02Na3min441.wav,other,soundwel
C:\py\pigsound\pig-sound-classification\data\raw\soundwel\IASPIASPShortPr48Sele02Na3min48.wav,other,soundwel
C:\py\pigsound\pig-sound-classification\data\raw\soundwel\IASPIASPShortPr48Sele02Na3min481.wav,other,soundwel
C:\py\pigsound\pig-sound-classification\data\raw\soundwel\IASPIASPShortPr48Sele02Na3min482.wav,other,soundwel
C:\py\pigsound\pig-sound-classification\data\raw\soundwel\IASPIASPShortPr48Sele02Na3min51.wav,other,soundwel
C:\py\pigsound\pig-sound-classification\data\raw\soundwel\IASPIASPShortPr48Sele02Na3min511.wav,other,soundwel
C:\py\pigsound\pig-sound-classification\data\raw\soundwel\IASPIASPShortPr48Sele02Na3min515.wav,other,soundwel
C:\py\pigsound\pig-sound-classification\data\raw\soundwel\IASPIASPShortPr48Sele02Na3min59.wav,other,soundwel
C:\py\pigsound\pig-sound-classification\data\raw\soundwel\IASPIASPShortPr48Sele02Na3min60.wav,other,soundwel
C:\py\pigsound\pig-sound-classification\data\raw\soundwel\IASPIASPShortPr48Sele02Na3min8.wav,other,soundwel
C:\py\pigsound\pig-sound-classification\data\raw\soundwel\IASPIASPShortPr48Sele02Na3min9.wav,other,soundwel
C:\py\pigsound\pig-sound-classification\data\raw\soundwel\IASPIASPShortPr48Sele05Na3min1.wav,other,soundwel
C:\py\pigsound\pig-sound-classification\data\raw\soundwel\IASPIASPShortPr48Sele05Na3min10.wav,other,soundwel
C:\py\pigsound\pig-sound-classification\data\raw\soundwel\IASPIASPShortPr48Sele05Na3min11.wav,other,soundwel
C:\py\pigsound\pig-sound-classification\data\raw\soundwel\IASPIASPShortPr48Sele05Na3min13.wav,other,soundwel
C:\py\pigsound\pig-sound-classification\data\raw\soundwel\IASPIASPShortPr48Sele05Na3min19.wav,other,soundwel
C:\py\pigsound\pig-sound-classification\data\raw\soundwel\IASPIASPShortPr48Sele05Na3min22.wav,other,soundwel
C:\py\pigsound\pig-sound-classification\data\raw\soundwel\IASPIASPShortPr48Sele05Na3min23.wav,other,soundwel
C:\py\pigsound\pig-sound-classification\data\raw\soundwel\IASPIASPShortPr48Sele05Na3min25.wav,other,soundwel
C:\py\pigsound\pig-sound-classification\data\raw\soundwel\IASPIASPShortPr48Sele05Na3min27.wav,other,soundwel
C:\py\pigsound\pig-sound-classification\data\raw\soundwel\IASPIASPShortPr48Sele05Na3min3.wav,other,soundwel
C:\py\pigsound\pig-sound-classification\data\raw\soundwel\IASPIASPShortPr48Sele05Na3min30.wav,other,soundwel
C:\py\pigsound\pig-sound-classification\data\raw\soundwel\IASPIASPShortPr48Sele05Na3min31.wav,other,soundwel
C:\py\pigsound\pig-sound-classification\data\raw\soundwel\IASPIASPShortPr48Sele05Na3min33.wav,other,soundwel
C:\py\pigsound\pig-sound-classification\data\raw\soundwel\IASPIASPShortPr48Sele05Na3min34.wav,other,soundwel
C:\py\pigsound\pig-sound-classification\data\raw\soundwel\IASPIASPShortPr48Sele05Na3min4.wav,other,soundwel
C:\py\pigsound\pig-sound-classification\data\raw\soundwel\IASPIASPShortPr48Sele05Na3min7.wav,other,soundwel
C:\py\pigsound\pig-sound-classification\data\raw\soundwel\IASPIASPShortPr48Sele05Na3min8.wav,other,soundwel
C:\py\pigsound\pig-sound-classification\data\raw\soundwel\IASPIASPShortPr48Sele06Na8min26.wav,other,soundwel
C:\py\pigsound\pig-sound-classification\data\raw\soundwel\IASPIASPShortPr48Sele06Na8min281.wav,other,soundwel
C:\py\pigsound\pig-sound-classification\data\raw\soundwel\IASPIASPShortPr48Sele06Na8min285.wav,other,soundwel
C:\py\pigsound\pig-sound-classification\data\raw\soundwel\IASPIASPShortPr48Sele06Na8min287.wav,other,soundwel
C:\py\pigsound\pig-sound-classification\data\raw\soundwel\IASPIASPShortPr48Sele06Na8min288.wav,other,soundwel
C:\py\pigsound\pig-sound-classification\data\raw\soundwel\IASPIASPShortPr48Sele06Na8min289.wav,other,soundwel
C:\py\pigsound\pig-sound-classification\data\raw\soundwel\IASPIASPShortPr48Sele06Na8min3.wav,other,soundwel
C:\py\pigsound\pig-sound-classification\data\raw\soundwel\IASPIASPShortPr48Sele06Na8min381.wav,other,soundwel
C:\py\pigsound\pig-sound-classification\data\raw\soundwel\IASPIASPShortPr48Sele06Na8min382.wav,other,soundwel
C:\py\pigsound\pig-sound-classification\data\raw\soundwel\IASPIASPShortPr48Sele06Na8min384.wav,other,soundwel
C:\py\pigsound\pig-sound-classification\data\raw\soundwel\IASPIASPShortPr48Sele06Na8min386.wav,other,soundwel
C:\py\pigsound\pig-sound-classification\data\raw\soundwel\IASPIASPShortPr48Sele06Na8min4.wav,other,soundwel
C:\py\pigsound\pig-sound-classification\data\raw\soundwel\IASPIASPShortPr48Sele06Na8min492.wav,other,soundwel
C:\py\pigsound\pig-sound-classification\data\raw\soundwel\IASPIASPShortPr48Sele06Na8min493.wav,other,soundwel
C:\py\pigsound\pig-sound-classification\data\raw\soundwel\IASPIASPShortPr48Sele06Na8min495.wav,other,soundwel
C:\py\pigsound\pig-sound-classification\data\raw\soundwel\IASPIASPShortPr48Sele08Na3min10.wav,other,soundwel
C:\py\pigsound\pig-sound-classification\data\raw\soundwel\IASPIASPShortPr48Sele08Na3min18.wav,other,soundwel
C:\py\pigsound\pig-sound-classification\data\raw\soundwel\IASPIASPShortPr48Sele08Na3min2.wav,other,soundwel
C:\py\pigsound\pig-sound-classification\data\raw\soundwel\IASPIASPShortPr48Sele08Na3min20.wav,other,soundwel
C:\py\pigsound\pig-sound-classification\data\raw\soundwel\IASPIASPShortPr48Sele08Na3min24.wav,other,soundwel
C:\py\pigsound\pig-sound-classification\data\raw\soundwel\IASPIASPShortPr48Sele08Na3min26.wav,other,soundwel
C:\py\pigsound\pig-sound-classification\data\raw\soundwel\IASPIASPShortPr48Sele08Na3min28.wav,other,soundwel
C:\py\pigsound\pig-sound-classification\data\raw\soundwel\IASPIASPShortPr48Sele08Na3min40.wav,other,soundwel
C:\py\pigsound\pig-sound-classification\data\raw\soundwel\IASPIASPShortPr48Sele08Na3min43.wav,other,soundwel
C:\py\pigsound\pig-sound-classification\data\raw\soundwel\IASPIASPShortPr48Sele08Na3min5.wav,other,soundwel
C:\py\pigsound\pig-sound-classification\data\raw\soundwel\IASPIASPShortPr48Sele08Na3min52.wav,other,soundwel
C:\py\pigsound\pig-sound-classification\data\raw\soundwel\IASPIASPShortPr48Sele08Na3min8.wav,other,soundwel
C:\py\pigsound\pig-sound-classification\data\raw\soundwel\IASPIASPShortPr48Sele09Na8min21.wav,other,soundwel
C:\py\pigsound\pig-sound-classification\data\raw\soundwel\IASPIASPShortPr48Sele09Na8min22.wav,other,soundwel
C:\py\pigsound\pig-sound-classification\data\raw\soundwel\IASPIASPShortPr48Sele09Na8min24.wav,other,soundwel
C:\py\pigsound\pig-sound-classification\data\raw\soundwel\IASPIASPShortPr48Sele09Na8min27.wav,other,soundwel
C:\py\pigsound\pig-sound-classification\data\raw\soundwel\IASPIASPShortPr48Sele09Na8min29.wav,other,soundwel
C:\py\pigsound\pig-sound-classification\data\raw\soundwel\IASPIASPShortPr48Sele09Na8min33.wav,other,soundwel
C:\py\pigsound\pig-sound-classification\data\raw\soundwel\IASPIASPShortPr48Sele09Na8min34.wav,other,soundwel
C:\py\pigsound\pig-sound-classification\data\raw\soundwel\IASPIASPShortPr48Sele09Na8min35.wav,other,soundwel
C:\py\pigsound\pig-sound-classification\data\raw\soundwel\IASPIASPShortPr48Sele09Na8min40.wav,other,soundwel
C:\py\pigsound\pig-sound-classification\data\raw\soundwel\IASPIASPShortPr48Sele09Na8min5.wav,other,soundwel
C:\py\pigsound\pig-sound-classification\data\raw\soundwel\IASPIASPShortPr48Sele09Na8min7.wav,other,soundwel
C:\py\pigsound\pig-sound-classification\data\raw\soundwel\IASPIASPShortPr48Sele09Na8min8.wav,other,soundwel
C:\py\pigsound\pig-sound-classification\data\raw\soundwel\IASPIASPShortPr48Sele10isolaceoprava1191.wav,other,soundwel
C:\py\pigsound\pig-sound-classification\data\raw\soundwel\IASPIASPShortPr48Sele10Na8min11.wav,other,soundwel
C:\py\pigsound\pig-sound-classification\data\raw\soundwel\IASPIASPShortPr48Sele10Na8min17.wav,other,soundwel
C:\py\pigsound\pig-sound-classification\data\raw\soundwel\IASPIASPShortPr48Sele10Na8min2.wav,other,soundwel
C:\py\pigsound\pig-sound-classification\data\raw\soundwel\IASPIASPShortPr48Sele10Na8min24.wav,other,soundwel
C:\py\pigsound\pig-sound-classification\data\raw\soundwel\IASPIASPShortPr48Sele10Na8min27.wav,other,soundwel
C:\py\pigsound\pig-sound-classification\data\raw\soundwel\IASPIASPShortPr48Sele10Na8min29.wav,other,soundwel
C:\py\pigsound\pig-sound-classification\data\raw\soundwel\IASPIASPShortPr48Sele10Na8min3.wav,other,soundwel
C:\py\pigsound\pig-sound-classification\data\raw\soundwel\IASPIASPShortPr48Sele10Na8min33.wav,other,soundwel
C:\py\pigsound\pig-sound-classification\data\raw\soundwel\IASPIASPShortPr48Sele10Na8min35.wav,other,soundwel
C:\py\pigsound\pig-sound-classification\data\raw\soundwel\IASPIASPShortPr48Sele10Na8min38.wav,other,soundwel
C:\py\pigsound\pig-sound-classification\data\raw\soundwel\IASPIASPShortPr48Sele10Na8min43.wav,other,soundwel
C:\py\pigsound\pig-sound-classification\data\raw\soundwel\IASPIASPShortPr48Sele10Na8min47.wav,other,soundwel
C:\py\pigsound\pig-sound-classification\data\raw\soundwel\IASPIASPShortPr48Sele10Na8min50.wav,other,soundwel
C:\py\pigsound\pig-sound-classification\data\raw\soundwel\IASPIASPShortPr48Sele10Na8min55.wav,other,soundwel
C:\py\pigsound\pig-sound-classification\data\raw\soundwel\IASPIASPShortPr48Sele10Na8min57.wav,other,soundwel
C:\py\pigsound\pig-sound-classification\data\raw\soundwel\IASPIASPShortPr48Sele10Na8min79.wav,other,soundwel
C:\py\pigsound\pig-sound-classification\data\raw\soundwel\IASPIASPShortPr48Sele10Na8min84.wav,other,soundwel
C:\py\pigsound\pig-sound-classification\data\raw\soundwel\IASPIASPShortPr48Sele1isolace11178.wav,other,soundwel
C:\py\pigsound\pig-sound-classification\data\raw\soundwel\IASPIASPShortPr48Sele1isolace11375.wav,other,soundwel
C:\py\pigsound\pig-sound-classification\data\raw\soundwel\IASPIASPShortPr48Sele1isolace11463.wav,other,soundwel
C:\py\pigsound\pig-sound-classification\data\raw\soundwel\IASPIASPShortPr48Sele1isolace115521.wav,other,soundwel
C:\py\pigsound\pig-sound-classification\data\raw\soundwel\IASPIASPShortPr48Sele1isolace11608.wav,other,soundwel
C:\py\pigsound\pig-sound-classification\data\raw\soundwel\IASPIASPShortPr48Sele2isolace21138.wav,other,soundwel
C:\py\pigsound\pig-sound-classification\data\raw\soundwel\IASPIASPShortPr48Sele2isolace212.wav,other,soundwel
C:\py\pigsound\pig-sound-classification\data\raw\soundwel\IASPIASPShortPr48Sele2isolace2121.wav,other,soundwel
C:\py\pigsound\pig-sound-classification\data\raw\soundwel\IASPIASPShortPr48Sele2isolace2166.wav,other,soundwel
C:\py\pigsound\pig-sound-classification\data\raw\soundwel\IASPIASPShortPr48Sele2isolace2168.wav,other,soundwel
C:\py\pigsound\pig-sound-classification\data\raw\soundwel\IASPIASPShortPr48Sele2isolace2170.wav,other,soundwel
C:\py\pigsound\pig-sound-classification\data\raw\soundwel\IASPIASPShortPr48Sele5isolace2152.wav,other,soundwel
C:\py\pigsound\pig-sound-classification\data\raw\soundwel\IASPIASPShortPr48Sele5isolace2164.wav,other,soundwel
C:\py\pigsound\pig-sound-classification\data\raw\soundwel\IASPIASPShortPr48Sele6isolace11108.wav,other,soundwel
C:\py\pigsound\pig-sound-classification\data\raw\soundwel\IASPIASPShortPr48Sele6isolace11311.wav,other,soundwel
C:\py\pigsound\pig-sound-classification\data\raw\soundwel\IASPIASPShortPr48Sele8isolace2112.wav,other,soundwel
C:\py\pigsound\pig-sound-classification\data\raw\soundwel\IASPIASPShortPr48Sele8isolace214.wav,other,soundwel
C:\py\pigsound\pig-sound-classification\data\raw\soundwel\IASPIASPShortPr48Sele9isolace21106.wav,other,soundwel
C:\py\pigsound\pig-sound-classification\data\raw\soundwel\IASPIASPShortPr48Sele9isolace21130.wav,other,soundwel
C:\py\pigsound\pig-sound-classification\data\raw\soundwel\IASPIASPShortPr48Sele9isolace21158.wav,other,soundwel
C:\py\pigsound\pig-sound-classification\data\raw\soundwel\IASPIASPShortPr48Sele9isolace21283.wav,other,soundwel
C:\py\pigsound\pig-sound-classification\data\raw\soundwel\IASPIASPShortPr48Sele9isolace21343.wav,other,soundwel
C:\py\pigsound\pig-sound-classification\data\raw\soundwel\IASPIASPShortPr48Sele9isolace2185.wav,other,soundwel
C:\py\pigsound\pig-sound-classification\data\raw\soundwel\IASPIASPShortPr55Sele01Na8min1.wav,other,soundwel
C:\py\pigsound\pig-sound-classification\data\raw\soundwel\IASPIASPShortPr55Sele01Na8min10.wav,other,soundwel
C:\py\pigsound\pig-sound-classification\data\raw\soundwel\IASPIASPShortPr55Sele01Na8min12.wav,other,soundwel
C:\py\pigsound\pig-sound-classification\data\raw\soundwel\IASPIASPShortPr55Sele01Na8min14.wav,other,soundwel
C:\py\pigsound\pig-sound-classification\data\raw\soundwel\IASPIASPShortPr55Sele01Na8min16.wav,other,soundwel
C:\py\pigsound\pig-sound-classification\data\raw\soundwel\IASPIASPShortPr55Sele01Na8min161.wav,other,soundwel
C:\py\pigsound\pig-sound-classification\data\raw\soundwel\IASPIASPShortPr55Sele01Na8min17.wav,other,soundwel
C:\py\pigsound\pig-sound-classification\data\raw\soundwel\IASPIASPShortPr55Sele01Na8min18.wav,other,soundwel
C:\py\pigsound\pig-sound-classification\data\raw\soundwel\IASPIASPShortPr55Sele01Na8min19.wav,other,soundwel
C:\py\pigsound\pig-sound-classification\data\raw\soundwel\IASPIASPShortPr55Sele01Na8min20.wav,other,soundwel
C:\py\pigsound\pig-sound-classification\data\raw\soundwel\IASPIASPShortPr55Sele01Na8min204.wav,other,soundwel
C:\py\pigsound\pig-sound-classification\data\raw\soundwel\IASPIASPShortPr55Sele01Na8min213.wav,other,soundwel
C:\py\pigsound\pig-sound-classification\data\raw\soundwel\IASPIASPShortPr55Sele01Na8min4.wav,other,soundwel
C:\py\pigsound\pig-sound-classification\data\raw\soundwel\IASPIASPShortPr55Sele01Na8min6.wav,other,soundwel
C:\py\pigsound\pig-sound-classification\data\raw\soundwel\IASPIASPShortPr55Sele01Na8min7.wav,other,soundwel
C:\py\pigsound\pig-sound-classification\data\raw\soundwel\IASPIASPShortPr55Sele01Na8min8.wav,other,soundwel
C:\py\pigsound\pig-sound-classification\data\raw\soundwel\IASPIASPShortPr55Sele01Na8min9.wav,other,soundwel
C:\py\pigsound\pig-sound-classification\data\raw\soundwel\IASPIASPShortPr55Sele02Na3min11.wav,other,soundwel
C:\py\pigsound\pig-sound-classification\data\raw\soundwel\IASPIASPShortPr55Sele02Na3min16.wav,other,soundwel
C:\py\pigsound\pig-sound-classification\data\raw\soundwel\IASPIASPShortPr55Sele02Na3min22.wav,other,soundwel
C:\py\pigsound\pig-sound-classification\data\raw\soundwel\IASPIASPShortPr55Sele02Na3min23.wav,other,soundwel
C:\py\pigsound\pig-sound-classification\data\raw\soundwel\IASPIASPShortPr55Sele02Na3min25.wav,other,soundwel
C:\py\pigsound\pig-sound-classification\data\raw\soundwel\IASPIASPShortPr55Sele02Na3min27.wav,other,soundwel
C:\py\pigsound\pig-sound-classification\data\raw\soundwel\IASPIASPShortPr55Sele02Na3min28.wav,other,soundwel
C:\py\pigsound\pig-sound-classification\data\raw\soundwel\IASPIASPShortPr55Sele02Na3min33.wav,other,soundwel
C:\py\pigsound\pig-sound-classification\data\raw\soundwel\IASPIASPShortPr55Sele02Na3min34.wav,other,soundwel
C:\py\pigsound\pig-sound-classification\data\raw\soundwel\IASPIASPShortPr55Sele02Na3min39.wav,other,soundwel
C:\py\pigsound\pig-sound-classification\data\raw\soundwel\IASPIASPShortPr55Sele02Na3min44.wav,other,soundwel
C:\py\pigsound\pig-sound-classification\data\raw\soundwel\IASPIASPShortPr55Sele02Na3min45.wav,other,soundwel
C:\py\pigsound\pig-sound-classification\data\raw\soundwel\IASPIASPShortPr55Sele02Na3min46.wav,other,soundwel
C:\py\pigsound\pig-sound-classification\data\raw\soundwel\IASPIASPShortPr55Sele02Na3min49.wav,other,soundwel
C:\py\pigsound\pig-sound-classification\data\raw\soundwel\IASPIASPShortPr55Sele02Na3min50.wav,other,soundwel
C:\py\pigsound\pig-sound-classification\data\raw\soundwel\IASPIASPShortPr55Sele02Na3min52.wav,other,soundwel
C:\py\pigsound\pig-sound-classification\data\raw\soundwel\IASPIASPShortPr55Sele02Na3min55.wav,other,soundwel
C:\py\pigsound\pig-sound-classification\data\raw\soundwel\IASPIASPShortPr55Sele02Na3min59.wav,other,soundwel
C:\py\pigsound\pig-sound-classification\data\raw\soundwel\IASPIASPShortPr55Sele02Na3min7.wav,other,soundwel
C:\py\pigsound\pig-sound-classification\data\raw\soundwel\IASPIASPShortPr55Sele03Na8min11.wav,other,soundwel
C:\py\pigsound\pig-sound-classification\data\raw\soundwel\IASPIASPShortPr55Sele03Na8min12.wav,other,soundwel
C:\py\pigsound\pig-sound-classification\data\raw\soundwel\IASPIASPShortPr55Sele03Na8min5.wav,other,soundwel
C:\py\pigsound\pig-sound-classification\data\raw\soundwel\IASPIASPShortPr55Sele03Na8min7.wav,other,soundwel
C:\py\pigsound\pig-sound-classification\data\raw\soundwel\IASPIASPShortPr55Sele03Na8min9.wav,other,soundwel
C:\py\pigsound\pig-sound-classification\data\raw\soundwel\IASPIASPShortPr55Sele06Na3min1.wav,other,soundwel
C:\py\pigsound\pig-sound-classification\data\raw\soundwel\IASPIASPShortPr55Sele06Na3min10.wav,other,soundwel
C:\py\pigsound\pig-sound-classification\data\raw\soundwel\IASPIASPShortPr55Sele06Na3min12.wav,other,soundwel
C:\py\pigsound\pig-sound-classification\data\raw\soundwel\IASPIASPShortPr55Sele06Na3min13.wav,other,soundwel
C:\py\pigsound\pig-sound-classification\data\raw\soundwel\IASPIASPShortPr55Sele06Na3min14.wav,other,soundwel
C:\py\pigsound\pig-sound-classification\data\raw\soundwel\IASPIASPShortPr55Sele06Na3min15.wav,other,soundwel
C:\py\pigsound\pig-sound-classification\data\raw\soundwel\IASPIASPShortPr55Sele06Na3min18.wav,other,soundwel
C:\py\pigsound\pig-sound-classification\data\raw\soundwel\IASPIASPShortPr55Sele06Na3min19.wav,other,soundwel
C:\py\pigsound\pig-sound-classification\data\raw\soundwel\IASPIASPShortPr55Sele06Na3min2.wav,other,soundwel
C:\py\pigsound\pig-sound-classification\data\raw\soundwel\IASPIASPShortPr55Sele06Na3min20.wav,other,soundwel
C:\py\pigsound\pig-sound-classification\data\raw\soundwel\IASPIASPShortPr55Sele06Na3min21.wav,other,soundwel
C:\py\pigsound\pig-sound-classification\data\raw\soundwel\IASPIASPShortPr55Sele06Na3min22.wav,other,soundwel
C:\py\pigsound\pig-sound-classification\data\raw\soundwel\IASPIASPShortPr55Sele06Na3min23.wav,other,soundwel
C:\py\pigsound\pig-sound-classification\data\raw\soundwel\IASPIASPShortPr55Sele06Na3min24.wav,other,soundwel
C:\py\pigsound\pig-sound-classification\data\raw\soundwel\IASPIASPShortPr55Sele06Na3min25.wav,other,soundwel
C:\py\pigsound\pig-sound-classification\data\raw\soundwel\IASPIASPShortPr55Sele06Na3min26.wav,other,soundwel
C:\py\pigsound\pig-sound-classification\data\raw\soundwel\IASPIASPShortPr55Sele06Na3min27.wav,other,soundwel
C:\py\pigsound\pig-sound-classification\data\raw\soundwel\IASPIASPShortPr55Sele06Na3min29.wav,other,soundwel
C:\py\pigsound\pig-sound-classification\data\raw\soundwel\IASPIASPShortPr55Sele06Na3min3.wav,other,soundwel
C:\py\pigsound\pig-sound-classification\data\raw\soundwel\IASPIASPShortPr55Sele06Na3min30.wav,other,soundwel
C:\py\pigsound\pig-sound-classification\data\raw\soundwel\IASPIASPShortPr55Sele06Na3min31.wav,other,soundwel
C:\py\pigsound\pig-sound-classification\data\raw\soundwel\IASPIASPShortPr55Sele06Na3min32.wav,other,soundwel
C:\py\pigsound\pig-sound-classification\data\raw\soundwel\IASPIASPShortPr55Sele06Na3min33.wav,other,soundwel
C:\py\pigsound\pig-sound-classification\data\raw\soundwel\IASPIASPShortPr55Sele06Na3min4.wav,other,soundwel
C:\py\pigsound\pig-sound-classification\data\raw\soundwel\IASPIASPShortPr55Sele06Na3min5.wav,other,soundwel
C:\py\pigsound\pig-sound-classification\data\raw\soundwel\IASPIASPShortPr55Sele06Na3min6.wav,other,soundwel
C:\py\pigsound\pig-sound-classification\data\raw\soundwel\IASPIASPShortPr55Sele06Na3min7.wav,other,soundwel
C:\py\pigsound\pig-sound-classification\data\raw\soundwel\IASPIASPShortPr55Sele06Na3min9.wav,other,soundwel
C:\py\pigsound\pig-sound-classification\data\raw\soundwel\IASPIASPShortPr55Sele07Na8min13.wav,other,soundwel
C:\py\pigsound\pig-sound-classification\data\raw\soundwel\IASPIASPShortPr55Sele07Na8min16.wav,other,soundwel
C:\py\pigsound\pig-sound-classification\data\raw\soundwel\IASPIASPShortPr55Sele07Na8min19.wav,other,soundwel
C:\py\pigsound\pig-sound-classification\data\raw\soundwel\IASPIASPShortPr55Sele07Na8min20.wav,other,soundwel
C:\py\pigsound\pig-sound-classification\data\raw\soundwel\IASPIASPShortPr55Sele07Na8min21.wav,other,soundwel
C:\py\pigsound\pig-sound-classification\data\raw\soundwel\IASPIASPShortPr55Sele07Na8min22.wav,other,soundwel
C:\py\pigsound\pig-sound-classification\data\raw\soundwel\IASPIASPShortPr55Sele07Na8min25.wav,other,soundwel
C:\py\pigsound\pig-sound-classification\data\raw\soundwel\IASPIASPShortPr55Sele07Na8min28.wav,other,soundwel
C:\py\pigsound\pig-sound-classification\data\raw\soundwel\IASPIASPShortPr55Sele07Na8min29.wav,other,soundwel
C:\py\pigsound\pig-sound-classification\data\raw\soundwel\IASPIASPShortPr55Sele07Na8min3.wav,other,soundwel
C:\py\pigsound\pig-sound-classification\data\raw\soundwel\IASPIASPShortPr55Sele07Na8min32.wav,other,soundwel
C:\py\pigsound\pig-sound-classification\data\raw\soundwel\IASPIASPShortPr55Sele07Na8min35.wav,other,soundwel
C:\py\pigsound\pig-sound-classification\data\raw\soundwel\IASPIASPShortPr55Sele07Na8min37.wav,other,soundwel
C:\py\pigsound\pig-sound-classification\data\raw\soundwel\IASPIASPShortPr55Sele07Na8min39.wav,other,soundwel
C:\py\pigsound\pig-sound-classification\data\raw\soundwel\IASPIASPShortPr55Sele07Na8min4.wav,other,soundwel
C:\py\pigsound\pig-sound-classification\data\raw\soundwel\IASPIASPShortPr55Sele07Na8min40.wav,other,soundwel
C:\py\pigsound\pig-sound-classification\data\raw\soundwel\IASPIASPShortPr55Sele07Na8min41.wav,other,soundwel
C:\py\pigsound\pig-sound-classification\data\raw\soundwel\IASPIASPShortPr55Sele07Na8min43.wav,other,soundwel
C:\py\pigsound\pig-sound-classification\data\raw\soundwel\IASPIASPShortPr55Sele07Na8min44.wav,other,soundwel
C:\py\pigsound\pig-sound-classification\data\raw\soundwel\IASPIASPShortPr55Sele07Na8min45.wav,other,soundwel
C:\py\pigsound\pig-sound-classification\data\raw\soundwel\IASPIASPShortPr55Sele07Na8min47.wav,other,soundwel
C:\py\pigsound\pig-sound-classification\data\raw\soundwel\IASPIASPShortPr55Sele07Na8min49.wav,other,soundwel
C:\py\pigsound\pig-sound-classification\data\raw\soundwel\IASPIASPShortPr55Sele07Na8min5.wav,other,soundwel
C:\py\pigsound\pig-sound-classification\data\raw\soundwel\IASPIASPShortPr55Sele07Na8min50.wav,other,soundwel
C:\py\pigsound\pig-sound-classification\data\raw\soundwel\IASPIASPShortPr55Sele07Na8min51.wav,other,soundwel
C:\py\pigsound\pig-sound-classification\data\raw\soundwel\IASPIASPShortPr55Sele07Na8min52.wav,other,soundwel
C:\py\pigsound\pig-sound-classification\data\raw\soundwel\IASPIASPShortPr55Sele07Na8min55.wav,other,soundwel
C:\py\pigsound\pig-sound-classification\data\raw\soundwel\IASPIASPShortPr55Sele07Na8min57.wav,other,soundwel
C:\py\pigsound\pig-sound-classification\data\raw\soundwel\IASPIASPShortPr55Sele07Na8min58.wav,other,soundwel
C:\py\pigsound\pig-sound-classification\data\raw\soundwel\IASPIASPShortPr55Sele07Na8min9.wav,other,soundwel
C:\py\pigsound\pig-sound-classification\data\raw\soundwel\IASPIASPShortPr55Sele08Na3min1.wav,other,soundwel
C:\py\pigsound\pig-sound-classification\data\raw\soundwel\IASPIASPShortPr55Sele08Na3min2.wav,other,soundwel
C:\py\pigsound\pig-sound-classification\data\raw\soundwel\IASPIASPShortPr55Sele08Na3min3.wav,other,soundwel
C:\py\pigsound\pig-sound-classification\data\raw\soundwel\IASPIASPShortPr55Sele08Na3min4.wav,other,soundwel
C:\py\pigsound\pig-sound-classification\data\raw\soundwel\IASPIASPShortPr55Sele08Na3min5.wav,other,soundwel
C:\py\pigsound\pig-sound-classification\data\raw\soundwel\IASPIASPShortPr55Sele08Na3min6.wav,other,soundwel
C:\py\pigsound\pig-sound-classification\data\raw\soundwel\IASPIASPShortPr55Sele08Na3min8.wav,other,soundwel
C:\py\pigsound\pig-sound-classification\data\raw\soundwel\IASPIASPShortPr55Sele08Na3min9.wav,other,soundwel
C:\py\pigsound\pig-sound-classification\data\raw\soundwel\IASPIASPShortPr55Sele09Na8min10.wav,other,soundwel
C:\py\pigsound\pig-sound-classification\data\raw\soundwel\IASPIASPShortPr55Sele09Na8min11.wav,other,soundwel
C:\py\pigsound\pig-sound-classification\data\raw\soundwel\IASPIASPShortPr55Sele09Na8min12.wav,other,soundwel
C:\py\pigsound\pig-sound-classification\data\raw\soundwel\IASPIASPShortPr55Sele09Na8min13.wav,other,soundwel
C:\py\pigsound\pig-sound-classification\data\raw\soundwel\IASPIASPShortPr55Sele09Na8min14.wav,other,soundwel
C:\py\pigsound\pig-sound-classification\data\raw\soundwel\IASPIASPShortPr55Sele09Na8min15.wav,other,soundwel
C:\py\pigsound\pig-sound-classification\data\raw\soundwel\IASPIASPShortPr55Sele09Na8min16.wav,other,soundwel
C:\py\pigsound\pig-sound-classification\data\raw\soundwel\IASPIASPShortPr55Sele09Na8min17.wav,other,soundwel
C:\py\pigsound\pig-sound-classification\data\raw\soundwel\IASPIASPShortPr55Sele09Na8min18.wav,other,soundwel
C:\py\pigsound\pig-sound-classification\data\raw\soundwel\IASPIASPShortPr55Sele09Na8min2.wav,other,soundwel
C:\py\pigsound\pig-sound-classification\data\raw\soundwel\IASPIASPShortPr55Sele09Na8min21.wav,other,soundwel
C:\py\pigsound\pig-sound-classification\data\raw\soundwel\IASPIASPShortPr55Sele09Na8min27.wav,other,soundwel
C:\py\pigsound\pig-sound-classification\data\raw\soundwel\IASPIASPShortPr55Sele09Na8min28.wav,other,soundwel
C:\py\pigsound\pig-sound-classification\data\raw\soundwel\IASPIASPShortPr55Sele09Na8min29.wav,other,soundwel
C:\py\pigsound\pig-sound-classification\data\raw\soundwel\IASPIASPShortPr55Sele09Na8min3.wav,other,soundwel
C:\py\pigsound\pig-sound-classification\data\raw\soundwel\IASPIASPShortPr55Sele09Na8min31.wav,other,soundwel
C:\py\pigsound\pig-sound-classification\data\raw\soundwel\IASPIASPShortPr55Sele09Na8min4.wav,other,soundwel
C:\py\pigsound\pig-sound-classification\data\raw\soundwel\IASPIASPShortPr55Sele09Na8min7.wav,other,soundwel
C:\py\pigsound\pig-sound-classification\data\raw\soundwel\IASPIASPShortPr55Sele09Na8min8.wav,other,soundwel
C:\py\pigsound\pig-sound-classification\data\raw\soundwel\IASPIASPShortPr55Sele11isolace2113.wav,other,soundwel
C:\py\pigsound\pig-sound-classification\data\raw\soundwel\IASPIASPShortPr55Sele11isolace2114.wav,other,soundwel
C:\py\pigsound\pig-sound-classification\data\raw\soundwel\IASPIASPShortPr55Sele11isolace2116.wav,other,soundwel
C:\py\pigsound\pig-sound-classification\data\raw\soundwel\IASPIASPShortPr55Sele11isolace2117.wav,other,soundwel
C:\py\pigsound\pig-sound-classification\data\raw\soundwel\IASPIASPShortPr55Sele11isolace2118.wav,other,soundwel
C:\py\pigsound\pig-sound-classification\data\raw\soundwel\IASPIASPShortPr55Sele11isolace2120.wav,other,soundwel
C:\py\pigsound\pig-sound-classification\data\raw\soundwel\IASPIASPShortPr55Sele11isolace2123.wav,other,soundwel
C:\py\pigsound\pig-sound-classification\data\raw\soundwel\IASPIASPShortPr55Sele11isolace2124.wav,other,soundwel
C:\py\pigsound\pig-sound-classification\data\raw\soundwel\IASPIASPShortPr55Sele11isolace2129.wav,other,soundwel
C:\py\pigsound\pig-sound-classification\data\raw\soundwel\IASPIASPShortPr55Sele11isolace213.wav,other,soundwel
C:\py\pigsound\pig-sound-classification\data\raw\soundwel\IASPIASPShortPr55Sele11isolace2130.wav,other,soundwel
C:\py\pigsound\pig-sound-classification\data\raw\soundwel\IASPIASPShortPr55Sele11isolace2131.wav,other,soundwel
C:\py\pigsound\pig-sound-classification\data\raw\soundwel\IASPIASPShortPr55Sele11isolace2132.wav,other,soundwel
C:\py\pigsound\pig-sound-classification\data\raw\soundwel\IASPIASPShortPr55Sele11isolace2133.wav,other,soundwel
C:\py\pigsound\pig-sound-classification\data\raw\soundwel\IASPIASPShortPr55Sele11isolace2134.wav,other,soundwel
C:\py\pigsound\pig-sound-classification\data\raw\soundwel\IASPIASPShortPr55Sele11isolace2137.wav,other,soundwel
C:\py\pigsound\pig-sound-classification\data\raw\soundwel\IASPIASPShortPr55Sele11isolace2138.wav,other,soundwel
C:\py\pigsound\pig-sound-classification\data\raw\soundwel\IASPIASPShortPr55Sele11isolace2139.wav,other,soundwel
C:\py\pigsound\pig-sound-classification\data\raw\soundwel\IASPIASPShortPr55Sele11isolace214.wav,other,soundwel
C:\py\pigsound\pig-sound-classification\data\raw\soundwel\IASPIASPShortPr55Sele11isolace2140.wav,other,soundwel
C:\py\pigsound\pig-sound-classification\data\raw\soundwel\IASPIASPShortPr55Sele11isolace2142.wav,other,soundwel
C:\py\pigsound\pig-sound-classification\data\raw\soundwel\IASPIASPShortPr55Sele11isolace2144.wav,other,soundwel
C:\py\pigsound\pig-sound-classification\data\raw\soundwel\IASPIASPShortPr55Sele11isolace2146.wav,other,soundwel
C:\py\pigsound\pig-sound-classification\data\raw\soundwel\IASPIASPShortPr55Sele11isolace2148.wav,other,soundwel
C:\py\pigsound\pig-sound-classification\data\raw\soundwel\IASPIASPShortPr55Sele11isolace2150.wav,other,soundwel
C:\py\pigsound\pig-sound-classification\data\raw\soundwel\IASPIASPShortPr55Sele11isolace2152.wav,other,soundwel
C:\py\pigsound\pig-sound-classification\data\raw\soundwel\IASPIASPShortPr55Sele11isolace2153.wav,other,soundwel
C:\py\pigsound\pig-sound-classification\data\raw\soundwel\IASPIASPShortPr55Sele11isolace2155.wav,other,soundwel
C:\py\pigsound\pig-sound-classification\data\raw\soundwel\IASPIASPShortPr55Sele11isolace2157.wav,other,soundwel
C:\py\pigsound\pig-sound-classification\data\raw\soundwel\IASPIASPShortPr55Sele11isolace2168.wav,other,soundwel
C:\py\pigsound\pig-sound-classification\data\raw\soundwel\IASPIASPShortPr55Sele11isolace217.wav,other,soundwel
C:\py\pigsound\pig-sound-classification\data\raw\soundwel\IASPIASPShortPr55Sele11isolace2172.wav,other,soundwel
C:\py\pigsound\pig-sound-classification\data\raw\soundwel\IASPIASPShortPr55Sele11isolace218.wav,other,soundwel
C:\py\pigsound\pig-sound-classification\data\raw\soundwel\IASPIASPShortPr55Sele11isolace219.wav,other,soundwel
C:\py\pigsound\pig-sound-classification\data\raw\soundwel\IASPIASPShortPr55Sele11Na3min1.wav,other,soundwel
C:\py\pigsound\pig-sound-classification\data\raw\soundwel\IASPIASPShortPr55Sele11Na3min10.wav,other,soundwel
C:\py\pigsound\pig-sound-classification\data\raw\soundwel\IASPIASPShortPr55Sele11Na3min11.wav,other,soundwel
C:\py\pigsound\pig-sound-classification\data\raw\soundwel\IASPIASPShortPr55Sele11Na3min12.wav,other,soundwel
C:\py\pigsound\pig-sound-classification\data\raw\soundwel\IASPIASPShortPr55Sele11Na3min14.wav,other,soundwel
C:\py\pigsound\pig-sound-classification\data\raw\soundwel\IASPIASPShortPr55Sele11Na3min17.wav,other,soundwel
C:\py\pigsound\pig-sound-classification\data\raw\soundwel\IASPIASPShortPr55Sele11Na3min18.wav,other,soundwel
C:\py\pigsound\pig-sound-classification\data\raw\soundwel\IASPIASPShortPr55Sele11Na3min19.wav,other,soundwel
C:\py\pigsound\pig-sound-classification\data\raw\soundwel\IASPIASPShortPr55Sele11Na3min22.wav,other,soundwel
C:\py\pigsound\pig-sound-classification\data\raw\soundwel\IASPIASPShortPr55Sele11Na3min25.wav,other,soundwel
C:\py\pigsound\pig-sound-classification\data\raw\soundwel\IASPIASPShortPr55Sele11Na3min4.wav,other,soundwel
C:\py\pigsound\pig-sound-classification\data\raw\soundwel\IASPIASPShortPr55Sele11Na3min5.wav,other,soundwel
C:\py\pigsound\pig-sound-classification\data\raw\soundwel\IASPIASPShortPr55Sele11Na3min6.wav,other,soundwel
C:\py\pigsound\pig-sound-classification\data\raw\soundwel\IASPIASPShortPr55Sele11Na3min7.wav,other,soundwel
C:\py\pigsound\pig-sound-classification\data\raw\soundwel\IASPIASPShortPr55Sele11Na3min9.wav,other,soundwel
C:\py\pigsound\pig-sound-classification\data\raw\soundwel\IASPIASPShortPr55Sele1isolace11105.wav,other,soundwel
C:\py\pigsound\pig-sound-classification\data\raw\soundwel\IASPIASPShortPr55Sele1isolace11110.wav,other,soundwel
C:\py\pigsound\pig-sound-classification\data\raw\soundwel\IASPIASPShortPr55Sele1isolace11115a.wav,other,soundwel
C:\py\pigsound\pig-sound-classification\data\raw\soundwel\IASPIASPShortPr55Sele1isolace1113.wav,other,soundwel
C:\py\pigsound\pig-sound-classification\data\raw\soundwel\IASPIASPShortPr55Sele1isolace11132.wav,other,soundwel
C:\py\pigsound\pig-sound-classification\data\raw\soundwel\IASPIASPShortPr55Sele1isolace11146.wav,other,soundwel
C:\py\pigsound\pig-sound-classification\data\raw\soundwel\IASPIASPShortPr55Sele1isolace11164.wav,other,soundwel
C:\py\pigsound\pig-sound-classification\data\raw\soundwel\IASPIASPShortPr55Sele1isolace11166.wav,other,soundwel
C:\py\pigsound\pig-sound-classification\data\raw\soundwel\IASPIASPShortPr55Sele1isolace11167.wav,other,soundwel
C:\py\pigsound\pig-sound-classification\data\raw\soundwel\IASPIASPShortPr55Sele1isolace11182.wav,other,soundwel
C:\py\pigsound\pig-sound-classification\data\raw\soundwel\IASPIASPShortPr55Sele1isolace11186.wav,other,soundwel
C:\py\pigsound\pig-sound-classification\data\raw\soundwel\IASPIASPShortPr55Sele1isolace11198.wav,other,soundwel
C:\py\pigsound\pig-sound-classification\data\raw\soundwel\IASPIASPShortPr55Sele1isolace11202.wav,other,soundwel
C:\py\pigsound\pig-sound-classification\data\raw\soundwel\IASPIASPShortPr55Sele1isolace1122.wav,other,soundwel
C:\py\pigsound\pig-sound-classification\data\raw\soundwel\IASPIASPShortPr55Sele1isolace11221.wav,other,soundwel
C:\py\pigsound\pig-sound-classification\data\raw\soundwel\IASPIASPShortPr55Sele1isolace11223.wav,other,soundwel
C:\py\pigsound\pig-sound-classification\data\raw\soundwel\IASPIASPShortPr55Sele1isolace11228.wav,other,soundwel
C:\py\pigsound\pig-sound-classification\data\raw\soundwel\IASPIASPShortPr55Sele1isolace11234.wav,other,soundwel
C:\py\pigsound\pig-sound-classification\data\raw\soundwel\IASPIASPShortPr55Sele1isolace11235.wav,other,soundwel
C:\py\pigsound\pig-sound-classification\data\raw\soundwel\IASPIASPShortPr55Sele1isolace11250.wav,other,soundwel
C:\py\pigsound\pig-sound-classification\data\raw\soundwel\IASPIASPShortPr55Sele1isolace11258.wav,other,soundwel
C:\py\pigsound\pig-sound-classification\data\raw\soundwel\IASPIASPShortPr55Sele1isolace11285.wav,other,soundwel
C:\py\pigsound\pig-sound-classification\data\raw\soundwel\IASPIASPShortPr55Sele1isolace11287.wav,other,soundwel
C:\py\pigsound\pig-sound-classification\data\raw\soundwel\IASPIASPShortPr55Sele1isolace11302.wav,other,soundwel
C:\py\pigsound\pig-sound-classification\data\raw\soundwel\IASPIASPShortPr55Sele1isolace11304.wav,other,soundwel
C:\py\pigsound\pig-sound-classification\data\raw\soundwel\IASPIASPShortPr55Sele1isolace11306.wav,other,soundwel
C:\py\pigsound\pig-sound-classification\data\raw\soundwel\IASPIASPShortPr55Sele1isolace11306a.wav,other,soundwel
C:\py\pigsound\pig-sound-classification\data\raw\soundwel\IASPIASPShortPr55Sele1isolace11310.wav,other,soundwel
C:\py\pigsound\pig-sound-classification\data\raw\soundwel\IASPIASPShortPr55Sele1isolace1134.wav,other,soundwel
C:\py\pigsound\pig-sound-classification\data\raw\soundwel\IASPIASPShortPr55Sele1isolace1138.wav,other,soundwel
C:\py\pigsound\pig-sound-classification\data\raw\soundwel\IASPIASPShortPr55Sele1isolace1152.wav,other,soundwel
C:\py\pigsound\pig-sound-classification\data\raw\soundwel\IASPIASPShortPr55Sele1isolace1157.wav,other,soundwel
C:\py\pigsound\pig-sound-classification\data\raw\soundwel\IASPIASPShortPr55Sele1isolace1159.wav,other,soundwel
C:\py\pigsound\pig-sound-classification\data\raw\soundwel\IASPIASPShortPr55Sele1isolace1165.wav,other,soundwel
C:\py\pigsound\pig-sound-classification\data\raw\soundwel\IASPIASPShortPr55Sele1isolace1179.wav,other,soundwel
C:\py\pigsound\pig-sound-classification\data\raw\soundwel\IASPIASPShortPr55Sele1isolace1186.wav,other,soundwel
C:\py\pigsound\pig-sound-classification\data\raw\soundwel\IASPIASPShortPr55Sele1isolace1188.wav,other,soundwel
C:\py\pigsound\pig-sound-classification\data\raw\soundwel\IASPIASPShortPr55Sele1isolace119.wav,other,soundwel
C:\py\pigsound\pig-sound-classification\data\raw\soundwel\IASPIASPShortPr55Sele1isolace1198.wav,other,soundwel
C:\py\pigsound\pig-sound-classification\data\raw\soundwel\IASPIASPShortPr55Sele2isolace1110.wav,other,soundwel
C:\py\pigsound\pig-sound-classification\data\raw\soundwel\IASPIASPShortPr55Sele2isolace1111.wav,other,soundwel
C:\py\pigsound\pig-sound-classification\data\raw\soundwel\IASPIASPShortPr55Sele2isolace1112.wav,other,soundwel
C:\py\pigsound\pig-sound-classification\data\raw\soundwel\IASPIASPShortPr55Sele2isolace1114.wav,other,soundwel
C:\py\pigsound\pig-sound-classification\data\raw\soundwel\IASPIASPShortPr55Sele2isolace1116.wav,other,soundwel
C:\py\pigsound\pig-sound-classification\data\raw\soundwel\IASPIASPShortPr55Sele2isolace1119.wav,other,soundwel
C:\py\pigsound\pig-sound-classification\data\raw\soundwel\IASPIASPShortPr55Sele2isolace112.wav,other,soundwel
C:\py\pigsound\pig-sound-classification\data\raw\soundwel\IASPIASPShortPr55Sele2isolace1120.wav,other,soundwel
C:\py\pigsound\pig-sound-classification\data\raw\soundwel\IASPIASPShortPr55Sele2isolace1122.wav,other,soundwel
C:\py\pigsound\pig-sound-classification\data\raw\soundwel\IASPIASPShortPr55Sele2isolace1123.wav,other,soundwel
C:\py\pigsound\pig-sound-classification\data\raw\soundwel\IASPIASPShortPr55Sele2isolace1124.wav,other,soundwel
C:\py\pigsound\pig-sound-classification\data\raw\soundwel\IASPIASPShortPr55Sele2isolace1125.wav,other,soundwel
C:\py\pigsound\pig-sound-classification\data\raw\soundwel\IASPIASPShortPr55Sele2isolace1127.wav,other,soundwel
C:\py\pigsound\pig-sound-classification\data\raw\soundwel\IASPIASPShortPr55Sele2isolace1128.wav,other,soundwel
C:\py\pigsound\pig-sound-classification\data\raw\soundwel\IASPIASPShortPr55Sele2isolace113.wav,other,soundwel
C:\py\pigsound\pig-sound-classification\data\raw\soundwel\IASPIASPShortPr55Sele2isolace1130.wav,other,soundwel
C:\py\pigsound\pig-sound-classification\data\raw\soundwel\IASPIASPShortPr55Sele2isolace1131.wav,other,soundwel
C:\py\pigsound\pig-sound-classification\data\raw\soundwel\IASPIASPShortPr55Sele2isolace1133.wav,other,soundwel
C:\py\pigsound\pig-sound-classification\data\raw\soundwel\IASPIASPShortPr55Sele2isolace1135.wav,other,soundwel
C:\py\pigsound\pig-sound-classification\data\raw\soundwel\IASPIASPShortPr55Sele2isolace1136.wav,other,soundwel
C:\py\pigsound\pig-sound-classification\data\raw\soundwel\IASPIASPShortPr55Sele2isolace1140.wav,other,soundwel
C:\py\pigsound\pig-sound-classification\data\raw\soundwel\IASPIASPShortPr55Sele2isolace1142.wav,other,soundwel
C:\py\pigsound\pig-sound-classification\data\raw\soundwel\IASPIASPShortPr55Sele2isolace1145.wav,other,soundwel
C:\py\pigsound\pig-sound-classification\data\raw\soundwel\IASPIASPShortPr55Sele2isolace1146.wav,other,soundwel
C:\py\pigsound\pig-sound-classification\data\raw\soundwel\IASPIASPShortPr55Sele2isolace1149.wav,other,soundwel
C:\py\pigsound\pig-sound-classification\data\raw\soundwel\IASPIASPShortPr55Sele2isolace115.wav,other,soundwel
C:\py\pigsound\pig-sound-classification\data\raw\soundwel\IASPIASPShortPr55Sele2isolace1150.wav,other,soundwel
C:\py\pigsound\pig-sound-classification\data\raw\soundwel\IASPIASPShortPr55Sele2isolace1153.wav,other,soundwel
C:\py\pigsound\pig-sound-classification\data\raw\soundwel\IASPIASPShortPr55Sele2isolace1155.wav,other,soundwel
C:\py\pigsound\pig-sound-classification\data\raw\soundwel\IASPIASPShortPr55Sele2isolace1160.wav,other,soundwel
C:\py\pigsound\pig-sound-classification\data\raw\soundwel\IASPIASPShortPr55Sele2isolace1162.wav,other,soundwel
C:\py\pigsound\pig-sound-classification\data\raw\soundwel\IASPIASPShortPr55Sele2isolace1173.wav,other,soundwel
C:\py\pigsound\pig-sound-classification\data\raw\soundwel\IASPIASPShortPr55Sele2isolace1175.wav,other,soundwel
C:\py\pigsound\pig-sound-classification\data\raw\soundwel\IASPIASPShortPr55Sele2isolace1178.wav,other,soundwel
C:\py\pigsound\pig-sound-classification\data\raw\soundwel\IASPIASPShortPr55Sele2isolace1180.wav,other,soundwel
C:\py\pigsound\pig-sound-classification\data\raw\soundwel\IASPIASPShortPr55Sele3isolace21108.wav,other,soundwel
C:\py\pigsound\pig-sound-classification\data\raw\soundwel\IASPIASPShortPr55Sele3isolace21126.wav,other,soundwel
C:\py\pigsound\pig-sound-classification\data\raw\soundwel\IASPIASPShortPr55Sele3isolace21127.wav,other,soundwel
C:\py\pigsound\pig-sound-classification\data\raw\soundwel\IASPIASPShortPr55Sele3isolace21140.wav,other,soundwel
C:\py\pigsound\pig-sound-classification\data\raw\soundwel\IASPIASPShortPr55Sele3isolace21150.wav,other,soundwel
C:\py\pigsound\pig-sound-classification\data\raw\soundwel\IASPIASPShortPr55Sele3isolace21191.wav,other,soundwel
C:\py\pigsound\pig-sound-classification\data\raw\soundwel\IASPIASPShortPr55Sele3isolace21204.wav,other,soundwel
C:\py\pigsound\pig-sound-classification\data\raw\soundwel\IASPIASPShortPr55Sele3isolace21208.wav,other,soundwel
C:\py\pigsound\pig-sound-classification\data\raw\soundwel\IASPIASPShortPr55Sele3isolace21216a.wav,other,soundwel
C:\py\pigsound\pig-sound-classification\data\raw\soundwel\IASPIASPShortPr55Sele3isolace21220.wav,other,soundwel
C:\py\pigsound\pig-sound-classification\data\raw\soundwel\IASPIASPShortPr55Sele3isolace21251.wav,other,soundwel
C:\py\pigsound\pig-sound-classification\data\raw\soundwel\IASPIASPShortPr55Sele3isolace21253.wav,other,soundwel
C:\py\pigsound\pig-sound-classification\data\raw\soundwel\IASPIASPShortPr55Sele3isolace2126.wav,other,soundwel
C:\py\pigsound\pig-sound-classification\data\raw\soundwel\IASPIASPShortPr55Sele3isolace21263.wav,other,soundwel
C:\py\pigsound\pig-sound-classification\data\raw\soundwel\IASPIASPShortPr55Sele3isolace21268.wav,other,soundwel
C:\py\pigsound\pig-sound-classification\data\raw\soundwel\IASPIASPShortPr55Sele3isolace21286.wav,other,soundwel
C:\py\pigsound\pig-sound-classification\data\raw\soundwel\IASPIASPShortPr55Sele3isolace2129.wav,other,soundwel
C:\py\pigsound\pig-sound-classification\data\raw\soundwel\IASPIASPShortPr55Sele3isolace21302.wav,other,soundwel
C:\py\pigsound\pig-sound-classification\data\raw\soundwel\IASPIASPShortPr55Sele3isolace21304.wav,other,soundwel
C:\py\pigsound\pig-sound-classification\data\raw\soundwel\IASPIASPShortPr55Sele3isolace21306.wav,other,soundwel
C:\py\pigsound\pig-sound-classification\data\raw\soundwel\IASPIASPShortPr55Sele3isolace21309.wav,other,soundwel
C:\py\pigsound\pig-sound-classification\data\raw\soundwel\IASPIASPShortPr55Sele3isolace21330.wav,other,soundwel
C:\py\pigsound\pig-sound-classification\data\raw\soundwel\IASPIASPShortPr55Sele3isolace21343.wav,other,soundwel
C:\py\pigsound\pig-sound-classification\data\raw\soundwel\IASPIASPShortPr55Sele3isolace21345.wav,other,soundwel
C:\py\pigsound\pig-sound-classification\data\raw\soundwel\IASPIASPShortPr55Sele3isolace213581.wav,other,soundwel
C:\py\pigsound\pig-sound-classification\data\raw\soundwel\IASPIASPShortPr55Sele3isolace21361.wav,other,soundwel
C:\py\pigsound\pig-sound-classification\data\raw\soundwel\IASPIASPShortPr55Sele3isolace21381.wav,other,soundwel
C:\py\pigsound\pig-sound-classification\data\raw\soundwel\IASPIASPShortPr55Sele3isolace21398.wav,other,soundwel
C:\py\pigsound\pig-sound-classification\data\raw\soundwel\IASPIASPShortPr55Sele3isolace21424.wav,other,soundwel
C:\py\pigsound\pig-sound-classification\data\raw\soundwel\IASPIASPShortPr55Sele3isolace21425.wav,other,soundwel
C:\py\pigsound\pig-sound-classification\data\raw\soundwel\IASPIASPShortPr55Sele3isolace21430.wav,other,soundwel
C:\py\pigsound\pig-sound-classification\data\raw\soundwel\IASPIASPShortPr55Sele3isolace2145.wav,other,soundwel
C:\py\pigsound\pig-sound-classification\data\raw\soundwel\IASPIASPShortPr55Sele3isolace21497.wav,other,soundwel
C:\py\pigsound\pig-sound-classification\data\raw\soundwel\IASPIASPShortPr55Sele3isolace2152.wav,other,soundwel
C:\py\pigsound\pig-sound-classification\data\raw\soundwel\IASPIASPShortPr55Sele3isolace2162.wav,other,soundwel
C:\py\pigsound\pig-sound-classification\data\raw\soundwel\IASPIASPShortPr55Sele3isolace2170.wav,other,soundwel
C:\py\pigsound\pig-sound-classification\data\raw\soundwel\IASPIASPShortPr55Sele3isolace2176.wav,other,soundwel
C:\py\pigsound\pig-sound-classification\data\raw\soundwel\IASPIASPShortPr55Sele3isolace2195.wav,other,soundwel
C:\py\pigsound\pig-sound-classification\data\raw\soundwel\IASPIASPShortPr55Sele3isolace2197.wav,other,soundwel
C:\py\pigsound\pig-sound-classification\data\raw\soundwel\IASPIASPShortPr55Sele6isolace2111.wav,other,soundwel
C:\py\pigsound\pig-sound-classification\data\raw\soundwel\IASPIASPShortPr55Sele6isolace21111.wav,other,soundwel
C:\py\pigsound\pig-sound-classification\data\raw\soundwel\IASPIASPShortPr55Sele6isolace21112.wav,other,soundwel
C:\py\pigsound\pig-sound-classification\data\raw\soundwel\IASPIASPShortPr55Sele6isolace21118.wav,other,soundwel
C:\py\pigsound\pig-sound-classification\data\raw\soundwel\IASPIASPShortPr55Sele6isolace21122.wav,other,soundwel
C:\py\pigsound\pig-sound-classification\data\raw\soundwel\IASPIASPShortPr55Sele6isolace21126.wav,other,soundwel
C:\py\pigsound\pig-sound-classification\data\raw\soundwel\IASPIASPShortPr55Sele6isolace21128.wav,other,soundwel
C:\py\pigsound\pig-sound-classification\data\raw\soundwel\IASPIASPShortPr55Sele6isolace21153.wav,other,soundwel
C:\py\pigsound\pig-sound-classification\data\raw\soundwel\IASPIASPShortPr55Sele6isolace21182.wav,other,soundwel
C:\py\pigsound\pig-sound-classification\data\raw\soundwel\IASPIASPShortPr55Sele6isolace21184.wav,other,soundwel
C:\py\pigsound\pig-sound-classification\data\raw\soundwel\IASPIASPShortPr55Sele6isolace211841.wav,other,soundwel
C:\py\pigsound\pig-sound-classification\data\raw\soundwel\IASPIASPShortPr55Sele6isolace21203.wav,other,soundwel
C:\py\pigsound\pig-sound-classification\data\raw\soundwel\IASPIASPShortPr55Sele6isolace21216.wav,other,soundwel
C:\py\pigsound\pig-sound-classification\data\raw\soundwel\IASPIASPShortPr55Sele6isolace2122.wav,other,soundwel
C:\py\pigsound\pig-sound-classification\data\raw\soundwel\IASPIASPShortPr55Sele6isolace2135.wav,other,soundwel
C:\py\pigsound\pig-sound-classification\data\raw\soundwel\IASPIASPShortPr55Sele6isolace2157.wav,other,soundwel
C:\py\pigsound\pig-sound-classification\data\raw\soundwel\IASPIASPShortPr55Sele6isolace216.wav,other,soundwel
C:\py\pigsound\pig-sound-classification\data\raw\soundwel\IASPIASPShortPr55Sele6isolace2160.wav,other,soundwel
C:\py\pigsound\pig-sound-classification\data\raw\soundwel\IASPIASPShortPr55Sele6isolace2164.wav,other,soundwel
C:\py\pigsound\pig-sound-classification\data\raw\soundwel\IASPIASPShortPr55Sele6isolace2165.wav,other,soundwel
C:\py\pigsound\pig-sound-classification\data\raw\soundwel\IASPIASPShortPr55Sele6isolace2166.wav,other,soundwel
C:\py\pigsound\pig-sound-classification\data\raw\soundwel\IASPIASPShortPr55Sele6isolace2172.wav,other,soundwel
C:\py\pigsound\pig-sound-classification\data\raw\soundwel\IASPIASPShortPr55Sele6isolace2180.wav,other,soundwel
C:\py\pigsound\pig-sound-classification\data\raw\soundwel\IASPIASPShortPr55Sele6isolace2188.wav,other,soundwel
C:\py\pigsound\pig-sound-classification\data\raw\soundwel\IASPIASPShortPr55Sele7isolace11106.wav,other,soundwel
C:\py\pigsound\pig-sound-classification\data\raw\soundwel\IASPIASPShortPr55Sele7isolace11107.wav,other,soundwel
C:\py\pigsound\pig-sound-classification\data\raw\soundwel\IASPIASPShortPr55Sele7isolace11116.wav,other,soundwel
C:\py\pigsound\pig-sound-classification\data\raw\soundwel\IASPIASPShortPr55Sele7isolace111271.wav,other,soundwel
C:\py\pigsound\pig-sound-classification\data\raw\soundwel\IASPIASPShortPr55Sele7isolace11170.wav,other,soundwel
C:\py\pigsound\pig-sound-classification\data\raw\soundwel\IASPIASPShortPr55Sele7isolace11183.wav,other,soundwel
C:\py\pigsound\pig-sound-classification\data\raw\soundwel\IASPIASPShortPr55Sele7isolace111841.wav,other,soundwel
C:\py\pigsound\pig-sound-classification\data\raw\soundwel\IASPIASPShortPr55Sele7isolace11202.wav,other,soundwel
C:\py\pigsound\pig-sound-classification\data\raw\soundwel\IASPIASPShortPr55Sele7isolace11220.wav,other,soundwel
C:\py\pigsound\pig-sound-classification\data\raw\soundwel\IASPIASPShortPr55Sele7isolace11233.wav,other,soundwel
C:\py\pigsound\pig-sound-classification\data\raw\soundwel\IASPIASPShortPr55Sele7isolace11238.wav,other,soundwel
C:\py\pigsound\pig-sound-classification\data\raw\soundwel\IASPIASPShortPr55Sele7isolace11243.wav,other,soundwel
C:\py\pigsound\pig-sound-classification\data\raw\soundwel\IASPIASPShortPr55Sele7isolace11259.wav,other,soundwel
C:\py\pigsound\pig-sound-classification\data\raw\soundwel\IASPIASPShortPr55Sele7isolace11289.wav,other,soundwel
C:\py\pigsound\pig-sound-classification\data\raw\soundwel\IASPIASPShortPr55Sele7isolace11297.wav,other,soundwel
C:\py\pigsound\pig-sound-classification\data\raw\soundwel\IASPIASPShortPr55Sele7isolace11300.wav,other,soundwel
C:\py\pigsound\pig-sound-classification\data\raw\soundwel\IASPIASPShortPr55Sele7isolace11332.wav,other,soundwel
C:\py\pigsound\pig-sound-classification\data\raw\soundwel\IASPIASPShortPr55Sele7isolace11336.wav,other,soundwel
C:\py\pigsound\pig-sound-classification\data\raw\soundwel\IASPIASPShortPr55Sele7isolace1135.wav,other,soundwel
C:\py\pigsound\pig-sound-classification\data\raw\soundwel\IASPIASPShortPr55Sele7isolace11375.wav,other,soundwel
C:\py\pigsound\pig-sound-classification\data\raw\soundwel\IASPIASPShortPr55Sele7isolace11376.wav,other,soundwel
C:\py\pigsound\pig-sound-classification\data\raw\soundwel\IASPIASPShortPr55Sele7isolace11387.wav,other,soundwel
C:\py\pigsound\pig-sound-classification\data\raw\soundwel\IASPIASPShortPr55Sele7isolace11403.wav,other,soundwel
C:\py\pigsound\pig-sound-classification\data\raw\soundwel\IASPIASPShortPr55Sele7isolace11407.wav,other,soundwel
C:\py\pigsound\pig-sound-classification\data\raw\soundwel\IASPIASPShortPr55Sele7isolace1141.wav,other,soundwel
C:\py\pigsound\pig-sound-classification\data\raw\soundwel\IASPIASPShortPr55Sele7isolace11411.wav,other,soundwel
C:\py\pigsound\pig-sound-classification\data\raw\soundwel\IASPIASPShortPr55Sele7isolace1148.wav,other,soundwel
C:\py\pigsound\pig-sound-classification\data\raw\soundwel\IASPIASPShortPr55Sele7isolace1168.wav,other,soundwel
C:\py\pigsound\pig-sound-classification\data\raw\soundwel\IASPIASPShortPr55Sele7isolace11691.wav,other,soundwel
C:\py\pigsound\pig-sound-classification\data\raw\soundwel\IASPIASPShortPr55Sele7isolace1177.wav,other,soundwel
C:\py\pigsound\pig-sound-classification\data\raw\soundwel\IASPIASPShortPr55Sele7isolace118.wav,other,soundwel
C:\py\pigsound\pig-sound-classification\data\raw\soundwel\IASPIASPShortPr55Sele7isolace1188.wav,other,soundwel
C:\py\pigsound\pig-sound-classification\data\raw\soundwel\IASPIASPShortPr55Sele7isolace119.wav,other,soundwel
C:\py\pigsound\pig-sound-classification\data\raw\soundwel\IASPIASPShortPr55Sele7isolace1196.wav,other,soundwel
C:\py\pigsound\pig-sound-classification\data\raw\soundwel\IASPIASPShortPr55Sele8isolace21100.wav,other,soundwel
C:\py\pigsound\pig-sound-classification\data\raw\soundwel\IASPIASPShortPr55Sele8isolace21105.wav,other,soundwel
C:\py\pigsound\pig-sound-classification\data\raw\soundwel\IASPIASPShortPr55Sele8isolace21109.wav,other,soundwel
C:\py\pigsound\pig-sound-classification\data\raw\soundwel\IASPIASPShortPr55Sele8isolace21112.wav,other,soundwel
C:\py\pigsound\pig-sound-classification\data\raw\soundwel\IASPIASPShortPr55Sele8isolace2112.wav,other,soundwel
C:\py\pigsound\pig-sound-classification\data\raw\soundwel\IASPIASPShortPr55Sele8isolace21120.wav,other,soundwel
C:\py\pigsound\pig-sound-classification\data\raw\soundwel\IASPIASPShortPr55Sele8isolace21124.wav,other,soundwel
C:\py\pigsound\pig-sound-classification\data\raw\soundwel\IASPIASPShortPr55Sele8isolace2113.wav,other,soundwel
C:\py\pigsound\pig-sound-classification\data\raw\soundwel\IASPIASPShortPr55Sele8isolace21132.wav,other,soundwel
C:\py\pigsound\pig-sound-classification\data\raw\soundwel\IASPIASPShortPr55Sele8isolace21134.wav,other,soundwel
C:\py\pigsound\pig-sound-classification\data\raw\soundwel\IASPIASPShortPr55Sele8isolace21140.wav,other,soundwel
C:\py\pigsound\pig-sound-classification\data\raw\soundwel\IASPIASPShortPr55Sele8isolace21160.wav,other,soundwel
C:\py\pigsound\pig-sound-classification\data\raw\soundwel\IASPIASPShortPr55Sele8isolace21178.wav,other,soundwel
C:\py\pigsound\pig-sound-classification\data\raw\soundwel\IASPIASPShortPr55Sele8isolace21186.wav,other,soundwel
C:\py\pigsound\pig-sound-classification\data\raw\soundwel\IASPIASPShortPr55Sele8isolace21197.wav,other,soundwel
C:\py\pigsound\pig-sound-classification\data\raw\soundwel\IASPIASPShortPr55Sele8isolace21199.wav,other,soundwel
C:\py\pigsound\pig-sound-classification\data\raw\soundwel\IASPIASPShortPr55Sele8isolace21201.wav,other,soundwel
C:\py\pigsound\pig-sound-classification\data\raw\soundwel\IASPIASPShortPr55Sele8isolace21202.wav,other,soundwel
C:\py\pigsound\pig-sound-classification\data\raw\soundwel\IASPIASPShortPr55Sele8isolace21205.wav,other,soundwel
C:\py\pigsound\pig-sound-classification\data\raw\soundwel\IASPIASPShortPr55Sele8isolace21206.wav,other,soundwel
C:\py\pigsound\pig-sound-classification\data\raw\soundwel\IASPIASPShortPr55Sele8isolace21208.wav,other,soundwel
C:\py\pigsound\pig-sound-classification\data\raw\soundwel\IASPIASPShortPr55Sele8isolace21218.wav,other,soundwel
C:\py\pigsound\pig-sound-classification\data\raw\soundwel\IASPIASPShortPr55Sele8isolace21220.wav,other,soundwel
C:\py\pigsound\pig-sound-classification\data\raw\soundwel\IASPIASPShortPr55Sele8isolace21230.wav,other,soundwel
C:\py\pigsound\pig-sound-classification\data\raw\soundwel\IASPIASPShortPr55Sele8isolace21232.wav,other,soundwel
C:\py\pigsound\pig-sound-classification\data\raw\soundwel\IASPIASPShortPr55Sele8isolace2124.wav,other,soundwel
C:\py\pigsound\pig-sound-classification\data\raw\soundwel\IASPIASPShortPr55Sele8isolace212421.wav,other,soundwel
C:\py\pigsound\pig-sound-classification\data\raw\soundwel\IASPIASPShortPr55Sele8isolace21244.wav,other,soundwel
C:\py\pigsound\pig-sound-classification\data\raw\soundwel\IASPIASPShortPr55Sele8isolace21245.wav,other,soundwel
C:\py\pigsound\pig-sound-classification\data\raw\soundwel\IASPIASPShortPr55Sele8isolace21245a.wav,other,soundwel
C:\py\pigsound\pig-sound-classification\data\raw\soundwel\IASPIASPShortPr55Sele8isolace21250.wav,other,soundwel
C:\py\pigsound\pig-sound-classification\data\raw\soundwel\IASPIASPShortPr55Sele8isolace21252.wav,other,soundwel
C:\py\pigsound\pig-sound-classification\data\raw\soundwel\IASPIASPShortPr55Sele8isolace21259.wav,other,soundwel
C:\py\pigsound\pig-sound-classification\data\raw\soundwel\IASPIASPShortPr55Sele8isolace21272.wav,other,soundwel
C:\py\pigsound\pig-sound-classification\data\raw\soundwel\IASPIASPShortPr55Sele8isolace21281.wav,other,soundwel
C:\py\pigsound\pig-sound-classification\data\raw\soundwel\IASPIASPShortPr55Sele8isolace21331.wav,other,soundwel
C:\py\pigsound\pig-sound-classification\data\raw\soundwel\IASPIASPShortPr55Sele8isolace214.wav,other,soundwel
C:\py\pigsound\pig-sound-classification\data\raw\soundwel\IASPIASPShortPr55Sele8isolace2143.wav,other,soundwel
C:\py\pigsound\pig-sound-classification\data\raw\soundwel\IASPIASPShortPr55Sele8isolace2147.wav,other,soundwel
C:\py\pigsound\pig-sound-classification\data\raw\soundwel\IASPIASPShortPr55Sele8isolace2164.wav,other,soundwel
C:\py\pigsound\pig-sound-classification\data\raw\soundwel\IASPIASPShortPr55Sele8isolace2168.wav,other,soundwel
C:\py\pigsound\pig-sound-classification\data\raw\soundwel\IASPIASPShortPr55Sele8isolace2184.wav,other,soundwel
C:\py\pigsound\pig-sound-classification\data\raw\soundwel\IASPIASPShortPr55Sele8isolace2186.wav,other,soundwel
C:\py\pigsound\pig-sound-classification\data\raw\soundwel\IASPIASPShortPr55Sele8isolace2190.wav,other,soundwel
C:\py\pigsound\pig-sound-classification\data\raw\soundwel\IASPIASPShortPr55Sele8isolace2191.wav,other,soundwel
C:\py\pigsound\pig-sound-classification\data\raw\soundwel\IASPIASPShortPr55Sele9isolace11107.wav,other,soundwel
C:\py\pigsound\pig-sound-classification\data\raw\soundwel\IASPIASPShortPr55Sele9isolace11111.wav,other,soundwel
C:\py\pigsound\pig-sound-classification\data\raw\soundwel\IASPIASPShortPr55Sele9isolace11177.wav,other,soundwel
C:\py\pigsound\pig-sound-classification\data\raw\soundwel\IASPIASPShortPr55Sele9isolace11228.wav,other,soundwel
C:\py\pigsound\pig-sound-classification\data\raw\soundwel\IASPIASPShortPr55Sele9isolace11256.wav,other,soundwel
C:\py\pigsound\pig-sound-classification\data\raw\soundwel\IASPIASPShortPr55Sele9isolace11261.wav,other,soundwel
C:\py\pigsound\pig-sound-classification\data\raw\soundwel\IASPIASPShortPr55Sele9isolace11280.wav,other,soundwel
C:\py\pigsound\pig-sound-classification\data\raw\soundwel\IASPIASPShortPr55Sele9isolace11312.wav,other,soundwel
C:\py\pigsound\pig-sound-classification\data\raw\soundwel\IASPIASPShortPr55Sele9isolace11314.wav,other,soundwel
C:\py\pigsound\pig-sound-classification\data\raw\soundwel\IASPIASPShortPr55Sele9isolace11317.wav,other,soundwel
C:\py\pigsound\pig-sound-classification\data\raw\soundwel\IASPIASPShortPr55Sele9isolace11335.wav,other,soundwel
C:\py\pigsound\pig-sound-classification\data\raw\soundwel\IASPIASPShortPr55Sele9isolace11342.wav,other,soundwel
C:\py\pigsound\pig-sound-classification\data\raw\soundwel\IASPIASPShortPr55Sele9isolace11347.wav,other,soundwel
C:\py\pigsound\pig-sound-classification\data\raw\soundwel\IASPIASPShortPr55Sele9isolace11349.wav,other,soundwel
C:\py\pigsound\pig-sound-classification\data\raw\soundwel\IASPIASPShortPr55Sele9isolace1138.wav,other,soundwel
C:\py\pigsound\pig-sound-classification\data\raw\soundwel\IASPIASPShortPr55Sele9isolace11413.wav,other,soundwel
C:\py\pigsound\pig-sound-classification\data\raw\soundwel\IASPIASPShortPr55Sele9isolace11460.wav,other,soundwel
C:\py\pigsound\pig-sound-classification\data\raw\soundwel\IASPIASPShortPr55Sele9isolace11490.wav,other,soundwel
C:\py\pigsound\pig-sound-classification\data\raw\soundwel\IASPIASPShortPr55Sele9isolace11501.wav,other,soundwel
C:\py\pigsound\pig-sound-classification\data\raw\soundwel\IASPIASPShortPr55Sele9isolace11518.wav,other,soundwel
C:\py\pigsound\pig-sound-classification\data\raw\soundwel\IASPIASPShortPr55Sele9isolace11528.wav,other,soundwel
C:\py\pigsound\pig-sound-classification\data\raw\soundwel\IASPIASPShortPr55Sele9isolace11542.wav,other,soundwel
C:\py\pigsound\pig-sound-classification\data\raw\soundwel\IASPIASPShortPr55Sele9isolace1155.wav,other,soundwel
C:\py\pigsound\pig-sound-classification\data\raw\soundwel\IASPIASPShortPr55Sele9isolace11557.wav,other,soundwel
C:\py\pigsound\pig-sound-classification\data\raw\soundwel\IASPIASPShortPr55Sele9isolace11599.wav,other,soundwel
C:\py\pigsound\pig-sound-classification\data\raw\soundwel\IASPIASPShortPr55Sele9isolace11603.wav,other,soundwel
C:\py\pigsound\pig-sound-classification\data\raw\soundwel\IASPIASPShortPr55Sele9isolace11606.wav,other,soundwel
C:\py\pigsound\pig-sound-classification\data\raw\soundwel\IASPIASPShortPr55Sele9isolace1164.wav,other,soundwel
C:\py\pigsound\pig-sound-classification\data\raw\soundwel\IASPIASPShortPr55Sele9isolace11644.wav,other,soundwel
C:\py\pigsound\pig-sound-classification\data\raw\soundwel\IASPIASPShortPr55Sele9isolace11648.wav,other,soundwel
C:\py\pigsound\pig-sound-classification\data\raw\soundwel\IASPIASPShortPr55Sele9isolace11651.wav,other,soundwel
C:\py\pigsound\pig-sound-classification\data\raw\soundwel\IASPIASPShortPr55Sele9isolace11656.wav,other,soundwel
C:\py\pigsound\pig-sound-classification\data\raw\soundwel\IASPIASPShortPr55Sele9isolace11657.wav,other,soundwel
C:\py\pigsound\pig-sound-classification\data\raw\soundwel\IASPIASPShortPr55Sele9isolace11658.wav,other,soundwel
C:\py\pigsound\pig-sound-classification\data\raw\soundwel\IASPIASPShortPr55Sele9isolace1185.wav,other,soundwel
C:\py\pigsound\pig-sound-classification\data\raw\soundwel\IASPIASPShortPr55Sele9isolace1186a.wav,other,soundwel
C:\py\pigsound\pig-sound-classification\data\raw\soundwel\IASPIASPShortPr55Sele9isolace119.wav,other,soundwel
C:\py\pigsound\pig-sound-classification\data\raw\soundwel\IASPIASPShortPr67Sele01Na3min14.wav,other,soundwel
C:\py\pigsound\pig-sound-classification\data\raw\soundwel\IASPIASPShortPr67Sele01Na3min19.wav,other,soundwel
C:\py\pigsound\pig-sound-classification\data\raw\soundwel\IASPIASPShortPr67Sele01Na3min2.wav,other,soundwel
C:\py\pigsound\pig-sound-classification\data\raw\soundwel\IASPIASPShortPr67Sele01Na3min25.wav,other,soundwel
C:\py\pigsound\pig-sound-classification\data\raw\soundwel\IASPIASPShortPr67Sele01Na3min8.wav,other,soundwel
C:\py\pigsound\pig-sound-classification\data\raw\soundwel\IASPIASPShortPr67Sele02Na3min12.wav,other,soundwel
C:\py\pigsound\pig-sound-classification\data\raw\soundwel\IASPIASPShortPr67Sele02Na3min13.wav,other,soundwel
C:\py\pigsound\pig-sound-classification\data\raw\soundwel\IASPIASPShortPr67Sele02Na3min14.wav,other,soundwel
C:\py\pigsound\pig-sound-classification\data\raw\soundwel\IASPIASPShortPr67Sele02Na3min18.wav,other,soundwel
C:\py\pigsound\pig-sound-classification\data\raw\soundwel\IASPIASPShortPr67Sele02Na3min3.wav,other,soundwel
C:\py\pigsound\pig-sound-classification\data\raw\soundwel\IASPIASPShortPr67Sele02Na3min7.wav,other,soundwel
C:\py\pigsound\pig-sound-classification\data\raw\soundwel\IASPIASPShortPr67Sele02Na3min8.wav,other,soundwel
C:\py\pigsound\pig-sound-classification\data\raw\soundwel\IASPIASPShortPr67Sele03Na3min1.wav,other,soundwel
C:\py\pigsound\pig-sound-classification\data\raw\soundwel\IASPIASPShortPr67Sele03Na3min2.wav,other,soundwel
C:\py\pigsound\pig-sound-classification\data\raw\soundwel\IASPIASPShortPr67Sele03Na3min4.wav,other,soundwel
C:\py\pigsound\pig-sound-classification\data\raw\soundwel\IASPIASPShortPr67Sele03Na3min6.wav,other,soundwel
C:\py\pigsound\pig-sound-classification\data\raw\soundwel\IASPIASPShortPr67Sele03Na3min7.wav,other,soundwel
C:\py\pigsound\pig-sound-classification\data\raw\soundwel\IASPIASPShortPr67Sele05Na8min15.wav,other,soundwel
C:\py\pigsound\pig-sound-classification\data\raw\soundwel\IASPIASPShortPr67Sele05Na8min161.wav,other,soundwel
C:\py\pigsound\pig-sound-classification\data\raw\soundwel\IASPIASPShortPr67Sele05Na8min162.wav,other,soundwel
C:\py\pigsound\pig-sound-classification\data\raw\soundwel\IASPIASPShortPr67Sele05Na8min3.wav,other,soundwel
C:\py\pigsound\pig-sound-classification\data\raw\soundwel\IASPIASPShortPr67Sele05Na8min9.wav,other,soundwel
C:\py\pigsound\pig-sound-classification\data\raw\soundwel\IASPIASPShortPr67Sele07Na3min10.wav,other,soundwel
C:\py\pigsound\pig-sound-classification\data\raw\soundwel\IASPIASPShortPr67Sele07Na3min14.wav,other,soundwel
C:\py\pigsound\pig-sound-classification\data\raw\soundwel\IASPIASPShortPr67Sele07Na3min15.wav,other,soundwel
C:\py\pigsound\pig-sound-classification\data\raw\soundwel\IASPIASPShortPr67Sele07Na3min5.wav,other,soundwel
C:\py\pigsound\pig-sound-classification\data\raw\soundwel\IASPIASPShortPr67Sele07Na3min7.wav,other,soundwel
C:\py\pigsound\pig-sound-classification\data\raw\soundwel\IASPIASPShortPr67Sele07Na3min8.wav,other,soundwel
C:\py\pigsound\pig-sound-classification\data\raw\soundwel\IASPIASPShortPr67Sele09Na8min15.wav,other,soundwel
C:\py\pigsound\pig-sound-classification\data\raw\soundwel\IASPIASPShortPr67Sele09Na8min282.wav,other,soundwel
C:\py\pigsound\pig-sound-classification\data\raw\soundwel\IASPIASPShortPr67Sele11isolace21202.wav,other,soundwel
C:\py\pigsound\pig-sound-classification\data\raw\soundwel\IASPIASPShortPr67Sele11isolace21351.wav,other,soundwel
C:\py\pigsound\pig-sound-classification\data\raw\soundwel\IASPIASPShortPr67Sele11isolace21361.wav,other,soundwel
C:\py\pigsound\pig-sound-classification\data\raw\soundwel\IASPIASPShortPr67Sele11isolace21440.wav,other,soundwel
C:\py\pigsound\pig-sound-classification\data\raw\soundwel\IASPIASPShortPr67Sele11isolace21481.wav,other,soundwel
C:\py\pigsound\pig-sound-classification\data\raw\soundwel\IASPIASPShortPr67Sele11isolace21488.wav,other,soundwel
C:\py\pigsound\pig-sound-classification\data\raw\soundwel\IASPIASPShortPr67Sele11isolace21542.wav,other,soundwel
C:\py\pigsound\pig-sound-classification\data\raw\soundwel\IASPIASPShortPr67Sele11isolace21637.wav,other,soundwel
C:\py\pigsound\pig-sound-classification\data\raw\soundwel\IASPIASPShortPr67Sele11isolace21756.wav,other,soundwel
C:\py\pigsound\pig-sound-classification\data\raw\soundwel\IASPIASPShortPr67Sele11isolace21787.wav,other,soundwel
C:\py\pigsound\pig-sound-classification\data\raw\soundwel\IASPIASPShortPr67Sele11Na8min15.wav,other,soundwel
C:\py\pigsound\pig-sound-classification\data\raw\soundwel\IASPIASPShortPr67Sele11Na8min205.wav,other,soundwel
C:\py\pigsound\pig-sound-classification\data\raw\soundwel\IASPIASPShortPr67Sele1isolace11100.wav,other,soundwel
C:\py\pigsound\pig-sound-classification\data\raw\soundwel\IASPIASPShortPr67Sele1isolace11111.wav,other,soundwel
C:\py\pigsound\pig-sound-classification\data\raw\soundwel\IASPIASPShortPr67Sele1isolace1112.wav,other,soundwel
C:\py\pigsound\pig-sound-classification\data\raw\soundwel\IASPIASPShortPr67Sele1isolace11136.wav,other,soundwel
C:\py\pigsound\pig-sound-classification\data\raw\soundwel\IASPIASPShortPr67Sele1isolace11195.wav,other,soundwel
C:\py\pigsound\pig-sound-classification\data\raw\soundwel\IASPIASPShortPr67Sele1isolace11196.wav,other,soundwel
C:\py\pigsound\pig-sound-classification\data\raw\soundwel\IASPIASPShortPr67Sele1isolace11245.wav,other,soundwel
C:\py\pigsound\pig-sound-classification\data\raw\soundwel\IASPIASPShortPr67Sele1isolace11257.wav,other,soundwel
C:\py\pigsound\pig-sound-classification\data\raw\soundwel\IASPIASPShortPr67Sele1isolace115.wav,other,soundwel
C:\py\pigsound\pig-sound-classification\data\raw\soundwel\IASPIASPShortPr67Sele1isolace1156.wav,other,soundwel
C:\py\pigsound\pig-sound-classification\data\raw\soundwel\IASPIASPShortPr67Sele1isolace116.wav,other,soundwel
C:\py\pigsound\pig-sound-classification\data\raw\soundwel\IASPIASPShortPr67Sele1isolace1162.wav,other,soundwel
C:\py\pigsound\pig-sound-classification\data\raw\soundwel\IASPIASPShortPr67Sele1isolace1166.wav,other,soundwel
C:\py\pigsound\pig-sound-classification\data\raw\soundwel\IASPIASPShortPr67Sele1isolace1195.wav,other,soundwel
C:\py\pigsound\pig-sound-classification\data\raw\soundwel\IASPIASPShortPr67Sele2isolace11114.wav,other,soundwel
C:\py\pigsound\pig-sound-classification\data\raw\soundwel\IASPIASPShortPr67Sele2isolace11125.wav,other,soundwel
C:\py\pigsound\pig-sound-classification\data\raw\soundwel\IASPIASPShortPr67Sele2isolace11144.wav,other,soundwel
C:\py\pigsound\pig-sound-classification\data\raw\soundwel\IASPIASPShortPr67Sele2isolace11152.wav,other,soundwel
C:\py\pigsound\pig-sound-classification\data\raw\soundwel\IASPIASPShortPr67Sele2isolace11166.wav,other,soundwel
C:\py\pigsound\pig-sound-classification\data\raw\soundwel\IASPIASPShortPr67Sele2isolace1119.wav,other,soundwel
C:\py\pigsound\pig-sound-classification\data\raw\soundwel\IASPIASPShortPr67Sele2isolace1129.wav,other,soundwel
C:\py\pigsound\pig-sound-classification\data\raw\soundwel\IASPIASPShortPr67Sele2isolace1157.wav,other,soundwel
C:\py\pigsound\pig-sound-classification\data\raw\soundwel\IASPIASPShortPr67Sele3isolace21113.wav,other,soundwel
C:\py\pigsound\pig-sound-classification\data\raw\soundwel\IASPIASPShortPr67Sele3isolace21133.wav,other,soundwel
C:\py\pigsound\pig-sound-classification\data\raw\soundwel\IASPIASPShortPr67Sele3isolace21137.wav,other,soundwel
C:\py\pigsound\pig-sound-classification\data\raw\soundwel\IASPIASPShortPr67Sele3isolace21175.wav,other,soundwel
C:\py\pigsound\pig-sound-classification\data\raw\soundwel\IASPIASPShortPr67Sele3isolace21179.wav,other,soundwel
C:\py\pigsound\pig-sound-classification\data\raw\soundwel\IASPIASPShortPr67Sele3isolace21186.wav,other,soundwel
C:\py\pigsound\pig-sound-classification\data\raw\soundwel\IASPIASPShortPr67Sele3isolace21188.wav,other,soundwel
C:\py\pigsound\pig-sound-classification\data\raw\soundwel\IASPIASPShortPr67Sele3isolace21193.wav,other,soundwel
C:\py\pigsound\pig-sound-classification\data\raw\soundwel\IASPIASPShortPr67Sele3isolace21210.wav,other,soundwel
C:\py\pigsound\pig-sound-classification\data\raw\soundwel\IASPIASPShortPr67Sele3isolace21222.wav,other,soundwel
C:\py\pigsound\pig-sound-classification\data\raw\soundwel\IASPIASPShortPr67Sele3isolace2140.wav,other,soundwel
C:\py\pigsound\pig-sound-classification\data\raw\soundwel\IASPIASPShortPr67Sele3isolace2143.wav,other,soundwel
C:\py\pigsound\pig-sound-classification\data\raw\soundwel\IASPIASPShortPr67Sele3isolace2152.wav,other,soundwel
C:\py\pigsound\pig-sound-classification\data\raw\soundwel\IASPIASPShortPr67Sele3isolace2156.wav,other,soundwel
C:\py\pigsound\pig-sound-classification\data\raw\soundwel\IASPIASPShortPr67Sele3isolace2181.wav,other,soundwel
C:\py\pigsound\pig-sound-classification\data\raw\soundwel\IASPIASPShortPr67Sele5isolace11142.wav,other,soundwel
C:\py\pigsound\pig-sound-classification\data\raw\soundwel\IASPIASPShortPr67Sele5isolace11143.wav,other,soundwel
C:\py\pigsound\pig-sound-classification\data\raw\soundwel\IASPIASPShortPr67Sele5isolace11209.wav,other,soundwel
C:\py\pigsound\pig-sound-classification\data\raw\soundwel\IASPIASPShortPr67Sele5isolace11217.wav,other,soundwel
C:\py\pigsound\pig-sound-classification\data\raw\soundwel\IASPIASPShortPr67Sele5isolace11234.wav,other,soundwel
C:\py\pigsound\pig-sound-classification\data\raw\soundwel\IASPIASPShortPr67Sele5isolace11360.wav,other,soundwel
C:\py\pigsound\pig-sound-classification\data\raw\soundwel\IASPIASPShortPr67Sele5isolace11380.wav,other,soundwel
C:\py\pigsound\pig-sound-classification\data\raw\soundwel\IASPIASPShortPr67Sele5isolace11431.wav,other,soundwel
C:\py\pigsound\pig-sound-classification\data\raw\soundwel\IASPIASPShortPr67Sele5isolace11471.wav,other,soundwel
C:\py\pigsound\pig-sound-classification\data\raw\soundwel\IASPIASPShortPr67Sele5isolace11485.wav,other,soundwel
C:\py\pigsound\pig-sound-classification\data\raw\soundwel\IASPIASPShortPr67Sele5isolace11553.wav,other,soundwel
C:\py\pigsound\pig-sound-classification\data\raw\soundwel\IASPIASPShortPr67Sele5isolace11609.wav,other,soundwel
C:\py\pigsound\pig-sound-classification\data\raw\soundwel\IASPIASPShortPr67Sele5isolace11618.wav,other,soundwel
C:\py\pigsound\pig-sound-classification\data\raw\soundwel\IASPIASPShortPr67Sele5isolace11676.wav,other,soundwel
C:\py\pigsound\pig-sound-classification\data\raw\soundwel\IASPIASPShortPr67Sele5isolace11747.wav,other,soundwel
C:\py\pigsound\pig-sound-classification\data\raw\soundwel\IASPIASPShortPr67Sele5isolace1187.wav,other,soundwel
C:\py\pigsound\pig-sound-classification\data\raw\soundwel\IASPIASPShortPr67Sele7isolace21110.wav,other,soundwel
C:\py\pigsound\pig-sound-classification\data\raw\soundwel\IASPIASPShortPr67Sele7isolace21118.wav,other,soundwel
C:\py\pigsound\pig-sound-classification\data\raw\soundwel\IASPIASPShortPr67Sele7isolace21227.wav,other,soundwel
C:\py\pigsound\pig-sound-classification\data\raw\soundwel\IASPIASPShortPr67Sele7isolace21231.wav,other,soundwel
C:\py\pigsound\pig-sound-classification\data\raw\soundwel\IASPIASPShortPr67Sele7isolace21244a.wav,other,soundwel
C:\py\pigsound\pig-sound-classification\data\raw\soundwel\IASPIASPShortPr67Sele7isolace21249.wav,other,soundwel
C:\py\pigsound\pig-sound-classification\data\raw\soundwel\IASPIASPShortPr67Sele7isolace21263.wav,other,soundwel
C:\py\pigsound\pig-sound-classification\data\raw\soundwel\IASPIASPShortPr67Sele7isolace21268.wav,other,soundwel
C:\py\pigsound\pig-sound-classification\data\raw\soundwel\IASPIASPShortPr67Sele7isolace21317.wav,other,soundwel
C:\py\pigsound\pig-sound-classification\data\raw\soundwel\IASPIASPShortPr67Sele7isolace21319.wav,other,soundwel
C:\py\pigsound\pig-sound-classification\data\raw\soundwel\IASPIASPShortPr67Sele7isolace2143.wav,other,soundwel
C:\py\pigsound\pig-sound-classification\data\raw\soundwel\IASPIASPShortPr67Sele7isolace2145.wav,other,soundwel
C:\py\pigsound\pig-sound-classification\data\raw\soundwel\IASPIASPShortPr67Sele7isolace2147.wav,other,soundwel
C:\py\pigsound\pig-sound-classification\data\raw\soundwel\IASPIASPShortPr67Sele7isolace2157.wav,other,soundwel
C:\py\pigsound\pig-sound-classification\data\raw\soundwel\IASPIASPShortPr67Sele8isolace21142.wav,other,soundwel
C:\py\pigsound\pig-sound-classification\data\raw\soundwel\IASPIASPShortPr67Sele8isolace212.wav,other,soundwel
C:\py\pigsound\pig-sound-classification\data\raw\soundwel\IASPIASPShortPr67Sele8isolace21213.wav,other,soundwel
C:\py\pigsound\pig-sound-classification\data\raw\soundwel\IASPIASPShortPr67Sele8isolace21245.wav,other,soundwel
C:\py\pigsound\pig-sound-classification\data\raw\soundwel\IASPIASPShortPr67Sele8isolace21252.wav,other,soundwel
C:\py\pigsound\pig-sound-classification\data\raw\soundwel\IASPIASPShortPr67Sele8isolace21307a.wav,other,soundwel
C:\py\pigsound\pig-sound-classification\data\raw\soundwel\IASPIASPShortPr67Sele8isolace21324.wav,other,soundwel
C:\py\pigsound\pig-sound-classification\data\raw\soundwel\IASPIASPShortPr67Sele8isolace21350.wav,other,soundwel
C:\py\pigsound\pig-sound-classification\data\raw\soundwel\IASPIASPShortPr67Sele8isolace2154.wav,other,soundwel
C:\py\pigsound\pig-sound-classification\data\raw\soundwel\IASPIASPShortPr67Sele9isolace11160.wav,other,soundwel
C:\py\pigsound\pig-sound-classification\data\raw\soundwel\IASPIASPShortPr67Sele9isolace11195.wav,other,soundwel
C:\py\pigsound\pig-sound-classification\data\raw\soundwel\IASPIASPShortPr67Sele9isolace11202.wav,other,soundwel
C:\py\pigsound\pig-sound-classification\data\raw\soundwel\IASPIASPShortPr67Sele9isolace11267.wav,other,soundwel
C:\py\pigsound\pig-sound-classification\data\raw\soundwel\IASPIASPShortPr67Sele9isolace11303.wav,other,soundwel
C:\py\pigsound\pig-sound-classification\data\raw\soundwel\IASPIASPShortPr67Sele9isolace11316.wav,other,soundwel
C:\py\pigsound\pig-sound-classification\data\raw\soundwel\IASPIASPShortPr67Sele9isolace11323.wav,other,soundwel
C:\py\pigsound\pig-sound-classification\data\raw\soundwel\IASPIASPShortPr67Sele9isolace11387.wav,other,soundwel
C:\py\pigsound\pig-sound-classification\data\raw\soundwel\IASPIASPShortPr67Sele9isolace1140.wav,other,soundwel
C:\py\pigsound\pig-sound-classification\data\raw\soundwel\IASPIASPShortPr67Sele9isolace11409.wav,other,soundwel
C:\py\pigsound\pig-sound-classification\data\raw\soundwel\IASPIASPShortPr67Sele9isolace11460.wav,other,soundwel
C:\py\pigsound\pig-sound-classification\data\raw\soundwel\IASPIASPShortPr67Sele9isolace11486.wav,other,soundwel
C:\py\pigsound\pig-sound-classification\data\raw\soundwel\IASPIASPShortPr67Sele9isolace11504a.wav,other,soundwel
C:\py\pigsound\pig-sound-classification\data\raw\soundwel\IASPIASPShortPr67Sele9isolace11518.wav,other,soundwel
C:\py\pigsound\pig-sound-classification\data\raw\soundwel\IASPIASPShortPr67Sele9isolace11526.wav,other,soundwel
C:\py\pigsound\pig-sound-classification\data\raw\soundwel\IASPIASPShortPr67Sele9isolace11651.wav,other,soundwel
C:\py\pigsound\pig-sound-classification\data\raw\soundwel\IASPIASPShortPr67Sele9isolace11670.wav,other,soundwel
C:\py\pigsound\pig-sound-classification\data\raw\soundwel\IASPIASPShortPr67Sele9isolace11692.wav,other,soundwel
C:\py\pigsound\pig-sound-classification\data\raw\soundwel\IASPIASPShortPr67Sele9isolace11701.wav,other,soundwel
C:\py\pigsound\pig-sound-classification\data\raw\soundwel\IASPIASPShortPr67Sele9isolace1189.wav,other,soundwel
C:\py\pigsound\pig-sound-classification\data\raw\soundwel\IASPIASPShortPr80Sele04Na8min13.wav,other,soundwel
C:\py\pigsound\pig-sound-classification\data\raw\soundwel\IASPIASPShortPr80Sele04Na8min23.wav,other,soundwel
C:\py\pigsound\pig-sound-classification\data\raw\soundwel\IASPIASPShortPr80Sele04Na8min29.wav,other,soundwel
C:\py\pigsound\pig-sound-classification\data\raw\soundwel\IASPIASPShortPr80Sele07Na3min16.wav,other,soundwel
C:\py\pigsound\pig-sound-classification\data\raw\soundwel\IASPIASPShortPr80Sele07Na3min22.wav,other,soundwel
C:\py\pigsound\pig-sound-classification\data\raw\soundwel\IASPIASPShortPr80Sele07Na3min271.wav,other,soundwel
C:\py\pigsound\pig-sound-classification\data\raw\soundwel\IASPIASPShortPr80Sele07Na3min273.wav,other,soundwel
C:\py\pigsound\pig-sound-classification\data\raw\soundwel\IASPIASPShortPr80Sele07Na3min274.wav,other,soundwel
C:\py\pigsound\pig-sound-classification\data\raw\soundwel\IASPIASPShortPr80Sele07Na3min275.wav,other,soundwel
C:\py\pigsound\pig-sound-classification\data\raw\soundwel\IASPIASPShortPr80Sele07Na3min277.wav,other,soundwel
C:\py\pigsound\pig-sound-classification\data\raw\soundwel\IASPIASPShortPr80Sele07Na3min298.wav,other,soundwel
C:\py\pigsound\pig-sound-classification\data\raw\soundwel\IASPIASPShortPr80Sele07Na3min31.wav,other,soundwel
C:\py\pigsound\pig-sound-classification\data\raw\soundwel\IASPIASPShortPr80Sele07Na3min5.wav,other,soundwel
C:\py\pigsound\pig-sound-classification\data\raw\soundwel\IASPIASPShortPr80Sele07Na3min51.wav,other,soundwel
C:\py\pigsound\pig-sound-classification\data\raw\soundwel\IASPIASPShortPr80Sele07Na3min6.wav,other,soundwel
C:\py\pigsound\pig-sound-classification\data\raw\soundwel\IASPIASPShortPr80Sele07Na3min7.wav,other,soundwel
C:\py\pigsound\pig-sound-classification\data\raw\soundwel\IASPIASPShortPr80Sele07Na3min71.wav,other,soundwel
C:\py\pigsound\pig-sound-classification\data\raw\soundwel\IASPIASPShortPr80Sele10isolace21142.wav,other,soundwel
C:\py\pigsound\pig-sound-classification\data\raw\soundwel\IASPIASPShortPr80Sele10isolace21241.wav,other,soundwel
C:\py\pigsound\pig-sound-classification\data\raw\soundwel\IASPIASPShortPr80Sele10isolace21267.wav,other,soundwel
C:\py\pigsound\pig-sound-classification\data\raw\soundwel\IASPIASPShortPr80Sele10isolace21294.wav,other,soundwel
C:\py\pigsound\pig-sound-classification\data\raw\soundwel\IASPIASPShortPr80Sele10Na8min12.wav,other,soundwel
C:\py\pigsound\pig-sound-classification\data\raw\soundwel\IASPIASPShortPr80Sele10Na8min1411.wav,other,soundwel
C:\py\pigsound\pig-sound-classification\data\raw\soundwel\IASPIASPShortPr80Sele10Na8min143.wav,other,soundwel
C:\py\pigsound\pig-sound-classification\data\raw\soundwel\IASPIASPShortPr80Sele10Na8min145.wav,other,soundwel
C:\py\pigsound\pig-sound-classification\data\raw\soundwel\IASPIASPShortPr80Sele10Na8min149.wav,other,soundwel
C:\py\pigsound\pig-sound-classification\data\raw\soundwel\IASPIASPShortPr80Sele10Na8min17.wav,other,soundwel
C:\py\pigsound\pig-sound-classification\data\raw\soundwel\IASPIASPShortPr80Sele10Na8min19.wav,other,soundwel
C:\py\pigsound\pig-sound-classification\data\raw\soundwel\IASPIASPShortPr80Sele10Na8min27.wav,other,soundwel
C:\py\pigsound\pig-sound-classification\data\raw\soundwel\IASPIASPShortPr80Sele10Na8min30.wav,other,soundwel
C:\py\pigsound\pig-sound-classification\data\raw\soundwel\IASPIASPShortPr80Sele10Na8min35.wav,other,soundwel
C:\py\pigsound\pig-sound-classification\data\raw\soundwel\IASPIASPShortPr80Sele10Na8min351.wav,other,soundwel
C:\py\pigsound\pig-sound-classification\data\raw\soundwel\IASPIASPShortPr80Sele10Na8min4.wav,other,soundwel
C:\py\pigsound\pig-sound-classification\data\raw\soundwel\IASPIASPShortPr80Sele10Na8min5.wav,other,soundwel
C:\py\pigsound\pig-sound-classification\data\raw\soundwel\IASPIASPShortPr80Sele4isolace21210.wav,other,soundwel
C:\py\pigsound\pig-sound-classification\data\raw\soundwel\IASPIASPShortPr80Sele4isolace21260.wav,other,soundwel
C:\py\pigsound\pig-sound-classification\data\raw\soundwel\IASPIASPShortPr80Sele4isolace21353.wav,other,soundwel
C:\py\pigsound\pig-sound-classification\data\raw\soundwel\IASPIASPShortPr80Sele5isolace2126.wav,other,soundwel
C:\py\pigsound\pig-sound-classification\data\raw\soundwel\IASPIASPShortPr80Sele5isolace2149.wav,other,soundwel
C:\py\pigsound\pig-sound-classification\data\raw\soundwel\IASPIASPShortPr80Sele5isolace2168.wav,other,soundwel
C:\py\pigsound\pig-sound-classification\data\raw\soundwel\IASPIASPShortPr80Sele5isolace2198.wav,other,soundwel
C:\py\pigsound\pig-sound-classification\data\raw\soundwel\IASPIASPShortPr80Sele6isolace21146.wav,other,soundwel
C:\py\pigsound\pig-sound-classification\data\raw\soundwel\IASPIASPShortPr80Sele6isolace21148.wav,other,soundwel
C:\py\pigsound\pig-sound-classification\data\raw\soundwel\IASPIASPShortPr80Sele6isolace21150.wav,other,soundwel
C:\py\pigsound\pig-sound-classification\data\raw\soundwel\IASPIASPShortPr80Sele6isolace21247.wav,other,soundwel
C:\py\pigsound\pig-sound-classification\data\raw\soundwel\IASPIASPShortPr80Sele6isolace21271.wav,other,soundwel
C:\py\pigsound\pig-sound-classification\data\raw\soundwel\IASPIASPShortPr80Sele6isolace21282.wav,other,soundwel
C:\py\pigsound\pig-sound-classification\data\raw\soundwel\IASPIASPShortPr80Sele6isolace21305.wav,other,soundwel
C:\py\pigsound\pig-sound-classification\data\raw\soundwel\IASPIASPShortPr80Sele6isolace21314.wav,other,soundwel
C:\py\pigsound\pig-sound-classification\data\raw\soundwel\IASPIASPShortPr80Sele6isolace21370.wav,other,soundwel
C:\py\pigsound\pig-sound-classification\data\raw\soundwel\IASPIASPShortPr80Sele6isolace21476.wav,other,soundwel
C:\py\pigsound\pig-sound-classification\data\raw\soundwel\IASPIASPShortPr80Sele6isolace21482.wav,other,soundwel
C:\py\pigsound\pig-sound-classification\data\raw\soundwel\IASPIASPShortPr80Sele6isolace21485.wav,other,soundwel
C:\py\pigsound\pig-sound-classification\data\raw\soundwel\IASPIASPShortPr80Sele6isolace2176.wav,other,soundwel
C:\py\pigsound\pig-sound-classification\data\raw\soundwel\IASPIASPShortPr80Sele7isolace2112.wav,other,soundwel
C:\py\pigsound\pig-sound-classification\data\raw\soundwel\IASPIASPShortPr80Sele7isolace21154.wav,other,soundwel
C:\py\pigsound\pig-sound-classification\data\raw\soundwel\IASPIASPShortPr80Sele7isolace21162.wav,other,soundwel
C:\py\pigsound\pig-sound-classification\data\raw\soundwel\IASPIASPShortPr80Sele7isolace2135.wav,other,soundwel
C:\py\pigsound\pig-sound-classification\data\raw\soundwel\IASPIASPShortPr80Sele7isolace2178a.wav,other,soundwel
C:\py\pigsound\pig-sound-classification\data\raw\soundwel\IASPIASPShortPr80Sele8isolace21113.wav,other,soundwel
C:\py\pigsound\pig-sound-classification\data\raw\soundwel\IASPIASPShortPr80Sele8isolace21169.wav,other,soundwel
C:\py\pigsound\pig-sound-classification\data\raw\soundwel\IASPIASPShortPr80Sele8isolace2117.wav,other,soundwel
C:\py\pigsound\pig-sound-classification\data\raw\soundwel\IASPIASPShortPr80Sele8isolace21192.wav,other,soundwel
C:\py\pigsound\pig-sound-classification\data\raw\soundwel\IASPIASPShortPr80Sele8isolace21234.wav,other,soundwel
C:\py\pigsound\pig-sound-classification\data\raw\soundwel\IASPIASPShortPr80Sele8isolace2140.wav,other,soundwel
C:\py\pigsound\pig-sound-classification\data\raw\soundwel\IASPIASPShortPr80Sele8isolace2148.wav,other,soundwel
C:\py\pigsound\pig-sound-classification\data\raw\soundwel\IASPIASPShortPr80Sele8isolace2161.wav,other,soundwel
C:\py\pigsound\pig-sound-classification\data\raw\soundwel\IASPIASPShortPr80Sele8isolace2185.wav,other,soundwel
C:\py\pigsound\pig-sound-classification\data\raw\soundwel\IASPIASPShortPr80Sele8isolace2187.wav,other,soundwel
C:\py\pigsound\pig-sound-classification\data\raw\soundwel\IASPIASPShortPr99Sele04Na3min12.wav,other,soundwel
C:\py\pigsound\pig-sound-classification\data\raw\soundwel\IASPIASPShortPr99Sele04Na3min19.wav,other,soundwel
C:\py\pigsound\pig-sound-classification\data\raw\soundwel\IASPIASPShortPr99Sele04Na3min2.wav,other,soundwel
C:\py\pigsound\pig-sound-classification\data\raw\soundwel\IASPIASPShortPr99Sele04Na3min20.wav,other,soundwel
C:\py\pigsound\pig-sound-classification\data\raw\soundwel\IASPIASPShortPr99Sele04Na3min21.wav,other,soundwel
C:\py\pigsound\pig-sound-classification\data\raw\soundwel\IASPIASPShortPr99Sele04Na3min22.wav,other,soundwel
C:\py\pigsound\pig-sound-classification\data\raw\soundwel\IASPIASPShortPr99Sele04Na3min24.wav,other,soundwel
C:\py\pigsound\pig-sound-classification\data\raw\soundwel\IASPIASPShortPr99Sele04Na3min27.wav,other,soundwel
C:\py\pigsound\pig-sound-classification\data\raw\soundwel\IASPIASPShortPr99Sele04Na3min7.wav,other,soundwel
C:\py\pigsound\pig-sound-classification\data\raw\soundwel\IASPIASPShortPr99Sele04Na3min9.wav,other,soundwel
C:\py\pigsound\pig-sound-classification\data\raw\soundwel\IASPIASPShortPr99Sele05Na3min11.wav,other,soundwel
C:\py\pigsound\pig-sound-classification\data\raw\soundwel\IASPIASPShortPr99Sele05Na3min21.wav,other,soundwel
C:\py\pigsound\pig-sound-classification\data\raw\soundwel\IASPIASPShortPr99Sele05Na3min24.wav,other,soundwel
C:\py\pigsound\pig-sound-classification\data\raw\soundwel\IASPIASPShortPr99Sele05Na3min242.wav,other,soundwel
C:\py\pigsound\pig-sound-classification\data\raw\soundwel\IASPIASPShortPr99Sele05Na3min5.wav,other,soundwel
C:\py\pigsound\pig-sound-classification\data\raw\soundwel\IASPIASPShortPr99Sele05Na3min7.wav,other,soundwel
C:\py\pigsound\pig-sound-classification\data\raw\soundwel\IASPIASPShortPr99Sele05Na3min9.wav,other,soundwel
C:\py\pigsound\pig-sound-classification\data\raw\soundwel\IASPIASPShortPr99Sele07Na8min5.wav,other,soundwel
C:\py\pigsound\pig-sound-classification\data\raw\soundwel\IASPIASPShortPr99Sele08Na8min10.wav,other,soundwel
C:\py\pigsound\pig-sound-classification\data\raw\soundwel\IASPIASPShortPr99Sele08Na8min11.wav,other,soundwel
C:\py\pigsound\pig-sound-classification\data\raw\soundwel\IASPIASPShortPr99Sele08Na8min12.wav,other,soundwel
C:\py\pigsound\pig-sound-classification\data\raw\soundwel\IASPIASPShortPr99Sele08Na8min15.wav,other,soundwel
C:\py\pigsound\pig-sound-classification\data\raw\soundwel\IASPIASPShortPr99Sele08Na8min19.wav,other,soundwel
C:\py\pigsound\pig-sound-classification\data\raw\soundwel\IASPIASPShortPr99Sele08Na8min2.wav,other,soundwel
C:\py\pigsound\pig-sound-classification\data\raw\soundwel\IASPIASPShortPr99Sele08Na8min8.wav,other,soundwel
C:\py\pigsound\pig-sound-classification\data\raw\soundwel\IASPIASPShortPr99Sele09Na3min.wav,other,soundwel
C:\py\pigsound\pig-sound-classification\data\raw\soundwel\IASPIASPShortPr99Sele09Na3min1.wav,other,soundwel
C:\py\pigsound\pig-sound-classification\data\raw\soundwel\IASPIASPShortPr99Sele09Na3min11.wav,other,soundwel
C:\py\pigsound\pig-sound-classification\data\raw\soundwel\IASPIASPShortPr99Sele09Na3min13.wav,other,soundwel
C:\py\pigsound\pig-sound-classification\data\raw\soundwel\IASPIASPShortPr99Sele09Na3min17.wav,other,soundwel
C:\py\pigsound\pig-sound-classification\data\raw\soundwel\IASPIASPShortPr99Sele09Na3min20.wav,other,soundwel
C:\py\pigsound\pig-sound-classification\data\raw\soundwel\IASPIASPShortPr99Sele09Na3min21.wav,other,soundwel
C:\py\pigsound\pig-sound-classification\data\raw\soundwel\IASPIASPShortPr99Sele09Na3min23.wav,other,soundwel
C:\py\pigsound\pig-sound-classification\data\raw\soundwel\IASPIASPShortPr99Sele09Na3min24.wav,other,soundwel
C:\py\pigsound\pig-sound-classification\data\raw\soundwel\IASPIASPShortPr99Sele09Na3min26.wav,other,soundwel
C:\py\pigsound\pig-sound-classification\data\raw\soundwel\IASPIASPShortPr99Sele09Na3min27.wav,other,soundwel
C:\py\pigsound\pig-sound-classification\data\raw\soundwel\IASPIASPShortPr99Sele09Na3min33.wav,other,soundwel
C:\py\pigsound\pig-sound-classification\data\raw\soundwel\IASPIASPShortPr99Sele09Na3min4.wav,other,soundwel
C:\py\pigsound\pig-sound-classification\data\raw\soundwel\IASPIASPShortPr99Sele09Na3min9.wav,other,soundwel
C:\py\pigsound\pig-sound-classification\data\raw\soundwel\IASPIASPShortPr99Sele1isolace11107.wav,other,soundwel
C:\py\pigsound\pig-sound-classification\data\raw\soundwel\IASPIASPShortPr99Sele1isolace11228.wav,other,soundwel
C:\py\pigsound\pig-sound-classification\data\raw\soundwel\IASPIASPShortPr99Sele1isolace11231.wav,other,soundwel
C:\py\pigsound\pig-sound-classification\data\raw\soundwel\IASPIASPShortPr99Sele1isolace1127.wav,other,soundwel
C:\py\pigsound\pig-sound-classification\data\raw\soundwel\IASPIASPShortPr99Sele1isolace11311.wav,other,soundwel
C:\py\pigsound\pig-sound-classification\data\raw\soundwel\IASPIASPShortPr99Sele1isolace11331.wav,other,soundwel
C:\py\pigsound\pig-sound-classification\data\raw\soundwel\IASPIASPShortPr99Sele1isolace11401.wav,other,soundwel
C:\py\pigsound\pig-sound-classification\data\raw\soundwel\IASPIASPShortPr99Sele1isolace11405.wav,other,soundwel
C:\py\pigsound\pig-sound-classification\data\raw\soundwel\IASPIASPShortPr99Sele1isolace11418.wav,other,soundwel
C:\py\pigsound\pig-sound-classification\data\raw\soundwel\IASPIASPShortPr99Sele1isolace11508.wav,other,soundwel
C:\py\pigsound\pig-sound-classification\data\raw\soundwel\IASPIASPShortPr99Sele1isolace11513.wav,other,soundwel
C:\py\pigsound\pig-sound-classification\data\raw\soundwel\IASPIASPShortPr99Sele1isolace11527.wav,other,soundwel
C:\py\pigsound\pig-sound-classification\data\raw\soundwel\IASPIASPShortPr99Sele1isolace11624.wav,other,soundwel
C:\py\pigsound\pig-sound-classification\data\raw\soundwel\IASPIASPShortPr99Sele1isolace11631.wav,other,soundwel
C:\py\pigsound\pig-sound-classification\data\raw\soundwel\IASPIASPShortPr99Sele1isolace1179.wav,other,soundwel
C:\py\pigsound\pig-sound-classification\data\raw\soundwel\IASPIASPShortPr99Sele1isolace1184.wav,other,soundwel
C:\py\pigsound\pig-sound-classification\data\raw\soundwel\IASPIASPShortPr99Sele2isolalce21185.wav,other,soundwel
C:\py\pigsound\pig-sound-classification\data\raw\soundwel\IASPIASPShortPr99Sele2isolalce21213.wav,other,soundwel
C:\py\pigsound\pig-sound-classification\data\raw\soundwel\IASPIASPShortPr99Sele2isolalce2123.wav,other,soundwel
C:\py\pigsound\pig-sound-classification\data\raw\soundwel\IASPIASPShortPr99Sele2isolalce2124.wav,other,soundwel
C:\py\pigsound\pig-sound-classification\data\raw\soundwel\IASPIASPShortPr99Sele2isolalce2126.wav,other,soundwel
C:\py\pigsound\pig-sound-classification\data\raw\soundwel\IASPIASPShortPr99Sele2isolalce2148.wav,other,soundwel
C:\py\pigsound\pig-sound-classification\data\raw\soundwel\IASPIASPShortPr99Sele2isolalce2183.wav,other,soundwel
C:\py\pigsound\pig-sound-classification\data\raw\soundwel\IASPIASPShortPr99Sele2isolalce2186.wav,other,soundwel
C:\py\pigsound\pig-sound-classification\data\raw\soundwel\IASPIASPShortPr99Sele2isolalce2194.wav,other,soundwel
C:\py\pigsound\pig-sound-classification\data\raw\soundwel\IASPIASPShortPr99Sele3isolace21329.wav,other,soundwel
C:\py\pigsound\pig-sound-classification\data\raw\soundwel\IASPIASPShortPr99Sele3isolace21445.wav,other,soundwel
C:\py\pigsound\pig-sound-classification\data\raw\soundwel\IASPIASPShortPr99Sele3isolace2159.wav,other,soundwel
C:\py\pigsound\pig-sound-classification\data\raw\soundwel\IASPIASPShortPr99Sele3isolace21593.wav,other,soundwel
C:\py\pigsound\pig-sound-classification\data\raw\soundwel\IASPIASPShortPr99Sele3isolace21596.wav,other,soundwel
C:\py\pigsound\pig-sound-classification\data\raw\soundwel\IASPIASPShortPr99Sele3isolace21615.wav,other,soundwel
C:\py\pigsound\pig-sound-classification\data\raw\soundwel\IASPIASPShortPr99Sele3isolace21617.wav,other,soundwel
C:\py\pigsound\pig-sound-classification\data\raw\soundwel\IASPIASPShortPr99Sele3isolace2162.wav,other,soundwel
C:\py\pigsound\pig-sound-classification\data\raw\soundwel\IASPIASPShortPr99Sele4isolace11105.wav,other,soundwel
C:\py\pigsound\pig-sound-classification\data\raw\soundwel\IASPIASPShortPr99Sele4isolace11106.wav,other,soundwel
C:\py\pigsound\pig-sound-classification\data\raw\soundwel\IASPIASPShortPr99Sele4isolace11123.wav,other,soundwel
C:\py\pigsound\pig-sound-classification\data\raw\soundwel\IASPIASPShortPr99Sele4isolace11141.wav,other,soundwel
C:\py\pigsound\pig-sound-classification\data\raw\soundwel\IASPIASPShortPr99Sele4isolace11145.wav,other,soundwel
C:\py\pigsound\pig-sound-classification\data\raw\soundwel\IASPIASPShortPr99Sele4isolace11148.wav,other,soundwel
C:\py\pigsound\pig-sound-classification\data\raw\soundwel\IASPIASPShortPr99Sele4isolace11155.wav,other,soundwel
C:\py\pigsound\pig-sound-classification\data\raw\soundwel\IASPIASPShortPr99Sele5isolace11104.wav,other,soundwel
C:\py\pigsound\pig-sound-classification\data\raw\soundwel\IASPIASPShortPr99Sele5isolace111092.wav,other,soundwel
C:\py\pigsound\pig-sound-classification\data\raw\soundwel\IASPIASPShortPr99Sele5isolace11129.wav,other,soundwel
C:\py\pigsound\pig-sound-classification\data\raw\soundwel\IASPIASPShortPr99Sele5isolace11144.wav,other,soundwel
C:\py\pigsound\pig-sound-classification\data\raw\soundwel\IASPIASPShortPr99Sele7isolace11218.wav,other,soundwel
C:\py\pigsound\pig-sound-classification\data\raw\soundwel\IASPIASPShortPr99Sele7isolace11382.wav,other,soundwel
C:\py\pigsound\pig-sound-classification\data\raw\soundwel\IASPIASPShortPr99Sele7isolace11415b.wav,other,soundwel
C:\py\pigsound\pig-sound-classification\data\raw\soundwel\IASPIASPShortPr99Sele7isolace11420.wav,other,soundwel
C:\py\pigsound\pig-sound-classification\data\raw\soundwel\IASPIASPShortPr99Sele7isolace11503.wav,other,soundwel
C:\py\pigsound\pig-sound-classification\data\raw\soundwel\IASPIASPShortPr99Sele7isolace11523.wav,other,soundwel
C:\py\pigsound\pig-sound-classification\data\raw\soundwel\IASPIASPShortPr99Sele7isolace11584.wav,other,soundwel
C:\py\pigsound\pig-sound-classification\data\raw\soundwel\IASPIASPShortPr99Sele7isolace116511.wav,other,soundwel
C:\py\pigsound\pig-sound-classification\data\raw\soundwel\IASPIASPShortPr99Sele7isolace11697.wav,other,soundwel
C:\py\pigsound\pig-sound-classification\data\raw\soundwel\IASPIASPShortPr99Sele8isolace21114.wav,other,soundwel
C:\py\pigsound\pig-sound-classification\data\raw\soundwel\IASPIASPShortPr99Sele8isolace21235.wav,other,soundwel
C:\py\pigsound\pig-sound-classification\data\raw\soundwel\IASPIASPShortPr99Sele8isolace21274.wav,other,soundwel
C:\py\pigsound\pig-sound-classification\data\raw\soundwel\IASPIASPShortPr99Sele9isolace2113.wav,other,soundwel
C:\py\pigsound\pig-sound-classification\data\raw\soundwel\IASPIASPShortPr99Sele9isolace2152.wav,other,soundwel
C:\py\pigsound\pig-sound-classification\data\raw\soundwel\IASPIASPSurpriseSurpSow13Pig2a1.wav,other,soundwel
C:\py\pigsound\pig-sound-classification\data\raw\soundwel\IASPIASPSurpriseSurpSow13Pig2b1.wav,other,soundwel
C:\py\pigsound\pig-sound-classification\data\raw\soundwel\IASPIASPSurpriseSurpSow13Pig2b2.wav,other,soundwel
C:\py\pigsound\pig-sound-classification\data\raw\soundwel\IASPIASPSurpriseSurpSow13Pig2b3.wav,other,soundwel
C:\py\pigsound\pig-sound-classification\data\raw\soundwel\IASPIASPSurpriseSurpSow27Pig101.wav,other,soundwel
C:\py\pigsound\pig-sound-classification\data\raw\soundwel\IASPIASPSurpriseSurpSow27Pig61.wav,other,soundwel
C:\py\pigsound\pig-sound-classification\data\raw\soundwel\IASPIASPSurpriseSurpSow27Pig62.wav,other,soundwel
C:\py\pigsound\pig-sound-classification\data\raw\soundwel\IASPIASPSurpriseSurpSow27Pig71.wav,other,soundwel
C:\py\pigsound\pig-sound-classification\data\raw\soundwel\IASPIASPSurpriseSurpSow27Pig72.wav,other,soundwel
C:\py\pigsound\pig-sound-classification\data\raw\soundwel\IASPIASPSurpriseSurpSow54Pig11.wav,other,soundwel
C:\py\pigsound\pig-sound-classification\data\raw\soundwel\IASPIASPSurpriseSurpSow72Pig11.wav,other,soundwel
C:\py\pigsound\pig-sound-classification\data\raw\soundwel\IASPIASPSurpriseSurpSow72Pig12.wav,other,soundwel
C:\py\pigsound\pig-sound-classification\data\raw\soundwel\IASPIASPSurpriseSurpSow72Pig31.wav,other,soundwel
C:\py\pigsound\pig-sound-classification\data\raw\soundwel\IASPIASPSurpriseSurpSow86Pig91.wav,other,soundwel
C:\py\pigsound\pig-sound-classification\data\raw\soundwel\IASPIASPSurpriseSurpSow98Pig21.wav,other,soundwel
C:\py\pigsound\pig-sound-classification\data\raw\soundwel\IASPIASPSurpriseSurpSow98Pig22.wav,other,soundwel
C:\py\pigsound\pig-sound-classification\data\raw\soundwel\IASPIASPSurpriseSurpSow98Pig23.wav,other,soundwel
C:\py\pigsound\pig-sound-classification\data\raw\soundwel\NMBUNMBUBarrenPair10barrenTrial1LFm001notsure.wav,other,soundwel
C:\py\pigsound\pig-sound-classification\data\raw\soundwel\NMBUNMBUBarrenPair10barrenTrial1LFm002.wav,other,soundwel
C:\py\pigsound\pig-sound-classification\data\raw\soundwel\NMBUNMBUBarrenPair10barrenTrial1LFm003.wav,other,soundwel
C:\py\pigsound\pig-sound-classification\data\raw\soundwel\NMBUNMBUBarrenPair10barrenTrial1LFm004notsure.wav,other,soundwel
C:\py\pigsound\pig-sound-classification\data\raw\soundwel\NMBUNMBUBarrenPair10barrenTrial1LFm005.wav,other,soundwel
C:\py\pigsound\pig-sound-classification\data\raw\soundwel\NMBUNMBUBarrenPair10barrenTrial1LFm006.wav,other,soundwel
C:\py\pigsound\pig-sound-classification\data\raw\soundwel\NMBUNMBUBarrenPair10barrenTrial1LFm007notsure.wav,other,soundwel
C:\py\pigsound\pig-sound-classification\data\raw\soundwel\NMBUNMBUBarrenPair10barrenTrial1LFm008.wav,other,soundwel
C:\py\pigsound\pig-sound-classification\data\raw\soundwel\NMBUNMBUBarrenPair10barrenTrial1LFm009.wav,other,soundwel
C:\py\pigsound\pig-sound-classification\data\raw\soundwel\NMBUNMBUBarrenPair10barrenTrial1LFm010notsure.wav,other,soundwel
C:\py\pigsound\pig-sound-classification\data\raw\soundwel\NMBUNMBUBarrenPair10barrenTrial1LFm011notsure.wav,other,soundwel
C:\py\pigsound\pig-sound-classification\data\raw\soundwel\NMBUNMBUBarrenPair10barrenTrial1LFm012notsure.wav,other,soundwel
C:\py\pigsound\pig-sound-classification\data\raw\soundwel\NMBUNMBUBarrenPair10barrenTrial1LFm013notsure.wav,other,soundwel
C:\py\pigsound\pig-sound-classification\data\raw\soundwel\NMBUNMBUBarrenPair10barrenTrial1LFm014notsure.wav,other,soundwel
C:\py\pigsound\pig-sound-classification\data\raw\soundwel\NMBUNMBUBarrenPair10barrenTrial1LFm015notsure.wav,other,soundwel
C:\py\pigsound\pig-sound-classification\data\raw\soundwel\NMBUNMBUBarrenPair10barrenTrial1LFm016notsure.wav,other,soundwel
C:\py\pigsound\pig-sound-classification\data\raw\soundwel\NMBUNMBUBarrenPair10barrenTrial1LFm017.wav,other,soundwel
C:\py\pigsound\pig-sound-classification\data\raw\soundwel\NMBUNMBUBarrenPair10barrenTrial1LFm018notsure.wav,other,soundwel
C:\py\pigsound\pig-sound-classification\data\raw\soundwel\NMBUNMBUBarrenPair10barrenTrial1LFm019notsure.wav,other,soundwel
C:\py\pigsound\pig-sound-classification\data\raw\soundwel\NMBUNMBUBarrenPair10barrenTrial1LFm020.wav,other,soundwel
C:\py\pigsound\pig-sound-classification\data\raw\soundwel\NMBUNMBUBarrenPair10barrenTrial1LFm021notsure.wav,other,soundwel
C:\py\pigsound\pig-sound-classification\data\raw\soundwel\NMBUNMBUBarrenPair10barrenTrial1LFm022notsure.wav,other,soundwel
C:\py\pigsound\pig-sound-classification\data\raw\soundwel\NMBUNMBUBarrenPair10barrenTrial1LFm023notsure.wav,other,soundwel
C:\py\pigsound\pig-sound-classification\data\raw\soundwel\NMBUNMBUBarrenPair10barrenTrial1LFm024notsure.wav,other,soundwel
C:\py\pigsound\pig-sound-classification\data\raw\soundwel\NMBUNMBUBarrenPair10barrenTrial1LFm025notsure.wav,other,soundwel
C:\py\pigsound\pig-sound-classification\data\raw\soundwel\NMBUNMBUBarrenPair10barrenTrial1LFm027notsure.wav,other,soundwel
C:\py\pigsound\pig-sound-classification\data\raw\soundwel\NMBUNMBUBarrenPair10barrenTrial1LFm028notsure.wav,other,soundwel
C:\py\pigsound\pig-sound-classification\data\raw\soundwel\NMBUNMBUBarrenPair10barrenTrial1LFs002.wav,other,soundwel
C:\py\pigsound\pig-sound-classification\data\raw\soundwel\NMBUNMBUBarrenPair10barrenTrial1LFs003.wav,other,soundwel
C:\py\pigsound\pig-sound-classification\data\raw\soundwel\NMBUNMBUBarrenPair10barrenTrial1LFs004.wav,other,soundwel
C:\py\pigsound\pig-sound-classification\data\raw\soundwel\NMBUNMBUBarrenPair10barrenTrial1LFs005.wav,other,soundwel
C:\py\pigsound\pig-sound-classification\data\raw\soundwel\NMBUNMBUBarrenPair10barrenTrial1LFs006.wav,other,soundwel
C:\py\pigsound\pig-sound-classification\data\raw\soundwel\NMBUNMBUBarrenPair10barrenTrial1LFs007.wav,other,soundwel
C:\py\pigsound\pig-sound-classification\data\raw\soundwel\NMBUNMBUBarrenPair10barrenTrial1LFs008.wav,other,soundwel
C:\py\pigsound\pig-sound-classification\data\raw\soundwel\NMBUNMBUBarrenPair10barrenTrial1LFs009.wav,other,soundwel
C:\py\pigsound\pig-sound-classification\data\raw\soundwel\NMBUNMBUBarrenPair10barrenTrial1LFs010.wav,other,soundwel
C:\py\pigsound\pig-sound-classification\data\raw\soundwel\NMBUNMBUBarrenPair10barrenTrial1LFs011.wav,other,soundwel
C:\py\pigsound\pig-sound-classification\data\raw\soundwel\NMBUNMBUBarrenPair10barrenTrial1LFs012.wav,other,soundwel
C:\py\pigsound\pig-sound-classification\data\raw\soundwel\NMBUNMBUBarrenPair10barrenTrial1LFs013.wav,other,soundwel
C:\py\pigsound\pig-sound-classification\data\raw\soundwel\NMBUNMBUBarrenPair10barrenTrial1LFs014.wav,other,soundwel
C:\py\pigsound\pig-sound-classification\data\raw\soundwel\NMBUNMBUBarrenPair10barrenTrial1LFs015.wav,other,soundwel
C:\py\pigsound\pig-sound-classification\data\raw\soundwel\NMBUNMBUBarrenPair10barrenTrial1LFs017.wav,other,soundwel
C:\py\pigsound\pig-sound-classification\data\raw\soundwel\NMBUNMBUBarrenPair10barrenTrial1LFs018.wav,other,soundwel
C:\py\pigsound\pig-sound-classification\data\raw\soundwel\NMBUNMBUBarrenPair10barrenTrial1LFs019.wav,other,soundwel
C:\py\pigsound\pig-sound-classification\data\raw\soundwel\NMBUNMBUBarrenPair10barrenTrial1LFs020.wav,other,soundwel
C:\py\pigsound\pig-sound-classification\data\raw\soundwel\NMBUNMBUBarrenPair10barrenTrial1LFs021.wav,other,soundwel
C:\py\pigsound\pig-sound-classification\data\raw\soundwel\NMBUNMBUBarrenPair10barrenTrial1LFs022.wav,other,soundwel
C:\py\pigsound\pig-sound-classification\data\raw\soundwel\NMBUNMBUBarrenPair10barrenTrial1LFs023.wav,other,soundwel
C:\py\pigsound\pig-sound-classification\data\raw\soundwel\NMBUNMBUBarrenPair10barrenTrial1LFs024.wav,other,soundwel
C:\py\pigsound\pig-sound-classification\data\raw\soundwel\NMBUNMBUBarrenPair10barrenTrial1LFs025.wav,other,soundwel
C:\py\pigsound\pig-sound-classification\data\raw\soundwel\NMBUNMBUBarrenPair10barrenTrial1LFs026.wav,other,soundwel
C:\py\pigsound\pig-sound-classification\data\raw\soundwel\NMBUNMBUBarrenPair10barrenTrial1LFs026notsure.wav,other,soundwel
C:\py\pigsound\pig-sound-classification\data\raw\soundwel\NMBUNMBUBarrenPair10barrenTrial1LFs027.wav,other,soundwel
C:\py\pigsound\pig-sound-classification\data\raw\soundwel\NMBUNMBUBarrenPair10barrenTrial1LFs028.wav,other,soundwel
C:\py\pigsound\pig-sound-classification\data\raw\soundwel\NMBUNMBUBarrenPair10barrenTrial1LFs029.wav,other,soundwel
C:\py\pigsound\pig-sound-classification\data\raw\soundwel\NMBUNMBUBarrenPair10barrenTrial1LFs030.wav,other,soundwel
C:\py\pigsound\pig-sound-classification\data\raw\soundwel\NMBUNMBUBarrenPair10barrenTrial1LFs031.wav,other,soundwel
C:\py\pigsound\pig-sound-classification\data\raw\soundwel\NMBUNMBUBarrenPair10barrenTrial1LFs032.wav,other,soundwel
C:\py\pigsound\pig-sound-classification\data\raw\soundwel\NMBUNMBUBarrenPair10barrenTrial1LFs033.wav,other,soundwel
C:\py\pigsound\pig-sound-classification\data\raw\soundwel\NMBUNMBUBarrenPair10barrenTrial1LFs034.wav,other,soundwel
C:\py\pigsound\pig-sound-classification\data\raw\soundwel\NMBUNMBUBarrenPair10barrenTrial1LFs035.wav,other,soundwel
C:\py\pigsound\pig-sound-classification\data\raw\soundwel\NMBUNMBUBarrenPair10barrenTrial1LFs036.wav,other,soundwel
C:\py\pigsound\pig-sound-classification\data\raw\soundwel\NMBUNMBUBarrenPair10barrenTrial1LFs037.wav,other,soundwel
C:\py\pigsound\pig-sound-classification\data\raw\soundwel\NMBUNMBUBarrenPair10barrenTrial1LFs038.wav,other,soundwel
C:\py\pigsound\pig-sound-classification\data\raw\soundwel\NMBUNMBUBarrenPair10barrenTrial1LFs039.wav,other,soundwel
C:\py\pigsound\pig-sound-classification\data\raw\soundwel\NMBUNMBUBarrenPair10barrenTrial1LFs040.wav,other,soundwel
C:\py\pigsound\pig-sound-classification\data\raw\soundwel\NMBUNMBUBarrenPair10barrenTrial1LFs041.wav,other,soundwel
C:\py\pigsound\pig-sound-classification\data\raw\soundwel\NMBUNMBUBarrenPair10barrenTrial1LFs042.wav,other,soundwel
C:\py\pigsound\pig-sound-classification\data\raw\soundwel\NMBUNMBUBarrenPair10barrenTrial1LFs043.wav,other,soundwel
C:\py\pigsound\pig-sound-classification\data\raw\soundwel\NMBUNMBUBarrenPair10barrenTrial1LFs045.wav,other,soundwel
C:\py\pigsound\pig-sound-classification\data\raw\soundwel\NMBUNMBUBarrenPair10barrenTrial1LFs046.wav,other,soundwel
C:\py\pigsound\pig-sound-classification\data\raw\soundwel\NMBUNMBUBarrenPair10barrenTrial1LFs047.wav,other,soundwel
C:\py\pigsound\pig-sound-classification\data\raw\soundwel\NMBUNMBUBarrenPair10barrenTrial1LFs048.wav,other,soundwel
C:\py\pigsound\pig-sound-classification\data\raw\soundwel\NMBUNMBUBarrenPair10barrenTrial1LFs049.wav,other,soundwel
C:\py\pigsound\pig-sound-classification\data\raw\soundwel\NMBUNMBUBarrenPair10barrenTrial1LFs050.wav,other,soundwel
C:\py\pigsound\pig-sound-classification\data\raw\soundwel\NMBUNMBUBarrenPair10barrenTrial1LFs051.wav,other,soundwel
C:\py\pigsound\pig-sound-classification\data\raw\soundwel\NMBUNMBUBarrenPair10barrenTrial1LFs052.wav,other,soundwel
C:\py\pigsound\pig-sound-classification\data\raw\soundwel\NMBUNMBUBarrenPair10barrenTrial1LFs053.wav,other,soundwel
C:\py\pigsound\pig-sound-classification\data\raw\soundwel\NMBUNMBUBarrenPair10barrenTrial1LFs054.wav,other,soundwel
C:\py\pigsound\pig-sound-classification\data\raw\soundwel\NMBUNMBUBarrenPair10barrenTrial1LFs058.wav,other,soundwel
C:\py\pigsound\pig-sound-classification\data\raw\soundwel\NMBUNMBUBarrenPair10barrenTrial1LFs059.wav,other,soundwel
C:\py\pigsound\pig-sound-classification\data\raw\soundwel\NMBUNMBUBarrenPair10barrenTrial1LFs060.wav,other,soundwel
C:\py\pigsound\pig-sound-classification\data\raw\soundwel\NMBUNMBUBarrenPair10barrenTrial3delayedLFm001.wav,other,soundwel
C:\py\pigsound\pig-sound-classification\data\raw\soundwel\NMBUNMBUBarrenPair10barrenTrial3delayedLFs001.wav,other,soundwel
C:\py\pigsound\pig-sound-classification\data\raw\soundwel\NMBUNMBUBarrenPair10barrenTrial3delayedLFs002.wav,other,soundwel
C:\py\pigsound\pig-sound-classification\data\raw\soundwel\NMBUNMBUBarrenPair10barrenTrial3delayedLFs003.wav,other,soundwel
C:\py\pigsound\pig-sound-classification\data\raw\soundwel\NMBUNMBUBarrenPair10barrenTrial3delayedLFs004.wav,other,soundwel
C:\py\pigsound\pig-sound-classification\data\raw\soundwel\NMBUNMBUBarrenPair10barrenTrial3delayedLFs005.wav,other,soundwel
C:\py\pigsound\pig-sound-classification\data\raw\soundwel\NMBUNMBUBarrenPair10barrenTrial3delayedLFs006.wav,other,soundwel
C:\py\pigsound\pig-sound-classification\data\raw\soundwel\NMBUNMBUBarrenPair10barrenTrial3delayedLFs007.wav,other,soundwel
C:\py\pigsound\pig-sound-classification\data\raw\soundwel\NMBUNMBUBarrenPair10barrenTrial3delayedLFs008.wav,other,soundwel
C:\py\pigsound\pig-sound-classification\data\raw\soundwel\NMBUNMBUBarrenPair10barrenTrial3delayedLFs009.wav,other,soundwel
C:\py\pigsound\pig-sound-classification\data\raw\soundwel\NMBUNMBUBarrenPair10barrenTrial3delayedLFs010.wav,other,soundwel
C:\py\pigsound\pig-sound-classification\data\raw\soundwel\NMBUNMBUBarrenPair10barrenTrial3delayedLFs011.wav,other,soundwel
C:\py\pigsound\pig-sound-classification\data\raw\soundwel\NMBUNMBUBarrenPair10barrenTrial3delayedLFs012.wav,other,soundwel
C:\py\pigsound\pig-sound-classification\data\raw\soundwel\NMBUNMBUBarrenPair10barrenTrial3delayedLFs013.wav,other,soundwel
C:\py\pigsound\pig-sound-classification\data\raw\soundwel\NMBUNMBUBarrenPair10barrenTrial3delayedLFs014.wav,other,soundwel
C:\py\pigsound\pig-sound-classification\data\raw\soundwel\NMBUNMBUBarrenPair10barrenTrial3delayedLFs015.wav,other,soundwel
C:\py\pigsound\pig-sound-classification\data\raw\soundwel\NMBUNMBUBarrenPair10barrenTrial3delayedLFs016seq1.wav,other,soundwel
C:\py\pigsound\pig-sound-classification\data\raw\soundwel\NMBUNMBUBarrenPair10barrenTrial3delayedLFs017seq1.wav,other,soundwel
C:\py\pigsound\pig-sound-classification\data\raw\soundwel\NMBUNMBUBarrenPair10barrenTrial3delayedLFs018seq1.wav,other,soundwel
C:\py\pigsound\pig-sound-classification\data\raw\soundwel\NMBUNMBUBarrenPair10barrenTrial3delayedLFs019.wav,other,soundwel
C:\py\pigsound\pig-sound-classification\data\raw\soundwel\NMBUNMBUBarrenPair10barrenTrial3delayedLFs021seq2.wav,other,soundwel
C:\py\pigsound\pig-sound-classification\data\raw\soundwel\NMBUNMBUBarrenPair10barrenTrial3delayedLFs022seq2.wav,other,soundwel
C:\py\pigsound\pig-sound-classification\data\raw\soundwel\NMBUNMBUBarrenPair10barrenTrial3delayedLFs023.wav,other,soundwel
C:\py\pigsound\pig-sound-classification\data\raw\soundwel\NMBUNMBUBarrenPair10barrenTrial3delayedLFs024seq3.wav,other,soundwel
C:\py\pigsound\pig-sound-classification\data\raw\soundwel\NMBUNMBUBarrenPair10barrenTrial3delayedLFs025seq3.wav,other,soundwel
C:\py\pigsound\pig-sound-classification\data\raw\soundwel\NMBUNMBUBarrenPair10barrenTrial3delayedLFs026seq3.wav,other,soundwel
C:\py\pigsound\pig-sound-classification\data\raw\soundwel\NMBUNMBUBarrenPair10barrenTrial3delayedLFs027seq3.wav,other,soundwel
C:\py\pigsound\pig-sound-classification\data\raw\soundwel\NMBUNMBUBarrenPair10barrenTrial3delayedLFs028seq3.wav,other,soundwel
C:\py\pigsound\pig-sound-classification\data\raw\soundwel\NMBUNMBUBarrenPair10barrenTrial3delayedLFs029.wav,other,soundwel
C:\py\pigsound\pig-sound-classification\data\raw\soundwel\NMBUNMBUBarrenPair10barrenTrial3delayedLFs030seq4.wav,other,soundwel
C:\py\pigsound\pig-sound-classification\data\raw\soundwel\NMBUNMBUBarrenPair10barrenTrial3delayedLFs031seq4.wav,other,soundwel
C:\py\pigsound\pig-sound-classification\data\raw\soundwel\NMBUNMBUBarrenPair11barrenTrial2LFs001.wav,other,soundwel
C:\py\pigsound\pig-sound-classification\data\raw\soundwel\NMBUNMBUBarrenPair11barrenTrial2LFs002.wav,other,soundwel
C:\py\pigsound\pig-sound-classification\data\raw\soundwel\NMBUNMBUBarrenPair11barrenTrial4LFm001.wav,other,soundwel
C:\py\pigsound\pig-sound-classification\data\raw\soundwel\NMBUNMBUBarrenPair11barrenTrial4LFs001.wav,other,soundwel
C:\py\pigsound\pig-sound-classification\data\raw\soundwel\NMBUNMBUBarrenPair12barrenTrial1HFs001.wav,other,soundwel
C:\py\pigsound\pig-sound-classification\data\raw\soundwel\NMBUNMBUBarrenPair12barrenTrial1HFs002.wav,other,soundwel
C:\py\pigsound\pig-sound-classification\data\raw\soundwel\NMBUNMBUBarrenPair12barrenTrial1LFm002notsure.wav,other,soundwel
C:\py\pigsound\pig-sound-classification\data\raw\soundwel\NMBUNMBUBarrenPair12barrenTrial1LFm003notsure.wav,other,soundwel
C:\py\pigsound\pig-sound-classification\data\raw\soundwel\NMBUNMBUBarrenPair12barrenTrial1LFm004notsure.wav,other,soundwel
C:\py\pigsound\pig-sound-classification\data\raw\soundwel\NMBUNMBUBarrenPair12barrenTrial1LFm005notsure.wav,other,soundwel
C:\py\pigsound\pig-sound-classification\data\raw\soundwel\NMBUNMBUBarrenPair12barrenTrial1LFm006notsure.wav,other,soundwel
C:\py\pigsound\pig-sound-classification\data\raw\soundwel\NMBUNMBUBarrenPair12barrenTrial1LFm007notsure.wav,other,soundwel
C:\py\pigsound\pig-sound-classification\data\raw\soundwel\NMBUNMBUBarrenPair12barrenTrial1LFm008notsure.wav,other,soundwel
C:\py\pigsound\pig-sound-classification\data\raw\soundwel\NMBUNMBUBarrenPair12barrenTrial1LFm009.wav,other,soundwel
C:\py\pigsound\pig-sound-classification\data\raw\soundwel\NMBUNMBUBarrenPair12barrenTrial1LFm010.wav,other,soundwel
C:\py\pigsound\pig-sound-classification\data\raw\soundwel\NMBUNMBUBarrenPair12barrenTrial1LFm011.wav,other,soundwel
C:\py\pigsound\pig-sound-classification\data\raw\soundwel\NMBUNMBUBarrenPair12barrenTrial1LFs001.wav,other,soundwel
C:\py\pigsound\pig-sound-classification\data\raw\soundwel\NMBUNMBUBarrenPair12barrenTrial1LFs002.wav,other,soundwel
C:\py\pigsound\pig-sound-classification\data\raw\soundwel\NMBUNMBUBarrenPair12barrenTrial1LFs003.wav,other,soundwel
C:\py\pigsound\pig-sound-classification\data\raw\soundwel\NMBUNMBUBarrenPair12barrenTrial1LFs004.wav,other,soundwel
C:\py\pigsound\pig-sound-classification\data\raw\soundwel\NMBUNMBUBarrenPair12barrenTrial1LFs005.wav,other,soundwel
C:\py\pigsound\pig-sound-classification\data\raw\soundwel\NMBUNMBUBarrenPair12barrenTrial1LFs006.wav,other,soundwel
C:\py\pigsound\pig-sound-classification\data\raw\soundwel\NMBUNMBUBarrenPair12barrenTrial1LFs007.wav,other,soundwel
C:\py\pigsound\pig-sound-classification\data\raw\soundwel\NMBUNMBUBarrenPair12barrenTrial1LFs008.wav,other,soundwel
C:\py\pigsound\pig-sound-classification\data\raw\soundwel\NMBUNMBUBarrenPair12barrenTrial1LFs009.wav,other,soundwel
C:\py\pigsound\pig-sound-classification\data\raw\soundwel\NMBUNMBUBarrenPair12barrenTrial1LFs010.wav,other,soundwel
C:\py\pigsound\pig-sound-classification\data\raw\soundwel\NMBUNMBUBarrenPair12barrenTrial1LFs011.wav,other,soundwel
C:\py\pigsound\pig-sound-classification\data\raw\soundwel\NMBUNMBUBarrenPair12barrenTrial1LFs012.wav,other,soundwel
C:\py\pigsound\pig-sound-classification\data\raw\soundwel\NMBUNMBUBarrenPair12barrenTrial1LFs013.wav,other,soundwel
C:\py\pigsound\pig-sound-classification\data\raw\soundwel\NMBUNMBUBarrenPair12barrenTrial1LFs014.wav,other,soundwel
C:\py\pigsound\pig-sound-classification\data\raw\soundwel\NMBUNMBUBarrenPair12barrenTrial1LFs015.wav,other,soundwel
C:\py\pigsound\pig-sound-classification\data\raw\soundwel\NMBUNMBUBarrenPair12barrenTrial1LFs016.wav,other,soundwel
C:\py\pigsound\pig-sound-classification\data\raw\soundwel\NMBUNMBUBarrenPair12barrenTrial1LFs017.wav,other,soundwel
C:\py\pigsound\pig-sound-classification\data\raw\soundwel\NMBUNMBUBarrenPair12barrenTrial1LFs018.wav,other,soundwel
C:\py\pigsound\pig-sound-classification\data\raw\soundwel\NMBUNMBUBarrenPair12barrenTrial1LFs019.wav,other,soundwel
C:\py\pigsound\pig-sound-classification\data\raw\soundwel\NMBUNMBUBarrenPair12barrenTrial1LFs020.wav,other,soundwel
C:\py\pigsound\pig-sound-classification\data\raw\soundwel\NMBUNMBUBarrenPair12barrenTrial1LFs021.wav,other,soundwel
C:\py\pigsound\pig-sound-classification\data\raw\soundwel\NMBUNMBUBarrenPair12barrenTrial1LFs022.wav,other,soundwel
C:\py\pigsound\pig-sound-classification\data\raw\soundwel\NMBUNMBUBarrenPair12barrenTrial1LFs023.wav,other,soundwel
C:\py\pigsound\pig-sound-classification\data\raw\soundwel\NMBUNMBUBarrenPair12barrenTrial1LFs024.wav,other,soundwel
C:\py\pigsound\pig-sound-classification\data\raw\soundwel\NMBUNMBUBarrenPair12barrenTrial1LFs025.wav,other,soundwel
C:\py\pigsound\pig-sound-classification\data\raw\soundwel\NMBUNMBUBarrenPair12barrenTrial1LFs026.wav,other,soundwel
C:\py\pigsound\pig-sound-classification\data\raw\soundwel\NMBUNMBUBarrenPair12barrenTrial1LFs027.wav,other,soundwel
C:\py\pigsound\pig-sound-classification\data\raw\soundwel\NMBUNMBUBarrenPair12barrenTrial1LFs028.wav,other,soundwel
C:\py\pigsound\pig-sound-classification\data\raw\soundwel\NMBUNMBUBarrenPair12barrenTrial1LFs029.wav,other,soundwel
C:\py\pigsound\pig-sound-classification\data\raw\soundwel\NMBUNMBUBarrenPair12barrenTrial1LFs030.wav,other,soundwel
C:\py\pigsound\pig-sound-classification\data\raw\soundwel\NMBUNMBUBarrenPair12barrenTrial1LFs031.wav,other,soundwel
C:\py\pigsound\pig-sound-classification\data\raw\soundwel\NMBUNMBUBarrenPair12barrenTrial1LFs032.wav,other,soundwel
C:\py\pigsound\pig-sound-classification\data\raw\soundwel\NMBUNMBUBarrenPair12barrenTrial1LFs033.wav,other,soundwel
C:\py\pigsound\pig-sound-classification\data\raw\soundwel\NMBUNMBUBarrenPair12barrenTrial1LFs034.wav,other,soundwel
C:\py\pigsound\pig-sound-classification\data\raw\soundwel\NMBUNMBUBarrenPair12barrenTrial1LFs035.wav,other,soundwel
C:\py\pigsound\pig-sound-classification\data\raw\soundwel\NMBUNMBUBarrenPair12barrenTrial1LFs036.wav,other,soundwel
C:\py\pigsound\pig-sound-classification\data\raw\soundwel\NMBUNMBUBarrenPair12barrenTrial1LFs037.wav,other,soundwel
C:\py\pigsound\pig-sound-classification\data\raw\soundwel\NMBUNMBUBarrenPair12barrenTrial1LFs038.wav,other,soundwel
C:\py\pigsound\pig-sound-classification\data\raw\soundwel\NMBUNMBUBarrenPair12barrenTrial1LFs039.wav,other,soundwel
C:\py\pigsound\pig-sound-classification\data\raw\soundwel\NMBUNMBUBarrenPair12barrenTrial1LFs040.wav,other,soundwel
C:\py\pigsound\pig-sound-classification\data\raw\soundwel\NMBUNMBUBarrenPair12barrenTrial1LFs041.wav,other,soundwel
C:\py\pigsound\pig-sound-classification\data\raw\soundwel\NMBUNMBUBarrenPair12barrenTrial1LFs042.wav,other,soundwel
C:\py\pigsound\pig-sound-classification\data\raw\soundwel\NMBUNMBUBarrenPair12barrenTrial3LFm001.wav,other,soundwel
C:\py\pigsound\pig-sound-classification\data\raw\soundwel\NMBUNMBUBarrenPair12barrenTrial3LFm002.wav,other,soundwel
C:\py\pigsound\pig-sound-classification\data\raw\soundwel\NMBUNMBUBarrenPair12barrenTrial3LFs001.wav,other,soundwel
C:\py\pigsound\pig-sound-classification\data\raw\soundwel\NMBUNMBUBarrenPair12barrenTrial3LFs003.wav,other,soundwel
C:\py\pigsound\pig-sound-classification\data\raw\soundwel\NMBUNMBUBarrenPair12barrenTrial3LFs004.wav,other,soundwel
C:\py\pigsound\pig-sound-classification\data\raw\soundwel\NMBUNMBUBarrenPair12barrenTrial3LFs005.wav,other,soundwel
C:\py\pigsound\pig-sound-classification\data\raw\soundwel\NMBUNMBUBarrenPair12barrenTrial3LFs006.wav,other,soundwel
C:\py\pigsound\pig-sound-classification\data\raw\soundwel\NMBUNMBUBarrenPair12barrenTrial3LFs007.wav,other,soundwel
C:\py\pigsound\pig-sound-classification\data\raw\soundwel\NMBUNMBUBarrenPair12barrenTrial3LFs008seq1.wav,other,soundwel
C:\py\pigsound\pig-sound-classification\data\raw\soundwel\NMBUNMBUBarrenPair12barrenTrial3LFs009seq1.wav,other,soundwel
C:\py\pigsound\pig-sound-classification\data\raw\soundwel\NMBUNMBUBarrenPair12barrenTrial3LFt001notsure.wav,other,soundwel
C:\py\pigsound\pig-sound-classification\data\raw\soundwel\NMBUNMBUBarrenPair13barrentrial2LFs001.wav,other,soundwel
C:\py\pigsound\pig-sound-classification\data\raw\soundwel\NMBUNMBUBarrenPair13barrentrial2LFs002.wav,other,soundwel
C:\py\pigsound\pig-sound-classification\data\raw\soundwel\NMBUNMBUBarrenPair13barrentrial2LFs003.wav,other,soundwel
C:\py\pigsound\pig-sound-classification\data\raw\soundwel\NMBUNMBUBarrenPair13barrentrial2LFs004.wav,other,soundwel
C:\py\pigsound\pig-sound-classification\data\raw\soundwel\NMBUNMBUBarrenPair13barrentrial2LFs005.wav,other,soundwel
C:\py\pigsound\pig-sound-classification\data\raw\soundwel\NMBUNMBUBarrenPair13barrentrial2LFs006.wav,other,soundwel
C:\py\pigsound\pig-sound-classification\data\raw\soundwel\NMBUNMBUBarrenPair13barrentrial2LFs007.wav,other,soundwel
C:\py\pigsound\pig-sound-classification\data\raw\soundwel\NMBUNMBUBarrenPair13barrentrial2LFs008.wav,other,soundwel
C:\py\pigsound\pig-sound-classification\data\raw\soundwel\NMBUNMBUBarrenPair13barrentrial2LFs009.wav,other,soundwel
C:\py\pigsound\pig-sound-classification\data\raw\soundwel\NMBUNMBUBarrenPair13barrentrial2LFs012.wav,other,soundwel
C:\py\pigsound\pig-sound-classification\data\raw\soundwel\NMBUNMBUBarrenPair13barrentrial2LFs013.wav,other,soundwel
C:\py\pigsound\pig-sound-classification\data\raw\soundwel\NMBUNMBUBarrenPair13barrentrial2LFs014.wav,other,soundwel
C:\py\pigsound\pig-sound-classification\data\raw\soundwel\NMBUNMBUBarrenPair13barrentrial2LFs015.wav,other,soundwel
C:\py\pigsound\pig-sound-classification\data\raw\soundwel\NMBUNMBUBarrenPair13barrentrial2LFs016.wav,other,soundwel
C:\py\pigsound\pig-sound-classification\data\raw\soundwel\NMBUNMBUBarrenPair13barrentrial2LFs017.wav,other,soundwel
C:\py\pigsound\pig-sound-classification\data\raw\soundwel\NMBUNMBUBarrenPair13barrentrial2LFs018.wav,other,soundwel
C:\py\pigsound\pig-sound-classification\data\raw\soundwel\NMBUNMBUBarrenPair13barrenTrial4LFm001.wav,other,soundwel
C:\py\pigsound\pig-sound-classification\data\raw\soundwel\NMBUNMBUBarrenPair13barrenTrial4LFs001.wav,other,soundwel
C:\py\pigsound\pig-sound-classification\data\raw\soundwel\NMBUNMBUBarrenPair13barrenTrial4LFs002.wav,other,soundwel
C:\py\pigsound\pig-sound-classification\data\raw\soundwel\NMBUNMBUBarrenPair13barrenTrial4LFs003.wav,other,soundwel
C:\py\pigsound\pig-sound-classification\data\raw\soundwel\NMBUNMBUBarrenPair13barrenTrial4LFs004seq1.wav,other,soundwel
C:\py\pigsound\pig-sound-classification\data\raw\soundwel\NMBUNMBUBarrenPair13barrenTrial4LFs005seq1.wav,other,soundwel
C:\py\pigsound\pig-sound-classification\data\raw\soundwel\NMBUNMBUBarrenPair13barrenTrial4LFs006seq2.wav,other,soundwel
C:\py\pigsound\pig-sound-classification\data\raw\soundwel\NMBUNMBUBarrenPair13barrenTrial4LFs007seq2.wav,other,soundwel
C:\py\pigsound\pig-sound-classification\data\raw\soundwel\NMBUNMBUBarrenPair13barrenTrial4LFs008.wav,other,soundwel
C:\py\pigsound\pig-sound-classification\data\raw\soundwel\NMBUNMBUBarrenPair13barrenTrial4LFs009.wav,other,soundwel
C:\py\pigsound\pig-sound-classification\data\raw\soundwel\NMBUNMBUBarrenPair13barrenTrial4LFs011seq3.wav,other,soundwel
C:\py\pigsound\pig-sound-classification\data\raw\soundwel\NMBUNMBUBarrenPair13barrenTrial4LFs012seq3.wav,other,soundwel
C:\py\pigsound\pig-sound-classification\data\raw\soundwel\NMBUNMBUBarrenPair13barrenTrial4LFt001notsure.wav,other,soundwel
C:\py\pigsound\pig-sound-classification\data\raw\soundwel\NMBUNMBUBarrenPair14barrenTrial1LFs001.wav,other,soundwel
C:\py\pigsound\pig-sound-classification\data\raw\soundwel\NMBUNMBUBarrenPair14barrenTrial3LFm001notsure.wav,other,soundwel
C:\py\pigsound\pig-sound-classification\data\raw\soundwel\NMBUNMBUBarrenPair14barrenTrial3LFs001.wav,other,soundwel
C:\py\pigsound\pig-sound-classification\data\raw\soundwel\NMBUNMBUBarrenPair14barrenTrial3LFs002.wav,other,soundwel
C:\py\pigsound\pig-sound-classification\data\raw\soundwel\NMBUNMBUBarrenPair15barrenTrial2LFm001.wav,other,soundwel
C:\py\pigsound\pig-sound-classification\data\raw\soundwel\NMBUNMBUBarrenPair15barrenTrial2LFm002.wav,other,soundwel
C:\py\pigsound\pig-sound-classification\data\raw\soundwel\NMBUNMBUBarrenPair15barrenTrial2LFm003.wav,other,soundwel
C:\py\pigsound\pig-sound-classification\data\raw\soundwel\NMBUNMBUBarrenPair15barrenTrial2LFm004notsure.wav,other,soundwel
C:\py\pigsound\pig-sound-classification\data\raw\soundwel\NMBUNMBUBarrenPair15barrenTrial2LFm005.wav,other,soundwel
C:\py\pigsound\pig-sound-classification\data\raw\soundwel\NMBUNMBUBarrenPair15barrenTrial2LFm007.wav,other,soundwel
C:\py\pigsound\pig-sound-classification\data\raw\soundwel\NMBUNMBUBarrenPair15barrenTrial2LFm008.wav,other,soundwel
C:\py\pigsound\pig-sound-classification\data\raw\soundwel\NMBUNMBUBarrenPair15barrenTrial2LFm009.wav,other,soundwel
C:\py\pigsound\pig-sound-classification\data\raw\soundwel\NMBUNMBUBarrenPair15barrenTrial2LFs002.wav,other,soundwel
C:\py\pigsound\pig-sound-classification\data\raw\soundwel\NMBUNMBUBarrenPair15barrenTrial2LFs003.wav,other,soundwel
C:\py\pigsound\pig-sound-classification\data\raw\soundwel\NMBUNMBUBarrenPair15barrenTrial2LFs004.wav,other,soundwel
C:\py\pigsound\pig-sound-classification\data\raw\soundwel\NMBUNMBUBarrenPair15barrenTrial2LFs005.wav,other,soundwel
C:\py\pigsound\pig-sound-classification\data\raw\soundwel\NMBUNMBUBarrenPair15barrenTrial2LFs006.wav,other,soundwel
C:\py\pigsound\pig-sound-classification\data\raw\soundwel\NMBUNMBUBarrenPair15barrenTrial2LFs008.wav,other,soundwel
C:\py\pigsound\pig-sound-classification\data\raw\soundwel\NMBUNMBUBarrenPair15barrenTrial2LFs009.wav,other,soundwel
C:\py\pigsound\pig-sound-classification\data\raw\soundwel\NMBUNMBUBarrenPair15barrenTrial2LFs010.wav,other,soundwel
C:\py\pigsound\pig-sound-classification\data\raw\soundwel\NMBUNMBUBarrenPair15barrenTrial2LFs011.wav,other,soundwel
C:\py\pigsound\pig-sound-classification\data\raw\soundwel\NMBUNMBUBarrenPair15barrenTrial2LFs012.wav,other,soundwel
C:\py\pigsound\pig-sound-classification\data\raw\soundwel\NMBUNMBUBarrenPair15barrenTrial2LFs013.wav,other,soundwel
C:\py\pigsound\pig-sound-classification\data\raw\soundwel\NMBUNMBUBarrenPair15barrenTrial2LFs014.wav,other,soundwel
C:\py\pigsound\pig-sound-classification\data\raw\soundwel\NMBUNMBUBarrenPair15barrenTrial2LFs015.wav,other,soundwel
C:\py\pigsound\pig-sound-classification\data\raw\soundwel\NMBUNMBUBarrenPair15barrenTrial2LFs016.wav,other,soundwel
C:\py\pigsound\pig-sound-classification\data\raw\soundwel\NMBUNMBUBarrenPair15barrenTrial2LFs017.wav,other,soundwel
C:\py\pigsound\pig-sound-classification\data\raw\soundwel\NMBUNMBUBarrenPair15barrenTrial2LFs018.wav,other,soundwel
C:\py\pigsound\pig-sound-classification\data\raw\soundwel\NMBUNMBUBarrenPair15barrenTrial2LFs019.wav,other,soundwel
C:\py\pigsound\pig-sound-classification\data\raw\soundwel\NMBUNMBUBarrenPair15barrenTrial2LFs020.wav,other,soundwel
C:\py\pigsound\pig-sound-classification\data\raw\soundwel\NMBUNMBUBarrenPair15barrenTrial2LFs021.wav,other,soundwel
C:\py\pigsound\pig-sound-classification\data\raw\soundwel\NMBUNMBUBarrenPair15barrenTrial2LFs022.wav,other,soundwel
C:\py\pigsound\pig-sound-classification\data\raw\soundwel\NMBUNMBUBarrenPair15barrenTrial2LFs023.wav,other,soundwel
C:\py\pigsound\pig-sound-classification\data\raw\soundwel\NMBUNMBUBarrenPair15barrenTrial2LFs024.wav,other,soundwel
C:\py\pigsound\pig-sound-classification\data\raw\soundwel\NMBUNMBUBarrenPair15barrenTrial4LFm002seq1.wav,other,soundwel
C:\py\pigsound\pig-sound-classification\data\raw\soundwel\NMBUNMBUBarrenPair15barrenTrial4LFm003.wav,other,soundwel
C:\py\pigsound\pig-sound-classification\data\raw\soundwel\NMBUNMBUBarrenPair15barrenTrial4LFs001.wav,other,soundwel
C:\py\pigsound\pig-sound-classification\data\raw\soundwel\NMBUNMBUBarrenPair15barrenTrial4LFs002.wav,other,soundwel
C:\py\pigsound\pig-sound-classification\data\raw\soundwel\NMBUNMBUBarrenPair15barrenTrial4LFs003.wav,other,soundwel
C:\py\pigsound\pig-sound-classification\data\raw\soundwel\NMBUNMBUBarrenPair15barrenTrial4LFs004.wav,other,soundwel
C:\py\pigsound\pig-sound-classification\data\raw\soundwel\NMBUNMBUBarrenPair15barrenTrial4LFs005.wav,other,soundwel
C:\py\pigsound\pig-sound-classification\data\raw\soundwel\NMBUNMBUBarrenPair15barrenTrial4LFs006notsure.wav,other,soundwel
C:\py\pigsound\pig-sound-classification\data\raw\soundwel\NMBUNMBUBarrenPair15barrenTrial4LFs007.wav,other,soundwel
C:\py\pigsound\pig-sound-classification\data\raw\soundwel\NMBUNMBUBarrenPair15barrenTrial4LFs008.wav,other,soundwel
C:\py\pigsound\pig-sound-classification\data\raw\soundwel\NMBUNMBUBarrenPair15barrenTrial4LFs009.wav,other,soundwel
C:\py\pigsound\pig-sound-classification\data\raw\soundwel\NMBUNMBUBarrenPair15barrenTrial4LFs010seq1.wav,other,soundwel
C:\py\pigsound\pig-sound-classification\data\raw\soundwel\NMBUNMBUBarrenPair15barrenTrial4LFs011seq1.wav,other,soundwel
C:\py\pigsound\pig-sound-classification\data\raw\soundwel\NMBUNMBUBarrenPair15barrenTrial4LFs012.wav,other,soundwel
C:\py\pigsound\pig-sound-classification\data\raw\soundwel\NMBUNMBUBarrenPair15barrenTrial4LFs013seq2.wav,other,soundwel
C:\py\pigsound\pig-sound-classification\data\raw\soundwel\NMBUNMBUBarrenPair15barrenTrial4LFs014seq2.wav,other,soundwel
C:\py\pigsound\pig-sound-classification\data\raw\soundwel\NMBUNMBUBarrenPair15barrenTrial4LFs015.wav,other,soundwel
C:\py\pigsound\pig-sound-classification\data\raw\soundwel\NMBUNMBUBarrenPair15barrenTrial4LFs016doubleseq3.wav.wav,other,soundwel
C:\py\pigsound\pig-sound-classification\data\raw\soundwel\NMBUNMBUBarrenPair15barrenTrial4LFs017seq3.wav,other,soundwel
C:\py\pigsound\pig-sound-classification\data\raw\soundwel\NMBUNMBUBarrenPair15barrenTrial4LFs018.wav,other,soundwel
C:\py\pigsound\pig-sound-classification\data\raw\soundwel\NMBUNMBUBarrenPair15barrenTrial4LFs019.wav,other,soundwel
C:\py\pigsound\pig-sound-classification\data\raw\soundwel\NMBUNMBUBarrenPair15barrenTrial4LFs020.wav,other,soundwel
C:\py\pigsound\pig-sound-classification\data\raw\soundwel\NMBUNMBUBarrenPair15barrenTrial4LFs021.wav,other,soundwel
C:\py\pigsound\pig-sound-classification\data\raw\soundwel\NMBUNMBUBarrenPair16barrenTrial1LFs002.wav,other,soundwel
C:\py\pigsound\pig-sound-classification\data\raw\soundwel\NMBUNMBUBarrenPair16barrenTrial1LFs003.wav,other,soundwel
C:\py\pigsound\pig-sound-classification\data\raw\soundwel\NMBUNMBUBarrenPair16barrenTrial1LFs004.wav,other,soundwel
C:\py\pigsound\pig-sound-classification\data\raw\soundwel\NMBUNMBUBarrenPair16barrenTrial1LFs005.wav,other,soundwel
C:\py\pigsound\pig-sound-classification\data\raw\soundwel\NMBUNMBUBarrenPair16barrenTrial1LFs006.wav,other,soundwel
C:\py\pigsound\pig-sound-classification\data\raw\soundwel\NMBUNMBUBarrenPair16barrenTrial1LFsdouble007.wav,other,soundwel
C:\py\pigsound\pig-sound-classification\data\raw\soundwel\NMBUNMBUBarrenPair16barrenTrial1LFt+LFs001notsure.wav,other,soundwel
C:\py\pigsound\pig-sound-classification\data\raw\soundwel\NMBUNMBUBarrenPair16barrenTrial3LFm001seq2.wav,other,soundwel
C:\py\pigsound\pig-sound-classification\data\raw\soundwel\NMBUNMBUBarrenPair16barrenTrial3LFm002seq2.wav,other,soundwel
C:\py\pigsound\pig-sound-classification\data\raw\soundwel\NMBUNMBUBarrenPair16barrenTrial3LFm003notsure.wav,other,soundwel
C:\py\pigsound\pig-sound-classification\data\raw\soundwel\NMBUNMBUBarrenPair16barrenTrial3LFs001.wav,other,soundwel
C:\py\pigsound\pig-sound-classification\data\raw\soundwel\NMBUNMBUBarrenPair16barrenTrial3LFs002seq1.wav,other,soundwel
C:\py\pigsound\pig-sound-classification\data\raw\soundwel\NMBUNMBUBarrenPair16barrenTrial3LFs003seq1.wav,other,soundwel
C:\py\pigsound\pig-sound-classification\data\raw\soundwel\NMBUNMBUBarrenPair16barrenTrial3LFs004.wav,other,soundwel
C:\py\pigsound\pig-sound-classification\data\raw\soundwel\NMBUNMBUBarrenPair16barrenTrial3LFs005.wav,other,soundwel
C:\py\pigsound\pig-sound-classification\data\raw\soundwel\NMBUNMBUBarrenPair16barrenTrial3LFt001seq1notsure.wav,other,soundwel
C:\py\pigsound\pig-sound-classification\data\raw\soundwel\NMBUNMBUBarrenPair1barrenTrial2LFm001.wav,other,soundwel
C:\py\pigsound\pig-sound-classification\data\raw\soundwel\NMBUNMBUBarrenPair1barrenTrial2LFm002notsure.wav,other,soundwel
C:\py\pigsound\pig-sound-classification\data\raw\soundwel\NMBUNMBUBarrenPair1barrenTrial2LFm003notsure.wav,other,soundwel
C:\py\pigsound\pig-sound-classification\data\raw\soundwel\NMBUNMBUBarrenPair1barrenTrial2LFs001.wav,other,soundwel
C:\py\pigsound\pig-sound-classification\data\raw\soundwel\NMBUNMBUBarrenPair1barrenTrial2LFs002.wav,other,soundwel
C:\py\pigsound\pig-sound-classification\data\raw\soundwel\NMBUNMBUBarrenPair1barrenTrial2LFs003.wav,other,soundwel
C:\py\pigsound\pig-sound-classification\data\raw\soundwel\NMBUNMBUBarrenPair1barrenTrial2LFs005.wav,other,soundwel
C:\py\pigsound\pig-sound-classification\data\raw\soundwel\NMBUNMBUBarrenPair1barrenTrial2LFs006.wav,other,soundwel
C:\py\pigsound\pig-sound-classification\data\raw\soundwel\NMBUNMBUBarrenPair1barrenTrial2LFs007.wav,other,soundwel
C:\py\pigsound\pig-sound-classification\data\raw\soundwel\NMBUNMBUBarrenPair1barrenTrial2LFs009.wav,other,soundwel
C:\py\pigsound\pig-sound-classification\data\raw\soundwel\NMBUNMBUBarrenPair1barrenTrial2LFs010.wav,other,soundwel
C:\py\pigsound\pig-sound-classification\data\raw\soundwel\NMBUNMBUBarrenPair1barrenTrial2LFs011.wav,other,soundwel
C:\py\pigsound\pig-sound-classification\data\raw\soundwel\NMBUNMBUBarrenPair1barrenTrial2LFs012.wav,other,soundwel
C:\py\pigsound\pig-sound-classification\data\raw\soundwel\NMBUNMBUBarrenPair1barrenTrial2LFs013.wav,other,soundwel
C:\py\pigsound\pig-sound-classification\data\raw\soundwel\NMBUNMBUBarrenPair1barrenTrial2LFs014.wav,other,soundwel
C:\py\pigsound\pig-sound-classification\data\raw\soundwel\NMBUNMBUBarrenPair2barrenTrail1LFm001notsure.wav,other,soundwel
C:\py\pigsound\pig-sound-classification\data\raw\soundwel\NMBUNMBUBarrenPair2barrenTrail1LFm002notsure.wav,other,soundwel
C:\py\pigsound\pig-sound-classification\data\raw\soundwel\NMBUNMBUBarrenPair2barrenTrail1LFm003notsure.wav,other,soundwel
C:\py\pigsound\pig-sound-classification\data\raw\soundwel\NMBUNMBUBarrenPair2barrenTrail1LFm004notsure.wav,other,soundwel
C:\py\pigsound\pig-sound-classification\data\raw\soundwel\NMBUNMBUBarrenPair2barrenTrail1LFm005notsure.wav,other,soundwel
C:\py\pigsound\pig-sound-classification\data\raw\soundwel\NMBUNMBUBarrenPair2barrenTrail1LFm006notsure.wav,other,soundwel
C:\py\pigsound\pig-sound-classification\data\raw\soundwel\NMBUNMBUBarrenPair2barrenTrail1LFm007notsure.wav,other,soundwel
C:\py\pigsound\pig-sound-classification\data\raw\soundwel\NMBUNMBUBarrenPair2barrenTrail1LFm008.wav,other,soundwel
C:\py\pigsound\pig-sound-classification\data\raw\soundwel\NMBUNMBUBarrenPair2barrenTrail1LFs001.wav,other,soundwel
C:\py\pigsound\pig-sound-classification\data\raw\soundwel\NMBUNMBUBarrenPair2barrenTrail1LFs001notsure.wav,other,soundwel
C:\py\pigsound\pig-sound-classification\data\raw\soundwel\NMBUNMBUBarrenPair2barrenTrail1LFs002.wav,other,soundwel
C:\py\pigsound\pig-sound-classification\data\raw\soundwel\NMBUNMBUBarrenPair2barrenTrail1LFs003.wav,other,soundwel
C:\py\pigsound\pig-sound-classification\data\raw\soundwel\NMBUNMBUBarrenPair2barrenTrail1LFs004.wav,other,soundwel
C:\py\pigsound\pig-sound-classification\data\raw\soundwel\NMBUNMBUBarrenPair2barrenTrail1LFs005.wav,other,soundwel
C:\py\pigsound\pig-sound-classification\data\raw\soundwel\NMBUNMBUBarrenPair3barrenTrial2LFm001.wav,other,soundwel
C:\py\pigsound\pig-sound-classification\data\raw\soundwel\NMBUNMBUBarrenPair3barrenTrial2LFm002.wav,other,soundwel
C:\py\pigsound\pig-sound-classification\data\raw\soundwel\NMBUNMBUBarrenPair3barrenTrial2LFm003notsure.wav,other,soundwel
C:\py\pigsound\pig-sound-classification\data\raw\soundwel\NMBUNMBUBarrenPair3barrenTrial2LFm004.wav,other,soundwel
C:\py\pigsound\pig-sound-classification\data\raw\soundwel\NMBUNMBUBarrenPair3barrenTrial2LFm005notsure.wav,other,soundwel
C:\py\pigsound\pig-sound-classification\data\raw\soundwel\NMBUNMBUBarrenPair3barrenTrial2LFs001.wav,other,soundwel
C:\py\pigsound\pig-sound-classification\data\raw\soundwel\NMBUNMBUBarrenPair3barrenTrial2LFs002.wav,other,soundwel
C:\py\pigsound\pig-sound-classification\data\raw\soundwel\NMBUNMBUBarrenPair3barrenTrial2LFs003.wav,other,soundwel
C:\py\pigsound\pig-sound-classification\data\raw\soundwel\NMBUNMBUBarrenPair3barrenTrial2LFs004.wav,other,soundwel
C:\py\pigsound\pig-sound-classification\data\raw\soundwel\NMBUNMBUBarrenPair3barrenTrial2LFs005.wav,other,soundwel
C:\py\pigsound\pig-sound-classification\data\raw\soundwel\NMBUNMBUBarrenPair3barrenTrial2LFs006.wav,other,soundwel
C:\py\pigsound\pig-sound-classification\data\raw\soundwel\NMBUNMBUBarrenPair3barrenTrial2LFs007.wav,other,soundwel
C:\py\pigsound\pig-sound-classification\data\raw\soundwel\NMBUNMBUBarrenPair3barrenTrial2LFs008.wav,other,soundwel
C:\py\pigsound\pig-sound-classification\data\raw\soundwel\NMBUNMBUBarrenPair3barrenTrial2LFs009.wav,other,soundwel
C:\py\pigsound\pig-sound-classification\data\raw\soundwel\NMBUNMBUBarrenPair3barrenTrial2LFs010.wav,other,soundwel
C:\py\pigsound\pig-sound-classification\data\raw\soundwel\NMBUNMBUBarrenPair3barrenTrial2LFs011.wav,other,soundwel
C:\py\pigsound\pig-sound-classification\data\raw\soundwel\NMBUNMBUBarrenPair3barrenTrial2LFs012.wav,other,soundwel
C:\py\pigsound\pig-sound-classification\data\raw\soundwel\NMBUNMBUBarrenPair3barrenTrial2LFs013.wav,other,soundwel
C:\py\pigsound\pig-sound-classification\data\raw\soundwel\NMBUNMBUBarrenPair3barrenTrial4LFm001.wav,other,soundwel
C:\py\pigsound\pig-sound-classification\data\raw\soundwel\NMBUNMBUBarrenPair3barrenTrial4LFm002.wav,other,soundwel
C:\py\pigsound\pig-sound-classification\data\raw\soundwel\NMBUNMBUBarrenPair3barrenTrial4LFm003notsure.wav,other,soundwel
C:\py\pigsound\pig-sound-classification\data\raw\soundwel\NMBUNMBUBarrenPair3barrenTrial4LFs001.wav,other,soundwel
C:\py\pigsound\pig-sound-classification\data\raw\soundwel\NMBUNMBUBarrenPair3barrenTrial4LFs003.wav,other,soundwel
C:\py\pigsound\pig-sound-classification\data\raw\soundwel\NMBUNMBUBarrenPair3barrenTrial4LFs004seq1.wav,other,soundwel
C:\py\pigsound\pig-sound-classification\data\raw\soundwel\NMBUNMBUBarrenPair3barrenTrial4LFs005seq1.wav,other,soundwel
C:\py\pigsound\pig-sound-classification\data\raw\soundwel\NMBUNMBUBarrenPair3barrenTrial4LFs006.wav,other,soundwel
C:\py\pigsound\pig-sound-classification\data\raw\soundwel\NMBUNMBUBarrenPair3barrenTrial4LFs008.wav,other,soundwel
C:\py\pigsound\pig-sound-classification\data\raw\soundwel\NMBUNMBUBarrenPair3barrenTrial4LFs009.wav,other,soundwel
C:\py\pigsound\pig-sound-classification\data\raw\soundwel\NMBUNMBUBarrenPair4barrenTrail1LFs001notsure.wav,other,soundwel
C:\py\pigsound\pig-sound-classification\data\raw\soundwel\NMBUNMBUBarrenPair4barrenTrail1LFs002.wav,other,soundwel
C:\py\pigsound\pig-sound-classification\data\raw\soundwel\NMBUNMBUBarrenPair4barrenTrail1LFs003.wav,other,soundwel
C:\py\pigsound\pig-sound-classification\data\raw\soundwel\NMBUNMBUBarrenPair4barrenTrail1LFs004.wav,other,soundwel
C:\py\pigsound\pig-sound-classification\data\raw\soundwel\NMBUNMBUBarrenPair4barrenTrail1LFs005notsure.wav,other,soundwel
C:\py\pigsound\pig-sound-classification\data\raw\soundwel\NMBUNMBUBarrenPair4barrenTrail1LFs006.wav,other,soundwel
C:\py\pigsound\pig-sound-classification\data\raw\soundwel\NMBUNMBUBarrenPair4barrenTrail1LFs008.wav,other,soundwel
C:\py\pigsound\pig-sound-classification\data\raw\soundwel\NMBUNMBUBarrenPair4barrenTrial3LFm001.wav,other,soundwel
C:\py\pigsound\pig-sound-classification\data\raw\soundwel\NMBUNMBUBarrenPair4barrenTrial3LFm002.wav,other,soundwel
C:\py\pigsound\pig-sound-classification\data\raw\soundwel\NMBUNMBUBarrenPair4barrenTrial3LFm003notsure.wav,other,soundwel
C:\py\pigsound\pig-sound-classification\data\raw\soundwel\NMBUNMBUBarrenPair4barrenTrial3LFm004notsure.wav,other,soundwel
C:\py\pigsound\pig-sound-classification\data\raw\soundwel\NMBUNMBUBarrenPair4barrenTrial3LFm005notsure.wav,other,soundwel
C:\py\pigsound\pig-sound-classification\data\raw\soundwel\NMBUNMBUBarrenPair4barrenTrial3LFm006.wav,other,soundwel
C:\py\pigsound\pig-sound-classification\data\raw\soundwel\NMBUNMBUBarrenPair4barrenTrial3LFm006notsure.wav,other,soundwel
C:\py\pigsound\pig-sound-classification\data\raw\soundwel\NMBUNMBUBarrenPair4barrenTrial3LFm007notsure.wav,other,soundwel
C:\py\pigsound\pig-sound-classification\data\raw\soundwel\NMBUNMBUBarrenPair4barrenTrial3LFm008notsure.wav,other,soundwel
C:\py\pigsound\pig-sound-classification\data\raw\soundwel\NMBUNMBUBarrenPair4barrenTrial3LFm009notsure.wav,other,soundwel
C:\py\pigsound\pig-sound-classification\data\raw\soundwel\NMBUNMBUBarrenPair4barrenTrial3LFm010notsure.wav,other,soundwel
C:\py\pigsound\pig-sound-classification\data\raw\soundwel\NMBUNMBUBarrenPair4barrenTrial3LFs001.wav,other,soundwel
C:\py\pigsound\pig-sound-classification\data\raw\soundwel\NMBUNMBUBarrenPair4barrenTrial3LFs002double.wav,other,soundwel
C:\py\pigsound\pig-sound-classification\data\raw\soundwel\NMBUNMBUBarrenPair4barrenTrial3LFs003.wav,other,soundwel
C:\py\pigsound\pig-sound-classification\data\raw\soundwel\NMBUNMBUBarrenPair4barrenTrial3LFs004.wav,other,soundwel
C:\py\pigsound\pig-sound-classification\data\raw\soundwel\NMBUNMBUBarrenPair4barrenTrial3LFs005.wav,other,soundwel
C:\py\pigsound\pig-sound-classification\data\raw\soundwel\NMBUNMBUBarrenPair4barrenTrial3LFs006.wav,other,soundwel
C:\py\pigsound\pig-sound-classification\data\raw\soundwel\NMBUNMBUBarrenPair4barrenTrial3LFs007.wav,other,soundwel
C:\py\pigsound\pig-sound-classification\data\raw\soundwel\NMBUNMBUBarrenPair4barrenTrial3LFs008.wav,other,soundwel
C:\py\pigsound\pig-sound-classification\data\raw\soundwel\NMBUNMBUBarrenPair4barrenTrial3LFs009.wav,other,soundwel
C:\py\pigsound\pig-sound-classification\data\raw\soundwel\NMBUNMBUBarrenPair4barrenTrial3LFs010.wav,other,soundwel
C:\py\pigsound\pig-sound-classification\data\raw\soundwel\NMBUNMBUBarrenPair4barrenTrial3LFs011.wav,other,soundwel
C:\py\pigsound\pig-sound-classification\data\raw\soundwel\NMBUNMBUBarrenPair4barrenTrial3LFs012.wav,other,soundwel
C:\py\pigsound\pig-sound-classification\data\raw\soundwel\NMBUNMBUBarrenPair4barrenTrial3LFs013.wav,other,soundwel
C:\py\pigsound\pig-sound-classification\data\raw\soundwel\NMBUNMBUBarrenPair4barrenTrial3LFs014.wav,other,soundwel
C:\py\pigsound\pig-sound-classification\data\raw\soundwel\NMBUNMBUBarrenPair4barrenTrial3LFs015.wav,other,soundwel
C:\py\pigsound\pig-sound-classification\data\raw\soundwel\NMBUNMBUBarrenPair4barrenTrial3LFs016.wav,other,soundwel
C:\py\pigsound\pig-sound-classification\data\raw\soundwel\NMBUNMBUBarrenPair4barrenTrial3LFs017.wav,other,soundwel
C:\py\pigsound\pig-sound-classification\data\raw\soundwel\NMBUNMBUBarrenPair4barrenTrial3LFs018.wav,other,soundwel
C:\py\pigsound\pig-sound-classification\data\raw\soundwel\NMBUNMBUBarrenPair4barrenTrial3LFs019.wav,other,soundwel
C:\py\pigsound\pig-sound-classification\data\raw\soundwel\NMBUNMBUBarrenPair4barrenTrial3LFs020.wav,other,soundwel
C:\py\pigsound\pig-sound-classification\data\raw\soundwel\NMBUNMBUBarrenPair4barrenTrial3LFs021.wav,other,soundwel
C:\py\pigsound\pig-sound-classification\data\raw\soundwel\NMBUNMBUBarrenPair4barrenTrial3LFs022.wav,other,soundwel
C:\py\pigsound\pig-sound-classification\data\raw\soundwel\NMBUNMBUBarrenPair4barrenTrial3LFs023.wav,other,soundwel
C:\py\pigsound\pig-sound-classification\data\raw\soundwel\NMBUNMBUBarrenPair4barrenTrial3LFs024.wav,other,soundwel
C:\py\pigsound\pig-sound-classification\data\raw\soundwel\NMBUNMBUBarrenPair4barrenTrial3LFs025.wav,other,soundwel
C:\py\pigsound\pig-sound-classification\data\raw\soundwel\NMBUNMBUBarrenPair5barrenTrial2LFm001.wav,other,soundwel
C:\py\pigsound\pig-sound-classification\data\raw\soundwel\NMBUNMBUBarrenPair5barrenTrial2LFm002.wav,other,soundwel
C:\py\pigsound\pig-sound-classification\data\raw\soundwel\NMBUNMBUBarrenPair5barrenTrial2LFm003.wav,other,soundwel
C:\py\pigsound\pig-sound-classification\data\raw\soundwel\NMBUNMBUBarrenPair5barrenTrial2LFm004.wav,other,soundwel
C:\py\pigsound\pig-sound-classification\data\raw\soundwel\NMBUNMBUBarrenPair5barrenTrial2LFm005.wav,other,soundwel
C:\py\pigsound\pig-sound-classification\data\raw\soundwel\NMBUNMBUBarrenPair5barrenTrial2LFm006.wav,other,soundwel
C:\py\pigsound\pig-sound-classification\data\raw\soundwel\NMBUNMBUBarrenPair5barrenTrial2LFm007.wav,other,soundwel
C:\py\pigsound\pig-sound-classification\data\raw\soundwel\NMBUNMBUBarrenPair5barrenTrial2LFm008.wav,other,soundwel
C:\py\pigsound\pig-sound-classification\data\raw\soundwel\NMBUNMBUBarrenPair5barrenTrial2LFm009.wav,other,soundwel
C:\py\pigsound\pig-sound-classification\data\raw\soundwel\NMBUNMBUBarrenPair5barrenTrial2LFm010.wav,other,soundwel
C:\py\pigsound\pig-sound-classification\data\raw\soundwel\NMBUNMBUBarrenPair5barrenTrial2LFm011.wav,other,soundwel
C:\py\pigsound\pig-sound-classification\data\raw\soundwel\NMBUNMBUBarrenPair5barrenTrial2LFm012.wav,other,soundwel
C:\py\pigsound\pig-sound-classification\data\raw\soundwel\NMBUNMBUBarrenPair5barrenTrial2LFm013.wav,other,soundwel
C:\py\pigsound\pig-sound-classification\data\raw\soundwel\NMBUNMBUBarrenPair5barrenTrial2LFm014.wav,other,soundwel
C:\py\pigsound\pig-sound-classification\data\raw\soundwel\NMBUNMBUBarrenPair5barrenTrial2LFm015.wav,other,soundwel
C:\py\pigsound\pig-sound-classification\data\raw\soundwel\NMBUNMBUBarrenPair5barrenTrial2LFm016.wav,other,soundwel
C:\py\pigsound\pig-sound-classification\data\raw\soundwel\NMBUNMBUBarrenPair5barrenTrial2LFm017.wav,other,soundwel
C:\py\pigsound\pig-sound-classification\data\raw\soundwel\NMBUNMBUBarrenPair5barrenTrial2LFm018.wav,other,soundwel
C:\py\pigsound\pig-sound-classification\data\raw\soundwel\NMBUNMBUBarrenPair5barrenTrial2LFm019.wav,other,soundwel
C:\py\pigsound\pig-sound-classification\data\raw\soundwel\NMBUNMBUBarrenPair5barrenTrial2LFm020.wav,other,soundwel
C:\py\pigsound\pig-sound-classification\data\raw\soundwel\NMBUNMBUBarrenPair5barrenTrial2LFm021.wav,other,soundwel
C:\py\pigsound\pig-sound-classification\data\raw\soundwel\NMBUNMBUBarrenPair5barrenTrial2LFm022.wav,other,soundwel
C:\py\pigsound\pig-sound-classification\data\raw\soundwel\NMBUNMBUBarrenPair5barrenTrial2LFm023.wav,other,soundwel
C:\py\pigsound\pig-sound-classification\data\raw\soundwel\NMBUNMBUBarrenPair5barrenTrial2LFm024.wav,other,soundwel
C:\py\pigsound\pig-sound-classification\data\raw\soundwel\NMBUNMBUBarrenPair5barrenTrial2LFs001.wav,other,soundwel
C:\py\pigsound\pig-sound-classification\data\raw\soundwel\NMBUNMBUBarrenPair5barrenTrial2LFs002.wav,other,soundwel
C:\py\pigsound\pig-sound-classification\data\raw\soundwel\NMBUNMBUBarrenPair5barrenTrial2LFs003notsure.wav,other,soundwel
C:\py\pigsound\pig-sound-classification\data\raw\soundwel\NMBUNMBUBarrenPair6barrenTrial1LFs001.wav,other,soundwel
C:\py\pigsound\pig-sound-classification\data\raw\soundwel\NMBUNMBUBarrenPair6barrenTrial1LFs002.wav,other,soundwel
C:\py\pigsound\pig-sound-classification\data\raw\soundwel\NMBUNMBUBarrenPair6barrenTrial1LFs003.wav,other,soundwel
C:\py\pigsound\pig-sound-classification\data\raw\soundwel\NMBUNMBUBarrenPair6barrenTrial1LFs004.wav,other,soundwel
C:\py\pigsound\pig-sound-classification\data\raw\soundwel\NMBUNMBUBarrenPair6barrenTrial1LFs005.wav,other,soundwel
C:\py\pigsound\pig-sound-classification\data\raw\soundwel\NMBUNMBUBarrenPair6barrenTrial1LFs006.wav,other,soundwel
C:\py\pigsound\pig-sound-classification\data\raw\soundwel\NMBUNMBUBarrenPair6barrenTrial3LFm001.wav,other,soundwel
C:\py\pigsound\pig-sound-classification\data\raw\soundwel\NMBUNMBUBarrenPair6barrenTrial3LFs001.wav,other,soundwel
C:\py\pigsound\pig-sound-classification\data\raw\soundwel\NMBUNMBUBarrenPair6barrenTrial3LFs002.wav,other,soundwel
C:\py\pigsound\pig-sound-classification\data\raw\soundwel\NMBUNMBUBarrenPair6barrenTrial3LFs003.wav,other,soundwel
C:\py\pigsound\pig-sound-classification\data\raw\soundwel\NMBUNMBUBarrenPair6barrenTrial3LFs004.wav,other,soundwel
C:\py\pigsound\pig-sound-classification\data\raw\soundwel\NMBUNMBUBarrenPair7barrenTrial2LFm001.wav,other,soundwel
C:\py\pigsound\pig-sound-classification\data\raw\soundwel\NMBUNMBUBarrenPair7barrenTrial2LFm002.wav,other,soundwel
C:\py\pigsound\pig-sound-classification\data\raw\soundwel\NMBUNMBUBarrenPair7barrenTrial2LFm003.wav,other,soundwel
C:\py\pigsound\pig-sound-classification\data\raw\soundwel\NMBUNMBUBarrenPair7barrenTrial2LFm004.wav,other,soundwel
C:\py\pigsound\pig-sound-classification\data\raw\soundwel\NMBUNMBUBarrenPair7barrenTrial2LFm005.wav,other,soundwel
C:\py\pigsound\pig-sound-classification\data\raw\soundwel\NMBUNMBUBarrenPair7barrenTrial2LFm006.wav,other,soundwel
C:\py\pigsound\pig-sound-classification\data\raw\soundwel\NMBUNMBUBarrenPair7barrenTrial2LFm007.wav,other,soundwel
C:\py\pigsound\pig-sound-classification\data\raw\soundwel\NMBUNMBUBarrenPair7barrenTrial2LFm008.wav,other,soundwel
C:\py\pigsound\pig-sound-classification\data\raw\soundwel\NMBUNMBUBarrenPair7barrenTrial2LFm009.wav,other,soundwel
C:\py\pigsound\pig-sound-classification\data\raw\soundwel\NMBUNMBUBarrenPair7barrenTrial2LFm010.wav,other,soundwel
C:\py\pigsound\pig-sound-classification\data\raw\soundwel\NMBUNMBUBarrenPair7barrenTrial2LFm011.wav,other,soundwel
C:\py\pigsound\pig-sound-classification\data\raw\soundwel\NMBUNMBUBarrenPair7barrenTrial2LFm012.wav,other,soundwel
C:\py\pigsound\pig-sound-classification\data\raw\soundwel\NMBUNMBUBarrenPair7barrenTrial2LFm013.wav,other,soundwel
C:\py\pigsound\pig-sound-classification\data\raw\soundwel\NMBUNMBUBarrenPair7barrenTrial2LFm014.wav,other,soundwel
C:\py\pigsound\pig-sound-classification\data\raw\soundwel\NMBUNMBUBarrenPair7barrenTrial2LFm015.wav,other,soundwel
C:\py\pigsound\pig-sound-classification\data\raw\soundwel\NMBUNMBUBarrenPair7barrenTrial2LFm016.wav,other,soundwel
C:\py\pigsound\pig-sound-classification\data\raw\soundwel\NMBUNMBUBarrenPair7barrenTrial2LFm017.wav,other,soundwel
C:\py\pigsound\pig-sound-classification\data\raw\soundwel\NMBUNMBUBarrenPair7barrenTrial2LFm018.wav,other,soundwel
C:\py\pigsound\pig-sound-classification\data\raw\soundwel\NMBUNMBUBarrenPair7barrenTrial2LFm019.wav,other,soundwel
C:\py\pigsound\pig-sound-classification\data\raw\soundwel\NMBUNMBUBarrenPair7barrenTrial2LFm020.wav,other,soundwel
C:\py\pigsound\pig-sound-classification\data\raw\soundwel\NMBUNMBUBarrenPair7barrenTrial2LFm021.wav,other,soundwel
C:\py\pigsound\pig-sound-classification\data\raw\soundwel\NMBUNMBUBarrenPair7barrenTrial2LFm022.wav,other,soundwel
C:\py\pigsound\pig-sound-classification\data\raw\soundwel\NMBUNMBUBarrenPair7barrenTrial2LFm023.wav,other,soundwel
C:\py\pigsound\pig-sound-classification\data\raw\soundwel\NMBUNMBUBarrenPair7barrenTrial2LFm024.wav,other,soundwel
C:\py\pigsound\pig-sound-classification\data\raw\soundwel\NMBUNMBUBarrenPair7barrenTrial2LFm025.wav,other,soundwel
C:\py\pigsound\pig-sound-classification\data\raw\soundwel\NMBUNMBUBarrenPair7barrenTrial2LFs001.wav,other,soundwel
C:\py\pigsound\pig-sound-classification\data\raw\soundwel\NMBUNMBUBarrenPair7barrenTrial2LFs002.wav,other,soundwel
C:\py\pigsound\pig-sound-classification\data\raw\soundwel\NMBUNMBUBarrenPair7barrenTrial2LFs003notsure.wav,other,soundwel
C:\py\pigsound\pig-sound-classification\data\raw\soundwel\NMBUNMBUBarrenPair7barrenTrial2LFs004.wav,other,soundwel
C:\py\pigsound\pig-sound-classification\data\raw\soundwel\NMBUNMBUBarrenPair7barrenTrial2LFs005.wav,other,soundwel
C:\py\pigsound\pig-sound-classification\data\raw\soundwel\NMBUNMBUBarrenPair7barrenTrial2LFs006.wav,other,soundwel
C:\py\pigsound\pig-sound-classification\data\raw\soundwel\NMBUNMBUBarrenPair7barrenTrial2LFs007.wav,other,soundwel
C:\py\pigsound\pig-sound-classification\data\raw\soundwel\NMBUNMBUBarrenPair7barrenTrial2LFs008notsure.wav,other,soundwel
C:\py\pigsound\pig-sound-classification\data\raw\soundwel\NMBUNMBUBarrenPair7barrenTrial2LFs009.wav,other,soundwel
C:\py\pigsound\pig-sound-classification\data\raw\soundwel\NMBUNMBUBarrenPair7barrenTrial2LFs010.wav,other,soundwel
C:\py\pigsound\pig-sound-classification\data\raw\soundwel\NMBUNMBUBarrenPair7barrenTrial2LFs011.wav,other,soundwel
C:\py\pigsound\pig-sound-classification\data\raw\soundwel\NMBUNMBUBarrenPair7barrenTrial2LFs012.wav,other,soundwel
C:\py\pigsound\pig-sound-classification\data\raw\soundwel\NMBUNMBUBarrenPair7barrenTrial2LFs013.wav,other,soundwel
C:\py\pigsound\pig-sound-classification\data\raw\soundwel\NMBUNMBUBarrenPair7barrentrial4LFm002.wav,other,soundwel
C:\py\pigsound\pig-sound-classification\data\raw\soundwel\NMBUNMBUBarrenPair7barrentrial4LFs001.wav,other,soundwel
C:\py\pigsound\pig-sound-classification\data\raw\soundwel\NMBUNMBUBarrenPair7barrentrial4LFs002.wav,other,soundwel
C:\py\pigsound\pig-sound-classification\data\raw\soundwel\NMBUNMBUBarrenPair7barrentrial4LFs003.wav,other,soundwel
C:\py\pigsound\pig-sound-classification\data\raw\soundwel\NMBUNMBUBarrenPair7barrentrial4LFs004.wav,other,soundwel
C:\py\pigsound\pig-sound-classification\data\raw\soundwel\NMBUNMBUBarrenPair7barrentrial4LFs005.wav,other,soundwel
C:\py\pigsound\pig-sound-classification\data\raw\soundwel\NMBUNMBUBarrenPair7barrentrial4LFs006.wav,other,soundwel
C:\py\pigsound\pig-sound-classification\data\raw\soundwel\NMBUNMBUBarrenPair7barrentrial4LFs007.wav,other,soundwel
C:\py\pigsound\pig-sound-classification\data\raw\soundwel\NMBUNMBUBarrenPair7barrentrial4LFs008.wav,other,soundwel
C:\py\pigsound\pig-sound-classification\data\raw\soundwel\NMBUNMBUBarrenPair7barrentrial4LFs009.wav,other,soundwel
C:\py\pigsound\pig-sound-classification\data\raw\soundwel\NMBUNMBUBarrenPair7barrentrial4LFs010seq1.wav,other,soundwel
C:\py\pigsound\pig-sound-classification\data\raw\soundwel\NMBUNMBUBarrenPair7barrentrial4LFs011seq1.wav,other,soundwel
C:\py\pigsound\pig-sound-classification\data\raw\soundwel\NMBUNMBUBarrenPair7barrentrial4LFs012.wav,other,soundwel
C:\py\pigsound\pig-sound-classification\data\raw\soundwel\NMBUNMBUBarrenPair7barrentrial4LFs013.wav,other,soundwel
C:\py\pigsound\pig-sound-classification\data\raw\soundwel\NMBUNMBUBarrenPair7barrentrial4LFs014.wav,other,soundwel
C:\py\pigsound\pig-sound-classification\data\raw\soundwel\NMBUNMBUBarrenPair8barrenincompleteranoutbatteriesTrial1LFs001.wav,other,soundwel
C:\py\pigsound\pig-sound-classification\data\raw\soundwel\NMBUNMBUBarrenPair8barrenincompleteranoutbatteriesTrial1LFs002.wav,other,soundwel
C:\py\pigsound\pig-sound-classification\data\raw\soundwel\NMBUNMBUBarrenPair8barrenincompleteranoutbatteriesTrial1LFs003.wav,other,soundwel
C:\py\pigsound\pig-sound-classification\data\raw\soundwel\NMBUNMBUBarrenPair8barrenincompleteranoutbatteriesTrial1LFs004.wav,other,soundwel
C:\py\pigsound\pig-sound-classification\data\raw\soundwel\NMBUNMBUBarrenPair8barrenincompleteranoutbatteriesTrial1LFs005.wav,other,soundwel
C:\py\pigsound\pig-sound-classification\data\raw\soundwel\NMBUNMBUBarrenPair8barrenincompleteranoutbatteriesTrial1LFs006.wav,other,soundwel
C:\py\pigsound\pig-sound-classification\data\raw\soundwel\NMBUNMBUBarrenPair8barrenincompleteranoutbatteriesTrial1LFs007.wav,other,soundwel
C:\py\pigsound\pig-sound-classification\data\raw\soundwel\NMBUNMBUBarrenPair8barrenincompleteranoutbatteriesTrial1LFs008.wav,other,soundwel
C:\py\pigsound\pig-sound-classification\data\raw\soundwel\NMBUNMBUBarrenPair8barrenincompleteranoutbatteriesTrial1LFs009.wav,other,soundwel
C:\py\pigsound\pig-sound-classification\data\raw\soundwel\NMBUNMBUBarrenPair8barrenincompleteranoutbatteriesTrial1LFs010.wav,other,soundwel
C:\py\pigsound\pig-sound-classification\data\raw\soundwel\NMBUNMBUBarrenPair8barrenincompleteranoutbatteriesTrial1LFs011.wav,other,soundwel
C:\py\pigsound\pig-sound-classification\data\raw\soundwel\NMBUNMBUBarrenPair8barrenincompleteranoutbatteriesTrial1LFs012.wav,other,soundwel
C:\py\pigsound\pig-sound-classification\data\raw\soundwel\NMBUNMBUBarrenPair8barrenincompleteranoutbatteriesTrial1LFs013.wav,other,soundwel
C:\py\pigsound\pig-sound-classification\data\raw\soundwel\NMBUNMBUBarrenPair8barrenincompleteranoutbatteriesTrial1LFs014.wav,other,soundwel
C:\py\pigsound\pig-sound-classification\data\raw\soundwel\NMBUNMBUBarrenPair8barrenincompleteranoutbatteriesTrial1LFs015.wav,other,soundwel
C:\py\pigsound\pig-sound-classification\data\raw\soundwel\NMBUNMBUBarrenPair8barrenincompleteranoutbatteriesTrial1LFs016.wav,other,soundwel
C:\py\pigsound\pig-sound-classification\data\raw\soundwel\NMBUNMBUBarrenPair8barrenincompleteranoutbatteriesTrial1LFs017.wav,other,soundwel
C:\py\pigsound\pig-sound-classification\data\raw\soundwel\NMBUNMBUBarrenPair8barrenincompleteranoutbatteriesTrial1LFs018.wav,other,soundwel
C:\py\pigsound\pig-sound-classification\data\raw\soundwel\NMBUNMBUBarrenPair8barrenincompleteranoutbatteriesTrial1LFs019.wav,other,soundwel
C:\py\pigsound\pig-sound-classification\data\raw\soundwel\NMBUNMBUBarrenPair8barrenincompleteranoutbatteriesTrial1LFs021.wav,other,soundwel
C:\py\pigsound\pig-sound-classification\data\raw\soundwel\NMBUNMBUBarrenPair8barrenincompleteranoutbatteriesTrial1LFs022.wav,other,soundwel
C:\py\pigsound\pig-sound-classification\data\raw\soundwel\NMBUNMBUBarrenPair8barrenincompleteranoutbatteriesTrial1LFs023.wav,other,soundwel
C:\py\pigsound\pig-sound-classification\data\raw\soundwel\NMBUNMBUBarrenPair8barrenincompleteranoutbatteriesTrial1LFs024.wav,other,soundwel
C:\py\pigsound\pig-sound-classification\data\raw\soundwel\NMBUNMBUBarrenPair8barrenincompleteranoutbatteriesTrial1LFs025.wav,other,soundwel
C:\py\pigsound\pig-sound-classification\data\raw\soundwel\NMBUNMBUBarrenPair8barrenincompleteranoutbatteriesTrial1LFs026.wav,other,soundwel
C:\py\pigsound\pig-sound-classification\data\raw\soundwel\NMBUNMBUBarrenPair8barrenincompleteranoutbatteriesTrial1LFs027.wav,other,soundwel
C:\py\pigsound\pig-sound-classification\data\raw\soundwel\NMBUNMBUBarrenPair8barrenincompleteranoutbatteriesTrial1LFs028.wav,other,soundwel
C:\py\pigsound\pig-sound-classification\data\raw\soundwel\NMBUNMBUBarrenPair8barrenincompleteranoutbatteriesTrial1LFs029.wav,other,soundwel
C:\py\pigsound\pig-sound-classification\data\raw\soundwel\NMBUNMBUBarrenPair8barrenincompleteranoutbatteriesTrial1LFs030.wav,other,soundwel
C:\py\pigsound\pig-sound-classification\data\raw\soundwel\NMBUNMBUBarrenPair8barrenincompleteranoutbatteriesTrial1LFs031.wav,other,soundwel
C:\py\pigsound\pig-sound-classification\data\raw\soundwel\NMBUNMBUBarrenPair8barrenincompleteranoutbatteriesTrial1LFs032.wav,other,soundwel
C:\py\pigsound\pig-sound-classification\data\raw\soundwel\NMBUNMBUBarrenPair8barrenincompleteranoutbatteriesTrial1LFs033.wav,other,soundwel
C:\py\pigsound\pig-sound-classification\data\raw\soundwel\NMBUNMBUBarrenPair8barrenincompleteranoutbatteriesTrial1LFs034.wav,other,soundwel
C:\py\pigsound\pig-sound-classification\data\raw\soundwel\NMBUNMBUBarrenPair8barrenincompleteranoutbatteriesTrial1LFs035.wav,other,soundwel
C:\py\pigsound\pig-sound-classification\data\raw\soundwel\NMBUNMBUBarrenPair8barrenincompleteranoutbatteriesTrial1LFs036.wav,other,soundwel
C:\py\pigsound\pig-sound-classification\data\raw\soundwel\NMBUNMBUBarrenPair8barrenincompleteranoutbatteriesTrial1LFs037.wav,other,soundwel
C:\py\pigsound\pig-sound-classification\data\raw\soundwel\NMBUNMBUBarrenPair8barrenincompleteranoutbatteriesTrial1LFs040.wav,other,soundwel
C:\py\pigsound\pig-sound-classification\data\raw\soundwel\NMBUNMBUBarrenPair8barrenincompleteranoutbatteriesTrial1LFs041.wav,other,soundwel
C:\py\pigsound\pig-sound-classification\data\raw\soundwel\NMBUNMBUBarrenPair8barrenincompleteranoutbatteriesTrial1LFs042.wav,other,soundwel
C:\py\pigsound\pig-sound-classification\data\raw\soundwel\NMBUNMBUBarrenPair8barrenincompleteranoutbatteriesTrial1LFs043.wav,other,soundwel
C:\py\pigsound\pig-sound-classification\data\raw\soundwel\NMBUNMBUBarrenPair8barrenincompleteranoutbatteriesTrial1LFs044.wav,other,soundwel
C:\py\pigsound\pig-sound-classification\data\raw\soundwel\NMBUNMBUBarrenPair8barrenTrial3LFm001.wav,other,soundwel
C:\py\pigsound\pig-sound-classification\data\raw\soundwel\NMBUNMBUBarrenPair8barrenTrial3LFm002.wav,other,soundwel
C:\py\pigsound\pig-sound-classification\data\raw\soundwel\NMBUNMBUBarrenPair8barrenTrial3LFm003.wav,other,soundwel
C:\py\pigsound\pig-sound-classification\data\raw\soundwel\NMBUNMBUBarrenPair8barrenTrial3LFm004.wav,other,soundwel
C:\py\pigsound\pig-sound-classification\data\raw\soundwel\NMBUNMBUBarrenPair8barrenTrial3LFm005notsure.wav,other,soundwel
C:\py\pigsound\pig-sound-classification\data\raw\soundwel\NMBUNMBUBarrenPair8barrenTrial3LFm006notsure.wav,other,soundwel
C:\py\pigsound\pig-sound-classification\data\raw\soundwel\NMBUNMBUBarrenPair8barrenTrial3LFs001.wav,other,soundwel
C:\py\pigsound\pig-sound-classification\data\raw\soundwel\NMBUNMBUBarrenPair8barrenTrial3LFs002notsure.wav,other,soundwel
C:\py\pigsound\pig-sound-classification\data\raw\soundwel\NMBUNMBUBarrenPair8barrenTrial3LFs003.wav,other,soundwel
C:\py\pigsound\pig-sound-classification\data\raw\soundwel\NMBUNMBUBarrenPair8barrenTrial3LFs004.wav,other,soundwel
C:\py\pigsound\pig-sound-classification\data\raw\soundwel\NMBUNMBUBarrenPair8barrenTrial3LFs005.wav,other,soundwel
C:\py\pigsound\pig-sound-classification\data\raw\soundwel\NMBUNMBUBarrenPair8barrenTrial3LFs006.wav,other,soundwel
C:\py\pigsound\pig-sound-classification\data\raw\soundwel\NMBUNMBUBarrenPair8barrenTrial3LFs007.wav,other,soundwel
C:\py\pigsound\pig-sound-classification\data\raw\soundwel\NMBUNMBUBarrenPair8barrenTrial3LFs008.wav,other,soundwel
C:\py\pigsound\pig-sound-classification\data\raw\soundwel\NMBUNMBUBarrenPair8barrenTrial3LFs009.wav,other,soundwel
C:\py\pigsound\pig-sound-classification\data\raw\soundwel\NMBUNMBUBarrenPair8barrenTrial3LFs010.wav,other,soundwel
C:\py\pigsound\pig-sound-classification\data\raw\soundwel\NMBUNMBUBarrenPair8barrenTrial3LFs011seq1.wav,other,soundwel
C:\py\pigsound\pig-sound-classification\data\raw\soundwel\NMBUNMBUBarrenPair8barrenTrial3LFs012seq1.wav,other,soundwel
C:\py\pigsound\pig-sound-classification\data\raw\soundwel\NMBUNMBUBarrenPair8barrenTrial3LFs013.wav,other,soundwel
C:\py\pigsound\pig-sound-classification\data\raw\soundwel\NMBUNMBUBarrenPair8barrenTrial3LFs014.wav,other,soundwel
C:\py\pigsound\pig-sound-classification\data\raw\soundwel\NMBUNMBUBarrenPair8barrenTrial3LFs015seq2.wav,other,soundwel
C:\py\pigsound\pig-sound-classification\data\raw\soundwel\NMBUNMBUBarrenPair8barrenTrial3LFs016seq2.wav,other,soundwel
C:\py\pigsound\pig-sound-classification\data\raw\soundwel\NMBUNMBUBarrenPair8barrenTrial3LFs017seq3.wav,other,soundwel
C:\py\pigsound\pig-sound-classification\data\raw\soundwel\NMBUNMBUBarrenPair8barrenTrial3LFs019.wav,other,soundwel
C:\py\pigsound\pig-sound-classification\data\raw\soundwel\NMBUNMBUBarrenPair8barrenTrial3LFs020.wav,other,soundwel
C:\py\pigsound\pig-sound-classification\data\raw\soundwel\NMBUNMBUBarrenPair8barrenTrial3LFs021.wav,other,soundwel
C:\py\pigsound\pig-sound-classification\data\raw\soundwel\NMBUNMBUBarrenPair8barrenTrial3LFs023.wav,other,soundwel
C:\py\pigsound\pig-sound-classification\data\raw\soundwel\NMBUNMBUBarrenPair8barrenTrial3LFs024.wav,other,soundwel
C:\py\pigsound\pig-sound-classification\data\raw\soundwel\NMBUNMBUBarrenPair8barrenTrial3LFs025.wav,other,soundwel
C:\py\pigsound\pig-sound-classification\data\raw\soundwel\NMBUNMBUBarrenPair8barrenTrial3LFs026.wav,other,soundwel
C:\py\pigsound\pig-sound-classification\data\raw\soundwel\NMBUNMBUBarrenPair8barrenTrial3LFs027.wav,other,soundwel
C:\py\pigsound\pig-sound-classification\data\raw\soundwel\NMBUNMBUBarrenPair8barrenTrial3LFs028.wav,other,soundwel
C:\py\pigsound\pig-sound-classification\data\raw\soundwel\NMBUNMBUBarrenPair8barrenTrial3LFs029.wav,other,soundwel
C:\py\pigsound\pig-sound-classification\data\raw\soundwel\NMBUNMBUBarrenPair8barrenTrial3LFs030.wav,other,soundwel
C:\py\pigsound\pig-sound-classification\data\raw\soundwel\NMBUNMBUBarrenPair8barrenTrial3LFs031seq4.wav,other,soundwel
C:\py\pigsound\pig-sound-classification\data\raw\soundwel\NMBUNMBUBarrenPair8barrenTrial3LFs032seq4.wav,other,soundwel
C:\py\pigsound\pig-sound-classification\data\raw\soundwel\NMBUNMBUBarrenPair8barrenTrial3LFs033seq4.wav,other,soundwel
C:\py\pigsound\pig-sound-classification\data\raw\soundwel\NMBUNMBUBarrenPair8barrenTrial3LFs034seq4.wav,other,soundwel
C:\py\pigsound\pig-sound-classification\data\raw\soundwel\NMBUNMBUBarrenPair9barrenTrial2LFm001.wav,other,soundwel
C:\py\pigsound\pig-sound-classification\data\raw\soundwel\NMBUNMBUBarrenPair9barrenTrial2LFs001.wav,other,soundwel
C:\py\pigsound\pig-sound-classification\data\raw\soundwel\NMBUNMBUBarrenPair9barrenTrial2LFs002notsure.wav,other,soundwel
C:\py\pigsound\pig-sound-classification\data\raw\soundwel\NMBUNMBUBarrenPair9barrenTrial2LFs003.wav,other,soundwel
C:\py\pigsound\pig-sound-classification\data\raw\soundwel\NMBUNMBUBarrenPair9barrenTrial2LFs004.wav,other,soundwel
C:\py\pigsound\pig-sound-classification\data\raw\soundwel\NMBUNMBUBarrenPair9barrenTrial2LFs005.wav,other,soundwel
C:\py\pigsound\pig-sound-classification\data\raw\soundwel\NMBUNMBUBarrenPair9barrenTrial2LFs006.wav,other,soundwel
C:\py\pigsound\pig-sound-classification\data\raw\soundwel\NMBUNMBUBarrenPair9barrenTrial2LFs007.wav,other,soundwel
C:\py\pigsound\pig-sound-classification\data\raw\soundwel\NMBUNMBUBarrenPair9barrenTrial2LFs008.wav,other,soundwel
C:\py\pigsound\pig-sound-classification\data\raw\soundwel\NMBUNMBUBarrenPair9barrenTrial2LFs009.wav,other,soundwel
C:\py\pigsound\pig-sound-classification\data\raw\soundwel\NMBUNMBUBarrenPair9barrenTrial4LFm001notsure.wav,other,soundwel
C:\py\pigsound\pig-sound-classification\data\raw\soundwel\NMBUNMBUBarrenPair9barrenTrial4LFs001.wav,other,soundwel
C:\py\pigsound\pig-sound-classification\data\raw\soundwel\NMBUNMBUBarrenPair9barrenTrial4LFs002seq1.wav,other,soundwel
C:\py\pigsound\pig-sound-classification\data\raw\soundwel\NMBUNMBUBarrenPair9barrenTrial4LFs003seq1.wav,other,soundwel
C:\py\pigsound\pig-sound-classification\data\raw\soundwel\NMBUNMBUBarrenPair9barrenTrial4LFs004.wav,other,soundwel
C:\py\pigsound\pig-sound-classification\data\raw\soundwel\NMBUNMBUBarrenPair9barrenTrial4LFs005.wav,other,soundwel
C:\py\pigsound\pig-sound-classification\data\raw\soundwel\NMBUNMBUBarrenPair9barrenTrial4LFs006.wav,other,soundwel
C:\py\pigsound\pig-sound-classification\data\raw\soundwel\NMBUNMBUBarrenPair9barrenTrial4LFs007.wav,other,soundwel
C:\py\pigsound\pig-sound-classification\data\raw\soundwel\NMBUNMBUBarrenPair9barrenTrial4LFs008.wav,other,soundwel
C:\py\pigsound\pig-sound-classification\data\raw\soundwel\NMBUNMBUBarrenPair9barrenTrial4LFs009seq2.wav,other,soundwel
C:\py\pigsound\pig-sound-classification\data\raw\soundwel\NMBUNMBUBarrenPair9barrenTrial4LFs010seq2.wav,other,soundwel
C:\py\pigsound\pig-sound-classification\data\raw\soundwel\NMBUNMBUBarrenPair9barrenTrial4LFs011.wav,other,soundwel
C:\py\pigsound\pig-sound-classification\data\raw\soundwel\NMBUNMBUBarrenPair9barrenTrial4LFs012.wav,other,soundwel
C:\py\pigsound\pig-sound-classification\data\raw\soundwel\NMBUNMBUBarrenPair9barrenTrial4LFs013.wav,other,soundwel
C:\py\pigsound\pig-sound-classification\data\raw\soundwel\NMBUNMBUBarrenPair9barrenTrial4LFs014.wav,other,soundwel
C:\py\pigsound\pig-sound-classification\data\raw\soundwel\NMBUNMBUBarrenPair9barrenTrial4LFs015.wav,other,soundwel
C:\py\pigsound\pig-sound-classification\data\raw\soundwel\NMBUNMBUBarrenPair9barrenTrial4LFs016.wav,other,soundwel
C:\py\pigsound\pig-sound-classification\data\raw\soundwel\NMBUNMBUBarrenPair9barrenTrial4LFs017.wav,other,soundwel
C:\py\pigsound\pig-sound-classification\data\raw\soundwel\NMBUNMBUBarrenPair9barrenTrial4LFs018seq3.wav,other,soundwel
C:\py\pigsound\pig-sound-classification\data\raw\soundwel\NMBUNMBUBarrenPair9barrenTrial4LFs019seq3.wav,other,soundwel
C:\py\pigsound\pig-sound-classification\data\raw\soundwel\NMBUNMBUBarrenPair9barrenTrial4LFs020.wav,other,soundwel
C:\py\pigsound\pig-sound-classification\data\raw\soundwel\NMBUNMBUEnrichedPair10enrichedtrial2HFs001notsure.wav,other,soundwel
C:\py\pigsound\pig-sound-classification\data\raw\soundwel\NMBUNMBUEnrichedPair10enrichedtrial2LFm001.wav,other,soundwel
C:\py\pigsound\pig-sound-classification\data\raw\soundwel\NMBUNMBUEnrichedPair10enrichedtrial2LFm002.wav,other,soundwel
C:\py\pigsound\pig-sound-classification\data\raw\soundwel\NMBUNMBUEnrichedPair10enrichedtrial2LFm003.wav,other,soundwel
C:\py\pigsound\pig-sound-classification\data\raw\soundwel\NMBUNMBUEnrichedPair10enrichedtrial2LFm004.wav,other,soundwel
C:\py\pigsound\pig-sound-classification\data\raw\soundwel\NMBUNMBUEnrichedPair10enrichedtrial2LFs001.wav,other,soundwel
C:\py\pigsound\pig-sound-classification\data\raw\soundwel\NMBUNMBUEnrichedPair10enrichedtrial2LFs002notsure.wav,other,soundwel
C:\py\pigsound\pig-sound-classification\data\raw\soundwel\NMBUNMBUEnrichedPair10enrichedtrial2LFs003notsure.wav,other,soundwel
C:\py\pigsound\pig-sound-classification\data\raw\soundwel\NMBUNMBUEnrichedPair10enrichedtrial2LFs004.wav,other,soundwel
C:\py\pigsound\pig-sound-classification\data\raw\soundwel\NMBUNMBUEnrichedPair10enrichedTrial4LFm001.wav,other,soundwel
C:\py\pigsound\pig-sound-classification\data\raw\soundwel\NMBUNMBUEnrichedPair10enrichedTrial4LFs001.wav,other,soundwel
C:\py\pigsound\pig-sound-classification\data\raw\soundwel\NMBUNMBUEnrichedPair10enrichedTrial4LFs002.wav,other,soundwel
C:\py\pigsound\pig-sound-classification\data\raw\soundwel\NMBUNMBUEnrichedPair10enrichedTrial4LFs003.wav,other,soundwel
C:\py\pigsound\pig-sound-classification\data\raw\soundwel\NMBUNMBUEnrichedPair10enrichedTrial4LFs004.wav,other,soundwel
C:\py\pigsound\pig-sound-classification\data\raw\soundwel\NMBUNMBUEnrichedPair10enrichedTrial4LFs005.wav,other,soundwel
C:\py\pigsound\pig-sound-classification\data\raw\soundwel\NMBUNMBUEnrichedPair10enrichedTrial4LFs006.wav,other,soundwel
C:\py\pigsound\pig-sound-classification\data\raw\soundwel\NMBUNMBUEnrichedPair12enrichedTrial2LFm001notsure.wav,other,soundwel
C:\py\pigsound\pig-sound-classification\data\raw\soundwel\NMBUNMBUEnrichedPair12enrichedTrial2LFm002.wav,other,soundwel
C:\py\pigsound\pig-sound-classification\data\raw\soundwel\NMBUNMBUEnrichedPair12enrichedTrial2LFm004.wav,other,soundwel
C:\py\pigsound\pig-sound-classification\data\raw\soundwel\NMBUNMBUEnrichedPair12enrichedTrial2LFm005.wav,other,soundwel
C:\py\pigsound\pig-sound-classification\data\raw\soundwel\NMBUNMBUEnrichedPair12enrichedTrial2LFm006.wav,other,soundwel
C:\py\pigsound\pig-sound-classification\data\raw\soundwel\NMBUNMBUEnrichedPair12enrichedTrial2LFm007notsure.wav,other,soundwel
C:\py\pigsound\pig-sound-classification\data\raw\soundwel\NMBUNMBUEnrichedPair12enrichedTrial2LFs001.wav,other,soundwel
C:\py\pigsound\pig-sound-classification\data\raw\soundwel\NMBUNMBUEnrichedPair12enrichedTrial2LFs002.wav,other,soundwel
C:\py\pigsound\pig-sound-classification\data\raw\soundwel\NMBUNMBUEnrichedPair12enrichedTrial2LFs003.wav,other,soundwel
C:\py\pigsound\pig-sound-classification\data\raw\soundwel\NMBUNMBUEnrichedPair12enrichedTrial2LFs004.wav,other,soundwel
C:\py\pigsound\pig-sound-classification\data\raw\soundwel\NMBUNMBUEnrichedPair12enrichedTrial2LFs005.wav,other,soundwel
C:\py\pigsound\pig-sound-classification\data\raw\soundwel\NMBUNMBUEnrichedPair12enrichedTrial2LFs006.wav,other,soundwel
C:\py\pigsound\pig-sound-classification\data\raw\soundwel\NMBUNMBUEnrichedPair12enrichedTrial2LFs007.wav,other,soundwel
C:\py\pigsound\pig-sound-classification\data\raw\soundwel\NMBUNMBUEnrichedPair12enrichedTrial2LFs008.wav,other,soundwel
C:\py\pigsound\pig-sound-classification\data\raw\soundwel\NMBUNMBUEnrichedPair12enrichedTrial2LFs009.wav,other,soundwel
C:\py\pigsound\pig-sound-classification\data\raw\soundwel\NMBUNMBUEnrichedPair12enrichedTrial2LFs010.wav,other,soundwel
C:\py\pigsound\pig-sound-classification\data\raw\soundwel\NMBUNMBUEnrichedPair12enrichedTrial2LFs011.wav,other,soundwel
C:\py\pigsound\pig-sound-classification\data\raw\soundwel\NMBUNMBUEnrichedPair12enrichedTrial2LFs012.wav,other,soundwel
C:\py\pigsound\pig-sound-classification\data\raw\soundwel\NMBUNMBUEnrichedPair12enrichedTrial4LFm001seq1.wav,other,soundwel
C:\py\pigsound\pig-sound-classification\data\raw\soundwel\NMBUNMBUEnrichedPair12enrichedTrial4LFs001.wav,other,soundwel
C:\py\pigsound\pig-sound-classification\data\raw\soundwel\NMBUNMBUEnrichedPair12enrichedTrial4LFs002.wav,other,soundwel
C:\py\pigsound\pig-sound-classification\data\raw\soundwel\NMBUNMBUEnrichedPair12enrichedTrial4LFs003seq1.wav,other,soundwel
C:\py\pigsound\pig-sound-classification\data\raw\soundwel\NMBUNMBUEnrichedPair13enrichedTrial1HFs001notsure.wav,other,soundwel
C:\py\pigsound\pig-sound-classification\data\raw\soundwel\NMBUNMBUEnrichedPair13enrichedTrial1LFs001.wav,other,soundwel
C:\py\pigsound\pig-sound-classification\data\raw\soundwel\NMBUNMBUEnrichedPair13enrichedTrial1LFs002.wav,other,soundwel
C:\py\pigsound\pig-sound-classification\data\raw\soundwel\NMBUNMBUEnrichedPair13enrichedTrial1LFs003.wav,other,soundwel
C:\py\pigsound\pig-sound-classification\data\raw\soundwel\NMBUNMBUEnrichedPair13enrichedTrial1LFt001.wav,other,soundwel
C:\py\pigsound\pig-sound-classification\data\raw\soundwel\NMBUNMBUEnrichedPair13enrichedTrial3LFm001.wav,other,soundwel
C:\py\pigsound\pig-sound-classification\data\raw\soundwel\NMBUNMBUEnrichedPair13enrichedTrial3LFs001.wav,other,soundwel
C:\py\pigsound\pig-sound-classification\data\raw\soundwel\NMBUNMBUEnrichedPair13enrichedTrial3LFs002.wav,other,soundwel
C:\py\pigsound\pig-sound-classification\data\raw\soundwel\NMBUNMBUEnrichedPair13enrichedTrial3LFs003seq1.wav,other,soundwel
C:\py\pigsound\pig-sound-classification\data\raw\soundwel\NMBUNMBUEnrichedPair13enrichedTrial3LFs004seq1.wav,other,soundwel
C:\py\pigsound\pig-sound-classification\data\raw\soundwel\NMBUNMBUEnrichedPair13enrichedTrial3LFs005.wav,other,soundwel
C:\py\pigsound\pig-sound-classification\data\raw\soundwel\NMBUNMBUEnrichedPair13enrichedTrial3LFs006seq2.wav,other,soundwel
C:\py\pigsound\pig-sound-classification\data\raw\soundwel\NMBUNMBUEnrichedPair13enrichedTrial3LFs007seq2.wav,other,soundwel
C:\py\pigsound\pig-sound-classification\data\raw\soundwel\NMBUNMBUEnrichedPair13enrichedTrial3LFs008notsure.wav,other,soundwel
C:\py\pigsound\pig-sound-classification\data\raw\soundwel\NMBUNMBUEnrichedPair13enrichedTrial3LFs009.wav,other,soundwel
C:\py\pigsound\pig-sound-classification\data\raw\soundwel\NMBUNMBUEnrichedPair15enrichedTrial1LFs001.wav,other,soundwel
C:\py\pigsound\pig-sound-classification\data\raw\soundwel\NMBUNMBUEnrichedPair15enrichedTrial1LFs002.wav,other,soundwel
C:\py\pigsound\pig-sound-classification\data\raw\soundwel\NMBUNMBUEnrichedPair15enrichedTrial1LFs003.wav,other,soundwel
C:\py\pigsound\pig-sound-classification\data\raw\soundwel\NMBUNMBUEnrichedPair15enrichedTrial1LFs004.wav,other,soundwel
C:\py\pigsound\pig-sound-classification\data\raw\soundwel\NMBUNMBUEnrichedPair16enrichedTrial2LFs001notsure.wav,other,soundwel
C:\py\pigsound\pig-sound-classification\data\raw\soundwel\NMBUNMBUEnrichedPair16ernichedTrial4LFs001.wav,other,soundwel
C:\py\pigsound\pig-sound-classification\data\raw\soundwel\NMBUNMBUEnrichedPair1enrichedTrail1LFs001.wav,other,soundwel
C:\py\pigsound\pig-sound-classification\data\raw\soundwel\NMBUNMBUEnrichedPair1enrichedTrial3LFm001.wav,other,soundwel
C:\py\pigsound\pig-sound-classification\data\raw\soundwel\NMBUNMBUEnrichedPair1enrichedTrial3LFs001notsure.wav,other,soundwel
C:\py\pigsound\pig-sound-classification\data\raw\soundwel\NMBUNMBUEnrichedPair1enrichedTrial3LFs002.wav,other,soundwel
C:\py\pigsound\pig-sound-classification\data\raw\soundwel\NMBUNMBUEnrichedPair1enrichedTrial3LFs003.wav,other,soundwel
C:\py\pigsound\pig-sound-classification\data\raw\soundwel\NMBUNMBUEnrichedPair1enrichedTrial3LFt004seq2notsure.wav,other,soundwel
C:\py\pigsound\pig-sound-classification\data\raw\soundwel\NMBUNMBUEnrichedPair1enrichedTrial3LFt005seq2notsure.wav,other,soundwel
C:\py\pigsound\pig-sound-classification\data\raw\soundwel\NMBUNMBUEnrichedPair1enrichedTrial3LFt006seq2notsure.wav,other,soundwel
C:\py\pigsound\pig-sound-classification\data\raw\soundwel\NMBUNMBUEnrichedPair1enrichedTrial3LFt007seq2notsure.wav,other,soundwel
C:\py\pigsound\pig-sound-classification\data\raw\soundwel\NMBUNMBUEnrichedPair5enrichedTrial1LFs001notsure.wav,other,soundwel
C:\py\pigsound\pig-sound-classification\data\raw\soundwel\NMBUNMBUEnrichedPair6enrichedTrail2LFm001.wav,other,soundwel
C:\py\pigsound\pig-sound-classification\data\raw\soundwel\NMBUNMBUEnrichedPair6enrichedTrail2LFt001.wav,other,soundwel
C:\py\pigsound\pig-sound-classification\data\raw\soundwel\NMBUNMBUEnrichedPair7enrichedTrial1LFs001.wav,other,soundwel
C:\py\pigsound\pig-sound-classification\data\raw\soundwel\NMBUNMBUEnrichedPair7enrichedTrial1LFs002.wav,other,soundwel
C:\py\pigsound\pig-sound-classification\data\raw\soundwel\NMBUNMBUEnrichedPair7enrichedTrial1LFs003.wav,other,soundwel
C:\py\pigsound\pig-sound-classification\data\raw\soundwel\NMBUNMBUEnrichedPair7enrichedTrial1LFs004.wav,other,soundwel
C:\py\pigsound\pig-sound-classification\data\raw\soundwel\NMBUNMBUEnrichedPair7enrichedTrial1LFs005.wav,other,soundwel
C:\py\pigsound\pig-sound-classification\data\raw\soundwel\NMBUNMBUEnrichedPair7enrichedTrial1LFs006.wav,other,soundwel
C:\py\pigsound\pig-sound-classification\data\raw\soundwel\NMBUNMBUEnrichedPair7enrichedTrial1LFs007notsure.wav,other,soundwel
C:\py\pigsound\pig-sound-classification\data\raw\soundwel\NMBUNMBUEnrichedPair7enrichedTrial1LFs008.wav,other,soundwel
C:\py\pigsound\pig-sound-classification\data\raw\soundwel\NMBUNMBUEnrichedPair7enrichedTrial1LFs009.wav,other,soundwel
C:\py\pigsound\pig-sound-classification\data\raw\soundwel\NMBUNMBUEnrichedPair7enrichedTrial1LFs010.wav,other,soundwel
C:\py\pigsound\pig-sound-classification\data\raw\soundwel\NMBUNMBUEnrichedPair7enrichedTrial3LFs001.wav,other,soundwel
C:\py\pigsound\pig-sound-classification\data\raw\soundwel\NMBUNMBUEnrichedPair7enrichedTrial3LFs002.wav,other,soundwel
C:\py\pigsound\pig-sound-classification\data\raw\soundwel\NMBUNMBUEnrichedPair7enrichedTrial3LFs003.wav,other,soundwel
C:\py\pigsound\pig-sound-classification\data\raw\soundwel\NMBUNMBUEnrichedPair7enrichedTrial3LFs004.wav,other,soundwel
C:\py\pigsound\pig-sound-classification\data\raw\soundwel\NMBUNMBUEnrichedPair7enrichedTrial3LFs005.wav,other,soundwel
C:\py\pigsound\pig-sound-classification\data\raw\soundwel\NMBUNMBUEnrichedPair7enrichedTrial3LFs006.wav,other,soundwel
C:\py\pigsound\pig-sound-classification\data\raw\soundwel\NMBUNMBUEnrichedPair7enrichedTrial3LFs007notsure.wav,other,soundwel
C:\py\pigsound\pig-sound-classification\data\raw\soundwel\NMBUNMBUEnrichedPair7enrichedTrial3LFt001.wav,other,soundwel
C:\py\pigsound\pig-sound-classification\data\raw\soundwel\NMBUNMBUEnrichedPair8enrichedTrial2HFs001notsure.wav,other,soundwel
C:\py\pigsound\pig-sound-classification\data\raw\soundwel\NMBUNMBUEnrichedPair8enrichedTrial2LFs001.wav,other,soundwel
C:\py\pigsound\pig-sound-classification\data\raw\soundwel\NMBUNMBUEnrichedPair8enrichedTrial2LFs002.wav,other,soundwel
C:\py\pigsound\pig-sound-classification\data\raw\soundwel\NMBUNMBUEnrichedPair8enrichedTrial2LFs003.wav,other,soundwel
C:\py\pigsound\pig-sound-classification\data\raw\soundwel\NMBUNMBUEnrichedPair8enrichedTrial4LFs001.wav,other,soundwel
C:\py\pigsound\pig-sound-classification\data\raw\soundwel\NMBUNMBUEnrichedPair8enrichedTrial4LFs002.wav,other,soundwel
C:\py\pigsound\pig-sound-classification\data\raw\soundwel\NMBUNMBUEnrichedPair9enrichedTrial3LFm001.wav,other,soundwel
C:\py\pigsound\pig-sound-classification\data\raw\soundwel\NMBUNMBUTransit (1).wav,other,soundwel
C:\py\pigsound\pig-sound-classification\data\raw\soundwel\NMBUNMBUTransit (10).wav,other,soundwel
C:\py\pigsound\pig-sound-classification\data\raw\soundwel\NMBUNMBUTransit (100).wav,other,soundwel
C:\py\pigsound\pig-sound-classification\data\raw\soundwel\NMBUNMBUTransit (101).wav,other,soundwel
C:\py\pigsound\pig-sound-classification\data\raw\soundwel\NMBUNMBUTransit (102).wav,other,soundwel
C:\py\pigsound\pig-sound-classification\data\raw\soundwel\NMBUNMBUTransit (103).wav,other,soundwel
C:\py\pigsound\pig-sound-classification\data\raw\soundwel\NMBUNMBUTransit (104).wav,other,soundwel
C:\py\pigsound\pig-sound-classification\data\raw\soundwel\NMBUNMBUTransit (105).wav,other,soundwel
C:\py\pigsound\pig-sound-classification\data\raw\soundwel\NMBUNMBUTransit (106).wav,other,soundwel
C:\py\pigsound\pig-sound-classification\data\raw\soundwel\NMBUNMBUTransit (107).wav,other,soundwel
C:\py\pigsound\pig-sound-classification\data\raw\soundwel\NMBUNMBUTransit (108).wav,other,soundwel
C:\py\pigsound\pig-sound-classification\data\raw\soundwel\NMBUNMBUTransit (109).wav,other,soundwel
C:\py\pigsound\pig-sound-classification\data\raw\soundwel\NMBUNMBUTransit (11).wav,other,soundwel
C:\py\pigsound\pig-sound-classification\data\raw\soundwel\NMBUNMBUTransit (110).wav,other,soundwel
C:\py\pigsound\pig-sound-classification\data\raw\soundwel\NMBUNMBUTransit (111).wav,other,soundwel
C:\py\pigsound\pig-sound-classification\data\raw\soundwel\NMBUNMBUTransit (112).wav,other,soundwel
C:\py\pigsound\pig-sound-classification\data\raw\soundwel\NMBUNMBUTransit (113).wav,other,soundwel
C:\py\pigsound\pig-sound-classification\data\raw\soundwel\NMBUNMBUTransit (114).wav,other,soundwel
C:\py\pigsound\pig-sound-classification\data\raw\soundwel\NMBUNMBUTransit (115).wav,other,soundwel
C:\py\pigsound\pig-sound-classification\data\raw\soundwel\NMBUNMBUTransit (116).wav,other,soundwel
C:\py\pigsound\pig-sound-classification\data\raw\soundwel\NMBUNMBUTransit (117).wav,other,soundwel
C:\py\pigsound\pig-sound-classification\data\raw\soundwel\NMBUNMBUTransit (118).wav,other,soundwel
C:\py\pigsound\pig-sound-classification\data\raw\soundwel\NMBUNMBUTransit (119).wav,other,soundwel
C:\py\pigsound\pig-sound-classification\data\raw\soundwel\NMBUNMBUTransit (12).wav,other,soundwel
C:\py\pigsound\pig-sound-classification\data\raw\soundwel\NMBUNMBUTransit (120).wav,other,soundwel
C:\py\pigsound\pig-sound-classification\data\raw\soundwel\NMBUNMBUTransit (121).wav,other,soundwel
C:\py\pigsound\pig-sound-classification\data\raw\soundwel\NMBUNMBUTransit (122).wav,other,soundwel
C:\py\pigsound\pig-sound-classification\data\raw\soundwel\NMBUNMBUTransit (123).wav,other,soundwel
C:\py\pigsound\pig-sound-classification\data\raw\soundwel\NMBUNMBUTransit (124).wav,other,soundwel
C:\py\pigsound\pig-sound-classification\data\raw\soundwel\NMBUNMBUTransit (125).wav,other,soundwel
C:\py\pigsound\pig-sound-classification\data\raw\soundwel\NMBUNMBUTransit (126).wav,other,soundwel
C:\py\pigsound\pig-sound-classification\data\raw\soundwel\NMBUNMBUTransit (127).wav,other,soundwel
C:\py\pigsound\pig-sound-classification\data\raw\soundwel\NMBUNMBUTransit (128).wav,other,soundwel
C:\py\pigsound\pig-sound-classification\data\raw\soundwel\NMBUNMBUTransit (129).wav,other,soundwel
C:\py\pigsound\pig-sound-classification\data\raw\soundwel\NMBUNMBUTransit (13).wav,other,soundwel
C:\py\pigsound\pig-sound-classification\data\raw\soundwel\NMBUNMBUTransit (130).wav,other,soundwel
C:\py\pigsound\pig-sound-classification\data\raw\soundwel\NMBUNMBUTransit (131).wav,other,soundwel
C:\py\pigsound\pig-sound-classification\data\raw\soundwel\NMBUNMBUTransit (132).wav,other,soundwel
C:\py\pigsound\pig-sound-classification\data\raw\soundwel\NMBUNMBUTransit (133).wav,other,soundwel
C:\py\pigsound\pig-sound-classification\data\raw\soundwel\NMBUNMBUTransit (134).wav,other,soundwel
C:\py\pigsound\pig-sound-classification\data\raw\soundwel\NMBUNMBUTransit (135).wav,other,soundwel
C:\py\pigsound\pig-sound-classification\data\raw\soundwel\NMBUNMBUTransit (136).wav,other,soundwel
C:\py\pigsound\pig-sound-classification\data\raw\soundwel\NMBUNMBUTransit (137).wav,other,soundwel
C:\py\pigsound\pig-sound-classification\data\raw\soundwel\NMBUNMBUTransit (138).wav,other,soundwel
C:\py\pigsound\pig-sound-classification\data\raw\soundwel\NMBUNMBUTransit (139).wav,other,soundwel
C:\py\pigsound\pig-sound-classification\data\raw\soundwel\NMBUNMBUTransit (14).wav,other,soundwel
C:\py\pigsound\pig-sound-classification\data\raw\soundwel\NMBUNMBUTransit (140).wav,other,soundwel
C:\py\pigsound\pig-sound-classification\data\raw\soundwel\NMBUNMBUTransit (141).wav,other,soundwel
C:\py\pigsound\pig-sound-classification\data\raw\soundwel\NMBUNMBUTransit (142).wav,other,soundwel
C:\py\pigsound\pig-sound-classification\data\raw\soundwel\NMBUNMBUTransit (143).wav,other,soundwel
C:\py\pigsound\pig-sound-classification\data\raw\soundwel\NMBUNMBUTransit (144).wav,other,soundwel
C:\py\pigsound\pig-sound-classification\data\raw\soundwel\NMBUNMBUTransit (145).wav,other,soundwel
C:\py\pigsound\pig-sound-classification\data\raw\soundwel\NMBUNMBUTransit (146).wav,other,soundwel
C:\py\pigsound\pig-sound-classification\data\raw\soundwel\NMBUNMBUTransit (147).wav,other,soundwel
C:\py\pigsound\pig-sound-classification\data\raw\soundwel\NMBUNMBUTransit (148).wav,other,soundwel
C:\py\pigsound\pig-sound-classification\data\raw\soundwel\NMBUNMBUTransit (149).wav,other,soundwel
C:\py\pigsound\pig-sound-classification\data\raw\soundwel\NMBUNMBUTransit (15).wav,other,soundwel
C:\py\pigsound\pig-sound-classification\data\raw\soundwel\NMBUNMBUTransit (150).wav,other,soundwel
C:\py\pigsound\pig-sound-classification\data\raw\soundwel\NMBUNMBUTransit (151).wav,other,soundwel
C:\py\pigsound\pig-sound-classification\data\raw\soundwel\NMBUNMBUTransit (152).wav,other,soundwel
C:\py\pigsound\pig-sound-classification\data\raw\soundwel\NMBUNMBUTransit (153).wav,other,soundwel
C:\py\pigsound\pig-sound-classification\data\raw\soundwel\NMBUNMBUTransit (154).wav,other,soundwel
C:\py\pigsound\pig-sound-classification\data\raw\soundwel\NMBUNMBUTransit (155).wav,other,soundwel
C:\py\pigsound\pig-sound-classification\data\raw\soundwel\NMBUNMBUTransit (156).wav,other,soundwel
C:\py\pigsound\pig-sound-classification\data\raw\soundwel\NMBUNMBUTransit (157).wav,other,soundwel
C:\py\pigsound\pig-sound-classification\data\raw\soundwel\NMBUNMBUTransit (158).wav,other,soundwel
C:\py\pigsound\pig-sound-classification\data\raw\soundwel\NMBUNMBUTransit (159).wav,other,soundwel
C:\py\pigsound\pig-sound-classification\data\raw\soundwel\NMBUNMBUTransit (16).wav,other,soundwel
C:\py\pigsound\pig-sound-classification\data\raw\soundwel\NMBUNMBUTransit (160).wav,other,soundwel
C:\py\pigsound\pig-sound-classification\data\raw\soundwel\NMBUNMBUTransit (161).wav,other,soundwel
C:\py\pigsound\pig-sound-classification\data\raw\soundwel\NMBUNMBUTransit (162).wav,other,soundwel
C:\py\pigsound\pig-sound-classification\data\raw\soundwel\NMBUNMBUTransit (163).wav,other,soundwel
C:\py\pigsound\pig-sound-classification\data\raw\soundwel\NMBUNMBUTransit (164).wav,other,soundwel
C:\py\pigsound\pig-sound-classification\data\raw\soundwel\NMBUNMBUTransit (165).wav,other,soundwel
C:\py\pigsound\pig-sound-classification\data\raw\soundwel\NMBUNMBUTransit (166).wav,other,soundwel
C:\py\pigsound\pig-sound-classification\data\raw\soundwel\NMBUNMBUTransit (167).wav,other,soundwel
C:\py\pigsound\pig-sound-classification\data\raw\soundwel\NMBUNMBUTransit (168).wav,other,soundwel
C:\py\pigsound\pig-sound-classification\data\raw\soundwel\NMBUNMBUTransit (169).wav,other,soundwel
C:\py\pigsound\pig-sound-classification\data\raw\soundwel\NMBUNMBUTransit (17).wav,other,soundwel
C:\py\pigsound\pig-sound-classification\data\raw\soundwel\NMBUNMBUTransit (170).wav,other,soundwel
C:\py\pigsound\pig-sound-classification\data\raw\soundwel\NMBUNMBUTransit (171).wav,other,soundwel
C:\py\pigsound\pig-sound-classification\data\raw\soundwel\NMBUNMBUTransit (172).wav,other,soundwel
C:\py\pigsound\pig-sound-classification\data\raw\soundwel\NMBUNMBUTransit (173).wav,other,soundwel
C:\py\pigsound\pig-sound-classification\data\raw\soundwel\NMBUNMBUTransit (174).wav,other,soundwel
C:\py\pigsound\pig-sound-classification\data\raw\soundwel\NMBUNMBUTransit (175).wav,other,soundwel
C:\py\pigsound\pig-sound-classification\data\raw\soundwel\NMBUNMBUTransit (176).wav,other,soundwel
C:\py\pigsound\pig-sound-classification\data\raw\soundwel\NMBUNMBUTransit (177).wav,other,soundwel
C:\py\pigsound\pig-sound-classification\data\raw\soundwel\NMBUNMBUTransit (178).wav,other,soundwel
C:\py\pigsound\pig-sound-classification\data\raw\soundwel\NMBUNMBUTransit (179).wav,other,soundwel
C:\py\pigsound\pig-sound-classification\data\raw\soundwel\NMBUNMBUTransit (18).wav,other,soundwel
C:\py\pigsound\pig-sound-classification\data\raw\soundwel\NMBUNMBUTransit (180).wav,other,soundwel
C:\py\pigsound\pig-sound-classification\data\raw\soundwel\NMBUNMBUTransit (181).wav,other,soundwel
C:\py\pigsound\pig-sound-classification\data\raw\soundwel\NMBUNMBUTransit (182).wav,other,soundwel
C:\py\pigsound\pig-sound-classification\data\raw\soundwel\NMBUNMBUTransit (183).wav,other,soundwel
C:\py\pigsound\pig-sound-classification\data\raw\soundwel\NMBUNMBUTransit (184).wav,other,soundwel
C:\py\pigsound\pig-sound-classification\data\raw\soundwel\NMBUNMBUTransit (185).wav,other,soundwel
C:\py\pigsound\pig-sound-classification\data\raw\soundwel\NMBUNMBUTransit (186).wav,other,soundwel
C:\py\pigsound\pig-sound-classification\data\raw\soundwel\NMBUNMBUTransit (187).wav,other,soundwel
C:\py\pigsound\pig-sound-classification\data\raw\soundwel\NMBUNMBUTransit (188).wav,other,soundwel
C:\py\pigsound\pig-sound-classification\data\raw\soundwel\NMBUNMBUTransit (189).wav,other,soundwel
C:\py\pigsound\pig-sound-classification\data\raw\soundwel\NMBUNMBUTransit (19).wav,other,soundwel
C:\py\pigsound\pig-sound-classification\data\raw\soundwel\NMBUNMBUTransit (190).wav,other,soundwel
C:\py\pigsound\pig-sound-classification\data\raw\soundwel\NMBUNMBUTransit (191).wav,other,soundwel
C:\py\pigsound\pig-sound-classification\data\raw\soundwel\NMBUNMBUTransit (192).wav,other,soundwel
C:\py\pigsound\pig-sound-classification\data\raw\soundwel\NMBUNMBUTransit (193).wav,other,soundwel
C:\py\pigsound\pig-sound-classification\data\raw\soundwel\NMBUNMBUTransit (194).wav,other,soundwel
C:\py\pigsound\pig-sound-classification\data\raw\soundwel\NMBUNMBUTransit (195).wav,other,soundwel
C:\py\pigsound\pig-sound-classification\data\raw\soundwel\NMBUNMBUTransit (196).wav,other,soundwel
C:\py\pigsound\pig-sound-classification\data\raw\soundwel\NMBUNMBUTransit (197).wav,other,soundwel
C:\py\pigsound\pig-sound-classification\data\raw\soundwel\NMBUNMBUTransit (198).wav,other,soundwel
C:\py\pigsound\pig-sound-classification\data\raw\soundwel\NMBUNMBUTransit (199).wav,other,soundwel
C:\py\pigsound\pig-sound-classification\data\raw\soundwel\NMBUNMBUTransit (2).wav,other,soundwel
C:\py\pigsound\pig-sound-classification\data\raw\soundwel\NMBUNMBUTransit (20).wav,other,soundwel
C:\py\pigsound\pig-sound-classification\data\raw\soundwel\NMBUNMBUTransit (200).wav,other,soundwel
C:\py\pigsound\pig-sound-classification\data\raw\soundwel\NMBUNMBUTransit (201).wav,other,soundwel
C:\py\pigsound\pig-sound-classification\data\raw\soundwel\NMBUNMBUTransit (202).wav,other,soundwel
C:\py\pigsound\pig-sound-classification\data\raw\soundwel\NMBUNMBUTransit (203).wav,other,soundwel
C:\py\pigsound\pig-sound-classification\data\raw\soundwel\NMBUNMBUTransit (204).wav,other,soundwel
C:\py\pigsound\pig-sound-classification\data\raw\soundwel\NMBUNMBUTransit (205).wav,other,soundwel
C:\py\pigsound\pig-sound-classification\data\raw\soundwel\NMBUNMBUTransit (206).wav,other,soundwel
C:\py\pigsound\pig-sound-classification\data\raw\soundwel\NMBUNMBUTransit (207).wav,other,soundwel
C:\py\pigsound\pig-sound-classification\data\raw\soundwel\NMBUNMBUTransit (208).wav,other,soundwel
C:\py\pigsound\pig-sound-classification\data\raw\soundwel\NMBUNMBUTransit (209).wav,other,soundwel
C:\py\pigsound\pig-sound-classification\data\raw\soundwel\NMBUNMBUTransit (21).wav,other,soundwel
C:\py\pigsound\pig-sound-classification\data\raw\soundwel\NMBUNMBUTransit (210).wav,other,soundwel
C:\py\pigsound\pig-sound-classification\data\raw\soundwel\NMBUNMBUTransit (211).wav,other,soundwel
C:\py\pigsound\pig-sound-classification\data\raw\soundwel\NMBUNMBUTransit (212).wav,other,soundwel
C:\py\pigsound\pig-sound-classification\data\raw\soundwel\NMBUNMBUTransit (213).wav,other,soundwel
C:\py\pigsound\pig-sound-classification\data\raw\soundwel\NMBUNMBUTransit (214).wav,other,soundwel
C:\py\pigsound\pig-sound-classification\data\raw\soundwel\NMBUNMBUTransit (215).wav,other,soundwel
C:\py\pigsound\pig-sound-classification\data\raw\soundwel\NMBUNMBUTransit (216).wav,other,soundwel
C:\py\pigsound\pig-sound-classification\data\raw\soundwel\NMBUNMBUTransit (217).wav,other,soundwel
C:\py\pigsound\pig-sound-classification\data\raw\soundwel\NMBUNMBUTransit (218).wav,other,soundwel
C:\py\pigsound\pig-sound-classification\data\raw\soundwel\NMBUNMBUTransit (219).wav,other,soundwel
C:\py\pigsound\pig-sound-classification\data\raw\soundwel\NMBUNMBUTransit (22).wav,other,soundwel
C:\py\pigsound\pig-sound-classification\data\raw\soundwel\NMBUNMBUTransit (220).wav,other,soundwel
C:\py\pigsound\pig-sound-classification\data\raw\soundwel\NMBUNMBUTransit (221).wav,other,soundwel
C:\py\pigsound\pig-sound-classification\data\raw\soundwel\NMBUNMBUTransit (222).wav,other,soundwel
C:\py\pigsound\pig-sound-classification\data\raw\soundwel\NMBUNMBUTransit (223).wav,other,soundwel
C:\py\pigsound\pig-sound-classification\data\raw\soundwel\NMBUNMBUTransit (224).wav,other,soundwel
C:\py\pigsound\pig-sound-classification\data\raw\soundwel\NMBUNMBUTransit (225).wav,other,soundwel
C:\py\pigsound\pig-sound-classification\data\raw\soundwel\NMBUNMBUTransit (226).wav,other,soundwel
C:\py\pigsound\pig-sound-classification\data\raw\soundwel\NMBUNMBUTransit (227).wav,other,soundwel
C:\py\pigsound\pig-sound-classification\data\raw\soundwel\NMBUNMBUTransit (228).wav,other,soundwel
C:\py\pigsound\pig-sound-classification\data\raw\soundwel\NMBUNMBUTransit (229).wav,other,soundwel
C:\py\pigsound\pig-sound-classification\data\raw\soundwel\NMBUNMBUTransit (23).wav,other,soundwel
C:\py\pigsound\pig-sound-classification\data\raw\soundwel\NMBUNMBUTransit (230).wav,other,soundwel
C:\py\pigsound\pig-sound-classification\data\raw\soundwel\NMBUNMBUTransit (231).wav,other,soundwel
C:\py\pigsound\pig-sound-classification\data\raw\soundwel\NMBUNMBUTransit (232).wav,other,soundwel
C:\py\pigsound\pig-sound-classification\data\raw\soundwel\NMBUNMBUTransit (233).wav,other,soundwel
C:\py\pigsound\pig-sound-classification\data\raw\soundwel\NMBUNMBUTransit (234).wav,other,soundwel
C:\py\pigsound\pig-sound-classification\data\raw\soundwel\NMBUNMBUTransit (235).wav,other,soundwel
C:\py\pigsound\pig-sound-classification\data\raw\soundwel\NMBUNMBUTransit (236).wav,other,soundwel
C:\py\pigsound\pig-sound-classification\data\raw\soundwel\NMBUNMBUTransit (237).wav,other,soundwel
C:\py\pigsound\pig-sound-classification\data\raw\soundwel\NMBUNMBUTransit (238).wav,other,soundwel
C:\py\pigsound\pig-sound-classification\data\raw\soundwel\NMBUNMBUTransit (239).wav,other,soundwel
C:\py\pigsound\pig-sound-classification\data\raw\soundwel\NMBUNMBUTransit (24).wav,other,soundwel
C:\py\pigsound\pig-sound-classification\data\raw\soundwel\NMBUNMBUTransit (240).wav,other,soundwel
C:\py\pigsound\pig-sound-classification\data\raw\soundwel\NMBUNMBUTransit (241).wav,other,soundwel
C:\py\pigsound\pig-sound-classification\data\raw\soundwel\NMBUNMBUTransit (242).wav,other,soundwel
C:\py\pigsound\pig-sound-classification\data\raw\soundwel\NMBUNMBUTransit (243).wav,other,soundwel
C:\py\pigsound\pig-sound-classification\data\raw\soundwel\NMBUNMBUTransit (244).wav,other,soundwel
C:\py\pigsound\pig-sound-classification\data\raw\soundwel\NMBUNMBUTransit (245).wav,other,soundwel
C:\py\pigsound\pig-sound-classification\data\raw\soundwel\NMBUNMBUTransit (246).wav,other,soundwel
C:\py\pigsound\pig-sound-classification\data\raw\soundwel\NMBUNMBUTransit (247).wav,other,soundwel
C:\py\pigsound\pig-sound-classification\data\raw\soundwel\NMBUNMBUTransit (248).wav,other,soundwel
C:\py\pigsound\pig-sound-classification\data\raw\soundwel\NMBUNMBUTransit (249).wav,other,soundwel
C:\py\pigsound\pig-sound-classification\data\raw\soundwel\NMBUNMBUTransit (25).wav,other,soundwel
C:\py\pigsound\pig-sound-classification\data\raw\soundwel\NMBUNMBUTransit (250).wav,other,soundwel
C:\py\pigsound\pig-sound-classification\data\raw\soundwel\NMBUNMBUTransit (251).wav,other,soundwel
C:\py\pigsound\pig-sound-classification\data\raw\soundwel\NMBUNMBUTransit (252).wav,other,soundwel
C:\py\pigsound\pig-sound-classification\data\raw\soundwel\NMBUNMBUTransit (253).wav,other,soundwel
C:\py\pigsound\pig-sound-classification\data\raw\soundwel\NMBUNMBUTransit (254).wav,other,soundwel
C:\py\pigsound\pig-sound-classification\data\raw\soundwel\NMBUNMBUTransit (255).wav,other,soundwel
C:\py\pigsound\pig-sound-classification\data\raw\soundwel\NMBUNMBUTransit (256).wav,other,soundwel
C:\py\pigsound\pig-sound-classification\data\raw\soundwel\NMBUNMBUTransit (257).wav,other,soundwel
C:\py\pigsound\pig-sound-classification\data\raw\soundwel\NMBUNMBUTransit (258).wav,other,soundwel
C:\py\pigsound\pig-sound-classification\data\raw\soundwel\NMBUNMBUTransit (259).wav,other,soundwel
C:\py\pigsound\pig-sound-classification\data\raw\soundwel\NMBUNMBUTransit (26).wav,other,soundwel
C:\py\pigsound\pig-sound-classification\data\raw\soundwel\NMBUNMBUTransit (260).wav,other,soundwel
C:\py\pigsound\pig-sound-classification\data\raw\soundwel\NMBUNMBUTransit (261).wav,other,soundwel
C:\py\pigsound\pig-sound-classification\data\raw\soundwel\NMBUNMBUTransit (262).wav,other,soundwel
C:\py\pigsound\pig-sound-classification\data\raw\soundwel\NMBUNMBUTransit (263).wav,other,soundwel
C:\py\pigsound\pig-sound-classification\data\raw\soundwel\NMBUNMBUTransit (264).wav,other,soundwel
C:\py\pigsound\pig-sound-classification\data\raw\soundwel\NMBUNMBUTransit (265).wav,other,soundwel
C:\py\pigsound\pig-sound-classification\data\raw\soundwel\NMBUNMBUTransit (266).wav,other,soundwel
C:\py\pigsound\pig-sound-classification\data\raw\soundwel\NMBUNMBUTransit (267).wav,other,soundwel
C:\py\pigsound\pig-sound-classification\data\raw\soundwel\NMBUNMBUTransit (268).wav,other,soundwel
C:\py\pigsound\pig-sound-classification\data\raw\soundwel\NMBUNMBUTransit (269).wav,other,soundwel
C:\py\pigsound\pig-sound-classification\data\raw\soundwel\NMBUNMBUTransit (27).wav,other,soundwel
C:\py\pigsound\pig-sound-classification\data\raw\soundwel\NMBUNMBUTransit (270).wav,other,soundwel
C:\py\pigsound\pig-sound-classification\data\raw\soundwel\NMBUNMBUTransit (271).wav,other,soundwel
C:\py\pigsound\pig-sound-classification\data\raw\soundwel\NMBUNMBUTransit (272).wav,other,soundwel
C:\py\pigsound\pig-sound-classification\data\raw\soundwel\NMBUNMBUTransit (273).wav,other,soundwel
C:\py\pigsound\pig-sound-classification\data\raw\soundwel\NMBUNMBUTransit (274).wav,other,soundwel
C:\py\pigsound\pig-sound-classification\data\raw\soundwel\NMBUNMBUTransit (275).wav,other,soundwel
C:\py\pigsound\pig-sound-classification\data\raw\soundwel\NMBUNMBUTransit (276).wav,other,soundwel
C:\py\pigsound\pig-sound-classification\data\raw\soundwel\NMBUNMBUTransit (277).wav,other,soundwel
C:\py\pigsound\pig-sound-classification\data\raw\soundwel\NMBUNMBUTransit (278).wav,other,soundwel
C:\py\pigsound\pig-sound-classification\data\raw\soundwel\NMBUNMBUTransit (279).wav,other,soundwel
C:\py\pigsound\pig-sound-classification\data\raw\soundwel\NMBUNMBUTransit (28).wav,other,soundwel
C:\py\pigsound\pig-sound-classification\data\raw\soundwel\NMBUNMBUTransit (280).wav,other,soundwel
C:\py\pigsound\pig-sound-classification\data\raw\soundwel\NMBUNMBUTransit (281).wav,other,soundwel
C:\py\pigsound\pig-sound-classification\data\raw\soundwel\NMBUNMBUTransit (282).wav,other,soundwel
C:\py\pigsound\pig-sound-classification\data\raw\soundwel\NMBUNMBUTransit (283).wav,other,soundwel
C:\py\pigsound\pig-sound-classification\data\raw\soundwel\NMBUNMBUTransit (284).wav,other,soundwel
C:\py\pigsound\pig-sound-classification\data\raw\soundwel\NMBUNMBUTransit (285).wav,other,soundwel
C:\py\pigsound\pig-sound-classification\data\raw\soundwel\NMBUNMBUTransit (286).wav,other,soundwel
C:\py\pigsound\pig-sound-classification\data\raw\soundwel\NMBUNMBUTransit (287).wav,other,soundwel
C:\py\pigsound\pig-sound-classification\data\raw\soundwel\NMBUNMBUTransit (288).wav,other,soundwel
C:\py\pigsound\pig-sound-classification\data\raw\soundwel\NMBUNMBUTransit (289).wav,other,soundwel
C:\py\pigsound\pig-sound-classification\data\raw\soundwel\NMBUNMBUTransit (29).wav,other,soundwel
C:\py\pigsound\pig-sound-classification\data\raw\soundwel\NMBUNMBUTransit (290).wav,other,soundwel
C:\py\pigsound\pig-sound-classification\data\raw\soundwel\NMBUNMBUTransit (291).wav,other,soundwel
C:\py\pigsound\pig-sound-classification\data\raw\soundwel\NMBUNMBUTransit (292).wav,other,soundwel
C:\py\pigsound\pig-sound-classification\data\raw\soundwel\NMBUNMBUTransit (293).wav,other,soundwel
C:\py\pigsound\pig-sound-classification\data\raw\soundwel\NMBUNMBUTransit (294).wav,other,soundwel
C:\py\pigsound\pig-sound-classification\data\raw\soundwel\NMBUNMBUTransit (295).wav,other,soundwel
C:\py\pigsound\pig-sound-classification\data\raw\soundwel\NMBUNMBUTransit (296).wav,other,soundwel
C:\py\pigsound\pig-sound-classification\data\raw\soundwel\NMBUNMBUTransit (297).wav,other,soundwel
C:\py\pigsound\pig-sound-classification\data\raw\soundwel\NMBUNMBUTransit (298).wav,other,soundwel
C:\py\pigsound\pig-sound-classification\data\raw\soundwel\NMBUNMBUTransit (299).wav,other,soundwel
C:\py\pigsound\pig-sound-classification\data\raw\soundwel\NMBUNMBUTransit (3).wav,other,soundwel
C:\py\pigsound\pig-sound-classification\data\raw\soundwel\NMBUNMBUTransit (30).wav,other,soundwel
C:\py\pigsound\pig-sound-classification\data\raw\soundwel\NMBUNMBUTransit (300).wav,other,soundwel
C:\py\pigsound\pig-sound-classification\data\raw\soundwel\NMBUNMBUTransit (301).wav,other,soundwel
C:\py\pigsound\pig-sound-classification\data\raw\soundwel\NMBUNMBUTransit (302).wav,other,soundwel
C:\py\pigsound\pig-sound-classification\data\raw\soundwel\NMBUNMBUTransit (303).wav,other,soundwel
C:\py\pigsound\pig-sound-classification\data\raw\soundwel\NMBUNMBUTransit (304).wav,other,soundwel
C:\py\pigsound\pig-sound-classification\data\raw\soundwel\NMBUNMBUTransit (305).wav,other,soundwel
C:\py\pigsound\pig-sound-classification\data\raw\soundwel\NMBUNMBUTransit (306).wav,other,soundwel
C:\py\pigsound\pig-sound-classification\data\raw\soundwel\NMBUNMBUTransit (307).wav,other,soundwel
C:\py\pigsound\pig-sound-classification\data\raw\soundwel\NMBUNMBUTransit (308).wav,other,soundwel
C:\py\pigsound\pig-sound-classification\data\raw\soundwel\NMBUNMBUTransit (309).wav,other,soundwel
C:\py\pigsound\pig-sound-classification\data\raw\soundwel\NMBUNMBUTransit (31).wav,other,soundwel
C:\py\pigsound\pig-sound-classification\data\raw\soundwel\NMBUNMBUTransit (310).wav,other,soundwel
C:\py\pigsound\pig-sound-classification\data\raw\soundwel\NMBUNMBUTransit (311).wav,other,soundwel
C:\py\pigsound\pig-sound-classification\data\raw\soundwel\NMBUNMBUTransit (312).wav,other,soundwel
C:\py\pigsound\pig-sound-classification\data\raw\soundwel\NMBUNMBUTransit (313).wav,other,soundwel
C:\py\pigsound\pig-sound-classification\data\raw\soundwel\NMBUNMBUTransit (314).wav,other,soundwel
C:\py\pigsound\pig-sound-classification\data\raw\soundwel\NMBUNMBUTransit (315).wav,other,soundwel
C:\py\pigsound\pig-sound-classification\data\raw\soundwel\NMBUNMBUTransit (316).wav,other,soundwel
C:\py\pigsound\pig-sound-classification\data\raw\soundwel\NMBUNMBUTransit (317).wav,other,soundwel
C:\py\pigsound\pig-sound-classification\data\raw\soundwel\NMBUNMBUTransit (318).wav,other,soundwel
C:\py\pigsound\pig-sound-classification\data\raw\soundwel\NMBUNMBUTransit (319).wav,other,soundwel
C:\py\pigsound\pig-sound-classification\data\raw\soundwel\NMBUNMBUTransit (32).wav,other,soundwel
C:\py\pigsound\pig-sound-classification\data\raw\soundwel\NMBUNMBUTransit (320).wav,other,soundwel
C:\py\pigsound\pig-sound-classification\data\raw\soundwel\NMBUNMBUTransit (321).wav,other,soundwel
C:\py\pigsound\pig-sound-classification\data\raw\soundwel\NMBUNMBUTransit (322).wav,other,soundwel
C:\py\pigsound\pig-sound-classification\data\raw\soundwel\NMBUNMBUTransit (323).wav,other,soundwel
C:\py\pigsound\pig-sound-classification\data\raw\soundwel\NMBUNMBUTransit (324).wav,other,soundwel
C:\py\pigsound\pig-sound-classification\data\raw\soundwel\NMBUNMBUTransit (325).wav,other,soundwel
C:\py\pigsound\pig-sound-classification\data\raw\soundwel\NMBUNMBUTransit (326).wav,other,soundwel
C:\py\pigsound\pig-sound-classification\data\raw\soundwel\NMBUNMBUTransit (327).wav,other,soundwel
C:\py\pigsound\pig-sound-classification\data\raw\soundwel\NMBUNMBUTransit (328).wav,other,soundwel
C:\py\pigsound\pig-sound-classification\data\raw\soundwel\NMBUNMBUTransit (329).wav,other,soundwel
C:\py\pigsound\pig-sound-classification\data\raw\soundwel\NMBUNMBUTransit (33).wav,other,soundwel
C:\py\pigsound\pig-sound-classification\data\raw\soundwel\NMBUNMBUTransit (330).wav,other,soundwel
C:\py\pigsound\pig-sound-classification\data\raw\soundwel\NMBUNMBUTransit (331).wav,other,soundwel
C:\py\pigsound\pig-sound-classification\data\raw\soundwel\NMBUNMBUTransit (332).wav,other,soundwel
C:\py\pigsound\pig-sound-classification\data\raw\soundwel\NMBUNMBUTransit (333).wav,other,soundwel
C:\py\pigsound\pig-sound-classification\data\raw\soundwel\NMBUNMBUTransit (334).wav,other,soundwel
C:\py\pigsound\pig-sound-classification\data\raw\soundwel\NMBUNMBUTransit (335).wav,other,soundwel
C:\py\pigsound\pig-sound-classification\data\raw\soundwel\NMBUNMBUTransit (336).wav,other,soundwel
C:\py\pigsound\pig-sound-classification\data\raw\soundwel\NMBUNMBUTransit (337).wav,other,soundwel
C:\py\pigsound\pig-sound-classification\data\raw\soundwel\NMBUNMBUTransit (338).wav,other,soundwel
C:\py\pigsound\pig-sound-classification\data\raw\soundwel\NMBUNMBUTransit (339).wav,other,soundwel
C:\py\pigsound\pig-sound-classification\data\raw\soundwel\NMBUNMBUTransit (34).wav,other,soundwel
C:\py\pigsound\pig-sound-classification\data\raw\soundwel\NMBUNMBUTransit (340).wav,other,soundwel
C:\py\pigsound\pig-sound-classification\data\raw\soundwel\NMBUNMBUTransit (341).wav,other,soundwel
C:\py\pigsound\pig-sound-classification\data\raw\soundwel\NMBUNMBUTransit (342).wav,other,soundwel
C:\py\pigsound\pig-sound-classification\data\raw\soundwel\NMBUNMBUTransit (343).wav,other,soundwel
C:\py\pigsound\pig-sound-classification\data\raw\soundwel\NMBUNMBUTransit (344).wav,other,soundwel
C:\py\pigsound\pig-sound-classification\data\raw\soundwel\NMBUNMBUTransit (345).wav,other,soundwel
C:\py\pigsound\pig-sound-classification\data\raw\soundwel\NMBUNMBUTransit (346).wav,other,soundwel
C:\py\pigsound\pig-sound-classification\data\raw\soundwel\NMBUNMBUTransit (347).wav,other,soundwel
C:\py\pigsound\pig-sound-classification\data\raw\soundwel\NMBUNMBUTransit (348).wav,other,soundwel
C:\py\pigsound\pig-sound-classification\data\raw\soundwel\NMBUNMBUTransit (349).wav,other,soundwel
C:\py\pigsound\pig-sound-classification\data\raw\soundwel\NMBUNMBUTransit (35).wav,other,soundwel
C:\py\pigsound\pig-sound-classification\data\raw\soundwel\NMBUNMBUTransit (350).wav,other,soundwel
C:\py\pigsound\pig-sound-classification\data\raw\soundwel\NMBUNMBUTransit (351).wav,other,soundwel
C:\py\pigsound\pig-sound-classification\data\raw\soundwel\NMBUNMBUTransit (352).wav,other,soundwel
C:\py\pigsound\pig-sound-classification\data\raw\soundwel\NMBUNMBUTransit (353).wav,other,soundwel
C:\py\pigsound\pig-sound-classification\data\raw\soundwel\NMBUNMBUTransit (354).wav,other,soundwel
C:\py\pigsound\pig-sound-classification\data\raw\soundwel\NMBUNMBUTransit (355).wav,other,soundwel
C:\py\pigsound\pig-sound-classification\data\raw\soundwel\NMBUNMBUTransit (356).wav,other,soundwel
C:\py\pigsound\pig-sound-classification\data\raw\soundwel\NMBUNMBUTransit (357).wav,other,soundwel
C:\py\pigsound\pig-sound-classification\data\raw\soundwel\NMBUNMBUTransit (358).wav,other,soundwel
C:\py\pigsound\pig-sound-classification\data\raw\soundwel\NMBUNMBUTransit (359).wav,other,soundwel
C:\py\pigsound\pig-sound-classification\data\raw\soundwel\NMBUNMBUTransit (36).wav,other,soundwel
C:\py\pigsound\pig-sound-classification\data\raw\soundwel\NMBUNMBUTransit (360).wav,other,soundwel
C:\py\pigsound\pig-sound-classification\data\raw\soundwel\NMBUNMBUTransit (361).wav,other,soundwel
C:\py\pigsound\pig-sound-classification\data\raw\soundwel\NMBUNMBUTransit (362).wav,other,soundwel
C:\py\pigsound\pig-sound-classification\data\raw\soundwel\NMBUNMBUTransit (363).wav,other,soundwel
C:\py\pigsound\pig-sound-classification\data\raw\soundwel\NMBUNMBUTransit (364).wav,other,soundwel
C:\py\pigsound\pig-sound-classification\data\raw\soundwel\NMBUNMBUTransit (365).wav,other,soundwel
C:\py\pigsound\pig-sound-classification\data\raw\soundwel\NMBUNMBUTransit (366).wav,other,soundwel
C:\py\pigsound\pig-sound-classification\data\raw\soundwel\NMBUNMBUTransit (367).wav,other,soundwel
C:\py\pigsound\pig-sound-classification\data\raw\soundwel\NMBUNMBUTransit (368).wav,other,soundwel
C:\py\pigsound\pig-sound-classification\data\raw\soundwel\NMBUNMBUTransit (369).wav,other,soundwel
C:\py\pigsound\pig-sound-classification\data\raw\soundwel\NMBUNMBUTransit (37).wav,other,soundwel
C:\py\pigsound\pig-sound-classification\data\raw\soundwel\NMBUNMBUTransit (370).wav,other,soundwel
C:\py\pigsound\pig-sound-classification\data\raw\soundwel\NMBUNMBUTransit (371).wav,other,soundwel
C:\py\pigsound\pig-sound-classification\data\raw\soundwel\NMBUNMBUTransit (372).wav,other,soundwel
C:\py\pigsound\pig-sound-classification\data\raw\soundwel\NMBUNMBUTransit (373).wav,other,soundwel
C:\py\pigsound\pig-sound-classification\data\raw\soundwel\NMBUNMBUTransit (374).wav,other,soundwel
C:\py\pigsound\pig-sound-classification\data\raw\soundwel\NMBUNMBUTransit (375).wav,other,soundwel
C:\py\pigsound\pig-sound-classification\data\raw\soundwel\NMBUNMBUTransit (376).wav,other,soundwel
C:\py\pigsound\pig-sound-classification\data\raw\soundwel\NMBUNMBUTransit (377).wav,other,soundwel
C:\py\pigsound\pig-sound-classification\data\raw\soundwel\NMBUNMBUTransit (378).wav,other,soundwel
C:\py\pigsound\pig-sound-classification\data\raw\soundwel\NMBUNMBUTransit (379).wav,other,soundwel
C:\py\pigsound\pig-sound-classification\data\raw\soundwel\NMBUNMBUTransit (38).wav,other,soundwel
C:\py\pigsound\pig-sound-classification\data\raw\soundwel\NMBUNMBUTransit (380).wav,other,soundwel
C:\py\pigsound\pig-sound-classification\data\raw\soundwel\NMBUNMBUTransit (381).wav,other,soundwel
C:\py\pigsound\pig-sound-classification\data\raw\soundwel\NMBUNMBUTransit (382).wav,other,soundwel
C:\py\pigsound\pig-sound-classification\data\raw\soundwel\NMBUNMBUTransit (383).wav,other,soundwel
C:\py\pigsound\pig-sound-classification\data\raw\soundwel\NMBUNMBUTransit (384).wav,other,soundwel
C:\py\pigsound\pig-sound-classification\data\raw\soundwel\NMBUNMBUTransit (385).wav,other,soundwel
C:\py\pigsound\pig-sound-classification\data\raw\soundwel\NMBUNMBUTransit (386).wav,other,soundwel
C:\py\pigsound\pig-sound-classification\data\raw\soundwel\NMBUNMBUTransit (387).wav,other,soundwel
C:\py\pigsound\pig-sound-classification\data\raw\soundwel\NMBUNMBUTransit (388).wav,other,soundwel
C:\py\pigsound\pig-sound-classification\data\raw\soundwel\NMBUNMBUTransit (389).wav,other,soundwel
C:\py\pigsound\pig-sound-classification\data\raw\soundwel\NMBUNMBUTransit (39).wav,other,soundwel
C:\py\pigsound\pig-sound-classification\data\raw\soundwel\NMBUNMBUTransit (390).wav,other,soundwel
C:\py\pigsound\pig-sound-classification\data\raw\soundwel\NMBUNMBUTransit (391).wav,other,soundwel
C:\py\pigsound\pig-sound-classification\data\raw\soundwel\NMBUNMBUTransit (392).wav,other,soundwel
C:\py\pigsound\pig-sound-classification\data\raw\soundwel\NMBUNMBUTransit (393).wav,other,soundwel
C:\py\pigsound\pig-sound-classification\data\raw\soundwel\NMBUNMBUTransit (394).wav,other,soundwel
C:\py\pigsound\pig-sound-classification\data\raw\soundwel\NMBUNMBUTransit (395).wav,other,soundwel
C:\py\pigsound\pig-sound-classification\data\raw\soundwel\NMBUNMBUTransit (396).wav,other,soundwel
C:\py\pigsound\pig-sound-classification\data\raw\soundwel\NMBUNMBUTransit (397).wav,other,soundwel
C:\py\pigsound\pig-sound-classification\data\raw\soundwel\NMBUNMBUTransit (398).wav,other,soundwel
C:\py\pigsound\pig-sound-classification\data\raw\soundwel\NMBUNMBUTransit (399).wav,other,soundwel
C:\py\pigsound\pig-sound-classification\data\raw\soundwel\NMBUNMBUTransit (4).wav,other,soundwel
C:\py\pigsound\pig-sound-classification\data\raw\soundwel\NMBUNMBUTransit (40).wav,other,soundwel
C:\py\pigsound\pig-sound-classification\data\raw\soundwel\NMBUNMBUTransit (400).wav,other,soundwel
C:\py\pigsound\pig-sound-classification\data\raw\soundwel\NMBUNMBUTransit (401).wav,other,soundwel
C:\py\pigsound\pig-sound-classification\data\raw\soundwel\NMBUNMBUTransit (402).wav,other,soundwel
C:\py\pigsound\pig-sound-classification\data\raw\soundwel\NMBUNMBUTransit (403).wav,other,soundwel
C:\py\pigsound\pig-sound-classification\data\raw\soundwel\NMBUNMBUTransit (404).wav,other,soundwel
C:\py\pigsound\pig-sound-classification\data\raw\soundwel\NMBUNMBUTransit (405).wav,other,soundwel
C:\py\pigsound\pig-sound-classification\data\raw\soundwel\NMBUNMBUTransit (406).wav,other,soundwel
C:\py\pigsound\pig-sound-classification\data\raw\soundwel\NMBUNMBUTransit (407).wav,other,soundwel
C:\py\pigsound\pig-sound-classification\data\raw\soundwel\NMBUNMBUTransit (408).wav,other,soundwel
C:\py\pigsound\pig-sound-classification\data\raw\soundwel\NMBUNMBUTransit (409).wav,other,soundwel
C:\py\pigsound\pig-sound-classification\data\raw\soundwel\NMBUNMBUTransit (41).wav,other,soundwel
C:\py\pigsound\pig-sound-classification\data\raw\soundwel\NMBUNMBUTransit (410).wav,other,soundwel
C:\py\pigsound\pig-sound-classification\data\raw\soundwel\NMBUNMBUTransit (411).wav,other,soundwel
C:\py\pigsound\pig-sound-classification\data\raw\soundwel\NMBUNMBUTransit (412).wav,other,soundwel
C:\py\pigsound\pig-sound-classification\data\raw\soundwel\NMBUNMBUTransit (413).wav,other,soundwel
C:\py\pigsound\pig-sound-classification\data\raw\soundwel\NMBUNMBUTransit (414).wav,other,soundwel
C:\py\pigsound\pig-sound-classification\data\raw\soundwel\NMBUNMBUTransit (415).wav,other,soundwel
C:\py\pigsound\pig-sound-classification\data\raw\soundwel\NMBUNMBUTransit (416).wav,other,soundwel
C:\py\pigsound\pig-sound-classification\data\raw\soundwel\NMBUNMBUTransit (417).wav,other,soundwel
C:\py\pigsound\pig-sound-classification\data\raw\soundwel\NMBUNMBUTransit (418).wav,other,soundwel
C:\py\pigsound\pig-sound-classification\data\raw\soundwel\NMBUNMBUTransit (419).wav,other,soundwel
C:\py\pigsound\pig-sound-classification\data\raw\soundwel\NMBUNMBUTransit (42).wav,other,soundwel
C:\py\pigsound\pig-sound-classification\data\raw\soundwel\NMBUNMBUTransit (420).wav,other,soundwel
C:\py\pigsound\pig-sound-classification\data\raw\soundwel\NMBUNMBUTransit (421).wav,other,soundwel
C:\py\pigsound\pig-sound-classification\data\raw\soundwel\NMBUNMBUTransit (422).wav,other,soundwel
C:\py\pigsound\pig-sound-classification\data\raw\soundwel\NMBUNMBUTransit (423).wav,other,soundwel
C:\py\pigsound\pig-sound-classification\data\raw\soundwel\NMBUNMBUTransit (424).wav,other,soundwel
C:\py\pigsound\pig-sound-classification\data\raw\soundwel\NMBUNMBUTransit (425).wav,other,soundwel
C:\py\pigsound\pig-sound-classification\data\raw\soundwel\NMBUNMBUTransit (426).wav,other,soundwel
C:\py\pigsound\pig-sound-classification\data\raw\soundwel\NMBUNMBUTransit (427).wav,other,soundwel
C:\py\pigsound\pig-sound-classification\data\raw\soundwel\NMBUNMBUTransit (428).wav,other,soundwel
C:\py\pigsound\pig-sound-classification\data\raw\soundwel\NMBUNMBUTransit (429).wav,other,soundwel
C:\py\pigsound\pig-sound-classification\data\raw\soundwel\NMBUNMBUTransit (43).wav,other,soundwel
C:\py\pigsound\pig-sound-classification\data\raw\soundwel\NMBUNMBUTransit (430).wav,other,soundwel
C:\py\pigsound\pig-sound-classification\data\raw\soundwel\NMBUNMBUTransit (431).wav,other,soundwel
C:\py\pigsound\pig-sound-classification\data\raw\soundwel\NMBUNMBUTransit (432).wav,other,soundwel
C:\py\pigsound\pig-sound-classification\data\raw\soundwel\NMBUNMBUTransit (433).wav,other,soundwel
C:\py\pigsound\pig-sound-classification\data\raw\soundwel\NMBUNMBUTransit (434).wav,other,soundwel
C:\py\pigsound\pig-sound-classification\data\raw\soundwel\NMBUNMBUTransit (435).wav,other,soundwel
C:\py\pigsound\pig-sound-classification\data\raw\soundwel\NMBUNMBUTransit (436).wav,other,soundwel
C:\py\pigsound\pig-sound-classification\data\raw\soundwel\NMBUNMBUTransit (437).wav,other,soundwel
C:\py\pigsound\pig-sound-classification\data\raw\soundwel\NMBUNMBUTransit (438).wav,other,soundwel
C:\py\pigsound\pig-sound-classification\data\raw\soundwel\NMBUNMBUTransit (439).wav,other,soundwel
C:\py\pigsound\pig-sound-classification\data\raw\soundwel\NMBUNMBUTransit (44).wav,other,soundwel
C:\py\pigsound\pig-sound-classification\data\raw\soundwel\NMBUNMBUTransit (440).wav,other,soundwel
C:\py\pigsound\pig-sound-classification\data\raw\soundwel\NMBUNMBUTransit (441).wav,other,soundwel
C:\py\pigsound\pig-sound-classification\data\raw\soundwel\NMBUNMBUTransit (442).wav,other,soundwel
C:\py\pigsound\pig-sound-classification\data\raw\soundwel\NMBUNMBUTransit (443).wav,other,soundwel
C:\py\pigsound\pig-sound-classification\data\raw\soundwel\NMBUNMBUTransit (444).wav,other,soundwel
C:\py\pigsound\pig-sound-classification\data\raw\soundwel\NMBUNMBUTransit (445).wav,other,soundwel
C:\py\pigsound\pig-sound-classification\data\raw\soundwel\NMBUNMBUTransit (446).wav,other,soundwel
C:\py\pigsound\pig-sound-classification\data\raw\soundwel\NMBUNMBUTransit (447).wav,other,soundwel
C:\py\pigsound\pig-sound-classification\data\raw\soundwel\NMBUNMBUTransit (448).wav,other,soundwel
C:\py\pigsound\pig-sound-classification\data\raw\soundwel\NMBUNMBUTransit (449).wav,other,soundwel
C:\py\pigsound\pig-sound-classification\data\raw\soundwel\NMBUNMBUTransit (45).wav,other,soundwel
C:\py\pigsound\pig-sound-classification\data\raw\soundwel\NMBUNMBUTransit (450).wav,other,soundwel
C:\py\pigsound\pig-sound-classification\data\raw\soundwel\NMBUNMBUTransit (451).wav,other,soundwel
C:\py\pigsound\pig-sound-classification\data\raw\soundwel\NMBUNMBUTransit (452).wav,other,soundwel
C:\py\pigsound\pig-sound-classification\data\raw\soundwel\NMBUNMBUTransit (453).wav,other,soundwel
C:\py\pigsound\pig-sound-classification\data\raw\soundwel\NMBUNMBUTransit (454).wav,other,soundwel
C:\py\pigsound\pig-sound-classification\data\raw\soundwel\NMBUNMBUTransit (455).wav,other,soundwel
C:\py\pigsound\pig-sound-classification\data\raw\soundwel\NMBUNMBUTransit (456).wav,other,soundwel
C:\py\pigsound\pig-sound-classification\data\raw\soundwel\NMBUNMBUTransit (457).wav,other,soundwel
C:\py\pigsound\pig-sound-classification\data\raw\soundwel\NMBUNMBUTransit (458).wav,other,soundwel
C:\py\pigsound\pig-sound-classification\data\raw\soundwel\NMBUNMBUTransit (459).wav,other,soundwel
C:\py\pigsound\pig-sound-classification\data\raw\soundwel\NMBUNMBUTransit (46).wav,other,soundwel
C:\py\pigsound\pig-sound-classification\data\raw\soundwel\NMBUNMBUTransit (460).wav,other,soundwel
C:\py\pigsound\pig-sound-classification\data\raw\soundwel\NMBUNMBUTransit (461).wav,other,soundwel
C:\py\pigsound\pig-sound-classification\data\raw\soundwel\NMBUNMBUTransit (462).wav,other,soundwel
C:\py\pigsound\pig-sound-classification\data\raw\soundwel\NMBUNMBUTransit (463).wav,other,soundwel
C:\py\pigsound\pig-sound-classification\data\raw\soundwel\NMBUNMBUTransit (464).wav,other,soundwel
C:\py\pigsound\pig-sound-classification\data\raw\soundwel\NMBUNMBUTransit (465).wav,other,soundwel
C:\py\pigsound\pig-sound-classification\data\raw\soundwel\NMBUNMBUTransit (466).wav,other,soundwel
C:\py\pigsound\pig-sound-classification\data\raw\soundwel\NMBUNMBUTransit (467).wav,other,soundwel
C:\py\pigsound\pig-sound-classification\data\raw\soundwel\NMBUNMBUTransit (468).wav,other,soundwel
C:\py\pigsound\pig-sound-classification\data\raw\soundwel\NMBUNMBUTransit (469).wav,other,soundwel
C:\py\pigsound\pig-sound-classification\data\raw\soundwel\NMBUNMBUTransit (47).wav,other,soundwel
C:\py\pigsound\pig-sound-classification\data\raw\soundwel\NMBUNMBUTransit (470).wav,other,soundwel
C:\py\pigsound\pig-sound-classification\data\raw\soundwel\NMBUNMBUTransit (471).wav,other,soundwel
C:\py\pigsound\pig-sound-classification\data\raw\soundwel\NMBUNMBUTransit (472).wav,other,soundwel
C:\py\pigsound\pig-sound-classification\data\raw\soundwel\NMBUNMBUTransit (473).wav,other,soundwel
C:\py\pigsound\pig-sound-classification\data\raw\soundwel\NMBUNMBUTransit (474).wav,other,soundwel
C:\py\pigsound\pig-sound-classification\data\raw\soundwel\NMBUNMBUTransit (475).wav,other,soundwel
C:\py\pigsound\pig-sound-classification\data\raw\soundwel\NMBUNMBUTransit (476).wav,other,soundwel
C:\py\pigsound\pig-sound-classification\data\raw\soundwel\NMBUNMBUTransit (477).wav,other,soundwel
C:\py\pigsound\pig-sound-classification\data\raw\soundwel\NMBUNMBUTransit (478).wav,other,soundwel
C:\py\pigsound\pig-sound-classification\data\raw\soundwel\NMBUNMBUTransit (479).wav,other,soundwel
C:\py\pigsound\pig-sound-classification\data\raw\soundwel\NMBUNMBUTransit (48).wav,other,soundwel
C:\py\pigsound\pig-sound-classification\data\raw\soundwel\NMBUNMBUTransit (480).wav,other,soundwel
C:\py\pigsound\pig-sound-classification\data\raw\soundwel\NMBUNMBUTransit (481).wav,other,soundwel
C:\py\pigsound\pig-sound-classification\data\raw\soundwel\NMBUNMBUTransit (482).wav,other,soundwel
C:\py\pigsound\pig-sound-classification\data\raw\soundwel\NMBUNMBUTransit (483).wav,other,soundwel
C:\py\pigsound\pig-sound-classification\data\raw\soundwel\NMBUNMBUTransit (484).wav,other,soundwel
C:\py\pigsound\pig-sound-classification\data\raw\soundwel\NMBUNMBUTransit (485).wav,other,soundwel
C:\py\pigsound\pig-sound-classification\data\raw\soundwel\NMBUNMBUTransit (486).wav,other,soundwel
C:\py\pigsound\pig-sound-classification\data\raw\soundwel\NMBUNMBUTransit (487).wav,other,soundwel
C:\py\pigsound\pig-sound-classification\data\raw\soundwel\NMBUNMBUTransit (488).wav,other,soundwel
C:\py\pigsound\pig-sound-classification\data\raw\soundwel\NMBUNMBUTransit (489).wav,other,soundwel
C:\py\pigsound\pig-sound-classification\data\raw\soundwel\NMBUNMBUTransit (49).wav,other,soundwel
C:\py\pigsound\pig-sound-classification\data\raw\soundwel\NMBUNMBUTransit (490).wav,other,soundwel
C:\py\pigsound\pig-sound-classification\data\raw\soundwel\NMBUNMBUTransit (491).wav,other,soundwel
C:\py\pigsound\pig-sound-classification\data\raw\soundwel\NMBUNMBUTransit (492).wav,other,soundwel
C:\py\pigsound\pig-sound-classification\data\raw\soundwel\NMBUNMBUTransit (493).wav,other,soundwel
C:\py\pigsound\pig-sound-classification\data\raw\soundwel\NMBUNMBUTransit (494).wav,other,soundwel
C:\py\pigsound\pig-sound-classification\data\raw\soundwel\NMBUNMBUTransit (495).wav,other,soundwel
C:\py\pigsound\pig-sound-classification\data\raw\soundwel\NMBUNMBUTransit (496).wav,other,soundwel
C:\py\pigsound\pig-sound-classification\data\raw\soundwel\NMBUNMBUTransit (497).wav,other,soundwel
C:\py\pigsound\pig-sound-classification\data\raw\soundwel\NMBUNMBUTransit (498).wav,other,soundwel
C:\py\pigsound\pig-sound-classification\data\raw\soundwel\NMBUNMBUTransit (499).wav,other,soundwel
C:\py\pigsound\pig-sound-classification\data\raw\soundwel\NMBUNMBUTransit (5).wav,other,soundwel
C:\py\pigsound\pig-sound-classification\data\raw\soundwel\NMBUNMBUTransit (50).wav,other,soundwel
C:\py\pigsound\pig-sound-classification\data\raw\soundwel\NMBUNMBUTransit (500).wav,other,soundwel
C:\py\pigsound\pig-sound-classification\data\raw\soundwel\NMBUNMBUTransit (501).wav,other,soundwel
C:\py\pigsound\pig-sound-classification\data\raw\soundwel\NMBUNMBUTransit (502).wav,other,soundwel
C:\py\pigsound\pig-sound-classification\data\raw\soundwel\NMBUNMBUTransit (503).wav,other,soundwel
C:\py\pigsound\pig-sound-classification\data\raw\soundwel\NMBUNMBUTransit (504).wav,other,soundwel
C:\py\pigsound\pig-sound-classification\data\raw\soundwel\NMBUNMBUTransit (505).wav,other,soundwel
C:\py\pigsound\pig-sound-classification\data\raw\soundwel\NMBUNMBUTransit (506).wav,other,soundwel
C:\py\pigsound\pig-sound-classification\data\raw\soundwel\NMBUNMBUTransit (507).wav,other,soundwel
C:\py\pigsound\pig-sound-classification\data\raw\soundwel\NMBUNMBUTransit (508).wav,other,soundwel
C:\py\pigsound\pig-sound-classification\data\raw\soundwel\NMBUNMBUTransit (509).wav,other,soundwel
C:\py\pigsound\pig-sound-classification\data\raw\soundwel\NMBUNMBUTransit (51).wav,other,soundwel
C:\py\pigsound\pig-sound-classification\data\raw\soundwel\NMBUNMBUTransit (510).wav,other,soundwel
C:\py\pigsound\pig-sound-classification\data\raw\soundwel\NMBUNMBUTransit (511).wav,other,soundwel
C:\py\pigsound\pig-sound-classification\data\raw\soundwel\NMBUNMBUTransit (512).wav,other,soundwel
C:\py\pigsound\pig-sound-classification\data\raw\soundwel\NMBUNMBUTransit (513).wav,other,soundwel
C:\py\pigsound\pig-sound-classification\data\raw\soundwel\NMBUNMBUTransit (514).wav,other,soundwel
C:\py\pigsound\pig-sound-classification\data\raw\soundwel\NMBUNMBUTransit (515).wav,other,soundwel
C:\py\pigsound\pig-sound-classification\data\raw\soundwel\NMBUNMBUTransit (516).wav,other,soundwel
C:\py\pigsound\pig-sound-classification\data\raw\soundwel\NMBUNMBUTransit (517).wav,other,soundwel
C:\py\pigsound\pig-sound-classification\data\raw\soundwel\NMBUNMBUTransit (518).wav,other,soundwel
C:\py\pigsound\pig-sound-classification\data\raw\soundwel\NMBUNMBUTransit (519).wav,other,soundwel
C:\py\pigsound\pig-sound-classification\data\raw\soundwel\NMBUNMBUTransit (52).wav,other,soundwel
C:\py\pigsound\pig-sound-classification\data\raw\soundwel\NMBUNMBUTransit (520).wav,other,soundwel
C:\py\pigsound\pig-sound-classification\data\raw\soundwel\NMBUNMBUTransit (521).wav,other,soundwel
C:\py\pigsound\pig-sound-classification\data\raw\soundwel\NMBUNMBUTransit (522).wav,other,soundwel
C:\py\pigsound\pig-sound-classification\data\raw\soundwel\NMBUNMBUTransit (523).wav,other,soundwel
C:\py\pigsound\pig-sound-classification\data\raw\soundwel\NMBUNMBUTransit (524).wav,other,soundwel
C:\py\pigsound\pig-sound-classification\data\raw\soundwel\NMBUNMBUTransit (525).wav,other,soundwel
C:\py\pigsound\pig-sound-classification\data\raw\soundwel\NMBUNMBUTransit (526).wav,other,soundwel
C:\py\pigsound\pig-sound-classification\data\raw\soundwel\NMBUNMBUTransit (527).wav,other,soundwel
C:\py\pigsound\pig-sound-classification\data\raw\soundwel\NMBUNMBUTransit (528).wav,other,soundwel
C:\py\pigsound\pig-sound-classification\data\raw\soundwel\NMBUNMBUTransit (529).wav,other,soundwel
C:\py\pigsound\pig-sound-classification\data\raw\soundwel\NMBUNMBUTransit (53).wav,other,soundwel
C:\py\pigsound\pig-sound-classification\data\raw\soundwel\NMBUNMBUTransit (530).wav,other,soundwel
C:\py\pigsound\pig-sound-classification\data\raw\soundwel\NMBUNMBUTransit (531).wav,other,soundwel
C:\py\pigsound\pig-sound-classification\data\raw\soundwel\NMBUNMBUTransit (532).wav,other,soundwel
C:\py\pigsound\pig-sound-classification\data\raw\soundwel\NMBUNMBUTransit (533).wav,other,soundwel
C:\py\pigsound\pig-sound-classification\data\raw\soundwel\NMBUNMBUTransit (534).wav,other,soundwel
C:\py\pigsound\pig-sound-classification\data\raw\soundwel\NMBUNMBUTransit (535).wav,other,soundwel
C:\py\pigsound\pig-sound-classification\data\raw\soundwel\NMBUNMBUTransit (536).wav,other,soundwel
C:\py\pigsound\pig-sound-classification\data\raw\soundwel\NMBUNMBUTransit (537).wav,other,soundwel
C:\py\pigsound\pig-sound-classification\data\raw\soundwel\NMBUNMBUTransit (538).wav,other,soundwel
C:\py\pigsound\pig-sound-classification\data\raw\soundwel\NMBUNMBUTransit (539).wav,other,soundwel
C:\py\pigsound\pig-sound-classification\data\raw\soundwel\NMBUNMBUTransit (54).wav,other,soundwel
C:\py\pigsound\pig-sound-classification\data\raw\soundwel\NMBUNMBUTransit (540).wav,other,soundwel
C:\py\pigsound\pig-sound-classification\data\raw\soundwel\NMBUNMBUTransit (541).wav,other,soundwel
C:\py\pigsound\pig-sound-classification\data\raw\soundwel\NMBUNMBUTransit (542).wav,other,soundwel
C:\py\pigsound\pig-sound-classification\data\raw\soundwel\NMBUNMBUTransit (543).wav,other,soundwel
C:\py\pigsound\pig-sound-classification\data\raw\soundwel\NMBUNMBUTransit (544).wav,other,soundwel
C:\py\pigsound\pig-sound-classification\data\raw\soundwel\NMBUNMBUTransit (545).wav,other,soundwel
C:\py\pigsound\pig-sound-classification\data\raw\soundwel\NMBUNMBUTransit (546).wav,other,soundwel
C:\py\pigsound\pig-sound-classification\data\raw\soundwel\NMBUNMBUTransit (547).wav,other,soundwel
C:\py\pigsound\pig-sound-classification\data\raw\soundwel\NMBUNMBUTransit (548).wav,other,soundwel
C:\py\pigsound\pig-sound-classification\data\raw\soundwel\NMBUNMBUTransit (549).wav,other,soundwel
C:\py\pigsound\pig-sound-classification\data\raw\soundwel\NMBUNMBUTransit (55).wav,other,soundwel
C:\py\pigsound\pig-sound-classification\data\raw\soundwel\NMBUNMBUTransit (550).wav,other,soundwel
C:\py\pigsound\pig-sound-classification\data\raw\soundwel\NMBUNMBUTransit (551).wav,other,soundwel
C:\py\pigsound\pig-sound-classification\data\raw\soundwel\NMBUNMBUTransit (552).wav,other,soundwel
C:\py\pigsound\pig-sound-classification\data\raw\soundwel\NMBUNMBUTransit (553).wav,other,soundwel
C:\py\pigsound\pig-sound-classification\data\raw\soundwel\NMBUNMBUTransit (554).wav,other,soundwel
C:\py\pigsound\pig-sound-classification\data\raw\soundwel\NMBUNMBUTransit (555).wav,other,soundwel
C:\py\pigsound\pig-sound-classification\data\raw\soundwel\NMBUNMBUTransit (556).wav,other,soundwel
C:\py\pigsound\pig-sound-classification\data\raw\soundwel\NMBUNMBUTransit (557).wav,other,soundwel
C:\py\pigsound\pig-sound-classification\data\raw\soundwel\NMBUNMBUTransit (558).wav,other,soundwel
C:\py\pigsound\pig-sound-classification\data\raw\soundwel\NMBUNMBUTransit (559).wav,other,soundwel
C:\py\pigsound\pig-sound-classification\data\raw\soundwel\NMBUNMBUTransit (56).wav,other,soundwel
C:\py\pigsound\pig-sound-classification\data\raw\soundwel\NMBUNMBUTransit (560).wav,other,soundwel
C:\py\pigsound\pig-sound-classification\data\raw\soundwel\NMBUNMBUTransit (561).wav,other,soundwel
C:\py\pigsound\pig-sound-classification\data\raw\soundwel\NMBUNMBUTransit (562).wav,other,soundwel
C:\py\pigsound\pig-sound-classification\data\raw\soundwel\NMBUNMBUTransit (563).wav,other,soundwel
C:\py\pigsound\pig-sound-classification\data\raw\soundwel\NMBUNMBUTransit (564).wav,other,soundwel
C:\py\pigsound\pig-sound-classification\data\raw\soundwel\NMBUNMBUTransit (565).wav,other,soundwel
C:\py\pigsound\pig-sound-classification\data\raw\soundwel\NMBUNMBUTransit (566).wav,other,soundwel
C:\py\pigsound\pig-sound-classification\data\raw\soundwel\NMBUNMBUTransit (567).wav,other,soundwel
C:\py\pigsound\pig-sound-classification\data\raw\soundwel\NMBUNMBUTransit (568).wav,other,soundwel
C:\py\pigsound\pig-sound-classification\data\raw\soundwel\NMBUNMBUTransit (569).wav,other,soundwel
C:\py\pigsound\pig-sound-classification\data\raw\soundwel\NMBUNMBUTransit (57).wav,other,soundwel
C:\py\pigsound\pig-sound-classification\data\raw\soundwel\NMBUNMBUTransit (570).wav,other,soundwel
C:\py\pigsound\pig-sound-classification\data\raw\soundwel\NMBUNMBUTransit (571).wav,other,soundwel
C:\py\pigsound\pig-sound-classification\data\raw\soundwel\NMBUNMBUTransit (572).wav,other,soundwel
C:\py\pigsound\pig-sound-classification\data\raw\soundwel\NMBUNMBUTransit (573).wav,other,soundwel
C:\py\pigsound\pig-sound-classification\data\raw\soundwel\NMBUNMBUTransit (574).wav,other,soundwel
C:\py\pigsound\pig-sound-classification\data\raw\soundwel\NMBUNMBUTransit (575).wav,other,soundwel
C:\py\pigsound\pig-sound-classification\data\raw\soundwel\NMBUNMBUTransit (576).wav,other,soundwel
C:\py\pigsound\pig-sound-classification\data\raw\soundwel\NMBUNMBUTransit (577).wav,other,soundwel
C:\py\pigsound\pig-sound-classification\data\raw\soundwel\NMBUNMBUTransit (578).wav,other,soundwel
C:\py\pigsound\pig-sound-classification\data\raw\soundwel\NMBUNMBUTransit (579).wav,other,soundwel
C:\py\pigsound\pig-sound-classification\data\raw\soundwel\NMBUNMBUTransit (58).wav,other,soundwel
C:\py\pigsound\pig-sound-classification\data\raw\soundwel\NMBUNMBUTransit (580).wav,other,soundwel
C:\py\pigsound\pig-sound-classification\data\raw\soundwel\NMBUNMBUTransit (581).wav,other,soundwel
C:\py\pigsound\pig-sound-classification\data\raw\soundwel\NMBUNMBUTransit (582).wav,other,soundwel
C:\py\pigsound\pig-sound-classification\data\raw\soundwel\NMBUNMBUTransit (583).wav,other,soundwel
C:\py\pigsound\pig-sound-classification\data\raw\soundwel\NMBUNMBUTransit (584).wav,other,soundwel
C:\py\pigsound\pig-sound-classification\data\raw\soundwel\NMBUNMBUTransit (585).wav,other,soundwel
C:\py\pigsound\pig-sound-classification\data\raw\soundwel\NMBUNMBUTransit (586).wav,other,soundwel
C:\py\pigsound\pig-sound-classification\data\raw\soundwel\NMBUNMBUTransit (587).wav,other,soundwel
C:\py\pigsound\pig-sound-classification\data\raw\soundwel\NMBUNMBUTransit (588).wav,other,soundwel
C:\py\pigsound\pig-sound-classification\data\raw\soundwel\NMBUNMBUTransit (589).wav,other,soundwel
C:\py\pigsound\pig-sound-classification\data\raw\soundwel\NMBUNMBUTransit (59).wav,other,soundwel
C:\py\pigsound\pig-sound-classification\data\raw\soundwel\NMBUNMBUTransit (590).wav,other,soundwel
C:\py\pigsound\pig-sound-classification\data\raw\soundwel\NMBUNMBUTransit (591).wav,other,soundwel
C:\py\pigsound\pig-sound-classification\data\raw\soundwel\NMBUNMBUTransit (592).wav,other,soundwel
C:\py\pigsound\pig-sound-classification\data\raw\soundwel\NMBUNMBUTransit (593).wav,other,soundwel
C:\py\pigsound\pig-sound-classification\data\raw\soundwel\NMBUNMBUTransit (594).wav,other,soundwel
C:\py\pigsound\pig-sound-classification\data\raw\soundwel\NMBUNMBUTransit (595).wav,other,soundwel
C:\py\pigsound\pig-sound-classification\data\raw\soundwel\NMBUNMBUTransit (596).wav,other,soundwel
C:\py\pigsound\pig-sound-classification\data\raw\soundwel\NMBUNMBUTransit (597).wav,other,soundwel
C:\py\pigsound\pig-sound-classification\data\raw\soundwel\NMBUNMBUTransit (598).wav,other,soundwel
C:\py\pigsound\pig-sound-classification\data\raw\soundwel\NMBUNMBUTransit (599).wav,other,soundwel
C:\py\pigsound\pig-sound-classification\data\raw\soundwel\NMBUNMBUTransit (6).wav,other,soundwel
C:\py\pigsound\pig-sound-classification\data\raw\soundwel\NMBUNMBUTransit (60).wav,other,soundwel
C:\py\pigsound\pig-sound-classification\data\raw\soundwel\NMBUNMBUTransit (600).wav,other,soundwel
C:\py\pigsound\pig-sound-classification\data\raw\soundwel\NMBUNMBUTransit (601).wav,other,soundwel
C:\py\pigsound\pig-sound-classification\data\raw\soundwel\NMBUNMBUTransit (602).wav,other,soundwel
C:\py\pigsound\pig-sound-classification\data\raw\soundwel\NMBUNMBUTransit (603).wav,other,soundwel
C:\py\pigsound\pig-sound-classification\data\raw\soundwel\NMBUNMBUTransit (604).wav,other,soundwel
C:\py\pigsound\pig-sound-classification\data\raw\soundwel\NMBUNMBUTransit (605).wav,other,soundwel
C:\py\pigsound\pig-sound-classification\data\raw\soundwel\NMBUNMBUTransit (606).wav,other,soundwel
C:\py\pigsound\pig-sound-classification\data\raw\soundwel\NMBUNMBUTransit (607).wav,other,soundwel
C:\py\pigsound\pig-sound-classification\data\raw\soundwel\NMBUNMBUTransit (608).wav,other,soundwel
C:\py\pigsound\pig-sound-classification\data\raw\soundwel\NMBUNMBUTransit (609).wav,other,soundwel
C:\py\pigsound\pig-sound-classification\data\raw\soundwel\NMBUNMBUTransit (61).wav,other,soundwel
C:\py\pigsound\pig-sound-classification\data\raw\soundwel\NMBUNMBUTransit (610).wav,other,soundwel
C:\py\pigsound\pig-sound-classification\data\raw\soundwel\NMBUNMBUTransit (611).wav,other,soundwel
C:\py\pigsound\pig-sound-classification\data\raw\soundwel\NMBUNMBUTransit (612).wav,other,soundwel
C:\py\pigsound\pig-sound-classification\data\raw\soundwel\NMBUNMBUTransit (613).wav,other,soundwel
C:\py\pigsound\pig-sound-classification\data\raw\soundwel\NMBUNMBUTransit (614).wav,other,soundwel
C:\py\pigsound\pig-sound-classification\data\raw\soundwel\NMBUNMBUTransit (615).wav,other,soundwel
C:\py\pigsound\pig-sound-classification\data\raw\soundwel\NMBUNMBUTransit (616).wav,other,soundwel
C:\py\pigsound\pig-sound-classification\data\raw\soundwel\NMBUNMBUTransit (617).wav,other,soundwel
C:\py\pigsound\pig-sound-classification\data\raw\soundwel\NMBUNMBUTransit (618).wav,other,soundwel
C:\py\pigsound\pig-sound-classification\data\raw\soundwel\NMBUNMBUTransit (619).wav,other,soundwel
C:\py\pigsound\pig-sound-classification\data\raw\soundwel\NMBUNMBUTransit (62).wav,other,soundwel
C:\py\pigsound\pig-sound-classification\data\raw\soundwel\NMBUNMBUTransit (620).wav,other,soundwel
C:\py\pigsound\pig-sound-classification\data\raw\soundwel\NMBUNMBUTransit (621).wav,other,soundwel
C:\py\pigsound\pig-sound-classification\data\raw\soundwel\NMBUNMBUTransit (622).wav,other,soundwel
C:\py\pigsound\pig-sound-classification\data\raw\soundwel\NMBUNMBUTransit (623).wav,other,soundwel
C:\py\pigsound\pig-sound-classification\data\raw\soundwel\NMBUNMBUTransit (624).wav,other,soundwel
C:\py\pigsound\pig-sound-classification\data\raw\soundwel\NMBUNMBUTransit (625).wav,other,soundwel
C:\py\pigsound\pig-sound-classification\data\raw\soundwel\NMBUNMBUTransit (626).wav,other,soundwel
C:\py\pigsound\pig-sound-classification\data\raw\soundwel\NMBUNMBUTransit (627).wav,other,soundwel
C:\py\pigsound\pig-sound-classification\data\raw\soundwel\NMBUNMBUTransit (628).wav,other,soundwel
C:\py\pigsound\pig-sound-classification\data\raw\soundwel\NMBUNMBUTransit (629).wav,other,soundwel
C:\py\pigsound\pig-sound-classification\data\raw\soundwel\NMBUNMBUTransit (63).wav,other,soundwel
C:\py\pigsound\pig-sound-classification\data\raw\soundwel\NMBUNMBUTransit (630).wav,other,soundwel
C:\py\pigsound\pig-sound-classification\data\raw\soundwel\NMBUNMBUTransit (631).wav,other,soundwel
C:\py\pigsound\pig-sound-classification\data\raw\soundwel\NMBUNMBUTransit (632).wav,other,soundwel
C:\py\pigsound\pig-sound-classification\data\raw\soundwel\NMBUNMBUTransit (633).wav,other,soundwel
C:\py\pigsound\pig-sound-classification\data\raw\soundwel\NMBUNMBUTransit (634).wav,other,soundwel
C:\py\pigsound\pig-sound-classification\data\raw\soundwel\NMBUNMBUTransit (635).wav,other,soundwel
C:\py\pigsound\pig-sound-classification\data\raw\soundwel\NMBUNMBUTransit (636).wav,other,soundwel
C:\py\pigsound\pig-sound-classification\data\raw\soundwel\NMBUNMBUTransit (637).wav,other,soundwel
C:\py\pigsound\pig-sound-classification\data\raw\soundwel\NMBUNMBUTransit (638).wav,other,soundwel
C:\py\pigsound\pig-sound-classification\data\raw\soundwel\NMBUNMBUTransit (639).wav,other,soundwel
C:\py\pigsound\pig-sound-classification\data\raw\soundwel\NMBUNMBUTransit (64).wav,other,soundwel
C:\py\pigsound\pig-sound-classification\data\raw\soundwel\NMBUNMBUTransit (640).wav,other,soundwel
C:\py\pigsound\pig-sound-classification\data\raw\soundwel\NMBUNMBUTransit (641).wav,other,soundwel
C:\py\pigsound\pig-sound-classification\data\raw\soundwel\NMBUNMBUTransit (642).wav,other,soundwel
C:\py\pigsound\pig-sound-classification\data\raw\soundwel\NMBUNMBUTransit (643).wav,other,soundwel
C:\py\pigsound\pig-sound-classification\data\raw\soundwel\NMBUNMBUTransit (644).wav,other,soundwel
C:\py\pigsound\pig-sound-classification\data\raw\soundwel\NMBUNMBUTransit (645).wav,other,soundwel
C:\py\pigsound\pig-sound-classification\data\raw\soundwel\NMBUNMBUTransit (646).wav,other,soundwel
C:\py\pigsound\pig-sound-classification\data\raw\soundwel\NMBUNMBUTransit (647).wav,other,soundwel
C:\py\pigsound\pig-sound-classification\data\raw\soundwel\NMBUNMBUTransit (648).wav,other,soundwel
C:\py\pigsound\pig-sound-classification\data\raw\soundwel\NMBUNMBUTransit (649).wav,other,soundwel
C:\py\pigsound\pig-sound-classification\data\raw\soundwel\NMBUNMBUTransit (65).wav,other,soundwel
C:\py\pigsound\pig-sound-classification\data\raw\soundwel\NMBUNMBUTransit (650).wav,other,soundwel
C:\py\pigsound\pig-sound-classification\data\raw\soundwel\NMBUNMBUTransit (651).wav,other,soundwel
C:\py\pigsound\pig-sound-classification\data\raw\soundwel\NMBUNMBUTransit (652).wav,other,soundwel
C:\py\pigsound\pig-sound-classification\data\raw\soundwel\NMBUNMBUTransit (653).wav,other,soundwel
C:\py\pigsound\pig-sound-classification\data\raw\soundwel\NMBUNMBUTransit (654).wav,other,soundwel
C:\py\pigsound\pig-sound-classification\data\raw\soundwel\NMBUNMBUTransit (655).wav,other,soundwel
C:\py\pigsound\pig-sound-classification\data\raw\soundwel\NMBUNMBUTransit (656).wav,other,soundwel
C:\py\pigsound\pig-sound-classification\data\raw\soundwel\NMBUNMBUTransit (657).wav,other,soundwel
C:\py\pigsound\pig-sound-classification\data\raw\soundwel\NMBUNMBUTransit (658).wav,other,soundwel
C:\py\pigsound\pig-sound-classification\data\raw\soundwel\NMBUNMBUTransit (659).wav,other,soundwel
C:\py\pigsound\pig-sound-classification\data\raw\soundwel\NMBUNMBUTransit (66).wav,other,soundwel
C:\py\pigsound\pig-sound-classification\data\raw\soundwel\NMBUNMBUTransit (660).wav,other,soundwel
C:\py\pigsound\pig-sound-classification\data\raw\soundwel\NMBUNMBUTransit (661).wav,other,soundwel
C:\py\pigsound\pig-sound-classification\data\raw\soundwel\NMBUNMBUTransit (662).wav,other,soundwel
C:\py\pigsound\pig-sound-classification\data\raw\soundwel\NMBUNMBUTransit (663).wav,other,soundwel
C:\py\pigsound\pig-sound-classification\data\raw\soundwel\NMBUNMBUTransit (664).wav,other,soundwel
C:\py\pigsound\pig-sound-classification\data\raw\soundwel\NMBUNMBUTransit (665).wav,other,soundwel
C:\py\pigsound\pig-sound-classification\data\raw\soundwel\NMBUNMBUTransit (666).wav,other,soundwel
C:\py\pigsound\pig-sound-classification\data\raw\soundwel\NMBUNMBUTransit (667).wav,other,soundwel
C:\py\pigsound\pig-sound-classification\data\raw\soundwel\NMBUNMBUTransit (668).wav,other,soundwel
C:\py\pigsound\pig-sound-classification\data\raw\soundwel\NMBUNMBUTransit (669).wav,other,soundwel
C:\py\pigsound\pig-sound-classification\data\raw\soundwel\NMBUNMBUTransit (67).wav,other,soundwel
C:\py\pigsound\pig-sound-classification\data\raw\soundwel\NMBUNMBUTransit (670).wav,other,soundwel
C:\py\pigsound\pig-sound-classification\data\raw\soundwel\NMBUNMBUTransit (671).wav,other,soundwel
C:\py\pigsound\pig-sound-classification\data\raw\soundwel\NMBUNMBUTransit (672).wav,other,soundwel
C:\py\pigsound\pig-sound-classification\data\raw\soundwel\NMBUNMBUTransit (673).wav,other,soundwel
C:\py\pigsound\pig-sound-classification\data\raw\soundwel\NMBUNMBUTransit (674).wav,other,soundwel
C:\py\pigsound\pig-sound-classification\data\raw\soundwel\NMBUNMBUTransit (675).wav,other,soundwel
C:\py\pigsound\pig-sound-classification\data\raw\soundwel\NMBUNMBUTransit (676).wav,other,soundwel
C:\py\pigsound\pig-sound-classification\data\raw\soundwel\NMBUNMBUTransit (677).wav,other,soundwel
C:\py\pigsound\pig-sound-classification\data\raw\soundwel\NMBUNMBUTransit (678).wav,other,soundwel
C:\py\pigsound\pig-sound-classification\data\raw\soundwel\NMBUNMBUTransit (679).wav,other,soundwel
C:\py\pigsound\pig-sound-classification\data\raw\soundwel\NMBUNMBUTransit (68).wav,other,soundwel
C:\py\pigsound\pig-sound-classification\data\raw\soundwel\NMBUNMBUTransit (680).wav,other,soundwel
C:\py\pigsound\pig-sound-classification\data\raw\soundwel\NMBUNMBUTransit (681).wav,other,soundwel
C:\py\pigsound\pig-sound-classification\data\raw\soundwel\NMBUNMBUTransit (682).wav,other,soundwel
C:\py\pigsound\pig-sound-classification\data\raw\soundwel\NMBUNMBUTransit (683).wav,other,soundwel
C:\py\pigsound\pig-sound-classification\data\raw\soundwel\NMBUNMBUTransit (684).wav,other,soundwel
C:\py\pigsound\pig-sound-classification\data\raw\soundwel\NMBUNMBUTransit (685).wav,other,soundwel
C:\py\pigsound\pig-sound-classification\data\raw\soundwel\NMBUNMBUTransit (686).wav,other,soundwel
C:\py\pigsound\pig-sound-classification\data\raw\soundwel\NMBUNMBUTransit (687).wav,other,soundwel
C:\py\pigsound\pig-sound-classification\data\raw\soundwel\NMBUNMBUTransit (688).wav,other,soundwel
C:\py\pigsound\pig-sound-classification\data\raw\soundwel\NMBUNMBUTransit (689).wav,other,soundwel
C:\py\pigsound\pig-sound-classification\data\raw\soundwel\NMBUNMBUTransit (69).wav,other,soundwel
C:\py\pigsound\pig-sound-classification\data\raw\soundwel\NMBUNMBUTransit (690).wav,other,soundwel
C:\py\pigsound\pig-sound-classification\data\raw\soundwel\NMBUNMBUTransit (691).wav,other,soundwel
C:\py\pigsound\pig-sound-classification\data\raw\soundwel\NMBUNMBUTransit (692).wav,other,soundwel
C:\py\pigsound\pig-sound-classification\data\raw\soundwel\NMBUNMBUTransit (693).wav,other,soundwel
C:\py\pigsound\pig-sound-classification\data\raw\soundwel\NMBUNMBUTransit (694).wav,other,soundwel
C:\py\pigsound\pig-sound-classification\data\raw\soundwel\NMBUNMBUTransit (695).wav,other,soundwel
C:\py\pigsound\pig-sound-classification\data\raw\soundwel\NMBUNMBUTransit (696).wav,other,soundwel
C:\py\pigsound\pig-sound-classification\data\raw\soundwel\NMBUNMBUTransit (697).wav,other,soundwel
C:\py\pigsound\pig-sound-classification\data\raw\soundwel\NMBUNMBUTransit (698).wav,other,soundwel
C:\py\pigsound\pig-sound-classification\data\raw\soundwel\NMBUNMBUTransit (699).wav,other,soundwel
C:\py\pigsound\pig-sound-classification\data\raw\soundwel\NMBUNMBUTransit (7).wav,other,soundwel
C:\py\pigsound\pig-sound-classification\data\raw\soundwel\NMBUNMBUTransit (70).wav,other,soundwel
C:\py\pigsound\pig-sound-classification\data\raw\soundwel\NMBUNMBUTransit (700).wav,other,soundwel
C:\py\pigsound\pig-sound-classification\data\raw\soundwel\NMBUNMBUTransit (701).wav,other,soundwel
C:\py\pigsound\pig-sound-classification\data\raw\soundwel\NMBUNMBUTransit (702).wav,other,soundwel
C:\py\pigsound\pig-sound-classification\data\raw\soundwel\NMBUNMBUTransit (703).wav,other,soundwel
C:\py\pigsound\pig-sound-classification\data\raw\soundwel\NMBUNMBUTransit (704).wav,other,soundwel
C:\py\pigsound\pig-sound-classification\data\raw\soundwel\NMBUNMBUTransit (705).wav,other,soundwel
C:\py\pigsound\pig-sound-classification\data\raw\soundwel\NMBUNMBUTransit (706).wav,other,soundwel
C:\py\pigsound\pig-sound-classification\data\raw\soundwel\NMBUNMBUTransit (707).wav,other,soundwel
C:\py\pigsound\pig-sound-classification\data\raw\soundwel\NMBUNMBUTransit (708).wav,other,soundwel
C:\py\pigsound\pig-sound-classification\data\raw\soundwel\NMBUNMBUTransit (709).wav,other,soundwel
C:\py\pigsound\pig-sound-classification\data\raw\soundwel\NMBUNMBUTransit (71).wav,other,soundwel
C:\py\pigsound\pig-sound-classification\data\raw\soundwel\NMBUNMBUTransit (710).wav,other,soundwel
C:\py\pigsound\pig-sound-classification\data\raw\soundwel\NMBUNMBUTransit (711).wav,other,soundwel
C:\py\pigsound\pig-sound-classification\data\raw\soundwel\NMBUNMBUTransit (712).wav,other,soundwel
C:\py\pigsound\pig-sound-classification\data\raw\soundwel\NMBUNMBUTransit (713).wav,other,soundwel
C:\py\pigsound\pig-sound-classification\data\raw\soundwel\NMBUNMBUTransit (714).wav,other,soundwel
C:\py\pigsound\pig-sound-classification\data\raw\soundwel\NMBUNMBUTransit (715).wav,other,soundwel
C:\py\pigsound\pig-sound-classification\data\raw\soundwel\NMBUNMBUTransit (716).wav,other,soundwel
C:\py\pigsound\pig-sound-classification\data\raw\soundwel\NMBUNMBUTransit (717).wav,other,soundwel
C:\py\pigsound\pig-sound-classification\data\raw\soundwel\NMBUNMBUTransit (718).wav,other,soundwel
C:\py\pigsound\pig-sound-classification\data\raw\soundwel\NMBUNMBUTransit (719).wav,other,soundwel
C:\py\pigsound\pig-sound-classification\data\raw\soundwel\NMBUNMBUTransit (72).wav,other,soundwel
C:\py\pigsound\pig-sound-classification\data\raw\soundwel\NMBUNMBUTransit (720).wav,other,soundwel
C:\py\pigsound\pig-sound-classification\data\raw\soundwel\NMBUNMBUTransit (721).wav,other,soundwel
C:\py\pigsound\pig-sound-classification\data\raw\soundwel\NMBUNMBUTransit (722).wav,other,soundwel
C:\py\pigsound\pig-sound-classification\data\raw\soundwel\NMBUNMBUTransit (723).wav,other,soundwel
C:\py\pigsound\pig-sound-classification\data\raw\soundwel\NMBUNMBUTransit (724).wav,other,soundwel
C:\py\pigsound\pig-sound-classification\data\raw\soundwel\NMBUNMBUTransit (725).wav,other,soundwel
C:\py\pigsound\pig-sound-classification\data\raw\soundwel\NMBUNMBUTransit (726).wav,other,soundwel
C:\py\pigsound\pig-sound-classification\data\raw\soundwel\NMBUNMBUTransit (727).wav,other,soundwel
C:\py\pigsound\pig-sound-classification\data\raw\soundwel\NMBUNMBUTransit (728).wav,other,soundwel
C:\py\pigsound\pig-sound-classification\data\raw\soundwel\NMBUNMBUTransit (729).wav,other,soundwel
C:\py\pigsound\pig-sound-classification\data\raw\soundwel\NMBUNMBUTransit (73).wav,other,soundwel
C:\py\pigsound\pig-sound-classification\data\raw\soundwel\NMBUNMBUTransit (730).wav,other,soundwel
C:\py\pigsound\pig-sound-classification\data\raw\soundwel\NMBUNMBUTransit (731).wav,other,soundwel
C:\py\pigsound\pig-sound-classification\data\raw\soundwel\NMBUNMBUTransit (732).wav,other,soundwel
C:\py\pigsound\pig-sound-classification\data\raw\soundwel\NMBUNMBUTransit (733).wav,other,soundwel
C:\py\pigsound\pig-sound-classification\data\raw\soundwel\NMBUNMBUTransit (734).wav,other,soundwel
C:\py\pigsound\pig-sound-classification\data\raw\soundwel\NMBUNMBUTransit (735).wav,other,soundwel
C:\py\pigsound\pig-sound-classification\data\raw\soundwel\NMBUNMBUTransit (736).wav,other,soundwel
C:\py\pigsound\pig-sound-classification\data\raw\soundwel\NMBUNMBUTransit (737).wav,other,soundwel
C:\py\pigsound\pig-sound-classification\data\raw\soundwel\NMBUNMBUTransit (74).wav,other,soundwel
C:\py\pigsound\pig-sound-classification\data\raw\soundwel\NMBUNMBUTransit (75).wav,other,soundwel
C:\py\pigsound\pig-sound-classification\data\raw\soundwel\NMBUNMBUTransit (76).wav,other,soundwel
C:\py\pigsound\pig-sound-classification\data\raw\soundwel\NMBUNMBUTransit (77).wav,other,soundwel
C:\py\pigsound\pig-sound-classification\data\raw\soundwel\NMBUNMBUTransit (78).wav,other,soundwel
C:\py\pigsound\pig-sound-classification\data\raw\soundwel\NMBUNMBUTransit (79).wav,other,soundwel
C:\py\pigsound\pig-sound-classification\data\raw\soundwel\NMBUNMBUTransit (8).wav,other,soundwel
C:\py\pigsound\pig-sound-classification\data\raw\soundwel\NMBUNMBUTransit (80).wav,other,soundwel
C:\py\pigsound\pig-sound-classification\data\raw\soundwel\NMBUNMBUTransit (81).wav,other,soundwel
C:\py\pigsound\pig-sound-classification\data\raw\soundwel\NMBUNMBUTransit (82).wav,other,soundwel
C:\py\pigsound\pig-sound-classification\data\raw\soundwel\NMBUNMBUTransit (83).wav,other,soundwel
C:\py\pigsound\pig-sound-classification\data\raw\soundwel\NMBUNMBUTransit (84).wav,other,soundwel
C:\py\pigsound\pig-sound-classification\data\raw\soundwel\NMBUNMBUTransit (85).wav,other,soundwel
C:\py\pigsound\pig-sound-classification\data\raw\soundwel\NMBUNMBUTransit (86).wav,other,soundwel
C:\py\pigsound\pig-sound-classification\data\raw\soundwel\NMBUNMBUTransit (87).wav,other,soundwel
C:\py\pigsound\pig-sound-classification\data\raw\soundwel\NMBUNMBUTransit (88).wav,other,soundwel
C:\py\pigsound\pig-sound-classification\data\raw\soundwel\NMBUNMBUTransit (89).wav,other,soundwel
C:\py\pigsound\pig-sound-classification\data\raw\soundwel\NMBUNMBUTransit (9).wav,other,soundwel
C:\py\pigsound\pig-sound-classification\data\raw\soundwel\NMBUNMBUTransit (90).wav,other,soundwel
C:\py\pigsound\pig-sound-classification\data\raw\soundwel\NMBUNMBUTransit (91).wav,other,soundwel
C:\py\pigsound\pig-sound-classification\data\raw\soundwel\NMBUNMBUTransit (92).wav,other,soundwel
C:\py\pigsound\pig-sound-classification\data\raw\soundwel\NMBUNMBUTransit (93).wav,other,soundwel
C:\py\pigsound\pig-sound-classification\data\raw\soundwel\NMBUNMBUTransit (94).wav,other,soundwel
C:\py\pigsound\pig-sound-classification\data\raw\soundwel\NMBUNMBUTransit (95).wav,other,soundwel
C:\py\pigsound\pig-sound-classification\data\raw\soundwel\NMBUNMBUTransit (96).wav,other,soundwel
C:\py\pigsound\pig-sound-classification\data\raw\soundwel\NMBUNMBUTransit (97).wav,other,soundwel
C:\py\pigsound\pig-sound-classification\data\raw\soundwel\NMBUNMBUTransit (98).wav,other,soundwel
C:\py\pigsound\pig-sound-classification\data\raw\soundwel\NMBUNMBUTransit (99).wav,other,soundwel
C:\py\pigsound\pig-sound-classification\data\raw\wu_pig_speech\0-0.wav,other,wu_pig_speech
C:\py\pigsound\pig-sound-classification\data\raw\wu_pig_speech\1-0.wav,other,wu_pig_speech
C:\py\pigsound\pig-sound-classification\data\raw\wu_pig_speech\10-0.wav,other,wu_pig_speech
C:\py\pigsound\pig-sound-classification\data\raw\wu_pig_speech\100-0.wav,other,wu_pig_speech
C:\py\pigsound\pig-sound-classification\data\raw\wu_pig_speech\1000-2.wav,other,wu_pig_speech
C:\py\pigsound\pig-sound-classification\data\raw\wu_pig_speech\1001-2.wav,other,wu_pig_speech
C:\py\pigsound\pig-sound-classification\data\raw\wu_pig_speech\1002-2.wav,other,wu_pig_speech
C:\py\pigsound\pig-sound-classification\data\raw\wu_pig_speech\1003-2.wav,other,wu_pig_speech
C:\py\pigsound\pig-sound-classification\data\raw\wu_pig_speech\1004-2.wav,other,wu_pig_speech
C:\py\pigsound\pig-sound-classification\data\raw\wu_pig_speech\1005-2.wav,other,wu_pig_speech
C:\py\pigsound\pig-sound-classification\data\raw\wu_pig_speech\1006-2.wav,other,wu_pig_speech
C:\py\pigsound\pig-sound-classification\data\raw\wu_pig_speech\1007-2.wav,other,wu_pig_speech
C:\py\pigsound\pig-sound-classification\data\raw\wu_pig_speech\1008-2.wav,other,wu_pig_speech
C:\py\pigsound\pig-sound-classification\data\raw\wu_pig_speech\1009-2.wav,other,wu_pig_speech
C:\py\pigsound\pig-sound-classification\data\raw\wu_pig_speech\101-0.wav,other,wu_pig_speech
C:\py\pigsound\pig-sound-classification\data\raw\wu_pig_speech\1010-2.wav,other,wu_pig_speech
C:\py\pigsound\pig-sound-classification\data\raw\wu_pig_speech\1011-2.wav,other,wu_pig_speech
C:\py\pigsound\pig-sound-classification\data\raw\wu_pig_speech\1012-2.wav,other,wu_pig_speech
C:\py\pigsound\pig-sound-classification\data\raw\wu_pig_speech\1013-2.wav,other,wu_pig_speech
C:\py\pigsound\pig-sound-classification\data\raw\wu_pig_speech\1014-2.wav,other,wu_pig_speech
C:\py\pigsound\pig-sound-classification\data\raw\wu_pig_speech\1015-2.wav,other,wu_pig_speech
C:\py\pigsound\pig-sound-classification\data\raw\wu_pig_speech\1016-2.wav,other,wu_pig_speech
C:\py\pigsound\pig-sound-classification\data\raw\wu_pig_speech\1017-2.wav,other,wu_pig_speech
C:\py\pigsound\pig-sound-classification\data\raw\wu_pig_speech\1018-2.wav,other,wu_pig_speech
C:\py\pigsound\pig-sound-classification\data\raw\wu_pig_speech\1019-2.wav,other,wu_pig_speech
C:\py\pigsound\pig-sound-classification\data\raw\wu_pig_speech\102-0.wav,other,wu_pig_speech
C:\py\pigsound\pig-sound-classification\data\raw\wu_pig_speech\1020-2.wav,other,wu_pig_speech
C:\py\pigsound\pig-sound-classification\data\raw\wu_pig_speech\1021-2.wav,other,wu_pig_speech
C:\py\pigsound\pig-sound-classification\data\raw\wu_pig_speech\1022-2.wav,other,wu_pig_speech
C:\py\pigsound\pig-sound-classification\data\raw\wu_pig_speech\1023-2.wav,other,wu_pig_speech
C:\py\pigsound\pig-sound-classification\data\raw\wu_pig_speech\1024-2.wav,other,wu_pig_speech
C:\py\pigsound\pig-sound-classification\data\raw\wu_pig_speech\1025-2.wav,other,wu_pig_speech
C:\py\pigsound\pig-sound-classification\data\raw\wu_pig_speech\1026-2.wav,other,wu_pig_speech
C:\py\pigsound\pig-sound-classification\data\raw\wu_pig_speech\1027-2.wav,other,wu_pig_speech
C:\py\pigsound\pig-sound-classification\data\raw\wu_pig_speech\1028-2.wav,other,wu_pig_speech
C:\py\pigsound\pig-sound-classification\data\raw\wu_pig_speech\1029-2.wav,other,wu_pig_speech
C:\py\pigsound\pig-sound-classification\data\raw\wu_pig_speech\103-0.wav,other,wu_pig_speech
C:\py\pigsound\pig-sound-classification\data\raw\wu_pig_speech\1030-2.wav,other,wu_pig_speech
C:\py\pigsound\pig-sound-classification\data\raw\wu_pig_speech\1031-2.wav,other,wu_pig_speech
C:\py\pigsound\pig-sound-classification\data\raw\wu_pig_speech\1032-2.wav,other,wu_pig_speech
C:\py\pigsound\pig-sound-classification\data\raw\wu_pig_speech\1033-2.wav,other,wu_pig_speech
C:\py\pigsound\pig-sound-classification\data\raw\wu_pig_speech\1034-2.wav,other,wu_pig_speech
C:\py\pigsound\pig-sound-classification\data\raw\wu_pig_speech\1035-2.wav,other,wu_pig_speech
C:\py\pigsound\pig-sound-classification\data\raw\wu_pig_speech\1036-2.wav,other,wu_pig_speech
C:\py\pigsound\pig-sound-classification\data\raw\wu_pig_speech\1037-2.wav,other,wu_pig_speech
C:\py\pigsound\pig-sound-classification\data\raw\wu_pig_speech\1038-2.wav,other,wu_pig_speech
C:\py\pigsound\pig-sound-classification\data\raw\wu_pig_speech\1039-2.wav,other,wu_pig_speech
C:\py\pigsound\pig-sound-classification\data\raw\wu_pig_speech\104-0.wav,other,wu_pig_speech
C:\py\pigsound\pig-sound-classification\data\raw\wu_pig_speech\1040-2.wav,other,wu_pig_speech
C:\py\pigsound\pig-sound-classification\data\raw\wu_pig_speech\1041-2.wav,other,wu_pig_speech
C:\py\pigsound\pig-sound-classification\data\raw\wu_pig_speech\1042-2.wav,other,wu_pig_speech
C:\py\pigsound\pig-sound-classification\data\raw\wu_pig_speech\1043-2.wav,other,wu_pig_speech
C:\py\pigsound\pig-sound-classification\data\raw\wu_pig_speech\1044-2.wav,other,wu_pig_speech
C:\py\pigsound\pig-sound-classification\data\raw\wu_pig_speech\1045-2.wav,other,wu_pig_speech
C:\py\pigsound\pig-sound-classification\data\raw\wu_pig_speech\1046-2.wav,other,wu_pig_speech
C:\py\pigsound\pig-sound-classification\data\raw\wu_pig_speech\1047-2.wav,other,wu_pig_speech
C:\py\pigsound\pig-sound-classification\data\raw\wu_pig_speech\1048-2.wav,other,wu_pig_speech
C:\py\pigsound\pig-sound-classification\data\raw\wu_pig_speech\1049-2.wav,other,wu_pig_speech
C:\py\pigsound\pig-sound-classification\data\raw\wu_pig_speech\105-0.wav,other,wu_pig_speech
C:\py\pigsound\pig-sound-classification\data\raw\wu_pig_speech\1050-2.wav,other,wu_pig_speech
C:\py\pigsound\pig-sound-classification\data\raw\wu_pig_speech\1051-2.wav,other,wu_pig_speech
C:\py\pigsound\pig-sound-classification\data\raw\wu_pig_speech\1052-2.wav,other,wu_pig_speech
C:\py\pigsound\pig-sound-classification\data\raw\wu_pig_speech\1053-2.wav,other,wu_pig_speech
C:\py\pigsound\pig-sound-classification\data\raw\wu_pig_speech\1054-2.wav,other,wu_pig_speech
C:\py\pigsound\pig-sound-classification\data\raw\wu_pig_speech\1055-2.wav,other,wu_pig_speech
C:\py\pigsound\pig-sound-classification\data\raw\wu_pig_speech\1056-2.wav,other,wu_pig_speech
C:\py\pigsound\pig-sound-classification\data\raw\wu_pig_speech\1057-2.wav,other,wu_pig_speech
C:\py\pigsound\pig-sound-classification\data\raw\wu_pig_speech\1058-2.wav,other,wu_pig_speech
C:\py\pigsound\pig-sound-classification\data\raw\wu_pig_speech\1059-2.wav,other,wu_pig_speech
C:\py\pigsound\pig-sound-classification\data\raw\wu_pig_speech\106-0.wav,other,wu_pig_speech
C:\py\pigsound\pig-sound-classification\data\raw\wu_pig_speech\1060-2.wav,other,wu_pig_speech
C:\py\pigsound\pig-sound-classification\data\raw\wu_pig_speech\1061-2.wav,other,wu_pig_speech
C:\py\pigsound\pig-sound-classification\data\raw\wu_pig_speech\1062-2.wav,other,wu_pig_speech
C:\py\pigsound\pig-sound-classification\data\raw\wu_pig_speech\1063-2.wav,other,wu_pig_speech
C:\py\pigsound\pig-sound-classification\data\raw\wu_pig_speech\1064-2.wav,other,wu_pig_speech
C:\py\pigsound\pig-sound-classification\data\raw\wu_pig_speech\1065-2.wav,other,wu_pig_speech
C:\py\pigsound\pig-sound-classification\data\raw\wu_pig_speech\1066-2.wav,other,wu_pig_speech
C:\py\pigsound\pig-sound-classification\data\raw\wu_pig_speech\1067-2.wav,other,wu_pig_speech
C:\py\pigsound\pig-sound-classification\data\raw\wu_pig_speech\1068-2.wav,other,wu_pig_speech
C:\py\pigsound\pig-sound-classification\data\raw\wu_pig_speech\1069-2.wav,other,wu_pig_speech
C:\py\pigsound\pig-sound-classification\data\raw\wu_pig_speech\107-0.wav,other,wu_pig_speech
C:\py\pigsound\pig-sound-classification\data\raw\wu_pig_speech\1070-2.wav,other,wu_pig_speech
C:\py\pigsound\pig-sound-classification\data\raw\wu_pig_speech\1071-2.wav,other,wu_pig_speech
C:\py\pigsound\pig-sound-classification\data\raw\wu_pig_speech\1072-2.wav,other,wu_pig_speech
C:\py\pigsound\pig-sound-classification\data\raw\wu_pig_speech\1073-2.wav,other,wu_pig_speech
C:\py\pigsound\pig-sound-classification\data\raw\wu_pig_speech\1074-2.wav,other,wu_pig_speech
C:\py\pigsound\pig-sound-classification\data\raw\wu_pig_speech\1075-2.wav,other,wu_pig_speech
C:\py\pigsound\pig-sound-classification\data\raw\wu_pig_speech\1076-2.wav,other,wu_pig_speech
C:\py\pigsound\pig-sound-classification\data\raw\wu_pig_speech\1077-2.wav,other,wu_pig_speech
C:\py\pigsound\pig-sound-classification\data\raw\wu_pig_speech\1078-2.wav,other,wu_pig_speech
C:\py\pigsound\pig-sound-classification\data\raw\wu_pig_speech\1079-2.wav,other,wu_pig_speech
C:\py\pigsound\pig-sound-classification\data\raw\wu_pig_speech\108-0.wav,other,wu_pig_speech
C:\py\pigsound\pig-sound-classification\data\raw\wu_pig_speech\1080-2.wav,other,wu_pig_speech
C:\py\pigsound\pig-sound-classification\data\raw\wu_pig_speech\1081-2.wav,other,wu_pig_speech
C:\py\pigsound\pig-sound-classification\data\raw\wu_pig_speech\1082-2.wav,other,wu_pig_speech
C:\py\pigsound\pig-sound-classification\data\raw\wu_pig_speech\1083-2.wav,other,wu_pig_speech
C:\py\pigsound\pig-sound-classification\data\raw\wu_pig_speech\1084-2.wav,other,wu_pig_speech
C:\py\pigsound\pig-sound-classification\data\raw\wu_pig_speech\1085-2.wav,other,wu_pig_speech
C:\py\pigsound\pig-sound-classification\data\raw\wu_pig_speech\1086-2.wav,other,wu_pig_speech
C:\py\pigsound\pig-sound-classification\data\raw\wu_pig_speech\1087-2.wav,other,wu_pig_speech
C:\py\pigsound\pig-sound-classification\data\raw\wu_pig_speech\1088-2.wav,other,wu_pig_speech
C:\py\pigsound\pig-sound-classification\data\raw\wu_pig_speech\1089-2.wav,other,wu_pig_speech
C:\py\pigsound\pig-sound-classification\data\raw\wu_pig_speech\109-0.wav,other,wu_pig_speech
C:\py\pigsound\pig-sound-classification\data\raw\wu_pig_speech\1090-2.wav,other,wu_pig_speech
C:\py\pigsound\pig-sound-classification\data\raw\wu_pig_speech\1091-2.wav,other,wu_pig_speech
C:\py\pigsound\pig-sound-classification\data\raw\wu_pig_speech\1092-2.wav,other,wu_pig_speech
C:\py\pigsound\pig-sound-classification\data\raw\wu_pig_speech\1093-2.wav,other,wu_pig_speech
C:\py\pigsound\pig-sound-classification\data\raw\wu_pig_speech\1094-2.wav,other,wu_pig_speech
C:\py\pigsound\pig-sound-classification\data\raw\wu_pig_speech\1095-2.wav,other,wu_pig_speech
C:\py\pigsound\pig-sound-classification\data\raw\wu_pig_speech\1096-2.wav,other,wu_pig_speech
C:\py\pigsound\pig-sound-classification\data\raw\wu_pig_speech\1097-2.wav,other,wu_pig_speech
C:\py\pigsound\pig-sound-classification\data\raw\wu_pig_speech\1098-2.wav,other,wu_pig_speech
C:\py\pigsound\pig-sound-classification\data\raw\wu_pig_speech\11-0.wav,other,wu_pig_speech
C:\py\pigsound\pig-sound-classification\data\raw\wu_pig_speech\110-0.wav,other,wu_pig_speech
C:\py\pigsound\pig-sound-classification\data\raw\wu_pig_speech\1100-2.wav,other,wu_pig_speech
C:\py\pigsound\pig-sound-classification\data\raw\wu_pig_speech\1101-2.wav,other,wu_pig_speech
C:\py\pigsound\pig-sound-classification\data\raw\wu_pig_speech\1102-2.wav,other,wu_pig_speech
C:\py\pigsound\pig-sound-classification\data\raw\wu_pig_speech\1103-2.wav,other,wu_pig_speech
C:\py\pigsound\pig-sound-classification\data\raw\wu_pig_speech\1104-2.wav,other,wu_pig_speech
C:\py\pigsound\pig-sound-classification\data\raw\wu_pig_speech\1106-2.wav,other,wu_pig_speech
C:\py\pigsound\pig-sound-classification\data\raw\wu_pig_speech\1107-2.wav,other,wu_pig_speech
C:\py\pigsound\pig-sound-classification\data\raw\wu_pig_speech\1108-2.wav,other,wu_pig_speech
C:\py\pigsound\pig-sound-classification\data\raw\wu_pig_speech\1109-2.wav,other,wu_pig_speech
C:\py\pigsound\pig-sound-classification\data\raw\wu_pig_speech\111-0.wav,other,wu_pig_speech
C:\py\pigsound\pig-sound-classification\data\raw\wu_pig_speech\1110-2.wav,other,wu_pig_speech
C:\py\pigsound\pig-sound-classification\data\raw\wu_pig_speech\1111-2.wav,other,wu_pig_speech
C:\py\pigsound\pig-sound-classification\data\raw\wu_pig_speech\1112-2.wav,other,wu_pig_speech
C:\py\pigsound\pig-sound-classification\data\raw\wu_pig_speech\1113-2.wav,other,wu_pig_speech
C:\py\pigsound\pig-sound-classification\data\raw\wu_pig_speech\1114-2.wav,other,wu_pig_speech
C:\py\pigsound\pig-sound-classification\data\raw\wu_pig_speech\1115-2.wav,other,wu_pig_speech
C:\py\pigsound\pig-sound-classification\data\raw\wu_pig_speech\1116-2.wav,other,wu_pig_speech
C:\py\pigsound\pig-sound-classification\data\raw\wu_pig_speech\1117-2.wav,other,wu_pig_speech
C:\py\pigsound\pig-sound-classification\data\raw\wu_pig_speech\1118-2.wav,other,wu_pig_speech
C:\py\pigsound\pig-sound-classification\data\raw\wu_pig_speech\1119-2.wav,other,wu_pig_speech
C:\py\pigsound\pig-sound-classification\data\raw\wu_pig_speech\112-0.wav,other,wu_pig_speech
C:\py\pigsound\pig-sound-classification\data\raw\wu_pig_speech\1120-2.wav,other,wu_pig_speech
C:\py\pigsound\pig-sound-classification\data\raw\wu_pig_speech\1121-2.wav,other,wu_pig_speech
C:\py\pigsound\pig-sound-classification\data\raw\wu_pig_speech\1122-2.wav,other,wu_pig_speech
C:\py\pigsound\pig-sound-classification\data\raw\wu_pig_speech\1123-2.wav,other,wu_pig_speech
C:\py\pigsound\pig-sound-classification\data\raw\wu_pig_speech\1124-2.wav,other,wu_pig_speech
C:\py\pigsound\pig-sound-classification\data\raw\wu_pig_speech\1125-2.wav,other,wu_pig_speech
C:\py\pigsound\pig-sound-classification\data\raw\wu_pig_speech\1126-2.wav,other,wu_pig_speech
C:\py\pigsound\pig-sound-classification\data\raw\wu_pig_speech\1127-2.wav,other,wu_pig_speech
C:\py\pigsound\pig-sound-classification\data\raw\wu_pig_speech\1128-2.wav,other,wu_pig_speech
C:\py\pigsound\pig-sound-classification\data\raw\wu_pig_speech\1129-2.wav,other,wu_pig_speech
C:\py\pigsound\pig-sound-classification\data\raw\wu_pig_speech\113-0.wav,other,wu_pig_speech
C:\py\pigsound\pig-sound-classification\data\raw\wu_pig_speech\1130-2.wav,other,wu_pig_speech
C:\py\pigsound\pig-sound-classification\data\raw\wu_pig_speech\1131-2.wav,other,wu_pig_speech
C:\py\pigsound\pig-sound-classification\data\raw\wu_pig_speech\1132-2.wav,other,wu_pig_speech
C:\py\pigsound\pig-sound-classification\data\raw\wu_pig_speech\1133-2.wav,other,wu_pig_speech
C:\py\pigsound\pig-sound-classification\data\raw\wu_pig_speech\1134-2.wav,other,wu_pig_speech
C:\py\pigsound\pig-sound-classification\data\raw\wu_pig_speech\1135-2.wav,other,wu_pig_speech
C:\py\pigsound\pig-sound-classification\data\raw\wu_pig_speech\1136-2.wav,other,wu_pig_speech
C:\py\pigsound\pig-sound-classification\data\raw\wu_pig_speech\1137-2.wav,other,wu_pig_speech
C:\py\pigsound\pig-sound-classification\data\raw\wu_pig_speech\1138-2.wav,other,wu_pig_speech
C:\py\pigsound\pig-sound-classification\data\raw\wu_pig_speech\1139-2.wav,other,wu_pig_speech
C:\py\pigsound\pig-sound-classification\data\raw\wu_pig_speech\114-0.wav,other,wu_pig_speech
C:\py\pigsound\pig-sound-classification\data\raw\wu_pig_speech\1140-2.wav,other,wu_pig_speech
C:\py\pigsound\pig-sound-classification\data\raw\wu_pig_speech\1141-2.wav,other,wu_pig_speech
C:\py\pigsound\pig-sound-classification\data\raw\wu_pig_speech\1142-2.wav,other,wu_pig_speech
C:\py\pigsound\pig-sound-classification\data\raw\wu_pig_speech\1143-2.wav,other,wu_pig_speech
C:\py\pigsound\pig-sound-classification\data\raw\wu_pig_speech\1144-2.wav,other,wu_pig_speech
C:\py\pigsound\pig-sound-classification\data\raw\wu_pig_speech\1145-2.wav,other,wu_pig_speech
C:\py\pigsound\pig-sound-classification\data\raw\wu_pig_speech\1146-2.wav,other,wu_pig_speech
C:\py\pigsound\pig-sound-classification\data\raw\wu_pig_speech\1147-2.wav,other,wu_pig_speech
C:\py\pigsound\pig-sound-classification\data\raw\wu_pig_speech\1148-2.wav,other,wu_pig_speech
C:\py\pigsound\pig-sound-classification\data\raw\wu_pig_speech\1149-2.wav,other,wu_pig_speech
C:\py\pigsound\pig-sound-classification\data\raw\wu_pig_speech\115-0.wav,other,wu_pig_speech
C:\py\pigsound\pig-sound-classification\data\raw\wu_pig_speech\1150-2.wav,other,wu_pig_speech
C:\py\pigsound\pig-sound-classification\data\raw\wu_pig_speech\1151-2.wav,other,wu_pig_speech
C:\py\pigsound\pig-sound-classification\data\raw\wu_pig_speech\1152-2.wav,other,wu_pig_speech
C:\py\pigsound\pig-sound-classification\data\raw\wu_pig_speech\1153-2.wav,other,wu_pig_speech
C:\py\pigsound\pig-sound-classification\data\raw\wu_pig_speech\1154-2.wav,other,wu_pig_speech
C:\py\pigsound\pig-sound-classification\data\raw\wu_pig_speech\1155-2.wav,other,wu_pig_speech
C:\py\pigsound\pig-sound-classification\data\raw\wu_pig_speech\1156-2.wav,other,wu_pig_speech
C:\py\pigsound\pig-sound-classification\data\raw\wu_pig_speech\1157-2.wav,other,wu_pig_speech
C:\py\pigsound\pig-sound-classification\data\raw\wu_pig_speech\1158-2.wav,other,wu_pig_speech
C:\py\pigsound\pig-sound-classification\data\raw\wu_pig_speech\1159-2.wav,other,wu_pig_speech
C:\py\pigsound\pig-sound-classification\data\raw\wu_pig_speech\116-0.wav,other,wu_pig_speech
C:\py\pigsound\pig-sound-classification\data\raw\wu_pig_speech\1160-2.wav,other,wu_pig_speech
C:\py\pigsound\pig-sound-classification\data\raw\wu_pig_speech\1161-2.wav,other,wu_pig_speech
C:\py\pigsound\pig-sound-classification\data\raw\wu_pig_speech\1162-2.wav,other,wu_pig_speech
C:\py\pigsound\pig-sound-classification\data\raw\wu_pig_speech\1163-2.wav,other,wu_pig_speech
C:\py\pigsound\pig-sound-classification\data\raw\wu_pig_speech\1164-2.wav,other,wu_pig_speech
C:\py\pigsound\pig-sound-classification\data\raw\wu_pig_speech\1165-2.wav,other,wu_pig_speech
C:\py\pigsound\pig-sound-classification\data\raw\wu_pig_speech\1166-2.wav,other,wu_pig_speech
C:\py\pigsound\pig-sound-classification\data\raw\wu_pig_speech\1167-2.wav,other,wu_pig_speech
C:\py\pigsound\pig-sound-classification\data\raw\wu_pig_speech\1168-2.wav,other,wu_pig_speech
C:\py\pigsound\pig-sound-classification\data\raw\wu_pig_speech\1169-2.wav,other,wu_pig_speech
C:\py\pigsound\pig-sound-classification\data\raw\wu_pig_speech\117-0.wav,other,wu_pig_speech
C:\py\pigsound\pig-sound-classification\data\raw\wu_pig_speech\1170-2.wav,other,wu_pig_speech
C:\py\pigsound\pig-sound-classification\data\raw\wu_pig_speech\1171-2.wav,other,wu_pig_speech
C:\py\pigsound\pig-sound-classification\data\raw\wu_pig_speech\1172-2.wav,other,wu_pig_speech
C:\py\pigsound\pig-sound-classification\data\raw\wu_pig_speech\1173-2.wav,other,wu_pig_speech
C:\py\pigsound\pig-sound-classification\data\raw\wu_pig_speech\1174-2.wav,other,wu_pig_speech
C:\py\pigsound\pig-sound-classification\data\raw\wu_pig_speech\1175-2.wav,other,wu_pig_speech
C:\py\pigsound\pig-sound-classification\data\raw\wu_pig_speech\1176-2.wav,other,wu_pig_speech
C:\py\pigsound\pig-sound-classification\data\raw\wu_pig_speech\1177-2.wav,other,wu_pig_speech
C:\py\pigsound\pig-sound-classification\data\raw\wu_pig_speech\1178-2.wav,other,wu_pig_speech
C:\py\pigsound\pig-sound-classification\data\raw\wu_pig_speech\1179-2.wav,other,wu_pig_speech
C:\py\pigsound\pig-sound-classification\data\raw\wu_pig_speech\118-0.wav,other,wu_pig_speech
C:\py\pigsound\pig-sound-classification\data\raw\wu_pig_speech\1180-2.wav,other,wu_pig_speech
C:\py\pigsound\pig-sound-classification\data\raw\wu_pig_speech\1181-2.wav,other,wu_pig_speech
C:\py\pigsound\pig-sound-classification\data\raw\wu_pig_speech\1182-2.wav,other,wu_pig_speech
C:\py\pigsound\pig-sound-classification\data\raw\wu_pig_speech\1183-2.wav,other,wu_pig_speech
C:\py\pigsound\pig-sound-classification\data\raw\wu_pig_speech\1184-2.wav,other,wu_pig_speech
C:\py\pigsound\pig-sound-classification\data\raw\wu_pig_speech\1185-2.wav,other,wu_pig_speech
C:\py\pigsound\pig-sound-classification\data\raw\wu_pig_speech\1186-2.wav,other,wu_pig_speech
C:\py\pigsound\pig-sound-classification\data\raw\wu_pig_speech\1187-2.wav,other,wu_pig_speech
C:\py\pigsound\pig-sound-classification\data\raw\wu_pig_speech\1188-2.wav,other,wu_pig_speech
C:\py\pigsound\pig-sound-classification\data\raw\wu_pig_speech\1189-2.wav,other,wu_pig_speech
C:\py\pigsound\pig-sound-classification\data\raw\wu_pig_speech\119-0.wav,other,wu_pig_speech
C:\py\pigsound\pig-sound-classification\data\raw\wu_pig_speech\1190-2.wav,other,wu_pig_speech
C:\py\pigsound\pig-sound-classification\data\raw\wu_pig_speech\1191-2.wav,other,wu_pig_speech
C:\py\pigsound\pig-sound-classification\data\raw\wu_pig_speech\1192-2.wav,other,wu_pig_speech
C:\py\pigsound\pig-sound-classification\data\raw\wu_pig_speech\1193-2.wav,other,wu_pig_speech
C:\py\pigsound\pig-sound-classification\data\raw\wu_pig_speech\1194-2.wav,other,wu_pig_speech
C:\py\pigsound\pig-sound-classification\data\raw\wu_pig_speech\1195-2.wav,other,wu_pig_speech
C:\py\pigsound\pig-sound-classification\data\raw\wu_pig_speech\1196-2.wav,other,wu_pig_speech
C:\py\pigsound\pig-sound-classification\data\raw\wu_pig_speech\1197-2.wav,other,wu_pig_speech
C:\py\pigsound\pig-sound-classification\data\raw\wu_pig_speech\1198-2.wav,other,wu_pig_speech
C:\py\pigsound\pig-sound-classification\data\raw\wu_pig_speech\1199-2.wav,other,wu_pig_speech
C:\py\pigsound\pig-sound-classification\data\raw\wu_pig_speech\12-0.wav,other,wu_pig_speech
C:\py\pigsound\pig-sound-classification\data\raw\wu_pig_speech\120-0.wav,other,wu_pig_speech
C:\py\pigsound\pig-sound-classification\data\raw\wu_pig_speech\1200-2.wav,other,wu_pig_speech
C:\py\pigsound\pig-sound-classification\data\raw\wu_pig_speech\1201-2.wav,other,wu_pig_speech
C:\py\pigsound\pig-sound-classification\data\raw\wu_pig_speech\1202-2.wav,other,wu_pig_speech
C:\py\pigsound\pig-sound-classification\data\raw\wu_pig_speech\1203-2.wav,other,wu_pig_speech
C:\py\pigsound\pig-sound-classification\data\raw\wu_pig_speech\1204-2.wav,other,wu_pig_speech
C:\py\pigsound\pig-sound-classification\data\raw\wu_pig_speech\1205-2.wav,other,wu_pig_speech
C:\py\pigsound\pig-sound-classification\data\raw\wu_pig_speech\1206-2.wav,other,wu_pig_speech
C:\py\pigsound\pig-sound-classification\data\raw\wu_pig_speech\1207-2.wav,other,wu_pig_speech
C:\py\pigsound\pig-sound-classification\data\raw\wu_pig_speech\1208-2.wav,other,wu_pig_speech
C:\py\pigsound\pig-sound-classification\data\raw\wu_pig_speech\1209-2.wav,other,wu_pig_speech
C:\py\pigsound\pig-sound-classification\data\raw\wu_pig_speech\121-0.wav,other,wu_pig_speech
C:\py\pigsound\pig-sound-classification\data\raw\wu_pig_speech\1210-2.wav,other,wu_pig_speech
C:\py\pigsound\pig-sound-classification\data\raw\wu_pig_speech\1211-2.wav,other,wu_pig_speech
C:\py\pigsound\pig-sound-classification\data\raw\wu_pig_speech\1212-2.wav,other,wu_pig_speech
C:\py\pigsound\pig-sound-classification\data\raw\wu_pig_speech\1213-2.wav,other,wu_pig_speech
C:\py\pigsound\pig-sound-classification\data\raw\wu_pig_speech\1214-2.wav,other,wu_pig_speech
C:\py\pigsound\pig-sound-classification\data\raw\wu_pig_speech\1215-2.wav,other,wu_pig_speech
C:\py\pigsound\pig-sound-classification\data\raw\wu_pig_speech\1216-2.wav,other,wu_pig_speech
C:\py\pigsound\pig-sound-classification\data\raw\wu_pig_speech\1217-2.wav,other,wu_pig_speech
C:\py\pigsound\pig-sound-classification\data\raw\wu_pig_speech\1218-2.wav,other,wu_pig_speech
C:\py\pigsound\pig-sound-classification\data\raw\wu_pig_speech\1219-2.wav,other,wu_pig_speech
C:\py\pigsound\pig-sound-classification\data\raw\wu_pig_speech\122-0.wav,other,wu_pig_speech
C:\py\pigsound\pig-sound-classification\data\raw\wu_pig_speech\1220-2.wav,other,wu_pig_speech
C:\py\pigsound\pig-sound-classification\data\raw\wu_pig_speech\1221-2.wav,other,wu_pig_speech
C:\py\pigsound\pig-sound-classification\data\raw\wu_pig_speech\1222-2.wav,other,wu_pig_speech
C:\py\pigsound\pig-sound-classification\data\raw\wu_pig_speech\1223-2.wav,other,wu_pig_speech
C:\py\pigsound\pig-sound-classification\data\raw\wu_pig_speech\1224-2.wav,other,wu_pig_speech
C:\py\pigsound\pig-sound-classification\data\raw\wu_pig_speech\1225-2.wav,other,wu_pig_speech
C:\py\pigsound\pig-sound-classification\data\raw\wu_pig_speech\1226-2.wav,other,wu_pig_speech
C:\py\pigsound\pig-sound-classification\data\raw\wu_pig_speech\1227-2.wav,other,wu_pig_speech
C:\py\pigsound\pig-sound-classification\data\raw\wu_pig_speech\1228-2.wav,other,wu_pig_speech
C:\py\pigsound\pig-sound-classification\data\raw\wu_pig_speech\1229-2.wav,other,wu_pig_speech
C:\py\pigsound\pig-sound-classification\data\raw\wu_pig_speech\123-0.wav,other,wu_pig_speech
C:\py\pigsound\pig-sound-classification\data\raw\wu_pig_speech\1230-2.wav,other,wu_pig_speech
C:\py\pigsound\pig-sound-classification\data\raw\wu_pig_speech\124-0.wav,other,wu_pig_speech
C:\py\pigsound\pig-sound-classification\data\raw\wu_pig_speech\1246-2.wav,other,wu_pig_speech
C:\py\pigsound\pig-sound-classification\data\raw\wu_pig_speech\1247-2.wav,other,wu_pig_speech
C:\py\pigsound\pig-sound-classification\data\raw\wu_pig_speech\1248-2.wav,other,wu_pig_speech
C:\py\pigsound\pig-sound-classification\data\raw\wu_pig_speech\1249-2.wav,other,wu_pig_speech
C:\py\pigsound\pig-sound-classification\data\raw\wu_pig_speech\125-0.wav,other,wu_pig_speech
C:\py\pigsound\pig-sound-classification\data\raw\wu_pig_speech\1250-2.wav,other,wu_pig_speech
C:\py\pigsound\pig-sound-classification\data\raw\wu_pig_speech\1251-2.wav,other,wu_pig_speech
C:\py\pigsound\pig-sound-classification\data\raw\wu_pig_speech\1252-2.wav,other,wu_pig_speech
C:\py\pigsound\pig-sound-classification\data\raw\wu_pig_speech\1253-2.wav,other,wu_pig_speech
C:\py\pigsound\pig-sound-classification\data\raw\wu_pig_speech\1254-2.wav,other,wu_pig_speech
C:\py\pigsound\pig-sound-classification\data\raw\wu_pig_speech\1255-2.wav,other,wu_pig_speech
C:\py\pigsound\pig-sound-classification\data\raw\wu_pig_speech\1256-2.wav,other,wu_pig_speech
C:\py\pigsound\pig-sound-classification\data\raw\wu_pig_speech\1257-2.wav,other,wu_pig_speech
C:\py\pigsound\pig-sound-classification\data\raw\wu_pig_speech\1258-2.wav,other,wu_pig_speech
C:\py\pigsound\pig-sound-classification\data\raw\wu_pig_speech\1259-2.wav,other,wu_pig_speech
C:\py\pigsound\pig-sound-classification\data\raw\wu_pig_speech\126-0.wav,other,wu_pig_speech
C:\py\pigsound\pig-sound-classification\data\raw\wu_pig_speech\1260-2.wav,other,wu_pig_speech
C:\py\pigsound\pig-sound-classification\data\raw\wu_pig_speech\1261-2.wav,other,wu_pig_speech
C:\py\pigsound\pig-sound-classification\data\raw\wu_pig_speech\1262-2.wav,other,wu_pig_speech
C:\py\pigsound\pig-sound-classification\data\raw\wu_pig_speech\1263-2.wav,other,wu_pig_speech
C:\py\pigsound\pig-sound-classification\data\raw\wu_pig_speech\1264-2.wav,other,wu_pig_speech
C:\py\pigsound\pig-sound-classification\data\raw\wu_pig_speech\1265-2.wav,other,wu_pig_speech
C:\py\pigsound\pig-sound-classification\data\raw\wu_pig_speech\1266-3.wav,other,wu_pig_speech
C:\py\pigsound\pig-sound-classification\data\raw\wu_pig_speech\1267-3.wav,other,wu_pig_speech
C:\py\pigsound\pig-sound-classification\data\raw\wu_pig_speech\1268-3.wav,other,wu_pig_speech
C:\py\pigsound\pig-sound-classification\data\raw\wu_pig_speech\1269-3.wav,other,wu_pig_speech
C:\py\pigsound\pig-sound-classification\data\raw\wu_pig_speech\127-0.wav,other,wu_pig_speech
C:\py\pigsound\pig-sound-classification\data\raw\wu_pig_speech\1270-3.wav,other,wu_pig_speech
C:\py\pigsound\pig-sound-classification\data\raw\wu_pig_speech\1271-3.wav,other,wu_pig_speech
C:\py\pigsound\pig-sound-classification\data\raw\wu_pig_speech\1272-3.wav,other,wu_pig_speech
C:\py\pigsound\pig-sound-classification\data\raw\wu_pig_speech\1273-3.wav,other,wu_pig_speech
C:\py\pigsound\pig-sound-classification\data\raw\wu_pig_speech\1274-3.wav,other,wu_pig_speech
C:\py\pigsound\pig-sound-classification\data\raw\wu_pig_speech\1275-3.wav,other,wu_pig_speech
C:\py\pigsound\pig-sound-classification\data\raw\wu_pig_speech\1276-3.wav,other,wu_pig_speech
C:\py\pigsound\pig-sound-classification\data\raw\wu_pig_speech\1277-3.wav,other,wu_pig_speech
C:\py\pigsound\pig-sound-classification\data\raw\wu_pig_speech\1278-3.wav,other,wu_pig_speech
C:\py\pigsound\pig-sound-classification\data\raw\wu_pig_speech\1279-3.wav,other,wu_pig_speech
C:\py\pigsound\pig-sound-classification\data\raw\wu_pig_speech\128-0.wav,other,wu_pig_speech
C:\py\pigsound\pig-sound-classification\data\raw\wu_pig_speech\1280-3.wav,other,wu_pig_speech
C:\py\pigsound\pig-sound-classification\data\raw\wu_pig_speech\1281-3.wav,other,wu_pig_speech
C:\py\pigsound\pig-sound-classification\data\raw\wu_pig_speech\1282-3.wav,other,wu_pig_speech
C:\py\pigsound\pig-sound-classification\data\raw\wu_pig_speech\1283-3.wav,other,wu_pig_speech
C:\py\pigsound\pig-sound-classification\data\raw\wu_pig_speech\1284-3.wav,other,wu_pig_speech
C:\py\pigsound\pig-sound-classification\data\raw\wu_pig_speech\1285-3.wav,other,wu_pig_speech
C:\py\pigsound\pig-sound-classification\data\raw\wu_pig_speech\1286-3.wav,other,wu_pig_speech
C:\py\pigsound\pig-sound-classification\data\raw\wu_pig_speech\1287-3.wav,other,wu_pig_speech
C:\py\pigsound\pig-sound-classification\data\raw\wu_pig_speech\1288-3.wav,other,wu_pig_speech
C:\py\pigsound\pig-sound-classification\data\raw\wu_pig_speech\1289-3.wav,other,wu_pig_speech
C:\py\pigsound\pig-sound-classification\data\raw\wu_pig_speech\129-0.wav,other,wu_pig_speech
C:\py\pigsound\pig-sound-classification\data\raw\wu_pig_speech\1290-3.wav,other,wu_pig_speech
C:\py\pigsound\pig-sound-classification\data\raw\wu_pig_speech\1291-3.wav,other,wu_pig_speech
C:\py\pigsound\pig-sound-classification\data\raw\wu_pig_speech\1292-3.wav,other,wu_pig_speech
C:\py\pigsound\pig-sound-classification\data\raw\wu_pig_speech\1293-3.wav,other,wu_pig_speech
C:\py\pigsound\pig-sound-classification\data\raw\wu_pig_speech\1294-3.wav,other,wu_pig_speech
C:\py\pigsound\pig-sound-classification\data\raw\wu_pig_speech\1295-3.wav,other,wu_pig_speech
C:\py\pigsound\pig-sound-classification\data\raw\wu_pig_speech\1296-3.wav,other,wu_pig_speech
C:\py\pigsound\pig-sound-classification\data\raw\wu_pig_speech\1297-3.wav,other,wu_pig_speech
C:\py\pigsound\pig-sound-classification\data\raw\wu_pig_speech\1298-3.wav,other,wu_pig_speech
C:\py\pigsound\pig-sound-classification\data\raw\wu_pig_speech\1299-3.wav,other,wu_pig_speech
C:\py\pigsound\pig-sound-classification\data\raw\wu_pig_speech\13-0.wav,other,wu_pig_speech
C:\py\pigsound\pig-sound-classification\data\raw\wu_pig_speech\130-0.wav,other,wu_pig_speech
C:\py\pigsound\pig-sound-classification\data\raw\wu_pig_speech\1300-3.wav,other,wu_pig_speech
C:\py\pigsound\pig-sound-classification\data\raw\wu_pig_speech\1301-3.wav,other,wu_pig_speech
C:\py\pigsound\pig-sound-classification\data\raw\wu_pig_speech\1302-3.wav,other,wu_pig_speech
C:\py\pigsound\pig-sound-classification\data\raw\wu_pig_speech\1303-3.wav,other,wu_pig_speech
C:\py\pigsound\pig-sound-classification\data\raw\wu_pig_speech\1304-3.wav,other,wu_pig_speech
C:\py\pigsound\pig-sound-classification\data\raw\wu_pig_speech\1305-3.wav,other,wu_pig_speech
C:\py\pigsound\pig-sound-classification\data\raw\wu_pig_speech\1306-3.wav,other,wu_pig_speech
C:\py\pigsound\pig-sound-classification\data\raw\wu_pig_speech\1307-3.wav,other,wu_pig_speech
C:\py\pigsound\pig-sound-classification\data\raw\wu_pig_speech\1308-3.wav,other,wu_pig_speech
C:\py\pigsound\pig-sound-classification\data\raw\wu_pig_speech\1309-3.wav,other,wu_pig_speech
C:\py\pigsound\pig-sound-classification\data\raw\wu_pig_speech\131-0.wav,other,wu_pig_speech
C:\py\pigsound\pig-sound-classification\data\raw\wu_pig_speech\1310-3.wav,other,wu_pig_speech
C:\py\pigsound\pig-sound-classification\data\raw\wu_pig_speech\1311-3.wav,other,wu_pig_speech
C:\py\pigsound\pig-sound-classification\data\raw\wu_pig_speech\1312-3.wav,other,wu_pig_speech
C:\py\pigsound\pig-sound-classification\data\raw\wu_pig_speech\1313-3.wav,other,wu_pig_speech
C:\py\pigsound\pig-sound-classification\data\raw\wu_pig_speech\1314-3.wav,other,wu_pig_speech
C:\py\pigsound\pig-sound-classification\data\raw\wu_pig_speech\1315-3.wav,other,wu_pig_speech
C:\py\pigsound\pig-sound-classification\data\raw\wu_pig_speech\1316-3.wav,other,wu_pig_speech
C:\py\pigsound\pig-sound-classification\data\raw\wu_pig_speech\1317-3.wav,other,wu_pig_speech
C:\py\pigsound\pig-sound-classification\data\raw\wu_pig_speech\1318-3.wav,other,wu_pig_speech
C:\py\pigsound\pig-sound-classification\data\raw\wu_pig_speech\1319-3.wav,other,wu_pig_speech
C:\py\pigsound\pig-sound-classification\data\raw\wu_pig_speech\132-0.wav,other,wu_pig_speech
C:\py\pigsound\pig-sound-classification\data\raw\wu_pig_speech\1320-3.wav,other,wu_pig_speech
C:\py\pigsound\pig-sound-classification\data\raw\wu_pig_speech\1321-3.wav,other,wu_pig_speech
C:\py\pigsound\pig-sound-classification\data\raw\wu_pig_speech\1322-3.wav,other,wu_pig_speech
C:\py\pigsound\pig-sound-classification\data\raw\wu_pig_speech\1323-3.wav,other,wu_pig_speech
C:\py\pigsound\pig-sound-classification\data\raw\wu_pig_speech\1324-3.wav,other,wu_pig_speech
C:\py\pigsound\pig-sound-classification\data\raw\wu_pig_speech\1325-3.wav,other,wu_pig_speech
C:\py\pigsound\pig-sound-classification\data\raw\wu_pig_speech\1326-3.wav,other,wu_pig_speech
C:\py\pigsound\pig-sound-classification\data\raw\wu_pig_speech\1327-3.wav,other,wu_pig_speech
C:\py\pigsound\pig-sound-classification\data\raw\wu_pig_speech\1328-3.wav,other,wu_pig_speech
C:\py\pigsound\pig-sound-classification\data\raw\wu_pig_speech\1329-3.wav,other,wu_pig_speech
C:\py\pigsound\pig-sound-classification\data\raw\wu_pig_speech\133-0.wav,other,wu_pig_speech
C:\py\pigsound\pig-sound-classification\data\raw\wu_pig_speech\1330-3.wav,other,wu_pig_speech
C:\py\pigsound\pig-sound-classification\data\raw\wu_pig_speech\1331-3.wav,other,wu_pig_speech
C:\py\pigsound\pig-sound-classification\data\raw\wu_pig_speech\1332-3.wav,other,wu_pig_speech
C:\py\pigsound\pig-sound-classification\data\raw\wu_pig_speech\1333-3.wav,other,wu_pig_speech
C:\py\pigsound\pig-sound-classification\data\raw\wu_pig_speech\1334-3.wav,other,wu_pig_speech
C:\py\pigsound\pig-sound-classification\data\raw\wu_pig_speech\1335-3.wav,other,wu_pig_speech
C:\py\pigsound\pig-sound-classification\data\raw\wu_pig_speech\1336-3.wav,other,wu_pig_speech
C:\py\pigsound\pig-sound-classification\data\raw\wu_pig_speech\1337-3.wav,other,wu_pig_speech
C:\py\pigsound\pig-sound-classification\data\raw\wu_pig_speech\1338-3.wav,other,wu_pig_speech
C:\py\pigsound\pig-sound-classification\data\raw\wu_pig_speech\1339-3.wav,other,wu_pig_speech
C:\py\pigsound\pig-sound-classification\data\raw\wu_pig_speech\134-0.wav,other,wu_pig_speech
C:\py\pigsound\pig-sound-classification\data\raw\wu_pig_speech\1340-3.wav,other,wu_pig_speech
C:\py\pigsound\pig-sound-classification\data\raw\wu_pig_speech\1341-3.wav,other,wu_pig_speech
C:\py\pigsound\pig-sound-classification\data\raw\wu_pig_speech\1342-3.wav,other,wu_pig_speech
C:\py\pigsound\pig-sound-classification\data\raw\wu_pig_speech\1343-3.wav,other,wu_pig_speech
C:\py\pigsound\pig-sound-classification\data\raw\wu_pig_speech\1344-3.wav,other,wu_pig_speech
C:\py\pigsound\pig-sound-classification\data\raw\wu_pig_speech\1345-3.wav,other,wu_pig_speech
C:\py\pigsound\pig-sound-classification\data\raw\wu_pig_speech\1346-3.wav,other,wu_pig_speech
C:\py\pigsound\pig-sound-classification\data\raw\wu_pig_speech\1347-3.wav,other,wu_pig_speech
C:\py\pigsound\pig-sound-classification\data\raw\wu_pig_speech\1348-3.wav,other,wu_pig_speech
C:\py\pigsound\pig-sound-classification\data\raw\wu_pig_speech\1349-3.wav,other,wu_pig_speech
C:\py\pigsound\pig-sound-classification\data\raw\wu_pig_speech\135-0.wav,other,wu_pig_speech
C:\py\pigsound\pig-sound-classification\data\raw\wu_pig_speech\1350-3.wav,other,wu_pig_speech
C:\py\pigsound\pig-sound-classification\data\raw\wu_pig_speech\1351-3.wav,other,wu_pig_speech
C:\py\pigsound\pig-sound-classification\data\raw\wu_pig_speech\1352-3.wav,other,wu_pig_speech
C:\py\pigsound\pig-sound-classification\data\raw\wu_pig_speech\1353-3.wav,other,wu_pig_speech
C:\py\pigsound\pig-sound-classification\data\raw\wu_pig_speech\1354-3.wav,other,wu_pig_speech
C:\py\pigsound\pig-sound-classification\data\raw\wu_pig_speech\1355-3.wav,other,wu_pig_speech
C:\py\pigsound\pig-sound-classification\data\raw\wu_pig_speech\1356-3.wav,other,wu_pig_speech
C:\py\pigsound\pig-sound-classification\data\raw\wu_pig_speech\1357-3.wav,other,wu_pig_speech
C:\py\pigsound\pig-sound-classification\data\raw\wu_pig_speech\1358-3.wav,other,wu_pig_speech
C:\py\pigsound\pig-sound-classification\data\raw\wu_pig_speech\1359-3.wav,other,wu_pig_speech
C:\py\pigsound\pig-sound-classification\data\raw\wu_pig_speech\136-0.wav,other,wu_pig_speech
C:\py\pigsound\pig-sound-classification\data\raw\wu_pig_speech\1360-3.wav,other,wu_pig_speech
C:\py\pigsound\pig-sound-classification\data\raw\wu_pig_speech\1361-3.wav,other,wu_pig_speech
C:\py\pigsound\pig-sound-classification\data\raw\wu_pig_speech\1362-3.wav,other,wu_pig_speech
C:\py\pigsound\pig-sound-classification\data\raw\wu_pig_speech\1363-3.wav,other,wu_pig_speech
C:\py\pigsound\pig-sound-classification\data\raw\wu_pig_speech\1364-3.wav,other,wu_pig_speech
C:\py\pigsound\pig-sound-classification\data\raw\wu_pig_speech\1365-3.wav,other,wu_pig_speech
C:\py\pigsound\pig-sound-classification\data\raw\wu_pig_speech\1366-3.wav,other,wu_pig_speech
C:\py\pigsound\pig-sound-classification\data\raw\wu_pig_speech\1367-3.wav,other,wu_pig_speech
C:\py\pigsound\pig-sound-classification\data\raw\wu_pig_speech\1368-3.wav,other,wu_pig_speech
C:\py\pigsound\pig-sound-classification\data\raw\wu_pig_speech\1369-3.wav,other,wu_pig_speech
C:\py\pigsound\pig-sound-classification\data\raw\wu_pig_speech\137-0.wav,other,wu_pig_speech
C:\py\pigsound\pig-sound-classification\data\raw\wu_pig_speech\1370-3.wav,other,wu_pig_speech
C:\py\pigsound\pig-sound-classification\data\raw\wu_pig_speech\1371-3.wav,other,wu_pig_speech
C:\py\pigsound\pig-sound-classification\data\raw\wu_pig_speech\1372-3.wav,other,wu_pig_speech
C:\py\pigsound\pig-sound-classification\data\raw\wu_pig_speech\1373-3.wav,other,wu_pig_speech
C:\py\pigsound\pig-sound-classification\data\raw\wu_pig_speech\1374-3.wav,other,wu_pig_speech
C:\py\pigsound\pig-sound-classification\data\raw\wu_pig_speech\1375-3.wav,other,wu_pig_speech
C:\py\pigsound\pig-sound-classification\data\raw\wu_pig_speech\1376-3.wav,other,wu_pig_speech
C:\py\pigsound\pig-sound-classification\data\raw\wu_pig_speech\1377-3.wav,other,wu_pig_speech
C:\py\pigsound\pig-sound-classification\data\raw\wu_pig_speech\1378-3.wav,other,wu_pig_speech
C:\py\pigsound\pig-sound-classification\data\raw\wu_pig_speech\1379-3.wav,other,wu_pig_speech
C:\py\pigsound\pig-sound-classification\data\raw\wu_pig_speech\138-0.wav,other,wu_pig_speech
C:\py\pigsound\pig-sound-classification\data\raw\wu_pig_speech\1380-3.wav,other,wu_pig_speech
C:\py\pigsound\pig-sound-classification\data\raw\wu_pig_speech\1381-3.wav,other,wu_pig_speech
C:\py\pigsound\pig-sound-classification\data\raw\wu_pig_speech\1382-3.wav,other,wu_pig_speech
C:\py\pigsound\pig-sound-classification\data\raw\wu_pig_speech\1383-3.wav,other,wu_pig_speech
C:\py\pigsound\pig-sound-classification\data\raw\wu_pig_speech\1384-3.wav,other,wu_pig_speech
C:\py\pigsound\pig-sound-classification\data\raw\wu_pig_speech\1385-3.wav,other,wu_pig_speech
C:\py\pigsound\pig-sound-classification\data\raw\wu_pig_speech\1386-3.wav,other,wu_pig_speech
C:\py\pigsound\pig-sound-classification\data\raw\wu_pig_speech\1387-3.wav,other,wu_pig_speech
C:\py\pigsound\pig-sound-classification\data\raw\wu_pig_speech\1388-3.wav,other,wu_pig_speech
C:\py\pigsound\pig-sound-classification\data\raw\wu_pig_speech\1389-3.wav,other,wu_pig_speech
C:\py\pigsound\pig-sound-classification\data\raw\wu_pig_speech\139-0.wav,other,wu_pig_speech
C:\py\pigsound\pig-sound-classification\data\raw\wu_pig_speech\1390-3.wav,other,wu_pig_speech
C:\py\pigsound\pig-sound-classification\data\raw\wu_pig_speech\1391-3.wav,other,wu_pig_speech
C:\py\pigsound\pig-sound-classification\data\raw\wu_pig_speech\1392-3.wav,other,wu_pig_speech
C:\py\pigsound\pig-sound-classification\data\raw\wu_pig_speech\1393-3.wav,other,wu_pig_speech
C:\py\pigsound\pig-sound-classification\data\raw\wu_pig_speech\1394-3.wav,other,wu_pig_speech
C:\py\pigsound\pig-sound-classification\data\raw\wu_pig_speech\1395-3.wav,other,wu_pig_speech
C:\py\pigsound\pig-sound-classification\data\raw\wu_pig_speech\1396-3.wav,other,wu_pig_speech
C:\py\pigsound\pig-sound-classification\data\raw\wu_pig_speech\1397-3.wav,other,wu_pig_speech
C:\py\pigsound\pig-sound-classification\data\raw\wu_pig_speech\1398-3.wav,other,wu_pig_speech
C:\py\pigsound\pig-sound-classification\data\raw\wu_pig_speech\1399-3.wav,other,wu_pig_speech
C:\py\pigsound\pig-sound-classification\data\raw\wu_pig_speech\14-0.wav,other,wu_pig_speech
C:\py\pigsound\pig-sound-classification\data\raw\wu_pig_speech\140-0.wav,other,wu_pig_speech
C:\py\pigsound\pig-sound-classification\data\raw\wu_pig_speech\1401-3.wav,other,wu_pig_speech
C:\py\pigsound\pig-sound-classification\data\raw\wu_pig_speech\1402-3.wav,other,wu_pig_speech
C:\py\pigsound\pig-sound-classification\data\raw\wu_pig_speech\1403-3.wav,other,wu_pig_speech
C:\py\pigsound\pig-sound-classification\data\raw\wu_pig_speech\1404-3.wav,other,wu_pig_speech
C:\py\pigsound\pig-sound-classification\data\raw\wu_pig_speech\1405-3.wav,other,wu_pig_speech
C:\py\pigsound\pig-sound-classification\data\raw\wu_pig_speech\1406-3.wav,other,wu_pig_speech
C:\py\pigsound\pig-sound-classification\data\raw\wu_pig_speech\1407-3.wav,other,wu_pig_speech
C:\py\pigsound\pig-sound-classification\data\raw\wu_pig_speech\1408-3.wav,other,wu_pig_speech
C:\py\pigsound\pig-sound-classification\data\raw\wu_pig_speech\1409-3.wav,other,wu_pig_speech
C:\py\pigsound\pig-sound-classification\data\raw\wu_pig_speech\141-0.wav,other,wu_pig_speech
C:\py\pigsound\pig-sound-classification\data\raw\wu_pig_speech\1410-3.wav,other,wu_pig_speech
C:\py\pigsound\pig-sound-classification\data\raw\wu_pig_speech\1411-3.wav,other,wu_pig_speech
C:\py\pigsound\pig-sound-classification\data\raw\wu_pig_speech\1412-3.wav,other,wu_pig_speech
C:\py\pigsound\pig-sound-classification\data\raw\wu_pig_speech\1413-3.wav,other,wu_pig_speech
C:\py\pigsound\pig-sound-classification\data\raw\wu_pig_speech\1414-3.wav,other,wu_pig_speech
C:\py\pigsound\pig-sound-classification\data\raw\wu_pig_speech\1415-3.wav,other,wu_pig_speech
C:\py\pigsound\pig-sound-classification\data\raw\wu_pig_speech\1416-3.wav,other,wu_pig_speech
C:\py\pigsound\pig-sound-classification\data\raw\wu_pig_speech\1417-3.wav,other,wu_pig_speech
C:\py\pigsound\pig-sound-classification\data\raw\wu_pig_speech\1418-3.wav,other,wu_pig_speech
C:\py\pigsound\pig-sound-classification\data\raw\wu_pig_speech\1419-3.wav,other,wu_pig_speech
C:\py\pigsound\pig-sound-classification\data\raw\wu_pig_speech\142-0.wav,other,wu_pig_speech
C:\py\pigsound\pig-sound-classification\data\raw\wu_pig_speech\1420-3.wav,other,wu_pig_speech
C:\py\pigsound\pig-sound-classification\data\raw\wu_pig_speech\1421-3.wav,other,wu_pig_speech
C:\py\pigsound\pig-sound-classification\data\raw\wu_pig_speech\1422-3.wav,other,wu_pig_speech
C:\py\pigsound\pig-sound-classification\data\raw\wu_pig_speech\1423-3.wav,other,wu_pig_speech
C:\py\pigsound\pig-sound-classification\data\raw\wu_pig_speech\1424-3.wav,other,wu_pig_speech
C:\py\pigsound\pig-sound-classification\data\raw\wu_pig_speech\1425-3.wav,other,wu_pig_speech
C:\py\pigsound\pig-sound-classification\data\raw\wu_pig_speech\1426-3.wav,other,wu_pig_speech
C:\py\pigsound\pig-sound-classification\data\raw\wu_pig_speech\1427-3.wav,other,wu_pig_speech
C:\py\pigsound\pig-sound-classification\data\raw\wu_pig_speech\1428-3.wav,other,wu_pig_speech
C:\py\pigsound\pig-sound-classification\data\raw\wu_pig_speech\1429-3.wav,other,wu_pig_speech
C:\py\pigsound\pig-sound-classification\data\raw\wu_pig_speech\143-0.wav,other,wu_pig_speech
C:\py\pigsound\pig-sound-classification\data\raw\wu_pig_speech\1430-3.wav,other,wu_pig_speech
C:\py\pigsound\pig-sound-classification\data\raw\wu_pig_speech\1431-3.wav,other,wu_pig_speech
C:\py\pigsound\pig-sound-classification\data\raw\wu_pig_speech\1432-3.wav,other,wu_pig_speech
C:\py\pigsound\pig-sound-classification\data\raw\wu_pig_speech\1433-3.wav,other,wu_pig_speech
C:\py\pigsound\pig-sound-classification\data\raw\wu_pig_speech\1434-3.wav,other,wu_pig_speech
C:\py\pigsound\pig-sound-classification\data\raw\wu_pig_speech\1435-3.wav,other,wu_pig_speech
C:\py\pigsound\pig-sound-classification\data\raw\wu_pig_speech\1436-3.wav,other,wu_pig_speech
C:\py\pigsound\pig-sound-classification\data\raw\wu_pig_speech\1437-3.wav,other,wu_pig_speech
C:\py\pigsound\pig-sound-classification\data\raw\wu_pig_speech\1438-3.wav,other,wu_pig_speech
C:\py\pigsound\pig-sound-classification\data\raw\wu_pig_speech\1439-3.wav,other,wu_pig_speech
C:\py\pigsound\pig-sound-classification\data\raw\wu_pig_speech\144-0.wav,other,wu_pig_speech
C:\py\pigsound\pig-sound-classification\data\raw\wu_pig_speech\1440-3.wav,other,wu_pig_speech
C:\py\pigsound\pig-sound-classification\data\raw\wu_pig_speech\1441-3.wav,other,wu_pig_speech
C:\py\pigsound\pig-sound-classification\data\raw\wu_pig_speech\1442-3.wav,other,wu_pig_speech
C:\py\pigsound\pig-sound-classification\data\raw\wu_pig_speech\1443-3.wav,other,wu_pig_speech
C:\py\pigsound\pig-sound-classification\data\raw\wu_pig_speech\1444-3.wav,other,wu_pig_speech
C:\py\pigsound\pig-sound-classification\data\raw\wu_pig_speech\1445-3.wav,other,wu_pig_speech
C:\py\pigsound\pig-sound-classification\data\raw\wu_pig_speech\1446-3.wav,other,wu_pig_speech
C:\py\pigsound\pig-sound-classification\data\raw\wu_pig_speech\1447-3.wav,other,wu_pig_speech
C:\py\pigsound\pig-sound-classification\data\raw\wu_pig_speech\1448-3.wav,other,wu_pig_speech
C:\py\pigsound\pig-sound-classification\data\raw\wu_pig_speech\1449-3.wav,other,wu_pig_speech
C:\py\pigsound\pig-sound-classification\data\raw\wu_pig_speech\145-0.wav,other,wu_pig_speech
C:\py\pigsound\pig-sound-classification\data\raw\wu_pig_speech\1450-3.wav,other,wu_pig_speech
C:\py\pigsound\pig-sound-classification\data\raw\wu_pig_speech\1451-3.wav,other,wu_pig_speech
C:\py\pigsound\pig-sound-classification\data\raw\wu_pig_speech\1452-3.wav,other,wu_pig_speech
C:\py\pigsound\pig-sound-classification\data\raw\wu_pig_speech\1453-3.wav,other,wu_pig_speech
C:\py\pigsound\pig-sound-classification\data\raw\wu_pig_speech\1454-3.wav,other,wu_pig_speech
C:\py\pigsound\pig-sound-classification\data\raw\wu_pig_speech\1455-3.wav,other,wu_pig_speech
C:\py\pigsound\pig-sound-classification\data\raw\wu_pig_speech\1456-3.wav,other,wu_pig_speech
C:\py\pigsound\pig-sound-classification\data\raw\wu_pig_speech\1457-3.wav,other,wu_pig_speech
C:\py\pigsound\pig-sound-classification\data\raw\wu_pig_speech\1458-3.wav,other,wu_pig_speech
C:\py\pigsound\pig-sound-classification\data\raw\wu_pig_speech\1459-3.wav,other,wu_pig_speech
C:\py\pigsound\pig-sound-classification\data\raw\wu_pig_speech\146-0.wav,other,wu_pig_speech
C:\py\pigsound\pig-sound-classification\data\raw\wu_pig_speech\1460-3.wav,other,wu_pig_speech
C:\py\pigsound\pig-sound-classification\data\raw\wu_pig_speech\1461-3.wav,other,wu_pig_speech
C:\py\pigsound\pig-sound-classification\data\raw\wu_pig_speech\1462-3.wav,other,wu_pig_speech
C:\py\pigsound\pig-sound-classification\data\raw\wu_pig_speech\1463-3.wav,other,wu_pig_speech
C:\py\pigsound\pig-sound-classification\data\raw\wu_pig_speech\1464-3.wav,other,wu_pig_speech
C:\py\pigsound\pig-sound-classification\data\raw\wu_pig_speech\1465-3.wav,other,wu_pig_speech
C:\py\pigsound\pig-sound-classification\data\raw\wu_pig_speech\1466-3.wav,other,wu_pig_speech
C:\py\pigsound\pig-sound-classification\data\raw\wu_pig_speech\1467-3.wav,other,wu_pig_speech
C:\py\pigsound\pig-sound-classification\data\raw\wu_pig_speech\1468-3.wav,other,wu_pig_speech
C:\py\pigsound\pig-sound-classification\data\raw\wu_pig_speech\1469-3.wav,other,wu_pig_speech
C:\py\pigsound\pig-sound-classification\data\raw\wu_pig_speech\147-0.wav,other,wu_pig_speech
C:\py\pigsound\pig-sound-classification\data\raw\wu_pig_speech\1470-3.wav,other,wu_pig_speech
C:\py\pigsound\pig-sound-classification\data\raw\wu_pig_speech\1471-3.wav,other,wu_pig_speech
C:\py\pigsound\pig-sound-classification\data\raw\wu_pig_speech\1472-3.wav,other,wu_pig_speech
C:\py\pigsound\pig-sound-classification\data\raw\wu_pig_speech\1473-3.wav,other,wu_pig_speech
C:\py\pigsound\pig-sound-classification\data\raw\wu_pig_speech\1474-3.wav,other,wu_pig_speech
C:\py\pigsound\pig-sound-classification\data\raw\wu_pig_speech\1475-3.wav,other,wu_pig_speech
C:\py\pigsound\pig-sound-classification\data\raw\wu_pig_speech\1476-3.wav,other,wu_pig_speech
C:\py\pigsound\pig-sound-classification\data\raw\wu_pig_speech\1477-3.wav,other,wu_pig_speech
C:\py\pigsound\pig-sound-classification\data\raw\wu_pig_speech\1478-3.wav,other,wu_pig_speech
C:\py\pigsound\pig-sound-classification\data\raw\wu_pig_speech\1479-3.wav,other,wu_pig_speech
C:\py\pigsound\pig-sound-classification\data\raw\wu_pig_speech\148-0.wav,other,wu_pig_speech
C:\py\pigsound\pig-sound-classification\data\raw\wu_pig_speech\1480-3.wav,other,wu_pig_speech
C:\py\pigsound\pig-sound-classification\data\raw\wu_pig_speech\1481-3.wav,other,wu_pig_speech
C:\py\pigsound\pig-sound-classification\data\raw\wu_pig_speech\1482-3.wav,other,wu_pig_speech
C:\py\pigsound\pig-sound-classification\data\raw\wu_pig_speech\1483-3.wav,other,wu_pig_speech
C:\py\pigsound\pig-sound-classification\data\raw\wu_pig_speech\1484-3.wav,other,wu_pig_speech
C:\py\pigsound\pig-sound-classification\data\raw\wu_pig_speech\1485-3.wav,other,wu_pig_speech
C:\py\pigsound\pig-sound-classification\data\raw\wu_pig_speech\1486-3.wav,other,wu_pig_speech
C:\py\pigsound\pig-sound-classification\data\raw\wu_pig_speech\1487-3.wav,other,wu_pig_speech
C:\py\pigsound\pig-sound-classification\data\raw\wu_pig_speech\1488-3.wav,other,wu_pig_speech
C:\py\pigsound\pig-sound-classification\data\raw\wu_pig_speech\1489-3.wav,other,wu_pig_speech
C:\py\pigsound\pig-sound-classification\data\raw\wu_pig_speech\149-0.wav,other,wu_pig_speech
C:\py\pigsound\pig-sound-classification\data\raw\wu_pig_speech\1490-3.wav,other,wu_pig_speech
C:\py\pigsound\pig-sound-classification\data\raw\wu_pig_speech\1491-3.wav,other,wu_pig_speech
C:\py\pigsound\pig-sound-classification\data\raw\wu_pig_speech\1492-3.wav,other,wu_pig_speech
C:\py\pigsound\pig-sound-classification\data\raw\wu_pig_speech\1493-3.wav,other,wu_pig_speech
C:\py\pigsound\pig-sound-classification\data\raw\wu_pig_speech\1494-3.wav,other,wu_pig_speech
C:\py\pigsound\pig-sound-classification\data\raw\wu_pig_speech\1495-3.wav,other,wu_pig_speech
C:\py\pigsound\pig-sound-classification\data\raw\wu_pig_speech\1496-3.wav,other,wu_pig_speech
C:\py\pigsound\pig-sound-classification\data\raw\wu_pig_speech\1497-3.wav,other,wu_pig_speech
C:\py\pigsound\pig-sound-classification\data\raw\wu_pig_speech\1498-3.wav,other,wu_pig_speech
C:\py\pigsound\pig-sound-classification\data\raw\wu_pig_speech\1499-3.wav,other,wu_pig_speech
C:\py\pigsound\pig-sound-classification\data\raw\wu_pig_speech\15-0.wav,other,wu_pig_speech
C:\py\pigsound\pig-sound-classification\data\raw\wu_pig_speech\150-0.wav,other,wu_pig_speech
C:\py\pigsound\pig-sound-classification\data\raw\wu_pig_speech\1500-3.wav,other,wu_pig_speech
C:\py\pigsound\pig-sound-classification\data\raw\wu_pig_speech\1501-3.wav,other,wu_pig_speech
C:\py\pigsound\pig-sound-classification\data\raw\wu_pig_speech\1502-3.wav,other,wu_pig_speech
C:\py\pigsound\pig-sound-classification\data\raw\wu_pig_speech\1503-3.wav,other,wu_pig_speech
C:\py\pigsound\pig-sound-classification\data\raw\wu_pig_speech\1504-3.wav,other,wu_pig_speech
C:\py\pigsound\pig-sound-classification\data\raw\wu_pig_speech\1505-3.wav,other,wu_pig_speech
C:\py\pigsound\pig-sound-classification\data\raw\wu_pig_speech\1506-3.wav,other,wu_pig_speech
C:\py\pigsound\pig-sound-classification\data\raw\wu_pig_speech\1507-3.wav,other,wu_pig_speech
C:\py\pigsound\pig-sound-classification\data\raw\wu_pig_speech\1508-3.wav,other,wu_pig_speech
C:\py\pigsound\pig-sound-classification\data\raw\wu_pig_speech\1509-3.wav,other,wu_pig_speech
C:\py\pigsound\pig-sound-classification\data\raw\wu_pig_speech\151-0.wav,other,wu_pig_speech
C:\py\pigsound\pig-sound-classification\data\raw\wu_pig_speech\1510-3.wav,other,wu_pig_speech
C:\py\pigsound\pig-sound-classification\data\raw\wu_pig_speech\1511-3.wav,other,wu_pig_speech
C:\py\pigsound\pig-sound-classification\data\raw\wu_pig_speech\1512-3.wav,other,wu_pig_speech
C:\py\pigsound\pig-sound-classification\data\raw\wu_pig_speech\1513-3.wav,other,wu_pig_speech
C:\py\pigsound\pig-sound-classification\data\raw\wu_pig_speech\1515-3.wav,other,wu_pig_speech
C:\py\pigsound\pig-sound-classification\data\raw\wu_pig_speech\1516-3.wav,other,wu_pig_speech
C:\py\pigsound\pig-sound-classification\data\raw\wu_pig_speech\1517-3.wav,other,wu_pig_speech
C:\py\pigsound\pig-sound-classification\data\raw\wu_pig_speech\1518-3.wav,other,wu_pig_speech
C:\py\pigsound\pig-sound-classification\data\raw\wu_pig_speech\1519-3.wav,other,wu_pig_speech
C:\py\pigsound\pig-sound-classification\data\raw\wu_pig_speech\152-0.wav,other,wu_pig_speech
C:\py\pigsound\pig-sound-classification\data\raw\wu_pig_speech\1520-3.wav,other,wu_pig_speech
C:\py\pigsound\pig-sound-classification\data\raw\wu_pig_speech\1521-3.wav,other,wu_pig_speech
C:\py\pigsound\pig-sound-classification\data\raw\wu_pig_speech\1522-3.wav,other,wu_pig_speech
C:\py\pigsound\pig-sound-classification\data\raw\wu_pig_speech\1523-3.wav,other,wu_pig_speech
C:\py\pigsound\pig-sound-classification\data\raw\wu_pig_speech\1524-3.wav,other,wu_pig_speech
C:\py\pigsound\pig-sound-classification\data\raw\wu_pig_speech\1525-3.wav,other,wu_pig_speech
C:\py\pigsound\pig-sound-classification\data\raw\wu_pig_speech\1526-3.wav,other,wu_pig_speech
C:\py\pigsound\pig-sound-classification\data\raw\wu_pig_speech\1527-3.wav,other,wu_pig_speech
C:\py\pigsound\pig-sound-classification\data\raw\wu_pig_speech\1528-3.wav,other,wu_pig_speech
C:\py\pigsound\pig-sound-classification\data\raw\wu_pig_speech\1529-3.wav,other,wu_pig_speech
C:\py\pigsound\pig-sound-classification\data\raw\wu_pig_speech\153-0.wav,other,wu_pig_speech
C:\py\pigsound\pig-sound-classification\data\raw\wu_pig_speech\1530-3.wav,other,wu_pig_speech
C:\py\pigsound\pig-sound-classification\data\raw\wu_pig_speech\1531-3.wav,other,wu_pig_speech
C:\py\pigsound\pig-sound-classification\data\raw\wu_pig_speech\1532-3.wav,other,wu_pig_speech
C:\py\pigsound\pig-sound-classification\data\raw\wu_pig_speech\1533-3.wav,other,wu_pig_speech
C:\py\pigsound\pig-sound-classification\data\raw\wu_pig_speech\1534-3.wav,other,wu_pig_speech
C:\py\pigsound\pig-sound-classification\data\raw\wu_pig_speech\1535-3.wav,other,wu_pig_speech
C:\py\pigsound\pig-sound-classification\data\raw\wu_pig_speech\1536-3.wav,other,wu_pig_speech
C:\py\pigsound\pig-sound-classification\data\raw\wu_pig_speech\1537-3.wav,other,wu_pig_speech
C:\py\pigsound\pig-sound-classification\data\raw\wu_pig_speech\1538-3.wav,other,wu_pig_speech
C:\py\pigsound\pig-sound-classification\data\raw\wu_pig_speech\1539-3.wav,other,wu_pig_speech
C:\py\pigsound\pig-sound-classification\data\raw\wu_pig_speech\154-0.wav,other,wu_pig_speech
C:\py\pigsound\pig-sound-classification\data\raw\wu_pig_speech\1540-3.wav,other,wu_pig_speech
C:\py\pigsound\pig-sound-classification\data\raw\wu_pig_speech\1541-3.wav,other,wu_pig_speech
C:\py\pigsound\pig-sound-classification\data\raw\wu_pig_speech\1542-3.wav,other,wu_pig_speech
C:\py\pigsound\pig-sound-classification\data\raw\wu_pig_speech\1543-3.wav,other,wu_pig_speech
C:\py\pigsound\pig-sound-classification\data\raw\wu_pig_speech\1544-3.wav,other,wu_pig_speech
C:\py\pigsound\pig-sound-classification\data\raw\wu_pig_speech\1545-3.wav,other,wu_pig_speech
C:\py\pigsound\pig-sound-classification\data\raw\wu_pig_speech\1546-3.wav,other,wu_pig_speech
C:\py\pigsound\pig-sound-classification\data\raw\wu_pig_speech\1547-3.wav,other,wu_pig_speech
C:\py\pigsound\pig-sound-classification\data\raw\wu_pig_speech\1548-3.wav,other,wu_pig_speech
C:\py\pigsound\pig-sound-classification\data\raw\wu_pig_speech\1549-3.wav,other,wu_pig_speech
C:\py\pigsound\pig-sound-classification\data\raw\wu_pig_speech\155-0.wav,other,wu_pig_speech
C:\py\pigsound\pig-sound-classification\data\raw\wu_pig_speech\1550-3.wav,other,wu_pig_speech
C:\py\pigsound\pig-sound-classification\data\raw\wu_pig_speech\1551-3.wav,other,wu_pig_speech
C:\py\pigsound\pig-sound-classification\data\raw\wu_pig_speech\1552-3.wav,other,wu_pig_speech
C:\py\pigsound\pig-sound-classification\data\raw\wu_pig_speech\1553-3.wav,other,wu_pig_speech
C:\py\pigsound\pig-sound-classification\data\raw\wu_pig_speech\1554-3.wav,other,wu_pig_speech
C:\py\pigsound\pig-sound-classification\data\raw\wu_pig_speech\1555-3.wav,other,wu_pig_speech
C:\py\pigsound\pig-sound-classification\data\raw\wu_pig_speech\1556-3.wav,other,wu_pig_speech
C:\py\pigsound\pig-sound-classification\data\raw\wu_pig_speech\1557-3.wav,other,wu_pig_speech
C:\py\pigsound\pig-sound-classification\data\raw\wu_pig_speech\1558-3.wav,other,wu_pig_speech
C:\py\pigsound\pig-sound-classification\data\raw\wu_pig_speech\1559-3.wav,other,wu_pig_speech
C:\py\pigsound\pig-sound-classification\data\raw\wu_pig_speech\156-0.wav,other,wu_pig_speech
C:\py\pigsound\pig-sound-classification\data\raw\wu_pig_speech\1560-3.wav,other,wu_pig_speech
C:\py\pigsound\pig-sound-classification\data\raw\wu_pig_speech\1561-3.wav,other,wu_pig_speech
C:\py\pigsound\pig-sound-classification\data\raw\wu_pig_speech\1562-3.wav,other,wu_pig_speech
C:\py\pigsound\pig-sound-classification\data\raw\wu_pig_speech\1563-3.wav,other,wu_pig_speech
C:\py\pigsound\pig-sound-classification\data\raw\wu_pig_speech\1564-3.wav,other,wu_pig_speech
C:\py\pigsound\pig-sound-classification\data\raw\wu_pig_speech\1565-3.wav,other,wu_pig_speech
C:\py\pigsound\pig-sound-classification\data\raw\wu_pig_speech\1566-3.wav,other,wu_pig_speech
C:\py\pigsound\pig-sound-classification\data\raw\wu_pig_speech\1567-3.wav,other,wu_pig_speech
C:\py\pigsound\pig-sound-classification\data\raw\wu_pig_speech\1568-3.wav,other,wu_pig_speech
C:\py\pigsound\pig-sound-classification\data\raw\wu_pig_speech\1569-3.wav,other,wu_pig_speech
C:\py\pigsound\pig-sound-classification\data\raw\wu_pig_speech\157-0.wav,other,wu_pig_speech
C:\py\pigsound\pig-sound-classification\data\raw\wu_pig_speech\1570-3.wav,other,wu_pig_speech
C:\py\pigsound\pig-sound-classification\data\raw\wu_pig_speech\1571-3.wav,other,wu_pig_speech
C:\py\pigsound\pig-sound-classification\data\raw\wu_pig_speech\1572-3.wav,other,wu_pig_speech
C:\py\pigsound\pig-sound-classification\data\raw\wu_pig_speech\1573-3.wav,other,wu_pig_speech
C:\py\pigsound\pig-sound-classification\data\raw\wu_pig_speech\1574-3.wav,other,wu_pig_speech
C:\py\pigsound\pig-sound-classification\data\raw\wu_pig_speech\1575-3.wav,other,wu_pig_speech
C:\py\pigsound\pig-sound-classification\data\raw\wu_pig_speech\1576-3.wav,other,wu_pig_speech
C:\py\pigsound\pig-sound-classification\data\raw\wu_pig_speech\1577-3.wav,other,wu_pig_speech
C:\py\pigsound\pig-sound-classification\data\raw\wu_pig_speech\1578-3.wav,other,wu_pig_speech
C:\py\pigsound\pig-sound-classification\data\raw\wu_pig_speech\1579-3.wav,other,wu_pig_speech
C:\py\pigsound\pig-sound-classification\data\raw\wu_pig_speech\158-0.wav,other,wu_pig_speech
C:\py\pigsound\pig-sound-classification\data\raw\wu_pig_speech\1580-3.wav,other,wu_pig_speech
C:\py\pigsound\pig-sound-classification\data\raw\wu_pig_speech\1581-3.wav,other,wu_pig_speech
C:\py\pigsound\pig-sound-classification\data\raw\wu_pig_speech\1582-3.wav,other,wu_pig_speech
C:\py\pigsound\pig-sound-classification\data\raw\wu_pig_speech\1583-3.wav,other,wu_pig_speech
C:\py\pigsound\pig-sound-classification\data\raw\wu_pig_speech\1584-3.wav,other,wu_pig_speech
C:\py\pigsound\pig-sound-classification\data\raw\wu_pig_speech\1585-3.wav,other,wu_pig_speech
C:\py\pigsound\pig-sound-classification\data\raw\wu_pig_speech\1586-3.wav,other,wu_pig_speech
C:\py\pigsound\pig-sound-classification\data\raw\wu_pig_speech\1587-3.wav,other,wu_pig_speech
C:\py\pigsound\pig-sound-classification\data\raw\wu_pig_speech\1588-3.wav,other,wu_pig_speech
C:\py\pigsound\pig-sound-classification\data\raw\wu_pig_speech\1589-3.wav,other,wu_pig_speech
C:\py\pigsound\pig-sound-classification\data\raw\wu_pig_speech\159-0.wav,other,wu_pig_speech
C:\py\pigsound\pig-sound-classification\data\raw\wu_pig_speech\1590-3.wav,other,wu_pig_speech
C:\py\pigsound\pig-sound-classification\data\raw\wu_pig_speech\1591-3.wav,other,wu_pig_speech
C:\py\pigsound\pig-sound-classification\data\raw\wu_pig_speech\1593-3.wav,other,wu_pig_speech
C:\py\pigsound\pig-sound-classification\data\raw\wu_pig_speech\1594-3.wav,other,wu_pig_speech
C:\py\pigsound\pig-sound-classification\data\raw\wu_pig_speech\1595-3.wav,other,wu_pig_speech
C:\py\pigsound\pig-sound-classification\data\raw\wu_pig_speech\1596-3.wav,other,wu_pig_speech
C:\py\pigsound\pig-sound-classification\data\raw\wu_pig_speech\1597-3.wav,other,wu_pig_speech
C:\py\pigsound\pig-sound-classification\data\raw\wu_pig_speech\1598-3.wav,other,wu_pig_speech
C:\py\pigsound\pig-sound-classification\data\raw\wu_pig_speech\1599-3.wav,other,wu_pig_speech
C:\py\pigsound\pig-sound-classification\data\raw\wu_pig_speech\16-0.wav,other,wu_pig_speech
C:\py\pigsound\pig-sound-classification\data\raw\wu_pig_speech\160-0.wav,other,wu_pig_speech
C:\py\pigsound\pig-sound-classification\data\raw\wu_pig_speech\1600-3.wav,other,wu_pig_speech
C:\py\pigsound\pig-sound-classification\data\raw\wu_pig_speech\1601-3.wav,other,wu_pig_speech
C:\py\pigsound\pig-sound-classification\data\raw\wu_pig_speech\1602-3.wav,other,wu_pig_speech
C:\py\pigsound\pig-sound-classification\data\raw\wu_pig_speech\1603-3.wav,other,wu_pig_speech
C:\py\pigsound\pig-sound-classification\data\raw\wu_pig_speech\1604-3.wav,other,wu_pig_speech
C:\py\pigsound\pig-sound-classification\data\raw\wu_pig_speech\1605-3.wav,other,wu_pig_speech
C:\py\pigsound\pig-sound-classification\data\raw\wu_pig_speech\1606-3.wav,other,wu_pig_speech
C:\py\pigsound\pig-sound-classification\data\raw\wu_pig_speech\1607-3.wav,other,wu_pig_speech
C:\py\pigsound\pig-sound-classification\data\raw\wu_pig_speech\1608-3.wav,other,wu_pig_speech
C:\py\pigsound\pig-sound-classification\data\raw\wu_pig_speech\1609-3.wav,other,wu_pig_speech
C:\py\pigsound\pig-sound-classification\data\raw\wu_pig_speech\161-0.wav,other,wu_pig_speech
C:\py\pigsound\pig-sound-classification\data\raw\wu_pig_speech\1610-3.wav,other,wu_pig_speech
C:\py\pigsound\pig-sound-classification\data\raw\wu_pig_speech\1611-3.wav,other,wu_pig_speech
C:\py\pigsound\pig-sound-classification\data\raw\wu_pig_speech\1612-3.wav,other,wu_pig_speech
C:\py\pigsound\pig-sound-classification\data\raw\wu_pig_speech\1613-3.wav,other,wu_pig_speech
C:\py\pigsound\pig-sound-classification\data\raw\wu_pig_speech\1614-3.wav,other,wu_pig_speech
C:\py\pigsound\pig-sound-classification\data\raw\wu_pig_speech\1615-3.wav,other,wu_pig_speech
C:\py\pigsound\pig-sound-classification\data\raw\wu_pig_speech\1616-3.wav,other,wu_pig_speech
C:\py\pigsound\pig-sound-classification\data\raw\wu_pig_speech\1617-3.wav,other,wu_pig_speech
C:\py\pigsound\pig-sound-classification\data\raw\wu_pig_speech\1618-3.wav,other,wu_pig_speech
C:\py\pigsound\pig-sound-classification\data\raw\wu_pig_speech\1619-3.wav,other,wu_pig_speech
C:\py\pigsound\pig-sound-classification\data\raw\wu_pig_speech\162-0.wav,other,wu_pig_speech
C:\py\pigsound\pig-sound-classification\data\raw\wu_pig_speech\1620-3.wav,other,wu_pig_speech
C:\py\pigsound\pig-sound-classification\data\raw\wu_pig_speech\1621-3.wav,other,wu_pig_speech
C:\py\pigsound\pig-sound-classification\data\raw\wu_pig_speech\1622-3.wav,other,wu_pig_speech
C:\py\pigsound\pig-sound-classification\data\raw\wu_pig_speech\1623-3.wav,other,wu_pig_speech
C:\py\pigsound\pig-sound-classification\data\raw\wu_pig_speech\1624-3.wav,other,wu_pig_speech
C:\py\pigsound\pig-sound-classification\data\raw\wu_pig_speech\1625-3.wav,other,wu_pig_speech
C:\py\pigsound\pig-sound-classification\data\raw\wu_pig_speech\1626-3.wav,other,wu_pig_speech
C:\py\pigsound\pig-sound-classification\data\raw\wu_pig_speech\1627-3.wav,other,wu_pig_speech
C:\py\pigsound\pig-sound-classification\data\raw\wu_pig_speech\1628-3.wav,other,wu_pig_speech
C:\py\pigsound\pig-sound-classification\data\raw\wu_pig_speech\1629-3.wav,other,wu_pig_speech
C:\py\pigsound\pig-sound-classification\data\raw\wu_pig_speech\163-0.wav,other,wu_pig_speech
C:\py\pigsound\pig-sound-classification\data\raw\wu_pig_speech\1630-3.wav,other,wu_pig_speech
C:\py\pigsound\pig-sound-classification\data\raw\wu_pig_speech\1631-3.wav,other,wu_pig_speech
C:\py\pigsound\pig-sound-classification\data\raw\wu_pig_speech\1632-3.wav,other,wu_pig_speech
C:\py\pigsound\pig-sound-classification\data\raw\wu_pig_speech\1633-3.wav,other,wu_pig_speech
C:\py\pigsound\pig-sound-classification\data\raw\wu_pig_speech\1634-3.wav,other,wu_pig_speech
C:\py\pigsound\pig-sound-classification\data\raw\wu_pig_speech\1635-3.wav,other,wu_pig_speech
C:\py\pigsound\pig-sound-classification\data\raw\wu_pig_speech\1636-3.wav,other,wu_pig_speech
C:\py\pigsound\pig-sound-classification\data\raw\wu_pig_speech\1637-3.wav,other,wu_pig_speech
C:\py\pigsound\pig-sound-classification\data\raw\wu_pig_speech\1638-3.wav,other,wu_pig_speech
C:\py\pigsound\pig-sound-classification\data\raw\wu_pig_speech\1639-3.wav,other,wu_pig_speech
C:\py\pigsound\pig-sound-classification\data\raw\wu_pig_speech\164-0.wav,other,wu_pig_speech
C:\py\pigsound\pig-sound-classification\data\raw\wu_pig_speech\1640-3.wav,other,wu_pig_speech
C:\py\pigsound\pig-sound-classification\data\raw\wu_pig_speech\1641-3.wav,other,wu_pig_speech
C:\py\pigsound\pig-sound-classification\data\raw\wu_pig_speech\1642-3.wav,other,wu_pig_speech
C:\py\pigsound\pig-sound-classification\data\raw\wu_pig_speech\1643-3.wav,other,wu_pig_speech
C:\py\pigsound\pig-sound-classification\data\raw\wu_pig_speech\1644-3.wav,other,wu_pig_speech
C:\py\pigsound\pig-sound-classification\data\raw\wu_pig_speech\1645-3.wav,other,wu_pig_speech
C:\py\pigsound\pig-sound-classification\data\raw\wu_pig_speech\1646-3.wav,other,wu_pig_speech
C:\py\pigsound\pig-sound-classification\data\raw\wu_pig_speech\1647-3.wav,other,wu_pig_speech
C:\py\pigsound\pig-sound-classification\data\raw\wu_pig_speech\1648-3.wav,other,wu_pig_speech
C:\py\pigsound\pig-sound-classification\data\raw\wu_pig_speech\1649-3.wav,other,wu_pig_speech
C:\py\pigsound\pig-sound-classification\data\raw\wu_pig_speech\165-0.wav,other,wu_pig_speech
C:\py\pigsound\pig-sound-classification\data\raw\wu_pig_speech\1650-3.wav,other,wu_pig_speech
C:\py\pigsound\pig-sound-classification\data\raw\wu_pig_speech\1651-3.wav,other,wu_pig_speech
C:\py\pigsound\pig-sound-classification\data\raw\wu_pig_speech\1652-3.wav,other,wu_pig_speech
C:\py\pigsound\pig-sound-classification\data\raw\wu_pig_speech\1653-3.wav,other,wu_pig_speech
C:\py\pigsound\pig-sound-classification\data\raw\wu_pig_speech\1654-3.wav,other,wu_pig_speech
C:\py\pigsound\pig-sound-classification\data\raw\wu_pig_speech\1655-3.wav,other,wu_pig_speech
C:\py\pigsound\pig-sound-classification\data\raw\wu_pig_speech\1656-3.wav,other,wu_pig_speech
C:\py\pigsound\pig-sound-classification\data\raw\wu_pig_speech\1657-3.wav,other,wu_pig_speech
C:\py\pigsound\pig-sound-classification\data\raw\wu_pig_speech\1658-3.wav,other,wu_pig_speech
C:\py\pigsound\pig-sound-classification\data\raw\wu_pig_speech\1659-3.wav,other,wu_pig_speech
C:\py\pigsound\pig-sound-classification\data\raw\wu_pig_speech\166-0.wav,other,wu_pig_speech
C:\py\pigsound\pig-sound-classification\data\raw\wu_pig_speech\1660-3.wav,other,wu_pig_speech
C:\py\pigsound\pig-sound-classification\data\raw\wu_pig_speech\1661-3.wav,other,wu_pig_speech
C:\py\pigsound\pig-sound-classification\data\raw\wu_pig_speech\1662-3.wav,other,wu_pig_speech
C:\py\pigsound\pig-sound-classification\data\raw\wu_pig_speech\1663-3.wav,other,wu_pig_speech
C:\py\pigsound\pig-sound-classification\data\raw\wu_pig_speech\1664-3.wav,other,wu_pig_speech
C:\py\pigsound\pig-sound-classification\data\raw\wu_pig_speech\1665-3.wav,other,wu_pig_speech
C:\py\pigsound\pig-sound-classification\data\raw\wu_pig_speech\1666-3.wav,other,wu_pig_speech
C:\py\pigsound\pig-sound-classification\data\raw\wu_pig_speech\1667-3.wav,other,wu_pig_speech
C:\py\pigsound\pig-sound-classification\data\raw\wu_pig_speech\1668-3.wav,other,wu_pig_speech
C:\py\pigsound\pig-sound-classification\data\raw\wu_pig_speech\1669-3.wav,other,wu_pig_speech
C:\py\pigsound\pig-sound-classification\data\raw\wu_pig_speech\167-0.wav,other,wu_pig_speech
C:\py\pigsound\pig-sound-classification\data\raw\wu_pig_speech\1670-3.wav,other,wu_pig_speech
C:\py\pigsound\pig-sound-classification\data\raw\wu_pig_speech\1671-3.wav,other,wu_pig_speech
C:\py\pigsound\pig-sound-classification\data\raw\wu_pig_speech\1672-3.wav,other,wu_pig_speech
C:\py\pigsound\pig-sound-classification\data\raw\wu_pig_speech\1673-3.wav,other,wu_pig_speech
C:\py\pigsound\pig-sound-classification\data\raw\wu_pig_speech\1674-3.wav,other,wu_pig_speech
C:\py\pigsound\pig-sound-classification\data\raw\wu_pig_speech\1675-3.wav,other,wu_pig_speech
C:\py\pigsound\pig-sound-classification\data\raw\wu_pig_speech\1676-3.wav,other,wu_pig_speech
C:\py\pigsound\pig-sound-classification\data\raw\wu_pig_speech\1677-3.wav,other,wu_pig_speech
C:\py\pigsound\pig-sound-classification\data\raw\wu_pig_speech\1678-3.wav,other,wu_pig_speech
C:\py\pigsound\pig-sound-classification\data\raw\wu_pig_speech\1679-3.wav,other,wu_pig_speech
C:\py\pigsound\pig-sound-classification\data\raw\wu_pig_speech\168-0.wav,other,wu_pig_speech
C:\py\pigsound\pig-sound-classification\data\raw\wu_pig_speech\1680-3.wav,other,wu_pig_speech
C:\py\pigsound\pig-sound-classification\data\raw\wu_pig_speech\1681-3.wav,other,wu_pig_speech
C:\py\pigsound\pig-sound-classification\data\raw\wu_pig_speech\1682-3.wav,other,wu_pig_speech
C:\py\pigsound\pig-sound-classification\data\raw\wu_pig_speech\1683-3.wav,other,wu_pig_speech
C:\py\pigsound\pig-sound-classification\data\raw\wu_pig_speech\1684-3.wav,other,wu_pig_speech
C:\py\pigsound\pig-sound-classification\data\raw\wu_pig_speech\1685-3.wav,other,wu_pig_speech
C:\py\pigsound\pig-sound-classification\data\raw\wu_pig_speech\1686-3.wav,other,wu_pig_speech
C:\py\pigsound\pig-sound-classification\data\raw\wu_pig_speech\1687-3.wav,other,wu_pig_speech
C:\py\pigsound\pig-sound-classification\data\raw\wu_pig_speech\1688-3.wav,other,wu_pig_speech
C:\py\pigsound\pig-sound-classification\data\raw\wu_pig_speech\1689-3.wav,other,wu_pig_speech
C:\py\pigsound\pig-sound-classification\data\raw\wu_pig_speech\169-0.wav,other,wu_pig_speech
C:\py\pigsound\pig-sound-classification\data\raw\wu_pig_speech\1690-3.wav,other,wu_pig_speech
C:\py\pigsound\pig-sound-classification\data\raw\wu_pig_speech\1691-3.wav,other,wu_pig_speech
C:\py\pigsound\pig-sound-classification\data\raw\wu_pig_speech\1692-3.wav,other,wu_pig_speech
C:\py\pigsound\pig-sound-classification\data\raw\wu_pig_speech\1693-3.wav,other,wu_pig_speech
C:\py\pigsound\pig-sound-classification\data\raw\wu_pig_speech\1694-3.wav,other,wu_pig_speech
C:\py\pigsound\pig-sound-classification\data\raw\wu_pig_speech\1695-3.wav,other,wu_pig_speech
C:\py\pigsound\pig-sound-classification\data\raw\wu_pig_speech\1696-3.wav,other,wu_pig_speech
C:\py\pigsound\pig-sound-classification\data\raw\wu_pig_speech\1697-3.wav,other,wu_pig_speech
C:\py\pigsound\pig-sound-classification\data\raw\wu_pig_speech\1698-3.wav,other,wu_pig_speech
C:\py\pigsound\pig-sound-classification\data\raw\wu_pig_speech\1699-3.wav,other,wu_pig_speech
C:\py\pigsound\pig-sound-classification\data\raw\wu_pig_speech\17-0.wav,other,wu_pig_speech
C:\py\pigsound\pig-sound-classification\data\raw\wu_pig_speech\170-0.wav,other,wu_pig_speech
C:\py\pigsound\pig-sound-classification\data\raw\wu_pig_speech\1700-3.wav,other,wu_pig_speech
C:\py\pigsound\pig-sound-classification\data\raw\wu_pig_speech\1701-3.wav,other,wu_pig_speech
C:\py\pigsound\pig-sound-classification\data\raw\wu_pig_speech\1702-3.wav,other,wu_pig_speech
C:\py\pigsound\pig-sound-classification\data\raw\wu_pig_speech\1703-3.wav,other,wu_pig_speech
C:\py\pigsound\pig-sound-classification\data\raw\wu_pig_speech\1704-3.wav,other,wu_pig_speech
C:\py\pigsound\pig-sound-classification\data\raw\wu_pig_speech\1705-3.wav,other,wu_pig_speech
C:\py\pigsound\pig-sound-classification\data\raw\wu_pig_speech\1706-3.wav,other,wu_pig_speech
C:\py\pigsound\pig-sound-classification\data\raw\wu_pig_speech\1707-3.wav,other,wu_pig_speech
C:\py\pigsound\pig-sound-classification\data\raw\wu_pig_speech\1708-3.wav,other,wu_pig_speech
C:\py\pigsound\pig-sound-classification\data\raw\wu_pig_speech\1709-3.wav,other,wu_pig_speech
C:\py\pigsound\pig-sound-classification\data\raw\wu_pig_speech\171-0.wav,other,wu_pig_speech
C:\py\pigsound\pig-sound-classification\data\raw\wu_pig_speech\1710-3.wav,other,wu_pig_speech
C:\py\pigsound\pig-sound-classification\data\raw\wu_pig_speech\1711-3.wav,other,wu_pig_speech
C:\py\pigsound\pig-sound-classification\data\raw\wu_pig_speech\1712-3.wav,other,wu_pig_speech
C:\py\pigsound\pig-sound-classification\data\raw\wu_pig_speech\1713-3.wav,other,wu_pig_speech
C:\py\pigsound\pig-sound-classification\data\raw\wu_pig_speech\1714-3.wav,other,wu_pig_speech
C:\py\pigsound\pig-sound-classification\data\raw\wu_pig_speech\1715-3.wav,other,wu_pig_speech
C:\py\pigsound\pig-sound-classification\data\raw\wu_pig_speech\1716-3.wav,other,wu_pig_speech
C:\py\pigsound\pig-sound-classification\data\raw\wu_pig_speech\1717-3.wav,other,wu_pig_speech
C:\py\pigsound\pig-sound-classification\data\raw\wu_pig_speech\1718-3.wav,other,wu_pig_speech
C:\py\pigsound\pig-sound-classification\data\raw\wu_pig_speech\1719-3.wav,other,wu_pig_speech
C:\py\pigsound\pig-sound-classification\data\raw\wu_pig_speech\172-0.wav,other,wu_pig_speech
C:\py\pigsound\pig-sound-classification\data\raw\wu_pig_speech\1720-3.wav,other,wu_pig_speech
C:\py\pigsound\pig-sound-classification\data\raw\wu_pig_speech\1721-3.wav,other,wu_pig_speech
C:\py\pigsound\pig-sound-classification\data\raw\wu_pig_speech\1722-3.wav,other,wu_pig_speech
C:\py\pigsound\pig-sound-classification\data\raw\wu_pig_speech\1723-3.wav,other,wu_pig_speech
C:\py\pigsound\pig-sound-classification\data\raw\wu_pig_speech\1724-3.wav,other,wu_pig_speech
C:\py\pigsound\pig-sound-classification\data\raw\wu_pig_speech\1725-3.wav,other,wu_pig_speech
C:\py\pigsound\pig-sound-classification\data\raw\wu_pig_speech\1726-3.wav,other,wu_pig_speech
C:\py\pigsound\pig-sound-classification\data\raw\wu_pig_speech\1727-3.wav,other,wu_pig_speech
C:\py\pigsound\pig-sound-classification\data\raw\wu_pig_speech\1728-3.wav,other,wu_pig_speech
C:\py\pigsound\pig-sound-classification\data\raw\wu_pig_speech\1729-3.wav,other,wu_pig_speech
C:\py\pigsound\pig-sound-classification\data\raw\wu_pig_speech\173-0.wav,other,wu_pig_speech
C:\py\pigsound\pig-sound-classification\data\raw\wu_pig_speech\1730-3.wav,other,wu_pig_speech
C:\py\pigsound\pig-sound-classification\data\raw\wu_pig_speech\1731-3.wav,other,wu_pig_speech
C:\py\pigsound\pig-sound-classification\data\raw\wu_pig_speech\1732-3.wav,other,wu_pig_speech
C:\py\pigsound\pig-sound-classification\data\raw\wu_pig_speech\1733-3.wav,other,wu_pig_speech
C:\py\pigsound\pig-sound-classification\data\raw\wu_pig_speech\1734-3.wav,other,wu_pig_speech
C:\py\pigsound\pig-sound-classification\data\raw\wu_pig_speech\1735-3.wav,other,wu_pig_speech
C:\py\pigsound\pig-sound-classification\data\raw\wu_pig_speech\1736-3.wav,other,wu_pig_speech
C:\py\pigsound\pig-sound-classification\data\raw\wu_pig_speech\1737-3.wav,other,wu_pig_speech
C:\py\pigsound\pig-sound-classification\data\raw\wu_pig_speech\1738-3.wav,other,wu_pig_speech
C:\py\pigsound\pig-sound-classification\data\raw\wu_pig_speech\1739-3.wav,other,wu_pig_speech
C:\py\pigsound\pig-sound-classification\data\raw\wu_pig_speech\174-0.wav,other,wu_pig_speech
C:\py\pigsound\pig-sound-classification\data\raw\wu_pig_speech\1740-3.wav,other,wu_pig_speech
C:\py\pigsound\pig-sound-classification\data\raw\wu_pig_speech\1741-3.wav,other,wu_pig_speech
C:\py\pigsound\pig-sound-classification\data\raw\wu_pig_speech\1742-3.wav,other,wu_pig_speech
C:\py\pigsound\pig-sound-classification\data\raw\wu_pig_speech\1743-3.wav,other,wu_pig_speech
C:\py\pigsound\pig-sound-classification\data\raw\wu_pig_speech\1744-3.wav,other,wu_pig_speech
C:\py\pigsound\pig-sound-classification\data\raw\wu_pig_speech\1745-3.wav,other,wu_pig_speech
C:\py\pigsound\pig-sound-classification\data\raw\wu_pig_speech\1747-3.wav,other,wu_pig_speech
C:\py\pigsound\pig-sound-classification\data\raw\wu_pig_speech\1748-3.wav,other,wu_pig_speech
C:\py\pigsound\pig-sound-classification\data\raw\wu_pig_speech\1749-3.wav,other,wu_pig_speech
C:\py\pigsound\pig-sound-classification\data\raw\wu_pig_speech\175-0.wav,other,wu_pig_speech
C:\py\pigsound\pig-sound-classification\data\raw\wu_pig_speech\1750-3.wav,other,wu_pig_speech
C:\py\pigsound\pig-sound-classification\data\raw\wu_pig_speech\1751-3.wav,other,wu_pig_speech
C:\py\pigsound\pig-sound-classification\data\raw\wu_pig_speech\1752-3.wav,other,wu_pig_speech
C:\py\pigsound\pig-sound-classification\data\raw\wu_pig_speech\1753-3.wav,other,wu_pig_speech
C:\py\pigsound\pig-sound-classification\data\raw\wu_pig_speech\1754-3.wav,other,wu_pig_speech
C:\py\pigsound\pig-sound-classification\data\raw\wu_pig_speech\1755-3.wav,other,wu_pig_speech
C:\py\pigsound\pig-sound-classification\data\raw\wu_pig_speech\1756-3.wav,other,wu_pig_speech
C:\py\pigsound\pig-sound-classification\data\raw\wu_pig_speech\1757-3.wav,other,wu_pig_speech
C:\py\pigsound\pig-sound-classification\data\raw\wu_pig_speech\1758-3.wav,other,wu_pig_speech
C:\py\pigsound\pig-sound-classification\data\raw\wu_pig_speech\1759-3.wav,other,wu_pig_speech
C:\py\pigsound\pig-sound-classification\data\raw\wu_pig_speech\176-0.wav,other,wu_pig_speech
C:\py\pigsound\pig-sound-classification\data\raw\wu_pig_speech\1760-3.wav,other,wu_pig_speech
C:\py\pigsound\pig-sound-classification\data\raw\wu_pig_speech\1761-3.wav,other,wu_pig_speech
C:\py\pigsound\pig-sound-classification\data\raw\wu_pig_speech\1762-3.wav,other,wu_pig_speech
C:\py\pigsound\pig-sound-classification\data\raw\wu_pig_speech\1763-3.wav,other,wu_pig_speech
C:\py\pigsound\pig-sound-classification\data\raw\wu_pig_speech\1764-3.wav,other,wu_pig_speech
C:\py\pigsound\pig-sound-classification\data\raw\wu_pig_speech\1765-3.wav,other,wu_pig_speech
C:\py\pigsound\pig-sound-classification\data\raw\wu_pig_speech\1766-3.wav,other,wu_pig_speech
C:\py\pigsound\pig-sound-classification\data\raw\wu_pig_speech\1767-3.wav,other,wu_pig_speech
C:\py\pigsound\pig-sound-classification\data\raw\wu_pig_speech\1768-3.wav,other,wu_pig_speech
C:\py\pigsound\pig-sound-classification\data\raw\wu_pig_speech\1769-3.wav,other,wu_pig_speech
C:\py\pigsound\pig-sound-classification\data\raw\wu_pig_speech\177-0.wav,other,wu_pig_speech
C:\py\pigsound\pig-sound-classification\data\raw\wu_pig_speech\1771-3.wav,other,wu_pig_speech
C:\py\pigsound\pig-sound-classification\data\raw\wu_pig_speech\1772-3.wav,other,wu_pig_speech
C:\py\pigsound\pig-sound-classification\data\raw\wu_pig_speech\1774-3.wav,other,wu_pig_speech
C:\py\pigsound\pig-sound-classification\data\raw\wu_pig_speech\1775-3.wav,other,wu_pig_speech
C:\py\pigsound\pig-sound-classification\data\raw\wu_pig_speech\1777-3.wav,other,wu_pig_speech
C:\py\pigsound\pig-sound-classification\data\raw\wu_pig_speech\1778-3.wav,other,wu_pig_speech
C:\py\pigsound\pig-sound-classification\data\raw\wu_pig_speech\178-0.wav,other,wu_pig_speech
C:\py\pigsound\pig-sound-classification\data\raw\wu_pig_speech\179-0.wav,other,wu_pig_speech
C:\py\pigsound\pig-sound-classification\data\raw\wu_pig_speech\18-0.wav,other,wu_pig_speech
C:\py\pigsound\pig-sound-classification\data\raw\wu_pig_speech\180-0.wav,other,wu_pig_speech
C:\py\pigsound\pig-sound-classification\data\raw\wu_pig_speech\181-0.wav,other,wu_pig_speech
C:\py\pigsound\pig-sound-classification\data\raw\wu_pig_speech\182-0.wav,other,wu_pig_speech
C:\py\pigsound\pig-sound-classification\data\raw\wu_pig_speech\183-0.wav,other,wu_pig_speech
C:\py\pigsound\pig-sound-classification\data\raw\wu_pig_speech\184-0.wav,other,wu_pig_speech
C:\py\pigsound\pig-sound-classification\data\raw\wu_pig_speech\185-0.wav,other,wu_pig_speech
C:\py\pigsound\pig-sound-classification\data\raw\wu_pig_speech\186-0.wav,other,wu_pig_speech
C:\py\pigsound\pig-sound-classification\data\raw\wu_pig_speech\187-0.wav,other,wu_pig_speech
C:\py\pigsound\pig-sound-classification\data\raw\wu_pig_speech\188-0.wav,other,wu_pig_speech
C:\py\pigsound\pig-sound-classification\data\raw\wu_pig_speech\189-0.wav,other,wu_pig_speech
C:\py\pigsound\pig-sound-classification\data\raw\wu_pig_speech\19-0.wav,other,wu_pig_speech
C:\py\pigsound\pig-sound-classification\data\raw\wu_pig_speech\190-0.wav,other,wu_pig_speech
C:\py\pigsound\pig-sound-classification\data\raw\wu_pig_speech\191-0.wav,other,wu_pig_speech
C:\py\pigsound\pig-sound-classification\data\raw\wu_pig_speech\192-0.wav,other,wu_pig_speech
C:\py\pigsound\pig-sound-classification\data\raw\wu_pig_speech\193-0.wav,other,wu_pig_speech
C:\py\pigsound\pig-sound-classification\data\raw\wu_pig_speech\194-0.wav,other,wu_pig_speech
C:\py\pigsound\pig-sound-classification\data\raw\wu_pig_speech\195-0.wav,other,wu_pig_speech
C:\py\pigsound\pig-sound-classification\data\raw\wu_pig_speech\196-0.wav,other,wu_pig_speech
C:\py\pigsound\pig-sound-classification\data\raw\wu_pig_speech\197-0.wav,other,wu_pig_speech
C:\py\pigsound\pig-sound-classification\data\raw\wu_pig_speech\198-0.wav,other,wu_pig_speech
C:\py\pigsound\pig-sound-classification\data\raw\wu_pig_speech\199-0.wav,other,wu_pig_speech
C:\py\pigsound\pig-sound-classification\data\raw\wu_pig_speech\2-0.wav,other,wu_pig_speech
C:\py\pigsound\pig-sound-classification\data\raw\wu_pig_speech\20-0.wav,other,wu_pig_speech
C:\py\pigsound\pig-sound-classification\data\raw\wu_pig_speech\200-0.wav,other,wu_pig_speech
C:\py\pigsound\pig-sound-classification\data\raw\wu_pig_speech\201-0.wav,other,wu_pig_speech
C:\py\pigsound\pig-sound-classification\data\raw\wu_pig_speech\202-0.wav,other,wu_pig_speech
C:\py\pigsound\pig-sound-classification\data\raw\wu_pig_speech\203-0.wav,other,wu_pig_speech
C:\py\pigsound\pig-sound-classification\data\raw\wu_pig_speech\204-0.wav,other,wu_pig_speech
C:\py\pigsound\pig-sound-classification\data\raw\wu_pig_speech\205-0.wav,other,wu_pig_speech
C:\py\pigsound\pig-sound-classification\data\raw\wu_pig_speech\206-0.wav,other,wu_pig_speech
C:\py\pigsound\pig-sound-classification\data\raw\wu_pig_speech\207-0.wav,other,wu_pig_speech
C:\py\pigsound\pig-sound-classification\data\raw\wu_pig_speech\208-0.wav,other,wu_pig_speech
C:\py\pigsound\pig-sound-classification\data\raw\wu_pig_speech\209-0.wav,other,wu_pig_speech
C:\py\pigsound\pig-sound-classification\data\raw\wu_pig_speech\21-0.wav,other,wu_pig_speech
C:\py\pigsound\pig-sound-classification\data\raw\wu_pig_speech\210-0.wav,other,wu_pig_speech
C:\py\pigsound\pig-sound-classification\data\raw\wu_pig_speech\211-0.wav,other,wu_pig_speech
C:\py\pigsound\pig-sound-classification\data\raw\wu_pig_speech\212-0.wav,other,wu_pig_speech
C:\py\pigsound\pig-sound-classification\data\raw\wu_pig_speech\213-0.wav,other,wu_pig_speech
C:\py\pigsound\pig-sound-classification\data\raw\wu_pig_speech\214-0.wav,other,wu_pig_speech
C:\py\pigsound\pig-sound-classification\data\raw\wu_pig_speech\215-0.wav,other,wu_pig_speech
C:\py\pigsound\pig-sound-classification\data\raw\wu_pig_speech\216-0.wav,other,wu_pig_speech
C:\py\pigsound\pig-sound-classification\data\raw\wu_pig_speech\217-0.wav,other,wu_pig_speech
C:\py\pigsound\pig-sound-classification\data\raw\wu_pig_speech\218-0.wav,other,wu_pig_speech
C:\py\pigsound\pig-sound-classification\data\raw\wu_pig_speech\219-0.wav,other,wu_pig_speech
C:\py\pigsound\pig-sound-classification\data\raw\wu_pig_speech\22-0.wav,other,wu_pig_speech
C:\py\pigsound\pig-sound-classification\data\raw\wu_pig_speech\220-0.wav,other,wu_pig_speech
C:\py\pigsound\pig-sound-classification\data\raw\wu_pig_speech\221-0.wav,other,wu_pig_speech
C:\py\pigsound\pig-sound-classification\data\raw\wu_pig_speech\222-0.wav,other,wu_pig_speech
C:\py\pigsound\pig-sound-classification\data\raw\wu_pig_speech\223-0.wav,other,wu_pig_speech
C:\py\pigsound\pig-sound-classification\data\raw\wu_pig_speech\224-0.wav,other,wu_pig_speech
C:\py\pigsound\pig-sound-classification\data\raw\wu_pig_speech\225-0.wav,other,wu_pig_speech
C:\py\pigsound\pig-sound-classification\data\raw\wu_pig_speech\226-0.wav,other,wu_pig_speech
C:\py\pigsound\pig-sound-classification\data\raw\wu_pig_speech\227-0.wav,other,wu_pig_speech
C:\py\pigsound\pig-sound-classification\data\raw\wu_pig_speech\228-0.wav,other,wu_pig_speech
C:\py\pigsound\pig-sound-classification\data\raw\wu_pig_speech\229-0.wav,other,wu_pig_speech
C:\py\pigsound\pig-sound-classification\data\raw\wu_pig_speech\23-0.wav,other,wu_pig_speech
C:\py\pigsound\pig-sound-classification\data\raw\wu_pig_speech\230-0.wav,other,wu_pig_speech
C:\py\pigsound\pig-sound-classification\data\raw\wu_pig_speech\231-0.wav,other,wu_pig_speech
C:\py\pigsound\pig-sound-classification\data\raw\wu_pig_speech\232-0.wav,other,wu_pig_speech
C:\py\pigsound\pig-sound-classification\data\raw\wu_pig_speech\233-0.wav,other,wu_pig_speech
C:\py\pigsound\pig-sound-classification\data\raw\wu_pig_speech\234-0.wav,other,wu_pig_speech
C:\py\pigsound\pig-sound-classification\data\raw\wu_pig_speech\235-0.wav,other,wu_pig_speech
C:\py\pigsound\pig-sound-classification\data\raw\wu_pig_speech\236-0.wav,other,wu_pig_speech
C:\py\pigsound\pig-sound-classification\data\raw\wu_pig_speech\237-0.wav,other,wu_pig_speech
C:\py\pigsound\pig-sound-classification\data\raw\wu_pig_speech\238-0.wav,other,wu_pig_speech
C:\py\pigsound\pig-sound-classification\data\raw\wu_pig_speech\239-0.wav,other,wu_pig_speech
C:\py\pigsound\pig-sound-classification\data\raw\wu_pig_speech\24-0.wav,other,wu_pig_speech
C:\py\pigsound\pig-sound-classification\data\raw\wu_pig_speech\240-0.wav,other,wu_pig_speech
C:\py\pigsound\pig-sound-classification\data\raw\wu_pig_speech\241-0.wav,other,wu_pig_speech
C:\py\pigsound\pig-sound-classification\data\raw\wu_pig_speech\242-0.wav,other,wu_pig_speech
C:\py\pigsound\pig-sound-classification\data\raw\wu_pig_speech\243-0.wav,other,wu_pig_speech
C:\py\pigsound\pig-sound-classification\data\raw\wu_pig_speech\244-0.wav,other,wu_pig_speech
C:\py\pigsound\pig-sound-classification\data\raw\wu_pig_speech\245-0.wav,other,wu_pig_speech
C:\py\pigsound\pig-sound-classification\data\raw\wu_pig_speech\246-0.wav,other,wu_pig_speech
C:\py\pigsound\pig-sound-classification\data\raw\wu_pig_speech\247-0.wav,other,wu_pig_speech
C:\py\pigsound\pig-sound-classification\data\raw\wu_pig_speech\248-0.wav,other,wu_pig_speech
C:\py\pigsound\pig-sound-classification\data\raw\wu_pig_speech\249-0.wav,other,wu_pig_speech
C:\py\pigsound\pig-sound-classification\data\raw\wu_pig_speech\25-0.wav,other,wu_pig_speech
C:\py\pigsound\pig-sound-classification\data\raw\wu_pig_speech\250-0.wav,other,wu_pig_speech
C:\py\pigsound\pig-sound-classification\data\raw\wu_pig_speech\251-0.wav,other,wu_pig_speech
C:\py\pigsound\pig-sound-classification\data\raw\wu_pig_speech\252-0.wav,other,wu_pig_speech
C:\py\pigsound\pig-sound-classification\data\raw\wu_pig_speech\253-0.wav,other,wu_pig_speech
C:\py\pigsound\pig-sound-classification\data\raw\wu_pig_speech\254-0.wav,other,wu_pig_speech
C:\py\pigsound\pig-sound-classification\data\raw\wu_pig_speech\255-0.wav,other,wu_pig_speech
C:\py\pigsound\pig-sound-classification\data\raw\wu_pig_speech\256-0.wav,other,wu_pig_speech
C:\py\pigsound\pig-sound-classification\data\raw\wu_pig_speech\257-0.wav,other,wu_pig_speech
C:\py\pigsound\pig-sound-classification\data\raw\wu_pig_speech\258-0.wav,other,wu_pig_speech
C:\py\pigsound\pig-sound-classification\data\raw\wu_pig_speech\259-0.wav,other,wu_pig_speech
C:\py\pigsound\pig-sound-classification\data\raw\wu_pig_speech\26-0.wav,other,wu_pig_speech
C:\py\pigsound\pig-sound-classification\data\raw\wu_pig_speech\260-0.wav,other,wu_pig_speech
C:\py\pigsound\pig-sound-classification\data\raw\wu_pig_speech\261-0.wav,other,wu_pig_speech
C:\py\pigsound\pig-sound-classification\data\raw\wu_pig_speech\262-0.wav,other,wu_pig_speech
C:\py\pigsound\pig-sound-classification\data\raw\wu_pig_speech\263-0.wav,other,wu_pig_speech
C:\py\pigsound\pig-sound-classification\data\raw\wu_pig_speech\264-0.wav,other,wu_pig_speech
C:\py\pigsound\pig-sound-classification\data\raw\wu_pig_speech\265-0.wav,other,wu_pig_speech
C:\py\pigsound\pig-sound-classification\data\raw\wu_pig_speech\266-0.wav,other,wu_pig_speech
C:\py\pigsound\pig-sound-classification\data\raw\wu_pig_speech\267-0.wav,other,wu_pig_speech
C:\py\pigsound\pig-sound-classification\data\raw\wu_pig_speech\268-0.wav,other,wu_pig_speech
C:\py\pigsound\pig-sound-classification\data\raw\wu_pig_speech\269-0.wav,other,wu_pig_speech
C:\py\pigsound\pig-sound-classification\data\raw\wu_pig_speech\27-0.wav,other,wu_pig_speech
C:\py\pigsound\pig-sound-classification\data\raw\wu_pig_speech\270-0.wav,other,wu_pig_speech
C:\py\pigsound\pig-sound-classification\data\raw\wu_pig_speech\271-0.wav,other,wu_pig_speech
C:\py\pigsound\pig-sound-classification\data\raw\wu_pig_speech\272-0.wav,other,wu_pig_speech
C:\py\pigsound\pig-sound-classification\data\raw\wu_pig_speech\273-0.wav,other,wu_pig_speech
C:\py\pigsound\pig-sound-classification\data\raw\wu_pig_speech\274-0.wav,other,wu_pig_speech
C:\py\pigsound\pig-sound-classification\data\raw\wu_pig_speech\275-0.wav,other,wu_pig_speech
C:\py\pigsound\pig-sound-classification\data\raw\wu_pig_speech\276-0.wav,other,wu_pig_speech
C:\py\pigsound\pig-sound-classification\data\raw\wu_pig_speech\277-0.wav,other,wu_pig_speech
C:\py\pigsound\pig-sound-classification\data\raw\wu_pig_speech\278-0.wav,other,wu_pig_speech
C:\py\pigsound\pig-sound-classification\data\raw\wu_pig_speech\279-0.wav,other,wu_pig_speech
C:\py\pigsound\pig-sound-classification\data\raw\wu_pig_speech\28-0.wav,other,wu_pig_speech
C:\py\pigsound\pig-sound-classification\data\raw\wu_pig_speech\280-1.wav,other,wu_pig_speech
C:\py\pigsound\pig-sound-classification\data\raw\wu_pig_speech\281-1.wav,other,wu_pig_speech
C:\py\pigsound\pig-sound-classification\data\raw\wu_pig_speech\282-1.wav,other,wu_pig_speech
C:\py\pigsound\pig-sound-classification\data\raw\wu_pig_speech\283-1.wav,other,wu_pig_speech
C:\py\pigsound\pig-sound-classification\data\raw\wu_pig_speech\284-1.wav,other,wu_pig_speech
C:\py\pigsound\pig-sound-classification\data\raw\wu_pig_speech\285-1.wav,other,wu_pig_speech
C:\py\pigsound\pig-sound-classification\data\raw\wu_pig_speech\286-1.wav,other,wu_pig_speech
C:\py\pigsound\pig-sound-classification\data\raw\wu_pig_speech\287-1.wav,other,wu_pig_speech
C:\py\pigsound\pig-sound-classification\data\raw\wu_pig_speech\288-1.wav,other,wu_pig_speech
C:\py\pigsound\pig-sound-classification\data\raw\wu_pig_speech\289-1.wav,other,wu_pig_speech
C:\py\pigsound\pig-sound-classification\data\raw\wu_pig_speech\29-0.wav,other,wu_pig_speech
C:\py\pigsound\pig-sound-classification\data\raw\wu_pig_speech\290-1.wav,other,wu_pig_speech
C:\py\pigsound\pig-sound-classification\data\raw\wu_pig_speech\291-1.wav,other,wu_pig_speech
C:\py\pigsound\pig-sound-classification\data\raw\wu_pig_speech\292-1.wav,other,wu_pig_speech
C:\py\pigsound\pig-sound-classification\data\raw\wu_pig_speech\293-1.wav,other,wu_pig_speech
C:\py\pigsound\pig-sound-classification\data\raw\wu_pig_speech\294-1.wav,other,wu_pig_speech
C:\py\pigsound\pig-sound-classification\data\raw\wu_pig_speech\295-1.wav,other,wu_pig_speech
C:\py\pigsound\pig-sound-classification\data\raw\wu_pig_speech\296-1.wav,other,wu_pig_speech
C:\py\pigsound\pig-sound-classification\data\raw\wu_pig_speech\297-1.wav,other,wu_pig_speech
C:\py\pigsound\pig-sound-classification\data\raw\wu_pig_speech\298-1.wav,other,wu_pig_speech
C:\py\pigsound\pig-sound-classification\data\raw\wu_pig_speech\299-1.wav,other,wu_pig_speech
C:\py\pigsound\pig-sound-classification\data\raw\wu_pig_speech\3-0.wav,other,wu_pig_speech
C:\py\pigsound\pig-sound-classification\data\raw\wu_pig_speech\30-0.wav,other,wu_pig_speech
C:\py\pigsound\pig-sound-classification\data\raw\wu_pig_speech\300-1.wav,other,wu_pig_speech
C:\py\pigsound\pig-sound-classification\data\raw\wu_pig_speech\301-1.wav,other,wu_pig_speech
C:\py\pigsound\pig-sound-classification\data\raw\wu_pig_speech\302-1.wav,other,wu_pig_speech
C:\py\pigsound\pig-sound-classification\data\raw\wu_pig_speech\303-1.wav,other,wu_pig_speech
C:\py\pigsound\pig-sound-classification\data\raw\wu_pig_speech\304-1.wav,other,wu_pig_speech
C:\py\pigsound\pig-sound-classification\data\raw\wu_pig_speech\305-1.wav,other,wu_pig_speech
C:\py\pigsound\pig-sound-classification\data\raw\wu_pig_speech\306-1.wav,other,wu_pig_speech
C:\py\pigsound\pig-sound-classification\data\raw\wu_pig_speech\307-1.wav,other,wu_pig_speech
C:\py\pigsound\pig-sound-classification\data\raw\wu_pig_speech\308-1.wav,other,wu_pig_speech
C:\py\pigsound\pig-sound-classification\data\raw\wu_pig_speech\309-1.wav,other,wu_pig_speech
C:\py\pigsound\pig-sound-classification\data\raw\wu_pig_speech\31-0.wav,other,wu_pig_speech
C:\py\pigsound\pig-sound-classification\data\raw\wu_pig_speech\310-1.wav,other,wu_pig_speech
C:\py\pigsound\pig-sound-classification\data\raw\wu_pig_speech\311-1.wav,other,wu_pig_speech
C:\py\pigsound\pig-sound-classification\data\raw\wu_pig_speech\312-1.wav,other,wu_pig_speech
C:\py\pigsound\pig-sound-classification\data\raw\wu_pig_speech\313-1.wav,other,wu_pig_speech
C:\py\pigsound\pig-sound-classification\data\raw\wu_pig_speech\314-1.wav,other,wu_pig_speech
C:\py\pigsound\pig-sound-classification\data\raw\wu_pig_speech\315-1.wav,other,wu_pig_speech
C:\py\pigsound\pig-sound-classification\data\raw\wu_pig_speech\316-1.wav,other,wu_pig_speech
C:\py\pigsound\pig-sound-classification\data\raw\wu_pig_speech\317-1.wav,other,wu_pig_speech
C:\py\pigsound\pig-sound-classification\data\raw\wu_pig_speech\318-1.wav,other,wu_pig_speech
C:\py\pigsound\pig-sound-classification\data\raw\wu_pig_speech\319-1.wav,other,wu_pig_speech
C:\py\pigsound\pig-sound-classification\data\raw\wu_pig_speech\32-0.wav,other,wu_pig_speech
C:\py\pigsound\pig-sound-classification\data\raw\wu_pig_speech\320-1.wav,other,wu_pig_speech
C:\py\pigsound\pig-sound-classification\data\raw\wu_pig_speech\321-1.wav,other,wu_pig_speech
C:\py\pigsound\pig-sound-classification\data\raw\wu_pig_speech\322-1.wav,other,wu_pig_speech
C:\py\pigsound\pig-sound-classification\data\raw\wu_pig_speech\323-1.wav,other,wu_pig_speech
C:\py\pigsound\pig-sound-classification\data\raw\wu_pig_speech\324-1.wav,other,wu_pig_speech
C:\py\pigsound\pig-sound-classification\data\raw\wu_pig_speech\325-1.wav,other,wu_pig_speech
C:\py\pigsound\pig-sound-classification\data\raw\wu_pig_speech\326-1.wav,other,wu_pig_speech
C:\py\pigsound\pig-sound-classification\data\raw\wu_pig_speech\327-1.wav,other,wu_pig_speech
C:\py\pigsound\pig-sound-classification\data\raw\wu_pig_speech\328-1.wav,other,wu_pig_speech
C:\py\pigsound\pig-sound-classification\data\raw\wu_pig_speech\329-1.wav,other,wu_pig_speech
C:\py\pigsound\pig-sound-classification\data\raw\wu_pig_speech\33-0.wav,other,wu_pig_speech
C:\py\pigsound\pig-sound-classification\data\raw\wu_pig_speech\330-1.wav,other,wu_pig_speech
C:\py\pigsound\pig-sound-classification\data\raw\wu_pig_speech\331-1.wav,other,wu_pig_speech
C:\py\pigsound\pig-sound-classification\data\raw\wu_pig_speech\332-1.wav,other,wu_pig_speech
C:\py\pigsound\pig-sound-classification\data\raw\wu_pig_speech\333-1.wav,other,wu_pig_speech
C:\py\pigsound\pig-sound-classification\data\raw\wu_pig_speech\334-1.wav,other,wu_pig_speech
C:\py\pigsound\pig-sound-classification\data\raw\wu_pig_speech\335-1.wav,other,wu_pig_speech
C:\py\pigsound\pig-sound-classification\data\raw\wu_pig_speech\336-1.wav,other,wu_pig_speech
C:\py\pigsound\pig-sound-classification\data\raw\wu_pig_speech\337-1.wav,other,wu_pig_speech
C:\py\pigsound\pig-sound-classification\data\raw\wu_pig_speech\338-1.wav,other,wu_pig_speech
C:\py\pigsound\pig-sound-classification\data\raw\wu_pig_speech\339-1.wav,other,wu_pig_speech
C:\py\pigsound\pig-sound-classification\data\raw\wu_pig_speech\34-0.wav,other,wu_pig_speech
C:\py\pigsound\pig-sound-classification\data\raw\wu_pig_speech\340-1.wav,other,wu_pig_speech
C:\py\pigsound\pig-sound-classification\data\raw\wu_pig_speech\341-1.wav,other,wu_pig_speech
C:\py\pigsound\pig-sound-classification\data\raw\wu_pig_speech\342-1.wav,other,wu_pig_speech
C:\py\pigsound\pig-sound-classification\data\raw\wu_pig_speech\343-1.wav,other,wu_pig_speech
C:\py\pigsound\pig-sound-classification\data\raw\wu_pig_speech\344-1.wav,other,wu_pig_speech
C:\py\pigsound\pig-sound-classification\data\raw\wu_pig_speech\345-1.wav,other,wu_pig_speech
C:\py\pigsound\pig-sound-classification\data\raw\wu_pig_speech\346-1.wav,other,wu_pig_speech
C:\py\pigsound\pig-sound-classification\data\raw\wu_pig_speech\347-1.wav,other,wu_pig_speech
C:\py\pigsound\pig-sound-classification\data\raw\wu_pig_speech\348-1.wav,other,wu_pig_speech
C:\py\pigsound\pig-sound-classification\data\raw\wu_pig_speech\349-1.wav,other,wu_pig_speech
C:\py\pigsound\pig-sound-classification\data\raw\wu_pig_speech\35-0.wav,other,wu_pig_speech
C:\py\pigsound\pig-sound-classification\data\raw\wu_pig_speech\350-1.wav,other,wu_pig_speech
C:\py\pigsound\pig-sound-classification\data\raw\wu_pig_speech\351-1.wav,other,wu_pig_speech
C:\py\pigsound\pig-sound-classification\data\raw\wu_pig_speech\352-1.wav,other,wu_pig_speech
C:\py\pigsound\pig-sound-classification\data\raw\wu_pig_speech\353-1.wav,other,wu_pig_speech
C:\py\pigsound\pig-sound-classification\data\raw\wu_pig_speech\354-1.wav,other,wu_pig_speech
C:\py\pigsound\pig-sound-classification\data\raw\wu_pig_speech\355-1.wav,other,wu_pig_speech
C:\py\pigsound\pig-sound-classification\data\raw\wu_pig_speech\356-1.wav,other,wu_pig_speech
C:\py\pigsound\pig-sound-classification\data\raw\wu_pig_speech\357-1.wav,other,wu_pig_speech
C:\py\pigsound\pig-sound-classification\data\raw\wu_pig_speech\358-1.wav,other,wu_pig_speech
C:\py\pigsound\pig-sound-classification\data\raw\wu_pig_speech\359-1.wav,other,wu_pig_speech
C:\py\pigsound\pig-sound-classification\data\raw\wu_pig_speech\36-0.wav,other,wu_pig_speech
C:\py\pigsound\pig-sound-classification\data\raw\wu_pig_speech\360-1.wav,other,wu_pig_speech
C:\py\pigsound\pig-sound-classification\data\raw\wu_pig_speech\361-1.wav,other,wu_pig_speech
C:\py\pigsound\pig-sound-classification\data\raw\wu_pig_speech\362-1.wav,other,wu_pig_speech
C:\py\pigsound\pig-sound-classification\data\raw\wu_pig_speech\363-1.wav,other,wu_pig_speech
C:\py\pigsound\pig-sound-classification\data\raw\wu_pig_speech\364-1.wav,other,wu_pig_speech
C:\py\pigsound\pig-sound-classification\data\raw\wu_pig_speech\365-1.wav,other,wu_pig_speech
C:\py\pigsound\pig-sound-classification\data\raw\wu_pig_speech\366-1.wav,other,wu_pig_speech
C:\py\pigsound\pig-sound-classification\data\raw\wu_pig_speech\367-1.wav,other,wu_pig_speech
C:\py\pigsound\pig-sound-classification\data\raw\wu_pig_speech\368-1.wav,other,wu_pig_speech
C:\py\pigsound\pig-sound-classification\data\raw\wu_pig_speech\369-1.wav,other,wu_pig_speech
C:\py\pigsound\pig-sound-classification\data\raw\wu_pig_speech\37-0.wav,other,wu_pig_speech
C:\py\pigsound\pig-sound-classification\data\raw\wu_pig_speech\370-1.wav,other,wu_pig_speech
C:\py\pigsound\pig-sound-classification\data\raw\wu_pig_speech\371-1.wav,other,wu_pig_speech
C:\py\pigsound\pig-sound-classification\data\raw\wu_pig_speech\372-1.wav,other,wu_pig_speech
C:\py\pigsound\pig-sound-classification\data\raw\wu_pig_speech\373-1.wav,other,wu_pig_speech
C:\py\pigsound\pig-sound-classification\data\raw\wu_pig_speech\374-1.wav,other,wu_pig_speech
C:\py\pigsound\pig-sound-classification\data\raw\wu_pig_speech\375-1.wav,other,wu_pig_speech
C:\py\pigsound\pig-sound-classification\data\raw\wu_pig_speech\376-1.wav,other,wu_pig_speech
C:\py\pigsound\pig-sound-classification\data\raw\wu_pig_speech\377-1.wav,other,wu_pig_speech
C:\py\pigsound\pig-sound-classification\data\raw\wu_pig_speech\378-1.wav,other,wu_pig_speech
C:\py\pigsound\pig-sound-classification\data\raw\wu_pig_speech\379-1.wav,other,wu_pig_speech
C:\py\pigsound\pig-sound-classification\data\raw\wu_pig_speech\38-0.wav,other,wu_pig_speech
C:\py\pigsound\pig-sound-classification\data\raw\wu_pig_speech\380-1.wav,other,wu_pig_speech
C:\py\pigsound\pig-sound-classification\data\raw\wu_pig_speech\381-1.wav,other,wu_pig_speech
C:\py\pigsound\pig-sound-classification\data\raw\wu_pig_speech\382-1.wav,other,wu_pig_speech
C:\py\pigsound\pig-sound-classification\data\raw\wu_pig_speech\383-1.wav,other,wu_pig_speech
C:\py\pigsound\pig-sound-classification\data\raw\wu_pig_speech\384-1.wav,other,wu_pig_speech
C:\py\pigsound\pig-sound-classification\data\raw\wu_pig_speech\385-1.wav,other,wu_pig_speech
C:\py\pigsound\pig-sound-classification\data\raw\wu_pig_speech\386-1.wav,other,wu_pig_speech
C:\py\pigsound\pig-sound-classification\data\raw\wu_pig_speech\387-1.wav,other,wu_pig_speech
C:\py\pigsound\pig-sound-classification\data\raw\wu_pig_speech\388-1.wav,other,wu_pig_speech
C:\py\pigsound\pig-sound-classification\data\raw\wu_pig_speech\389-1.wav,other,wu_pig_speech
C:\py\pigsound\pig-sound-classification\data\raw\wu_pig_speech\39-0.wav,other,wu_pig_speech
C:\py\pigsound\pig-sound-classification\data\raw\wu_pig_speech\390-1.wav,other,wu_pig_speech
C:\py\pigsound\pig-sound-classification\data\raw\wu_pig_speech\391-1.wav,other,wu_pig_speech
C:\py\pigsound\pig-sound-classification\data\raw\wu_pig_speech\392-1.wav,other,wu_pig_speech
C:\py\pigsound\pig-sound-classification\data\raw\wu_pig_speech\393-1.wav,other,wu_pig_speech
C:\py\pigsound\pig-sound-classification\data\raw\wu_pig_speech\394-1.wav,other,wu_pig_speech
C:\py\pigsound\pig-sound-classification\data\raw\wu_pig_speech\395-1.wav,other,wu_pig_speech
C:\py\pigsound\pig-sound-classification\data\raw\wu_pig_speech\396-1.wav,other,wu_pig_speech
C:\py\pigsound\pig-sound-classification\data\raw\wu_pig_speech\397-1.wav,other,wu_pig_speech
C:\py\pigsound\pig-sound-classification\data\raw\wu_pig_speech\398-1.wav,other,wu_pig_speech
C:\py\pigsound\pig-sound-classification\data\raw\wu_pig_speech\399-1.wav,other,wu_pig_speech
C:\py\pigsound\pig-sound-classification\data\raw\wu_pig_speech\4-0.wav,other,wu_pig_speech
C:\py\pigsound\pig-sound-classification\data\raw\wu_pig_speech\40-0.wav,other,wu_pig_speech
C:\py\pigsound\pig-sound-classification\data\raw\wu_pig_speech\400-1.wav,other,wu_pig_speech
C:\py\pigsound\pig-sound-classification\data\raw\wu_pig_speech\401-1.wav,other,wu_pig_speech
C:\py\pigsound\pig-sound-classification\data\raw\wu_pig_speech\402-1.wav,other,wu_pig_speech
C:\py\pigsound\pig-sound-classification\data\raw\wu_pig_speech\403-1.wav,other,wu_pig_speech
C:\py\pigsound\pig-sound-classification\data\raw\wu_pig_speech\404-1.wav,other,wu_pig_speech
C:\py\pigsound\pig-sound-classification\data\raw\wu_pig_speech\405-1.wav,other,wu_pig_speech
C:\py\pigsound\pig-sound-classification\data\raw\wu_pig_speech\406-1.wav,other,wu_pig_speech
C:\py\pigsound\pig-sound-classification\data\raw\wu_pig_speech\407-1.wav,other,wu_pig_speech
C:\py\pigsound\pig-sound-classification\data\raw\wu_pig_speech\408-1.wav,other,wu_pig_speech
C:\py\pigsound\pig-sound-classification\data\raw\wu_pig_speech\409-1.wav,other,wu_pig_speech
C:\py\pigsound\pig-sound-classification\data\raw\wu_pig_speech\41-0.wav,other,wu_pig_speech
C:\py\pigsound\pig-sound-classification\data\raw\wu_pig_speech\410-1.wav,other,wu_pig_speech
C:\py\pigsound\pig-sound-classification\data\raw\wu_pig_speech\411-1.wav,other,wu_pig_speech
C:\py\pigsound\pig-sound-classification\data\raw\wu_pig_speech\412-1.wav,other,wu_pig_speech
C:\py\pigsound\pig-sound-classification\data\raw\wu_pig_speech\413-1.wav,other,wu_pig_speech
C:\py\pigsound\pig-sound-classification\data\raw\wu_pig_speech\414-1.wav,other,wu_pig_speech
C:\py\pigsound\pig-sound-classification\data\raw\wu_pig_speech\415-1.wav,other,wu_pig_speech
C:\py\pigsound\pig-sound-classification\data\raw\wu_pig_speech\416-1.wav,other,wu_pig_speech
C:\py\pigsound\pig-sound-classification\data\raw\wu_pig_speech\417-1.wav,other,wu_pig_speech
C:\py\pigsound\pig-sound-classification\data\raw\wu_pig_speech\418-1.wav,other,wu_pig_speech
C:\py\pigsound\pig-sound-classification\data\raw\wu_pig_speech\419-1.wav,other,wu_pig_speech
C:\py\pigsound\pig-sound-classification\data\raw\wu_pig_speech\42-0.wav,other,wu_pig_speech
C:\py\pigsound\pig-sound-classification\data\raw\wu_pig_speech\420-1.wav,other,wu_pig_speech
C:\py\pigsound\pig-sound-classification\data\raw\wu_pig_speech\421-1.wav,other,wu_pig_speech
C:\py\pigsound\pig-sound-classification\data\raw\wu_pig_speech\422-1.wav,other,wu_pig_speech
C:\py\pigsound\pig-sound-classification\data\raw\wu_pig_speech\423-1.wav,other,wu_pig_speech
C:\py\pigsound\pig-sound-classification\data\raw\wu_pig_speech\424-1.wav,other,wu_pig_speech
C:\py\pigsound\pig-sound-classification\data\raw\wu_pig_speech\425-1.wav,other,wu_pig_speech
C:\py\pigsound\pig-sound-classification\data\raw\wu_pig_speech\426-1.wav,other,wu_pig_speech
C:\py\pigsound\pig-sound-classification\data\raw\wu_pig_speech\427-1.wav,other,wu_pig_speech
C:\py\pigsound\pig-sound-classification\data\raw\wu_pig_speech\43-0.wav,other,wu_pig_speech
C:\py\pigsound\pig-sound-classification\data\raw\wu_pig_speech\431-1.wav,other,wu_pig_speech
C:\py\pigsound\pig-sound-classification\data\raw\wu_pig_speech\432-1.wav,other,wu_pig_speech
C:\py\pigsound\pig-sound-classification\data\raw\wu_pig_speech\433-1.wav,other,wu_pig_speech
C:\py\pigsound\pig-sound-classification\data\raw\wu_pig_speech\434-1.wav,other,wu_pig_speech
C:\py\pigsound\pig-sound-classification\data\raw\wu_pig_speech\435-1.wav,other,wu_pig_speech
C:\py\pigsound\pig-sound-classification\data\raw\wu_pig_speech\436-1.wav,other,wu_pig_speech
C:\py\pigsound\pig-sound-classification\data\raw\wu_pig_speech\437-1.wav,other,wu_pig_speech
C:\py\pigsound\pig-sound-classification\data\raw\wu_pig_speech\439-1.wav,other,wu_pig_speech
C:\py\pigsound\pig-sound-classification\data\raw\wu_pig_speech\44-0.wav,other,wu_pig_speech
C:\py\pigsound\pig-sound-classification\data\raw\wu_pig_speech\440-1.wav,other,wu_pig_speech
C:\py\pigsound\pig-sound-classification\data\raw\wu_pig_speech\441-1.wav,other,wu_pig_speech
C:\py\pigsound\pig-sound-classification\data\raw\wu_pig_speech\442-1.wav,other,wu_pig_speech
C:\py\pigsound\pig-sound-classification\data\raw\wu_pig_speech\443-1.wav,other,wu_pig_speech
C:\py\pigsound\pig-sound-classification\data\raw\wu_pig_speech\444-1.wav,other,wu_pig_speech
C:\py\pigsound\pig-sound-classification\data\raw\wu_pig_speech\445-1.wav,other,wu_pig_speech
C:\py\pigsound\pig-sound-classification\data\raw\wu_pig_speech\446-1.wav,other,wu_pig_speech
C:\py\pigsound\pig-sound-classification\data\raw\wu_pig_speech\447-1.wav,other,wu_pig_speech
C:\py\pigsound\pig-sound-classification\data\raw\wu_pig_speech\448-1.wav,other,wu_pig_speech
C:\py\pigsound\pig-sound-classification\data\raw\wu_pig_speech\449-1.wav,other,wu_pig_speech
C:\py\pigsound\pig-sound-classification\data\raw\wu_pig_speech\45-0.wav,other,wu_pig_speech
C:\py\pigsound\pig-sound-classification\data\raw\wu_pig_speech\450-1.wav,other,wu_pig_speech
C:\py\pigsound\pig-sound-classification\data\raw\wu_pig_speech\451-1.wav,other,wu_pig_speech
C:\py\pigsound\pig-sound-classification\data\raw\wu_pig_speech\452-1.wav,other,wu_pig_speech
C:\py\pigsound\pig-sound-classification\data\raw\wu_pig_speech\453-1.wav,other,wu_pig_speech
C:\py\pigsound\pig-sound-classification\data\raw\wu_pig_speech\454-1.wav,other,wu_pig_speech
C:\py\pigsound\pig-sound-classification\data\raw\wu_pig_speech\455-1.wav,other,wu_pig_speech
C:\py\pigsound\pig-sound-classification\data\raw\wu_pig_speech\456-1.wav,other,wu_pig_speech
C:\py\pigsound\pig-sound-classification\data\raw\wu_pig_speech\457-1.wav,other,wu_pig_speech
C:\py\pigsound\pig-sound-classification\data\raw\wu_pig_speech\458-1.wav,other,wu_pig_speech
C:\py\pigsound\pig-sound-classification\data\raw\wu_pig_speech\459-1.wav,other,wu_pig_speech
C:\py\pigsound\pig-sound-classification\data\raw\wu_pig_speech\46-0.wav,other,wu_pig_speech
C:\py\pigsound\pig-sound-classification\data\raw\wu_pig_speech\460-1.wav,other,wu_pig_speech
C:\py\pigsound\pig-sound-classification\data\raw\wu_pig_speech\461-1.wav,other,wu_pig_speech
C:\py\pigsound\pig-sound-classification\data\raw\wu_pig_speech\462-1.wav,other,wu_pig_speech
C:\py\pigsound\pig-sound-classification\data\raw\wu_pig_speech\463-1.wav,other,wu_pig_speech
C:\py\pigsound\pig-sound-classification\data\raw\wu_pig_speech\464-1.wav,other,wu_pig_speech
C:\py\pigsound\pig-sound-classification\data\raw\wu_pig_speech\465-1.wav,other,wu_pig_speech
C:\py\pigsound\pig-sound-classification\data\raw\wu_pig_speech\467-1.wav,other,wu_pig_speech
C:\py\pigsound\pig-sound-classification\data\raw\wu_pig_speech\468-1.wav,other,wu_pig_speech
C:\py\pigsound\pig-sound-classification\data\raw\wu_pig_speech\469-1.wav,other,wu_pig_speech
C:\py\pigsound\pig-sound-classification\data\raw\wu_pig_speech\47-0.wav,other,wu_pig_speech
C:\py\pigsound\pig-sound-classification\data\raw\wu_pig_speech\470-1.wav,other,wu_pig_speech
C:\py\pigsound\pig-sound-classification\data\raw\wu_pig_speech\471-1.wav,other,wu_pig_speech
C:\py\pigsound\pig-sound-classification\data\raw\wu_pig_speech\472-1.wav,other,wu_pig_speech
C:\py\pigsound\pig-sound-classification\data\raw\wu_pig_speech\473-1.wav,other,wu_pig_speech
C:\py\pigsound\pig-sound-classification\data\raw\wu_pig_speech\474-1.wav,other,wu_pig_speech
C:\py\pigsound\pig-sound-classification\data\raw\wu_pig_speech\475-1.wav,other,wu_pig_speech
C:\py\pigsound\pig-sound-classification\data\raw\wu_pig_speech\476-1.wav,other,wu_pig_speech
C:\py\pigsound\pig-sound-classification\data\raw\wu_pig_speech\477-1.wav,other,wu_pig_speech
C:\py\pigsound\pig-sound-classification\data\raw\wu_pig_speech\479-1.wav,other,wu_pig_speech
C:\py\pigsound\pig-sound-classification\data\raw\wu_pig_speech\48-0.wav,other,wu_pig_speech
C:\py\pigsound\pig-sound-classification\data\raw\wu_pig_speech\480-1.wav,other,wu_pig_speech
C:\py\pigsound\pig-sound-classification\data\raw\wu_pig_speech\481-1.wav,other,wu_pig_speech
C:\py\pigsound\pig-sound-classification\data\raw\wu_pig_speech\482-1.wav,other,wu_pig_speech
C:\py\pigsound\pig-sound-classification\data\raw\wu_pig_speech\483-1.wav,other,wu_pig_speech
C:\py\pigsound\pig-sound-classification\data\raw\wu_pig_speech\484-1.wav,other,wu_pig_speech
C:\py\pigsound\pig-sound-classification\data\raw\wu_pig_speech\485-1.wav,other,wu_pig_speech
C:\py\pigsound\pig-sound-classification\data\raw\wu_pig_speech\486-1.wav,other,wu_pig_speech
C:\py\pigsound\pig-sound-classification\data\raw\wu_pig_speech\487-1.wav,other,wu_pig_speech
C:\py\pigsound\pig-sound-classification\data\raw\wu_pig_speech\488-1.wav,other,wu_pig_speech
C:\py\pigsound\pig-sound-classification\data\raw\wu_pig_speech\489-1.wav,other,wu_pig_speech
C:\py\pigsound\pig-sound-classification\data\raw\wu_pig_speech\49-0.wav,other,wu_pig_speech
C:\py\pigsound\pig-sound-classification\data\raw\wu_pig_speech\490-1.wav,other,wu_pig_speech
C:\py\pigsound\pig-sound-classification\data\raw\wu_pig_speech\491-1.wav,other,wu_pig_speech
C:\py\pigsound\pig-sound-classification\data\raw\wu_pig_speech\492-1.wav,other,wu_pig_speech
C:\py\pigsound\pig-sound-classification\data\raw\wu_pig_speech\493-1.wav,other,wu_pig_speech
C:\py\pigsound\pig-sound-classification\data\raw\wu_pig_speech\494-1.wav,other,wu_pig_speech
C:\py\pigsound\pig-sound-classification\data\raw\wu_pig_speech\495-1.wav,other,wu_pig_speech
C:\py\pigsound\pig-sound-classification\data\raw\wu_pig_speech\497-2.wav,other,wu_pig_speech
C:\py\pigsound\pig-sound-classification\data\raw\wu_pig_speech\498-2.wav,other,wu_pig_speech
C:\py\pigsound\pig-sound-classification\data\raw\wu_pig_speech\499-2.wav,other,wu_pig_speech
C:\py\pigsound\pig-sound-classification\data\raw\wu_pig_speech\5-0.wav,other,wu_pig_speech
C:\py\pigsound\pig-sound-classification\data\raw\wu_pig_speech\50-0.wav,other,wu_pig_speech
C:\py\pigsound\pig-sound-classification\data\raw\wu_pig_speech\500-2.wav,other,wu_pig_speech
C:\py\pigsound\pig-sound-classification\data\raw\wu_pig_speech\501-2.wav,other,wu_pig_speech
C:\py\pigsound\pig-sound-classification\data\raw\wu_pig_speech\502-2.wav,other,wu_pig_speech
C:\py\pigsound\pig-sound-classification\data\raw\wu_pig_speech\503-2.wav,other,wu_pig_speech
C:\py\pigsound\pig-sound-classification\data\raw\wu_pig_speech\504-2.wav,other,wu_pig_speech
C:\py\pigsound\pig-sound-classification\data\raw\wu_pig_speech\505-2.wav,other,wu_pig_speech
C:\py\pigsound\pig-sound-classification\data\raw\wu_pig_speech\506-2.wav,other,wu_pig_speech
C:\py\pigsound\pig-sound-classification\data\raw\wu_pig_speech\507-2.wav,other,wu_pig_speech
C:\py\pigsound\pig-sound-classification\data\raw\wu_pig_speech\508-2.wav,other,wu_pig_speech
C:\py\pigsound\pig-sound-classification\data\raw\wu_pig_speech\509-2.wav,other,wu_pig_speech
C:\py\pigsound\pig-sound-classification\data\raw\wu_pig_speech\51-0.wav,other,wu_pig_speech
C:\py\pigsound\pig-sound-classification\data\raw\wu_pig_speech\510-2.wav,other,wu_pig_speech
C:\py\pigsound\pig-sound-classification\data\raw\wu_pig_speech\511-2.wav,other,wu_pig_speech
C:\py\pigsound\pig-sound-classification\data\raw\wu_pig_speech\512-2.wav,other,wu_pig_speech
C:\py\pigsound\pig-sound-classification\data\raw\wu_pig_speech\513-2.wav,other,wu_pig_speech
C:\py\pigsound\pig-sound-classification\data\raw\wu_pig_speech\514-2.wav,other,wu_pig_speech
C:\py\pigsound\pig-sound-classification\data\raw\wu_pig_speech\515-2.wav,other,wu_pig_speech
C:\py\pigsound\pig-sound-classification\data\raw\wu_pig_speech\516-2.wav,other,wu_pig_speech
C:\py\pigsound\pig-sound-classification\data\raw\wu_pig_speech\517-2.wav,other,wu_pig_speech
C:\py\pigsound\pig-sound-classification\data\raw\wu_pig_speech\518-2.wav,other,wu_pig_speech
C:\py\pigsound\pig-sound-classification\data\raw\wu_pig_speech\519-2.wav,other,wu_pig_speech
C:\py\pigsound\pig-sound-classification\data\raw\wu_pig_speech\52-0.wav,other,wu_pig_speech
C:\py\pigsound\pig-sound-classification\data\raw\wu_pig_speech\520-2.wav,other,wu_pig_speech
C:\py\pigsound\pig-sound-classification\data\raw\wu_pig_speech\521-2.wav,other,wu_pig_speech
C:\py\pigsound\pig-sound-classification\data\raw\wu_pig_speech\522-2.wav,other,wu_pig_speech
C:\py\pigsound\pig-sound-classification\data\raw\wu_pig_speech\523-2.wav,other,wu_pig_speech
C:\py\pigsound\pig-sound-classification\data\raw\wu_pig_speech\524-2.wav,other,wu_pig_speech
C:\py\pigsound\pig-sound-classification\data\raw\wu_pig_speech\525-2.wav,other,wu_pig_speech
C:\py\pigsound\pig-sound-classification\data\raw\wu_pig_speech\526-2.wav,other,wu_pig_speech
C:\py\pigsound\pig-sound-classification\data\raw\wu_pig_speech\527-2.wav,other,wu_pig_speech
C:\py\pigsound\pig-sound-classification\data\raw\wu_pig_speech\528-2.wav,other,wu_pig_speech
C:\py\pigsound\pig-sound-classification\data\raw\wu_pig_speech\529-2.wav,other,wu_pig_speech
C:\py\pigsound\pig-sound-classification\data\raw\wu_pig_speech\53-0.wav,other,wu_pig_speech
C:\py\pigsound\pig-sound-classification\data\raw\wu_pig_speech\530-2.wav,other,wu_pig_speech
C:\py\pigsound\pig-sound-classification\data\raw\wu_pig_speech\531-2.wav,other,wu_pig_speech
C:\py\pigsound\pig-sound-classification\data\raw\wu_pig_speech\532-2.wav,other,wu_pig_speech
C:\py\pigsound\pig-sound-classification\data\raw\wu_pig_speech\533-2.wav,other,wu_pig_speech
C:\py\pigsound\pig-sound-classification\data\raw\wu_pig_speech\534-2.wav,other,wu_pig_speech
C:\py\pigsound\pig-sound-classification\data\raw\wu_pig_speech\536-2.wav,other,wu_pig_speech
C:\py\pigsound\pig-sound-classification\data\raw\wu_pig_speech\537-2.wav,other,wu_pig_speech
C:\py\pigsound\pig-sound-classification\data\raw\wu_pig_speech\538-2.wav,other,wu_pig_speech
C:\py\pigsound\pig-sound-classification\data\raw\wu_pig_speech\539-2.wav,other,wu_pig_speech
C:\py\pigsound\pig-sound-classification\data\raw\wu_pig_speech\54-0.wav,other,wu_pig_speech
C:\py\pigsound\pig-sound-classification\data\raw\wu_pig_speech\540-2.wav,other,wu_pig_speech
C:\py\pigsound\pig-sound-classification\data\raw\wu_pig_speech\541-2.wav,other,wu_pig_speech
C:\py\pigsound\pig-sound-classification\data\raw\wu_pig_speech\542-2.wav,other,wu_pig_speech
C:\py\pigsound\pig-sound-classification\data\raw\wu_pig_speech\543-2.wav,other,wu_pig_speech
C:\py\pigsound\pig-sound-classification\data\raw\wu_pig_speech\544-2.wav,other,wu_pig_speech
C:\py\pigsound\pig-sound-classification\data\raw\wu_pig_speech\545-2.wav,other,wu_pig_speech
C:\py\pigsound\pig-sound-classification\data\raw\wu_pig_speech\546-2.wav,other,wu_pig_speech
C:\py\pigsound\pig-sound-classification\data\raw\wu_pig_speech\547-2.wav,other,wu_pig_speech
C:\py\pigsound\pig-sound-classification\data\raw\wu_pig_speech\548-2.wav,other,wu_pig_speech
C:\py\pigsound\pig-sound-classification\data\raw\wu_pig_speech\549-2.wav,other,wu_pig_speech
C:\py\pigsound\pig-sound-classification\data\raw\wu_pig_speech\55-0.wav,other,wu_pig_speech
C:\py\pigsound\pig-sound-classification\data\raw\wu_pig_speech\550-2.wav,other,wu_pig_speech
C:\py\pigsound\pig-sound-classification\data\raw\wu_pig_speech\551-2.wav,other,wu_pig_speech
C:\py\pigsound\pig-sound-classification\data\raw\wu_pig_speech\552-2.wav,other,wu_pig_speech
C:\py\pigsound\pig-sound-classification\data\raw\wu_pig_speech\553-2.wav,other,wu_pig_speech
C:\py\pigsound\pig-sound-classification\data\raw\wu_pig_speech\554-2.wav,other,wu_pig_speech
C:\py\pigsound\pig-sound-classification\data\raw\wu_pig_speech\555-2.wav,other,wu_pig_speech
C:\py\pigsound\pig-sound-classification\data\raw\wu_pig_speech\556-2.wav,other,wu_pig_speech
C:\py\pigsound\pig-sound-classification\data\raw\wu_pig_speech\557-2.wav,other,wu_pig_speech
C:\py\pigsound\pig-sound-classification\data\raw\wu_pig_speech\558-2.wav,other,wu_pig_speech
C:\py\pigsound\pig-sound-classification\data\raw\wu_pig_speech\559-2.wav,other,wu_pig_speech
C:\py\pigsound\pig-sound-classification\data\raw\wu_pig_speech\56-0.wav,other,wu_pig_speech
C:\py\pigsound\pig-sound-classification\data\raw\wu_pig_speech\560-2.wav,other,wu_pig_speech
C:\py\pigsound\pig-sound-classification\data\raw\wu_pig_speech\561-2.wav,other,wu_pig_speech
C:\py\pigsound\pig-sound-classification\data\raw\wu_pig_speech\562-2.wav,other,wu_pig_speech
C:\py\pigsound\pig-sound-classification\data\raw\wu_pig_speech\563-2.wav,other,wu_pig_speech
C:\py\pigsound\pig-sound-classification\data\raw\wu_pig_speech\564-2.wav,other,wu_pig_speech
C:\py\pigsound\pig-sound-classification\data\raw\wu_pig_speech\566-2.wav,other,wu_pig_speech
C:\py\pigsound\pig-sound-classification\data\raw\wu_pig_speech\567-2.wav,other,wu_pig_speech
C:\py\pigsound\pig-sound-classification\data\raw\wu_pig_speech\568-2.wav,other,wu_pig_speech
C:\py\pigsound\pig-sound-classification\data\raw\wu_pig_speech\569-2.wav,other,wu_pig_speech
C:\py\pigsound\pig-sound-classification\data\raw\wu_pig_speech\57-0.wav,other,wu_pig_speech
C:\py\pigsound\pig-sound-classification\data\raw\wu_pig_speech\570-2.wav,other,wu_pig_speech
C:\py\pigsound\pig-sound-classification\data\raw\wu_pig_speech\571-2.wav,other,wu_pig_speech
C:\py\pigsound\pig-sound-classification\data\raw\wu_pig_speech\572-2.wav,other,wu_pig_speech
C:\py\pigsound\pig-sound-classification\data\raw\wu_pig_speech\573-2.wav,other,wu_pig_speech
C:\py\pigsound\pig-sound-classification\data\raw\wu_pig_speech\574-2.wav,other,wu_pig_speech
C:\py\pigsound\pig-sound-classification\data\raw\wu_pig_speech\575-2.wav,other,wu_pig_speech
C:\py\pigsound\pig-sound-classification\data\raw\wu_pig_speech\576-2.wav,other,wu_pig_speech
C:\py\pigsound\pig-sound-classification\data\raw\wu_pig_speech\577-2.wav,other,wu_pig_speech
C:\py\pigsound\pig-sound-classification\data\raw\wu_pig_speech\578-2.wav,other,wu_pig_speech
C:\py\pigsound\pig-sound-classification\data\raw\wu_pig_speech\579-2.wav,other,wu_pig_speech
C:\py\pigsound\pig-sound-classification\data\raw\wu_pig_speech\58-0.wav,other,wu_pig_speech
C:\py\pigsound\pig-sound-classification\data\raw\wu_pig_speech\580-2.wav,other,wu_pig_speech
C:\py\pigsound\pig-sound-classification\data\raw\wu_pig_speech\581-2.wav,other,wu_pig_speech
C:\py\pigsound\pig-sound-classification\data\raw\wu_pig_speech\582-2.wav,other,wu_pig_speech
C:\py\pigsound\pig-sound-classification\data\raw\wu_pig_speech\583-2.wav,other,wu_pig_speech
C:\py\pigsound\pig-sound-classification\data\raw\wu_pig_speech\584-2.wav,other,wu_pig_speech
C:\py\pigsound\pig-sound-classification\data\raw\wu_pig_speech\585-2.wav,other,wu_pig_speech
C:\py\pigsound\pig-sound-classification\data\raw\wu_pig_speech\586-2.wav,other,wu_pig_speech
C:\py\pigsound\pig-sound-classification\data\raw\wu_pig_speech\587-2.wav,other,wu_pig_speech
C:\py\pigsound\pig-sound-classification\data\raw\wu_pig_speech\588-2.wav,other,wu_pig_speech
C:\py\pigsound\pig-sound-classification\data\raw\wu_pig_speech\589-2.wav,other,wu_pig_speech
C:\py\pigsound\pig-sound-classification\data\raw\wu_pig_speech\59-0.wav,other,wu_pig_speech
C:\py\pigsound\pig-sound-classification\data\raw\wu_pig_speech\590-2.wav,other,wu_pig_speech
C:\py\pigsound\pig-sound-classification\data\raw\wu_pig_speech\591-2.wav,other,wu_pig_speech
C:\py\pigsound\pig-sound-classification\data\raw\wu_pig_speech\592-2.wav,other,wu_pig_speech
C:\py\pigsound\pig-sound-classification\data\raw\wu_pig_speech\593-2.wav,other,wu_pig_speech
C:\py\pigsound\pig-sound-classification\data\raw\wu_pig_speech\594-2.wav,other,wu_pig_speech
C:\py\pigsound\pig-sound-classification\data\raw\wu_pig_speech\595-2.wav,other,wu_pig_speech
C:\py\pigsound\pig-sound-classification\data\raw\wu_pig_speech\596-2.wav,other,wu_pig_speech
C:\py\pigsound\pig-sound-classification\data\raw\wu_pig_speech\597-2.wav,other,wu_pig_speech
C:\py\pigsound\pig-sound-classification\data\raw\wu_pig_speech\598-2.wav,other,wu_pig_speech
C:\py\pigsound\pig-sound-classification\data\raw\wu_pig_speech\599-2.wav,other,wu_pig_speech
C:\py\pigsound\pig-sound-classification\data\raw\wu_pig_speech\6-0.wav,other,wu_pig_speech
C:\py\pigsound\pig-sound-classification\data\raw\wu_pig_speech\60-0.wav,other,wu_pig_speech
C:\py\pigsound\pig-sound-classification\data\raw\wu_pig_speech\600-2.wav,other,wu_pig_speech
C:\py\pigsound\pig-sound-classification\data\raw\wu_pig_speech\601-2.wav,other,wu_pig_speech
C:\py\pigsound\pig-sound-classification\data\raw\wu_pig_speech\602-2.wav,other,wu_pig_speech
C:\py\pigsound\pig-sound-classification\data\raw\wu_pig_speech\603-2.wav,other,wu_pig_speech
C:\py\pigsound\pig-sound-classification\data\raw\wu_pig_speech\604-2.wav,other,wu_pig_speech
C:\py\pigsound\pig-sound-classification\data\raw\wu_pig_speech\605-2.wav,other,wu_pig_speech
C:\py\pigsound\pig-sound-classification\data\raw\wu_pig_speech\606-2.wav,other,wu_pig_speech
C:\py\pigsound\pig-sound-classification\data\raw\wu_pig_speech\607-2.wav,other,wu_pig_speech
C:\py\pigsound\pig-sound-classification\data\raw\wu_pig_speech\608-2.wav,other,wu_pig_speech
C:\py\pigsound\pig-sound-classification\data\raw\wu_pig_speech\609-2.wav,other,wu_pig_speech
C:\py\pigsound\pig-sound-classification\data\raw\wu_pig_speech\61-0.wav,other,wu_pig_speech
C:\py\pigsound\pig-sound-classification\data\raw\wu_pig_speech\610-2.wav,other,wu_pig_speech
C:\py\pigsound\pig-sound-classification\data\raw\wu_pig_speech\611-2.wav,other,wu_pig_speech
C:\py\pigsound\pig-sound-classification\data\raw\wu_pig_speech\612-2.wav,other,wu_pig_speech
C:\py\pigsound\pig-sound-classification\data\raw\wu_pig_speech\613-2.wav,other,wu_pig_speech
C:\py\pigsound\pig-sound-classification\data\raw\wu_pig_speech\614-2.wav,other,wu_pig_speech
C:\py\pigsound\pig-sound-classification\data\raw\wu_pig_speech\615-2.wav,other,wu_pig_speech
C:\py\pigsound\pig-sound-classification\data\raw\wu_pig_speech\616-2.wav,other,wu_pig_speech
C:\py\pigsound\pig-sound-classification\data\raw\wu_pig_speech\617-2.wav,other,wu_pig_speech
C:\py\pigsound\pig-sound-classification\data\raw\wu_pig_speech\618-2.wav,other,wu_pig_speech
C:\py\pigsound\pig-sound-classification\data\raw\wu_pig_speech\619-2.wav,other,wu_pig_speech
C:\py\pigsound\pig-sound-classification\data\raw\wu_pig_speech\62-0.wav,other,wu_pig_speech
C:\py\pigsound\pig-sound-classification\data\raw\wu_pig_speech\620-2.wav,other,wu_pig_speech
C:\py\pigsound\pig-sound-classification\data\raw\wu_pig_speech\621-2.wav,other,wu_pig_speech
C:\py\pigsound\pig-sound-classification\data\raw\wu_pig_speech\622-2.wav,other,wu_pig_speech
C:\py\pigsound\pig-sound-classification\data\raw\wu_pig_speech\623-2.wav,other,wu_pig_speech
C:\py\pigsound\pig-sound-classification\data\raw\wu_pig_speech\624-2.wav,other,wu_pig_speech
C:\py\pigsound\pig-sound-classification\data\raw\wu_pig_speech\625-2.wav,other,wu_pig_speech
C:\py\pigsound\pig-sound-classification\data\raw\wu_pig_speech\626-2.wav,other,wu_pig_speech
C:\py\pigsound\pig-sound-classification\data\raw\wu_pig_speech\627-2.wav,other,wu_pig_speech
C:\py\pigsound\pig-sound-classification\data\raw\wu_pig_speech\628-2.wav,other,wu_pig_speech
C:\py\pigsound\pig-sound-classification\data\raw\wu_pig_speech\629-2.wav,other,wu_pig_speech
C:\py\pigsound\pig-sound-classification\data\raw\wu_pig_speech\63-0.wav,other,wu_pig_speech
C:\py\pigsound\pig-sound-classification\data\raw\wu_pig_speech\630-2.wav,other,wu_pig_speech
C:\py\pigsound\pig-sound-classification\data\raw\wu_pig_speech\631-2.wav,other,wu_pig_speech
C:\py\pigsound\pig-sound-classification\data\raw\wu_pig_speech\632-2.wav,other,wu_pig_speech
C:\py\pigsound\pig-sound-classification\data\raw\wu_pig_speech\633-2.wav,other,wu_pig_speech
C:\py\pigsound\pig-sound-classification\data\raw\wu_pig_speech\634-2.wav,other,wu_pig_speech
C:\py\pigsound\pig-sound-classification\data\raw\wu_pig_speech\635-2.wav,other,wu_pig_speech
C:\py\pigsound\pig-sound-classification\data\raw\wu_pig_speech\636-2.wav,other,wu_pig_speech
C:\py\pigsound\pig-sound-classification\data\raw\wu_pig_speech\637-2.wav,other,wu_pig_speech
C:\py\pigsound\pig-sound-classification\data\raw\wu_pig_speech\638-2.wav,other,wu_pig_speech
C:\py\pigsound\pig-sound-classification\data\raw\wu_pig_speech\639-2.wav,other,wu_pig_speech
C:\py\pigsound\pig-sound-classification\data\raw\wu_pig_speech\64-0.wav,other,wu_pig_speech
C:\py\pigsound\pig-sound-classification\data\raw\wu_pig_speech\640-2.wav,other,wu_pig_speech
C:\py\pigsound\pig-sound-classification\data\raw\wu_pig_speech\641-2.wav,other,wu_pig_speech
C:\py\pigsound\pig-sound-classification\data\raw\wu_pig_speech\642-2.wav,other,wu_pig_speech
C:\py\pigsound\pig-sound-classification\data\raw\wu_pig_speech\643-2.wav,other,wu_pig_speech
C:\py\pigsound\pig-sound-classification\data\raw\wu_pig_speech\644-2.wav,other,wu_pig_speech
C:\py\pigsound\pig-sound-classification\data\raw\wu_pig_speech\645-2.wav,other,wu_pig_speech
C:\py\pigsound\pig-sound-classification\data\raw\wu_pig_speech\646-2.wav,other,wu_pig_speech
C:\py\pigsound\pig-sound-classification\data\raw\wu_pig_speech\647-2.wav,other,wu_pig_speech
C:\py\pigsound\pig-sound-classification\data\raw\wu_pig_speech\648-2.wav,other,wu_pig_speech
C:\py\pigsound\pig-sound-classification\data\raw\wu_pig_speech\649-2.wav,other,wu_pig_speech
C:\py\pigsound\pig-sound-classification\data\raw\wu_pig_speech\65-0.wav,other,wu_pig_speech
C:\py\pigsound\pig-sound-classification\data\raw\wu_pig_speech\650-2.wav,other,wu_pig_speech
C:\py\pigsound\pig-sound-classification\data\raw\wu_pig_speech\651-2.wav,other,wu_pig_speech
C:\py\pigsound\pig-sound-classification\data\raw\wu_pig_speech\652-2.wav,other,wu_pig_speech
C:\py\pigsound\pig-sound-classification\data\raw\wu_pig_speech\653-2.wav,other,wu_pig_speech
C:\py\pigsound\pig-sound-classification\data\raw\wu_pig_speech\654-2.wav,other,wu_pig_speech
C:\py\pigsound\pig-sound-classification\data\raw\wu_pig_speech\655-2.wav,other,wu_pig_speech
C:\py\pigsound\pig-sound-classification\data\raw\wu_pig_speech\656-2.wav,other,wu_pig_speech
C:\py\pigsound\pig-sound-classification\data\raw\wu_pig_speech\657-2.wav,other,wu_pig_speech
C:\py\pigsound\pig-sound-classification\data\raw\wu_pig_speech\658-2.wav,other,wu_pig_speech
C:\py\pigsound\pig-sound-classification\data\raw\wu_pig_speech\659-2.wav,other,wu_pig_speech
C:\py\pigsound\pig-sound-classification\data\raw\wu_pig_speech\66-0.wav,other,wu_pig_speech
C:\py\pigsound\pig-sound-classification\data\raw\wu_pig_speech\660-2.wav,other,wu_pig_speech
C:\py\pigsound\pig-sound-classification\data\raw\wu_pig_speech\661-2.wav,other,wu_pig_speech
C:\py\pigsound\pig-sound-classification\data\raw\wu_pig_speech\662-2.wav,other,wu_pig_speech
C:\py\pigsound\pig-sound-classification\data\raw\wu_pig_speech\663-2.wav,other,wu_pig_speech
C:\py\pigsound\pig-sound-classification\data\raw\wu_pig_speech\664-2.wav,other,wu_pig_speech
C:\py\pigsound\pig-sound-classification\data\raw\wu_pig_speech\665-2.wav,other,wu_pig_speech
C:\py\pigsound\pig-sound-classification\data\raw\wu_pig_speech\666-2.wav,other,wu_pig_speech
C:\py\pigsound\pig-sound-classification\data\raw\wu_pig_speech\667-2.wav,other,wu_pig_speech
C:\py\pigsound\pig-sound-classification\data\raw\wu_pig_speech\668-2.wav,other,wu_pig_speech
C:\py\pigsound\pig-sound-classification\data\raw\wu_pig_speech\669-2.wav,other,wu_pig_speech
C:\py\pigsound\pig-sound-classification\data\raw\wu_pig_speech\67-0.wav,other,wu_pig_speech
C:\py\pigsound\pig-sound-classification\data\raw\wu_pig_speech\670-2.wav,other,wu_pig_speech
C:\py\pigsound\pig-sound-classification\data\raw\wu_pig_speech\671-2.wav,other,wu_pig_speech
C:\py\pigsound\pig-sound-classification\data\raw\wu_pig_speech\672-2.wav,other,wu_pig_speech
C:\py\pigsound\pig-sound-classification\data\raw\wu_pig_speech\673-2.wav,other,wu_pig_speech
C:\py\pigsound\pig-sound-classification\data\raw\wu_pig_speech\674-2.wav,other,wu_pig_speech
C:\py\pigsound\pig-sound-classification\data\raw\wu_pig_speech\675-2.wav,other,wu_pig_speech
C:\py\pigsound\pig-sound-classification\data\raw\wu_pig_speech\676-2.wav,other,wu_pig_speech
C:\py\pigsound\pig-sound-classification\data\raw\wu_pig_speech\677-2.wav,other,wu_pig_speech
C:\py\pigsound\pig-sound-classification\data\raw\wu_pig_speech\678-2.wav,other,wu_pig_speech
C:\py\pigsound\pig-sound-classification\data\raw\wu_pig_speech\679-2.wav,other,wu_pig_speech
C:\py\pigsound\pig-sound-classification\data\raw\wu_pig_speech\68-0.wav,other,wu_pig_speech
C:\py\pigsound\pig-sound-classification\data\raw\wu_pig_speech\680-2.wav,other,wu_pig_speech
C:\py\pigsound\pig-sound-classification\data\raw\wu_pig_speech\681-2.wav,other,wu_pig_speech
C:\py\pigsound\pig-sound-classification\data\raw\wu_pig_speech\682-2.wav,other,wu_pig_speech
C:\py\pigsound\pig-sound-classification\data\raw\wu_pig_speech\683-2.wav,other,wu_pig_speech
C:\py\pigsound\pig-sound-classification\data\raw\wu_pig_speech\684-2.wav,other,wu_pig_speech
C:\py\pigsound\pig-sound-classification\data\raw\wu_pig_speech\685-2.wav,other,wu_pig_speech
C:\py\pigsound\pig-sound-classification\data\raw\wu_pig_speech\686-2.wav,other,wu_pig_speech
C:\py\pigsound\pig-sound-classification\data\raw\wu_pig_speech\687-2.wav,other,wu_pig_speech
C:\py\pigsound\pig-sound-classification\data\raw\wu_pig_speech\688-2.wav,other,wu_pig_speech
C:\py\pigsound\pig-sound-classification\data\raw\wu_pig_speech\689-2.wav,other,wu_pig_speech
C:\py\pigsound\pig-sound-classification\data\raw\wu_pig_speech\69-0.wav,other,wu_pig_speech
C:\py\pigsound\pig-sound-classification\data\raw\wu_pig_speech\690-2.wav,other,wu_pig_speech
C:\py\pigsound\pig-sound-classification\data\raw\wu_pig_speech\691-2.wav,other,wu_pig_speech
C:\py\pigsound\pig-sound-classification\data\raw\wu_pig_speech\692-2.wav,other,wu_pig_speech
C:\py\pigsound\pig-sound-classification\data\raw\wu_pig_speech\693-2.wav,other,wu_pig_speech
C:\py\pigsound\pig-sound-classification\data\raw\wu_pig_speech\694-2.wav,other,wu_pig_speech
C:\py\pigsound\pig-sound-classification\data\raw\wu_pig_speech\695-2.wav,other,wu_pig_speech
C:\py\pigsound\pig-sound-classification\data\raw\wu_pig_speech\696-2.wav,other,wu_pig_speech
C:\py\pigsound\pig-sound-classification\data\raw\wu_pig_speech\697-2.wav,other,wu_pig_speech
C:\py\pigsound\pig-sound-classification\data\raw\wu_pig_speech\698-2.wav,other,wu_pig_speech
C:\py\pigsound\pig-sound-classification\data\raw\wu_pig_speech\699-2.wav,other,wu_pig_speech
C:\py\pigsound\pig-sound-classification\data\raw\wu_pig_speech\7-0.wav,other,wu_pig_speech
C:\py\pigsound\pig-sound-classification\data\raw\wu_pig_speech\70-0.wav,other,wu_pig_speech
C:\py\pigsound\pig-sound-classification\data\raw\wu_pig_speech\700-2.wav,other,wu_pig_speech
C:\py\pigsound\pig-sound-classification\data\raw\wu_pig_speech\701-2.wav,other,wu_pig_speech
C:\py\pigsound\pig-sound-classification\data\raw\wu_pig_speech\702-2.wav,other,wu_pig_speech
C:\py\pigsound\pig-sound-classification\data\raw\wu_pig_speech\703-2.wav,other,wu_pig_speech
C:\py\pigsound\pig-sound-classification\data\raw\wu_pig_speech\704-2.wav,other,wu_pig_speech
C:\py\pigsound\pig-sound-classification\data\raw\wu_pig_speech\705-2.wav,other,wu_pig_speech
C:\py\pigsound\pig-sound-classification\data\raw\wu_pig_speech\706-2.wav,other,wu_pig_speech
C:\py\pigsound\pig-sound-classification\data\raw\wu_pig_speech\707-2.wav,other,wu_pig_speech
C:\py\pigsound\pig-sound-classification\data\raw\wu_pig_speech\708-2.wav,other,wu_pig_speech
C:\py\pigsound\pig-sound-classification\data\raw\wu_pig_speech\709-2.wav,other,wu_pig_speech
C:\py\pigsound\pig-sound-classification\data\raw\wu_pig_speech\71-0.wav,other,wu_pig_speech
C:\py\pigsound\pig-sound-classification\data\raw\wu_pig_speech\710-2.wav,other,wu_pig_speech
C:\py\pigsound\pig-sound-classification\data\raw\wu_pig_speech\711-2.wav,other,wu_pig_speech
C:\py\pigsound\pig-sound-classification\data\raw\wu_pig_speech\712-2.wav,other,wu_pig_speech
C:\py\pigsound\pig-sound-classification\data\raw\wu_pig_speech\713-2.wav,other,wu_pig_speech
C:\py\pigsound\pig-sound-classification\data\raw\wu_pig_speech\714-2.wav,other,wu_pig_speech
C:\py\pigsound\pig-sound-classification\data\raw\wu_pig_speech\715-2.wav,other,wu_pig_speech
C:\py\pigsound\pig-sound-classification\data\raw\wu_pig_speech\716-2.wav,other,wu_pig_speech
C:\py\pigsound\pig-sound-classification\data\raw\wu_pig_speech\717-2.wav,other,wu_pig_speech
C:\py\pigsound\pig-sound-classification\data\raw\wu_pig_speech\718-2.wav,other,wu_pig_speech
C:\py\pigsound\pig-sound-classification\data\raw\wu_pig_speech\719-2.wav,other,wu_pig_speech
C:\py\pigsound\pig-sound-classification\data\raw\wu_pig_speech\72-0.wav,other,wu_pig_speech
C:\py\pigsound\pig-sound-classification\data\raw\wu_pig_speech\720-2.wav,other,wu_pig_speech
C:\py\pigsound\pig-sound-classification\data\raw\wu_pig_speech\721-2.wav,other,wu_pig_speech
C:\py\pigsound\pig-sound-classification\data\raw\wu_pig_speech\722-2.wav,other,wu_pig_speech
C:\py\pigsound\pig-sound-classification\data\raw\wu_pig_speech\723-2.wav,other,wu_pig_speech
C:\py\pigsound\pig-sound-classification\data\raw\wu_pig_speech\724-2.wav,other,wu_pig_speech
C:\py\pigsound\pig-sound-classification\data\raw\wu_pig_speech\725-2.wav,other,wu_pig_speech
C:\py\pigsound\pig-sound-classification\data\raw\wu_pig_speech\726-2.wav,other,wu_pig_speech
C:\py\pigsound\pig-sound-classification\data\raw\wu_pig_speech\727-2.wav,other,wu_pig_speech
C:\py\pigsound\pig-sound-classification\data\raw\wu_pig_speech\728-2.wav,other,wu_pig_speech
C:\py\pigsound\pig-sound-classification\data\raw\wu_pig_speech\729-2.wav,other,wu_pig_speech
C:\py\pigsound\pig-sound-classification\data\raw\wu_pig_speech\73-0.wav,other,wu_pig_speech
C:\py\pigsound\pig-sound-classification\data\raw\wu_pig_speech\730-2.wav,other,wu_pig_speech
C:\py\pigsound\pig-sound-classification\data\raw\wu_pig_speech\731-2.wav,other,wu_pig_speech
C:\py\pigsound\pig-sound-classification\data\raw\wu_pig_speech\732-2.wav,other,wu_pig_speech
C:\py\pigsound\pig-sound-classification\data\raw\wu_pig_speech\733-2.wav,other,wu_pig_speech
C:\py\pigsound\pig-sound-classification\data\raw\wu_pig_speech\734-2.wav,other,wu_pig_speech
C:\py\pigsound\pig-sound-classification\data\raw\wu_pig_speech\735-2.wav,other,wu_pig_speech
C:\py\pigsound\pig-sound-classification\data\raw\wu_pig_speech\736-2.wav,other,wu_pig_speech
C:\py\pigsound\pig-sound-classification\data\raw\wu_pig_speech\737-2.wav,other,wu_pig_speech
C:\py\pigsound\pig-sound-classification\data\raw\wu_pig_speech\738-2.wav,other,wu_pig_speech
C:\py\pigsound\pig-sound-classification\data\raw\wu_pig_speech\739-2.wav,other,wu_pig_speech
C:\py\pigsound\pig-sound-classification\data\raw\wu_pig_speech\74-0.wav,other,wu_pig_speech
C:\py\pigsound\pig-sound-classification\data\raw\wu_pig_speech\740-2.wav,other,wu_pig_speech
C:\py\pigsound\pig-sound-classification\data\raw\wu_pig_speech\741-2.wav,other,wu_pig_speech
C:\py\pigsound\pig-sound-classification\data\raw\wu_pig_speech\742-2.wav,other,wu_pig_speech
C:\py\pigsound\pig-sound-classification\data\raw\wu_pig_speech\743-2.wav,other,wu_pig_speech
C:\py\pigsound\pig-sound-classification\data\raw\wu_pig_speech\744-2.wav,other,wu_pig_speech
C:\py\pigsound\pig-sound-classification\data\raw\wu_pig_speech\745-2.wav,other,wu_pig_speech
C:\py\pigsound\pig-sound-classification\data\raw\wu_pig_speech\746-2.wav,other,wu_pig_speech
C:\py\pigsound\pig-sound-classification\data\raw\wu_pig_speech\747-2.wav,other,wu_pig_speech
C:\py\pigsound\pig-sound-classification\data\raw\wu_pig_speech\748-2.wav,other,wu_pig_speech
C:\py\pigsound\pig-sound-classification\data\raw\wu_pig_speech\749-2.wav,other,wu_pig_speech
C:\py\pigsound\pig-sound-classification\data\raw\wu_pig_speech\75-0.wav,other,wu_pig_speech
C:\py\pigsound\pig-sound-classification\data\raw\wu_pig_speech\750-2.wav,other,wu_pig_speech
C:\py\pigsound\pig-sound-classification\data\raw\wu_pig_speech\751-2.wav,other,wu_pig_speech
C:\py\pigsound\pig-sound-classification\data\raw\wu_pig_speech\752-2.wav,other,wu_pig_speech
C:\py\pigsound\pig-sound-classification\data\raw\wu_pig_speech\753-2.wav,other,wu_pig_speech
C:\py\pigsound\pig-sound-classification\data\raw\wu_pig_speech\754-2.wav,other,wu_pig_speech
C:\py\pigsound\pig-sound-classification\data\raw\wu_pig_speech\755-2.wav,other,wu_pig_speech
C:\py\pigsound\pig-sound-classification\data\raw\wu_pig_speech\756-2.wav,other,wu_pig_speech
C:\py\pigsound\pig-sound-classification\data\raw\wu_pig_speech\757-2.wav,other,wu_pig_speech
C:\py\pigsound\pig-sound-classification\data\raw\wu_pig_speech\758-2.wav,other,wu_pig_speech
C:\py\pigsound\pig-sound-classification\data\raw\wu_pig_speech\759-2.wav,other,wu_pig_speech
C:\py\pigsound\pig-sound-classification\data\raw\wu_pig_speech\76-0.wav,other,wu_pig_speech
C:\py\pigsound\pig-sound-classification\data\raw\wu_pig_speech\760-2.wav,other,wu_pig_speech
C:\py\pigsound\pig-sound-classification\data\raw\wu_pig_speech\761-2.wav,other,wu_pig_speech
C:\py\pigsound\pig-sound-classification\data\raw\wu_pig_speech\762-2.wav,other,wu_pig_speech
C:\py\pigsound\pig-sound-classification\data\raw\wu_pig_speech\763-2.wav,other,wu_pig_speech
C:\py\pigsound\pig-sound-classification\data\raw\wu_pig_speech\764-2.wav,other,wu_pig_speech
C:\py\pigsound\pig-sound-classification\data\raw\wu_pig_speech\765-2.wav,other,wu_pig_speech
C:\py\pigsound\pig-sound-classification\data\raw\wu_pig_speech\766-2.wav,other,wu_pig_speech
C:\py\pigsound\pig-sound-classification\data\raw\wu_pig_speech\767-2.wav,other,wu_pig_speech
C:\py\pigsound\pig-sound-classification\data\raw\wu_pig_speech\768-2.wav,other,wu_pig_speech
C:\py\pigsound\pig-sound-classification\data\raw\wu_pig_speech\769-2.wav,other,wu_pig_speech
C:\py\pigsound\pig-sound-classification\data\raw\wu_pig_speech\77-0.wav,other,wu_pig_speech
C:\py\pigsound\pig-sound-classification\data\raw\wu_pig_speech\770-2.wav,other,wu_pig_speech
C:\py\pigsound\pig-sound-classification\data\raw\wu_pig_speech\771-2.wav,other,wu_pig_speech
C:\py\pigsound\pig-sound-classification\data\raw\wu_pig_speech\772-2.wav,other,wu_pig_speech
C:\py\pigsound\pig-sound-classification\data\raw\wu_pig_speech\773-2.wav,other,wu_pig_speech
C:\py\pigsound\pig-sound-classification\data\raw\wu_pig_speech\774-2.wav,other,wu_pig_speech
C:\py\pigsound\pig-sound-classification\data\raw\wu_pig_speech\775-2.wav,other,wu_pig_speech
C:\py\pigsound\pig-sound-classification\data\raw\wu_pig_speech\776-2.wav,other,wu_pig_speech
C:\py\pigsound\pig-sound-classification\data\raw\wu_pig_speech\777-2.wav,other,wu_pig_speech
C:\py\pigsound\pig-sound-classification\data\raw\wu_pig_speech\778-2.wav,other,wu_pig_speech
C:\py\pigsound\pig-sound-classification\data\raw\wu_pig_speech\779-2.wav,other,wu_pig_speech
C:\py\pigsound\pig-sound-classification\data\raw\wu_pig_speech\78-0.wav,other,wu_pig_speech
C:\py\pigsound\pig-sound-classification\data\raw\wu_pig_speech\780-2.wav,other,wu_pig_speech
C:\py\pigsound\pig-sound-classification\data\raw\wu_pig_speech\781-2.wav,other,wu_pig_speech
C:\py\pigsound\pig-sound-classification\data\raw\wu_pig_speech\782-2.wav,other,wu_pig_speech
C:\py\pigsound\pig-sound-classification\data\raw\wu_pig_speech\783-2.wav,other,wu_pig_speech
C:\py\pigsound\pig-sound-classification\data\raw\wu_pig_speech\784-2.wav,other,wu_pig_speech
C:\py\pigsound\pig-sound-classification\data\raw\wu_pig_speech\785-2.wav,other,wu_pig_speech
C:\py\pigsound\pig-sound-classification\data\raw\wu_pig_speech\786-2.wav,other,wu_pig_speech
C:\py\pigsound\pig-sound-classification\data\raw\wu_pig_speech\787-2.wav,other,wu_pig_speech
C:\py\pigsound\pig-sound-classification\data\raw\wu_pig_speech\788-2.wav,other,wu_pig_speech
C:\py\pigsound\pig-sound-classification\data\raw\wu_pig_speech\789-2.wav,other,wu_pig_speech
C:\py\pigsound\pig-sound-classification\data\raw\wu_pig_speech\79-0.wav,other,wu_pig_speech
C:\py\pigsound\pig-sound-classification\data\raw\wu_pig_speech\790-2.wav,other,wu_pig_speech
C:\py\pigsound\pig-sound-classification\data\raw\wu_pig_speech\791-2.wav,other,wu_pig_speech
C:\py\pigsound\pig-sound-classification\data\raw\wu_pig_speech\792-2.wav,other,wu_pig_speech
C:\py\pigsound\pig-sound-classification\data\raw\wu_pig_speech\793-2.wav,other,wu_pig_speech
C:\py\pigsound\pig-sound-classification\data\raw\wu_pig_speech\794-2.wav,other,wu_pig_speech
C:\py\pigsound\pig-sound-classification\data\raw\wu_pig_speech\795-2.wav,other,wu_pig_speech
C:\py\pigsound\pig-sound-classification\data\raw\wu_pig_speech\796-2.wav,other,wu_pig_speech
C:\py\pigsound\pig-sound-classification\data\raw\wu_pig_speech\797-2.wav,other,wu_pig_speech
C:\py\pigsound\pig-sound-classification\data\raw\wu_pig_speech\798-2.wav,other,wu_pig_speech
C:\py\pigsound\pig-sound-classification\data\raw\wu_pig_speech\799-2.wav,other,wu_pig_speech
C:\py\pigsound\pig-sound-classification\data\raw\wu_pig_speech\8-0.wav,other,wu_pig_speech
C:\py\pigsound\pig-sound-classification\data\raw\wu_pig_speech\80-0.wav,other,wu_pig_speech
C:\py\pigsound\pig-sound-classification\data\raw\wu_pig_speech\800-2.wav,other,wu_pig_speech
C:\py\pigsound\pig-sound-classification\data\raw\wu_pig_speech\801-2.wav,other,wu_pig_speech
C:\py\pigsound\pig-sound-classification\data\raw\wu_pig_speech\802-2.wav,other,wu_pig_speech
C:\py\pigsound\pig-sound-classification\data\raw\wu_pig_speech\803-2.wav,other,wu_pig_speech
C:\py\pigsound\pig-sound-classification\data\raw\wu_pig_speech\804-2.wav,other,wu_pig_speech
C:\py\pigsound\pig-sound-classification\data\raw\wu_pig_speech\805-2.wav,other,wu_pig_speech
C:\py\pigsound\pig-sound-classification\data\raw\wu_pig_speech\806-2.wav,other,wu_pig_speech
C:\py\pigsound\pig-sound-classification\data\raw\wu_pig_speech\807-2.wav,other,wu_pig_speech
C:\py\pigsound\pig-sound-classification\data\raw\wu_pig_speech\808-2.wav,other,wu_pig_speech
C:\py\pigsound\pig-sound-classification\data\raw\wu_pig_speech\809-2.wav,other,wu_pig_speech
C:\py\pigsound\pig-sound-classification\data\raw\wu_pig_speech\81-0.wav,other,wu_pig_speech
C:\py\pigsound\pig-sound-classification\data\raw\wu_pig_speech\810-2.wav,other,wu_pig_speech
C:\py\pigsound\pig-sound-classification\data\raw\wu_pig_speech\811-2.wav,other,wu_pig_speech
C:\py\pigsound\pig-sound-classification\data\raw\wu_pig_speech\812-2.wav,other,wu_pig_speech
C:\py\pigsound\pig-sound-classification\data\raw\wu_pig_speech\813-2.wav,other,wu_pig_speech
C:\py\pigsound\pig-sound-classification\data\raw\wu_pig_speech\814-2.wav,other,wu_pig_speech
C:\py\pigsound\pig-sound-classification\data\raw\wu_pig_speech\815-2.wav,other,wu_pig_speech
C:\py\pigsound\pig-sound-classification\data\raw\wu_pig_speech\816-2.wav,other,wu_pig_speech
C:\py\pigsound\pig-sound-classification\data\raw\wu_pig_speech\817-2.wav,other,wu_pig_speech
C:\py\pigsound\pig-sound-classification\data\raw\wu_pig_speech\818-2.wav,other,wu_pig_speech
C:\py\pigsound\pig-sound-classification\data\raw\wu_pig_speech\819-2.wav,other,wu_pig_speech
C:\py\pigsound\pig-sound-classification\data\raw\wu_pig_speech\82-0.wav,other,wu_pig_speech
C:\py\pigsound\pig-sound-classification\data\raw\wu_pig_speech\820-2.wav,other,wu_pig_speech
C:\py\pigsound\pig-sound-classification\data\raw\wu_pig_speech\821-2.wav,other,wu_pig_speech
C:\py\pigsound\pig-sound-classification\data\raw\wu_pig_speech\822-2.wav,other,wu_pig_speech
C:\py\pigsound\pig-sound-classification\data\raw\wu_pig_speech\823-2.wav,other,wu_pig_speech
C:\py\pigsound\pig-sound-classification\data\raw\wu_pig_speech\824-2.wav,other,wu_pig_speech
C:\py\pigsound\pig-sound-classification\data\raw\wu_pig_speech\825-2.wav,other,wu_pig_speech
C:\py\pigsound\pig-sound-classification\data\raw\wu_pig_speech\826-2.wav,other,wu_pig_speech
C:\py\pigsound\pig-sound-classification\data\raw\wu_pig_speech\827-2.wav,other,wu_pig_speech
C:\py\pigsound\pig-sound-classification\data\raw\wu_pig_speech\828-2.wav,other,wu_pig_speech
C:\py\pigsound\pig-sound-classification\data\raw\wu_pig_speech\829-2.wav,other,wu_pig_speech
C:\py\pigsound\pig-sound-classification\data\raw\wu_pig_speech\83-0.wav,other,wu_pig_speech
C:\py\pigsound\pig-sound-classification\data\raw\wu_pig_speech\830-2.wav,other,wu_pig_speech
C:\py\pigsound\pig-sound-classification\data\raw\wu_pig_speech\831-2.wav,other,wu_pig_speech
C:\py\pigsound\pig-sound-classification\data\raw\wu_pig_speech\832-2.wav,other,wu_pig_speech
C:\py\pigsound\pig-sound-classification\data\raw\wu_pig_speech\833-2.wav,other,wu_pig_speech
C:\py\pigsound\pig-sound-classification\data\raw\wu_pig_speech\834-2.wav,other,wu_pig_speech
C:\py\pigsound\pig-sound-classification\data\raw\wu_pig_speech\835-2.wav,other,wu_pig_speech
C:\py\pigsound\pig-sound-classification\data\raw\wu_pig_speech\836-2.wav,other,wu_pig_speech
C:\py\pigsound\pig-sound-classification\data\raw\wu_pig_speech\837-2.wav,other,wu_pig_speech
C:\py\pigsound\pig-sound-classification\data\raw\wu_pig_speech\838-2.wav,other,wu_pig_speech
C:\py\pigsound\pig-sound-classification\data\raw\wu_pig_speech\839-2.wav,other,wu_pig_speech
C:\py\pigsound\pig-sound-classification\data\raw\wu_pig_speech\84-0.wav,other,wu_pig_speech
C:\py\pigsound\pig-sound-classification\data\raw\wu_pig_speech\840-2.wav,other,wu_pig_speech
C:\py\pigsound\pig-sound-classification\data\raw\wu_pig_speech\841-2.wav,other,wu_pig_speech
C:\py\pigsound\pig-sound-classification\data\raw\wu_pig_speech\842-2.wav,other,wu_pig_speech
C:\py\pigsound\pig-sound-classification\data\raw\wu_pig_speech\843-2.wav,other,wu_pig_speech
C:\py\pigsound\pig-sound-classification\data\raw\wu_pig_speech\844-2.wav,other,wu_pig_speech
C:\py\pigsound\pig-sound-classification\data\raw\wu_pig_speech\845-2.wav,other,wu_pig_speech
C:\py\pigsound\pig-sound-classification\data\raw\wu_pig_speech\846-2.wav,other,wu_pig_speech
C:\py\pigsound\pig-sound-classification\data\raw\wu_pig_speech\847-2.wav,other,wu_pig_speech
C:\py\pigsound\pig-sound-classification\data\raw\wu_pig_speech\848-2.wav,other,wu_pig_speech
C:\py\pigsound\pig-sound-classification\data\raw\wu_pig_speech\849-2.wav,other,wu_pig_speech
C:\py\pigsound\pig-sound-classification\data\raw\wu_pig_speech\85-0.wav,other,wu_pig_speech
C:\py\pigsound\pig-sound-classification\data\raw\wu_pig_speech\850-2.wav,other,wu_pig_speech
C:\py\pigsound\pig-sound-classification\data\raw\wu_pig_speech\851-2.wav,other,wu_pig_speech
C:\py\pigsound\pig-sound-classification\data\raw\wu_pig_speech\852-2.wav,other,wu_pig_speech
C:\py\pigsound\pig-sound-classification\data\raw\wu_pig_speech\853-2.wav,other,wu_pig_speech
C:\py\pigsound\pig-sound-classification\data\raw\wu_pig_speech\854-2.wav,other,wu_pig_speech
C:\py\pigsound\pig-sound-classification\data\raw\wu_pig_speech\855-2.wav,other,wu_pig_speech
C:\py\pigsound\pig-sound-classification\data\raw\wu_pig_speech\856-2.wav,other,wu_pig_speech
C:\py\pigsound\pig-sound-classification\data\raw\wu_pig_speech\857-2.wav,other,wu_pig_speech
C:\py\pigsound\pig-sound-classification\data\raw\wu_pig_speech\858-2.wav,other,wu_pig_speech
C:\py\pigsound\pig-sound-classification\data\raw\wu_pig_speech\859-2.wav,other,wu_pig_speech
C:\py\pigsound\pig-sound-classification\data\raw\wu_pig_speech\86-0.wav,other,wu_pig_speech
C:\py\pigsound\pig-sound-classification\data\raw\wu_pig_speech\860-2.wav,other,wu_pig_speech
C:\py\pigsound\pig-sound-classification\data\raw\wu_pig_speech\861-2.wav,other,wu_pig_speech
C:\py\pigsound\pig-sound-classification\data\raw\wu_pig_speech\862-2.wav,other,wu_pig_speech
C:\py\pigsound\pig-sound-classification\data\raw\wu_pig_speech\863-2.wav,other,wu_pig_speech
C:\py\pigsound\pig-sound-classification\data\raw\wu_pig_speech\864-2.wav,other,wu_pig_speech
C:\py\pigsound\pig-sound-classification\data\raw\wu_pig_speech\865-2.wav,other,wu_pig_speech
C:\py\pigsound\pig-sound-classification\data\raw\wu_pig_speech\866-2.wav,other,wu_pig_speech
C:\py\pigsound\pig-sound-classification\data\raw\wu_pig_speech\867-2.wav,other,wu_pig_speech
C:\py\pigsound\pig-sound-classification\data\raw\wu_pig_speech\868-2.wav,other,wu_pig_speech
C:\py\pigsound\pig-sound-classification\data\raw\wu_pig_speech\869-2.wav,other,wu_pig_speech
C:\py\pigsound\pig-sound-classification\data\raw\wu_pig_speech\87-0.wav,other,wu_pig_speech
C:\py\pigsound\pig-sound-classification\data\raw\wu_pig_speech\870-2.wav,other,wu_pig_speech
C:\py\pigsound\pig-sound-classification\data\raw\wu_pig_speech\871-2.wav,other,wu_pig_speech
C:\py\pigsound\pig-sound-classification\data\raw\wu_pig_speech\872-2.wav,other,wu_pig_speech
C:\py\pigsound\pig-sound-classification\data\raw\wu_pig_speech\873-2.wav,other,wu_pig_speech
C:\py\pigsound\pig-sound-classification\data\raw\wu_pig_speech\874-2.wav,other,wu_pig_speech
C:\py\pigsound\pig-sound-classification\data\raw\wu_pig_speech\875-2.wav,other,wu_pig_speech
C:\py\pigsound\pig-sound-classification\data\raw\wu_pig_speech\876-2.wav,other,wu_pig_speech
C:\py\pigsound\pig-sound-classification\data\raw\wu_pig_speech\877-2.wav,other,wu_pig_speech
C:\py\pigsound\pig-sound-classification\data\raw\wu_pig_speech\878-2.wav,other,wu_pig_speech
C:\py\pigsound\pig-sound-classification\data\raw\wu_pig_speech\879-2.wav,other,wu_pig_speech
C:\py\pigsound\pig-sound-classification\data\raw\wu_pig_speech\88-0.wav,other,wu_pig_speech
C:\py\pigsound\pig-sound-classification\data\raw\wu_pig_speech\880-2.wav,other,wu_pig_speech
C:\py\pigsound\pig-sound-classification\data\raw\wu_pig_speech\881-2.wav,other,wu_pig_speech
C:\py\pigsound\pig-sound-classification\data\raw\wu_pig_speech\882-2.wav,other,wu_pig_speech
C:\py\pigsound\pig-sound-classification\data\raw\wu_pig_speech\883-2.wav,other,wu_pig_speech
C:\py\pigsound\pig-sound-classification\data\raw\wu_pig_speech\884-2.wav,other,wu_pig_speech
C:\py\pigsound\pig-sound-classification\data\raw\wu_pig_speech\885-2.wav,other,wu_pig_speech
C:\py\pigsound\pig-sound-classification\data\raw\wu_pig_speech\886-2.wav,other,wu_pig_speech
C:\py\pigsound\pig-sound-classification\data\raw\wu_pig_speech\887-2.wav,other,wu_pig_speech
C:\py\pigsound\pig-sound-classification\data\raw\wu_pig_speech\888-2.wav,other,wu_pig_speech
C:\py\pigsound\pig-sound-classification\data\raw\wu_pig_speech\889-2.wav,other,wu_pig_speech
C:\py\pigsound\pig-sound-classification\data\raw\wu_pig_speech\89-0.wav,other,wu_pig_speech
C:\py\pigsound\pig-sound-classification\data\raw\wu_pig_speech\890-2.wav,other,wu_pig_speech
C:\py\pigsound\pig-sound-classification\data\raw\wu_pig_speech\891-2.wav,other,wu_pig_speech
C:\py\pigsound\pig-sound-classification\data\raw\wu_pig_speech\892-2.wav,other,wu_pig_speech
C:\py\pigsound\pig-sound-classification\data\raw\wu_pig_speech\893-2.wav,other,wu_pig_speech
C:\py\pigsound\pig-sound-classification\data\raw\wu_pig_speech\894-2.wav,other,wu_pig_speech
C:\py\pigsound\pig-sound-classification\data\raw\wu_pig_speech\895-2.wav,other,wu_pig_speech
C:\py\pigsound\pig-sound-classification\data\raw\wu_pig_speech\896-2.wav,other,wu_pig_speech
C:\py\pigsound\pig-sound-classification\data\raw\wu_pig_speech\897-2.wav,other,wu_pig_speech
C:\py\pigsound\pig-sound-classification\data\raw\wu_pig_speech\898-2.wav,other,wu_pig_speech
C:\py\pigsound\pig-sound-classification\data\raw\wu_pig_speech\899-2.wav,other,wu_pig_speech
C:\py\pigsound\pig-sound-classification\data\raw\wu_pig_speech\9-0.wav,other,wu_pig_speech
C:\py\pigsound\pig-sound-classification\data\raw\wu_pig_speech\90-0.wav,other,wu_pig_speech
C:\py\pigsound\pig-sound-classification\data\raw\wu_pig_speech\900-2.wav,other,wu_pig_speech
C:\py\pigsound\pig-sound-classification\data\raw\wu_pig_speech\901-2.wav,other,wu_pig_speech
C:\py\pigsound\pig-sound-classification\data\raw\wu_pig_speech\902-2.wav,other,wu_pig_speech
C:\py\pigsound\pig-sound-classification\data\raw\wu_pig_speech\903-2.wav,other,wu_pig_speech
C:\py\pigsound\pig-sound-classification\data\raw\wu_pig_speech\904-2.wav,other,wu_pig_speech
C:\py\pigsound\pig-sound-classification\data\raw\wu_pig_speech\905-2.wav,other,wu_pig_speech
C:\py\pigsound\pig-sound-classification\data\raw\wu_pig_speech\906-2.wav,other,wu_pig_speech
C:\py\pigsound\pig-sound-classification\data\raw\wu_pig_speech\907-2.wav,other,wu_pig_speech
C:\py\pigsound\pig-sound-classification\data\raw\wu_pig_speech\908-2.wav,other,wu_pig_speech
C:\py\pigsound\pig-sound-classification\data\raw\wu_pig_speech\909-2.wav,other,wu_pig_speech
C:\py\pigsound\pig-sound-classification\data\raw\wu_pig_speech\91-0.wav,other,wu_pig_speech
C:\py\pigsound\pig-sound-classification\data\raw\wu_pig_speech\910-2.wav,other,wu_pig_speech
C:\py\pigsound\pig-sound-classification\data\raw\wu_pig_speech\911-2.wav,other,wu_pig_speech
C:\py\pigsound\pig-sound-classification\data\raw\wu_pig_speech\912-2.wav,other,wu_pig_speech
C:\py\pigsound\pig-sound-classification\data\raw\wu_pig_speech\913-2.wav,other,wu_pig_speech
C:\py\pigsound\pig-sound-classification\data\raw\wu_pig_speech\914-2.wav,other,wu_pig_speech
C:\py\pigsound\pig-sound-classification\data\raw\wu_pig_speech\915-2.wav,other,wu_pig_speech
C:\py\pigsound\pig-sound-classification\data\raw\wu_pig_speech\916-2.wav,other,wu_pig_speech
C:\py\pigsound\pig-sound-classification\data\raw\wu_pig_speech\917-2.wav,other,wu_pig_speech
C:\py\pigsound\pig-sound-classification\data\raw\wu_pig_speech\918-2.wav,other,wu_pig_speech
C:\py\pigsound\pig-sound-classification\data\raw\wu_pig_speech\919-2.wav,other,wu_pig_speech
C:\py\pigsound\pig-sound-classification\data\raw\wu_pig_speech\92-0.wav,other,wu_pig_speech
C:\py\pigsound\pig-sound-classification\data\raw\wu_pig_speech\920-2.wav,other,wu_pig_speech
C:\py\pigsound\pig-sound-classification\data\raw\wu_pig_speech\921-2.wav,other,wu_pig_speech
C:\py\pigsound\pig-sound-classification\data\raw\wu_pig_speech\922-2.wav,other,wu_pig_speech
C:\py\pigsound\pig-sound-classification\data\raw\wu_pig_speech\923-2.wav,other,wu_pig_speech
C:\py\pigsound\pig-sound-classification\data\raw\wu_pig_speech\924-2.wav,other,wu_pig_speech
C:\py\pigsound\pig-sound-classification\data\raw\wu_pig_speech\925-2.wav,other,wu_pig_speech
C:\py\pigsound\pig-sound-classification\data\raw\wu_pig_speech\926-2.wav,other,wu_pig_speech
C:\py\pigsound\pig-sound-classification\data\raw\wu_pig_speech\927-2.wav,other,wu_pig_speech
C:\py\pigsound\pig-sound-classification\data\raw\wu_pig_speech\928-2.wav,other,wu_pig_speech
C:\py\pigsound\pig-sound-classification\data\raw\wu_pig_speech\929-2.wav,other,wu_pig_speech
C:\py\pigsound\pig-sound-classification\data\raw\wu_pig_speech\93-0.wav,other,wu_pig_speech
C:\py\pigsound\pig-sound-classification\data\raw\wu_pig_speech\930-2.wav,other,wu_pig_speech
C:\py\pigsound\pig-sound-classification\data\raw\wu_pig_speech\931-2.wav,other,wu_pig_speech
C:\py\pigsound\pig-sound-classification\data\raw\wu_pig_speech\932-2.wav,other,wu_pig_speech
C:\py\pigsound\pig-sound-classification\data\raw\wu_pig_speech\933-2.wav,other,wu_pig_speech
C:\py\pigsound\pig-sound-classification\data\raw\wu_pig_speech\934-2.wav,other,wu_pig_speech
C:\py\pigsound\pig-sound-classification\data\raw\wu_pig_speech\935-2.wav,other,wu_pig_speech
C:\py\pigsound\pig-sound-classification\data\raw\wu_pig_speech\936-2.wav,other,wu_pig_speech
C:\py\pigsound\pig-sound-classification\data\raw\wu_pig_speech\937-2.wav,other,wu_pig_speech
C:\py\pigsound\pig-sound-classification\data\raw\wu_pig_speech\938-2.wav,other,wu_pig_speech
C:\py\pigsound\pig-sound-classification\data\raw\wu_pig_speech\939-2.wav,other,wu_pig_speech
C:\py\pigsound\pig-sound-classification\data\raw\wu_pig_speech\94-0.wav,other,wu_pig_speech
C:\py\pigsound\pig-sound-classification\data\raw\wu_pig_speech\940-2.wav,other,wu_pig_speech
C:\py\pigsound\pig-sound-classification\data\raw\wu_pig_speech\941-2.wav,other,wu_pig_speech
C:\py\pigsound\pig-sound-classification\data\raw\wu_pig_speech\942-2.wav,other,wu_pig_speech
C:\py\pigsound\pig-sound-classification\data\raw\wu_pig_speech\943-2.wav,other,wu_pig_speech
C:\py\pigsound\pig-sound-classification\data\raw\wu_pig_speech\944-2.wav,other,wu_pig_speech
C:\py\pigsound\pig-sound-classification\data\raw\wu_pig_speech\945-2.wav,other,wu_pig_speech
C:\py\pigsound\pig-sound-classification\data\raw\wu_pig_speech\946-2.wav,other,wu_pig_speech
C:\py\pigsound\pig-sound-classification\data\raw\wu_pig_speech\947-2.wav,other,wu_pig_speech
C:\py\pigsound\pig-sound-classification\data\raw\wu_pig_speech\948-2.wav,other,wu_pig_speech
C:\py\pigsound\pig-sound-classification\data\raw\wu_pig_speech\949-2.wav,other,wu_pig_speech
C:\py\pigsound\pig-sound-classification\data\raw\wu_pig_speech\95-0.wav,other,wu_pig_speech
C:\py\pigsound\pig-sound-classification\data\raw\wu_pig_speech\950-2.wav,other,wu_pig_speech
C:\py\pigsound\pig-sound-classification\data\raw\wu_pig_speech\951-2.wav,other,wu_pig_speech
C:\py\pigsound\pig-sound-classification\data\raw\wu_pig_speech\952-2.wav,other,wu_pig_speech
C:\py\pigsound\pig-sound-classification\data\raw\wu_pig_speech\953-2.wav,other,wu_pig_speech
C:\py\pigsound\pig-sound-classification\data\raw\wu_pig_speech\954-2.wav,other,wu_pig_speech
C:\py\pigsound\pig-sound-classification\data\raw\wu_pig_speech\955-2.wav,other,wu_pig_speech
C:\py\pigsound\pig-sound-classification\data\raw\wu_pig_speech\956-2.wav,other,wu_pig_speech
C:\py\pigsound\pig-sound-classification\data\raw\wu_pig_speech\957-2.wav,other,wu_pig_speech
C:\py\pigsound\pig-sound-classification\data\raw\wu_pig_speech\958-2.wav,other,wu_pig_speech
C:\py\pigsound\pig-sound-classification\data\raw\wu_pig_speech\959-2.wav,other,wu_pig_speech
C:\py\pigsound\pig-sound-classification\data\raw\wu_pig_speech\96-0.wav,other,wu_pig_speech
C:\py\pigsound\pig-sound-classification\data\raw\wu_pig_speech\960-2.wav,other,wu_pig_speech
C:\py\pigsound\pig-sound-classification\data\raw\wu_pig_speech\961-2.wav,other,wu_pig_speech
C:\py\pigsound\pig-sound-classification\data\raw\wu_pig_speech\962-2.wav,other,wu_pig_speech
C:\py\pigsound\pig-sound-classification\data\raw\wu_pig_speech\963-2.wav,other,wu_pig_speech
C:\py\pigsound\pig-sound-classification\data\raw\wu_pig_speech\964-2.wav,other,wu_pig_speech
C:\py\pigsound\pig-sound-classification\data\raw\wu_pig_speech\965-2.wav,other,wu_pig_speech
C:\py\pigsound\pig-sound-classification\data\raw\wu_pig_speech\966-2.wav,other,wu_pig_speech
C:\py\pigsound\pig-sound-classification\data\raw\wu_pig_speech\967-2.wav,other,wu_pig_speech
C:\py\pigsound\pig-sound-classification\data\raw\wu_pig_speech\968-2.wav,other,wu_pig_speech
C:\py\pigsound\pig-sound-classification\data\raw\wu_pig_speech\969-2.wav,other,wu_pig_speech
C:\py\pigsound\pig-sound-classification\data\raw\wu_pig_speech\97-0.wav,other,wu_pig_speech
C:\py\pigsound\pig-sound-classification\data\raw\wu_pig_speech\970-2.wav,other,wu_pig_speech
C:\py\pigsound\pig-sound-classification\data\raw\wu_pig_speech\971-2.wav,other,wu_pig_speech
C:\py\pigsound\pig-sound-classification\data\raw\wu_pig_speech\972-2.wav,other,wu_pig_speech
C:\py\pigsound\pig-sound-classification\data\raw\wu_pig_speech\973-2.wav,other,wu_pig_speech
C:\py\pigsound\pig-sound-classification\data\raw\wu_pig_speech\974-2.wav,other,wu_pig_speech
C:\py\pigsound\pig-sound-classification\data\raw\wu_pig_speech\975-2.wav,other,wu_pig_speech
C:\py\pigsound\pig-sound-classification\data\raw\wu_pig_speech\976-2.wav,other,wu_pig_speech
C:\py\pigsound\pig-sound-classification\data\raw\wu_pig_speech\977-2.wav,other,wu_pig_speech
C:\py\pigsound\pig-sound-classification\data\raw\wu_pig_speech\978-2.wav,other,wu_pig_speech
C:\py\pigsound\pig-sound-classification\data\raw\wu_pig_speech\979-2.wav,other,wu_pig_speech
C:\py\pigsound\pig-sound-classification\data\raw\wu_pig_speech\98-0.wav,other,wu_pig_speech
C:\py\pigsound\pig-sound-classification\data\raw\wu_pig_speech\980-2.wav,other,wu_pig_speech
C:\py\pigsound\pig-sound-classification\data\raw\wu_pig_speech\981-2.wav,other,wu_pig_speech
C:\py\pigsound\pig-sound-classification\data\raw\wu_pig_speech\982-2.wav,other,wu_pig_speech
C:\py\pigsound\pig-sound-classification\data\raw\wu_pig_speech\983-2.wav,other,wu_pig_speech
C:\py\pigsound\pig-sound-classification\data\raw\wu_pig_speech\984-2.wav,other,wu_pig_speech
C:\py\pigsound\pig-sound-classification\data\raw\wu_pig_speech\985-2.wav,other,wu_pig_speech
C:\py\pigsound\pig-sound-classification\data\raw\wu_pig_speech\986-2.wav,other,wu_pig_speech
C:\py\pigsound\pig-sound-classification\data\raw\wu_pig_speech\987-2.wav,other,wu_pig_speech
C:\py\pigsound\pig-sound-classification\data\raw\wu_pig_speech\988-2.wav,other,wu_pig_speech
C:\py\pigsound\pig-sound-classification\data\raw\wu_pig_speech\989-2.wav,other,wu_pig_speech
C:\py\pigsound\pig-sound-classification\data\raw\wu_pig_speech\99-0.wav,other,wu_pig_speech
C:\py\pigsound\pig-sound-classification\data\raw\wu_pig_speech\990-2.wav,other,wu_pig_speech
C:\py\pigsound\pig-sound-classification\data\raw\wu_pig_speech\991-2.wav,other,wu_pig_speech
C:\py\pigsound\pig-sound-classification\data\raw\wu_pig_speech\992-2.wav,other,wu_pig_speech
C:\py\pigsound\pig-sound-classification\data\raw\wu_pig_speech\993-2.wav,other,wu_pig_speech
C:\py\pigsound\pig-sound-classification\data\raw\wu_pig_speech\994-2.wav,other,wu_pig_speech
C:\py\pigsound\pig-sound-classification\data\raw\wu_pig_speech\995-2.wav,other,wu_pig_speech
C:\py\pigsound\pig-sound-classification\data\raw\wu_pig_speech\996-2.wav,other,wu_pig_speech
C:\py\pigsound\pig-sound-classification\data\raw\wu_pig_speech\997-2.wav,other,wu_pig_speech
C:\py\pigsound\pig-sound-classification\data\raw\wu_pig_speech\998-2.wav,other,wu_pig_speech
C:\py\pigsound\pig-sound-classification\data\raw\wu_pig_speech\999-2.wav,other,wu_pig_speech
