frame_idx,start_s,end_s,prob_cough,prob_cough_smooth
0,0.0,1.0,0.37506797909736633,0.3800305
1,0.1,1.1,0.38866353034973145,0.38128233
2,0.2,1.2,0.38628509640693665,0.39219132
3,0.3,1.3,0.38132697343826294,0.36199138
4,0.4,1.4,0.42961299419403076,0.32895947
5,0.5,1.5,0.22406834363937378,0.29632393
6,0.6,1.6,0.22350387275218964,0.26521522
7,0.7,1.7,0.22310751676559448,0.22401671
8,0.8,1.8,0.22578339278697968,0.22380318
9,0.9,1.9,0.22362028062343597,0.22448267
10,1.0,2.0,0.22300079464912415,0.22562672
11,1.1,2.1,0.22690129280090332,0.22542277
12,1.2,2.2,0.2288278341293335,0.2250227
13,1.3,2.3,0.22476357221603394,0.22483025
14,1.4,2.4,0.22161993384361267,0.22394033
15,1.5,2.5,0.22203852236270905,0.22302817
16,1.6,2.6,0.22245165705680847,0.22272903
17,1.7,2.7,0.22426708042621613,0.22297928
18,1.8,2.8,0.22326788306236267,0.22345048
19,1.9,2.9,0.22287122905254364,0.22401623
20,2.0,3.0,0.2243945598602295,0.22659245
21,2.1,3.1,0.22528035938739777,0.22759765
22,2.2,3.2,0.23714813590049744,0.22896855
23,2.3,3.3,0.2282939851284027,0.2298435
24,2.4,3.4,0.2297256886959076,0.23299259
25,2.5,3.5,0.22876931726932526,0.23199703
26,2.6,3.6,0.2410258650779724,0.2324671
27,2.7,3.7,0.23217031359672546,0.23124188
28,2.8,3.8,0.2306443601846695,0.2321895
29,2.9,3.9,0.22359958291053772,0.23837394
30,3.0,4.0,0.23350736498832703,0.24628766
31,3.1,4.1,0.27194803953170776,0.2551513
32,3.2,4.2,0.2717389166355133,0.26535997
33,3.3,4.3,0.2749626338481903,0.27305046
34,3.4,4.4,0.2746429145336151,0.27330095
35,3.5,4.5,0.2719598114490509,0.27376086
36,3.6,4.6,0.27320045232772827,0.2727307
37,3.7,4.7,0.27403849363327026,0.28054208
38,3.8,4.8,0.2698119580745697,0.29768467
39,3.9,4.9,0.3136996924877167,0.2927285
40,4.0,5.0,0.357672780752182,0.28484142
41,4.1,5.1,0.24841958284378052,0.2756847
42,4.2,5.2,0.2346031367778778,0.25913423
43,4.3,5.3,0.2240283191204071,0.23256218
44,4.4,5.4,0.230947345495224,0.22761157
45,4.5,5.5,0.2248125821352005,0.22552045
46,4.6,5.6,0.22366642951965332,0.22504032
47,4.7,5.7,0.22414752840995789,0.22400615
48,4.8,5.8,0.22162769734859467,0.22437374
49,4.9,5.9,0.22577643394470215,0.22510113
50,5.0,6.0,0.22665061056613922,0.22571804
51,5.1,6.1,0.22730334103107452,0.226756
52,5.2,6.2,0.22723203897476196,0.22677831
53,5.3,6.3,0.22681759297847748,0.23117305
54,5.4,6.4,0.2258879393339157,0.23235226
55,5.5,6.5,0.2486242800951004,0.2328955
56,5.6,6.6,0.23319938778877258,0.23257151
57,5.7,6.7,0.22994820773601532,0.23515487
58,5.8,6.8,0.22519764304161072,0.23255742
59,5.9,6.9,0.23880471289157867,0.2308054
60,6.0,7.0,0.23563702404499054,0.22990939
61,6.1,7.1,0.2244393676519394,0.23028435
62,6.2,7.2,0.22546817362308502,0.22899745
63,6.3,7.3,0.22707240283489227,0.2284063
64,6.4,7.4,0.2323702573776245,0.22965923
65,6.5,7.5,0.2326812446117401,0.23225468
66,6.6,7.6,0.23070397973060608,0.23669788
67,6.7,7.7,0.23844550549983978,0.23941752
68,6.8,7.8,0.24928836524486542,0.23833615
69,6.9,7.9,0.2459685206413269,0.23772936
70,7.0,8.0,0.22727426886558533,0.23582529
71,7.1,8.1,0.22767004370689392,0.23460472
72,7.2,8.2,0.2289252132177353,0.23217188
73,7.3,8.3,0.24318549036979675,0.23308723
74,7.4,8.4,0.2338043451309204,0.23401526
75,7.5,8.5,0.2318510264158249,0.2356026
76,7.6,8.6,0.23231011629104614,0.23845378
77,7.7,8.7,0.2368619740009308,0.25031966
78,7.8,8.8,0.25744137167930603,0.24966043
79,7.9,8.9,0.2931337058544159,0.24740657
80,8.0,9.0,0.22855493426322937,0.24424718
81,8.1,9.1,0.22104084491729736,0.23715897
82,8.2,9.2,0.22106505930423737,0.22328803
83,8.3,9.3,0.2220003306865692,0.2225775
84,8.4,9.4,0.2237788885831833,0.22335851
85,8.5,9.5,0.22500239312648773,0.2247505
86,8.6,9.6,0.22494587302207947,0.22573736
87,8.7,9.7,0.22802509367465973,0.22656778
88,8.8,9.8,0.2269345372915268,0.22745843
89,8.9,9.9,0.227930948138237,0.22906616
90,9.0,10.0,0.22945575416088104,0.229611
91,9.1,10.1,0.2329845130443573,0.23109467
92,9.2,10.2,0.2307492196559906,0.23061363
93,9.3,10.3,0.23435288667678833,0.22899887
94,9.4,10.4,0.22552578151226044,0.22730494
95,9.5,10.5,0.22138196229934692,0.22531809
96,9.6,10.6,0.22451472282409668,0.22222257
97,9.7,10.7,0.2208150327205658,0.2215579
98,9.8,10.8,0.21887534856796265,0.22204381
99,9.9,10.9,0.22220247983932495,0.222157
100,10.0,11.0,0.22381150722503662,0.2232723
101,10.1,11.1,0.22508059442043304,0.22482936
102,10.2,11.2,0.22639143466949463,0.22633281
103,10.3,11.3,0.22666072845458984,0.23071773
104,10.4,11.4,0.2297198325395584,0.2357448
105,10.5,11.5,0.2457360178232193,0.23793972
106,10.6,11.6,0.2502160370349884,0.23802392
107,10.7,11.7,0.2373659461736679,0.24010961
108,10.8,11.8,0.2270817756652832,0.24064304
109,10.9,11.9,0.24014823138713837,0.23939934
110,11.0,12.0,0.24840323626995087,0.24122937
111,11.1,12.1,0.2439974844455719,0.24563873
112,11.2,12.2,0.24651610851287842,0.24793555
113,11.3,12.3,0.2491285651922226,0.24862786
114,11.4,12.4,0.25163233280181885,0.25073773
115,11.5,12.5,0.2518647611141205,0.2535499
116,11.6,12.6,0.2545469105243683,0.25777966
117,11.7,12.7,0.26057690382003784,0.30355036
118,11.8,12.8,0.27027735114097595,0.299742
119,11.9,12.9,0.4804859757423401,0.29406628
120,12.0,13.0,0.23282289505004883,0.2876459
121,12.1,13.1,0.22616834938526154,0.2786066
122,12.2,13.2,0.22847501933574677,0.22711098
123,12.3,13.3,0.2250806838274002,0.22550392
124,12.4,13.4,0.2230079174041748,0.22562546
125,12.5,13.5,0.2247876077890396,0.22755966
126,12.6,13.6,0.22677606344223022,0.22849318
127,12.7,13.7,0.23814596235752106,0.22895633
128,12.8,13.8,0.22974833846092224,0.22842291
129,12.9,13.9,0.2253236472606659,0.22982877
130,13.0,14.0,0.22212053835391998,0.23007548
131,13.1,14.1,0.233805313706398,0.22894359
132,13.2,14.2,0.23937955498695374,0.22818848
133,13.3,14.3,0.2240888923406601,0.22804624
134,13.4,14.4,0.22154811024665833,0.22610661
135,13.5,14.5,0.22140933573246002,0.22293368
136,13.6,14.6,0.22410719096660614,0.22287022
137,13.7,14.7,0.22351478040218353,0.22470982
138,13.8,14.8,0.2237716019153595,0.22589974
139,13.9,14.9,0.23074616491794586,0.2297715
140,14.0,15.0,0.22735892236232758,0.23335145
141,14.1,15.1,0.24346594512462616,0.23483092
142,14.2,15.2,0.2414146214723587,0.23469788
143,14.3,15.3,0.2311689406633377,0.23436035
144,14.4,15.4,0.23008093237876892,0.23155436
145,14.5,15.5,0.22567129135131836,0.22834668
146,14.6,15.6,0.2294360250234604,0.22739
147,14.7,15.7,0.2253762185573578,0.22648776
148,14.8,15.8,0.22638553380966187,0.226354
149,14.9,15.9,0.2255696803331375,0.22516993
150,15.0,16.0,0.22500255703926086,0.22528525
151,15.1,16.1,0.22351565957069397,0.22519785
152,15.2,16.2,0.22595275938510895,0.22573334
153,15.3,16.3,0.22594857215881348,0.23001483
154,15.4,16.4,0.2282470315694809,0.23369032
155,15.5,16.5,0.24641010165214539,0.23364715
156,15.6,16.6,0.24189305305480957,0.23234142
157,15.7,16.7,0.22573702037334442,0.23071012
158,15.8,16.8,0.2194199115037918,0.22586843
159,15.9,16.9,0.22009050846099854,0.22398934
160,16.0,17.0,0.2222016304731369,0.22668606
161,16.1,17.1,0.23249763250350952,0.2275773
162,16.2,17.2,0.239220529794693,0.22918428
163,16.3,17.3,0.2238761931657791,0.23053265
164,16.4,17.4,0.22812536358833313,0.231132
165,16.5,17.5,0.22894342243671417,0.22976473
166,16.6,17.6,0.2354944795370102,0.23143503
167,16.7,17.7,0.23238420486450195,0.23222573
168,16.8,17.8,0.2322276532649994,0.23604582
169,16.9,17.9,0.23207886517047882,0.23844372
170,17.0,18.0,0.24804389476776123,0.2378013
171,17.1,18.1,0.24748392403125763,0.23576479
172,17.2,18.2,0.22917219996452332,0.2347013
173,17.3,18.3,0.22204503417015076,0.23029527
174,17.4,18.4,0.22676147520542145,0.22496328
175,17.5,18.5,0.22601374983787537,0.22346841
176,17.6,18.6,0.22082392871379852,0.22379613
177,17.7,18.7,0.22169780731201172,0.22334689
178,17.8,18.8,0.22368362545967102,0.22320782
179,17.9,18.9,0.22451527416706085,0.22476287
180,18.0,19.0,0.22531841695308685,0.22600037
181,18.1,19.1,0.2285991758108139,0.23153387
182,18.2,19.2,0.22788529098033905,0.23466474
183,18.3,19.3,0.25135114789009094,0.23542167
184,18.4,19.4,0.24016961455345154,0.23557562
185,18.5,19.5,0.22910313308238983,0.23484698
186,18.6,19.6,0.22936883568763733,0.22983783
187,18.7,19.7,0.2242421656847,0.22656927
188,18.8,19.8,0.22630542516708374,0.22571766
189,18.9,19.9,0.22382673621177673,0.22453687
190,19.0,20.0,0.22484514117240906,0.22385201
191,19.1,20.1,0.22346477210521698,0.22270605
192,19.2,20.2,0.22081787884235382,0.22252527
193,19.3,20.3,0.22057563066482544,0.22247045
194,19.4,20.4,0.22292286157608032,0.22296977
195,19.5,20.5,0.22457106411457062,0.2228621
196,19.6,20.6,0.225961372256279,0.22346625
197,19.7,20.7,0.2202794998884201,0.2241805
198,19.8,20.8,0.22359634935855865,0.22471938
199,19.9,20.9,0.22649414837360382,0.22502472
200,20.0,21.0,0.227265402674675,0.22633615
201,20.1,21.1,0.22748813033103943,0.22903626
202,20.2,21.2,0.22683671116828918,0.23467967
203,20.3,21.3,0.2370968461036682,0.24000196
204,20.4,21.4,0.25471124053001404,0.24255556
205,20.5,21.5,0.25387680530548096,0.24176161
206,20.6,21.6,0.2402561455965042,0.23908924
207,20.7,21.7,0.22286705672740936,0.23300955
208,20.8,21.8,0.22373495995998383,0.22710803
209,20.9,21.9,0.22431276738643646,0.22449227
210,21.0,22.0,0.22436919808387756,0.22491354
211,21.1,22.1,0.22717735171318054,0.22530551
212,21.2,22.2,0.22497329115867615,0.22702774
213,21.3,22.3,0.22569501399993896,0.22784062
214,21.4,22.4,0.23292385041713715,0.22758116
215,21.5,22.5,0.22843359410762787,0.23014288
216,21.6,22.6,0.2258799970149994,0.23228599
217,21.7,22.7,0.23778192698955536,0.23214504
218,21.8,22.8,0.23641054332256317,0.2319983
219,21.9,22.9,0.2322191298007965,0.24138704
220,22.0,23.0,0.22769984602928162,0.24090962
221,22.1,23.1,0.2728237211704254,0.24158832
222,22.2,23.2,0.23539482057094574,0.25281277
223,22.3,23.3,0.23980407416820526,0.2555778
224,22.4,23.4,0.2883412837982178,0.24885866
225,22.5,23.5,0.24152512848377228,0.249333
226,22.6,23.6,0.23922798037528992,0.24831238
227,22.7,23.7,0.23776648938655853,0.23675871
228,22.8,23.8,0.23470091819763184,0.23655848
229,22.9,23.9,0.23057296872138977,0.23446009
230,23.0,24.0,0.2405240535736084,0.23185714
231,23.1,24.1,0.228736013174057,0.23027197
232,23.2,24.2,0.22475168108940125,0.23014082
233,23.3,24.3,0.22677506506443024,0.22865443
234,23.4,24.4,0.22991721332073212,0.23048308
235,23.5,24.5,0.23309212923049927,0.2341845
236,23.6,24.6,0.23787927627563477,0.2343978
237,23.7,24.7,0.2432587444782257,0.23235126
238,23.8,24.8,0.2278415709733963,0.2302451
239,23.9,24.9,0.21968451142311096,0.2270722
240,24.0,25.0,0.22256135940551758,0.22237626
241,24.1,25.1,0.22201478481292725,0.22085892
242,24.2,25.2,0.21977896988391876,0.22196056
243,24.3,25.3,0.22025489807128906,0.22214507
244,24.4,25.4,0.22519274055957794,0.22248551
245,24.5,25.5,0.2234838753938675,0.22349784
246,24.6,25.6,0.22371701896190643,0.22426546
247,24.7,25.7,0.22484061121940613,0.22464749
248,24.8,25.8,0.22409307956695557,0.22549196
249,24.9,25.9,0.22710278630256653,0.22593719
250,25.0,26.0,0.2277061939239502,0.22538829
251,25.1,26.1,0.22594328224658966,0.22633834
252,25.2,26.2,0.22209611535072327,0.22683096
253,25.3,26.3,0.2288433313369751,0.22599699
254,25.4,26.4,0.22956587374210358,0.22599891
255,25.5,26.5,0.22353631258010864,0.22676782
256,25.6,26.6,0.2259528934955597,0.22605288
257,25.7,26.7,0.22594070434570312,0.22459432
258,25.8,26.8,0.22526848316192627,0.22395535
259,25.9,26.9,0.22227320075035095,0.22308378
260,26.0,27.0,0.22034147381782532,0.22191662
261,26.1,27.1,0.22159498929977417,0.22141665
262,26.2,27.2,0.22010493278503418,0.22178805
263,26.3,27.3,0.2227686047554016,0.22621725
264,26.4,27.4,0.22413010895252228,0.22885683
265,26.5,27.5,0.24248754978179932,0.23220126
266,26.6,27.6,0.23479288816452026,0.23402253
267,26.7,27.7,0.23682712018489838,0.23470923
268,26.8,27.8,0.23187491297721863,0.23118332
269,26.9,27.9,0.22756364941596985,0.2300981
270,27.0,28.0,0.22485798597335815,0.22837164
271,27.1,28.1,0.22936682403087616,0.22663742
272,27.2,28.2,0.22819478809833527,0.22623566
273,27.3,28.3,0.2232038378715515,0.22870937
274,27.4,28.4,0.22555485367774963,0.22728819
275,27.5,28.5,0.23722656071186066,0.22614111
276,27.6,28.6,0.22226083278656006,0.22696453
277,27.7,28.7,0.22245949506759644,0.23024203
278,27.8,28.8,0.22732089459896088,0.23290107
279,27.9,28.9,0.24194233119487762,0.23554195
280,28.0,29.0,0.25052177906036377,0.23857242
281,28.1,29.1,0.23546522855758667,0.23940405
282,28.2,29.2,0.2376118153333664,0.23984104
283,28.3,29.3,0.23147912323474884,0.23566853
284,28.4,29.4,0.2441272735595703,0.23642886
285,28.5,29.5,0.22965914011001587,0.2336486
286,28.6,29.6,0.23926691710948944,0.23205204
287,28.7,29.7,0.22371049225330353,0.2282723
288,28.8,29.8,0.22349630296230316,0.22731051
289,28.9,29.9,0.22522865235805511,0.22449258
290,29.0,30.0,0.2248501181602478,0.22493422
291,29.1,30.1,0.2251773178577423,0.22605653
292,29.2,30.2,0.22591868042945862,0.22721975
293,29.3,30.3,0.22910790145397186,0.22772892
294,29.4,30.4,0.2310447245836258,0.22706603
295,29.5,30.5,0.22739596664905548,0.22612981
296,29.6,30.6,0.22186283767223358,0.22544292
297,29.7,30.7,0.22123758494853973,0.22411023
298,29.8,30.8,0.2256733626127243,0.22320125
299,29.9,30.9,0.22438131272792816,0.22336683
300,30.0,31.0,0.22285109758377075,0.22348002
301,30.1,31.1,0.22269079089164734,0.22393987
302,30.2,31.2,0.2218034863471985,0.22483335
303,30.3,31.3,0.2279726266860962,0.2254268
304,30.4,31.4,0.22884874045848846,0.22554249
305,30.5,31.5,0.22581832110881805,0.22666691
306,30.6,31.6,0.22326922416687012,0.22582245
307,30.7,31.7,0.22742559015750885,0.22546083
308,30.8,31.8,0.2237503081560135,0.22475587
309,30.9,31.9,0.22704066336154938,0.22393817
310,31.0,32.0,0.22229355573654175,0.22253788
311,31.1,32.1,0.21918067336082458,0.22158894
312,31.2,32.2,0.2204241305589676,0.21978621
313,31.3,32.3,0.21900559961795807,0.21894573
314,31.4,32.4,0.2180270105600357,0.22030173
315,31.5,32.5,0.21809114515781403,0.22100422
316,31.6,32.6,0.22596073150634766,0.22445302
317,31.7,32.7,0.2239365428686142,0.22593546
318,31.8,32.8,0.2362496256828308,0.23237318
319,31.9,32.9,0.22543925046920776,0.23385687
320,32.0,33.0,0.2502797842025757,0.2352722
321,32.1,33.1,0.23337920010089874,0.23361757
322,32.2,33.2,0.23101302981376648,0.2338456
323,32.3,33.3,0.22797654569149017,0.22922567
324,32.4,33.4,0.22657938301563263,0.2273002
325,32.5,33.5,0.22718015313148499,0.22803065
326,32.6,33.6,0.22375181317329407,0.22728024
327,32.7,33.7,0.23466536402702332,0.22717227
328,32.8,33.8,0.2242244929075241,0.22736175
329,32.9,33.9,0.22603948414325714,0.22919525
330,33.0,34.0,0.228127583861351,0.22784077
331,33.1,34.1,0.23291929066181183,0.22856607
332,33.2,34.2,0.2278929054737091,0.2305215
333,33.3,34.3,0.22785106301307678,0.23273979
334,33.4,34.4,0.23581667244434357,0.24166039
335,33.5,34.5,0.23921896517276764,0.242003
336,33.6,34.6,0.2775222361087799,0.24171966
337,33.7,34.7,0.2296060174703598,0.23951656
338,33.8,34.8,0.22643442451953888,0.23668836
339,33.9,34.9,0.224801167845726,0.22621608
340,34.0,35.0,0.22507791221141815,0.23307055
341,34.1,35.1,0.22516082227230072,0.2328503
342,34.2,35.2,0.26387840509414673,0.23273894
343,34.3,35.3,0.22533318400382996,0.2324202
344,34.4,35.4,0.2242443561553955,0.23464294
345,34.5,35.5,0.22348429262638092,0.22955188
346,34.6,35.6,0.2362743467092514,0.23090748
347,34.7,35.7,0.238423153758049,0.23212732
348,34.8,35.8,0.23211126029491425,0.23073143
349,34.9,35.9,0.23034347593784332,0.22857368
350,35.0,36.0,0.21650484204292297,0.2249291
351,35.1,36.1,0.2254856675863266,0.22315478
352,35.2,36.2,0.22020027041435242,0.22148809
353,35.3,36.3,0.22323966026306152,0.22317788
354,35.4,36.4,0.22200998663902283,0.22443469
355,35.5,36.5,0.22495369613170624,0.22575553
356,35.6,36.6,0.23176977038383484,0.22615966
357,35.7,36.7,0.2268044799566269,0.22751191
358,35.8,36.8,0.22526037693023682,0.22768931
359,35.9,36.9,0.2287711650133133,0.22673546
360,36.0,37.0,0.2258407175540924,0.22546813
361,36.1,37.1,0.22700048983097076,0.22549663
362,36.2,37.2,0.22046788036823273,0.2240926
363,36.3,37.3,0.22540292143821716,0.22488396
364,36.4,37.4,0.22175098955631256,0.22536796
365,36.5,37.5,0.22979743778705597,0.22716878
366,36.6,37.6,0.22942061722278595,0.22704694
367,36.7,37.7,0.22947198152542114,0.22743845
368,36.8,37.8,0.22479359805583954,0.22581095
369,36.9,37.9,0.22370855510234833,0.22597432
370,37.0,38.0,0.22165994346141815,0.22491814
371,37.1,38.1,0.23023751378059387,0.22480316
372,37.2,38.2,0.22419100999832153,0.22505459
373,37.3,38.3,0.2242187261581421,0.22597566
374,37.4,38.4,0.22496572136878967,0.22623901
375,37.5,38.5,0.22626535594463348,0.22809254
376,37.6,38.6,0.2315542846918106,0.24511983
377,37.7,38.7,0.23345854878425598,0.26253372
378,37.8,38.8,0.3093551695346832,0.2800139
379,37.9,38.9,0.3120352029800415,0.29614684
380,38.0,39.0,0.31366610527038574,0.30967376
381,38.1,39.1,0.31221911311149597,0.3078388
382,38.2,39.2,0.3010932207107544,0.3051606
383,38.3,39.3,0.3001803755760193,0.30159426
384,38.4,39.4,0.29864418506622314,0.2985152
385,38.5,39.5,0.29583433270454407,0.29747522
386,38.6,39.6,0.2968238890171051,0.2824839
387,38.7,39.7,0.2958933115005493,0.2672103
388,38.8,39.8,0.22522373497486115,0.25248477
389,38.9,39.9,0.22227630019187927,0.23804227
390,39.0,40.0,0.22220659255981445,0.2237385
391,39.1,40.1,0.22461147606372833,0.22427718
392,39.2,40.2,0.2243744283914566,0.2254163
393,39.3,40.3,0.22791706025600433,0.22624736
394,39.4,40.4,0.2279718965291977,0.22593246
395,39.5,40.5,0.22636191546916962,0.22653118
396,39.6,40.6,0.223036989569664,0.22661781
397,39.7,40.7,0.22736799716949463,0.22616044
398,39.8,40.8,0.2283502072095871,0.22573695
399,39.9,40.9,0.2256849706172943,0.22584443
400,40.0,41.0,0.22424454987049103,0.2255376
401,40.1,41.1,0.22357438504695892,0.22548804
402,40.2,41.2,0.22583390772342682,0.22653112
403,40.3,41.3,0.22810235619544983,0.2285971
404,40.4,41.4,0.2309003323316574,0.2446692
405,40.5,41.5,0.23457451164722443,0.26033568
406,40.6,41.6,0.30393490195274353,0.2781326
407,40.7,41.7,0.3041662573814392,0.29611242
408,40.8,41.8,0.3170868456363678,0.3140997
409,40.9,41.9,0.32079949975013733,0.3183993
410,41.0,42.0,0.3245109021663666,0.32308015
411,41.1,42.1,0.3254329264163971,0.32630533
412,41.2,42.2,0.3275706171989441,0.32923168
413,41.3,42.3,0.333212673664093,0.3444353
414,41.4,42.4,0.33543142676353455,0.336628
415,41.5,42.5,0.40052875876426697,0.34479797
416,41.6,42.6,0.2863963842391968,0.3608384
417,41.7,42.7,0.3684205114841461,0.38027903
418,41.8,42.8,0.41341495513916016,0.3898778
419,41.9,42.9,0.4326344430446625,0.42650977
420,42.0,43.0,0.4485225975513458,0.44848686
421,42.1,43.1,0.4695562422275543,0.4634093
422,42.2,43.2,0.4783059358596802,0.47601363
423,42.3,43.3,0.4880272150039673,0.48343262
424,42.4,43.4,0.4956561028957367,0.4664482
425,42.5,43.5,0.4856174886226654,0.41661638
426,42.6,43.6,0.3846341669559479,0.3653058
427,42.7,43.7,0.22914691269397736,0.3151151
428,42.8,43.8,0.2314743995666504,0.26448268
429,42.9,43.9,0.2447025030851364,0.23230155
430,43.0,44.0,0.23245535790920258,0.23223443
431,43.1,44.1,0.22372856736183167,0.23139815
432,43.2,44.2,0.2288113683462143,0.22865915
433,43.3,44.3,0.2272929847240448,0.22689
434,43.4,44.4,0.23100745677947998,0.22754568
435,43.5,44.5,0.22360961139202118,0.23969722
436,43.6,44.6,0.2270069718360901,0.24428064
437,43.7,44.7,0.28956902027130127,0.24929024
438,43.8,44.8,0.25021010637283325,0.25794572
439,43.9,44.9,0.2560555040836334,0.26590827
440,44.0,45.0,0.26688694953918457,0.25982514
441,44.1,45.1,0.2668197453022003,0.26464573
442,44.2,45.2,0.25915345549583435,0.28249243
443,44.3,45.3,0.27431297302246094,0.29033467
444,44.4,45.4,0.3452889919281006,0.3186456
445,44.5,45.5,0.30609816312789917,0.33116147
446,44.6,45.6,0.40837427973747253,0.3407078
447,44.7,45.7,0.32173287868499756,0.3365265
448,44.8,45.8,0.3220447301864624,0.34156373
449,44.9,45.9,0.3243825137615204,0.33512205
450,45.0,46.0,0.3312842845916748,0.33738506
451,45.1,46.1,0.3761657476425171,0.41934204
452,45.2,46.2,0.33304789662361145,0.40386596
453,45.3,46.3,0.7318297028541565,0.38296992
454,45.4,46.4,0.24700212478637695,0.35275188
455,45.5,46.5,0.22680415213108063,0.330813
456,45.6,46.6,0.22507552802562714,0.22932076
457,45.7,46.7,0.2233535796403885,0.22523491
458,45.8,46.8,0.22436842322349548,0.22496542
459,45.9,46.9,0.22657281160354614,0.22610915
460,46.0,47.0,0.22545675933361053,0.22829935
461,46.1,47.1,0.23079407215118408,0.23150553
462,46.2,47.2,0.23430463671684265,0.23796575
463,46.3,47.3,0.2403993308544159,0.24521427
464,46.4,47.4,0.25887393951416016,0.2482713
465,46.5,47.5,0.2616993486881256,0.25070077
466,46.6,47.6,0.2460792362689972,0.2518943
467,46.7,47.7,0.24645200371742249,0.24954014
468,46.8,47.8,0.24636687338352203,0.2484923
469,46.9,47.9,0.24710319936275482,0.2521934
470,47.0,48.0,0.25646016001701355,0.25454503
471,47.1,48.1,0.2645847201347351,0.28435373
472,47.2,48.2,0.25821030139923096,0.29403755
473,47.3,48.3,0.39541029930114746,0.29012173
474,47.4,48.4,0.2955222427845001,0.28337502
475,47.5,48.5,0.2368810623884201,0.27805465
476,47.6,48.6,0.23085124790668488,0.24541989
477,47.7,48.7,0.2316083461046219,0.23273703
478,47.8,48.8,0.23223654925823212,0.23187333
479,47.9,48.9,0.23210792243480682,0.23171982
480,48.0,49.0,0.23256255686283112,0.23223455
481,48.1,49.1,0.2300836741924286,0.23728156
482,48.2,49.2,0.23418204486370087,0.25329834
483,48.3,49.3,0.25747165083885193,0.251749
484,48.4,49.4,0.3121917247772217,0.2520121
485,48.5,49.5,0.2248159497976303,0.25018078
486,48.6,49.6,0.23139920830726624,0.2493994
487,48.7,49.7,0.22502529621124268,0.23511064
488,48.8,49.8,0.2535647451877594,0.23855317
489,48.9,49.9,0.24074795842170715,0.24066314
490,49.0,50.0,0.24202866852283478,0.24484818
491,49.1,50.1,0.2419489324092865,0.24334304
492,49.2,50.2,0.24595052003860474,0.2663072
493,49.3,50.3,0.24603907763957977,0.27001014
494,49.4,50.4,0.3555687963962555,0.27540088
495,49.5,50.5,0.26054343581199646,0.28419694
496,49.6,50.6,0.26890259981155396,0.2873751
497,49.7,50.7,0.2899308204650879,0.26892698
498,49.8,50.8,0.26192981004714966,0.26638913
499,49.9,50.9,0.2633282542228699,0.26076743
500,50.0,51.0,0.24785418808460236,0.25146413
501,50.1,51.1,0.2407940775156021,0.2465511
502,50.2,51.2,0.24341435730457306,0.23947789
503,50.3,51.3,0.23736460506916046,0.2343236
504,50.4,51.4,0.2279622107744217,0.24902561
505,50.5,51.5,0.22208274900913239,0.2670149
506,50.6,51.6,0.3143041729927063,0.2914583
507,50.7,51.7,0.3333607316017151,0.32231382
508,50.8,51.8,0.35958176851272583,0.36466515
509,50.9,51.9,0.3822396397590637,0.39587972
510,51.0,52.0,0.433839350938797,0.42423096
511,51.1,52.1,0.47037699818611145,0.4487571
512,51.2,52.2,0.4751169681549072,0.46970066
513,51.3,52.3,0.4822126030921936,0.48904824
514,51.4,52.4,0.48695722222328186,0.47983086
515,51.5,52.5,0.5305773019790649,0.46583977
516,51.6,52.6,0.4242902100086212,0.44974047
517,51.7,52.7,0.4051615297794342,0.4569084
518,51.8,52.8,0.4017161428928375,0.46091115
519,51.9,52.9,0.5227968096733093,0.4446093
520,52.0,53.0,0.550590991973877,0.41735765
521,52.1,53.1,0.34278109669685364,0.38467878
522,52.2,53.2,0.2689032554626465,0.32585543
523,52.3,53.3,0.2383216917514801,0.26165617
524,52.4,53.4,0.2286801040172577,0.23811355
525,52.5,53.5,0.22959478199481964,0.22976829
526,52.6,53.6,0.22506794333457947,0.22788084
527,52.7,53.7,0.22717693448066711,0.2279819
528,52.8,53.8,0.22888445854187012,0.22843914
529,52.9,53.9,0.2291853278875351,0.23009512
530,53.0,54.0,0.2318810671567917,0.23108563
531,53.1,54.1,0.23334774374961853,0.23186103
532,53.2,54.2,0.23212949931621552,0.23228317
533,53.3,54.3,0.23276150226593018,0.2326568
534,53.4,54.4,0.23129601776599884,0.2329382
535,53.5,54.5,0.23374919593334198,0.23133557
536,53.6,54.6,0.23475472629070282,0.22962943
537,53.7,54.7,0.2241162657737732,0.2278687
538,53.8,54.8,0.22423087060451508,0.22569847
539,53.9,54.9,0.22249242663383484,0.22488323
540,54.0,55.0,0.22289808094501495,0.22471999
541,54.1,55.1,0.2306784987449646,0.22417498
542,54.2,55.2,0.22330006957054138,0.22437897
543,54.3,55.3,0.22150582075119019,0.22563994
544,54.4,55.4,0.22351230680942535,0.22520766
545,54.5,55.5,0.2292029708623886,0.226039
546,54.6,55.6,0.22851714491844177,0.22593659
547,54.7,55.7,0.22745685279369354,0.22532196
548,54.8,55.8,0.22099371254444122,0.22327353
549,54.9,55.9,0.22043903172016144,0.22475612
550,55.0,56.0,0.21896083652973175,0.23490825
551,55.1,56.1,0.23593010008335114,0.24023622
552,55.2,56.2,0.27821752429008484,0.24607804
553,55.3,56.3,0.24763357639312744,0.25426257
554,55.4,56.4,0.2496481090784073,0.25879046
555,55.5,56.5,0.2598835527896881,0.25493932
556,55.6,56.6,0.25856950879096985,0.25677007
557,55.7,56.7,0.2589617669582367,0.2593586
558,55.8,56.8,0.2567875385284424,0.26080793
559,55.9,56.9,0.26259076595306396,0.26161814
560,56.0,57.0,0.26713013648986816,0.2590386
561,56.1,57.1,0.2626204788684845,0.25275254
562,56.2,57.2,0.24606400728225708,0.2446483
563,56.3,57.3,0.22535738348960876,0.23642902
564,56.4,57.4,0.2220694124698639,0.22801259
565,56.5,57.5,0.2260337471961975,0.22424392
566,56.6,57.6,0.22053836286067963,0.24145934
567,56.7,57.7,0.22722063958644867,0.2760136
568,56.8,57.8,0.3114345073699951,0.31197774
569,56.9,57.9,0.3948407471179962,0.3541032
570,57.0,58.0,0.4058544933795929,0.39974096
571,57.1,58.1,0.4311657249927521,0.4298517
572,57.2,58.2,0.45540928840637207,0.4584379
573,57.3,58.3,0.46198830008506775,0.49330193
574,57.4,58.4,0.5377715229988098,0.5259605
575,57.5,58.5,0.5801746845245361,0.5582309
576,57.6,58.6,0.5944586396217346,0.6343816
577,57.7,58.7,0.6167611479759216,0.63974833
578,57.8,58.8,0.8427420258522034,0.6158398
579,57.9,58.9,0.5646051168441772,0.60710394
580,58.0,59.0,0.4606322646141052,0.5901849
581,58.1,59.1,0.5507791638374329,0.4698044
582,58.2,59.2,0.532166063785553,0.4022921
583,58.3,59.3,0.24083934724330902,0.3546193
584,58.4,59.4,0.22704383730888367,0.28932276
585,58.5,59.5,0.22226807475090027,0.22769395
586,58.6,59.6,0.2242964208126068,0.22642432
587,58.7,59.7,0.22402195632457733,0.2270925
588,58.8,59.8,0.2344912886619568,0.2265497
589,58.9,59.9,0.2303847372531891,0.22592595
590,59.0,60.0,0.21955406665802002,0.22498147
591,59.1,60.1,0.22117768228054047,0.22204667
592,59.2,60.2,0.2192995548248291,0.22141221
593,59.3,60.3,0.21981726586818695,0.22231582
594,59.4,60.4,0.22721242904663086,0.22258048
595,59.5,60.5,0.22407212853431702,0.22350036
596,59.6,60.6,0.2225010246038437,0.22458425
597,59.7,60.7,0.22389894723892212,0.22632317
598,59.8,60.8,0.22523672878742218,0.22652835
599,59.9,60.9,0.23590704798698425,0.22731306
600,60.0,61.0,0.22509798407554626,0.22898242
601,60.1,61.1,0.22642455995082855,0.23045433
602,60.2,61.2,0.2322457730770111,0.2289454
603,60.3,61.3,0.2325962632894516,0.22912338
604,60.4,61.4,0.22836245596408844,0.23205434
605,60.5,61.5,0.22598789632320404,0.2343166
606,60.6,61.6,0.24107930064201355,0.23310709
607,60.7,61.7,0.24355708062648773,0.23003751
608,60.8,61.8,0.22654864192008972,0.23074816
609,60.9,61.9,0.2130146026611328,0.22743976
610,61.0,62.0,0.22954115271568298,0.22397068
611,61.1,62.1,0.22453731298446655,0.22340822
612,61.2,62.2,0.22621165215969086,0.22519766
613,61.3,62.3,0.22373627126216888,0.22415054
614,61.4,62.4,0.22196179628372192,0.22427276
615,61.5,62.5,0.2243056446313858,0.22405255
616,61.6,62.6,0.2251483052968979,0.2276302
617,61.7,62.7,0.22511065006256104,0.23219332
618,61.8,62.8,0.24162457883358002,0.23620927
619,61.9,62.9,0.24477745592594147,0.250422
620,62.0,63.0,0.24438530206680298,0.25796238
621,62.1,63.1,0.29621198773384094,0.26006904
622,62.2,63.2,0.2628125250339508,0.26155892
623,62.3,63.3,0.25215789675712585,0.26268917
624,62.4,63.4,0.25222688913345337,0.25428566
625,62.5,63.5,0.2500365376472473,0.25129125
626,62.6,63.6,0.25419437885284424,0.24962908
627,62.7,63.7,0.2478405237197876,0.24812166
628,62.8,63.8,0.2438471019268036,0.2592862
629,62.9,63.9,0.24468980729579926,0.26300532
630,63.0,64.0,0.30585920810699463,0.2585276
631,63.1,64.1,0.2727898955345154,0.25413787
632,63.2,64.2,0.2254519909620285,0.2496882
633,63.3,64.3,0.22189848124980927,0.23324567
634,63.4,64.4,0.2224414199590683,0.22353843
635,63.5,64.5,0.2236465960741043,0.22365597
636,63.6,64.6,0.2242535948753357,0.22484973
637,63.7,64.7,0.22603976726531982,0.22649339
638,63.8,64.8,0.2278672307729721,0.23095071
639,63.9,64.9,0.23065973818302155,0.23181015
640,64.0,65.0,0.24593320488929749,0.23235916
641,64.1,65.1,0.22855070233345032,0.23276195
642,64.2,65.2,0.22878484427928925,0.23174703
643,64.3,65.3,0.22988122701644897,0.22868037
644,64.4,65.4,0.22558513283729553,0.22925574
645,64.5,65.5,0.23059996962547302,0.23042555
646,64.6,65.6,0.23142750561237335,0.23188365
647,64.7,65.7,0.2346338927745819,0.23197418
648,64.8,65.8,0.2371716946363449,0.23150131
649,64.9,65.9,0.22603783011436462,0.23182046
650,65.0,66.0,0.22823557257652283,0.22963804
651,65.1,66.1,0.2330232709646225,0.22738269
652,65.2,66.2,0.22372181713581085,0.22790325
653,65.3,66.3,0.22589489817619324,0.22758687
654,65.4,66.4,0.22864064574241638,0.22657908
655,65.5,66.5,0.22665368020534515,0.23027518
656,65.6,66.6,0.22798442840576172,0.23116267
657,65.7,66.7,0.24220231175422668,0.2313776
658,65.8,66.8,0.23033227026462555,0.24103798
659,65.9,66.9,0.2297152429819107,0.24051163
660,66.0,67.0,0.2749555706977844,0.2364843
661,66.1,67.1,0.2253527045249939,0.23494557
662,66.2,67.2,0.2220657616853714,0.23409429
663,66.3,67.3,0.2226385772228241,0.22364786
664,66.4,67.4,0.22545890510082245,0.22296497
665,66.5,67.5,0.2227233648300171,0.22326751
666,66.6,67.6,0.22193822264671326,0.22355
667,66.7,67.7,0.22357845306396484,0.22313793
668,66.8,67.8,0.22405104339122772,0.22453016
669,66.9,67.9,0.2233985811471939,0.22475383
670,67.0,68.0,0.2296844869852066,0.2245529
671,67.1,68.1,0.22305656969547272,0.22420208
672,67.2,68.2,0.22257380187511444,0.22392106
673,67.3,68.3,0.22229693830013275,0.2222602
674,67.4,68.4,0.22199344635009766,0.22254394
675,67.5,68.5,0.22138018906116486,0.22234195
676,67.6,68.6,0.22447524964809418,0.22201699
677,67.7,68.7,0.22156383097171783,0.222019
678,67.8,68.8,0.22067216038703918,0.2223856
679,67.9,68.9,0.2220035195350647,0.22263049
680,68.0,69.0,0.22321321070194244,0.22325757
681,68.1,69.1,0.22569970786571503,0.22367056
682,68.2,69.2,0.2246992439031601,0.22475286
683,68.3,69.3,0.2227371335029602,0.22535282
684,68.4,69.4,0.22741501033306122,0.22601476
685,68.5,69.5,0.22621296346187592,0.22514965
686,68.6,69.6,0.22900941967964172,0.22459474
687,68.7,69.7,0.22037363052368164,0.22381878
688,68.8,69.8,0.21996262669563293,0.22278945
689,68.9,69.9,0.22353525459766388,0.2210301
690,69.0,70.0,0.22106626629829407,0.22131576
691,69.1,70.1,0.22021275758743286,0.22181074
692,69.2,70.2,0.22180184721946716,0.2218476
693,69.3,70.3,0.2224375158548355,0.22253688
694,69.4,70.4,0.22371958196163177,0.22346002
695,69.5,70.5,0.22451260685920715,0.22419322
696,69.6,70.6,0.22482852637767792,0.22713922
697,69.7,70.7,0.22546778619289398,0.2273879
698,69.8,70.8,0.23716755211353302,0.2283327
699,69.9,70.9,0.2249630093574524,0.22789979
700,70.0,71.0,0.2292366325855255,0.24457549
701,70.1,71.1,0.22266395390033722,0.26333416
702,70.2,71.2,0.30884623527526855,0.28949332
703,70.3,71.3,0.3309609591960907,0.31691417
704,70.4,71.4,0.3557588458061218,0.35421184
705,70.5,71.5,0.36634090542793274,0.38616866
706,70.6,71.6,0.40915220975875854,0.41500446
707,70.7,71.7,0.46863028407096863,0.4407266
708,70.8,71.8,0.4751400649547577,0.46758273
709,70.9,71.9,0.48436957597732544,0.48713094
710,71.0,72.0,0.5006214380264282,0.4890753
711,71.1,72.1,0.5068932771682739,0.47071785
712,71.2,72.2,0.4783520996570587,0.4550714
713,71.3,72.3,0.3833528459072113,0.40982264
714,71.4,72.4,0.40613701939582825,0.35281283
715,71.5,72.5,0.2743777334690094,0.30169863
716,71.6,72.6,0.22184434533119202,0.26975358
717,71.7,72.7,0.22278115153312683,0.2329561
718,71.8,72.8,0.223627507686615,0.22267824
719,71.9,72.9,0.22214972972869873,0.22288342
720,72.0,73.0,0.22298851609230042,0.22289933
721,72.1,73.1,0.22287017107009888,0.22277956
722,72.2,73.2,0.22286073863506317,0.2242556
723,72.3,73.3,0.22302864491939545,0.22463256
724,72.4,73.4,0.2295299768447876,0.22479357
725,72.5,73.5,0.22487327456474304,0.22570328
726,72.6,73.6,0.2236751914024353,0.2259195
727,72.7,73.7,0.22740930318832397,0.2249789
728,72.8,73.8,0.2241097241640091,0.2246992
729,72.9,73.9,0.2248268872499466,0.22499534
730,73.0,74.0,0.22347481548786163,0.22484009
731,73.1,74.1,0.22515593469142914,0.22528079
732,73.2,74.2,0.22663307189941406,0.22588794
733,73.3,74.3,0.22631314396858215,0.2260381
734,73.4,74.4,0.2278626561164856,0.22577798
735,73.5,74.5,0.22422565519809723,0.22514834
736,73.6,74.6,0.2238553911447525,0.2257266
737,73.7,74.7,0.2234848290681839,0.2251323
738,73.8,74.8,0.229204460978508,0.22463204
739,73.9,74.9,0.22489115595817566,0.2243409
740,74.0,75.0,0.22172433137893677,0.22398736
741,74.1,75.1,0.22239966690540314,0.22278115
742,74.2,75.2,0.22171713411808014,0.22315475
743,74.3,75.3,0.22317340970039368,0.22361602
744,74.4,75.4,0.22675926983356476,0.22389925
745,74.5,75.5,0.2240305244922638,0.22418363
746,74.6,75.6,0.22381584346294403,0.22410855
747,74.7,75.7,0.22313913702964783,0.22362596
748,74.8,75.8,0.22279788553714752,0.22296311
749,74.9,75.9,0.22434638440608978,0.23518458
750,75.0,76.0,0.22071626782417297,0.24933854
751,75.1,76.1,0.28492313623428345,0.2665954
752,75.2,76.2,0.2939089238643646,0.28413373
753,75.3,76.3,0.30908218026161194,0.30287138
754,75.4,76.4,0.3120381832122803,0.30905604
755,75.5,76.5,0.3144044578075409,0.31371504
756,75.6,76.6,0.3158465623855591,0.3148463
757,75.7,76.7,0.31720373034477234,0.31663403
758,75.8,76.8,0.31473854184150696,0.34012145
759,75.9,76.9,0.32097679376602173,0.3287531
760,76.0,77.0,0.43184152245521545,0.30998898
761,76.1,77.1,0.2590048015117645,0.2921092
762,76.2,77.2,0.22338320314884186,0.27283406
763,76.3,77.3,0.2253396362066269,0.23087007
764,76.4,77.4,0.22460100054740906,0.22356255
765,76.5,77.5,0.22202163934707642,0.22322947
766,76.6,77.6,0.22246722877025604,0.22282192
767,76.7,77.7,0.22171778976917267,0.22269425
768,76.8,77.8,0.22330187261104584,0.22299899
769,76.9,77.9,0.223962664604187,0.22348297
770,77.0,78.0,0.22354532778263092,0.22350594
771,77.1,78.1,0.22488710284233093,0.22329484
772,77.2,78.2,0.22183272242546082,0.22322577
773,77.3,78.3,0.22224624454975128,0.22283751
774,77.4,78.4,0.22361737489700317,0.22297396
775,77.5,78.5,0.22160401940345764,0.22358537
776,77.6,78.6,0.22556935250759125,0.22391906
777,77.7,78.7,0.22488978505134583,0.22422655
778,77.8,78.8,0.22391478717327118,0.22477199
779,77.9,78.9,0.225154846906662,0.22594804
780,78.0,79.0,0.22433114051818848,0.22588277
781,78.1,79.1,0.23144961893558502,0.22585008
782,78.2,79.2,0.22456341981887817,0.22579676
783,78.3,79.3,0.22375136613845825,0.22549775
784,78.4,79.4,0.22488826513290405,0.22380382
785,78.5,79.5,0.22283601760864258,0.22339812
786,78.6,79.6,0.22298011183738708,0.22376123
787,78.7,79.7,0.22253486514091492,0.22320893
788,78.8,79.8,0.22556687891483307,0.22281012
789,78.9,79.9,0.22212667763233185,0.22378783
790,79.0,80.0,0.22084204852581024,0.22406234
791,79.1,80.1,0.22786860167980194,0.22401339
792,79.2,80.2,0.223907470703125,0.22478007
793,79.3,80.3,0.22532214224338531,0.2250396
794,79.4,80.4,0.22595998644828796,0.22381683
795,79.5,80.5,0.22213974595069885,0.22437063
796,79.6,80.6,0.22175472974777222,0.22398761
797,79.7,80.7,0.22667649388313293,0.22414672
798,79.8,80.8,0.22340695559978485,0.22449106
799,79.9,80.9,0.2267555445432663,0.2247917
800,80.0,81.0,0.2238614708185196,0.22419263
801,80.1,81.1,0.22325800359249115,0.2242815
802,80.2,81.2,0.22368118166923523,0.22342756
803,80.3,81.3,0.22385133802890778,0.22301102
804,80.4,81.4,0.22248579561710358,0.22266187
805,80.5,81.5,0.2217787653207779,0.22235148
806,80.6,81.6,0.22151222825050354,0.2221177
807,80.7,81.7,0.2221291959285736,0.22179233
808,80.8,81.8,0.22268249094486237,0.2224218
809,80.9,81.9,0.22085891664028168,0.22294798
810,81.0,82.0,0.22492612898349762,0.22316837
811,81.1,82.1,0.22414307296276093,0.22342506
812,81.2,82.2,0.22323119640350342,0.22397956
813,81.3,82.3,0.22396595776081085,0.23343617
814,81.4,82.4,0.2236313670873642,0.23961669
815,81.5,82.5,0.27220916748046875,0.2461219
816,81.6,82.6,0.25504571199417114,0.25330046
817,81.7,82.7,0.2557571828365326,0.26058662
818,81.8,82.8,0.2598588466644287,0.25793618
819,81.9,82.9,0.26006224751472473,0.25777718
820,82.0,83.0,0.2589568793773651,0.25748512
821,82.1,83.1,0.25425073504447937,0.2561543
822,82.2,83.2,0.25429674983024597,0.27556044
823,82.3,83.3,0.25320491194725037,0.27972654
824,82.4,83.4,0.35709285736083984,0.28397292
825,82.5,83.5,0.2797873616218567,0.28597975
826,82.6,83.6,0.2754826545715332,0.29123837
827,82.7,83.7,0.26433101296424866,0.2806714
828,82.8,83.8,0.2794979512691498,0.28747755
829,82.9,83.9,0.30425789952278137,0.29465717
830,83.0,84.0,0.31381821632385254,0.30422565
831,83.1,84.1,0.3113807737827301,0.31024146
832,83.2,84.2,0.31217333674430847,0.31454796
833,83.3,84.3,0.3095770478248596,0.31594753
834,83.4,84.4,0.32579031586647034,0.31164873
835,83.5,84.5,0.32081612944602966,0.3041907
836,83.6,84.6,0.28988680243492126,0.28548232
837,83.7,84.7,0.27488312125205994,0.26452515
838,83.8,84.8,0.21603511273860931,0.24362856
839,83.9,84.9,0.22100451588630676,0.22991596
840,84.0,85.0,0.216333270072937,0.21906094
841,84.1,85.1,0.22132374346256256,0.21997912
842,84.2,85.2,0.22060805559158325,0.22046624
843,84.3,85.3,0.22062596678733826,0.2218765
844,84.4,85.4,0.22344015538692474,0.22354916
845,84.5,85.5,0.22338458895683289,0.22770818
846,84.6,85.6,0.22968699038028717,0.23213252
847,84.7,85.7,0.24140310287475586,0.23653355
848,84.8,85.8,0.2427476942539215,0.23687589
849,84.9,85.9,0.2454453557729721,0.23659301
850,85.0,86.0,0.22509624063968658,0.23380211
851,85.1,86.1,0.22827261686325073,0.23008229
852,85.2,86.2,0.22744864225387573,0.22539045
853,85.3,86.3,0.22414852678775787,0.22497493
854,85.4,86.4,0.22198615968227386,0.22322918
855,85.5,86.5,0.22301864624023438,0.22231969
856,85.6,86.6,0.21954385936260223,0.2229341
857,85.7,86.7,0.22290126979351044,0.22331285
858,85.8,86.8,0.2272205799818039,0.22279537
859,85.9,86.9,0.223879873752594,0.22371332
860,86.0,87.0,0.22043125331401825,0.2244696
861,86.1,87.1,0.22413362562656403,0.22515209
862,86.2,87.2,0.226682648062706,0.22615819
863,86.3,87.3,0.23063302040100098,0.22847626
864,86.4,87.4,0.22891034185886383,0.23030172
865,86.5,87.5,0.23202155530452728,0.23428094
866,86.6,87.6,0.23326097428798676,0.24079892
867,86.7,87.7,0.24657872319221497,0.24072033
868,86.8,87.8,0.26322299242019653,0.23899579
869,86.9,87.9,0.22851745784282684,0.23653433
870,87.0,88.0,0.22339880466461182,0.23184039
871,87.1,88.1,0.22095365822315216,0.22351475
872,87.2,88.2,0.22310899198055267,0.22247225
873,87.3,88.3,0.22159484028816223,0.22241896
874,87.4,88.4,0.22330491244792938,0.2226507
875,87.5,88.5,0.22313238680362701,0.22597644
876,87.6,88.6,0.22211241722106934,0.22746629
877,87.7,88.7,0.23973765969276428,0.22821552
878,87.8,88.8,0.2290440797805786,0.22897513
879,87.9,88.9,0.22705091536045074,0.2297441
880,88.0,89.0,0.22693049907684326,0.22772868
881,88.1,89.1,0.22595734894275665,0.22709167
882,88.2,89.2,0.2296605408191681,0.22687878
883,88.3,89.3,0.22585901618003845,0.22728765
884,88.4,89.4,0.22598646581172943,0.22859597
885,88.5,89.5,0.2289748638868332,0.22802316
886,88.6,89.6,0.23249895870685577,0.22764571
887,88.7,89.7,0.2267964780330658,0.22654267
888,88.8,89.8,0.22397176921367645,0.22515376
889,88.9,89.9,0.22047121822834015,0.2224575
890,89.0,90.0,0.222030371427536,0.22203974
891,89.1,90.1,0.21901759505271912,0.22160794
892,89.2,90.2,0.22470776736736298,0.22202402
893,89.3,90.3,0.22181272506713867,0.22163594
894,89.4,90.4,0.2225516140460968,0.22149467
895,89.5,90.5,0.22009001672267914,0.22112097
896,89.6,90.6,0.21831126511096954,0.22198156
897,89.7,90.7,0.22283926606178284,0.22298943
898,89.8,90.8,0.2261156141757965,0.22487041
899,89.9,90.9,0.22759103775024414,0.22662243
900,90.0,91.0,0.22949491441249847,0.22932202
901,90.1,91.1,0.22707128524780273,0.22947377
902,90.2,91.2,0.23633718490600586,0.23044294
903,90.3,91.3,0.22687441110610962,0.24122211
904,90.4,91.4,0.2324369102716446,0.24471185
905,90.5,91.5,0.28339070081710815,0.2443201
906,90.6,91.6,0.24452003836631775,0.2466723
907,90.7,91.7,0.2343784123659134,0.24923404
908,90.8,91.8,0.23863540589809418,0.24150848
909,90.9,91.9,0.24524560570716858,0.25311172
910,91.0,92.0,0.24476294219493866,0.25795197
911,91.1,92.1,0.30253612995147705,0.25598627
912,91.2,92.2,0.25857970118522644,0.25192517
913,91.3,92.3,0.22880703210830688,0.24818513
914,91.4,92.4,0.22494006156921387,0.23268582
915,91.5,92.5,0.22606265544891357,0.22627671
916,91.6,92.6,0.22503966093063354,0.2249799
917,91.7,92.7,0.2265341430902481,0.22456048
918,91.8,92.8,0.2223229855298996,0.22406977
919,91.9,92.9,0.22284288704395294,0.22387776
920,92.0,93.0,0.2236091047525406,0.22308809
921,92.1,93.1,0.22407960891723633,0.22355968
922,92.2,93.2,0.2225857824087143,0.22348276
923,92.3,93.3,0.22468098998069763,0.22374913
924,92.4,93.4,0.22245833277702332,0.2239034
925,92.5,93.5,0.2249409556388855,0.22465509
926,92.6,93.6,0.22485096752643585,0.22552256
927,92.7,93.7,0.22634418308734894,0.2255233
928,92.8,93.8,0.22901834547519684,0.22499439
929,92.9,93.9,0.22246204316616058,0.22454682
930,93.0,94.0,0.22229638695716858,0.2244188
931,93.1,94.1,0.22261305153369904,0.24240735
932,93.2,94.2,0.2257041484117508,0.26341072
933,93.3,94.3,0.3189610540866852,0.2898478
934,93.4,94.4,0.32747891545295715,0.32579792
935,93.5,94.5,0.35448169708251953,0.36408448
936,93.6,94.6,0.40236377716064453,0.38654548
937,93.7,94.7,0.41713693737983704,0.40903598
938,93.8,94.8,0.43126600980758667,0.42769337
939,93.9,94.9,0.4399314224720001,0.4403544
940,94.0,95.0,0.44776850938796997,0.46182573
941,94.1,95.1,0.46566900610923767,0.48017418
942,94.2,95.2,0.5244935750961304,0.45938954
943,94.3,95.3,0.523008406162262,0.41586098
944,94.4,95.4,0.3360081613063812,0.36797765
945,94.5,95.5,0.2301257848739624,0.30788437
946,94.6,95.6,0.22625219821929932,0.2484147
947,94.7,95.7,0.2240271419286728,0.22697383
948,94.8,95.8,0.22566016018390656,0.22705692
949,94.9,95.9,0.22880372405052185,0.2617827
950,95.0,96.0,0.23054139316082,0.3097358
951,95.1,96.1,0.3998810052871704,0.35846162
952,95.2,96.2,0.46379274129867554,0.42189765
953,95.3,96.3,0.4692891836166382,0.5039112
954,95.4,96.4,0.5459838509559631,0.5601218
955,95.5,96.5,0.6406091451644897,0.48426035
956,95.6,96.6,0.6809337139129639,0.4049597
957,95.7,96.7,0.08448565751314163,0.33773986
958,95.8,96.8,0.0727861151099205,0.31099457
959,95.9,96.9,0.2098846733570099,0.2575869
960,96.0,97.0,0.5068827271461487,0.32725364
961,96.1,97.1,0.4138951897621155,0.42002594
962,96.2,97.2,0.43281933665275574,0.48947784
963,96.3,97.3,0.5366477966308594,0.51536334
964,96.4,97.4,0.5571441650390625,0.5918323
965,96.5,97.5,0.6363100409507751,0.683924
966,96.6,97.6,0.7962398529052734,0.7630818
967,96.7,97.7,0.8932781219482422,0.8379005
968,96.8,97.8,0.932436466217041,0.8939787
969,96.9,97.9,0.9312379360198975,0.8967661
970,97.0,98.0,0.916701078414917,0.8119264
971,97.1,98.1,0.8101770281791687,0.71465665
972,97.2,98.2,0.4690796136856079,0.60662544
973,97.3,98.3,0.44608747959136963,0.49211666
974,97.4,98.4,0.391081839799881,0.39414862
975,97.5,98.5,0.3441573977470398,0.40469554
976,97.6,98.6,0.32033684849739075,0.38468564
977,97.7,98.7,0.521814227104187,0.35868132
978,97.8,98.8,0.3460378050804138,0.34335116
979,97.9,98.9,0.26106029748916626,0.350485
980,98.0,99.0,0.2675066590309143,0.2932583
981,98.1,99.1,0.35600605607032776,0.27022845
982,98.2,99.2,0.2356807142496109,0.26303485
983,98.3,99.3,0.23088844120502472,0.25461298
984,98.4,99.4,0.22509242594242096,0.23155397
985,98.5,99.5,0.2253972440958023,0.23271716
986,98.6,99.6,0.2407110631465912,0.23167893
987,98.7,99.7,0.24149659276008606,0.23188403
988,98.8,99.8,0.22569726407527924,0.2342047
989,98.9,99.9,0.22611795365810394,0.23144425
990,99.0,100.0,0.2370004802942276,0.22891885
991,99.1,100.1,0.22690893709659576,0.22876386
992,99.2,100.2,0.22886963188648224,0.22847258
993,99.3,100.3,0.2249222993850708,0.2263953
994,99.4,100.4,0.22466154396533966,0.21627967
995,99.5,100.5,0.2266140729188919,0.24166316
996,99.6,100.6,0.1763308197259903,0.29563054
997,99.7,100.7,0.355787068605423,0.3147298
998,99.8,100.8,0.4947591722011566,0.33792812
999,99.9,100.9,0.32015788555145264,0.37224573
1000,100.0,101.0,0.3426055312156677,0.3220134
1001,100.1,101.1,0.3479188084602356,0.24601837
1002,100.2,101.2,0.10462556779384613,0.22256541
1003,100.3,101.3,0.11478392034769058,0.22169021
1004,100.4,101.4,0.20289316773414612,0.2434049
1005,100.5,101.5,0.3382294774055481,0.32410985
1006,100.6,101.6,0.45649224519729614,0.37600175
1007,100.7,101.7,0.5081502795219421,0.4151937
1008,100.8,101.8,0.3742435574531555,0.43534094
1009,100.9,101.9,0.3988529145717621,0.40037945
1010,101.0,102.0,0.4389656186103821,0.36336893
1011,101.1,102.1,0.28168484568595886,0.348085
1012,101.2,102.2,0.32309776544570923,0.3206448
1013,101.3,102.3,0.29782384634017944,0.28582332
1014,101.4,102.4,0.261651873588562,0.2803077
1015,101.5,102.5,0.2648582458496094,0.26710284
1016,101.6,102.6,0.2541068196296692,0.26766115
1017,101.7,102.7,0.25707340240478516,0.26573038
1018,101.8,102.8,0.30061548948287964,0.2618293
1019,101.9,102.9,0.2519979178905487,0.2604192
1020,102.0,103.0,0.2453528195619583,0.25977856
1021,102.1,103.1,0.24705630540847778,0.24860631
1022,102.2,103.2,0.2538701891899109,0.24519552
1023,102.3,103.3,0.24475432932376862,0.24360727
1024,102.4,103.4,0.2349439263343811,0.24056616
1025,102.5,103.5,0.23741157352924347,0.23615444
1026,102.6,103.6,0.23185081779956818,0.23227432
1027,102.7,103.7,0.23181156814098358,0.23022124
1028,102.8,103.8,0.22535377740859985,0.22748311
1029,102.9,103.9,0.22467848658561707,0.23095572
1030,103.0,104.0,0.22372087836265564,0.23044768
1031,103.1,104.1,0.24921387434005737,0.23261683
1032,103.2,104.2,0.22927135229110718,0.23460945
1033,103.3,104.3,0.23619957268238068,0.23850547
1034,103.4,104.4,0.23464161157608032,0.23391537
1035,103.5,104.5,0.2432008981704712,0.2355369
1036,103.6,104.6,0.2262633740901947,0.2337056
1037,103.7,104.7,0.23737895488739014,0.23145013
1038,103.8,104.8,0.22704310715198517,0.22715083
1039,103.9,104.9,0.2233642339706421,0.2283624
1040,104.0,105.0,0.22170449793338776,0.22768907
1041,104.1,105.1,0.232321098446846,0.2284468
1042,104.2,105.2,0.2340124547481537,0.22914577
1043,104.3,105.3,0.23083171248435974,0.23041083
1044,104.4,105.4,0.22685909271240234,0.22896336
1045,104.5,105.5,0.22802980244159698,0.22697188
1046,104.6,105.6,0.22508376836776733,0.2260964
1047,104.7,105.7,0.22405506670475006,0.22546619
1048,104.8,105.8,0.2264542579650879,0.22459084
1049,104.9,105.9,0.22370800375938416,0.2242305
1050,105.0,106.0,0.22365309298038483,0.22403185
1051,105.1,106.1,0.2232820689678192,0.22544365
1052,105.2,106.2,0.22306181490421295,0.22558828
1053,105.3,106.3,0.23351328074932098,0.2259242
1054,105.4,106.4,0.22443117201328278,0.22662036
1055,105.5,106.5,0.22533270716667175,0.22594005
1056,105.6,106.6,0.2267628163099289,0.22377422
1057,105.7,106.7,0.21966026723384857,0.2237446
1058,105.8,106.8,0.2226841151714325,0.22369134
1059,105.9,106.9,0.22428306937217712,0.22312026
1060,106.0,107.0,0.22506636381149292,0.21841714
1061,106.1,107.1,0.223907470703125,0.19662684
1062,106.2,107.2,0.19614464044570923,0.18320712
1063,106.3,107.3,0.11373263597488403,0.15598339
1064,106.4,107.4,0.157184436917305,0.13607207
1065,106.5,107.5,0.08894780278205872,0.12566541
1066,106.6,107.6,0.12435083836317062,0.13338368
1067,106.7,107.7,0.14411130547523499,0.13481385
1068,106.8,107.8,0.15232400596141815,0.15121388
1069,106.9,107.9,0.16433532536029816,0.16579404
1070,107.0,108.0,0.17094796895980835,0.18203375
1071,107.1,108.1,0.1972515881061554,0.18979743
1072,107.2,108.2,0.2253098338842392,0.17437081
1073,107.3,108.3,0.19114238023757935,0.14314088
1074,107.4,108.4,0.08720225840806961,0.10685359
1075,107.5,108.5,0.014798360876739025,0.06575011
1076,107.6,108.6,0.01581513322889805,0.032706905
1077,107.7,108.7,0.019792411476373672,0.022684405
1078,107.8,108.8,0.025926366448402405,0.02954438
1079,107.9,108.9,0.037089746445417404,0.039407052
1080,108.0,109.0,0.04909823089838028,0.05374475
1081,108.1,109.1,0.06512849777936935,0.075821996
1082,108.2,109.2,0.09148089587688446,0.1101471
1083,108.3,109.3,0.1363125592470169,0.1859732
1084,108.4,109.4,0.20871534943580627,0.20210378
1085,108.5,109.5,0.4282286465167999,0.22937286
1086,108.6,109.6,0.14578138291835785,0.2529897
1087,108.7,109.7,0.2278262823820114,0.2642601
1088,108.8,109.8,0.25439682602882385,0.23403452
1089,108.9,109.9,0.2650673985481262,0.2626297
1090,109.0,110.0,0.27710071206092834,0.276427
1091,109.1,110.1,0.2887571454048157,0.28682506
1092,109.2,110.2,0.29681292176246643,0.3251894
1093,109.3,110.3,0.3063870668411255,0.31981787
1094,109.4,110.4,0.45688918232917786,0.31131256
1095,109.5,110.5,0.25024303793907166,0.2982461
1096,109.6,110.6,0.24623052775859833,0.2818632
1097,109.7,110.7,0.2314806431531906,0.23524508
1098,109.8,110.8,0.22447268664836884,0.23008779
1099,109.9,110.9,0.2237984836101532,0.22535041
1100,110.0,111.0,0.22445662319660187,0.22365403
1101,110.1,111.1,0.22254358232021332,0.22339568
1102,110.2,111.2,0.222998708486557,0.22304578
1103,110.3,111.3,0.22318091988563538,0.22372527
1104,110.4,111.4,0.2220490574836731,0.22472697
1105,110.5,111.5,0.22785410284996033,0.22565427
1106,110.6,111.6,0.22755201160907745,0.22625649
1107,110.7,111.7,0.2276352196931839,0.22630724
1108,110.8,111.8,0.22619204223155975,0.22554448
1109,110.9,111.9,0.2223028540611267,0.22466432
1110,111.0,112.0,0.22404032945632935,0.2255642
1111,111.1,112.1,0.2231510579586029,0.22552004
1112,111.2,112.2,0.23213458061218262,0.22644341
1113,111.3,112.3,0.22597132623195648,0.22690363
1114,111.4,112.4,0.22691969573497772,0.228155
1115,111.5,112.5,0.22634147107601166,0.22702017
1116,111.6,112.6,0.2294079065322876,0.22765143
1117,111.7,112.7,0.22646048665046692,0.22836524
1118,111.8,112.8,0.2291276454925537,0.22797585
1119,111.9,112.9,0.23048873245716095,0.2271508
1120,112.0,113.0,0.2243945300579071,0.22724853
1121,112.1,113.1,0.22528262436389923,0.2265965
1122,112.2,113.2,0.22694909572601318,0.2267676
1123,112.3,113.3,0.22586750984191895,0.22886822
1124,112.4,113.4,0.23134422302246094,0.22931582
1125,112.5,113.5,0.23489761352539062,0.22841825
1126,112.6,113.6,0.22752061486244202,0.22800156
1127,112.7,113.7,0.2224612981081009,0.22638455
1128,112.8,113.8,0.22378404438495636,0.2237251
1129,112.9,113.9,0.2232591062784195,0.2234194
1130,113.0,114.0,0.22160038352012634,0.22421013
1131,113.1,114.1,0.2259921133518219,0.22460595
1132,113.2,114.2,0.22641493380069733,0.22349341
1133,113.3,114.3,0.22576315701007843,0.21877587
1134,113.4,114.4,0.2176964432001114,0.21623193
1135,113.5,114.5,0.19801276922225952,0.21436566
1136,113.6,114.6,0.2132723182439804,0.21558847
1137,113.7,114.7,0.21708358824253082,0.21712507
1138,113.8,114.8,0.23187710344791412,0.22165914
1139,113.9,114.9,0.22537954151630402,0.22235149
1140,114.0,115.0,0.22068311274051666,0.22501463
1141,114.1,115.1,0.21673403680324554,0.22603531
1142,114.2,115.2,0.23039931058883667,0.23178086
1143,114.3,115.3,0.23698055744171143,0.23535503
1144,114.4,115.4,0.2541072368621826,0.2423922
1145,114.5,115.5,0.23855401575565338,0.2427834
1146,114.6,115.6,0.25191983580589294,0.24151134
1147,114.7,115.7,0.23235531151294708,0.23645946
1148,114.8,115.8,0.23062030971050262,0.23955496
1149,114.9,115.9,0.22884784638881683,0.24340026
1150,115.0,116.0,0.2540315091609955,0.24773929
1151,115.1,116.1,0.2711462676525116,0.25569734
1152,115.2,116.2,0.25405049324035645,0.26273018
1153,115.3,116.3,0.27041053771972656,0.26132485
1154,115.4,116.4,0.2640121281147003,0.25950468
1155,115.5,116.5,0.24700483679771423,0.25564438
1156,115.6,116.6,0.26204532384872437,0.24943043
1157,115.7,116.7,0.23474916815757751,0.24450907
1158,115.8,116.8,0.23934070765972137,0.24292761
1159,115.9,116.9,0.23940525949001312,0.24060439
1160,116.0,117.0,0.23909758031368256,0.24687013
1161,116.1,117.1,0.2504291236400604,0.25066277
1162,116.2,117.2,0.26607784628868103,0.25473225
1163,116.3,117.3,0.25830399990081787,0.26707202
1164,116.4,117.4,0.2597527503967285,0.27592894
1165,116.5,117.5,0.30079635977745056,0.27871954
1166,116.6,117.6,0.2947138249874115,0.2863523
1167,116.7,117.7,0.28003084659576416,0.29016137
1168,116.8,117.8,0.296467661857605,0.28538907
1169,116.9,117.9,0.2787981629371643,0.28262743
1170,117.0,118.0,0.27693480253219604,0.2837415
1171,117.1,118.1,0.2809056043624878,0.28053287
1172,117.2,118.2,0.2856012284755707,0.28088972
1173,117.3,118.3,0.280424565076828,0.2979243
1174,117.4,118.4,0.28058236837387085,0.29140064
1175,117.5,118.5,0.3621077835559845,0.30726627
1176,117.6,118.6,0.2482873499393463,0.29878685
1177,117.7,118.7,0.3649292588233948,0.28953514
1178,117.8,118.8,0.23802736401557922,0.26476896
1179,117.9,118.9,0.23432399332523346,0.26617587
1180,118.0,119.0,0.23827694356441498,0.24099693
1181,118.1,119.1,0.2553217113018036,0.24131586
1182,118.2,119.2,0.23903459310531616,0.24216297
1183,118.3,119.3,0.2396220862865448,0.24346687
1184,118.4,119.4,0.2385595440864563,0.23994479
1185,118.5,119.5,0.24479639530181885,0.24125353
1186,118.6,119.6,0.23771125078201294,0.23974304
1187,118.7,119.7,0.2455783188343048,0.23764181
1188,118.8,119.8,0.2320697158575058,0.23375122
1189,118.9,119.9,0.22805343568325043,0.23499088
1190,119.0,120.0,0.22534331679344177,0.23314402
1191,119.1,120.1,0.2439095824956894,0.23557386
1192,119.2,120.2,0.23634399473667145,0.23867756
1193,119.3,120.3,0.24421899020671844,0.24611066
1194,119.4,120.4,0.24357181787490845,0.25673226
1195,119.5,120.5,0.26250889897346497,0.26785177
1196,119.6,120.6,0.2970176041126251,0.2673646
1197,119.7,120.7,0.29194146394729614,0.2690479
1198,119.8,120.8,0.2417832314968109,0.2726077
1199,119.9,120.9,0.25198817253112793,0.25473672
1200,120.0,121.0,0.2803080379962921,0.24288696
1201,120.1,121.1,0.2076626420021057,0.24360338
1202,120.2,121.2,0.2326926589012146,0.24062026
1203,120.3,121.3,0.24536530673503876,0.24490649
1204,120.4,121.4,0.23707255721092224,0.2563933
1205,120.5,121.5,0.30173930525779724,0.26406014
1206,120.6,121.6,0.2650967836380005,0.26542258
1207,120.7,121.7,0.27102676033973694,0.25827858
1208,120.8,121.8,0.25217750668525696,0.21199463
1209,120.9,121.9,0.20135259628295898,0.16363098
1210,121.0,122.0,0.07031945139169693,0.11255777
1211,121.1,122.1,0.02327852137386799,0.06618565
1212,121.2,122.2,0.015660781413316727,0.032527976
1213,121.3,122.3,0.02031693048775196,0.030621588
1214,121.4,122.4,0.033064182847738266,0.03823747
1215,121.5,122.5,0.06078752130270004,0.049760025
1216,121.6,122.6,0.061357930302619934,0.063928545
1217,121.7,122.7,0.07327355444431305,0.079706654
1218,121.8,122.8,0.09115952998399734,0.08911742
1219,121.9,122.9,0.1119547113776207,0.109838694
1220,122.0,123.0,0.1078413724899292,0.13751814
1221,122.1,123.1,0.16496428847312927,0.15939042
1222,122.2,123.2,0.21167075634002686,0.17930718
1223,122.3,123.3,0.20052100718021393,0.2030645
1224,122.4,123.4,0.2115384340286255,0.21332386
1225,122.5,123.5,0.22662805020809174,0.21930894
1226,122.6,123.6,0.21626107394695282,0.22743742
1227,122.7,123.7,0.24159619212150574,0.23878755
1228,122.8,123.8,0.24116335809230804,0.24476486
1229,122.9,123.9,0.26828908920288086,0.24934275
1230,123.0,124.0,0.2565145790576935,0.2472282
1231,123.1,124.1,0.23915058374404907,0.24528626
1232,123.2,124.2,0.23102334141731262,0.24221501
1233,123.3,124.3,0.23145365715026855,0.23920165
1234,123.4,124.4,0.25293290615081787,0.23753074
1235,123.5,124.5,0.24144777655601501,0.24151753
1236,123.6,124.6,0.23079605400562286,0.24144606
1237,123.7,124.7,0.2509572505950928,0.24067979
1238,123.8,124.8,0.23109638690948486,0.23913842
1239,123.9,124.9,0.249101459980011,0.23906483
1240,124.0,125.0,0.2337409406900406,0.23950139
1241,124.1,125.1,0.2304280698299408,0.23915368
1242,124.2,125.2,0.25314006209373474,0.23487535
1243,124.3,125.3,0.22935795783996582,0.23498686
1244,124.4,125.4,0.22770969569683075,0.23477466
1245,124.5,125.5,0.2342984825372696,0.22990006
1246,124.6,125.6,0.22936710715293884,0.23086222
1247,124.7,125.7,0.22876712679862976,0.24690184
1248,124.8,125.8,0.23416869342327118,0.26131156
1249,124.9,125.9,0.3079078495502472,0.29110295
1250,125.0,126.0,0.3063470721244812,0.31447816
1251,125.1,126.1,0.37832391262054443,0.33338976
1252,125.2,126.2,0.3456433415412903,0.34069115
1253,125.3,126.3,0.32872653007507324,0.35043377
1254,125.4,126.4,0.34441491961479187,0.3455457
1255,125.5,126.5,0.3550601005554199,0.34623724
1256,125.6,126.6,0.3538834750652313,0.35891393
1257,125.7,126.7,0.34910115599632263,0.3610915
1258,125.8,126.8,0.39211007952690125,0.33538514
1259,125.9,126.9,0.355302631855011,0.3096448
1260,126.0,127.0,0.22652827203273773,0.29168063
1261,126.1,127.1,0.2251816987991333,0.25807658
1262,126.2,127.2,0.25928035378456116,0.23172599
1263,126.3,127.3,0.22408995032310486,0.2331996
1264,126.4,127.4,0.22354955971240997,0.23391643
1265,126.5,127.5,0.23389634490013123,0.22892614
1266,126.6,127.6,0.22876586019992828,0.22890708
1267,126.7,127.7,0.23432888090610504,0.22952065
1268,126.8,127.8,0.22399479150772095,0.22870481
1269,126.9,127.9,0.22661738097667694,0.23349154
1270,127.0,128.0,0.22981712222099304,0.23814741
1271,127.1,128.1,0.2526995539665222,0.24414441
1272,127.2,128.2,0.25760820508003235,0.2547801
1273,127.3,128.3,0.25397980213165283,0.28798345
1274,127.4,128.4,0.27979597449302673,0.31568834
1275,127.5,128.5,0.39583370089530945,0.3269623
1276,127.6,128.6,0.3912239670753479,0.3265783
1277,127.7,128.7,0.31397801637649536,0.3269241
1278,127.8,128.8,0.2520597577095032,0.3151622
1279,127.9,128.9,0.2815249562263489,0.3239928
1280,128.0,129.0,0.3370242714881897,0.32703507
1281,128.1,129.1,0.435376912355423,0.3596381
1282,128.2,129.2,0.3291894793510437,0.3974264
1283,128.3,129.3,0.41507476568222046,0.4378714
1284,128.4,129.4,0.4704664647579193,0.4514609
1285,128.5,129.5,0.5392493605613708,0.46629316
1286,128.6,129.6,0.5033244490623474,0.4386533
1287,128.7,129.7,0.40335068106651306,0.39366108
1288,128.8,129.8,0.27687546610832214,0.33193803
1289,128.9,129.9,0.24550537765026093,0.27685046
1290,129.0,130.0,0.23063398897647858,0.2436623
1291,129.1,130.1,0.22788681089878082,0.23489062
1292,129.2,130.2,0.2374098300933838,0.23198599
1293,129.3,130.3,0.23301705718040466,0.2306471
1294,129.4,130.4,0.2309822142124176,0.22943477
1295,129.5,130.5,0.22393958270549774,0.22660539
1296,129.6,130.6,0.22182518243789673,0.22596015
1297,129.7,130.7,0.22326292097568512,0.22638163
1298,129.8,130.8,0.22979089617729187,0.22899537
1299,129.9,130.9,0.23308956623077393,0.23117043
1300,130.0,131.0,0.23700827360153198,0.23333943
1301,130.1,131.1,0.23270049691200256,0.23488072
1302,130.2,131.2,0.2341078668832779,0.2397895
1303,130.3,131.3,0.23749732971191406,0.2512546
1304,130.4,131.4,0.2576335370540619,0.26731458
1305,130.5,131.5,0.2943337559700012,0.28740734
1306,130.6,131.6,0.3130004107952118,0.3212636
1307,130.7,131.7,0.3345715403556824,0.33625966
1308,130.8,131.8,0.4067787528038025,0.34230208
1309,130.9,131.9,0.3326137959957123,0.33921358
1310,131.0,132.0,0.32454583048820496,0.32492077
1311,131.1,132.1,0.29755789041519165,0.30606723
1312,131.2,132.2,0.26310762763023376,0.32306314
1313,131.3,132.3,0.31251099705696106,0.34580782
1314,131.4,132.4,0.41759318113327026,0.3492704
1315,131.5,132.5,0.4382694661617279,0.35934263
1316,131.6,132.6,0.3148707449436188,0.3823148
1317,131.7,132.7,0.31346869468688965,0.37566924
1318,131.8,132.8,0.4273717701435089,0.3746418
1319,131.9,132.9,0.38436564803123474,0.41014647
1320,132.0,133.0,0.433132141828537,0.44041514
1321,132.1,133.1,0.4923941195011139,0.4038307
1322,132.2,133.2,0.4648119807243347,0.37363827
1323,132.3,133.3,0.24444961547851562,0.3377758
1324,132.4,133.4,0.23340339958667755,0.28584024
1325,132.5,133.5,0.25381988286972046,0.23828006
1326,132.6,133.6,0.23271629214286804,0.23395456
1327,132.7,133.7,0.2270110547542572,0.23192978
1328,132.8,133.8,0.2228221744298935,0.2256173
1329,132.9,133.9,0.2232794612646103,0.22363761
1330,133.0,134.0,0.22225752472877502,0.22307096
1331,133.1,134.1,0.2228178083896637,0.22332013
1332,133.2,134.2,0.22417780756950378,0.22380948
1333,133.3,134.3,0.22406800091266632,0.226641
1334,133.4,134.4,0.2257262021303177,0.23026472
1335,133.5,134.5,0.2364150881767273,0.23547298
1336,133.6,134.6,0.2409364879131317,0.24798834
1337,133.7,134.7,0.25021910667419434,0.2606159
1338,133.8,134.8,0.286644846200943,0.2741111
1339,133.9,134.9,0.288863867521286,0.295035
1340,134.0,135.0,0.3038911521434784,0.30587986
1341,134.1,135.1,0.3455560803413391,0.29542518
1342,134.2,135.2,0.3044433295726776,0.30584642
1343,134.3,135.3,0.23437154293060303,0.3012955
1344,134.4,135.4,0.340969979763031,0.29560888
1345,134.5,135.5,0.28113651275634766,0.30047888
1346,134.6,135.6,0.31712305545806885,0.32544115
1347,134.7,135.7,0.3287932872772217,0.3278905
1348,134.8,135.8,0.35918280482292175,0.34867144
1349,134.9,135.9,0.35321661829948425,0.3727515
1350,135.0,136.0,0.38504138588905334,0.39946344
1351,135.1,136.1,0.43752339482307434,0.42850715
1352,135.2,136.2,0.4623529016971588,0.46400678
1353,135.3,136.3,0.5044012665748596,0.4960485
1354,135.4,136.4,0.530714750289917,0.5195549
1355,135.5,136.5,0.5452501177787781,0.53616697
1356,135.6,136.6,0.5550554394721985,0.5729039
1357,135.7,136.7,0.5454131364822388,0.5897902
1358,135.8,136.8,0.6880858540534973,0.597795
1359,135.9,136.9,0.6151463389396667,0.5413012
1360,136.0,137.0,0.5852741599082947,0.48405775
1361,136.1,137.1,0.27258631587028503,0.39269564
1362,136.2,137.2,0.2591959536075592,0.3154819
1363,136.3,137.3,0.23127524554729462,0.24971038
1364,136.4,137.4,0.22907771170139313,0.24423519
1365,136.5,137.5,0.2564166784286499,0.23996496
1366,136.6,137.6,0.24521037936210632,0.24249259
1367,136.7,137.7,0.23784473538398743,0.3614897
1368,136.8,137.8,0.24391339719295502,0.4703604
1369,136.9,137.9,0.8240634799003601,0.59150684
1370,137.0,138.0,0.8007698059082031,0.7300118
1371,137.1,138.1,0.8509425520896912,0.8692956
1372,137.2,138.2,0.9303697347640991,0.89562875
1373,137.3,138.3,0.9403324723243713,0.9277579
1374,137.4,138.4,0.9557291865348816,0.9506614
1375,137.5,138.5,0.961415708065033,0.95823395
1376,137.6,138.6,0.965459942817688,0.95445263
1377,137.7,138.7,0.9682323336601257,0.94614315
1378,137.8,138.8,0.9214257001876831,0.9099854
1379,137.9,138.9,0.9141817688941956,0.82797474
1380,138.0,139.0,0.7806272506713867,0.68331295
1381,138.1,139.1,0.5554065704345703,0.547494
1382,138.2,139.2,0.2449231743812561,0.41428095
1383,138.3,139.3,0.2423311471939087,0.30638275
1384,138.4,139.4,0.2481163740158081,0.2436547
1385,138.5,139.5,0.24113640189170837,0.24287151
1386,138.6,139.6,0.2417663335800171,0.2428311
1387,138.7,139.7,0.24100720882415771,0.25594085
1388,138.8,139.8,0.2421291172504425,0.26655936
1389,138.9,139.9,0.3136651813983917,0.2888975
1390,139.0,140.0,0.2942289113998413,0.3364256
1391,139.1,140.1,0.3534570634365082,0.35813463
1392,139.2,140.2,0.4786475598812103,0.3578246
1393,139.3,140.3,0.35067442059516907,0.3599064
1394,139.4,140.4,0.3121148943901062,0.35011542
1395,139.5,140.5,0.30463796854019165,0.31443903
1396,139.6,140.6,0.3045022189617157,0.31058604
1397,139.7,140.7,0.30026549100875854,0.3070455
1398,139.8,140.8,0.3314095735549927,0.30334142
1399,139.9,140.9,0.29441216588020325,0.2887121
1400,140.0,141.0,0.2861175835132599,0.27498335
1401,140.1,141.1,0.23135581612586975,0.25341952
1402,140.2,141.2,0.23162171244621277,0.24068296
1403,140.3,141.3,0.22359025478363037,0.2294437
1404,140.4,141.4,0.23072946071624756,0.22900142
1405,140.5,141.5,0.2299211472272873,0.22807539
1406,140.6,141.6,0.22914443910121918,0.25750422
1407,140.7,141.7,0.22699157893657684,0.2833115
1408,140.8,141.8,0.37073439359664917,0.31902492
1409,140.9,141.9,0.35976579785346985,0.36823708
1410,141.0,142.0,0.40848827362060547,0.43078774
1411,141.1,142.1,0.47520512342453003,0.4774466
1412,141.2,142.2,0.539745032787323,0.53312546
1413,141.3,142.3,0.6040285229682922,0.5817017
1414,141.4,142.4,0.6381601691246033,0.6176026
1415,141.5,142.5,0.651369571685791,0.6402124
1416,141.6,142.6,0.65470951795578,0.63965183
1417,141.7,142.7,0.6527941226959229,0.6064432
1418,141.8,142.8,0.6012254953384399,0.5377441
1419,141.9,142.9,0.4721173942089081,0.46273065
1420,142.0,143.0,0.30787393450737,0.38402367
1421,142.1,143.1,0.27964213490486145,0.31684726
1422,142.2,143.2,0.2592594027519226,0.2902251
1423,142.3,143.3,0.26534348726272583,0.28084663
1424,142.4,143.4,0.3390064835548401,0.2755519
1425,142.5,143.5,0.26098158955574036,0.27361408
1426,142.6,143.6,0.2531684637069702,0.26734298
1427,142.7,143.7,0.24957028031349182,0.2454349
1428,142.8,143.8,0.2339879870414734,0.23953608
1429,142.9,143.9,0.22946611046791077,0.23417084
1430,143.0,144.0,0.23148754239082336,0.22913434
1431,143.1,144.1,0.22634224593639374,0.23325048
1432,143.2,144.2,0.22438779473304749,0.23089685
1433,143.3,144.3,0.25456875562667847,0.22925296
1434,143.4,144.4,0.21769782900810242,0.22925857
1435,143.5,144.5,0.22326821088790894,0.2313802
1436,143.6,144.6,0.2263702005147934,0.2276133
1437,143.7,144.7,0.23499588668346405,0.22940567
1438,143.8,144.8,0.2357342392206192,0.23203729
1439,143.9,144.9,0.22665980458259583,0.23404159
1440,144.0,145.0,0.23642633855342865,0.23557849
1441,144.1,145.1,0.2363915592432022,0.23520975
1442,144.2,145.2,0.24268043041229248,0.23544376
1443,144.3,145.3,0.23389053344726562,0.23328681
1444,144.4,145.4,0.22782988846302032,0.23079804
1445,144.5,145.5,0.2256416529417038,0.22759831
1446,144.6,145.6,0.223947674036026,0.22618279
1447,144.7,145.7,0.22668173909187317,0.22802107
1448,144.8,145.8,0.2268129140138626,0.23263302
1449,144.9,145.9,0.23702137172222137,0.23474999
1450,145.0,146.0,0.24870137870311737,0.23538092
1451,145.1,146.1,0.23453259468078613,0.2367138
1452,145.2,146.2,0.2298363298177719,0.23533763
1453,145.3,146.3,0.23347723484039307,0.23166701
1454,145.4,146.4,0.23014061152935028,0.23082131
1455,145.5,146.5,0.23034830391407013,0.23097795
1456,145.6,146.6,0.2303040772676468,0.23143002
1457,145.7,146.7,0.23061956465244293,0.23374695
1458,145.8,146.8,0.23573753237724304,0.23560937
1459,145.9,146.9,0.2417251169681549,0.23763414
1460,146.0,147.0,0.23966050148010254,0.24139875
1461,146.1,147.1,0.24042794108390808,0.24578375
1462,146.2,147.2,0.24944265186786652,0.25154415
1463,146.3,147.3,0.25766244530677795,0.26986942
1464,146.4,147.4,0.2705271244049072,0.29301083
1465,146.5,147.5,0.33128684759140015,0.2967659
1466,146.6,147.6,0.3561350703239441,0.29570267
1467,146.7,147.7,0.26821786165237427,0.2901822
1468,146.8,147.8,0.252346396446228,0.27248272
1469,146.9,147.9,0.24292488396167755,0.25000694
1470,147.0,148.0,0.24278932809829712,0.24364063
1471,147.1,148.1,0.24375620484352112,0.24306571
1472,147.2,148.2,0.23638637363910675,0.24313314
1473,147.3,148.3,0.24947179853916168,0.23977618
1474,147.4,148.4,0.24326197803020477,0.23654276
1475,147.5,148.5,0.2260044664144516,0.23571478
1476,147.6,148.6,0.22758911550045013,0.23227347
1477,147.7,148.7,0.23224642872810364,0.2294794
1478,147.8,148.8,0.23226530849933624,0.22960418
1479,147.9,148.9,0.22929167747497559,0.22955944
1480,148.0,149.0,0.2266284078359604,0.22969434
1481,148.1,149.1,0.22736532986164093,0.23200707
1482,148.2,149.2,0.23292097449302673,0.2361182
1483,148.3,149.3,0.24382895231246948,0.23955843
1484,148.4,149.4,0.24984721839427948,0.24117869
1485,148.5,149.5,0.243829607963562,0.23936196
1486,148.6,149.6,0.23546667397022247,0.23705526
1487,148.7,149.7,0.22383736073970795,0.2321716
1488,148.8,149.8,0.23229539394378662,0.22896923
1489,148.9,149.9,0.22542895376682281,0.22689885
1490,149.0,150.0,0.22781780362129211,0.22702415
1491,149.1,150.1,0.22511476278305054,0.2255831
1492,149.2,150.2,0.22446385025978088,0.22541192
1493,149.3,150.3,0.2250901311635971,0.22452226
1494,149.4,150.4,0.22457300126552582,0.22506815
1495,149.5,150.5,0.22336949408054352,0.22507791
1496,149.6,150.6,0.22784428298473358,0.2246877
1497,149.7,150.7,0.22451266646385193,0.22448152
1498,149.8,150.8,0.2231389731168747,0.2299541
1499,149.9,150.9,0.22354213893413544,0.22985521
1500,150.0,151.0,0.2507323920726776,0.23105529
1501,150.1,151.1,0.22734986245632172,0.23293044
1502,150.2,151.2,0.23051302134990692,0.2350564
1503,150.3,151.3,0.23251478374004364,0.23119755
1504,150.4,151.4,0.23417191207408905,0.23212285
1505,150.5,151.5,0.23143811523914337,0.23355515
1506,150.6,151.6,0.23197641968727112,0.23504342
1507,150.7,151.7,0.23767447471618652,0.23651516
1508,150.8,151.8,0.23995612561702728,0.2366167
1509,150.9,151.9,0.2415306717157364,0.23607144
1510,151.0,152.0,0.23194576799869537,0.23373377
1511,151.1,152.1,0.2292502224445343,0.23195527
1512,151.2,152.2,0.2259860783815384,0.22831546
1513,151.3,152.3,0.2310635894536972,0.22649108
1514,151.4,152.4,0.22333160042762756,0.2251867
1515,151.5,152.5,0.22282393276691437,0.2243797
1516,151.6,152.6,0.22272829711437225,0.22287682
1517,151.7,152.7,0.22195106744766235,0.22251888
1518,151.8,152.8,0.22354917228221893,0.22272766
1519,151.9,152.9,0.2215418964624405,0.2232728
1520,152.0,153.0,0.22386778891086578,0.22493413
1521,152.1,153.1,0.22545401751995087,0.22553594
1522,152.2,153.2,0.23025771975517273,0.22622906
1523,152.3,153.3,0.22655823826789856,0.22636355
1524,152.4,153.4,0.22500751912593842,0.22563314
1525,152.5,153.5,0.22454021871089935,0.22426249
1526,152.6,153.6,0.2218020111322403,0.22474183
1527,152.7,153.7,0.22340445220470428,0.225307
1528,152.8,153.8,0.22895492613315582,0.22779578
1529,152.9,153.9,0.22783339023590088,0.22979471
1530,153.0,154.0,0.23698411881923676,0.23232895
1531,153.1,154.1,0.23179660737514496,0.23118284
1532,153.2,154.2,0.23607569932937622,0.22999336
1533,153.3,154.3,0.2232244312763214,0.22711875
1534,153.4,154.4,0.22188587486743927,0.2254102
1535,153.5,154.5,0.22261105477809906,0.22269925
1536,153.6,154.6,0.22325390577316284,0.2232315
1537,153.7,154.7,0.22252106666564941,0.22441742
1538,153.8,154.8,0.2258855402469635,0.22688115
1539,153.9,154.9,0.22781546413898468,0.22826664
1540,154.0,155.0,0.23492972552776337,0.22930232
1541,154.1,155.1,0.23018130660057068,0.22974634
1542,154.2,155.2,0.22769948840141296,0.22958133
1543,154.3,155.3,0.22810573875904083,0.22763598
1544,154.4,155.4,0.22699028253555298,0.22664306
1545,154.5,155.5,0.22520305216312408,0.22597532
1546,154.6,155.6,0.22521674633026123,0.22511458
1547,154.7,155.7,0.22436073422431946,0.22447915
1548,154.8,155.8,0.22380207479000092,0.22447325
1549,154.9,155.9,0.22381313145160675,0.22607544
1550,155.0,156.0,0.22517351806163788,0.22665218
1551,155.1,156.1,0.23322775959968567,0.22628659
1552,155.2,156.2,0.2272443026304245,0.22563286
1553,155.3,156.3,0.22197428345680237,0.22512199
1554,155.4,156.4,0.22054439783096313,0.22303478
1555,155.5,156.5,0.2226191908121109,0.22296904
1556,155.6,156.6,0.22279173135757446,0.22481343
1557,155.7,156.7,0.226915642619133,0.22481431
1558,155.8,156.8,0.23119619488716125,0.22521429
1559,155.9,156.9,0.2205488085746765,0.2254612
1560,156.0,157.0,0.224619060754776,0.2257846
1561,156.1,157.1,0.22402627766132355,0.22409642
1562,156.2,157.2,0.228532612323761,0.2239847
1563,156.3,157.3,0.2227553278207779,0.22301254
1564,156.4,157.4,0.21999025344848633,0.22219212
1565,156.5,157.5,0.21975819766521454,0.22177054
1566,156.6,157.6,0.2199242264032364,0.22183262
1567,156.7,157.7,0.22642463445663452,0.22301576
1568,156.8,157.8,0.22306573390960693,0.22512816
1569,156.9,157.9,0.2259058952331543,0.22762704
1570,157.0,158.0,0.23032023012638092,0.22817351
1571,157.1,158.1,0.23241859674453735,0.22886318
1572,157.2,158.2,0.22915704548358917,0.22852953
1573,157.3,158.3,0.22651407122612,0.2266205
1574,157.4,158.4,0.22423766553401947,0.2242149
1575,157.5,158.5,0.22077509760856628,0.22232231
1576,157.6,158.6,0.22039060294628143,0.22141773
1577,157.7,158.7,0.21969406306743622,0.22114182
1578,157.8,158.8,0.2219911366701126,0.22093602
1579,157.9,158.9,0.22285811603069305,0.22146076
1580,158.0,159.0,0.21974614262580872,0.2213507
1581,158.1,159.1,0.2230142503976822,0.22064997
1582,158.2,159.2,0.21914374828338623,0.22058389
1583,158.3,159.3,0.21848750114440918,0.22084713
1584,158.4,159.4,0.22252778708934784,0.22246055
1585,158.5,159.5,0.2210622876882553,0.222675
1586,158.6,159.6,0.23108136653900146,0.22353517
1587,158.7,159.7,0.22021600604057312,0.22448353
1588,158.8,159.8,0.22278834879398346,0.22552863
1589,158.9,159.9,0.22726961970329285,0.22474784
1590,159.0,160.0,0.22628775238990784,0.2256808
1591,159.1,160.1,0.2271774560213089,0.22607118
1592,159.2,160.2,0.22488076984882355,0.2266333
1593,159.3,160.3,0.22474025189876556,0.22711481
1594,159.4,160.4,0.23008018732070923,0.22697127
1595,159.5,160.5,0.2286953628063202,0.22825736
1596,159.6,160.6,0.22645974159240723,0.22954151
1597,159.7,160.7,0.23131127655506134,0.228032
1598,159.8,160.8,0.2311609983444214,0.2263894
1599,159.9,160.9,0.22253257036209106,0.2254819
1600,160.0,161.0,0.22048227488994598,0.22354852
1601,160.1,161.1,0.22192229330539703,0.22148785
1602,160.2,161.2,0.22164438664913177,0.2207872
1603,160.3,161.3,0.220857635140419,0.22067647
1604,160.4,161.4,0.21902935206890106,0.22019094
1605,160.5,161.5,0.21992868185043335,0.21988523
1606,160.6,161.6,0.21949459612369537,0.21988827
1607,160.7,161.7,0.2201158106327057,0.22043766
1608,160.8,161.8,0.2208728790283203,0.2208658
1609,160.9,161.9,0.22177626192569733,0.22193485
1610,161.0,162.0,0.2220694124698639,0.22277498
1611,161.1,162.1,0.22483985126018524,0.22280452
1612,161.2,162.2,0.22431640326976776,0.2228985
1613,161.3,162.3,0.22102054953575134,0.22367492
1614,161.4,162.4,0.2222461849451065,0.22347954
1615,161.5,162.5,0.22595156729221344,0.2235139
1616,161.6,162.6,0.22386297583580017,0.22442809
1617,161.7,162.7,0.22448819875717163,0.22468503
1618,161.8,162.8,0.2255915403366089,0.22371088
1619,161.9,162.9,0.22353075444698334,0.22514601
1620,162.0,163.0,0.22108089923858643,0.23065054
1621,162.1,163.1,0.23103861510753632,0.23058116
1622,162.2,163.2,0.25201088190078735,0.23029596
1623,162.3,163.3,0.22524462640285492,0.22997223
1624,162.4,163.4,0.2221047729253769,0.22758074
1625,162.5,163.5,0.21946218609809875,0.22158796
1626,162.6,163.6,0.21908119320869446,0.2210567
1627,162.7,163.7,0.22204698622226715,0.22234936
1628,162.8,163.8,0.22258836030960083,0.22308041
1629,162.9,163.9,0.22856810688972473,0.2238055
1630,163.0,164.0,0.22311744093894958,0.22380723
1631,163.1,164.1,0.22270658612251282,0.22722715
1632,163.2,164.2,0.2220556139945984,0.2271566
1633,163.3,164.3,0.23968803882598877,0.22813708
1634,163.4,164.4,0.22821521759033203,0.20354997
1635,163.5,164.5,0.22801989316940308,0.1902401
1636,163.6,164.6,0.09977112710475922,0.17540324
1637,163.7,164.7,0.15550631284713745,0.16963494
1638,163.8,164.8,0.16550365090370178,0.16536713
1639,163.9,164.9,0.19937364757061005,0.18671227
1640,164.0,165.0,0.20668087899684906,0.19749884
1641,164.1,165.1,0.20649677515029907,0.20740992
1642,164.2,165.2,0.2094392478466034,0.21250105
1643,164.3,165.3,0.2150590419769287,0.22013307
1644,164.4,165.4,0.2248292863368988,0.23078759
1645,164.5,165.5,0.24484089016914368,0.24418572
1646,164.6,165.6,0.25976938009262085,0.25130448
1647,164.7,165.7,0.2764299213886261,0.2506909
1648,164.8,165.8,0.25065284967422485,0.24765107
1649,164.9,165.9,0.22176146507263184,0.24059254
1650,165.0,166.0,0.22964169085025787,0.22951499
1651,165.1,166.1,0.2244766503572464,0.22410522
1652,165.2,166.2,0.22104215621948242,0.22423117
1653,165.3,166.3,0.22360408306121826,0.2230001
1654,165.4,166.4,0.22239123284816742,0.22266592
1655,165.5,166.5,0.2234862595796585,0.22246729
1656,165.6,166.6,0.22280578315258026,0.22251049
1657,165.7,166.7,0.22004902362823486,0.22267894
1658,165.8,166.8,0.22382012009620667,0.23348853
1659,165.9,166.9,0.22323356568813324,0.236738
1660,166.0,167.0,0.2775341272354126,0.24066825
1661,166.1,167.1,0.2390531748533249,0.24351083
1662,166.2,167.2,0.2397003024816513,0.24857391
1663,166.3,167.3,0.23803290724754333,0.24222359
1664,166.4,167.4,0.24854907393455505,0.24294779
1665,166.5,167.5,0.2457824945449829,0.24260955
1666,166.6,167.6,0.24267414212226868,0.24162862
1667,166.7,167.7,0.23800908029079437,0.24504645
1668,166.8,167.8,0.23312826454639435,0.2400545
1669,166.9,167.9,0.26563823223114014,0.23594423
1670,167.0,168.0,0.2208227664232254,0.23296775
1671,167.1,168.1,0.22212283313274384,0.23091504
1672,167.2,168.2,0.2231266051530838,0.22287354
1673,167.3,168.3,0.2228647768497467,0.22386296
1674,167.4,168.4,0.22543072700500488,0.22471702
1675,167.5,168.5,0.22576981782913208,0.22563615
1676,167.6,168.6,0.22639314830303192,0.22546133
1677,167.7,168.7,0.22772225737571716,0.22532587
1678,167.8,168.8,0.22199079394340515,0.2242273
1679,167.9,168.9,0.2247532159090042,0.22380663
1680,168.0,169.0,0.22027702629566193,0.22275339
1681,168.1,169.1,0.22428986430168152,0.2235568
1682,168.2,169.2,0.2224559783935547,0.22423261
1683,168.3,169.3,0.2260078489780426,0.22804338
1684,168.4,169.4,0.22813232243061066,0.23168579
1685,168.5,169.5,0.23933079838752747,0.2338913
1686,168.6,169.6,0.24250191450119019,0.2360292
1687,168.7,169.7,0.23348350822925568,0.23728189
1688,168.8,169.8,0.23669736087322235,0.23615147
1689,168.9,169.9,0.2343958616256714,0.2344046
1690,169.0,170.0,0.2336786836385727,0.24980812
1691,169.1,170.1,0.2337675392627716,0.26623055
1692,169.2,170.2,0.3105011582374573,0.28622827
1693,169.3,170.3,0.31880947947502136,0.31030294
1694,169.4,170.4,0.33438438177108765,0.33802432
1695,169.5,170.5,0.3540520668029785,0.34958908
1696,169.6,170.6,0.37237444519996643,0.3596663
1697,169.7,170.7,0.36832499504089355,0.367278
1698,169.8,170.8,0.36919549107551575,0.37075645
1699,169.9,170.9,0.3724430799484253,0.38424343
1700,170.0,171.0,0.3714442253112793,0.3691313
1701,170.1,171.1,0.4398093521595001,0.35419062
1702,170.2,171.2,0.2927643358707428,0.33802897
1703,170.3,171.3,0.2944921553134918,0.3337663
1704,170.4,171.4,0.29163485765457153,0.304265
1705,170.5,171.5,0.35013073682785034,0.30164272
1706,170.6,171.6,0.29230281710624695,0.29811352
1707,170.7,171.7,0.2796529233455658,0.2934425
1708,170.8,171.8,0.2768462896347046,0.27881444
1709,170.9,171.9,0.26827967166900635,0.2647301
1710,171.0,172.0,0.27699044346809387,0.25368786
1711,171.1,172.1,0.22188107669353485,0.2435854
1712,171.2,172.2,0.2244417816400528,0.23441833
1713,171.3,172.3,0.22633397579193115,0.22303131
1714,171.4,172.4,0.2224443554878235,0.22286788
1715,171.5,172.5,0.22005531191825867,0.22221199
1716,171.6,172.6,0.22106394171714783,0.22133192
1717,171.7,172.7,0.22116225957870483,0.22155747
1718,171.8,172.8,0.22193367779254913,0.22235377
1719,171.9,172.9,0.22357210516929626,0.22234446
1720,172.0,173.0,0.2240368127822876,0.22207205
1721,172.1,173.1,0.22101743519306183,0.22163112
1722,172.2,173.2,0.2198001593351364,0.22113726
1723,172.3,173.3,0.21972909569740295,0.22106296
1724,172.4,173.4,0.2211027592420578,0.22119229
1725,172.5,173.5,0.2236652970314026,0.2218232
1726,172.6,173.6,0.22166408598423004,0.22248647
1727,172.7,173.7,0.22295475006103516,0.22285488
1728,172.8,173.8,0.2230454385280609,0.2236459
1729,172.9,173.9,0.22294482588768005,0.22462735
1730,173.0,174.0,0.22762033343315125,0.22455189
1731,173.1,174.1,0.22657136619091034,0.2243973
1732,173.2,174.2,0.22257740795612335,0.23914428
1733,173.3,174.3,0.2222725749015808,0.2517579
1734,173.4,174.4,0.29667964577674866,0.2669436
1735,173.5,174.5,0.29068848490715027,0.2828167
1736,173.6,174.6,0.3024998903274536,0.2989275
1737,173.7,174.7,0.3019428551197052,0.30078396
1738,173.8,174.8,0.30282658338546753,0.30361366
1739,173.9,174.9,0.3059619665145874,0.30396757
1740,174.0,175.0,0.3048369288444519,0.30383492
1741,174.1,175.1,0.3042694330215454,0.30316433
1742,174.2,175.2,0.30127963423728943,0.29656795
1743,174.3,175.3,0.29947376251220703,0.279897
1744,174.4,175.4,0.2729799747467041,0.26488218
1745,174.5,175.5,0.22148217260837555,0.24932842
1746,174.6,175.6,0.22919538617134094,0.23342735
1747,174.7,175.7,0.2235107570886612,0.22300027
1748,174.8,175.8,0.21996834874153137,0.22754554
1749,174.9,175.9,0.22084467113018036,0.2268468
1750,175.0,176.0,0.24420855939388275,0.2265485
1751,175.1,176.1,0.22570161521434784,0.22769019
1752,175.2,176.2,0.222019225358963,0.22901227
1753,175.3,176.3,0.22567681968212128,0.22646469
1754,175.4,176.4,0.22745509445667267,0.2269457
1755,175.5,176.5,0.23147070407867432,0.22899617
1756,175.6,176.6,0.22810661792755127,0.23119874
1757,175.7,176.7,0.23227164149284363,0.23294282
1758,175.8,176.8,0.23668967187404633,0.2382378
1759,175.9,176.9,0.23617544770240784,0.24076891
1760,176.0,177.0,0.25794553756713867,0.24178497
1761,176.1,177.1,0.24076221883296967,0.24187455
1762,176.2,177.2,0.23735202848911285,0.24253118
1763,176.3,177.3,0.23713745176792145,0.23858239
1764,176.4,177.4,0.23945870995521545,0.24023485
1765,176.5,177.5,0.2382015585899353,0.3235888
1766,176.6,177.6,0.24902455508708954,0.32612172
1767,176.7,177.7,0.6541216373443604,0.32722074
1768,176.8,177.8,0.24980203807353973,0.32828492
1769,176.9,177.9,0.24495398998260498,0.32626235
1770,177.0,178.0,0.24352243542671204,0.2442246
1771,177.1,178.1,0.2389116734266281,0.2427704
1772,177.2,178.2,0.243932843208313,0.24194674
1773,177.3,178.3,0.24253107607364655,0.25236943
1774,177.4,178.4,0.24083571135997772,0.25771883
1775,177.5,178.5,0.2956359386444092,0.26523557
1776,177.6,178.6,0.2656586766242981,0.26619324
1777,177.7,178.7,0.2815164625644684,0.26968074
1778,177.8,178.8,0.2473192811012268,0.25819862
1779,177.9,178.9,0.25827330350875854,0.24952075
1780,178.0,179.0,0.23822526633739471,0.23783557
1781,178.1,179.1,0.22226940095424652,0.23296365
1782,178.2,179.2,0.22309055924415588,0.22589336
1783,178.3,179.3,0.2229597270488739,0.22232011
1784,178.4,179.4,0.22292183339595795,0.22193033
1785,178.5,179.5,0.22035904228687286,0.22179571
1786,178.6,179.6,0.220320463180542,0.22178453
1787,178.7,179.7,0.22241751849651337,0.22243899
1788,178.8,179.8,0.2229037880897522,0.22389822
1789,178.9,179.9,0.2261941134929657,0.22477485
1790,179.0,180.0,0.22765518724918365,0.22563154
1791,179.1,180.1,0.2247036248445511,0.22569808
1792,179.2,180.2,0.22670099139213562,0.2268037
1793,179.3,180.3,0.223236545920372,0.22720957
1794,179.4,180.4,0.23172220587730408,0.22890975
1795,179.5,180.5,0.22968444228172302,0.22869758
1796,179.6,180.6,0.23320457339286804,0.22900157
1797,179.7,180.7,0.22564010322093964,0.22758676
1798,179.8,180.8,0.22475653886795044,0.22709373
1799,179.9,180.9,0.22464816272258759,0.22554918
1800,180.0,181.0,0.22721926867961884,0.2257384
1801,180.1,181.1,0.22548173367977142,0.22631055
1802,180.2,181.2,0.22658619284629822,0.2262069
1803,180.3,181.3,0.2276172786951065,0.2254828
1804,180.4,181.4,0.22412997484207153,0.22439818
1805,180.5,181.5,0.22359886765480042,0.22301632
1806,180.6,181.6,0.22005853056907654,0.22190985
1807,180.7,181.7,0.2196768969297409,0.22141892
1808,180.8,181.8,0.2220849245786667,0.22104959
1809,180.9,181.9,0.2216753214597702,0.22143848
1810,181.0,182.0,0.22175227105617523,0.22174805
1811,181.1,182.1,0.22200295329093933,0.22177918
1812,181.2,182.2,0.22122476994991302,0.22211534
1813,181.3,182.3,0.22224055230617523,0.22229049
1814,181.4,182.4,0.22335614264011383,0.22269621
1815,181.5,182.5,0.22262799739837646,0.22282527
1816,181.6,182.6,0.22403168678283691,0.22261603
1817,181.7,182.7,0.22187002003192902,0.22235753
1818,181.8,182.8,0.221194326877594,0.22202305
1819,181.9,182.9,0.2220636010169983,0.22136448
1820,182.0,183.0,0.22095558047294617,0.22095077
1821,182.1,183.1,0.22073885798454285,0.22094914
1822,182.2,183.2,0.21980144083499908,0.22104162
1823,182.3,183.3,0.22118619084358215,0.22137818
1824,182.4,183.4,0.222525954246521,0.22169805
1825,182.5,183.5,0.2226383537054062,0.22190203
1826,182.6,183.6,0.22233827412128448,0.22262213
1827,182.7,183.7,0.220821350812912,0.22254428
1828,182.8,183.8,0.2247866541147232,0.22289097
1829,182.9,183.9,0.22213684022426605,0.22365466
1830,183.0,184.0,0.22437173128128052,0.22404051
1831,183.1,184.1,0.22615671157836914,0.22458047
1832,183.2,184.2,0.22275057435035706,0.22558835
1833,183.3,184.3,0.22748644649982452,0.22557595
1834,183.4,184.4,0.2271762192249298,0.22507036
1835,183.5,184.5,0.22430966794490814,0.22442643
1836,183.6,184.6,0.22362884879112244,0.22273326
1837,183.7,184.7,0.21953096985816956,0.22163026
1838,183.8,184.8,0.2190205603837967,0.22068468
1839,183.9,184.9,0.22166123986244202,0.22007744
1840,184.0,185.0,0.219581738114357,0.22076127
1841,184.1,185.1,0.2205926775932312,0.22122315
1842,184.2,185.2,0.22295010089874268,0.22096185
1843,184.3,185.3,0.221329927444458,0.22122175
1844,184.4,185.4,0.22035476565361023,0.22139621
1845,184.5,185.5,0.22088122367858887,0.22111543
1846,184.6,185.6,0.22146490216255188,0.22177513
1847,184.7,185.7,0.2215462028980255,0.2226583
1848,184.8,185.8,0.2246285229921341,0.22270678
1849,184.9,185.9,0.2247706949710846,0.22362521
1850,185.0,186.0,0.22112353146076202,0.22383457
1851,185.1,186.1,0.22605709731578827,0.22340107
1852,185.2,186.2,0.2225930094718933,0.22297189
1853,185.3,186.3,0.22246100008487701,0.22315872
1854,185.4,186.4,0.222624734044075,0.22260326
1855,185.5,186.5,0.22205772995948792,0.22201808
1856,185.6,186.6,0.22327974438667297,0.23587646
1857,185.7,186.7,0.21966718137264252,0.25142494
1858,185.8,186.8,0.2917528748512268,0.2695474
1859,185.9,186.9,0.3003670573234558,0.29015088
1860,186.0,187.0,0.31267020106315613,0.31253695
1861,186.1,187.1,0.32629716396331787,0.3210339
1862,186.2,187.2,0.33159738779067993,0.3280159
1863,186.3,187.3,0.3342375159263611,0.3336736
1864,186.4,187.4,0.33527711033821106,0.34137154
1865,186.5,187.5,0.34095868468284607,0.36928478
1866,186.6,187.6,0.36478692293167114,0.3481793
1867,186.7,187.7,0.47116348147392273,0.32625833
1868,186.8,187.8,0.2287101298570633,0.3030272
1869,186.9,187.9,0.22567233443260193,0.2750926
1870,187.0,188.0,0.22480320930480957,0.2259912
1871,187.1,188.1,0.2251138538122177,0.22513306
1872,187.2,188.2,0.22565646469593048,0.22502398
1873,187.3,188.3,0.22441941499710083,0.22452655
1874,187.4,188.4,0.22512687742710114,0.22366527
1875,187.5,188.5,0.22231607139110565,0.22229612
1876,187.6,188.6,0.22080747783184052,0.22182752
1877,187.7,188.7,0.21881070733070374,0.22115104
1878,187.8,188.8,0.22207649052143097,0.22126955
1879,187.9,188.9,0.22174447774887085,0.23496267
1880,188.0,189.0,0.22290858626365662,0.25034985
1881,188.1,189.1,0.28927311301231384,0.26850277
1882,188.2,189.2,0.2957466244697571,0.2896906
1883,188.3,189.3,0.31284099817276,0.31120428
1884,188.4,189.4,0.32768383622169495,0.3203426
1885,188.5,189.5,0.3304768204689026,0.3286363
1886,188.6,189.6,0.33496472239494324,0.3342226
1887,188.7,189.7,0.3372150957584381,0.33860546
1888,188.8,189.8,0.34077250957489014,0.3439297
1889,188.9,189.9,0.3495979905128479,0.3589107
1890,189.0,190.0,0.3570982813835144,0.33803183
1891,189.1,190.1,0.4098696708679199,0.3146839
1892,189.2,190.2,0.23282063007354736,0.28954604
1893,189.3,190.3,0.22403302788734436,0.26243788
1894,189.4,190.4,0.22390861809253693,0.22474197
1895,189.5,190.5,0.22155745327472687,0.22236803
1896,189.6,190.6,0.2213900089263916,0.22180843
1897,189.7,190.7,0.22095100581645966,0.22124662
1898,189.8,190.8,0.22123503684997559,0.2228172
1899,189.9,190.9,0.2210996299982071,0.22291209
1900,190.0,191.0,0.22941021621227264,0.22328489
1901,190.1,191.1,0.2218645215034485,0.22376704
1902,190.2,191.2,0.22281506657600403,0.22514945
1903,190.3,191.3,0.22364577651023865,0.22378716
1904,190.4,191.4,0.22801168262958527,0.22457772
1905,190.5,191.5,0.22259877622127533,0.22475523
1906,190.6,191.6,0.22581733763217926,0.22507362
1907,190.7,191.7,0.22370252013206482,0.22965111
1908,190.8,191.8,0.22523783147335052,0.2301673
1909,190.9,191.9,0.2508990466594696,0.23029098
1910,191.0,192.0,0.2251797467470169,0.23020229
1911,191.1,192.1,0.22643569111824036,0.22953181
1912,191.2,192.2,0.22325918078422546,0.2236996
1913,191.3,192.3,0.22188538312911987,0.22333455
1914,191.4,192.4,0.22173799574375153,0.22285335
1915,191.5,192.5,0.2233545035123825,0.22263503
1916,191.6,192.6,0.22402963042259216,0.22295
1917,191.7,192.7,0.22216755151748657,0.22286436
1918,191.8,192.8,0.22346024215221405,0.22323973
1919,191.9,192.9,0.2213098406791687,0.22274448
1920,192.0,193.0,0.22523140907287598,0.22365877
1921,192.1,193.1,0.22155331075191498,0.22375098
1922,192.2,193.2,0.22673900425434113,0.22511579
1923,192.3,193.3,0.22392140328884125,0.22612123
1924,192.4,193.4,0.228133887052536,0.22766544
1925,192.5,193.5,0.23025856912136078,0.22878732
1926,192.6,193.6,0.22927433252334595,0.2304898
1927,192.7,193.7,0.23234833776950836,0.2306778
1928,192.8,193.8,0.23243381083011627,0.23216759
1929,192.9,193.9,0.2290738970041275,0.23080179
1930,193.0,194.0,0.2377074658870697,0.22968625
1931,193.1,194.1,0.22244545817375183,0.22696686
1932,193.2,194.2,0.2267705500125885,0.22581284
1933,193.3,194.3,0.21883684396743774,0.22252488
1934,193.4,194.4,0.22330379486083984,0.22253536
1935,193.5,194.5,0.2212677150964737,0.22188506
1936,193.6,194.6,0.2224978506565094,0.2230982
1937,193.7,194.7,0.22351904213428497,0.22276357
1938,193.8,194.8,0.22490254044532776,0.22442295
1939,193.9,194.9,0.22163066267967224,0.22572687
1940,194.0,195.0,0.22956469655036926,0.22623289
1941,194.1,195.1,0.22901739180088043,0.22657497
1942,194.2,195.2,0.22604909539222717,0.22737147
1943,194.3,195.3,0.2266128957271576,0.22629897
1944,194.4,195.4,0.22561317682266235,0.22572792
1945,194.5,195.5,0.22420229017734528,0.22574595
1946,194.6,195.6,0.2261621206998825,0.22511274
1947,194.7,195.7,0.22613920271396637,0.22477204
1948,194.8,195.8,0.2234468162059784,0.2246522
1949,194.9,195.9,0.22390979528427124,0.22395961
1950,195.0,196.0,0.2236030548810959,0.22319268
1951,195.1,196.1,0.2226991057395935,0.22335835
1952,195.2,196.2,0.2223045825958252,0.22356282
1953,195.3,196.3,0.224275141954422,0.22392488
1954,195.4,196.4,0.2249322086572647,0.22838211
1955,195.5,196.5,0.22541333734989166,0.23056908
1956,195.6,196.6,0.2449852079153061,0.23208041
1957,195.7,196.7,0.23323942720890045,0.23164476
1958,195.8,196.8,0.23183180391788483,0.2321027
1959,195.9,196.9,0.22275403141975403,0.22981255
1960,196.0,197.0,0.2277030646800995,0.22964974
1961,196.1,197.1,0.23353442549705505,0.2292234
1962,196.2,197.2,0.23242534697055817,0.23097974
1963,196.3,197.3,0.22970011830329895,0.2304393
1964,196.4,197.4,0.23153573274612427,0.22848792
1965,196.5,197.5,0.22500088810920715,0.22732149
1966,196.6,197.6,0.22377748787403107,0.22771707
1967,196.7,197.7,0.22659318149089813,0.22631626
1968,196.8,197.8,0.23167802393436432,0.22587733
1969,196.9,197.9,0.22453166544437408,0.22571811
1970,197.0,198.0,0.22280627489089966,0.22480161
1971,197.1,198.1,0.22298137843608856,0.22299674
1972,197.2,198.2,0.22201068699359894,0.22365668
1973,197.3,198.3,0.22265367209911346,0.22446662
1974,197.4,198.4,0.22783133387565613,0.22469138
1975,197.5,198.5,0.2268560230731964,0.22455369
1976,197.6,198.6,0.22410516440868378,0.22413385
1977,197.7,198.7,0.2213221788406372,0.22335991
1978,197.8,198.8,0.22055453062057495,0.22142449
1979,197.9,198.9,0.22396162152290344,0.2200615
1980,198.0,199.0,0.21717891097068787,0.22059706
1981,198.1,199.1,0.21729019284248352,0.2207139
1982,198.2,199.2,0.2239999622106552,0.21954584
1983,198.3,199.3,0.22113874554634094,0.22003305
1984,198.4,199.4,0.21812132000923157,0.2213479
1985,198.5,199.5,0.21961498260498047,0.2216356
1986,198.6,199.6,0.22386443614959717,0.22193624
1987,198.7,199.7,0.22543837130069733,0.22386895
1988,198.8,199.8,0.22264203429222107,0.22603896
1989,198.9,199.9,0.2277848720550537,0.22702616
1990,199.0,200.0,0.23046506941318512,0.2273081
1991,199.1,200.1,0.22880049049854279,0.22771336
1992,199.2,200.2,0.2268480509519577,0.22694315
1993,199.3,200.3,0.22466827929019928,0.22538614
1994,199.4,200.4,0.22393381595611572,0.22433926
1995,199.5,200.5,0.22268003225326538,0.22437991
1996,199.6,200.6,0.22356607019901276,0.22617365
1997,199.7,200.7,0.22705136239528656,0.22606705
1998,199.8,200.8,0.2336370050907135,0.22578259
1999,199.9,200.9,0.22340071201324463,0.22581902
2000,200.0,201.0,0.221257746219635,0.22460933
2001,200.1,201.1,0.2237483412027359,0.22238752
2002,200.2,201.2,0.2210027426481247,0.2225976
2003,200.3,201.3,0.22252807021141052,0.2230269
2004,200.4,201.4,0.2244510054588318,0.22280739
2005,200.5,201.5,0.22340427339076996,0.22325866
2006,200.6,201.6,0.22265084087848663,0.2232681
2007,200.7,201.7,0.22325903177261353,0.22525668
2008,200.8,201.8,0.2225753366947174,0.23150183
2009,200.9,201.9,0.2343938946723938,0.23223813
2010,201.0,202.0,0.2546299993991852,0.23362441
2011,201.1,202.1,0.22633229196071625,0.23441988
2012,201.2,202.2,0.2301904708147049,0.23244593
2013,201.3,202.3,0.22655272483825684,0.22648713
2014,201.4,202.4,0.2245240956544876,0.2267476
2015,201.5,202.5,0.22483600676059723,0.22494835
2016,201.6,202.6,0.22763469815254211,0.2236542
2017,201.7,202.7,0.22119419276714325,0.22471853
2018,201.8,202.8,0.22008201479911804,0.2252878
2019,201.9,202.9,0.22984568774700165,0.22414236
2020,202.0,203.0,0.22768232226371765,0.2245472
2021,202.1,203.1,0.22190754115581512,0.22551389
2022,202.2,203.2,0.22321844100952148,0.22519156
2023,202.3,203.3,0.22491541504859924,0.22524787
2024,202.4,203.4,0.22823411226272583,0.2272596
2025,202.5,203.5,0.22796382009983063,0.22949377
2026,202.6,203.6,0.23196618258953094,0.23091024
2027,202.7,203.7,0.2343892604112625,0.24662945
2028,202.8,203.8,0.23199784755706787,0.24865891
2029,202.9,203.9,0.30683013796806335,0.24775228
2030,203.0,204.0,0.23811106383800507,0.24998479
2031,203.1,204.1,0.22743308544158936,0.24831928
2032,203.2,204.2,0.24555175006389618,0.2337155
2033,203.3,204.3,0.2236703485250473,0.23494734
2034,203.4,204.4,0.23381121456623077,0.23705383
2035,203.5,204.5,0.24427028000354767,0.23529765
2036,203.6,204.6,0.23796550929546356,0.2372065
2037,203.7,204.7,0.2367708832025528,0.23764108
2038,203.8,204.8,0.23321464657783508,0.24705133
2039,203.9,204.9,0.23598408699035645,0.252192
2040,204.0,205.0,0.2913215160369873,0.2524256
2041,204.1,205.1,0.26366880536079407,0.2506895
2042,204.2,205.2,0.23793892562389374,0.24764064
2043,204.3,205.3,0.22453422844409943,0.23316814
2044,204.4,205.4,0.22073966264724731,0.22491774
2045,204.5,205.5,0.21895909309387207,0.22170417
2046,204.6,205.6,0.2224166989326477,0.22127798
2047,204.7,205.7,0.22187121212482452,0.22187622
2048,204.8,205.8,0.2224031537771225,0.22296801
2049,204.9,205.9,0.22373084723949432,0.22349483
2050,205.0,206.0,0.22441814839839935,0.22479996
2051,205.1,206.1,0.22505076229572296,0.22612393
2052,205.2,206.2,0.22839683294296265,0.2280781
2053,205.3,206.3,0.2290230542421341,0.22860202
2054,205.4,206.4,0.233501598238945,0.22883439
2055,205.5,206.5,0.22703783214092255,0.22747187
2056,205.6,206.6,0.22621260583400726,0.22604074
2057,205.7,206.7,0.2215842753648758,0.22348326
2058,205.8,206.8,0.22186733782291412,0.22229731
2059,205.9,206.9,0.2207142412662506,0.22104013
2060,206.0,207.0,0.22110803425312042,0.22163537
2061,206.1,207.1,0.2199266403913498,0.22220655
2062,206.2,207.2,0.2245606780052185,0.22336562
2063,206.3,207.3,0.22472314536571503,0.22424354
2064,206.4,207.4,0.22650954127311707,0.22423042
2065,206.5,207.5,0.22549763321876526,0.2234431
2066,206.6,207.6,0.21986109018325806,0.2239489
2067,206.7,207.7,0.22062402963638306,0.22284429
2068,206.8,207.8,0.2272520810365677,0.22321075
2069,206.9,207.9,0.22098654508590698,0.223448
2070,207.0,208.0,0.2273300439119339,0.22364004
2071,207.1,208.1,0.22104725241661072,0.22250561
2072,207.2,208.2,0.2215842753648758,0.22377317
2073,207.3,208.3,0.22157986462116241,0.22294626
2074,207.4,208.4,0.22732433676719666,0.22427085
2075,207.5,208.5,0.22319544851779938,0.22499672
2076,207.6,208.6,0.2276703119277954,0.22585228
2077,207.7,208.7,0.22521357238292694,0.22502023
2078,207.8,208.8,0.22585763037204742,0.22583732
2079,207.9,208.9,0.2231641262769699,0.22529086
2080,208.0,209.0,0.22728091478347778,0.22539718
2081,208.1,209.1,0.2249380648136139,0.23036629
2082,208.2,209.2,0.22574514150619507,0.23144586
2083,208.3,209.3,0.2507031559944153,0.23026267
2084,208.4,209.4,0.22856205701828003,0.23002392
2085,208.5,209.5,0.22136488556861877,0.22937503
2086,208.6,209.6,0.22374434769153595,0.2231184
2087,208.7,209.7,0.22250071167945862,0.22117466
2088,208.8,209.8,0.21942000091075897,0.22155777
2089,208.9,209.9,0.21884332597255707,0.22164007
2090,209.0,210.0,0.22328029572963715,0.22171293
2091,209.1,210.1,0.22415602207183838,0.24749881
2092,209.2,210.2,0.2228650599718094,0.32209185
2093,209.3,210.3,0.34834936261177063,0.40452197
2094,209.4,210.4,0.5918084383010864,0.5049412
2095,209.5,210.5,0.6354309320449829,0.6275795
2096,209.6,210.6,0.7262524962425232,0.7323808
2097,209.7,210.7,0.8360563516616821,0.79142845
2098,209.8,210.8,0.8723557591438293,0.84482
2099,209.9,210.9,0.8870468735694885,0.88086814
2100,210.0,211.0,0.9023888111114502,0.88483375
2101,210.1,211.1,0.9064926505088806,0.895687
2102,210.2,211.2,0.8558844327926636,0.87187815
2103,210.3,211.3,0.9266217947006226,0.7737543
2104,210.4,211.4,0.7680028080940247,0.63825333
2105,210.5,211.5,0.4117698073387146,0.5117152
2106,210.6,211.6,0.2289879322052002,0.3702737
2107,210.7,211.7,0.22319355607032776,0.2608457
2108,210.8,211.8,0.21941445767879486,0.22361028
2109,210.9,211.9,0.2208627611398697,0.22287932
2110,211.0,212.0,0.225592702627182,0.22287098
2111,211.1,212.1,0.2253330796957016,0.2238924
2112,211.2,212.2,0.22315184772014618,0.22455533
2113,211.3,212.3,0.22452151775360107,0.2244303
2114,211.4,212.4,0.22417746484279633,0.22599168
2115,211.5,212.5,0.22496750950813293,0.22861859
2116,211.6,212.6,0.23314006626605988,0.22821617
2117,211.7,212.7,0.23628640174865723,0.22756238
2118,211.8,212.8,0.22250938415527344,0.22744675
2119,211.9,212.9,0.22090859711170197,0.22480865
2120,212.0,213.0,0.22438929975032806,0.22207937
2121,212.1,213.1,0.21994954347610474,0.22216633
2122,212.2,213.2,0.22263997793197632,0.22245598
2123,212.3,213.3,0.22294427454471588,0.22214934
2124,212.4,213.4,0.22235678136348724,0.22309178
2125,212.5,213.5,0.22285613417625427,0.22330305
2126,212.6,213.6,0.22466163337230682,0.22353548
2127,212.7,213.7,0.22369636595249176,0.22379822
2128,212.8,213.8,0.22410643100738525,0.22426257
2129,212.9,213.9,0.22367046773433685,0.22438762
2130,213.0,214.0,0.22517788410186768,0.22439149
2131,213.1,214.1,0.22528688609600067,0.22392114
2132,213.2,214.2,0.22371578216552734,0.2235259
2133,213.3,214.3,0.22175468504428864,0.22270335
2134,213.4,214.4,0.2216942459344864,0.22202797
2135,213.5,214.5,0.22106510400772095,0.2219874
2136,213.6,214.6,0.2219099998474121,0.2228532
2137,213.7,214.7,0.22351284325122833,0.22391932
2138,213.8,214.8,0.22608375549316406,0.22428367
2139,213.9,214.9,0.2270248383283615,0.22413486
2140,214.0,215.0,0.2228868454694748,0.2245965
2141,214.1,215.1,0.2211659848690033,0.22404362
2142,214.2,215.2,0.2258210927248001,0.22351274
2143,214.3,215.3,0.22331930696964264,0.22351062
2144,214.4,215.4,0.22437039017677307,0.22357778
2145,214.5,215.5,0.22287636995315552,0.22483917
2146,214.6,215.6,0.22150175273418427,0.22412364
2147,214.7,215.7,0.23212794959545135,0.22355233
2148,214.8,215.8,0.21974167227745056,0.2233713
2149,214.9,215.9,0.22151386737823486,0.22380283
2150,215.0,216.0,0.22197115421295166,0.22216305
2151,215.1,216.1,0.22365960478782654,0.22294502
2152,215.2,216.2,0.2239290028810501,0.22359878
2153,215.3,216.3,0.2236514389514923,0.2246279
2154,215.4,216.4,0.22478263080120087,0.22526293
2155,215.5,216.5,0.22711673378944397,0.22507107
2156,215.6,216.6,0.22683483362197876,0.22498137
2157,215.7,216.7,0.22296975553035736,0.2243328
2158,215.8,216.8,0.22320283949375153,0.22327226
2159,215.9,216.9,0.22153978049755096,0.22220625
2160,216.0,217.0,0.22181405127048492,0.22171582
2161,216.1,217.1,0.221504807472229,0.22081263
2162,216.2,217.2,0.22051766514778137,0.22108424
2163,216.3,217.3,0.2186868041753769,0.22199151
2164,216.4,217.4,0.22289781272411346,0.22215398
2165,216.5,217.5,0.22635038197040558,0.22303805
2166,216.6,217.6,0.22231721878051758,0.22416408
2167,216.7,217.7,0.22493800520896912,0.2247001
2168,216.8,217.8,0.2243170291185379,0.22504888
2169,216.9,217.9,0.22557777166366577,0.22649369
2170,217.0,218.0,0.22809436917304993,0.22647958
2171,217.1,218.1,0.22954124212265015,0.22625054
2172,217.2,218.2,0.22486740350723267,0.22567025
2173,217.3,218.3,0.2231719195842743,0.22474734
2174,217.4,218.4,0.2226763367652893,0.2237873
2175,217.5,218.5,0.22347977757453918,0.22503008
2176,217.6,218.6,0.22474102675914764,0.22559978
2177,217.7,218.7,0.23108132183551788,0.226056
2178,217.8,218.8,0.22602041065692902,0.22597544
2179,217.9,218.9,0.2249573916196823,0.22576061
2180,218.0,219.0,0.2230769842863083,0.2241198
2181,218.1,219.1,0.22366687655448914,0.22393833
2182,218.2,219.2,0.22287724912166595,0.2233598
2183,218.3,219.3,0.22511309385299683,0.22282812
2184,218.4,219.4,0.22206470370292664,0.22281937
2185,218.5,219.5,0.22041864693164825,0.22168246
2186,218.6,219.6,0.22362320125102997,0.22086012
2187,218.7,219.7,0.2171926200389862,0.2202764
2188,218.8,219.8,0.22100144624710083,0.22037238
2189,218.9,219.9,0.21914610266685486,0.22008543
2190,219.0,220.0,0.22089850902557373,0.22126736
2191,219.1,220.1,0.22218842804431915,0.2214844
2192,219.2,220.2,0.22310224175453186,0.22403933
2193,219.3,220.3,0.22208663821220398,0.22874197
2194,219.4,220.4,0.23192086815834045,0.22977972
2195,219.5,220.5,0.2444116771221161,0.22995558
2196,219.6,220.6,0.22737717628479004,0.23081106
2197,219.7,220.7,0.22398154437541962,0.22872204
2198,219.8,220.8,0.22636394202709198,0.22395271
2199,219.9,220.9,0.22147580981254578,0.2226138
2200,220.0,221.0,0.220565065741539,0.22277993
2201,220.1,221.1,0.22068260610103607,0.22168398
2202,220.2,221.2,0.22481219470500946,0.22318561
2203,220.3,221.3,0.22088418900966644,0.22484398
2204,220.4,221.4,0.22898395359516144,0.22556855
2205,220.5,221.5,0.2288568764925003,0.22585785
2206,220.6,221.6,0.22430545091629028,0.22760871
2207,220.7,221.7,0.226258784532547,0.22791727
2208,220.8,221.8,0.22963847219944,0.22762935
2209,220.9,221.9,0.23052668571472168,0.2282965
2210,221.0,222.0,0.22741732001304626,0.22797556
2211,221.1,222.1,0.2276412397623062,0.22727871
2212,221.2,222.2,0.22465409338474274,0.2254302
2213,221.3,222.3,0.226154163479805,0.23549744
2214,221.4,222.4,0.2212841808795929,0.23960552
2215,221.5,222.5,0.2777535021305084,0.24405938
2216,221.6,222.6,0.24818164110183716,0.24860446
2217,221.7,222.7,0.24692343175411224,0.25425828
2218,221.8,222.8,0.2488795816898346,0.2483843
2219,221.9,222.9,0.24955332279205322,0.24927542
2220,222.0,223.0,0.2483835071325302,0.24899325
2221,222.1,223.1,0.25263717770576477,0.24853185
2222,222.2,223.2,0.24551261961460114,0.2599389
2223,222.3,223.3,0.2465725988149643,0.2552497
2224,222.4,223.4,0.3065885305404663,0.24973924
2225,222.5,223.5,0.2249375581741333,0.24558681
2226,222.6,223.6,0.22508488595485687,0.24302295
2227,222.7,223.7,0.22475045919418335,0.2263019
2228,222.8,223.8,0.2337532788515091,0.22592442
2229,222.9,223.9,0.22298328578472137,0.22552276
2230,223.0,224.0,0.2230500876903534,0.22495343
2231,223.1,224.1,0.22307664155960083,0.22272655
2232,223.2,224.2,0.22190384566783905,0.22275923
2233,223.3,224.3,0.22261883318424225,0.22301905
2234,223.4,224.4,0.22314675152301788,0.22313364
2235,223.5,224.5,0.22434918582439423,0.2233486
2236,223.6,224.6,0.2236495018005371,0.22611794
2237,223.7,224.7,0.22297872602939606,0.22582822
2238,223.8,224.8,0.23646551370620728,0.22575246
2239,223.9,224.9,0.22169819474220276,0.22574364
2240,224.0,225.0,0.22397030889987946,0.22642593
2241,224.1,225.1,0.22360537946224213,0.22405073
2242,224.2,225.2,0.22639019787311554,0.22461164
2243,224.3,225.3,0.2245895117521286,0.22449787
2244,224.4,225.4,0.2245028018951416,0.22407576
2245,224.5,225.5,0.22340138256549835,0.22446121
2246,224.6,225.6,0.22149483859539032,0.22492719
2247,224.7,225.7,0.22831745445728302,0.22498174
2248,224.8,225.8,0.22691944241523743,0.22530718
2249,224.9,225.9,0.22477556765079498,0.22545308
2250,225.0,226.0,0.22502854466438293,0.22416838
2251,225.1,226.1,0.22222435474395752,0.22352342
2252,225.2,226.2,0.22189390659332275,0.22362924
2253,225.3,226.3,0.22369466722011566,0.22395587
2254,225.4,226.4,0.22530466318130493,0.22421849
2255,225.5,226.5,0.22666169703006744,0.22404069
2256,225.6,226.6,0.22353744506835938,0.22332181
2257,225.7,226.7,0.221004918217659,0.22259149
2258,225.8,226.8,0.2201002985239029,0.22155377
2259,225.9,226.9,0.22165311872959137,0.22147855
2260,226.0,227.0,0.2214730679988861,0.22154252
2261,226.1,227.1,0.22316132485866547,0.22187921
2262,226.2,227.2,0.22132477164268494,0.22183935
2263,226.3,227.3,0.22178377211093903,0.22870056
2264,226.4,227.4,0.22145384550094604,0.2285586
2265,226.5,227.5,0.25577911734580994,0.22772533
2266,226.6,227.6,0.22245153784751892,0.22752215
2267,226.7,227.7,0.21715836226940155,0.22761434
2268,226.8,227.8,0.22076793015003204,0.22279996
2269,226.9,227.9,0.22191481292247772,0.22298756
2270,227.0,228.0,0.23170720040798187,0.22399282
2271,227.1,228.1,0.22338952124118805,0.2244069
2272,227.2,228.2,0.2221846878528595,0.2241843
2273,227.3,228.3,0.22283817827701569,0.22229995
2274,227.4,228.4,0.22080183029174805,0.22346
2275,227.5,228.5,0.2222854346036911,0.22309737
2276,227.6,228.6,0.22918984293937683,0.22313614
2277,227.7,228.7,0.2203715294599533,0.22713298
2278,227.8,228.8,0.22303199768066406,0.2266241
2279,227.9,228.9,0.24078601598739624,0.22565272
2280,228.0,229.0,0.2197411209344864,0.2997629
2281,228.1,229.1,0.22433297336101532,0.35506284
2282,228.2,229.2,0.5909222960472107,0.42282498
2283,228.3,229.3,0.4995318055152893,0.50058407
2284,228.4,229.4,0.5795965194702148,0.582672
2285,228.5,229.5,0.6085365414619446,0.59482
2286,228.6,229.6,0.6347728967666626,0.6297324
2287,228.7,229.7,0.6516623497009277,0.6506082
2288,228.8,229.8,0.6740936636924744,0.6665462
2289,228.9,229.9,0.6839751601219177,0.67457134
2290,229.0,230.0,0.6882269978523254,0.61099136
2291,229.1,230.1,0.6748983860015869,0.5206112
2292,229.2,230.2,0.33376258611679077,0.42853862
2293,229.3,230.3,0.22219285368919373,0.335988
2294,229.4,230.4,0.2236122190952301,0.2584641
2295,229.5,230.5,0.22547386586666107,0.24581844
2296,229.6,230.6,0.2872789204120636,0.25669795
2297,229.7,230.7,0.27053433656692505,0.26913977
2298,229.8,230.8,0.27659037709236145,0.28329402
2299,229.9,230.9,0.2858213782310486,0.28472486
2300,230.0,231.0,0.29624512791633606,0.28912926
2301,230.1,231.1,0.294433057308197,0.29201996
2302,230.2,231.2,0.2925563454627991,0.29330188
2303,230.3,231.3,0.2910439372062683,0.29386723
2304,230.4,231.4,0.29223087430000305,0.29207078
2305,230.5,231.5,0.2990720272064209,0.28605798
2306,230.6,231.6,0.28545066714286804,0.2791072
2307,230.7,231.7,0.2624923884868622,0.27136314
2308,230.8,231.8,0.2562901973724365,0.26155752
2309,230.9,231.9,0.25351035594940186,0.25504246
2310,231.0,232.0,0.25004398822784424,0.25098354
2311,231.1,232.1,0.2528753876686096,0.2569817
2312,231.2,232.2,0.24219772219657898,0.26550594
2313,231.3,232.3,0.2862810790538788,0.28025234
2314,231.4,232.4,0.296131432056427,0.28722033
2315,231.5,232.5,0.3237760365009308,0.29602194
2316,231.6,232.6,0.287715345621109,0.2984639
2317,231.7,232.7,0.28620579838752747,0.29946083
2318,231.8,232.8,0.2984910309314728,0.30019158
2319,231.9,232.9,0.3011159300804138,0.30840856
2320,232.0,233.0,0.3274296820163727,0.3135332
2321,232.1,233.1,0.32880035042762756,0.31748006
2322,232.2,233.2,0.3118288815021515,0.3230059
2323,232.3,233.3,0.3182254135608673,0.326411
2324,232.4,233.4,0.32874515652656555,0.3397851
2325,232.5,233.5,0.34445515275001526,0.3560986
2326,232.6,233.6,0.3956708312034607,0.37501124
2327,232.7,233.7,0.39339637756347656,0.39070725
2328,232.8,233.8,0.4127885103225708,0.40762004
2329,232.9,233.9,0.40722528100013733,0.41660997
2330,233.0,234.0,0.4290192127227783,0.42551446
2331,233.1,234.1,0.440620481967926,0.42899188
2332,233.2,234.2,0.4379187822341919,0.4164828
2333,233.3,234.3,0.43017569184303284,0.38272783
2334,233.4,234.4,0.34467989206314087,0.34654498
2335,233.5,234.5,0.26024436950683594,0.31964448
2336,233.6,234.6,0.2597062885761261,0.29016376
2337,233.7,234.7,0.3034161329269409,0.27775657
2338,233.8,234.8,0.2827720046043396,0.28415978
2339,233.9,234.9,0.28264403343200684,0.29341552
2340,234.0,235.0,0.29226046800613403,0.3043006
2341,234.1,235.1,0.30598488450050354,0.32335827
2342,234.2,235.2,0.3578416109085083,0.34543258
2343,234.3,235.3,0.3780602812767029,0.36751536
2344,234.4,235.4,0.3930155336856842,0.3887271
2345,234.5,235.5,0.4026743471622467,0.40664667
2346,234.6,235.6,0.41204363107681274,0.41583145
2347,234.7,235.7,0.4474394619464874,0.42489648
2348,234.8,235.8,0.4239841401576996,0.39901212
2349,234.9,235.9,0.43834051489830017,0.3624748
2350,235.0,236.0,0.273252934217453,0.3185578
2351,235.1,236.1,0.22935700416564941,0.28772533
2352,235.2,236.2,0.22785447537899017,0.25363237
2353,235.3,236.3,0.2698216736316681,0.25404575
2354,235.4,236.4,0.26787567138671875,0.2639103
2355,235.5,236.5,0.275319904088974,0.28056344
2356,235.6,236.6,0.27867987751960754,0.29091686
2357,235.7,236.7,0.31112003326416016,0.29553506
2358,235.8,236.8,0.32158881425857544,0.2990871
2359,235.9,236.9,0.29096660017967224,0.30339164
2360,236.0,237.0,0.2930801808834076,0.3079846
2361,236.1,237.1,0.30020245909690857,0.29559326
2362,236.2,237.2,0.33408477902412415,0.285713
2363,236.3,237.3,0.2596322000026703,0.27441084
2364,236.4,237.4,0.2415653020143509,0.2674533
2365,236.5,237.5,0.23656941950321198,0.2519285
2366,236.6,237.6,0.26541492342948914,0.24817942
2367,236.7,237.7,0.25646063685417175,0.24696836
2368,236.8,237.8,0.24088674783706665,0.2565352
2369,236.9,237.9,0.23551009595394135,0.25718224
2370,237.0,238.0,0.28440359234809875,0.2552529
2371,237.1,238.1,0.2686500549316406,0.2547709
2372,237.2,238.2,0.2468140572309494,0.2555162
2373,237.3,238.3,0.23847666382789612,0.2801265
2374,237.4,238.4,0.23923660814762115,0.28085047
2375,237.5,238.5,0.407455176115036,0.27771017
2376,237.6,238.6,0.27226969599723816,0.27714851
2377,237.7,238.7,0.23111273348331451,0.2739842
2378,237.8,238.8,0.23566840589046478,0.2450619
2379,237.9,238.9,0.2234148383140564,0.23522604
2380,238.0,239.0,0.2628438174724579,0.23409773
2381,238.1,239.1,0.22309033572673798,0.2327894
2382,238.2,239.2,0.22547124326229095,0.2328136
2383,238.3,239.3,0.2291267067193985,0.22521035
2384,238.4,239.4,0.22353579103946686,0.22557975
2385,238.5,239.5,0.22482764720916748,0.22711529
2386,238.6,239.6,0.2249373495578766,0.2297458
2387,238.7,239.7,0.23314891755580902,0.23266657
2388,238.8,239.8,0.2422792762517929,0.23500013
2389,238.9,239.9,0.23813952505588531,0.23664214
2390,239.0,240.0,0.2364955097436905,0.23687908
2391,239.1,240.1,0.23314744234085083,0.2346293
2392,239.2,240.2,0.23433366417884827,0.26133347
2393,239.3,240.3,0.23103031516075134,0.3174457
2394,239.4,240.4,0.371660441160202,0.40022245
2395,239.5,240.5,0.5170565247535706,0.48883337
2396,239.6,240.6,0.6470311880111694,0.5920767
2397,239.7,240.7,0.6773881912231445,0.67920953
2398,239.8,240.8,0.7472469806671143,0.74587816
2399,239.9,240.9,0.8073247075080872,0.78686917
2400,240.0,241.0,0.8503997325897217,0.8252781
2401,240.1,241.1,0.8519861698150635,0.8423943
2402,240.2,241.2,0.8694330453872681,0.8211927
2403,240.3,241.3,0.8328279852867126,0.73274904
2404,240.4,241.4,0.7013166546821594,0.6640606
2405,240.5,241.5,0.4081813395023346,0.59907144
2406,240.6,241.6,0.5085440278053284,0.5016474
2407,240.7,241.7,0.5444872975349426,0.42818066
2408,240.8,241.8,0.34570786356925964,0.41462836
2409,240.9,241.9,0.33398279547691345,0.38556075
2410,241.0,242.0,0.3404196500778198,0.36572173
2411,241.1,242.1,0.3632059693336487,0.3647029
2412,241.2,242.2,0.44529229402542114,0.3663398
2413,241.3,242.3,0.3406139016151428,0.34331015
2414,241.4,242.4,0.3421671390533447,0.31548685
2415,241.5,242.5,0.22527143359184265,0.27061728
2416,241.6,242.6,0.22408947348594666,0.24621674
2417,241.7,242.7,0.2209443897008896,0.22169021
2418,241.8,242.8,0.21861118078231812,0.22107327
2419,241.9,242.9,0.2195345163345337,0.22069126
2420,242.0,243.0,0.22218672931194305,0.2212022
2421,242.1,243.1,0.22217939794063568,0.2219486
2422,242.2,243.2,0.2234991043806076,0.22297536
2423,242.3,243.3,0.22234322130680084,0.22423698
2424,242.4,243.4,0.22466839849948883,0.22630543
2425,242.5,243.5,0.2284947633743286,0.2288133
2426,242.6,243.6,0.23252157866954803,0.2294992
2427,242.7,243.7,0.23603853583335876,0.22926901
2428,242.8,243.8,0.2257726788520813,0.22896464
2429,242.9,243.9,0.22351747751235962,0.22749503
2430,243.0,244.0,0.22697292268276215,0.22542039
2431,243.1,244.1,0.22517351806163788,0.2251896
2432,243.2,244.2,0.22566525638103485,0.22547537
2433,243.3,244.3,0.22461877763271332,0.2249187
2434,243.4,244.4,0.22494632005691528,0.22485358
2435,243.5,244.5,0.2241896241903305,0.22453484
2436,243.6,244.6,0.2248479127883911,0.22405186
2437,243.7,244.7,0.22407154738903046,0.22363827
2438,243.8,244.8,0.22220385074615479,0.22756755
2439,243.9,244.9,0.22287830710411072,0.22953176
2440,244.0,245.0,0.24383608996868134,0.23174146
2441,244.1,245.1,0.23466898500919342,0.23428622
2442,244.2,245.2,0.23511996865272522,0.23724094
2443,244.3,245.3,0.23492766916751862,0.23569132
2444,244.4,245.4,0.2376520037651062,0.23677102
2445,244.5,245.5,0.23608805239200592,0.23711605
2446,244.6,245.6,0.24006737768650055,0.23659888
2447,244.7,245.7,0.23684518039226532,0.25600782
2448,244.8,245.8,0.23234178125858307,0.25330636
2449,244.9,245.9,0.3346967399120331,0.25002855
2450,245.0,246.0,0.22258074581623077,0.24758603
2451,245.1,246.1,0.223678320646286,0.24523687
2452,245.2,246.2,0.22463254630565643,0.22232325
2453,245.3,246.3,0.22059598565101624,0.22202581
2454,245.4,246.4,0.22012867033481598,0.22178906
2455,245.5,246.5,0.22109352052211761,0.22146039
2456,245.6,246.6,0.22249458730220795,0.22177428
2457,245.7,246.7,0.22298915684223175,0.22255416
2458,245.8,246.8,0.22216540575027466,0.22299136
2459,245.9,246.9,0.22402805089950562,0.22312897
2460,246.0,247.0,0.22327958047389984,0.22336987
2461,246.1,247.1,0.22318261861801147,0.22425042
2462,246.2,247.2,0.22419363260269165,0.22433862
2463,246.3,247.3,0.22656822204589844,0.22416738
2464,246.4,247.4,0.2244691103696823,0.22412844
2465,246.5,247.5,0.22242321074008942,0.22379112
2466,246.6,247.6,0.22298802435398102,0.22268097
2467,246.7,247.7,0.22250695526599884,0.22219294
2468,246.8,247.8,0.2210175096988678,0.22215706
2469,246.9,247.9,0.22202901542186737,0.22199875
2470,247.0,248.0,0.22224384546279907,0.22201401
2471,247.1,248.1,0.22219641506671906,0.22221906
2472,247.2,248.2,0.22258321940898895,0.22266243
2473,247.3,248.3,0.22204288840293884,0.22271915
2474,247.4,248.4,0.22424577176570892,0.2226513
2475,247.5,248.5,0.2225274294614792,0.22299534
2476,247.6,248.6,0.22185716032981873,0.22323388
2477,247.7,248.7,0.2243034392595291,0.22231777
2478,247.8,248.8,0.22323556244373322,0.22161452
2479,247.9,248.9,0.2196652591228485,0.22167666
2480,248.0,249.0,0.21901120245456696,0.22082432
2481,248.1,249.1,0.22216778993606567,0.2203624
2482,248.2,249.2,0.22004172205924988,0.22067013
2483,248.3,249.3,0.220925971865654,0.22085388
2484,248.4,249.4,0.2212039679288864,0.22032785
2485,248.5,249.5,0.21992985904216766,0.22060236
2486,248.6,249.6,0.2195376604795456,0.22196315
2487,248.7,249.7,0.22141426801681519,0.31145275
2488,248.8,249.8,0.22772997617721558,0.4450623
2489,248.9,249.9,0.6686519384384155,0.5812289
2490,249.0,250.0,0.8879776000976562,0.7186644
2491,249.1,250.1,0.9003707766532898,0.86326736
2492,249.2,250.2,0.9085915684700012,0.92184925
2493,249.3,250.3,0.9507449269294739,0.9374896
2494,249.4,250.4,0.9615612030029297,0.95127
2495,249.5,250.5,0.966179609298706,0.9639731
2496,249.6,250.6,0.9692726731300354,0.96842426
2497,249.7,250.7,0.9721068143844604,0.9672442
2498,249.8,250.8,0.9730011820793152,0.9620187
2499,249.9,250.9,0.9556609392166138,0.93381697
2500,250.0,251.0,0.9400519132614136,0.7917853
2501,250.1,251.1,0.8282636404037476,0.6424657
2502,250.2,251.2,0.2619486153125763,0.49580547
2503,250.3,251.3,0.22640317678451538,0.35221946
2504,250.4,251.4,0.22236007452011108,0.23234758
2505,250.5,251.5,0.2221217006444931,0.22897287
2506,250.6,251.6,0.22890427708625793,0.2323626
2507,250.7,251.7,0.24507509171962738,0.2360448
2508,250.8,251.8,0.2433518022298813,0.31436804
2509,250.9,251.9,0.2407710701227188,0.40221784
2510,251.0,252.0,0.613737940788269,0.51282734
2511,251.1,252.1,0.6681531667709351,0.63883734
2512,251.2,252.2,0.7981225252151489,0.7696568
2513,251.3,252.3,0.8734021186828613,0.8289595
2514,251.4,252.4,0.8948680758476257,0.88186705
2515,251.5,252.5,0.9102517366409302,0.9084855
2516,251.6,252.6,0.9326909184455872,0.921025
2517,251.7,252.7,0.9312143325805664,0.9282089
2518,251.8,252.8,0.9360998868942261,0.9141115
2519,251.9,252.9,0.9307875037193298,0.7793064
2520,252.0,253.0,0.8397647142410278,0.637277
2521,252.1,253.1,0.2586652338504791,0.4943312
2522,252.2,253.2,0.22106751799583435,0.35247263
2523,252.3,253.3,0.22137100994586945,0.22870992
2524,252.4,253.4,0.22149454057216644,0.22128612
2525,252.5,253.5,0.22095119953155518,0.22141202
2526,252.6,253.6,0.22154632210731506,0.22186434
2527,252.7,253.7,0.22169698774814606,0.22220913
2528,252.8,253.8,0.22363263368606567,0.22231816
2529,252.9,253.9,0.22321853041648865,0.223382
2530,253.0,254.0,0.22149629890918732,0.22397189
2531,253.1,254.1,0.22686545550823212,0.22404996
2532,253.2,254.2,0.2246464490890503,0.22383827
2533,253.3,254.3,0.2240229845046997,0.2240617
2534,253.4,254.4,0.22216004133224487,0.22323029
2535,253.5,254.5,0.22261349856853485,0.22282599
2536,253.6,254.6,0.22270841896533966,0.22233196
2537,253.7,254.7,0.22262495756149292,0.22205378
2538,253.8,254.8,0.22155281901359558,0.22186327
2539,253.9,254.9,0.22076916694641113,0.22178015
2540,254.0,255.0,0.22166097164154053,0.22168675
2541,254.1,255.1,0.22229287028312683,0.22185567
2542,254.2,255.2,0.22215783596038818,0.2222324
2543,254.3,255.3,0.22239743173122406,0.22206494
2544,254.4,255.4,0.22265280783176422,0.2220881
2545,254.5,255.5,0.220823734998703,0.22194293
2546,254.6,255.6,0.22240862250328064,0.2218883
2547,254.7,255.7,0.22143207490444183,0.22159183
2548,254.8,255.8,0.22212421894073486,0.22196512
2549,254.9,255.9,0.22117047011852264,0.22202092
2550,255.0,256.0,0.22269019484519958,0.22230655
2551,255.1,256.1,0.22268761694431305,0.22220413
2552,255.2,256.2,0.222860187292099,0.22262208
2553,255.3,256.3,0.22161215543746948,0.22243851
2554,255.4,256.4,0.22326020896434784,0.22222893
2555,255.5,256.5,0.22177229821681976,0.2221348
2556,255.6,256.6,0.22163978219032288,0.22228782
2557,255.7,256.7,0.22238950431346893,0.22226372
2558,255.8,256.8,0.22237727046012878,0.22215906
2559,255.9,256.9,0.22313974797725677,0.22214551
2560,256.0,257.0,0.22124901413917542,0.22210406
2561,256.1,257.1,0.22157196700572968,0.22197936
2562,256.2,257.2,0.2221822589635849,0.22178912
2563,256.3,257.3,0.2217538058757782,0.22185668
2564,256.4,257.4,0.2221885323524475,0.22215357
2565,256.5,257.5,0.22158685326576233,0.22192645
2566,256.6,257.6,0.22305640578269958,0.22191174
2567,256.7,257.7,0.22104662656784058,0.22205424
2568,256.8,257.8,0.22168022394180298,0.22242627
2569,256.9,257.9,0.22290106117725372,0.22255945
2570,257.0,258.0,0.22344696521759033,0.22334859
2571,257.1,258.1,0.22372233867645264,0.22369695
2572,257.2,258.2,0.22499236464500427,0.22364758
2573,257.3,258.3,0.2234220653772354,0.2234113
2574,257.4,258.4,0.22265410423278809,0.22335872
2575,257.5,258.5,0.22226564586162567,0.22350337
2576,257.6,258.6,0.2234594076871872,0.22334448
2577,257.7,258.7,0.22571556270122528,0.2231784
2578,257.8,258.8,0.22262755036354065,0.2229779
2579,257.9,258.9,0.2218237966299057,0.22255585
2580,258.0,259.0,0.22126318514347076,0.22214425
2581,258.1,259.1,0.22134914994239807,0.22229812
2582,258.2,259.2,0.22365756332874298,0.22305784
2583,258.3,259.3,0.22339683771133423,0.22325411
2584,258.4,259.4,0.22562241554260254,0.22386333
2585,258.5,259.5,0.22224459052085876,0.2238102
2586,258.6,259.6,0.2243952453136444,0.22377992
2587,258.7,259.7,0.2233918458223343,0.22384164
2588,258.8,259.8,0.22324548661708832,0.22456065
2589,258.9,259.9,0.22593101859092712,0.22711097
2590,259.0,260.0,0.22583959996700287,0.22798002
2591,259.1,260.1,0.23714685440063477,0.22847933
2592,259.2,260.2,0.22773709893226624,0.22833204
2593,259.3,260.3,0.22574202716350555,0.22925924
2594,259.4,260.4,0.22519460320472717,0.22750849
2595,259.5,260.5,0.2304755598306656,0.22665665
2596,259.6,260.6,0.2283930480480194,0.22596829
2597,259.7,260.7,0.22347794473171234,0.22517662
2598,259.8,260.8,0.22230026125907898,0.22316396
2599,259.9,260.9,0.2212362140417099,0.22159323
2600,260.0,261.0,0.22041231393814087,0.22119091
2601,260.1,261.1,0.220539391040802,0.22111139
2602,260.2,261.2,0.2214663177728653,0.22123642
2603,260.3,261.3,0.22190268337726593,0.2216976
2604,260.4,261.4,0.2218613475561142,0.22232646
2605,260.5,261.5,0.22271816432476044,0.22253618
2606,260.6,261.6,0.22368374466896057,0.22253616
2607,260.7,261.7,0.22251483798027039,0.22259808
2608,260.8,261.8,0.22190263867378235,0.22270852
2609,260.9,261.9,0.22217097878456116,0.22251074
2610,261.0,262.0,0.22327032685279846,0.22323763
2611,261.1,262.1,0.22269484400749207,0.2239922
2612,261.2,262.2,0.22614933550357819,0.22425601
2613,261.3,262.3,0.22567543387413025,0.2240865
2614,261.4,262.4,0.22349011898040771,0.22359224
2615,261.5,262.5,0.22242264449596405,0.22243826
2616,261.6,262.6,0.22022368013858795,0.22162572
2617,261.7,262.7,0.22037942707538605,0.22092944
2618,261.8,262.8,0.22161267697811127,0.22047035
2619,261.9,262.9,0.2200087457895279,0.22124715
2620,262.0,263.0,0.2201271653175354,0.22138064
2621,262.1,263.1,0.22410762310028076,0.22141074
2622,262.2,263.2,0.22104696929454803,0.22229029
2623,262.3,263.3,0.22176314890384674,0.22274914
2624,262.4,263.4,0.22440648078918457,0.22249912
2625,262.5,263.5,0.22242143750190735,0.22305527
2626,262.6,263.6,0.2228575050830841,0.22335869
2627,262.7,263.7,0.2238277643918991,0.2228904
2628,262.8,263.8,0.2232801467180252,0.22289176
2629,262.9,263.9,0.22206516563892365,0.22316971
2630,263.0,264.0,0.22242823243141174,0.24211118
2631,263.1,264.1,0.2242473065853119,0.2596943
2632,263.2,264.2,0.3185350000858307,0.2797529
2633,263.3,264.3,0.31119590997695923,0.30085993
2634,263.4,264.4,0.322358101606369,0.32186523
2635,263.5,264.5,0.3279631435871124,0.324131
2636,263.6,264.6,0.32927405834198,0.32647818
2637,263.7,264.7,0.32986387610435486,0.32730752
2638,263.8,264.8,0.3229316771030426,0.326771
2639,263.9,264.9,0.3265048563480377,0.3258929
2640,264.0,265.0,0.3252803683280945,0.30610424
2641,264.1,265.1,0.3248836100101471,0.28610274
2642,264.2,265.2,0.23092064261436462,0.26562643
2643,264.3,265.3,0.22292421758174896,0.24577418
2644,264.4,265.4,0.22412335872650146,0.2250739
2645,264.5,265.5,0.2260189801454544,0.22451296
2646,264.6,265.6,0.22138218581676483,0.22424708
2647,264.7,265.7,0.22811605036258698,0.22567335
2648,264.8,265.8,0.22159476578235626,0.22544903
2649,264.9,265.9,0.2312546968460083,0.22589356
2650,265.0,266.0,0.22489741444587708,0.22471847
2651,265.1,266.1,0.22360484302043915,0.22457743
2652,265.2,266.2,0.2222405970096588,0.22246516
2653,265.3,266.3,0.22088953852653503,0.22165783
2654,265.4,266.4,0.220693439245224,0.22159249
2655,265.5,266.5,0.22086076438426971,0.22179985
2656,265.6,266.6,0.22327809035778046,0.23492394
2657,265.7,266.7,0.22327739000320435,0.2430115
2658,265.8,266.8,0.28651005029678345,0.24602143
2659,265.9,266.9,0.2611311078071594,0.24882782
2660,266.0,267.0,0.23591050505638123,0.25316823
2661,266.1,267.1,0.237309992313385,0.24372816
2662,266.2,267.2,0.24497945606708527,0.23938707
2663,266.3,267.3,0.239309623837471,0.23933005
2664,266.4,267.4,0.23942574858665466,0.23922487
2665,266.5,267.5,0.23562543094158173,0.24106821
2666,266.6,267.6,0.23678407073020935,0.24156873
2667,266.7,267.7,0.2541962265968323,0.23717855
2668,266.8,267.8,0.24181213974952698,0.23365569
2669,266.9,267.9,0.2174748331308365,0.23005193
2670,267.0,268.0,0.21801115572452545,0.22328515
2671,267.1,268.1,0.2187652885913849,0.21910942
2672,267.2,268.2,0.22036229074001312,0.22005647
2673,267.3,268.3,0.2209334373474121,0.22109735
2674,267.4,268.4,0.22221016883850098,0.22228688
2675,267.5,268.5,0.2232154756784439,0.22305039
2676,267.6,268.6,0.22471295297145844,0.22393957
2677,267.7,268.7,0.22417990863323212,0.22348762
2678,267.8,268.8,0.2253793478012085,0.22354329
2679,267.9,268.9,0.21995040774345398,0.22261941
2680,268.0,269.0,0.22349384427070618,0.22207609
2681,268.1,269.1,0.22009359300136566,0.22144243
2682,268.2,269.2,0.22146321833133698,0.22177877
2683,268.3,269.3,0.2222110778093338,0.22120115
2684,268.4,269.4,0.22163206338882446,0.22127104
2685,268.5,269.5,0.2206057906150818,0.22099379
2686,268.6,269.6,0.2204430103302002,0.22049376
2687,268.7,269.7,0.22007699310779572,0.21977313
2688,268.8,269.8,0.21971094608306885,0.22014101
2689,268.9,269.9,0.2180289477109909,0.21925524
2690,269.0,270.0,0.22244514524936676,0.21896377
2691,269.1,270.1,0.21601416170597076,0.21848086
2692,269.2,270.2,0.21861959993839264,0.21846943
2693,269.3,270.3,0.21729643642902374,0.21764258
2694,269.4,270.4,0.21797174215316772,0.21868253
2695,269.5,270.5,0.21831083297729492,0.21915746
2696,269.6,270.6,0.22121402621269226,0.22072855
2697,269.7,270.7,0.22099421918392181,0.22303809
2698,269.8,270.8,0.225151926279068,0.22411606
2699,269.9,270.9,0.22951945662498474,0.22419663
2700,270.0,271.0,0.2237005978822708,0.22475348
2701,270.1,271.1,0.2216169238090515,0.22500162
2702,270.2,271.2,0.22377847135066986,0.22348349
2703,270.3,271.3,0.22639259696006775,0.22296467
2704,270.4,271.4,0.22192882001399994,0.22267346
2705,270.5,271.5,0.22110657393932343,0.22156677
2706,270.6,271.6,0.2201608568429947,0.22000307
2707,270.7,271.7,0.21824504435062408,0.22010444
2708,270.8,271.8,0.21857395768165588,0.22031942
2709,270.9,271.9,0.2224358320236206,0.22034924
2710,271.0,272.0,0.22218148410320282,0.22015165
2711,271.1,272.1,0.22030983865261078,0.2201678
2712,271.2,272.2,0.21725714206695557,0.22027001
2713,271.3,272.3,0.21865466237068176,0.22029951
2714,271.4,272.4,0.2229468822479248,0.22225969
2715,271.5,272.5,0.2223290055990219,0.22303817
2716,271.6,272.6,0.23011066019535065,0.22289883
2717,271.7,272.7,0.2211495041847229,0.22228892
2718,271.8,272.8,0.2179580181837082,0.22094423
2719,271.9,272.9,0.21989741921424866,0.22077656
2720,272.0,273.0,0.21560555696487427,0.22051658
2721,272.1,273.1,0.22927220165729523,0.22076683
2722,272.2,273.2,0.21984969079494476,0.22133031
2723,272.3,273.3,0.2192092090845108,0.22249387
2724,272.4,273.4,0.22271494567394257,0.22103864
2725,272.5,273.5,0.22142325341701508,0.22297052
2726,272.6,273.6,0.22199606895446777,0.22337274
2727,272.7,273.7,0.22950902581214905,0.22304174
2728,272.8,273.8,0.22122038900852203,0.2233772
2729,272.9,273.9,0.2210598886013031,0.22438899
2730,273.0,274.0,0.22310055792331696,0.22309588
2731,273.1,274.1,0.22705504298210144,0.22251332
2732,273.2,274.2,0.2230435609817505,0.22183822
2733,273.3,274.3,0.21830753982067108,0.22061478
2734,273.4,274.4,0.21768444776535034,0.21923871
2735,273.5,274.5,0.21698330342769623,0.21882917
2736,273.6,274.6,0.22017472982406616,0.21989234
2737,273.7,274.7,0.22099582850933075,0.22021262
2738,273.8,274.8,0.2236233353614807,0.22118577
2739,273.9,274.9,0.21928583085536957,0.22148086
2740,274.0,275.0,0.22184908390045166,0.22335541
2741,274.1,275.1,0.22165024280548096,0.22471803
2742,274.2,275.2,0.23036861419677734,0.22681543
2743,274.3,275.3,0.23043639957904816,0.22762541
2744,274.4,275.4,0.22977280616760254,0.22821869
2745,274.5,275.5,0.22589896619319916,0.2267794
2746,274.6,275.6,0.2246166616678238,0.22578977
2747,274.7,275.7,0.2231721132993698,0.22443748
2748,274.8,275.8,0.2254883199930191,0.22464326
2749,274.9,275.9,0.22301125526428223,0.22612062
2750,275.0,276.0,0.2269280105829239,0.22846432
2751,275.1,276.1,0.2320033758878708,0.22854362
2752,275.2,276.2,0.23489059507846832,0.22940828
2753,275.3,276.3,0.22588485479354858,0.23154977
2754,275.4,276.4,0.22733455896377563,0.23039335
2755,275.5,276.5,0.23763544857501984,0.22885796
2756,275.6,276.6,0.2262212634086609,0.23287034
2757,275.7,276.7,0.22721362113952637,0.23333098
2758,275.8,276.8,0.24594680964946747,0.23068342
2759,275.9,276.9,0.2296377569437027,0.22965798
2760,276.0,277.0,0.22439759969711304,0.2286774
2761,276.1,277.1,0.221094012260437,0.22358057
2762,276.2,277.2,0.22231078147888184,0.22881973
2763,276.3,277.3,0.2204626351594925,0.22839352
2764,276.4,277.4,0.25583359599113464,0.2282792
2765,276.5,277.5,0.22226662933826447,0.22780506
2766,276.6,277.6,0.22052240371704102,0.22808793
2767,276.7,277.7,0.21994002163410187,0.2210103
2768,276.8,277.8,0.22187691926956177,0.22119781
2769,276.9,277.9,0.22044546902179718,0.22158985
2770,277.0,278.0,0.22320422530174255,0.22275609
2771,277.1,278.1,0.2224826216697693,0.22315072
2772,277.2,278.2,0.22577112913131714,0.22401555
2773,277.3,278.3,0.2238501012325287,0.22423157
2774,277.4,278.4,0.22476962208747864,0.2242584
2775,277.5,278.5,0.22428441047668457,0.22322431
2776,277.6,278.6,0.22261659801006317,0.22244136
2777,277.7,278.7,0.22060078382492065,0.22141914
2778,277.8,278.8,0.21993540227413177,0.22092468
2779,277.9,278.9,0.21965844929218292,0.22047573
2780,278.0,279.0,0.22181212902069092,0.22057363
2781,278.1,279.1,0.22037187218666077,0.22034457
2782,278.2,279.2,0.22109027206897736,0.22060679
2783,278.3,279.3,0.2187901884317398,0.22049987
2784,278.4,279.4,0.2209695428609848,0.22020392
2785,278.5,279.5,0.22127749025821686,0.22067407
2786,278.6,279.6,0.21889208257198334,0.22103916
2787,278.7,279.7,0.22344104945659637,0.22122586
2788,278.8,279.8,0.22061561048030853,0.22080512
2789,278.9,279.9,0.22190304100513458,0.22098567
2790,279.0,280.0,0.21917378902435303,0.22036842
2791,279.1,280.1,0.21979482471942902,0.21948169
2792,279.2,280.2,0.22035479545593262,0.21867526
2793,279.3,280.3,0.21618200838565826,0.21912663
2794,279.4,280.4,0.21787086129188538,0.21932283
2795,279.5,280.5,0.22143062949180603,0.21942474
2796,279.6,280.6,0.2207757979631424,0.22012933
2797,279.7,280.7,0.22086435556411743,0.23153387
2798,279.8,280.8,0.21970497071743011,0.23985533
2799,279.9,280.9,0.274893581867218,0.24920318
2800,280.0,281.0,0.2630379796028137,0.26028168
2801,280.1,281.1,0.2675149738788605,0.27235016
2802,280.2,281.2,0.276256799697876,0.2721377
2803,280.3,281.3,0.28004756569862366,0.27310038
2804,280.4,281.4,0.27383115887641907,0.27264398
2805,280.5,281.5,0.26785141229629517,0.27018833
2806,280.6,281.6,0.26523298025131226,0.2822864
2807,280.7,281.7,0.2639784812927246,0.2720478
2808,280.8,281.8,0.34053799510002136,0.26335377
2809,280.9,281.9,0.2226381152868271,0.25506312
2810,281.0,282.0,0.2243811935186386,0.24681357
2811,281.1,282.1,0.22377990186214447,0.22272429
2812,281.2,282.2,0.22273051738739014,0.22247708
2813,281.3,282.3,0.22009159624576569,0.22163232
2814,281.4,282.4,0.22140219807624817,0.22130719
2815,281.5,282.5,0.22015732526779175,0.22113152
2816,281.6,282.6,0.22215427458286285,0.2215752
2817,281.7,282.7,0.22185221314430237,0.2216215
2818,281.8,282.8,0.22230996191501617,0.22178859
2819,281.9,282.9,0.2216337025165558,0.22133765
2820,282.0,283.0,0.220992773771286,0.22380051
2821,282.1,283.1,0.21989953517913818,0.22455862
2822,282.2,283.2,0.23416654765605927,0.22483565
2823,282.3,283.3,0.22610051929950714,0.22490564
2824,282.4,283.4,0.2230188101530075,0.2252283
2825,282.5,283.5,0.22134274244308472,0.23732427
2826,282.6,283.6,0.22151285409927368,0.25099954
2827,282.7,283.7,0.29464638233184814,0.26662725
2828,282.8,283.8,0.2944768965244293,0.2874298
2829,282.9,283.9,0.3011573255062103,0.30849972
2830,283.0,284.0,0.3253556489944458,0.31555897
2831,283.1,284.1,0.3268623352050781,0.32308912
2832,283.2,284.2,0.32994261384010315,0.32975784
2833,283.3,284.3,0.3321276605129242,0.3310431
2834,283.4,284.4,0.3345007598400116,0.3404415
2835,283.5,284.5,0.3317820429801941,0.33980012
2836,283.6,284.6,0.3738543391227722,0.31930304
2837,283.7,284.7,0.32673564553260803,0.29674459
2838,283.8,284.8,0.22964242100715637,0.27587712
2839,283.9,284.9,0.22170844674110413,0.2459676
2840,284.0,285.0,0.22744478285312653,0.22572507
2841,284.1,285.1,0.22430674731731415,0.22495961
2842,284.2,285.2,0.2255229651927948,0.2251274
2843,284.3,285.3,0.22581511735916138,0.22403921
2844,284.4,285.4,0.22254742681980133,0.22354294
2845,284.5,285.5,0.22200381755828857,0.2227559
2846,284.6,285.6,0.22182537615299225,0.22229232
2847,284.7,285.7,0.22158771753311157,0.22219118
2848,284.8,285.8,0.22349724173545837,0.22316591
2849,284.9,285.9,0.2220417857170105,0.22326076
2850,285.0,286.0,0.22687742114067078,0.22345902
2851,285.1,286.1,0.22229963541030884,0.2231048
2852,285.2,286.2,0.22257903218269348,0.22329125
2853,285.3,286.3,0.22172614932060242,0.22211462
2854,285.4,286.4,0.22297394275665283,0.22195843
2855,285.5,286.5,0.22099430859088898,0.22188382
2856,285.6,286.6,0.22151868045330048,0.22178079
2857,285.7,286.7,0.22220590710639954,0.22151352
2858,285.8,286.8,0.22121115028858185,0.22171539
2859,285.9,286.9,0.2216375321149826,0.22187671
2860,286.0,287.0,0.22200359404087067,0.22191544
2861,286.1,287.1,0.22232533991336823,0.22318515
2862,286.2,287.2,0.22239959239959717,0.22418961
2863,286.3,287.3,0.22755968570709229,0.2267732
2864,286.4,287.4,0.22665977478027344,0.22831169
2865,286.5,287.5,0.23492157459259033,0.23006685
2866,286.6,287.6,0.23001785576343536,0.23077454
2867,286.7,287.7,0.23117533326148987,0.23180416
2868,286.8,287.8,0.23109807074069977,0.2309946
2869,286.9,287.9,0.23180793225765228,0.23144262
2870,287.0,288.0,0.23087374866008759,0.2309407
2871,287.1,288.1,0.23225800693035126,0.23057187
2872,287.2,288.2,0.22866575419902802,0.23869574
2873,287.3,288.3,0.2292538434267044,0.23707138
2874,287.4,288.4,0.2724273204803467,0.23488091
2875,287.5,288.5,0.2227519452571869,0.23370335
2876,287.6,288.6,0.22130562365055084,0.23228998
2877,287.7,288.7,0.22277797758579254,0.22217058
2878,287.8,288.8,0.22218695282936096,0.22213598
2879,287.9,288.9,0.22183029353618622,0.22246541
2880,288.0,289.0,0.22257903218269348,0.22242513
2881,288.1,289.1,0.22295281291007996,0.22270021
2882,288.2,289.2,0.2225765436887741,0.22228059
2883,288.3,289.3,0.2235623449087143,0.22259215
2884,288.4,289.4,0.21973225474357605,0.22185919
2885,288.5,289.5,0.22413673996925354,0.22162743
2886,288.6,289.6,0.21928797662258148,0.22118984
2887,288.7,289.7,0.22141776978969574,0.22103822
2888,288.8,289.8,0.22137445211410522,0.2204738
2889,288.9,289.9,0.21897414326667786,0.22140512
2890,289.0,290.0,0.22131462395191193,0.22271892
2891,289.1,290.1,0.2239445149898529,0.22351277
2892,289.2,290.2,0.22798684239387512,0.2240559
2893,289.3,290.3,0.22534368932247162,0.22462094
2894,289.4,290.4,0.22168980538845062,0.22444636
2895,289.5,290.5,0.22413986921310425,0.22363305
2896,289.6,290.6,0.22307156026363373,0.22309892
2897,289.7,290.7,0.2239203155040741,0.2233244
2898,289.8,290.8,0.2226729840040207,0.22341153
2899,289.9,290.9,0.2228173017501831,0.22334576
2900,290.0,291.0,0.2245754599571228,0.22346151
2901,290.1,291.1,0.22274267673492432,0.22379728
2902,290.2,291.2,0.22449912130832672,0.22377273
2903,290.3,291.3,0.22435179352760315,0.22381388
2904,290.4,291.4,0.22269456088542938,0.22435251
2905,290.5,291.5,0.22478120028972626,0.2244185
2906,290.6,291.6,0.22543586790561676,0.22462836
2907,290.7,291.7,0.2248290777206421,0.22501239
2908,290.8,291.8,0.22540105879306793,0.22480197
2909,290.9,291.9,0.22461476922035217,0.22481057
2910,291.0,292.0,0.22372908890247345,0.22488284
2911,291.1,292.1,0.2254788726568222,0.22508147
2912,291.2,292.2,0.2251904159784317,0.22491828
2913,291.3,292.3,0.2263941913843155,0.22538264
2914,291.4,292.4,0.22379876673221588,0.26758945
2915,291.5,292.5,0.2260509729385376,0.30781615
2916,291.6,292.6,0.43651285767555237,0.3717834
2917,291.7,292.7,0.4263238310813904,0.44803035
2918,291.8,292.8,0.5462304949760437,0.5332701
2919,291.9,292.9,0.6050336956977844,0.58331215
2920,292.0,293.0,0.6522495746612549,0.6416035
2921,292.1,293.1,0.686722993850708,0.6816067
2922,292.2,293.2,0.7177808880805969,0.7126025
2923,292.3,293.3,0.7462462782859802,0.7155009
2924,292.4,293.4,0.760012686252594,0.6697136
2925,292.5,293.5,0.6667413115501404,0.5714706
2926,292.6,293.6,0.45778703689575195,0.4682164
2927,292.7,293.7,0.2265658974647522,0.36114293
2928,292.8,293.8,0.22997497022151947,0.27332327
2929,292.9,293.9,0.2246454656124115,0.22688729
2930,293.0,294.0,0.2276429533958435,0.22676852
2931,293.1,294.1,0.22560717165470123,0.225811
2932,293.2,294.2,0.2259720414876938,0.22562228
2933,293.3,294.3,0.22518740594387054,0.2247309
2934,293.4,294.4,0.22370180487632751,0.22415653
2935,293.5,294.5,0.22318600118160248,0.22306865
2936,293.6,294.6,0.22273534536361694,0.2225568
2937,293.7,294.7,0.22053271532058716,0.22223121
2938,293.8,294.8,0.22262811660766602,0.22189614
2939,293.9,294.9,0.22207383811473846,0.2214663
2940,294.0,295.0,0.22151070833206177,0.22192535
2941,294.1,295.1,0.22058609127998352,0.2220238
2942,294.2,295.2,0.22282791137695312,0.22222652
2943,294.3,295.3,0.22312039136886597,0.22293954
2944,294.4,295.4,0.22308745980262756,0.22367668
2945,294.5,295.5,0.2250758409500122,0.22391544
2946,294.6,295.6,0.2242717444896698,0.2243007
2947,294.7,295.7,0.22402171790599823,0.22468436
2948,294.8,295.8,0.22504672408103943,0.2245926
2949,294.9,295.9,0.22500570118427277,0.22430272
2950,295.0,296.0,0.224617138504982,0.22364563
2951,295.1,296.1,0.222822368144989,0.22320314
2952,295.2,296.2,0.22073622047901154,0.22214313
2953,295.3,296.3,0.2228342890739441,0.22088084
2954,295.4,296.4,0.21970564126968384,0.22043648
2955,295.5,296.5,0.21830563247203827,0.22065127
2956,295.6,296.6,0.22060059010982513,0.22064003
2957,295.7,296.7,0.22181017696857452,0.22177279
2958,295.8,296.8,0.2227780818939209,0.22259703
2959,295.9,296.9,0.2253694236278534,0.22504845
2960,296.0,297.0,0.2224268615245819,0.2257185
2961,296.1,297.1,0.23285764455795288,0.22724938
2962,296.2,297.2,0.22516044974327087,0.22770767
2963,296.3,297.3,0.23043258488178253,0.22768778
2964,296.4,297.4,0.22766077518463135,0.22586837
2965,296.5,297.5,0.22232744097709656,0.22550735
2966,296.6,297.6,0.22376060485839844,0.22439373
2967,296.7,297.7,0.2233552485704422,0.22451825
2968,296.8,297.8,0.22486446797847748,0.2259185
2969,296.9,297.9,0.22828345000743866,0.22644846
2970,297.0,298.0,0.2293286919593811,0.22672068
2971,297.1,298.1,0.2264103889465332,0.22677925
2972,297.2,298.2,0.22471638023853302,0.22651291
2973,297.3,298.3,0.22515735030174255,0.22566609
2974,297.4,298.4,0.22695164382457733,0.2250771
2975,297.5,298.5,0.22509460151195526,0.22481951
2976,297.6,298.6,0.22346551716327667,0.22429606
2977,297.7,298.7,0.223428413271904,0.22368148
2978,297.8,298.8,0.22254008054733276,0.22340691
2979,297.9,298.9,0.22387880086898804,0.22333895
2980,298.0,299.0,0.22372174263000488,0.22335353
2981,298.1,299.1,0.22312574088573456,0.2233665
2982,298.2,299.2,0.2235012650489807,0.22342587
2983,298.3,299.3,0.222604900598526,0.22355604
2984,298.4,299.4,0.2241756021976471,0.22454418
2985,298.5,299.5,0.2243727594614029,0.22482717
2986,298.6,299.6,0.22806638479232788,0.22489378
2987,298.7,299.7,0.22491614520549774,0.22487764
2988,298.8,299.8,0.22293807566165924,0.22623557
2989,298.9,299.9,0.22409480810165405,0.22453275
2990,299.0,300.0,0.2311624139547348,0.22386716
2991,299.1,300.1,0.2195521891117096,0.22365752
2992,299.2,300.2,0.22158822417259216,0.22358975
2993,299.3,300.3,0.2218899428844452,0.22214067
2994,299.4,300.4,0.22375598549842834,0.2225408
2995,299.5,300.5,0.2239169478416443,0.2227369
2996,299.6,300.6,0.22155281901359558,0.22247878
2997,299.7,300.7,0.22256875038146973,0.22304627
2998,299.8,300.8,0.22059942781925201,0.22332697
2999,299.9,300.9,0.22659341990947723,0.22353233
3000,300.0,301.0,0.22532035410404205,0.22332889
3001,300.1,301.1,0.2225797027349472,0.22291456
3002,300.2,301.2,0.22155152261257172,0.22152129
3003,300.3,301.3,0.21852783858776093,0.22036806
3004,300.4,301.4,0.2196270078420639,0.21996737
3005,300.5,301.5,0.2195541113615036,0.22032623
3006,300.6,301.6,0.22057633101940155,0.2216421
3007,300.7,301.7,0.2233458310365677,0.22273247
3008,300.8,301.8,0.22510726749897003,0.22361353
3009,300.9,301.9,0.2250787764787674,0.22448638
3010,301.0,302.0,0.22395944595336914,0.22603041
3011,301.1,302.1,0.22494056820869446,0.22521737
3012,301.2,302.2,0.2310660034418106,0.22402072
3013,301.3,302.3,0.22104202210903168,0.22326039
3014,301.4,302.4,0.21909551322460175,0.22249044
3015,301.5,302.5,0.22015778720378876,0.22076495
3016,301.6,302.6,0.2210908979177475,0.22099209
3017,301.7,302.7,0.2224384993314743,0.22170083
3018,301.8,302.8,0.22217771410942078,0.2217939
3019,301.9,302.9,0.2226393073797226,0.2219982
3020,302.0,303.0,0.22062309086322784,0.22299391
3021,302.1,303.1,0.22211238741874695,0.22286382
3022,302.2,303.2,0.22741705179214478,0.22202261
3023,302.3,303.3,0.22152724862098694,0.22400638
3024,302.4,303.4,0.2184332013130188,0.22330065
3025,302.5,303.5,0.23054207861423492,0.22290364
3026,302.6,303.6,0.21858371794223785,0.22184964
3027,302.7,303.7,0.22543197870254517,0.22168888
3028,302.8,303.8,0.2162572145462036,0.21960956
3029,302.9,303.9,0.21762946248054504,0.2197739
3030,303.0,304.0,0.22014543414115906,0.21918955
3031,303.1,304.1,0.2194054126739502,0.22092192
3032,303.2,304.2,0.22251027822494507,0.2231291
3033,303.3,304.3,0.22491896152496338,0.22342043
3034,303.4,304.4,0.22866542637348175,0.2269148
3035,303.5,304.5,0.22160211205482483,0.22743356
3036,303.6,304.6,0.23687708377838135,0.22624187
3037,303.7,304.7,0.2251042127609253,0.2254429
3038,303.8,304.8,0.21896041929721832,0.22661223
3039,303.9,304.9,0.22467060387134552,0.22537164
3040,304.0,305.0,0.22744876146316528,0.22576067
3041,304.1,305.1,0.2306741327047348,0.22786586
3042,304.2,305.2,0.2270493507385254,0.22897875
3043,304.3,305.3,0.22948642075061798,0.2309234
3044,304.4,305.4,0.2302350401878357,0.23207694
3045,304.5,305.5,0.2371719926595688,0.2417941
3046,304.6,305.6,0.23644182085990906,0.24153814
3047,304.7,305.7,0.2756352126598358,0.24004145
3048,304.8,305.8,0.2282065600156784,0.23691846
3049,304.9,305.9,0.222751647233963,0.2344092
3050,305.0,306.0,0.22155700623989105,0.22388032
3051,305.1,306.1,0.22389551997184753,0.22289774
3052,305.2,306.2,0.22299084067344666,0.23321898
3053,305.3,306.3,0.22329355776309967,0.23710914
3054,305.4,306.4,0.27435803413391113,0.24020371
3055,305.5,306.5,0.24100781977176666,0.2442225
3056,305.6,306.6,0.23936831951141357,0.2480515
3057,305.7,306.7,0.24308478832244873,0.24184412
3058,305.8,306.8,0.2424384355545044,0.24228868
3059,305.9,306.9,0.24332119524478912,0.24282536
3060,306.0,307.0,0.24323059618473053,0.24188375
3061,306.1,307.1,0.24205179512500763,0.25498152
3062,306.2,307.2,0.23837681114673615,0.25353923
3063,306.3,307.3,0.30792707204818726,0.2493802
3064,306.4,307.4,0.23610982298851013,0.24384208
3065,306.5,307.5,0.22243541479110718,0.2394538
3066,306.6,307.6,0.21436114609241486,0.22118258
3067,306.7,307.7,0.21643543243408203,0.21761179
3068,306.8,307.8,0.21657110750675201,0.2162278
3069,306.9,307.9,0.21825580298900604,0.21739453
3070,307.0,308.0,0.21551547944545746,0.21904333
3071,307.1,308.1,0.22019483149051666,0.22408664
3072,307.2,308.2,0.22467941045761108,0.22466119
3073,307.3,308.3,0.24178776144981384,0.22510248
3074,307.4,308.4,0.22112835943698883,0.22513168
3075,307.5,308.5,0.21772195398807526,0.22461051
3076,307.6,308.6,0.22034084796905518,0.22184092
3077,307.7,308.7,0.22207359969615936,0.22599243
3078,307.8,308.8,0.22793979942798615,0.23485829
3079,307.9,308.9,0.2418859302997589,0.23858565
3080,308.0,309.0,0.2620512843132019,0.2422719
3081,308.1,309.1,0.2389775812625885,0.24559692
3082,308.2,309.2,0.24050487577915192,0.25332904
3083,308.3,309.3,0.24456489086151123,0.24974969
3084,308.4,309.4,0.2805466055870056,0.2559828
3085,308.5,309.5,0.2441544532775879,0.2592232
3086,308.6,309.6,0.2701430320739746,0.2601604
3087,308.7,309.7,0.25670695304870605,0.2573685
3088,308.8,309.8,0.24925075471401215,0.27115414
3089,308.9,309.9,0.26658737659454346,0.26804817
3090,309.0,310.0,0.31308257579803467,0.27237266
3091,309.1,310.1,0.2546132206916809,0.27529746
3092,309.2,310.2,0.27832937240600586,0.27433118
3093,309.3,310.3,0.26387473940849304,0.2739416
3094,309.4,310.4,0.2617560029029846,0.2787253
3095,309.5,310.5,0.3111346662044525,0.28020063
3096,309.6,310.6,0.2785317003726959,0.2911582
3097,309.7,310.7,0.2857060730457306,0.30368406
3098,309.8,310.8,0.3186625838279724,0.30171517
3099,309.9,310.9,0.32438531517982483,0.31168407
3100,310.0,311.0,0.30129021406173706,0.31114268
3101,310.1,311.1,0.32837605476379395,0.30805287
3102,310.2,311.2,0.28299930691719055,0.2966707
3103,310.3,311.3,0.3032133877277374,0.28971046
3104,310.4,311.4,0.26747462153434753,0.27832165
3105,310.5,311.5,0.2664889395236969,0.29151148
3106,310.6,311.6,0.27143189311027527,0.29205203
3107,310.7,311.7,0.3489484488964081,0.28424662
3108,310.8,311.8,0.3059161901473999,0.2759655
3109,310.9,311.9,0.22844767570495605,0.26610237
3110,311.0,312.0,0.22508330643177032,0.24072592
3111,311.1,312.1,0.22211621701717377,0.22326915
3112,311.2,312.2,0.22206611931324005,0.22107829
3113,311.3,312.3,0.21863234043121338,0.21994334
3114,311.4,312.4,0.21749339997768402,0.21925014
3115,311.5,312.5,0.21940863132476807,0.21878034
3116,311.6,312.6,0.2186501920223236,0.21964376
3117,311.7,312.7,0.2197171151638031,0.22082268
3118,311.8,312.8,0.22294947504997253,0.22124286
3119,311.9,312.9,0.22338798642158508,0.22243428
3120,312.0,313.0,0.22150947153568268,0.22402675
3121,312.1,313.1,0.22460739314556122,0.22489539
3122,312.2,313.2,0.22767935693264008,0.2252307
3123,312.3,313.3,0.22729268670082092,0.22581257
3124,312.4,313.4,0.22506453096866608,0.22461194
3125,312.5,313.5,0.22441884875297546,0.22286043
3126,312.6,313.6,0.21860431134700775,0.22128382
3127,312.7,313.7,0.2189217060804367,0.22081557
3128,312.8,313.8,0.21940964460372925,0.21986474
3129,312.9,313.9,0.22272330522537231,0.22058606
3130,313.0,314.0,0.21966461837291718,0.22123843
3131,313.1,314.1,0.22221098840236664,0.22179826
3132,313.2,314.2,0.22218362987041473,0.22153121
3133,313.3,314.3,0.22220870852470398,0.2220138
3134,313.4,314.4,0.2213880866765976,0.22349456
3135,313.5,314.5,0.22207754850387573,0.22369225
3136,313.6,314.6,0.22961483895778656,0.22367746
3137,313.7,314.7,0.22317206859588623,0.22343746
3138,313.8,314.8,0.22213472425937653,0.2236951
3139,313.9,314.9,0.22018806636333466,0.22217965
3140,314.0,315.0,0.22336576879024506,0.222226
3141,314.1,315.1,0.22203755378723145,0.22239147
3142,314.2,315.2,0.22340378165245056,0.22251563
3143,314.3,315.3,0.2229621410369873,0.22186565
3144,314.4,315.4,0.22080889344215393,0.22132197
3145,314.5,315.5,0.2201158106327057,0.22053455
3146,314.6,315.6,0.2193191796541214,0.22015825
3147,314.7,315.7,0.21946676075458527,0.22043505
3148,314.8,315.8,0.22108058631420135,0.22034246
3149,314.9,315.9,0.22219280898571014,0.22030838
3150,315.0,316.0,0.2196529060602188,0.22039834
3151,315.1,316.1,0.21914876997470856,0.2281561
3152,315.2,316.2,0.21991665661334991,0.2285796
3153,315.3,316.3,0.2598693072795868,0.23032139
3154,315.4,316.4,0.22431032359600067,0.233281
3155,315.5,316.5,0.22836193442344666,0.2354087
3156,315.6,316.6,0.2339468151330948,0.23011394
3157,315.7,316.7,0.23055505752563477,0.2313495
3158,315.8,316.8,0.2333955317735672,0.23122598
3159,315.9,316.9,0.230488121509552,0.23009077
3160,316.0,317.0,0.22774434089660645,0.22980517
3161,316.1,317.1,0.2282707393169403,0.22904827
3162,316.2,317.2,0.22912712395191193,0.22769675
3163,316.3,317.3,0.22961099445819855,0.2264127
3164,316.4,317.4,0.22373053431510925,0.22511645
3165,316.5,317.5,0.22132404148578644,0.22375758
3166,316.6,317.6,0.22178944945335388,0.22223057
3167,316.7,317.7,0.22233286499977112,0.22226277
3168,316.8,317.8,0.22197596728801727,0.22249922
3169,316.9,317.9,0.2238915115594864,0.22273761
3170,317.0,318.0,0.22250625491142273,0.22242346
3171,317.1,318.1,0.22298145294189453,0.22213195
3172,317.2,318.2,0.22076216340065002,0.2217818
3173,317.3,318.3,0.2205183506011963,0.33627808
3174,317.4,318.4,0.22214074432849884,0.44314104
3175,317.5,318.5,0.794987678527832,0.56815916
3176,317.6,318.6,0.7572961449623108,0.7039994
3177,317.7,318.7,0.8458528518676758,0.8423577
3178,317.8,318.8,0.8997194170951843,0.8683347
3179,317.9,318.9,0.9139326810836792,0.9034378
3180,318.0,319.0,0.9248724579811096,0.92230064
3181,318.1,319.1,0.9328114986419678,0.93148357
3182,318.2,319.2,0.9401670098304749,0.9321619
3183,318.3,319.3,0.945634126663208,0.8954041
3184,318.4,319.4,0.9173243045806885,0.7951151
3185,318.5,319.5,0.7410833835601807,0.65139115
3186,318.6,319.6,0.4313666522502899,0.5075822
3187,318.7,319.7,0.22154703736305237,0.3691825
3188,318.8,319.8,0.2265893667936325,0.26635107
3189,318.9,319.9,0.22532595694065094,0.2247501
3190,319.0,320.0,0.22692625224590302,0.22481224
3191,319.1,320.1,0.22336184978485107,0.22351655
3192,319.2,320.2,0.2218577265739441,0.22250235
3193,319.3,320.3,0.22011098265647888,0.2213782
3194,319.4,320.4,0.22025489807128906,0.22146986
3195,319.5,320.5,0.22130556404590607,0.2215344
3196,319.6,320.6,0.22382014989852905,0.22184685
3197,319.7,320.7,0.22218041121959686,0.22287437
3198,319.8,320.8,0.22167328000068665,0.22358152
3199,319.9,320.9,0.2253923863172531,0.22425602
3200,320.0,321.0,0.22484137117862701,0.22569792
3201,320.1,321.1,0.22719261050224304,0.22613828
3202,320.2,321.2,0.22938990592956543,0.22561091
3203,320.3,321.3,0.22387513518333435,0.22504778
3204,320.4,321.4,0.2227555215358734,0.22396067
3205,320.5,321.5,0.22202575206756592,0.22342868
3206,320.6,321.6,0.22175706923007965,0.2226149
3207,320.7,321.7,0.22672992944717407,0.22211708
3208,320.8,321.8,0.21980620920658112,0.2215991
3209,320.9,321.9,0.2202664464712143,0.22120707
3210,321.0,322.0,0.21943587064743042,0.22038919
3211,321.1,322.1,0.2197968065738678,0.22067958
3212,321.2,322.2,0.22264055907726288,0.22120503
3213,321.3,322.3,0.22125819325447083,0.22194633
3214,321.4,322.4,0.22289368510246277,0.22328714
3215,321.5,322.5,0.22314231097698212,0.22328614
3216,321.6,322.6,0.22650091350078583,0.22398663
3217,321.7,322.7,0.22263547778129578,0.22401801
3218,321.8,322.8,0.22476071119308472,0.22443691
3219,321.9,322.9,0.22305066883563995,0.22398499
3220,322.0,323.0,0.225236713886261,0.22380862
3221,322.1,323.1,0.22424127161502838,0.2245251
3222,322.2,323.2,0.22175368666648865,0.2244618
3223,322.3,323.3,0.22834303975105286,0.2237313
3224,322.4,323.4,0.22273419797420502,0.22306499
3225,322.5,323.5,0.22158421576023102,0.22300962
3226,322.6,323.6,0.22090975940227509,0.22152482
3227,322.7,323.7,0.22147682309150696,0.22158463
3228,322.8,323.8,0.22091899812221527,0.22149037
3229,322.9,323.9,0.22303324937820435,0.22159714
3230,323.0,324.0,0.22111298143863678,0.22118789
3231,323.1,324.1,0.22144357860088348,0.22114149
3232,323.2,324.2,0.219430610537529,0.22035697
3233,323.3,324.3,0.22068697214126587,0.220453
3234,323.4,324.4,0.21911068260669708,0.22040118
3235,323.5,324.5,0.22159306704998016,0.22083253
3236,323.6,324.6,0.22118456661701202,0.22065103
3237,323.7,324.7,0.22158734500408173,0.2211103
3238,323.8,324.8,0.21977953612804413,0.22088324
3239,323.9,324.9,0.221406951546669,0.22057807
3240,324.0,325.0,0.2204577624797821,0.22073632
3241,324.1,325.1,0.219658762216568,0.22089112
3242,324.2,325.2,0.22237862646579742,0.22059417
3243,324.3,325.3,0.22055338323116302,0.22081403
3244,324.4,325.4,0.2199222445487976,0.22096267
3245,324.5,325.5,0.22155708074569702,0.23190814
3246,324.6,325.6,0.22040191292762756,0.24192797
3247,324.7,325.7,0.27710604667663574,0.24993013
3248,324.8,325.8,0.27065253257751465,0.25637445
3249,324.9,325.9,0.2599330246448517,0.26193413
3250,325.0,326.0,0.25377875566482544,0.25929293
3251,325.1,326.1,0.24820026755332947,0.2583214
3252,325.2,326.2,0.2639000713825226,0.25853685
3253,325.3,326.3,0.26579487323760986,0.2614201
3254,325.4,326.4,0.2610102593898773,0.27008188
3255,325.5,326.5,0.2681950330734253,0.27674145
3256,325.6,326.6,0.29150906205177307,0.27872974
3257,325.7,326.7,0.29719802737236023,0.2818518
3258,325.8,326.8,0.2757363021373749,0.28499088
3259,325.9,326.9,0.276620477437973,0.2875502
3260,326.0,327.0,0.2838905453681946,0.28873134
3261,326.1,327.1,0.3043057322502136,0.2945962
3262,326.2,327.2,0.3031036853790283,0.30155343
3263,326.3,327.3,0.3050605356693268,0.31018385
3264,326.4,327.4,0.31140658259391785,0.3135849
3265,326.5,327.5,0.32704275846481323,0.31888884
3266,326.6,327.6,0.3213108479976654,0.32474458
3267,326.7,327.7,0.3296233117580414,0.32856846
3268,326.8,327.8,0.33433929085731506,0.3324678
3269,326.9,327.9,0.33052608370780945,0.33526555
3270,327.0,328.0,0.3465392291545868,0.33604118
3271,327.1,328.1,0.3352997601032257,0.33866704
3272,327.2,328.2,0.33350151777267456,0.34458095
3273,327.3,328.3,0.3474685549736023,0.34794796
3274,327.4,328.4,0.36009564995765686,0.35187483
3275,327.5,328.5,0.363374263048172,0.35439715
3276,327.6,328.6,0.35493409633636475,0.35930485
3277,327.7,328.7,0.3461131453514099,0.3650074
3278,327.8,328.8,0.3720070421695709,0.3705271
3279,327.9,328.9,0.388608455657959,0.37736475
3280,328.0,329.0,0.39097270369529724,0.37716696
3281,328.1,329.1,0.3891224265098572,0.374985
3282,328.2,329.2,0.34512409567832947,0.36912245
3283,328.3,329.3,0.3610972762107849,0.35948247
3284,328.4,329.4,0.3592955768108368,0.34290677
3285,328.5,329.5,0.34277281165122986,0.3283524
3286,328.6,329.6,0.3062441945075989,0.30660692
3287,328.7,329.7,0.2723521590232849,0.2864392
3288,328.8,329.8,0.2523699104785919,0.2789217
3289,328.9,329.9,0.2584569454193115,0.27726978
3290,329.0,330.0,0.30518510937690735,0.27864972
3291,329.1,330.1,0.2979847192764282,0.28529286
3292,329.2,330.2,0.27925193309783936,0.2906056
3293,329.3,330.3,0.28558555245399475,0.29284757
3294,329.4,330.4,0.28502070903778076,0.29159594
3295,329.5,330.5,0.31639501452445984,0.2847516
3296,329.6,330.6,0.2917264401912689,0.2839833
3297,329.7,330.7,0.24503019452095032,0.28193638
3298,329.8,330.8,0.2817440927028656,0.27233642
3299,329.9,330.9,0.2747860848903656,0.26860118
3300,330.0,331.0,0.26839524507522583,0.2764462
3301,330.1,331.1,0.2730502486228943,0.27647266
3302,330.2,331.2,0.2842552959918976,0.27821985
3303,330.3,331.3,0.28187644481658936,0.28032476
3304,330.4,331.4,0.28352200984954834,0.2825486
3305,330.5,331.5,0.27891984581947327,0.2874667
3306,330.6,331.6,0.28416940569877625,0.29595983
3307,330.7,331.7,0.3088458478450775,0.3000236
3308,330.8,331.8,0.3243420422077179,0.303986
3309,330.9,331.9,0.3038407862186432,0.31641328
3310,331.0,332.0,0.29873189330101013,0.3269825
3311,331.1,332.1,0.3463057279586792,0.34386095
3312,331.2,332.2,0.36169207096099854,0.36938846
3313,331.3,332.3,0.4087342619895935,0.39239857
3314,331.4,332.4,0.431478351354599,0.4014883
3315,331.5,332.5,0.41378241777420044,0.40018556
3316,331.6,332.6,0.3917543292045593,0.3779541
3317,331.7,332.7,0.3551783561706543,0.35157427
3318,331.8,332.8,0.2975769340991974,0.31721953
3319,331.9,332.9,0.299579381942749,0.2923727
3320,332.0,333.0,0.2420085072517395,0.2666642
3321,332.1,333.1,0.2675202488899231,0.25220463
3322,332.2,333.2,0.22663596272468567,0.23786876
3323,332.3,333.3,0.22527897357940674,0.23508194
3324,332.4,333.4,0.22790010273456573,0.2269964
3325,332.5,333.5,0.2280743420124054,0.22684366
3326,332.6,333.6,0.22709257900714874,0.22675282
3327,332.7,333.7,0.22587227821350098,0.22591087
3328,332.8,333.8,0.22482483088970184,0.22498965
3329,332.9,333.9,0.22369030117988586,0.2240896
3330,333.0,334.0,0.22346827387809753,0.22354227
3331,333.1,334.1,0.2225923240184784,0.22316945
3332,333.2,334.2,0.22313566505908966,0.22295164
3333,333.3,334.3,0.22296059131622314,0.22302736
3334,333.4,334.4,0.22260136902332306,0.22287665
3335,333.5,334.5,0.22384688258171082,0.22250864
3336,333.6,334.6,0.22183871269226074,0.22216435
3337,333.7,334.7,0.22129559516906738,0.22216627
3338,333.8,334.8,0.22123917937278748,0.22163075
3339,333.9,334.9,0.2226109802722931,0.22253549
3340,334.0,335.0,0.22116930782794952,0.22218625
3341,334.1,335.1,0.22636239230632782,0.22177416
3342,334.2,335.2,0.21954937279224396,0.2223708
3343,334.3,335.3,0.2191786915063858,0.22243004
3344,334.4,335.4,0.22559420764446259,0.22119686
3345,334.5,335.5,0.22146552801132202,0.22205588
3346,334.6,335.6,0.2201964259147644,0.22242722
3347,334.7,335.7,0.22384445369243622,0.2214984
3348,334.8,335.8,0.2210354506969452,0.22141883
3349,334.9,335.9,0.22095012664794922,0.22181693
3350,335.0,336.0,0.2210676521062851,0.22133541
3351,335.1,336.1,0.2221868932247162,0.22175306
3352,335.2,336.2,0.22143693268299103,0.22205463
3353,335.3,336.3,0.2231237292289734,0.22160485
3354,335.4,336.4,0.22245796024799347,0.22236803
3355,335.5,336.5,0.2188187539577484,0.22185722
3356,335.6,336.6,0.2260027676820755,0.22897597
3357,335.7,336.7,0.21888284385204315,0.2282772
3358,335.8,336.8,0.25871744751930237,0.22853924
3359,335.9,336.9,0.21896424889564514,0.22735931
3360,336.0,337.0,0.22012895345687866,0.22755423
3361,336.1,337.1,0.22010305523872375,0.21984476
3362,336.2,337.2,0.21985748410224915,0.22002648
3363,336.3,337.3,0.22017008066177368,0.22040129
3364,336.4,337.4,0.21987281739711761,0.22035117
3365,336.5,337.5,0.2220030426979065,0.22021845
3366,336.6,337.6,0.21985240280628204,0.22046822
3367,336.7,337.7,0.21919390559196472,0.22031201
3368,336.8,337.8,0.22141896188259125,0.21963996
3369,336.9,337.9,0.2190917730331421,0.2202446
3370,337.0,338.0,0.21864274144172668,0.22040877
3371,337.1,338.1,0.22287562489509583,0.21989714
3372,337.2,338.2,0.22001472115516663,0.22009405
3373,337.3,338.3,0.21886077523231506,0.2208482
3374,337.4,338.4,0.22007638216018677,0.22043532
3375,337.5,338.5,0.22241343557834625,0.221221
3376,337.6,338.6,0.22081124782562256,0.22205855
3377,337.7,338.7,0.2239430993795395,0.22270238
3378,337.8,338.8,0.22304855287075043,0.22274767
3379,337.9,338.9,0.22329561412334442,0.22393651
3380,338.0,339.0,0.222639799118042,0.2236999
3381,338.1,339.1,0.22675544023513794,0.22385658
3382,338.2,339.2,0.22276002168655396,0.22586258
3383,338.3,339.3,0.22383207082748413,0.22579344
3384,338.4,339.4,0.23332549631595612,0.22528929
3385,338.5,339.5,0.22229407727718353,0.22560279
3386,338.6,339.6,0.2242347002029419,0.22577845
3387,338.7,339.7,0.22432756423950195,0.22383215
3388,338.8,339.8,0.2247103452682495,0.22395313
3389,338.9,339.9,0.22359402477741241,0.2231317
3390,339.0,340.0,0.22289901971817017,0.22197832
3391,339.1,340.1,0.22012755274772644,0.22089592
3392,339.2,340.2,0.21856063604354858,0.2204012
3393,339.3,340.3,0.2192983478307724,0.21950734
3394,339.4,340.4,0.2211204469203949,0.21950677
3395,339.5,340.5,0.21842966973781586,0.21993414
3396,339.6,340.6,0.22012470662593842,0.21985573
3397,339.7,340.7,0.22069747745990753,0.2203883
3398,339.8,340.8,0.21890626847743988,0.2213432
3399,339.9,340.9,0.22378340363502502,0.22206694
3400,340.0,341.0,0.22320419549942017,0.22233433
3401,340.1,341.1,0.2237432897090912,0.22249706
3402,340.2,341.2,0.22203446924686432,0.22326833
3403,340.3,341.3,0.21971993148326874,0.22728026
3404,340.4,341.4,0.22763977944850922,0.22683385
3405,340.5,341.5,0.24326381087303162,0.22711928
3406,340.6,341.6,0.22151122987270355,0.2269735
3407,340.7,341.7,0.22346162796020508,0.225878
3408,340.8,341.8,0.21899110078811646,0.22300462
3409,340.9,341.9,0.2221621870994568,0.22440812
3410,341.0,342.0,0.22889693081378937,0.22624788
3411,341.1,342.1,0.2285287082195282,0.22761887
3412,341.2,342.2,0.23266048729419708,0.22817294
3413,341.3,342.3,0.22584597766399384,0.2269294
3414,341.4,342.4,0.22493264079093933,0.22687179
3415,341.5,342.5,0.22267912328243256,0.22657733
3416,341.6,342.6,0.22824060916900635,0.22556531
3417,341.7,342.7,0.23118820786476135,0.22462529
3418,341.8,342.8,0.2207859307527542,0.22413957
3419,341.9,342.9,0.2202325314283371,0.2224104
3420,342.0,343.0,0.22025059163570404,0.22039735
3421,342.1,343.1,0.21959461271762848,0.22288252
3422,342.2,343.2,0.22112298011779785,0.22431503
3423,342.3,343.3,0.23321186006069183,0.22661309
3424,342.4,343.4,0.22739504277706146,0.22750074
3425,342.5,343.5,0.23174093663692474,0.2284905
3426,342.6,343.6,0.22403283417224884,0.2300791
3427,342.7,343.7,0.22607173025608063,0.2302862
3428,342.8,343.8,0.24115495383739471,0.2398372
3429,342.9,343.9,0.22843049466609955,0.2426391
3430,343.0,344.0,0.2794960141181946,0.24338652
3431,343.1,344.1,0.23804228007793427,0.24143544
3432,343.2,344.2,0.22980888187885284,0.24220559
3433,343.3,344.3,0.23139949142932892,0.23291585
3434,343.4,344.4,0.23228119313716888,0.23233268
3435,343.5,344.5,0.23304732143878937,0.23436315
3436,343.6,344.6,0.23512646555900574,0.23648603
3437,343.7,344.7,0.23996131122112274,0.24466018
3438,343.8,344.8,0.2420138418674469,0.2514812
3439,343.9,344.9,0.2731519937515259,0.25380486
3440,344.0,345.0,0.26715242862701416,0.25171942
3441,344.1,345.1,0.24674470722675323,0.2488501
3442,344.2,345.2,0.2295340746641159,0.24011528
3443,344.3,345.3,0.2276674062013626,0.23124051
3444,344.4,345.4,0.22947779297828674,0.22697327
3445,344.5,345.5,0.2227785587310791,0.2271228
3446,344.6,345.6,0.22540850937366486,0.22986786
3447,344.7,345.7,0.2302817404270172,0.2327973
3448,344.8,345.8,0.24139271676540375,0.23983058
3449,344.9,345.9,0.24412493407726288,0.24091765
3450,345.0,346.0,0.25794509053230286,0.23992392
3451,345.1,346.1,0.2308437079191208,0.23780571
3452,345.2,346.2,0.22531312704086304,0.23621574
3453,345.3,346.3,0.23080159723758698,0.23061079
3454,345.4,346.4,0.23617516458034515,0.23093677
3455,345.5,346.5,0.22992028295993805,0.24023986
3456,345.6,346.6,0.23247361183166504,0.24360555
3457,345.7,346.7,0.27182862162590027,0.25213632
3458,345.8,346.8,0.24763011932373047,0.25393227
3459,345.9,346.9,0.27882900834083557,0.25597513
3460,346.0,347.0,0.23890002071857452,0.24861826
3461,346.1,347.1,0.24268779158592224,0.24636093
3462,346.2,347.2,0.23504427075386047,0.23930863
3463,346.3,347.3,0.23634354770183563,0.24024118
3464,346.4,347.4,0.24356749653816223,0.24382178
3465,346.5,347.5,0.24356281757354736,0.24899061
3466,346.6,347.6,0.2605907618999481,0.25215158
3467,346.7,347.7,0.26088839769363403,0.2565383
3468,346.8,347.8,0.25214847922325134,0.25819468
3469,346.9,347.9,0.2655009627342224,0.25786716
3470,347.0,348.0,0.2518446743488312,0.25216445
3471,347.1,348.1,0.2589533030986786,0.246855
3472,347.2,348.2,0.23237484693527222,0.23792715
3473,347.3,348.3,0.22560128569602966,0.23158377
3474,347.4,348.4,0.22086165845394135,0.22330992
3475,347.5,348.5,0.22012777626514435,0.22089815
3476,347.6,348.6,0.21758396923542023,0.21886
3477,347.7,348.7,0.2203160673379898,0.22188696
3478,347.8,348.8,0.2154105305671692,0.22228387
3479,347.9,348.9,0.23599642515182495,0.22321482
3480,348.0,349.0,0.22211241722106934,0.223331
3481,348.1,349.1,0.2222386747598648,0.22421369
3482,348.2,349.2,0.22089697420597076,0.22247815
3483,348.3,349.3,0.2198239117860794,0.22354408
3484,348.4,349.4,0.22731880843639374,0.22394237
3485,348.5,349.5,0.22744202613830566,0.22402057
3486,348.6,349.6,0.22423003613948822,0.2258914
3487,348.7,349.7,0.2212880253791809,0.224701
3488,348.8,349.8,0.22917798161506653,0.22568516
3489,348.9,349.9,0.22136686742305756,0.22953288
3490,349.0,350.0,0.23236289620399475,0.2303943
3491,349.1,350.1,0.24346864223480225,0.23012593
3492,349.2,350.2,0.2255951315164566,0.23041357
3493,349.3,350.3,0.22783604264259338,0.22803268
3494,349.4,350.4,0.22280506789684296,0.2262352
3495,349.5,350.5,0.2204584926366806,0.22598048
3496,349.6,350.6,0.23448115587234497,0.22549847
3497,349.7,350.7,0.22432157397270203,0.22574267
3498,349.8,350.8,0.22542603313922882,0.22649315
3499,349.9,350.9,0.22402606904506683,0.2244903
3500,350.0,351.0,0.2242109477519989,0.23413572
3501,350.1,351.1,0.22446681559085846,0.23986652
3502,350.2,351.2,0.27254873514175415,0.24858847
3503,350.3,351.3,0.2540800869464874,0.25561443
3504,350.4,351.4,0.2676358222961426,0.262812
3505,350.5,351.5,0.259340763092041,0.26009262
3506,350.6,351.6,0.2604544460773468,0.26145697
3507,350.7,351.7,0.25895190238952637,0.26204228
3508,350.8,351.8,0.26090186834335327,0.2611251
3509,350.9,351.9,0.2705623507499695,0.2696501
3510,351.0,352.0,0.2547548711299896,0.26426932
3511,351.1,352.1,0.30307942628860474,0.2573023
3512,351.2,352.2,0.2320481389760971,0.24798092
3513,351.3,352.3,0.22606666386127472,0.24186422
3514,351.4,352.4,0.22395552694797516,0.22642738
3515,351.5,352.5,0.22417132556438446,0.22622032
3516,351.6,352.6,0.2258952111005783,0.22597657
3517,351.7,352.7,0.23101286590099335,0.22611567
3518,351.8,352.8,0.2248479425907135,0.22716077
3519,351.9,352.9,0.224651038646698,0.2279335
3520,352.0,353.0,0.22939682006835938,0.22730213
3521,352.1,353.1,0.22975879907608032,0.22825241
3522,352.2,353.2,0.22785606980323792,0.22877063
3523,352.3,353.3,0.22959935665130615,0.24216595
3524,352.4,353.4,0.22724205255508423,0.24204347
3525,352.5,353.5,0.2963734567165375,0.24197952
3526,352.6,353.6,0.22914637625217438,0.24119265
3527,352.7,353.7,0.22753633558750153,0.23976676
3528,352.8,353.8,0.22566504776477814,0.2250204
3529,352.9,353.9,0.22011259198188782,0.22391486
3530,353.0,354.0,0.22264161705970764,0.22243111
3531,353.1,354.1,0.2236187607049942,0.22178741
3532,353.2,354.2,0.22011756896972656,0.22153202
3533,353.3,354.3,0.22244644165039062,0.22076687
3534,353.4,354.4,0.21883563697338104,0.22015509
3535,353.5,354.5,0.21881593763828278,0.22012803
3536,353.6,354.6,0.22055980563163757,0.22002596
3537,353.7,354.7,0.21998223662376404,0.220335
3538,353.8,354.8,0.22193612158298492,0.2206054
3539,353.9,354.9,0.22038090229034424,0.22102082
3540,354.0,355.0,0.22016796469688416,0.22180574
3541,354.1,355.1,0.2226368933916092,0.22322254
3542,354.2,355.2,0.22390668094158173,0.2241904
3543,354.3,355.3,0.22902017831802368,0.22500151
3544,354.4,355.4,0.2252202332019806,0.22537695
3545,354.5,355.5,0.22422359883785248,0.22549534
3546,354.6,355.6,0.22451405227184296,0.22460508
3547,354.7,355.7,0.22449854016304016,0.22388545
3548,354.8,355.8,0.22456900775432587,0.22367431
3549,354.9,355.9,0.2216220200061798,0.22337025
3550,355.0,356.0,0.22316792607307434,0.22338201
3551,355.1,356.1,0.22299374639987946,0.22334594
3552,355.2,356.2,0.2245572805404663,0.22435725
3553,355.3,356.3,0.22438862919807434,0.22459282
3554,355.4,356.4,0.22667862474918365,0.2245124
3555,355.5,356.5,0.224345862865448,0.22481658
3556,355.6,356.6,0.22259162366390228,0.22470427
3557,355.7,356.7,0.22607819736003876,0.22408575
3558,355.8,356.8,0.22382701933383942,0.22370303
3559,355.9,356.9,0.22358597815036774,0.22369401
3560,356.0,357.0,0.22243234515190125,0.22322497
3561,356.1,357.1,0.2225465178489685,0.2227502
3562,356.2,357.2,0.22373297810554504,0.22229323
3563,356.3,357.3,0.22145317494869232,0.22238971
3564,356.4,357.4,0.22130118310451508,0.22269773
3565,356.5,357.5,0.22291472554206848,0.22330968
3566,356.6,357.6,0.22408656775951385,0.22344168
3567,356.7,357.7,0.22679276764392853,0.22401103
3568,356.8,357.8,0.22211313247680664,0.2239822
3569,356.9,357.9,0.2241479754447937,0.22408935
3570,357.0,358.0,0.2227705419063568,0.22367325
3571,357.1,358.1,0.22462233901023865,0.22425587
3572,357.2,358.2,0.2247122824192047,0.22444575
3573,357.3,358.3,0.2250262349843979,0.2247403
3574,357.4,358.4,0.22509731352329254,0.2248058
3575,357.5,358.5,0.22424335777759552,0.22475272
3576,357.6,358.6,0.22494985163211823,0.22437109
3577,357.7,358.7,0.22444675862789154,0.22398034
3578,357.8,358.8,0.2231181561946869,0.22453862
3579,357.9,358.9,0.22314363718032837,0.22422656
3580,358.0,359.0,0.227034792304039,0.22421524
3581,358.1,359.1,0.2233894020318985,0.2244052
3582,358.2,359.2,0.2243901789188385,0.22459075
3583,358.3,359.3,0.22406789660453796,0.22455442
3584,358.4,359.4,0.2240714579820633,0.22481892
3585,358.5,359.5,0.22685319185256958,0.22465365
3586,358.6,359.6,0.22471179068088531,0.22544914
3587,358.7,359.7,0.22356382012367249,0.2259975
3588,358.8,359.8,0.22804538905620575,0.22592768
3589,358.9,359.9,0.2268131524324417,0.22592452
3590,359.0,360.0,0.22650420665740967,0.22602744
3591,359.1,360.1,0.2246960550546646,0.22507408
3592,359.2,360.2,0.22407834231853485,0.22411123
3593,359.3,360.3,0.22327859699726105,0.22334677
3594,359.4,360.4,0.2219988852739334,0.22299424
3595,359.5,360.5,0.22268187999725342,0.22240193
3596,359.6,360.6,0.22293342649936676,0.22202967
3597,359.7,360.7,0.2211168110370636,0.2215086
3598,359.8,360.8,0.22141733765602112,0.22138348
3599,359.9,360.9,0.2193935662508011,0.22117636
3600,360.0,361.0,0.22205619513988495,0.22145917
3601,360.1,361.1,0.22189782559871674,0.22190498
3602,360.2,361.2,0.22253090143203735,0.22302036
3603,360.3,361.3,0.2236464023590088,0.22360323
3604,360.344,361.344,0.2249705195426941,0.22421777
