frame_idx,start_s,end_s,prob_cough,prob_cough_smooth
0,0.0,1.0,0.2787233591079712,0.2787233591079712
1,0.1,1.1,0.3618866503238678,0.3618866503238678
2,0.2,1.2,0.4207991659641266,0.4207991659641266
3,0.3,1.3,0.4709456264972687,0.4709456264972687
4,0.4,1.4,0.5097427368164062,0.5097427368164062
5,0.5,1.5,0.4569912552833557,0.4569912552833557
6,0.6,1.6,0.43313050270080566,0.43313050270080566
7,0.7,1.7,0.5103148221969604,0.5103148221969604
8,0.8,1.8,0.5275142192840576,0.5275142192840576
9,0.9,1.9,0.5352004766464233,0.5352004766464233
10,1.0,2.0,0.5189418792724609,0.5189418792724609
11,1.1,2.1,0.5901153683662415,0.5901153683662415
12,1.2,2.2,0.6187595725059509,0.6187595725059509
13,1.3,2.3,0.5707042813301086,0.5707042813301086
14,1.4,2.4,0.5678170919418335,0.5678170919418335
15,1.5,2.5,0.5234378576278687,0.5234378576278687
16,1.6,2.6,0.5115278363227844,0.5115278363227844
17,1.7,2.7,0.5070838332176208,0.5070838332176208
18,1.8,2.8,0.46835440397262573,0.46835440397262573
19,1.9,2.9,0.434871643781662,0.434871643781662
20,2.0,3.0,0.44965028762817383,0.44965028762817383
21,2.1,3.1,0.35157305002212524,0.35157305002212524
22,2.2,3.2,0.38454318046569824,0.38454318046569824
23,2.3,3.3,0.3704361319541931,0.3704361319541931
24,2.4,3.4,0.3826301097869873,0.3826301097869873
25,2.5,3.5,0.3896302282810211,0.3896302282810211
26,2.6,3.6,0.40213730931282043,0.40213730931282043
27,2.7,3.7,0.39478591084480286,0.39478591084480286
28,2.8,3.8,0.411571741104126,0.411571741104126
29,2.9,3.9,0.4738439917564392,0.4738439917564392
30,3.0,4.0,0.31537795066833496,0.31537795066833496
31,3.1,4.1,0.37484386563301086,0.37484386563301086
32,3.2,4.2,0.3430119454860687,0.3430119454860687
33,3.3,4.3,0.4047403335571289,0.4047403335571289
34,3.4,4.4,0.35283252596855164,0.35283252596855164
35,3.5,4.5,0.500265896320343,0.500265896320343
36,3.6,4.6,0.4346315860748291,0.4346315860748291
37,3.7,4.7,0.4587116837501526,0.4587116837501526
38,3.8,4.8,0.40009695291519165,0.40009695291519165
39,3.9,4.9,0.3562018573284149,0.3562018573284149
40,4.0,5.0,0.3131865859031677,0.3131865859031677
41,4.1,5.1,0.39773860573768616,0.39773860573768616
42,4.2,5.2,0.38046279549598694,0.38046279549598694
43,4.3,5.3,0.5122434496879578,0.5122434496879578
44,4.4,5.4,0.41774335503578186,0.41774335503578186
45,4.5,5.5,0.42686039209365845,0.42686039209365845
46,4.6,5.6,0.4021797776222229,0.4021797776222229
47,4.7,5.7,0.49412596225738525,0.49412596225738525
48,4.8,5.8,0.37542030215263367,0.37542030215263367
49,4.9,5.9,0.3739345371723175,0.3739345371723175
50,5.0,6.0,0.42264220118522644,0.42264220118522644
51,5.1,6.1,0.4377569258213043,0.4377569258213043
52,5.2,6.2,0.4858740568161011,0.4858740568161011
53,5.3,6.3,0.5239236950874329,0.5239236950874329
54,5.4,6.4,0.5125530958175659,0.5125530958175659
55,5.5,6.5,0.532341480255127,0.532341480255127
56,5.6,6.6,0.5139403939247131,0.5139403939247131
57,5.7,6.7,0.4777534306049347,0.4777534306049347
58,5.8,6.8,0.4460311830043793,0.4460311830043793
59,5.9,6.9,0.5769949555397034,0.5769949555397034
60,6.0,7.0,0.5273231267929077,0.5273231267929077
61,6.1,7.1,0.5787519812583923,0.5787519812583923
62,6.2,7.2,0.32964539527893066,0.32964539527893066
63,6.3,7.3,0.35638630390167236,0.35638630390167236
64,6.4,7.4,0.41579127311706543,0.41579127311706543
65,6.5,7.5,0.4600958526134491,0.4600958526134491
66,6.6,7.6,0.4499044418334961,0.4499044418334961
67,6.7,7.7,0.4034491181373596,0.4034491181373596
68,6.8,7.8,0.38680925965309143,0.38680925965309143
69,6.9,7.9,0.28939634561538696,0.28939634561538696
70,7.0,8.0,0.16416870057582855,0.16416870057582855
71,7.1,8.1,0.3795701563358307,0.3795701563358307
72,7.2,8.2,0.33947518467903137,0.33947518467903137
73,7.3,8.3,0.3008517622947693,0.3008517622947693
74,7.4,8.4,0.27460551261901855,0.27460551261901855
75,7.5,8.5,0.4727768301963806,0.4727768301963806
76,7.6,8.6,0.38790225982666016,0.38790225982666016
77,7.7,8.7,0.3370096683502197,0.3370096683502197
78,7.8,8.8,0.4840277433395386,0.4840277433395386
79,7.9,8.9,0.48912155628204346,0.48912155628204346
80,8.0,9.0,0.3241490125656128,0.3241490125656128
81,8.1,9.1,0.38571056723594666,0.38571056723594666
82,8.2,9.2,0.44561463594436646,0.44561463594436646
83,8.3,9.3,0.3816448450088501,0.3816448450088501
84,8.4,9.4,0.42116934061050415,0.42116934061050415
85,8.5,9.5,0.4185538589954376,0.4185538589954376
86,8.6,9.6,0.36654019355773926,0.36654019355773926
87,8.7,9.7,0.3797287046909332,0.3797287046909332
88,8.8,9.8,0.4442673623561859,0.4442673623561859
89,8.9,9.9,0.46710124611854553,0.46710124611854553
90,9.0,10.0,0.4859759509563446,0.4859759509563446
91,9.1,10.1,0.41711434721946716,0.41711434721946716
92,9.2,10.2,0.4114901125431061,0.4114901125431061
93,9.3,10.3,0.41897276043891907,0.41897276043891907
94,9.4,10.4,0.47773027420043945,0.47773027420043945
95,9.5,10.5,0.6082045435905457,0.6082045435905457
96,9.6,10.6,0.5571416616439819,0.5571416616439819
97,9.7,10.7,0.37505266070365906,0.37505266070365906
98,9.8,10.8,0.44156956672668457,0.44156956672668457
99,9.9,10.9,0.4782699942588806,0.4782699942588806
100,10.0,11.0,0.3642825484275818,0.3642825484275818
101,10.1,11.1,0.48052799701690674,0.48052799701690674
102,10.2,11.2,0.35876280069351196,0.35876280069351196
103,10.3,11.3,0.3054945170879364,0.3054945170879364
104,10.4,11.4,0.3767963945865631,0.3767963945865631
105,10.5,11.5,0.39896145462989807,0.39896145462989807
106,10.6,11.6,0.40083280205726624,0.40083280205726624
107,10.7,11.7,0.30509403347969055,0.30509403347969055
108,10.8,11.8,0.35998284816741943,0.35998284816741943
109,10.9,11.9,0.4601201117038727,0.4601201117038727
110,11.0,12.0,0.46916186809539795,0.46916186809539795
111,11.1,12.1,0.4029065668582916,0.4029065668582916
112,11.2,12.2,0.5059843063354492,0.5059843063354492
113,11.3,12.3,0.4879952371120453,0.4879952371120453
114,11.4,12.4,0.5004401803016663,0.5004401803016663
115,11.5,12.5,0.4532666504383087,0.4532666504383087
116,11.6,12.6,0.3470124304294586,0.3470124304294586
117,11.7,12.7,0.33301764726638794,0.33301764726638794
118,11.8,12.8,0.41311097145080566,0.41311097145080566
119,11.9,12.9,0.3629591464996338,0.3629591464996338
120,12.0,13.0,0.40991097688674927,0.40991097688674927
121,12.1,13.1,0.33454644680023193,0.33454644680023193
122,12.2,13.2,0.4237253665924072,0.4237253665924072
123,12.3,13.3,0.4243619441986084,0.4243619441986084
124,12.4,13.4,0.3917408883571625,0.3917408883571625
125,12.5,13.5,0.4142830967903137,0.4142830967903137
126,12.6,13.6,0.4533713161945343,0.4533713161945343
127,12.7,13.7,0.4826599061489105,0.4826599061489105
128,12.8,13.8,0.4162048399448395,0.4162048399448395
129,12.9,13.9,0.42978155612945557,0.42978155612945557
130,13.0,14.0,0.3986579477787018,0.3986579477787018
131,13.1,14.1,0.42310068011283875,0.42310068011283875
132,13.2,14.2,0.4240918755531311,0.4240918755531311
133,13.3,14.3,0.40873801708221436,0.40873801708221436
134,13.4,14.4,0.49758172035217285,0.49758172035217285
135,13.5,14.5,0.41821834444999695,0.41821834444999695
136,13.6,14.6,0.3345443606376648,0.3345443606376648
137,13.7,14.7,0.3655101954936981,0.3655101954936981
138,13.8,14.8,0.42243465781211853,0.42243465781211853
139,13.9,14.9,0.42809540033340454,0.42809540033340454
140,14.0,15.0,0.4780689477920532,0.4780689477920532
141,14.1,15.1,0.49486595392227173,0.49486595392227173
142,14.2,15.2,0.4677209258079529,0.4677209258079529
143,14.3,15.3,0.4244590401649475,0.4244590401649475
144,14.4,15.4,0.43376070261001587,0.43376070261001587
145,14.5,15.5,0.46955597400665283,0.46955597400665283
146,14.6,15.6,0.4155237078666687,0.4155237078666687
147,14.7,15.7,0.4400824010372162,0.4400824010372162
148,14.8,15.8,0.41640910506248474,0.41640910506248474
149,14.9,15.9,0.3615555763244629,0.3615555763244629
150,15.0,16.0,0.3149797022342682,0.3149797022342682
151,15.1,16.1,0.2694976031780243,0.2694976031780243
152,15.2,16.2,0.3578965663909912,0.3578965663909912
153,15.3,16.3,0.3821949362754822,0.3821949362754822
154,15.4,16.4,0.5859242677688599,0.5859242677688599
155,15.5,16.5,0.611336886882782,0.611336886882782
156,15.6,16.6,0.7255561947822571,0.7255561947822571
157,15.7,16.7,0.7369831800460815,0.7369831800460815
158,15.8,16.8,0.7633160352706909,0.7633160352706909
159,15.9,16.9,0.7873246073722839,0.7873246073722839
160,16.0,17.0,0.7450598478317261,0.7450598478317261
161,16.1,17.1,0.7022287845611572,0.7022287845611572
162,16.2,17.2,0.5337919592857361,0.5337919592857361
163,16.3,17.3,0.43696722388267517,0.43696722388267517
164,16.4,17.4,0.45591890811920166,0.45591890811920166
165,16.5,17.5,0.49787256121635437,0.49787256121635437
166,16.6,17.6,0.5730077624320984,0.5730077624320984
167,16.7,17.7,0.5125658512115479,0.5125658512115479
168,16.8,17.8,0.4169612526893616,0.4169612526893616
169,16.9,17.9,0.48354625701904297,0.48354625701904297
170,17.0,18.0,0.3888406753540039,0.3888406753540039
171,17.1,18.1,0.3807038366794586,0.3807038366794586
172,17.2,18.2,0.4045964479446411,0.4045964479446411
173,17.3,18.3,0.4469393193721771,0.4469393193721771
174,17.4,18.4,0.5468447804450989,0.5468447804450989
175,17.5,18.5,0.47843122482299805,0.47843122482299805
176,17.6,18.6,0.4520696699619293,0.4520696699619293
177,17.7,18.7,0.4298288822174072,0.4298288822174072
178,17.8,18.8,0.5221937894821167,0.5221937894821167
179,17.9,18.9,0.4404534697532654,0.4404534697532654
180,18.0,19.0,0.4640197157859802,0.4640197157859802
181,18.1,19.1,0.4806012809276581,0.4806012809276581
182,18.2,19.2,0.4621286392211914,0.4621286392211914
183,18.3,19.3,0.4256814122200012,0.4256814122200012
184,18.4,19.4,0.49485307931900024,0.49485307931900024
185,18.5,19.5,0.5051272511482239,0.5051272511482239
186,18.6,19.6,0.46366944909095764,0.46366944909095764
187,18.7,19.7,0.43250763416290283,0.43250763416290283
188,18.8,19.8,0.4870185852050781,0.4870185852050781
189,18.9,19.9,0.46565255522727966,0.46565255522727966
190,19.0,20.0,0.45843955874443054,0.45843955874443054
191,19.1,20.1,0.4655286371707916,0.4655286371707916
192,19.2,20.2,0.558941662311554,0.558941662311554
193,19.3,20.3,0.5539531707763672,0.5539531707763672
194,19.4,20.4,0.46962565183639526,0.46962565183639526
195,19.5,20.5,0.5074814558029175,0.5074814558029175
196,19.6,20.6,0.4674373269081116,0.4674373269081116
197,19.7,20.7,0.44837602972984314,0.44837602972984314
198,19.8,20.8,0.4195892810821533,0.4195892810821533
199,19.9,20.9,0.3991033434867859,0.3991033434867859
200,20.0,21.0,0.3874165117740631,0.3874165117740631
201,20.1,21.1,0.5031499266624451,0.5031499266624451
202,20.2,21.2,0.5082762837409973,0.5082762837409973
203,20.3,21.3,0.5075242519378662,0.5075242519378662
204,20.4,21.4,0.473477303981781,0.473477303981781
205,20.5,21.5,0.5487105846405029,0.5487105846405029
206,20.6,21.6,0.5460864901542664,0.5460864901542664
207,20.7,21.7,0.5469334125518799,0.5469334125518799
208,20.8,21.8,0.5340328812599182,0.5340328812599182
209,20.9,21.9,0.45455998182296753,0.45455998182296753
210,21.0,22.0,0.29839229583740234,0.29839229583740234
211,21.1,22.1,0.38642409443855286,0.38642409443855286
212,21.2,22.2,0.3416830897331238,0.3416830897331238
213,21.3,22.3,0.37096741795539856,0.37096741795539856
214,21.4,22.4,0.419477641582489,0.419477641582489
215,21.5,22.5,0.3001258969306946,0.3001258969306946
216,21.6,22.6,0.31175220012664795,0.31175220012664795
217,21.7,22.7,0.35465627908706665,0.35465627908706665
218,21.8,22.8,0.41278210282325745,0.41278210282325745
219,21.9,22.9,0.5153262615203857,0.5153262615203857
220,22.0,23.0,0.5417644381523132,0.5417644381523132
221,22.1,23.1,0.3693629801273346,0.3693629801273346
222,22.2,23.2,0.43088680505752563,0.43088680505752563
223,22.3,23.3,0.42576077580451965,0.42576077580451965
224,22.4,23.4,0.4182450771331787,0.4182450771331787
225,22.5,23.5,0.3856751322746277,0.3856751322746277
226,22.6,23.6,0.38271695375442505,0.38271695375442505
227,22.7,23.7,0.47536447644233704,0.47536447644233704
228,22.8,23.8,0.2840902805328369,0.2840902805328369
229,22.9,23.9,0.26713401079177856,0.26713401079177856
230,23.0,24.0,0.35701462626457214,0.35701462626457214
231,23.1,24.1,0.33044520020484924,0.33044520020484924
232,23.2,24.2,0.29654166102409363,0.29654166102409363
233,23.3,24.3,0.3615782856941223,0.3615782856941223
234,23.4,24.4,0.24291691184043884,0.24291691184043884
235,23.5,24.5,0.4935588836669922,0.4935588836669922
236,23.6,24.6,0.4115335941314697,0.4115335941314697
237,23.7,24.7,0.6096959710121155,0.6096959710121155
238,23.8,24.8,0.6946448683738708,0.6946448683738708
239,23.9,24.9,0.6618955135345459,0.6618955135345459
240,24.0,25.0,0.7313434481620789,0.7313434481620789
241,24.1,25.1,0.7204263210296631,0.7204263210296631
242,24.2,25.2,0.7520007491111755,0.7520007491111755
243,24.3,25.3,0.7268205285072327,0.7268205285072327
244,24.4,25.4,0.7268428206443787,0.7268428206443787
245,24.5,25.5,0.7224404215812683,0.7224404215812683
246,24.6,25.6,0.7129796147346497,0.7129796147346497
247,24.7,25.7,0.6912868022918701,0.6912868022918701
248,24.8,25.8,0.5365673899650574,0.5365673899650574
249,24.9,25.9,0.5722631812095642,0.5722631812095642
250,25.0,26.0,0.500024676322937,0.500024676322937
251,25.1,26.1,0.5040081739425659,0.5040081739425659
252,25.2,26.2,0.4556443393230438,0.4556443393230438
253,25.3,26.3,0.4534216523170471,0.4534216523170471
254,25.4,26.4,0.46909424662590027,0.46909424662590027
255,25.5,26.5,0.4602414667606354,0.4602414667606354
256,25.6,26.6,0.542309582233429,0.542309582233429
257,25.7,26.7,0.5089835524559021,0.5089835524559021
258,25.8,26.8,0.4887632131576538,0.4887632131576538
259,25.9,26.9,0.4903959631919861,0.4903959631919861
260,26.0,27.0,0.5005624294281006,0.5005624294281006
261,26.1,27.1,0.5067380666732788,0.5067380666732788
262,26.2,27.2,0.5138888955116272,0.5138888955116272
263,26.3,27.3,0.4555169641971588,0.4555169641971588
264,26.4,27.4,0.5385860204696655,0.5385860204696655
265,26.5,27.5,0.429029643535614,0.429029643535614
266,26.6,27.6,0.43620869517326355,0.43620869517326355
267,26.7,27.7,0.44517531991004944,0.44517531991004944
268,26.8,27.8,0.3676394522190094,0.3676394522190094
269,26.9,27.9,0.3533204197883606,0.3533204197883606
270,27.0,28.0,0.2949086129665375,0.2949086129665375
271,27.1,28.1,0.49380409717559814,0.49380409717559814
272,27.2,28.2,0.40657931566238403,0.40657931566238403
273,27.3,28.3,0.5500158071517944,0.5500158071517944
274,27.4,28.4,0.6215459704399109,0.6215459704399109
275,27.5,28.5,0.6633020639419556,0.6633020639419556
276,27.6,28.6,0.6304789185523987,0.6304789185523987
277,27.7,28.7,0.6636315584182739,0.6636315584182739
278,27.8,28.8,0.594892680644989,0.594892680644989
279,27.9,28.9,0.5990847945213318,0.5990847945213318
280,28.0,29.0,0.5376639366149902,0.5376639366149902
281,28.1,29.1,0.5018751621246338,0.5018751621246338
282,28.2,29.2,0.4889761805534363,0.4889761805534363
283,28.3,29.3,0.4551599323749542,0.4551599323749542
284,28.4,29.4,0.5078391432762146,0.5078391432762146
285,28.5,29.5,0.5733663439750671,0.5733663439750671
286,28.6,29.6,0.5256758332252502,0.5256758332252502
287,28.7,29.7,0.47150444984436035,0.47150444984436035
288,28.8,29.8,0.4345704913139343,0.4345704913139343
289,28.9,29.9,0.47858625650405884,0.47858625650405884
290,29.0,30.0,0.41413581371307373,0.41413581371307373
291,29.1,30.1,0.5373361110687256,0.5373361110687256
292,29.2,30.2,0.5422980785369873,0.5422980785369873
293,29.3,30.3,0.5559259653091431,0.5559259653091431
294,29.4,30.4,0.596868634223938,0.596868634223938
295,29.5,30.5,0.6049832105636597,0.6049832105636597
296,29.6,30.6,0.5896528363227844,0.5896528363227844
297,29.7,30.7,0.5862060785293579,0.5862060785293579
298,29.8,30.8,0.5376428961753845,0.5376428961753845
299,29.9,30.9,0.5197726488113403,0.5197726488113403
300,30.0,31.0,0.5209766030311584,0.5209766030311584
301,30.1,31.1,0.5116754770278931,0.5116754770278931
302,30.2,31.2,0.41099098324775696,0.41099098324775696
303,30.3,31.3,0.46161022782325745,0.46161022782325745
304,30.4,31.4,0.47720852494239807,0.47720852494239807
305,30.5,31.5,0.4537343382835388,0.4537343382835388
306,30.6,31.6,0.44253483414649963,0.44253483414649963
307,30.7,31.7,0.5107486844062805,0.5107486844062805
308,30.8,31.8,0.47183218598365784,0.47183218598365784
309,30.9,31.9,0.5030402541160583,0.5030402541160583
310,31.0,32.0,0.47265493869781494,0.47265493869781494
311,31.1,32.1,0.5389593243598938,0.5389593243598938
312,31.2,32.2,0.4479072391986847,0.4479072391986847
313,31.3,32.3,0.37029320001602173,0.37029320001602173
314,31.4,32.4,0.3710797429084778,0.3710797429084778
315,31.5,32.5,0.3982185423374176,0.3982185423374176
316,31.6,32.6,0.42589864134788513,0.42589864134788513
317,31.7,32.7,0.32449236512184143,0.32449236512184143
318,31.8,32.8,0.41535237431526184,0.41535237431526184
319,31.9,32.9,0.4366489350795746,0.4366489350795746
320,32.0,33.0,0.4470411241054535,0.4470411241054535
321,32.1,33.1,0.46658822894096375,0.46658822894096375
322,32.2,33.2,0.49282214045524597,0.49282214045524597
323,32.3,33.3,0.4743996560573578,0.4743996560573578
324,32.4,33.4,0.4736024737358093,0.4736024737358093
325,32.5,33.5,0.5124757289886475,0.5124757289886475
326,32.6,33.6,0.5148308277130127,0.5148308277130127
327,32.7,33.7,0.45846110582351685,0.45846110582351685
328,32.8,33.8,0.49251872301101685,0.49251872301101685
329,32.9,33.9,0.46039918065071106,0.46039918065071106
330,33.0,34.0,0.4549728333950043,0.4549728333950043
331,33.1,34.1,0.43452760577201843,0.43452760577201843
332,33.2,34.2,0.4470457136631012,0.4470457136631012
333,33.3,34.3,0.4675426483154297,0.4675426483154297
334,33.4,34.4,0.5668848752975464,0.5668848752975464
335,33.5,34.5,0.5564900040626526,0.5564900040626526
336,33.6,34.6,0.4706347584724426,0.4706347584724426
337,33.7,34.7,0.4313393831253052,0.4313393831253052
338,33.8,34.8,0.46114128828048706,0.46114128828048706
339,33.9,34.9,0.43032851815223694,0.43032851815223694
340,34.0,35.0,0.3784048855304718,0.3784048855304718
341,34.1,35.1,0.3869101107120514,0.3869101107120514
342,34.2,35.2,0.43920430541038513,0.43920430541038513
343,34.3,35.3,0.3640146553516388,0.3640146553516388
344,34.4,35.4,0.326831579208374,0.326831579208374
345,34.5,35.5,0.3881526291370392,0.3881526291370392
346,34.6,35.6,0.43000665307044983,0.43000665307044983
347,34.7,35.7,0.4730546474456787,0.4730546474456787
348,34.8,35.8,0.5442684888839722,0.5442684888839722
349,34.9,35.9,0.4874759912490845,0.4874759912490845
350,35.0,36.0,0.49337995052337646,0.49337995052337646
351,35.1,36.1,0.43335625529289246,0.43335625529289246
352,35.2,36.2,0.3902072310447693,0.3902072310447693
353,35.3,36.3,0.3983221650123596,0.3983221650123596
354,35.4,36.4,0.31572049856185913,0.31572049856185913
355,35.5,36.5,0.4404533803462982,0.4404533803462982
356,35.6,36.6,0.3767779767513275,0.3767779767513275
357,35.7,36.7,0.3511141240596771,0.3511141240596771
358,35.8,36.8,0.4610975980758667,0.4610975980758667
359,35.9,36.9,0.5471110939979553,0.5471110939979553
360,36.0,37.0,0.48270049691200256,0.48270049691200256
361,36.1,37.1,0.5066866278648376,0.5066866278648376
362,36.2,37.2,0.5317259430885315,0.5317259430885315
363,36.3,37.3,0.5562809109687805,0.5562809109687805
364,36.4,37.4,0.49930793046951294,0.49930793046951294
365,36.5,37.5,0.49604418873786926,0.49604418873786926
366,36.6,37.6,0.46735090017318726,0.46735090017318726
367,36.7,37.7,0.5157450437545776,0.5157450437545776
368,36.8,37.8,0.6017898917198181,0.6017898917198181
369,36.9,37.9,0.5604095458984375,0.5604095458984375
370,37.0,38.0,0.5715295672416687,0.5715295672416687
371,37.1,38.1,0.5806412100791931,0.5806412100791931
372,37.2,38.2,0.5937952399253845,0.5937952399253845
373,37.3,38.3,0.569150447845459,0.569150447845459
374,37.4,38.4,0.5590581297874451,0.5590581297874451
375,37.5,38.5,0.5202785134315491,0.5202785134315491
376,37.6,38.6,0.5051395893096924,0.5051395893096924
377,37.7,38.7,0.46428796648979187,0.46428796648979187
378,37.8,38.8,0.5434221029281616,0.5434221029281616
379,37.9,38.9,0.47652703523635864,0.47652703523635864
380,38.0,39.0,0.4760721027851105,0.4760721027851105
381,38.1,39.1,0.42834195494651794,0.42834195494651794
382,38.2,39.2,0.5617699027061462,0.5617699027061462
383,38.3,39.3,0.540992021560669,0.540992021560669
384,38.4,39.4,0.603581428527832,0.603581428527832
385,38.5,39.5,0.5238648653030396,0.5238648653030396
386,38.6,39.6,0.4627396762371063,0.4627396762371063
387,38.7,39.7,0.5188900232315063,0.5188900232315063
388,38.8,39.8,0.4190376400947571,0.4190376400947571
389,38.9,39.9,0.43464964628219604,0.43464964628219604
390,39.0,40.0,0.40557974576950073,0.40557974576950073
391,39.1,40.1,0.43680596351623535,0.43680596351623535
392,39.2,40.2,0.5130860209465027,0.5130860209465027
393,39.3,40.3,0.5029929280281067,0.5029929280281067
394,39.4,40.4,0.4423920214176178,0.4423920214176178
395,39.5,40.5,0.6061273217201233,0.6061273217201233
396,39.6,40.6,0.502143919467926,0.502143919467926
397,39.7,40.7,0.6469181776046753,0.6469181776046753
398,39.8,40.8,0.6483641266822815,0.6483641266822815
399,39.9,40.9,0.5964944958686829,0.5964944958686829
400,40.0,41.0,0.6495477557182312,0.6495477557182312
401,40.1,41.1,0.6754617691040039,0.6754617691040039
402,40.2,41.2,0.6123108863830566,0.6123108863830566
403,40.3,41.3,0.6468054056167603,0.6468054056167603
404,40.4,41.4,0.6398186087608337,0.6398186087608337
405,40.5,41.5,0.5737091302871704,0.5737091302871704
406,40.6,41.6,0.5220114588737488,0.5220114588737488
407,40.7,41.7,0.4793890416622162,0.4793890416622162
408,40.8,41.8,0.506732702255249,0.506732702255249
409,40.9,41.9,0.5107407569885254,0.5107407569885254
410,41.0,42.0,0.4737176299095154,0.4737176299095154
411,41.1,42.1,0.5478909611701965,0.5478909611701965
412,41.2,42.2,0.5143165588378906,0.5143165588378906
413,41.3,42.3,0.42842093110084534,0.42842093110084534
414,41.4,42.4,0.5063533186912537,0.5063533186912537
415,41.5,42.5,0.4249117076396942,0.4249117076396942
416,41.6,42.6,0.47893887758255005,0.47893887758255005
417,41.7,42.7,0.5063780546188354,0.5063780546188354
418,41.8,42.8,0.5669775009155273,0.5669775009155273
419,41.9,42.9,0.5698492527008057,0.5698492527008057
420,42.0,43.0,0.5259900093078613,0.5259900093078613
421,42.1,43.1,0.4842177927494049,0.4842177927494049
422,42.2,43.2,0.34986934065818787,0.34986934065818787
423,42.3,43.3,0.3878468871116638,0.3878468871116638
424,42.4,43.4,0.3702530264854431,0.3702530264854431
425,42.5,43.5,0.48391321301460266,0.48391321301460266
426,42.6,43.6,0.5194993019104004,0.5194993019104004
427,42.7,43.7,0.5871734023094177,0.5871734023094177
428,42.8,43.8,0.5125203132629395,0.5125203132629395
429,42.9,43.9,0.4664345979690552,0.4664345979690552
430,43.0,44.0,0.5127679109573364,0.5127679109573364
431,43.1,44.1,0.5395329594612122,0.5395329594612122
432,43.2,44.2,0.5090415477752686,0.5090415477752686
433,43.3,44.3,0.44365155696868896,0.44365155696868896
434,43.4,44.4,0.47964125871658325,0.47964125871658325
435,43.5,44.5,0.4313655197620392,0.4313655197620392
436,43.6,44.6,0.49441808462142944,0.49441808462142944
437,43.7,44.7,0.5219674706459045,0.5219674706459045
438,43.8,44.8,0.4641985297203064,0.4641985297203064
439,43.9,44.9,0.43634355068206787,0.43634355068206787
440,44.0,45.0,0.46535149216651917,0.46535149216651917
441,44.1,45.1,0.4652773141860962,0.4652773141860962
442,44.2,45.2,0.4707767069339752,0.4707767069339752
443,44.3,45.3,0.5901461839675903,0.5901461839675903
444,44.4,45.4,0.4330870509147644,0.4330870509147644
445,44.5,45.5,0.4648779630661011,0.4648779630661011
446,44.6,45.6,0.5234843492507935,0.5234843492507935
447,44.7,45.7,0.4636882543563843,0.4636882543563843
448,44.8,45.8,0.48050224781036377,0.48050224781036377
449,44.9,45.9,0.49884697794914246,0.49884697794914246
450,45.0,46.0,0.570168137550354,0.570168137550354
451,45.1,46.1,0.5551983118057251,0.5551983118057251
452,45.2,46.2,0.5591979026794434,0.5591979026794434
453,45.3,46.3,0.46422967314720154,0.46422967314720154
454,45.4,46.4,0.6490113735198975,0.6490113735198975
455,45.5,46.5,0.5414824485778809,0.5414824485778809
456,45.6,46.6,0.4724254310131073,0.4724254310131073
457,45.7,46.7,0.5082657933235168,0.5082657933235168
458,45.8,46.8,0.49118831753730774,0.49118831753730774
459,45.9,46.9,0.4965146481990814,0.4965146481990814
460,46.0,47.0,0.5409808158874512,0.5409808158874512
461,46.1,47.1,0.5767180919647217,0.5767180919647217
462,46.2,47.2,0.5101848244667053,0.5101848244667053
463,46.3,47.3,0.5027357935905457,0.5027357935905457
464,46.4,47.4,0.5075302124023438,0.5075302124023438
465,46.5,47.5,0.3908690810203552,0.3908690810203552
466,46.6,47.6,0.5110106468200684,0.5110106468200684
467,46.7,47.7,0.47148656845092773,0.47148656845092773
468,46.8,47.8,0.42534196376800537,0.42534196376800537
469,46.9,47.9,0.4730716943740845,0.4730716943740845
470,47.0,48.0,0.4431236982345581,0.4431236982345581
471,47.1,48.1,0.4067690372467041,0.4067690372467041
472,47.2,48.2,0.3920027017593384,0.3920027017593384
473,47.3,48.3,0.4120993912220001,0.4120993912220001
474,47.4,48.4,0.5030901432037354,0.5030901432037354
475,47.5,48.5,0.4319935441017151,0.4319935441017151
476,47.6,48.6,0.3529708683490753,0.3529708683490753
477,47.7,48.7,0.47448134422302246,0.47448134422302246
478,47.8,48.8,0.4445685148239136,0.4445685148239136
479,47.9,48.9,0.40001121163368225,0.40001121163368225
480,48.0,49.0,0.39176294207572937,0.39176294207572937
481,48.1,49.1,0.4847619831562042,0.4847619831562042
482,48.2,49.2,0.5153781771659851,0.5153781771659851
483,48.3,49.3,0.5570681691169739,0.5570681691169739
484,48.4,49.4,0.524824321269989,0.524824321269989
485,48.5,49.5,0.5016413927078247,0.5016413927078247
486,48.6,49.6,0.45821425318717957,0.45821425318717957
487,48.7,49.7,0.4642946720123291,0.4642946720123291
488,48.8,49.8,0.4497785270214081,0.4497785270214081
489,48.9,49.9,0.41560813784599304,0.41560813784599304
490,49.0,50.0,0.39373910427093506,0.39373910427093506
491,49.1,50.1,0.3872016668319702,0.3872016668319702
492,49.2,50.2,0.40714988112449646,0.40714988112449646
493,49.3,50.3,0.4762305021286011,0.4762305021286011
494,49.4,50.4,0.5419259071350098,0.5419259071350098
495,49.5,50.5,0.527807891368866,0.527807891368866
496,49.6,50.6,0.4766853451728821,0.4766853451728821
497,49.7,50.7,0.45054465532302856,0.45054465532302856
498,49.8,50.8,0.42588362097740173,0.42588362097740173
499,49.9,50.9,0.4994295537471771,0.4994295537471771
500,50.0,51.0,0.49614790081977844,0.49614790081977844
501,50.1,51.1,0.4641263782978058,0.4641263782978058
502,50.2,51.2,0.41521966457366943,0.41521966457366943
503,50.3,51.3,0.37946099042892456,0.37946099042892456
504,50.4,51.4,0.5191816091537476,0.5191816091537476
505,50.5,51.5,0.44908368587493896,0.44908368587493896
506,50.6,51.6,0.509890079498291,0.509890079498291
507,50.7,51.7,0.4725097715854645,0.4725097715854645
508,50.8,51.8,0.5299767851829529,0.5299767851829529
509,50.9,51.9,0.6006982326507568,0.6006982326507568
510,51.0,52.0,0.5481805801391602,0.5481805801391602
511,51.1,52.1,0.5327767133712769,0.5327767133712769
512,51.2,52.2,0.5162913203239441,0.5162913203239441
513,51.3,52.3,0.5598478317260742,0.5598478317260742
514,51.4,52.4,0.5333777666091919,0.5333777666091919
515,51.5,52.5,0.5086826086044312,0.5086826086044312
516,51.6,52.6,0.5316053628921509,0.5316053628921509
517,51.7,52.7,0.5406284332275391,0.5406284332275391
518,51.8,52.8,0.5102099776268005,0.5102099776268005
519,51.9,52.9,0.5276943445205688,0.5276943445205688
520,52.0,53.0,0.5194008350372314,0.5194008350372314
521,52.1,53.1,0.5221136212348938,0.5221136212348938
522,52.2,53.2,0.5415987968444824,0.5415987968444824
523,52.3,53.3,0.5215038061141968,0.5215038061141968
524,52.4,53.4,0.4725235104560852,0.4725235104560852
525,52.5,53.5,0.5078878998756409,0.5078878998756409
526,52.6,53.6,0.5206726789474487,0.5206726789474487
527,52.7,53.7,0.47107017040252686,0.47107017040252686
528,52.8,53.8,0.5448718070983887,0.5448718070983887
529,52.9,53.9,0.5483015775680542,0.5483015775680542
530,53.0,54.0,0.6291036605834961,0.6291036605834961
531,53.1,54.1,0.6525394320487976,0.6525394320487976
532,53.2,54.2,0.5552398562431335,0.5552398562431335
533,53.3,54.3,0.5028274655342102,0.5028274655342102
534,53.4,54.4,0.503928005695343,0.503928005695343
535,53.5,54.5,0.4803833067417145,0.4803833067417145
536,53.6,54.6,0.42508548498153687,0.42508548498153687
537,53.7,54.7,0.41466572880744934,0.41466572880744934
538,53.8,54.8,0.5085500478744507,0.5085500478744507
539,53.9,54.9,0.5406213998794556,0.5406213998794556
540,54.0,55.0,0.3752819001674652,0.3752819001674652
541,54.1,55.1,0.48000234365463257,0.48000234365463257
542,54.2,55.2,0.5276745557785034,0.5276745557785034
543,54.3,55.3,0.4650883972644806,0.4650883972644806
544,54.4,55.4,0.506769597530365,0.506769597530365
545,54.5,55.5,0.48375919461250305,0.48375919461250305
546,54.6,55.6,0.4475443363189697,0.4475443363189697
547,54.7,55.7,0.47607314586639404,0.47607314586639404
548,54.8,55.8,0.5056034922599792,0.5056034922599792
549,54.9,55.9,0.46549609303474426,0.46549609303474426
550,55.0,56.0,0.49236226081848145,0.49236226081848145
551,55.1,56.1,0.5074908137321472,0.5074908137321472
552,55.2,56.2,0.48000434041023254,0.48000434041023254
553,55.3,56.3,0.487580806016922,0.487580806016922
554,55.4,56.4,0.48386529088020325,0.48386529088020325
555,55.5,56.5,0.4907856583595276,0.4907856583595276
556,55.6,56.6,0.5009815692901611,0.5009815692901611
557,55.7,56.7,0.5177489519119263,0.5177489519119263
558,55.8,56.8,0.5270879864692688,0.5270879864692688
559,55.9,56.9,0.612359344959259,0.612359344959259
560,56.0,57.0,0.5698608160018921,0.5698608160018921
561,56.1,57.1,0.5588753819465637,0.5588753819465637
562,56.2,57.2,0.5433188080787659,0.5433188080787659
563,56.3,57.3,0.5921055674552917,0.5921055674552917
564,56.4,57.4,0.44610679149627686,0.44610679149627686
565,56.5,57.5,0.4239230453968048,0.4239230453968048
566,56.6,57.6,0.4691455662250519,0.4691455662250519
567,56.7,57.7,0.48881566524505615,0.48881566524505615
568,56.8,57.8,0.5139854550361633,0.5139854550361633
569,56.9,57.9,0.4728838801383972,0.4728838801383972
570,57.0,58.0,0.4329853951931,0.4329853951931
571,57.1,58.1,0.4826469421386719,0.4826469421386719
572,57.2,58.2,0.46553996205329895,0.46553996205329895
573,57.3,58.3,0.5910642147064209,0.5910642147064209
574,57.4,58.4,0.521886944770813,0.521886944770813
575,57.5,58.5,0.5046520233154297,0.5046520233154297
576,57.6,58.6,0.5684735178947449,0.5684735178947449
577,57.7,58.7,0.4870763123035431,0.4870763123035431
578,57.8,58.8,0.45770421624183655,0.45770421624183655
579,57.9,58.9,0.37934744358062744,0.37934744358062744
580,58.0,59.0,0.49374642968177795,0.49374642968177795
581,58.1,59.1,0.551893413066864,0.551893413066864
582,58.2,59.2,0.6286466717720032,0.6286466717720032
583,58.3,59.3,0.6798864006996155,0.6798864006996155
584,58.4,59.4,0.6258593201637268,0.6258593201637268
585,58.5,59.5,0.6319113373756409,0.6319113373756409
586,58.6,59.6,0.5656748414039612,0.5656748414039612
587,58.7,59.7,0.531069278717041,0.531069278717041
588,58.8,59.8,0.4905739426612854,0.4905739426612854
589,58.9,59.9,0.48278993368148804,0.48278993368148804
590,59.0,60.0,0.5722097754478455,0.5722097754478455
591,59.1,60.1,0.3625987768173218,0.3625987768173218
592,59.2,60.2,0.4260406196117401,0.4260406196117401
593,59.3,60.3,0.3392356038093567,0.3392356038093567
594,59.4,60.4,0.3348943293094635,0.3348943293094635
595,59.5,60.5,0.5083101391792297,0.5083101391792297
596,59.6,60.6,0.4357936978340149,0.4357936978340149
597,59.7,60.7,0.4929409921169281,0.4929409921169281
598,59.8,60.8,0.5130314230918884,0.5130314230918884
599,59.9,60.9,0.5703756213188171,0.5703756213188171
600,60.0,61.0,0.48409947752952576,0.48409947752952576
601,60.1,61.1,0.5885132551193237,0.5885132551193237
602,60.2,61.2,0.5383647084236145,0.5383647084236145
603,60.3,61.3,0.5438392162322998,0.5438392162322998
604,60.4,61.4,0.4695318937301636,0.4695318937301636
605,60.5,61.5,0.43720972537994385,0.43720972537994385
606,60.6,61.6,0.477576345205307,0.477576345205307
607,60.7,61.7,0.4358646273612976,0.4358646273612976
608,60.8,61.8,0.4353125989437103,0.4353125989437103
609,60.9,61.9,0.4848414659500122,0.4848414659500122
610,61.0,62.0,0.46649086475372314,0.46649086475372314
611,61.1,62.1,0.45503416657447815,0.45503416657447815
612,61.2,62.2,0.540428876876831,0.540428876876831
613,61.3,62.3,0.5388113856315613,0.5388113856315613
614,61.4,62.4,0.5721002221107483,0.5721002221107483
615,61.5,62.5,0.6290429830551147,0.6290429830551147
616,61.6,62.6,0.6020565629005432,0.6020565629005432
617,61.7,62.7,0.5755748152732849,0.5755748152732849
618,61.8,62.8,0.5447936058044434,0.5447936058044434
619,61.9,62.9,0.49283847212791443,0.49283847212791443
620,62.0,63.0,0.5751273036003113,0.5751273036003113
621,62.1,63.1,0.5511527061462402,0.5511527061462402
622,62.2,63.2,0.5121781826019287,0.5121781826019287
623,62.3,63.3,0.46300655603408813,0.46300655603408813
624,62.4,63.4,0.44846054911613464,0.44846054911613464
625,62.5,63.5,0.44268184900283813,0.44268184900283813
626,62.6,63.6,0.43928855657577515,0.43928855657577515
627,62.7,63.7,0.5178103446960449,0.5178103446960449
628,62.8,63.8,0.4809723198413849,0.4809723198413849
629,62.9,63.9,0.4777398407459259,0.4777398407459259
630,63.0,64.0,0.45158088207244873,0.45158088207244873
631,63.1,64.1,0.5219939947128296,0.5219939947128296
632,63.2,64.2,0.4703390598297119,0.4703390598297119
633,63.3,64.3,0.5107539892196655,0.5107539892196655
634,63.4,64.4,0.4538452625274658,0.4538452625274658
635,63.5,64.5,0.4994277358055115,0.4994277358055115
636,63.6,64.6,0.5518057346343994,0.5518057346343994
637,63.7,64.7,0.5103858709335327,0.5103858709335327
638,63.8,64.8,0.4873943328857422,0.4873943328857422
639,63.9,64.9,0.4430094361305237,0.4430094361305237
640,64.0,65.0,0.4671645760536194,0.4671645760536194
641,64.1,65.1,0.363155335187912,0.363155335187912
642,64.2,65.2,0.501499354839325,0.501499354839325
643,64.3,65.3,0.5133034586906433,0.5133034586906433
644,64.4,65.4,0.47013354301452637,0.47013354301452637
645,64.5,65.5,0.47813668847084045,0.47813668847084045
646,64.6,65.6,0.5654116868972778,0.5654116868972778
647,64.7,65.7,0.5534815788269043,0.5534815788269043
648,64.8,65.8,0.5247037410736084,0.5247037410736084
649,64.9,65.9,0.48278290033340454,0.48278290033340454
650,65.0,66.0,0.4783788323402405,0.4783788323402405
651,65.1,66.1,0.5405388474464417,0.5405388474464417
652,65.2,66.2,0.5100358128547668,0.5100358128547668
653,65.3,66.3,0.4523945152759552,0.4523945152759552
654,65.4,66.4,0.4907429814338684,0.4907429814338684
655,65.5,66.5,0.4778739809989929,0.4778739809989929
656,65.6,66.6,0.43585914373397827,0.43585914373397827
657,65.7,66.7,0.41376030445098877,0.41376030445098877
658,65.8,66.8,0.42301639914512634,0.42301639914512634
659,65.9,66.9,0.41582927107810974,0.41582927107810974
660,66.0,67.0,0.3866127133369446,0.3866127133369446
661,66.1,67.1,0.4539465606212616,0.4539465606212616
662,66.2,67.2,0.47838354110717773,0.47838354110717773
663,66.3,67.3,0.5706964135169983,0.5706964135169983
664,66.4,67.4,0.5990303754806519,0.5990303754806519
665,66.5,67.5,0.5933272838592529,0.5933272838592529
666,66.6,67.6,0.5393326878547668,0.5393326878547668
667,66.7,67.7,0.5125619173049927,0.5125619173049927
668,66.8,67.8,0.5239447951316833,0.5239447951316833
669,66.9,67.9,0.507904589176178,0.507904589176178
670,67.0,68.0,0.486629456281662,0.486629456281662
671,67.1,68.1,0.5152828097343445,0.5152828097343445
672,67.2,68.2,0.4877063035964966,0.4877063035964966
673,67.3,68.3,0.4668097496032715,0.4668097496032715
674,67.4,68.4,0.3885350227355957,0.3885350227355957
675,67.5,68.5,0.4086643159389496,0.4086643159389496
676,67.6,68.6,0.4457603693008423,0.4457603693008423
677,67.7,68.7,0.5285953879356384,0.5285953879356384
678,67.8,68.8,0.5908027291297913,0.5908027291297913
679,67.9,68.9,0.6125167608261108,0.6125167608261108
680,68.0,69.0,0.4852486252784729,0.4852486252784729
681,68.1,69.1,0.48358154296875,0.48358154296875
682,68.2,69.2,0.5220372080802917,0.5220372080802917
683,68.3,69.3,0.5554323196411133,0.5554323196411133
684,68.4,69.4,0.5668543577194214,0.5668543577194214
685,68.5,69.5,0.5621623396873474,0.5621623396873474
686,68.6,69.6,0.5620115995407104,0.5620115995407104
687,68.7,69.7,0.3184007406234741,0.3184007406234741
688,68.8,69.8,0.383573442697525,0.383573442697525
689,68.9,69.9,0.3477100729942322,0.3477100729942322
690,69.0,70.0,0.38606691360473633,0.38606691360473633
691,69.1,70.1,0.3353056013584137,0.3353056013584137
692,69.2,70.2,0.40122729539871216,0.40122729539871216
693,69.3,70.3,0.4655658006668091,0.4655658006668091
694,69.4,70.4,0.4282870888710022,0.4282870888710022
695,69.5,70.5,0.44159895181655884,0.44159895181655884
696,69.6,70.6,0.5245033502578735,0.5245033502578735
697,69.7,70.7,0.46159112453460693,0.46159112453460693
698,69.8,70.8,0.5161672830581665,0.5161672830581665
699,69.9,70.9,0.536346435546875,0.536346435546875
700,70.0,71.0,0.5428151488304138,0.5428151488304138
701,70.1,71.1,0.56682288646698,0.56682288646698
702,70.2,71.2,0.5676440596580505,0.5676440596580505
703,70.3,71.3,0.506872296333313,0.506872296333313
704,70.4,71.4,0.5156542658805847,0.5156542658805847
705,70.5,71.5,0.45745062828063965,0.45745062828063965
706,70.6,71.6,0.46526584029197693,0.46526584029197693
707,70.7,71.7,0.4789174199104309,0.4789174199104309
708,70.8,71.8,0.5167044401168823,0.5167044401168823
709,70.9,71.9,0.5256298184394836,0.5256298184394836
710,71.0,72.0,0.4472656846046448,0.4472656846046448
711,71.1,72.1,0.541927695274353,0.541927695274353
712,71.2,72.2,0.44133785367012024,0.44133785367012024
713,71.3,72.3,0.4759364724159241,0.4759364724159241
714,71.4,72.4,0.5704758763313293,0.5704758763313293
715,71.5,72.5,0.5753251314163208,0.5753251314163208
716,71.6,72.6,0.34043657779693604,0.34043657779693604
717,71.7,72.7,0.350295752286911,0.350295752286911
718,71.8,72.8,0.4347526431083679,0.4347526431083679
719,71.9,72.9,0.5944681763648987,0.5944681763648987
720,72.0,73.0,0.5509655475616455,0.5509655475616455
721,72.1,73.1,0.568479597568512,0.568479597568512
722,72.2,73.2,0.5412341952323914,0.5412341952323914
723,72.3,73.3,0.524028480052948,0.524028480052948
724,72.4,73.4,0.5626030564308167,0.5626030564308167
725,72.5,73.5,0.567977786064148,0.567977786064148
726,72.6,73.6,0.5667082071304321,0.5667082071304321
727,72.7,73.7,0.5125401020050049,0.5125401020050049
728,72.8,73.8,0.5428670644760132,0.5428670644760132
729,72.9,73.9,0.46492400765419006,0.46492400765419006
730,73.0,74.0,0.5004392266273499,0.5004392266273499
731,73.1,74.1,0.49150213599205017,0.49150213599205017
732,73.2,74.2,0.49187958240509033,0.49187958240509033
733,73.3,74.3,0.5043477416038513,0.5043477416038513
734,73.4,74.4,0.5438892245292664,0.5438892245292664
735,73.5,74.5,0.4598974287509918,0.4598974287509918
736,73.6,74.6,0.570524275302887,0.570524275302887
737,73.7,74.7,0.5318458676338196,0.5318458676338196
738,73.8,74.8,0.521011471748352,0.521011471748352
739,73.9,74.9,0.47974351048469543,0.47974351048469543
740,74.0,75.0,0.4967171549797058,0.4967171549797058
741,74.1,75.1,0.44951871037483215,0.44951871037483215
742,74.2,75.2,0.4707113206386566,0.4707113206386566
743,74.3,75.3,0.4907698929309845,0.4907698929309845
744,74.4,75.4,0.3438261151313782,0.3438261151313782
745,74.5,75.5,0.464613676071167,0.464613676071167
746,74.6,75.6,0.42782062292099,0.42782062292099
747,74.7,75.7,0.45086735486984253,0.45086735486984253
748,74.8,75.8,0.5632360577583313,0.5632360577583313
749,74.9,75.9,0.49878808856010437,0.49878808856010437
750,75.0,76.0,0.49823668599128723,0.49823668599128723
751,75.1,76.1,0.4839373528957367,0.4839373528957367
752,75.2,76.2,0.5943781733512878,0.5943781733512878
753,75.3,76.3,0.5753236413002014,0.5753236413002014
754,75.4,76.4,0.5720616579055786,0.5720616579055786
755,75.5,76.5,0.5523020029067993,0.5523020029067993
756,75.6,76.6,0.549409806728363,0.549409806728363
757,75.7,76.7,0.4381369650363922,0.4381369650363922
758,75.8,76.8,0.5506966710090637,0.5506966710090637
759,75.9,76.9,0.40713128447532654,0.40713128447532654
760,76.0,77.0,0.4851920008659363,0.4851920008659363
761,76.1,77.1,0.5227515697479248,0.5227515697479248
762,76.2,77.2,0.493860125541687,0.493860125541687
763,76.3,77.3,0.47141239047050476,0.47141239047050476
764,76.4,77.4,0.4891950786113739,0.4891950786113739
765,76.5,77.5,0.46723711490631104,0.46723711490631104
766,76.6,77.6,0.43574395775794983,0.43574395775794983
767,76.7,77.7,0.4025668799877167,0.4025668799877167
768,76.8,77.8,0.486266553401947,0.486266553401947
769,76.9,77.9,0.4063623249530792,0.4063623249530792
770,77.0,78.0,0.4065864682197571,0.4065864682197571
771,77.1,78.1,0.3772450089454651,0.3772450089454651
772,77.2,78.2,0.3944389820098877,0.3944389820098877
773,77.3,78.3,0.42354029417037964,0.42354029417037964
774,77.4,78.4,0.3646896481513977,0.3646896481513977
775,77.5,78.5,0.47666457295417786,0.47666457295417786
776,77.6,78.6,0.44852179288864136,0.44852179288864136
777,77.7,78.7,0.4652850925922394,0.4652850925922394
778,77.8,78.8,0.3850688338279724,0.3850688338279724
779,77.9,78.9,0.5558916330337524,0.5558916330337524
780,78.0,79.0,0.4961187541484833,0.4961187541484833
781,78.1,79.1,0.49625125527381897,0.49625125527381897
782,78.2,79.2,0.5397660136222839,0.5397660136222839
783,78.3,79.3,0.5093140006065369,0.5093140006065369
784,78.4,79.4,0.4513751268386841,0.4513751268386841
785,78.5,79.5,0.4876963496208191,0.4876963496208191
786,78.6,79.6,0.5393447279930115,0.5393447279930115
787,78.7,79.7,0.4364217519760132,0.4364217519760132
788,78.8,79.8,0.4207506477832794,0.4207506477832794
789,78.9,79.9,0.41024643182754517,0.41024643182754517
790,79.0,80.0,0.3888065218925476,0.3888065218925476
791,79.1,80.1,0.45317476987838745,0.45317476987838745
792,79.2,80.2,0.47022897005081177,0.47022897005081177
793,79.3,80.3,0.4151318371295929,0.4151318371295929
794,79.4,80.4,0.4683644473552704,0.4683644473552704
795,79.5,80.5,0.43225976824760437,0.43225976824760437
796,79.6,80.6,0.47184666991233826,0.47184666991233826
797,79.7,80.7,0.46800732612609863,0.46800732612609863
798,79.8,80.8,0.4231504499912262,0.4231504499912262
799,79.9,80.9,0.44140368700027466,0.44140368700027466
800,80.0,81.0,0.31851956248283386,0.31851956248283386
801,80.1,81.1,0.4737914800643921,0.4737914800643921
802,80.2,81.2,0.3235587179660797,0.3235587179660797
803,80.3,81.3,0.49533265829086304,0.49533265829086304
804,80.4,81.4,0.4751167893409729,0.4751167893409729
805,80.5,81.5,0.5099144577980042,0.5099144577980042
806,80.6,81.6,0.47922343015670776,0.47922343015670776
807,80.7,81.7,0.5081748366355896,0.5081748366355896
808,80.8,81.8,0.44462889432907104,0.44462889432907104
809,80.9,81.9,0.5165730714797974,0.5165730714797974
810,81.0,82.0,0.49131011962890625,0.49131011962890625
811,81.1,82.1,0.5227125287055969,0.5227125287055969
812,81.2,82.2,0.4638337194919586,0.4638337194919586
813,81.3,82.3,0.515497624874115,0.515497624874115
814,81.4,82.4,0.5149791836738586,0.5149791836738586
815,81.5,82.5,0.567852258682251,0.567852258682251
816,81.6,82.6,0.5477674603462219,0.5477674603462219
817,81.7,82.7,0.5403097867965698,0.5403097867965698
818,81.8,82.8,0.460080623626709,0.460080623626709
819,81.9,82.9,0.3711415231227875,0.3711415231227875
820,82.0,83.0,0.3940431475639343,0.3940431475639343
821,82.1,83.1,0.37130120396614075,0.37130120396614075
822,82.2,83.2,0.34736841917037964,0.34736841917037964
823,82.3,83.3,0.3652057945728302,0.3652057945728302
824,82.4,83.4,0.3126649260520935,0.3126649260520935
825,82.5,83.5,0.44380825757980347,0.44380825757980347
826,82.6,83.6,0.5165087580680847,0.5165087580680847
827,82.7,83.7,0.5449953079223633,0.5449953079223633
828,82.8,83.8,0.5046047568321228,0.5046047568321228
829,82.9,83.9,0.5901430249214172,0.5901430249214172
830,83.0,84.0,0.6059800386428833,0.6059800386428833
831,83.1,84.1,0.6144193410873413,0.6144193410873413
832,83.2,84.2,0.5893704295158386,0.5893704295158386
833,83.3,84.3,0.5537262558937073,0.5537262558937073
834,83.4,84.4,0.4609466791152954,0.4609466791152954
835,83.5,84.5,0.4252801537513733,0.4252801537513733
836,83.6,84.6,0.3986089527606964,0.3986089527606964
837,83.7,84.7,0.42855581641197205,0.42855581641197205
838,83.8,84.8,0.40909793972969055,0.40909793972969055
839,83.9,84.9,0.44404032826423645,0.44404032826423645
840,84.0,85.0,0.3492646813392639,0.3492646813392639
841,84.1,85.1,0.3589906692504883,0.3589906692504883
842,84.2,85.2,0.3580528199672699,0.3580528199672699
843,84.3,85.3,0.39469778537750244,0.39469778537750244
844,84.4,85.4,0.2942298352718353,0.2942298352718353
845,84.5,85.5,0.39860406517982483,0.39860406517982483
846,84.6,85.6,0.37958207726478577,0.37958207726478577
847,84.7,85.7,0.42553961277008057,0.42553961277008057
848,84.8,85.8,0.45467957854270935,0.45467957854270935
849,84.9,85.9,0.3026024401187897,0.3026024401187897
850,85.0,86.0,0.3522646129131317,0.3522646129131317
851,85.1,86.1,0.3585416376590729,0.3585416376590729
852,85.2,86.2,0.4494503438472748,0.4494503438472748
853,85.3,86.3,0.5453247427940369,0.5453247427940369
854,85.4,86.4,0.5160492658615112,0.5160492658615112
855,85.5,86.5,0.5720376372337341,0.5720376372337341
856,85.6,86.6,0.5201010704040527,0.5201010704040527
857,85.7,86.7,0.5301795601844788,0.5301795601844788
858,85.8,86.8,0.5320685505867004,0.5320685505867004
859,85.9,86.9,0.5249504446983337,0.5249504446983337
860,86.0,87.0,0.47806257009506226,0.47806257009506226
861,86.1,87.1,0.5435035228729248,0.5435035228729248
862,86.2,87.2,0.578113853931427,0.578113853931427
863,86.3,87.3,0.7473649978637695,0.7473649978637695
864,86.4,87.4,0.8071693181991577,0.8071693181991577
865,86.5,87.5,0.8015581965446472,0.8015581965446472
866,86.6,87.6,0.7086043357849121,0.7086043357849121
867,86.7,87.7,0.6947608590126038,0.6947608590126038
868,86.8,87.8,0.7040047645568848,0.7040047645568848
869,86.9,87.9,0.6678180694580078,0.6678180694580078
870,87.0,88.0,0.701920747756958,0.701920747756958
871,87.1,88.1,0.673815906047821,0.673815906047821
872,87.2,88.2,0.6393742561340332,0.6393742561340332
873,87.3,88.3,0.49887725710868835,0.49887725710868835
874,87.4,88.4,0.5767951607704163,0.5767951607704163
875,87.5,88.5,0.5420343279838562,0.5420343279838562
876,87.6,88.6,0.5011146664619446,0.5011146664619446
877,87.7,88.7,0.4720669984817505,0.4720669984817505
878,87.8,88.8,0.45225614309310913,0.45225614309310913
879,87.9,88.9,0.43140774965286255,0.43140774965286255
880,88.0,89.0,0.4100188910961151,0.4100188910961151
881,88.1,89.1,0.36150461435317993,0.36150461435317993
882,88.2,89.2,0.34584149718284607,0.34584149718284607
883,88.3,89.3,0.36704984307289124,0.36704984307289124
884,88.4,89.4,0.45883044600486755,0.45883044600486755
885,88.5,89.5,0.44356247782707214,0.44356247782707214
886,88.6,89.6,0.4458410441875458,0.4458410441875458
887,88.7,89.7,0.39166563749313354,0.39166563749313354
888,88.8,89.8,0.4511107802391052,0.4511107802391052
889,88.9,89.9,0.614184558391571,0.614184558391571
890,89.0,90.0,0.5289281606674194,0.5289281606674194
891,89.1,90.1,0.49567940831184387,0.49567940831184387
892,89.2,90.2,0.5420259237289429,0.5420259237289429
893,89.3,90.3,0.5326640605926514,0.5326640605926514
894,89.4,90.4,0.47667187452316284,0.47667187452316284
895,89.5,90.5,0.5064123272895813,0.5064123272895813
896,89.6,90.6,0.46215173602104187,0.46215173602104187
897,89.7,90.7,0.46884092688560486,0.46884092688560486
898,89.8,90.8,0.5544677972793579,0.5544677972793579
899,89.9,90.9,0.5567137598991394,0.5567137598991394
900,90.0,91.0,0.48735570907592773,0.48735570907592773
901,90.1,91.1,0.46180206537246704,0.46180206537246704
902,90.2,91.2,0.41331377625465393,0.41331377625465393
903,90.3,91.3,0.5728134512901306,0.5728134512901306
904,90.4,91.4,0.35853272676467896,0.35853272676467896
905,90.5,91.5,0.40492039918899536,0.40492039918899536
906,90.6,91.6,0.40469902753829956,0.40469902753829956
907,90.7,91.7,0.445220023393631,0.445220023393631
908,90.8,91.8,0.46249327063560486,0.46249327063560486
909,90.9,91.9,0.36016646027565,0.36016646027565
910,91.0,92.0,0.33240023255348206,0.33240023255348206
911,91.1,92.1,0.3636138439178467,0.3636138439178467
912,91.2,92.2,0.4819476902484894,0.4819476902484894
913,91.3,92.3,0.42495590448379517,0.42495590448379517
914,91.4,92.4,0.35038065910339355,0.35038065910339355
915,91.5,92.5,0.44512683153152466,0.44512683153152466
916,91.6,92.6,0.386381059885025,0.386381059885025
917,91.7,92.7,0.3462064564228058,0.3462064564228058
918,91.8,92.8,0.4101502299308777,0.4101502299308777
919,91.9,92.9,0.5232049822807312,0.5232049822807312
920,92.0,93.0,0.3601125180721283,0.3601125180721283
921,92.1,93.1,0.36519384384155273,0.36519384384155273
922,92.2,93.2,0.5404614806175232,0.5404614806175232
923,92.3,93.3,0.5011734366416931,0.5011734366416931
924,92.4,93.4,0.4858476519584656,0.4858476519584656
925,92.5,93.5,0.45899903774261475,0.45899903774261475
926,92.6,93.6,0.4596783220767975,0.4596783220767975
927,92.7,93.7,0.39810484647750854,0.39810484647750854
928,92.8,93.8,0.4294392168521881,0.4294392168521881
929,92.9,93.9,0.4927206039428711,0.4927206039428711
930,93.0,94.0,0.4899199903011322,0.4899199903011322
931,93.1,94.1,0.45573049783706665,0.45573049783706665
932,93.2,94.2,0.38887161016464233,0.38887161016464233
933,93.3,94.3,0.3497077524662018,0.3497077524662018
934,93.4,94.4,0.2973155677318573,0.2973155677318573
935,93.5,94.5,0.40456172823905945,0.40456172823905945
936,93.6,94.6,0.4207778871059418,0.4207778871059418
937,93.7,94.7,0.36443814635276794,0.36443814635276794
938,93.8,94.8,0.4596283733844757,0.4596283733844757
939,93.9,94.9,0.5351324677467346,0.5351324677467346
940,94.0,95.0,0.538271963596344,0.538271963596344
941,94.1,95.1,0.5253347754478455,0.5253347754478455
942,94.2,95.2,0.45301103591918945,0.45301103591918945
943,94.3,95.3,0.4375704228878021,0.4375704228878021
944,94.4,95.4,0.4263966381549835,0.4263966381549835
945,94.5,95.5,0.38592255115509033,0.38592255115509033
946,94.6,95.6,0.3977801501750946,0.3977801501750946
947,94.7,95.7,0.4661393165588379,0.4661393165588379
948,94.8,95.8,0.4590604603290558,0.4590604603290558
949,94.9,95.9,0.36116456985473633,0.36116456985473633
950,95.0,96.0,0.34794849157333374,0.34794849157333374
951,95.1,96.1,0.3614160716533661,0.3614160716533661
952,95.2,96.2,0.36046019196510315,0.36046019196510315
953,95.3,96.3,0.31556540727615356,0.31556540727615356
954,95.4,96.4,0.37630364298820496,0.37630364298820496
955,95.5,96.5,0.36247169971466064,0.36247169971466064
956,95.6,96.6,0.4978283643722534,0.4978283643722534
957,95.7,96.7,0.44687703251838684,0.44687703251838684
958,95.8,96.8,0.4922938346862793,0.4922938346862793
959,95.9,96.9,0.4791302978992462,0.4791302978992462
960,96.0,97.0,0.4380635619163513,0.4380635619163513
961,96.1,97.1,0.44810545444488525,0.44810545444488525
962,96.2,97.2,0.45747923851013184,0.45747923851013184
963,96.3,97.3,0.43258267641067505,0.43258267641067505
964,96.4,97.4,0.44627389311790466,0.44627389311790466
965,96.5,97.5,0.4138527810573578,0.4138527810573578
966,96.6,97.6,0.3696991801261902,0.3696991801261902
967,96.7,97.7,0.2950073480606079,0.2950073480606079
968,96.8,97.8,0.23771299421787262,0.23771299421787262
969,96.9,97.9,0.4595071077346802,0.4595071077346802
970,97.0,98.0,0.48622381687164307,0.48622381687164307
971,97.1,98.1,0.4264267683029175,0.4264267683029175
972,97.2,98.2,0.4672451615333557,0.4672451615333557
973,97.3,98.3,0.48707568645477295,0.48707568645477295
974,97.4,98.4,0.5294290781021118,0.5294290781021118
975,97.5,98.5,0.49257588386535645,0.49257588386535645
976,97.6,98.6,0.47150951623916626,0.47150951623916626
977,97.7,98.7,0.45777320861816406,0.45777320861816406
978,97.8,98.8,0.439115434885025,0.439115434885025
979,97.9,98.9,0.4494456350803375,0.4494456350803375
980,98.0,99.0,0.46143847703933716,0.46143847703933716
981,98.1,99.1,0.4324023127555847,0.4324023127555847
982,98.2,99.2,0.4619390070438385,0.4619390070438385
983,98.3,99.3,0.4890868365764618,0.4890868365764618
984,98.4,99.4,0.43151986598968506,0.43151986598968506
985,98.5,99.5,0.43409305810928345,0.43409305810928345
986,98.6,99.6,0.44628965854644775,0.44628965854644775
987,98.7,99.7,0.44166702032089233,0.44166702032089233
988,98.8,99.8,0.46964478492736816,0.46964478492736816
989,98.9,99.9,0.4592539668083191,0.4592539668083191
990,99.0,100.0,0.47357988357543945,0.47357988357543945
991,99.1,100.1,0.41106897592544556,0.41106897592544556
992,99.2,100.2,0.39272964000701904,0.39272964000701904
993,99.3,100.3,0.4768383800983429,0.4768383800983429
994,99.4,100.4,0.4775795042514801,0.4775795042514801
995,99.5,100.5,0.507439136505127,0.507439136505127
996,99.6,100.6,0.4408147633075714,0.4408147633075714
997,99.7,100.7,0.3939591348171234,0.3939591348171234
998,99.8,100.8,0.5714136958122253,0.5714136958122253
999,99.9,100.9,0.533111035823822,0.533111035823822
1000,100.0,101.0,0.4717133045196533,0.4717133045196533
1001,100.1,101.1,0.5837298631668091,0.5837298631668091
1002,100.2,101.2,0.5626204609870911,0.5626204609870911
1003,100.3,101.3,0.527387261390686,0.527387261390686
1004,100.4,101.4,0.4346354007720947,0.4346354007720947
1005,100.5,101.5,0.4359745383262634,0.4359745383262634
1006,100.6,101.6,0.45108869671821594,0.45108869671821594
1007,100.7,101.7,0.4610053598880768,0.4610053598880768
1008,100.8,101.8,0.543876051902771,0.543876051902771
1009,100.9,101.9,0.5423995852470398,0.5423995852470398
1010,101.0,102.0,0.4992011785507202,0.4992011785507202
1011,101.1,102.1,0.42579013109207153,0.42579013109207153
1012,101.2,102.2,0.34595969319343567,0.34595969319343567
1013,101.3,102.3,0.3963610529899597,0.3963610529899597
1014,101.4,102.4,0.31207501888275146,0.31207501888275146
1015,101.5,102.5,0.3134825825691223,0.3134825825691223
1016,101.6,102.6,0.3620806038379669,0.3620806038379669
1017,101.7,102.7,0.4172116219997406,0.4172116219997406
1018,101.8,102.8,0.43991178274154663,0.43991178274154663
1019,101.9,102.9,0.32912707328796387,0.32912707328796387
1020,102.0,103.0,0.430693119764328,0.430693119764328
1021,102.1,103.1,0.38334229588508606,0.38334229588508606
1022,102.2,103.2,0.4086484909057617,0.4086484909057617
1023,102.3,103.3,0.4448927640914917,0.4448927640914917
1024,102.4,103.4,0.466216117143631,0.466216117143631
1025,102.5,103.5,0.489989697933197,0.489989697933197
1026,102.6,103.6,0.47832682728767395,0.47832682728767395
1027,102.7,103.7,0.45119941234588623,0.45119941234588623
1028,102.8,103.8,0.5359303951263428,0.5359303951263428
1029,102.9,103.9,0.50596022605896,0.50596022605896
1030,103.0,104.0,0.5024035573005676,0.5024035573005676
1031,103.1,104.1,0.496762752532959,0.496762752532959
1032,103.2,104.2,0.6161689162254333,0.6161689162254333
1033,103.3,104.3,0.4320855140686035,0.4320855140686035
1034,103.4,104.4,0.28492242097854614,0.28492242097854614
1035,103.5,104.5,0.419176310300827,0.419176310300827
1036,103.6,104.6,0.44855907559394836,0.44855907559394836
1037,103.7,104.7,0.2611798346042633,0.2611798346042633
1038,103.8,104.8,0.34161972999572754,0.34161972999572754
1039,103.9,104.9,0.29100218415260315,0.29100218415260315
1040,104.0,105.0,0.21671676635742188,0.21671676635742188
1041,104.1,105.1,0.15948300063610077,0.15948300063610077
1042,104.2,105.2,0.30760711431503296,0.30760711431503296
1043,104.3,105.3,0.37433022260665894,0.37433022260665894
1044,104.4,105.4,0.36085423827171326,0.36085423827171326
1045,104.5,105.5,0.4223504364490509,0.4223504364490509
1046,104.6,105.6,0.486443430185318,0.486443430185318
1047,104.7,105.7,0.3694937229156494,0.3694937229156494
1048,104.8,105.8,0.4564163386821747,0.4564163386821747
1049,104.9,105.9,0.43691831827163696,0.43691831827163696
1050,105.0,106.0,0.4219091832637787,0.4219091832637787
1051,105.1,106.1,0.46245312690734863,0.46245312690734863
1052,105.2,106.2,0.42692139744758606,0.42692139744758606
1053,105.3,106.3,0.5060524940490723,0.5060524940490723
1054,105.4,106.4,0.4292333424091339,0.4292333424091339
1055,105.5,106.5,0.46729812026023865,0.46729812026023865
1056,105.6,106.6,0.4003830552101135,0.4003830552101135
1057,105.7,106.7,0.46550604701042175,0.46550604701042175
1058,105.8,106.8,0.5156116485595703,0.5156116485595703
1059,105.9,106.9,0.4812319874763489,0.4812319874763489
1060,106.0,107.0,0.5693740844726562,0.5693740844726562
1061,106.1,107.1,0.5790892243385315,0.5790892243385315
1062,106.2,107.2,0.5895230174064636,0.5895230174064636
1063,106.3,107.3,0.4688016176223755,0.4688016176223755
1064,106.4,107.4,0.4790416359901428,0.4790416359901428
1065,106.5,107.5,0.48054665327072144,0.48054665327072144
1066,106.6,107.6,0.4735508859157562,0.4735508859157562
1067,106.7,107.7,0.436977356672287,0.436977356672287
1068,106.8,107.8,0.4803001284599304,0.4803001284599304
1069,106.9,107.9,0.4553260803222656,0.4553260803222656
1070,107.0,108.0,0.428379625082016,0.428379625082016
1071,107.1,108.1,0.35847964882850647,0.35847964882850647
1072,107.2,108.2,0.4372183382511139,0.4372183382511139
1073,107.3,108.3,0.537824809551239,0.537824809551239
1074,107.4,108.4,0.5478968620300293,0.5478968620300293
1075,107.5,108.5,0.5208852291107178,0.5208852291107178
1076,107.6,108.6,0.5878682732582092,0.5878682732582092
1077,107.7,108.7,0.6418954730033875,0.6418954730033875
1078,107.8,108.8,0.6598527431488037,0.6598527431488037
1079,107.9,108.9,0.6284193992614746,0.6284193992614746
1080,108.0,109.0,0.6004860997200012,0.6004860997200012
1081,108.1,109.1,0.5062261819839478,0.5062261819839478
1082,108.2,109.2,0.4358683228492737,0.4358683228492737
1083,108.3,109.3,0.3947156071662903,0.3947156071662903
1084,108.4,109.4,0.30175426602363586,0.30175426602363586
1085,108.5,109.5,0.31607258319854736,0.31607258319854736
1086,108.6,109.6,0.3388170897960663,0.3388170897960663
1087,108.7,109.7,0.4004097580909729,0.4004097580909729
1088,108.8,109.8,0.41161927580833435,0.41161927580833435
1089,108.9,109.9,0.38905099034309387,0.38905099034309387
1090,109.0,110.0,0.45320650935173035,0.45320650935173035
1091,109.1,110.1,0.4230972230434418,0.4230972230434418
1092,109.2,110.2,0.4407742917537689,0.4407742917537689
1093,109.3,110.3,0.4313472509384155,0.4313472509384155
1094,109.4,110.4,0.4979860186576843,0.4979860186576843
1095,109.5,110.5,0.5100877285003662,0.5100877285003662
1096,109.6,110.6,0.479227751493454,0.479227751493454
1097,109.7,110.7,0.40950947999954224,0.40950947999954224
1098,109.8,110.8,0.3413785398006439,0.3413785398006439
1099,109.9,110.9,0.4072127640247345,0.4072127640247345
1100,110.0,111.0,0.44060033559799194,0.44060033559799194
1101,110.1,111.1,0.4863995313644409,0.4863995313644409
1102,110.2,111.2,0.5308762788772583,0.5308762788772583
1103,110.3,111.3,0.4688180983066559,0.4688180983066559
1104,110.4,111.4,0.46497854590415955,0.46497854590415955
1105,110.5,111.5,0.5567672848701477,0.5567672848701477
1106,110.6,111.6,0.5874661803245544,0.5874661803245544
1107,110.7,111.7,0.5919324159622192,0.5919324159622192
1108,110.8,111.8,0.5911209583282471,0.5911209583282471
1109,110.9,111.9,0.5612033009529114,0.5612033009529114
1110,111.0,112.0,0.6338772773742676,0.6338772773742676
1111,111.1,112.1,0.6225449442863464,0.6225449442863464
1112,111.2,112.2,0.569657564163208,0.569657564163208
1113,111.3,112.3,0.5607621669769287,0.5607621669769287
1114,111.4,112.4,0.5417073965072632,0.5417073965072632
1115,111.5,112.5,0.5506874322891235,0.5506874322891235
1116,111.6,112.6,0.494128942489624,0.494128942489624
1117,111.7,112.7,0.5343705415725708,0.5343705415725708
1118,111.8,112.8,0.4214746952056885,0.4214746952056885
1119,111.9,112.9,0.49530360102653503,0.49530360102653503
1120,112.0,113.0,0.43092671036720276,0.43092671036720276
1121,112.1,113.1,0.3868022561073303,0.3868022561073303
1122,112.2,113.2,0.31190410256385803,0.31190410256385803
1123,112.3,113.3,0.3424154222011566,0.3424154222011566
1124,112.4,113.4,0.41391879320144653,0.41391879320144653
1125,112.5,113.5,0.4916978180408478,0.4916978180408478
1126,112.6,113.6,0.471331387758255,0.471331387758255
1127,112.7,113.7,0.5424913763999939,0.5424913763999939
1128,112.8,113.8,0.5692232847213745,0.5692232847213745
1129,112.9,113.9,0.6037964224815369,0.6037964224815369
1130,113.0,114.0,0.6031750440597534,0.6031750440597534
1131,113.1,114.1,0.6203455924987793,0.6203455924987793
1132,113.2,114.2,0.49592575430870056,0.49592575430870056
1133,113.3,114.3,0.42410531640052795,0.42410531640052795
1134,113.4,114.4,0.45059216022491455,0.45059216022491455
1135,113.5,114.5,0.39443719387054443,0.39443719387054443
1136,113.6,114.6,0.42692673206329346,0.42692673206329346
1137,113.7,114.7,0.36194080114364624,0.36194080114364624
1138,113.8,114.8,0.43903300166130066,0.43903300166130066
1139,113.9,114.9,0.4108410179615021,0.4108410179615021
1140,114.0,115.0,0.40961405634880066,0.40961405634880066
1141,114.1,115.1,0.37325599789619446,0.37325599789619446
1142,114.2,115.2,0.41673174500465393,0.41673174500465393
1143,114.3,115.3,0.35987940430641174,0.35987940430641174
1144,114.4,115.4,0.37574267387390137,0.37574267387390137
1145,114.5,115.5,0.4762122631072998,0.4762122631072998
1146,114.6,115.6,0.4911353290081024,0.4911353290081024
1147,114.7,115.7,0.3747327923774719,0.3747327923774719
1148,114.8,115.8,0.42811110615730286,0.42811110615730286
1149,114.9,115.9,0.48656129837036133,0.48656129837036133
1150,115.0,116.0,0.48477256298065186,0.48477256298065186
1151,115.1,116.1,0.560589075088501,0.560589075088501
1152,115.2,116.2,0.5494411587715149,0.5494411587715149
1153,115.3,116.3,0.5033603310585022,0.5033603310585022
1154,115.4,116.4,0.4835386276245117,0.4835386276245117
1155,115.5,116.5,0.4644603133201599,0.4644603133201599
1156,115.6,116.6,0.5982561707496643,0.5982561707496643
1157,115.7,116.7,0.3162436783313751,0.3162436783313751
1158,115.8,116.8,0.37665799260139465,0.37665799260139465
1159,115.9,116.9,0.3688543438911438,0.3688543438911438
1160,116.0,117.0,0.4388832747936249,0.4388832747936249
1161,116.1,117.1,0.43722081184387207,0.43722081184387207
1162,116.2,117.2,0.5034310817718506,0.5034310817718506
1163,116.3,117.3,0.5382398962974548,0.5382398962974548
1164,116.4,117.4,0.5478277206420898,0.5478277206420898
1165,116.5,117.5,0.5698292255401611,0.5698292255401611
1166,116.6,117.6,0.6025096774101257,0.6025096774101257
1167,116.7,117.7,0.5342355966567993,0.5342355966567993
1168,116.8,117.8,0.5221447944641113,0.5221447944641113
1169,116.9,117.9,0.4885890483856201,0.4885890483856201
1170,117.0,118.0,0.40511518716812134,0.40511518716812134
1171,117.1,118.1,0.551638126373291,0.551638126373291
1172,117.2,118.2,0.4118797481060028,0.4118797481060028
1173,117.3,118.3,0.3973282277584076,0.3973282277584076
1174,117.4,118.4,0.4287317991256714,0.4287317991256714
1175,117.5,118.5,0.4505428373813629,0.4505428373813629
1176,117.6,118.6,0.444318026304245,0.444318026304245
1177,117.7,118.7,0.42964744567871094,0.42964744567871094
1178,117.8,118.8,0.5074445009231567,0.5074445009231567
1179,117.9,118.9,0.48086342215538025,0.48086342215538025
1180,118.0,119.0,0.46179983019828796,0.46179983019828796
1181,118.1,119.1,0.49634677171707153,0.49634677171707153
1182,118.2,119.2,0.48559507727622986,0.48559507727622986
1183,118.3,119.3,0.4792584776878357,0.4792584776878357
1184,118.4,119.4,0.4775708019733429,0.4775708019733429
1185,118.5,119.5,0.42531827092170715,0.42531827092170715
1186,118.6,119.6,0.5045260190963745,0.5045260190963745
1187,118.7,119.7,0.42806580662727356,0.42806580662727356
1188,118.8,119.8,0.5175285339355469,0.5175285339355469
1189,118.9,119.9,0.3751954436302185,0.3751954436302185
1190,119.0,120.0,0.30354616045951843,0.30354616045951843
1191,119.1,120.1,0.3449353277683258,0.3449353277683258
1192,119.2,120.2,0.31183212995529175,0.31183212995529175
1193,119.3,120.3,0.4512748420238495,0.4512748420238495
1194,119.4,120.4,0.40425625443458557,0.40425625443458557
1195,119.5,120.5,0.43168556690216064,0.43168556690216064
1196,119.6,120.6,0.411458820104599,0.411458820104599
1197,119.7,120.7,0.3021136224269867,0.3021136224269867
1198,119.8,120.8,0.43422743678092957,0.43422743678092957
1199,119.9,120.9,0.4691893756389618,0.4691893756389618
1200,120.0,121.0,0.43402203917503357,0.43402203917503357
1201,120.1,121.1,0.38361644744873047,0.38361644744873047
1202,120.2,121.2,0.4343249201774597,0.4343249201774597
1203,120.3,121.3,0.5024916529655457,0.5024916529655457
1204,120.4,121.4,0.456654816865921,0.456654816865921
1205,120.5,121.5,0.2557617723941803,0.2557617723941803
1206,120.6,121.6,0.33732473850250244,0.33732473850250244
1207,120.7,121.7,0.33027559518814087,0.33027559518814087
1208,120.8,121.8,0.3884652554988861,0.3884652554988861
1209,120.9,121.9,0.275463342666626,0.275463342666626
1210,121.0,122.0,0.36161282658576965,0.36161282658576965
1211,121.1,122.1,0.28116753697395325,0.28116753697395325
1212,121.2,122.2,0.339558869600296,0.339558869600296
1213,121.3,122.3,0.32328328490257263,0.32328328490257263
1214,121.4,122.4,0.33753490447998047,0.33753490447998047
1215,121.5,122.5,0.49159619212150574,0.49159619212150574
1216,121.6,122.6,0.4532583951950073,0.4532583951950073
1217,121.7,122.7,0.5170556306838989,0.5170556306838989
1218,121.8,122.8,0.5116710066795349,0.5116710066795349
1219,121.9,122.9,0.534257709980011,0.534257709980011
1220,122.0,123.0,0.5029959082603455,0.5029959082603455
1221,122.1,123.1,0.4607718288898468,0.4607718288898468
1222,122.2,123.2,0.5232133865356445,0.5232133865356445
1223,122.3,123.3,0.5032569766044617,0.5032569766044617
1224,122.4,123.4,0.49383294582366943,0.49383294582366943
1225,122.5,123.5,0.5459669232368469,0.5459669232368469
1226,122.6,123.6,0.46588069200515747,0.46588069200515747
1227,122.7,123.7,0.5038514733314514,0.5038514733314514
1228,122.8,123.8,0.4199843406677246,0.4199843406677246
1229,122.9,123.9,0.5202757716178894,0.5202757716178894
1230,123.0,124.0,0.4896908700466156,0.4896908700466156
1231,123.1,124.1,0.5375851988792419,0.5375851988792419
1232,123.2,124.2,0.6625263690948486,0.6625263690948486
1233,123.3,124.3,0.6428625583648682,0.6428625583648682
1234,123.4,124.4,0.6848881244659424,0.6848881244659424
1235,123.5,124.5,0.6737555861473083,0.6737555861473083
1236,123.6,124.6,0.6189311742782593,0.6189311742782593
1237,123.7,124.7,0.5926294326782227,0.5926294326782227
1238,123.8,124.8,0.5810536742210388,0.5810536742210388
1239,123.9,124.9,0.58305424451828,0.58305424451828
1240,124.0,125.0,0.5323730111122131,0.5323730111122131
1241,124.1,125.1,0.37617960572242737,0.37617960572242737
1242,124.2,125.2,0.36310991644859314,0.36310991644859314
1243,124.3,125.3,0.2815132737159729,0.2815132737159729
1244,124.4,125.4,0.30637994408607483,0.30637994408607483
1245,124.5,125.5,0.26698777079582214,0.26698777079582214
1246,124.6,125.6,0.21190357208251953,0.21190357208251953
1247,124.7,125.7,0.22586089372634888,0.22586089372634888
1248,124.8,125.8,0.24056388437747955,0.24056388437747955
1249,124.9,125.9,0.3784743547439575,0.3784743547439575
1250,125.0,126.0,0.38232240080833435,0.38232240080833435
1251,125.1,126.1,0.40746256709098816,0.40746256709098816
1252,125.2,126.2,0.4669943153858185,0.4669943153858185
1253,125.3,126.3,0.5155839323997498,0.5155839323997498
1254,125.4,126.4,0.5209305882453918,0.5209305882453918
1255,125.5,126.5,0.42211031913757324,0.42211031913757324
1256,125.6,126.6,0.4214634895324707,0.4214634895324707
1257,125.7,126.7,0.3524058163166046,0.3524058163166046
1258,125.8,126.8,0.42000168561935425,0.42000168561935425
1259,125.9,126.9,0.407864511013031,0.407864511013031
1260,126.0,127.0,0.335317999124527,0.335317999124527
1261,126.1,127.1,0.4260454475879669,0.4260454475879669
1262,126.2,127.2,0.35521963238716125,0.35521963238716125
1263,126.3,127.3,0.4239698350429535,0.4239698350429535
1264,126.4,127.4,0.3738773465156555,0.3738773465156555
1265,126.5,127.5,0.32748717069625854,0.32748717069625854
1266,126.6,127.6,0.4128737449645996,0.4128737449645996
1267,126.7,127.7,0.45719659328460693,0.45719659328460693
1268,126.8,127.8,0.41516754031181335,0.41516754031181335
1269,126.9,127.9,0.44803324341773987,0.44803324341773987
1270,127.0,128.0,0.5097532868385315,0.5097532868385315
1271,127.1,128.1,0.49541857838630676,0.49541857838630676
1272,127.2,128.2,0.5885345339775085,0.5885345339775085
1273,127.3,128.3,0.4881005585193634,0.4881005585193634
1274,127.4,128.4,0.4800499379634857,0.4800499379634857
1275,127.5,128.5,0.5991067886352539,0.5991067886352539
1276,127.6,128.6,0.4663613736629486,0.4663613736629486
1277,127.7,128.7,0.5180351734161377,0.5180351734161377
1278,127.8,128.8,0.4237695336341858,0.4237695336341858
1279,127.9,128.9,0.38478028774261475,0.38478028774261475
1280,128.0,129.0,0.4164483845233917,0.4164483845233917
1281,128.1,129.1,0.40331435203552246,0.40331435203552246
1282,128.2,129.2,0.3862300515174866,0.3862300515174866
1283,128.3,129.3,0.3404853641986847,0.3404853641986847
1284,128.4,129.4,0.3641129732131958,0.3641129732131958
1285,128.5,129.5,0.7382082939147949,0.7382082939147949
1286,128.6,129.6,0.5791909098625183,0.5791909098625183
1287,128.7,129.7,0.6113995313644409,0.6113995313644409
1288,128.8,129.8,0.6638460755348206,0.6638460755348206
1289,128.9,129.9,0.5975064635276794,0.5975064635276794
1290,129.0,130.0,0.5785915851593018,0.5785915851593018
1291,129.1,130.1,0.5310282111167908,0.5310282111167908
1292,129.2,130.2,0.5206766724586487,0.5206766724586487
1293,129.3,130.3,0.4972229599952698,0.4972229599952698
1294,129.4,130.4,0.40659990906715393,0.40659990906715393
1295,129.5,130.5,0.3979285955429077,0.3979285955429077
1296,129.6,130.6,0.3318619430065155,0.3318619430065155
1297,129.7,130.7,0.3078124523162842,0.3078124523162842
1298,129.8,130.8,0.3802558183670044,0.3802558183670044
1299,129.9,130.9,0.3641303479671478,0.3641303479671478
1300,130.0,131.0,0.43010225892066956,0.43010225892066956
1301,130.1,131.1,0.37402215600013733,0.37402215600013733
1302,130.2,131.2,0.47878822684288025,0.47878822684288025
1303,130.3,131.3,0.45886096358299255,0.45886096358299255
1304,130.4,131.4,0.5105207562446594,0.5105207562446594
1305,130.5,131.5,0.6328895092010498,0.6328895092010498
1306,130.6,131.6,0.646403968334198,0.646403968334198
1307,130.7,131.7,0.6427689790725708,0.6427689790725708
1308,130.8,131.8,0.21553675830364227,0.21553675830364227
1309,130.9,131.9,0.2934412658214569,0.2934412658214569
1310,131.0,132.0,0.3203416168689728,0.3203416168689728
1311,131.1,132.1,0.32085809111595154,0.32085809111595154
1312,131.2,132.2,0.2583875060081482,0.2583875060081482
1313,131.3,132.3,0.2948571443557739,0.2948571443557739
1314,131.4,132.4,0.3357149660587311,0.3357149660587311
1315,131.5,132.5,0.35109472274780273,0.35109472274780273
1316,131.6,132.6,0.4375336468219757,0.4375336468219757
1317,131.7,132.7,0.4628029763698578,0.4628029763698578
1318,131.8,132.8,0.712979793548584,0.712979793548584
1319,131.9,132.9,0.6477282047271729,0.6477282047271729
1320,132.0,133.0,0.6502211093902588,0.6502211093902588
1321,132.1,133.1,0.6553292870521545,0.6553292870521545
1322,132.2,133.2,0.6670928001403809,0.6670928001403809
1323,132.3,133.3,0.5467166304588318,0.5467166304588318
1324,132.4,133.4,0.5325613021850586,0.5325613021850586
1325,132.5,133.5,0.6234657168388367,0.6234657168388367
1326,132.6,133.6,0.45413753390312195,0.45413753390312195
1327,132.7,133.7,0.4527149200439453,0.4527149200439453
1328,132.8,133.8,0.40438514947891235,0.40438514947891235
1329,132.9,133.9,0.4239596426486969,0.4239596426486969
1330,133.0,134.0,0.3869817852973938,0.3869817852973938
1331,133.1,134.1,0.383722722530365,0.383722722530365
1332,133.2,134.2,0.3466063439846039,0.3466063439846039
1333,133.3,134.3,0.3639220595359802,0.3639220595359802
1334,133.4,134.4,0.39553090929985046,0.39553090929985046
1335,133.5,134.5,0.43659695982933044,0.43659695982933044
1336,133.6,134.6,0.4921814799308777,0.4921814799308777
1337,133.7,134.7,0.4108586311340332,0.4108586311340332
1338,133.8,134.8,0.3663373291492462,0.3663373291492462
1339,133.9,134.9,0.5258984565734863,0.5258984565734863
1340,134.0,135.0,0.4517320394515991,0.4517320394515991
1341,134.1,135.1,0.5109925270080566,0.5109925270080566
1342,134.2,135.2,0.42106562852859497,0.42106562852859497
1343,134.3,135.3,0.4467451274394989,0.4467451274394989
1344,134.4,135.4,0.13817976415157318,0.13817976415157318
1345,134.5,135.5,0.1369355469942093,0.1369355469942093
1346,134.6,135.6,0.21787884831428528,0.21787884831428528
1347,134.7,135.7,0.22927968204021454,0.22927968204021454
1348,134.8,135.8,0.21193592250347137,0.21193592250347137
1349,134.9,135.9,0.44530725479125977,0.44530725479125977
1350,135.0,136.0,0.2930937111377716,0.2930937111377716
1351,135.1,136.1,0.3348499834537506,0.3348499834537506
1352,135.2,136.2,0.3736010193824768,0.3736010193824768
1353,135.3,136.3,0.3522047996520996,0.3522047996520996
1354,135.4,136.4,0.5110646486282349,0.5110646486282349
1355,135.5,136.5,0.4923350214958191,0.4923350214958191
1356,135.6,136.6,0.5586642622947693,0.5586642622947693
1357,135.7,136.7,0.6051999926567078,0.6051999926567078
1358,135.8,136.8,0.6496754288673401,0.6496754288673401
1359,135.9,136.9,0.504909336566925,0.504909336566925
1360,136.0,137.0,0.5417172908782959,0.5417172908782959
1361,136.1,137.1,0.5705992579460144,0.5705992579460144
1362,136.2,137.2,0.6189582347869873,0.6189582347869873
1363,136.3,137.3,0.5175278186798096,0.5175278186798096
1364,136.4,137.4,0.4735645651817322,0.4735645651817322
1365,136.5,137.5,0.4142598807811737,0.4142598807811737
1366,136.6,137.6,0.47065308690071106,0.47065308690071106
1367,136.7,137.7,0.4708978235721588,0.4708978235721588
1368,136.8,137.8,0.41457802057266235,0.41457802057266235
1369,136.9,137.9,0.3971455693244934,0.3971455693244934
1370,137.0,138.0,0.3729672133922577,0.3729672133922577
1371,137.1,138.1,0.4759269654750824,0.4759269654750824
1372,137.2,138.2,0.473736047744751,0.473736047744751
1373,137.3,138.3,0.5658860206604004,0.5658860206604004
1374,137.4,138.4,0.6130634546279907,0.6130634546279907
1375,137.5,138.5,0.55794358253479,0.55794358253479
1376,137.6,138.6,0.6217204332351685,0.6217204332351685
1377,137.7,138.7,0.6127804517745972,0.6127804517745972
1378,137.8,138.8,0.5360909700393677,0.5360909700393677
1379,137.9,138.9,0.5507832765579224,0.5507832765579224
1380,138.0,139.0,0.4882071018218994,0.4882071018218994
1381,138.1,139.1,0.4946073293685913,0.4946073293685913
1382,138.2,139.2,0.6127402782440186,0.6127402782440186
1383,138.3,139.3,0.4264965355396271,0.4264965355396271
1384,138.4,139.4,0.4929715394973755,0.4929715394973755
1385,138.5,139.5,0.42241108417510986,0.42241108417510986
1386,138.6,139.6,0.41472843289375305,0.41472843289375305
1387,138.7,139.7,0.4292285442352295,0.4292285442352295
1388,138.8,139.8,0.5100469589233398,0.5100469589233398
1389,138.9,139.9,0.5178694128990173,0.5178694128990173
1390,139.0,140.0,0.4970562756061554,0.4970562756061554
1391,139.1,140.1,0.6359570622444153,0.6359570622444153
1392,139.2,140.2,0.6449134945869446,0.6449134945869446
1393,139.3,140.3,0.6054339408874512,0.6054339408874512
1394,139.4,140.4,0.5398837327957153,0.5398837327957153
1395,139.5,140.5,0.5180954337120056,0.5180954337120056
1396,139.6,140.6,0.5529494881629944,0.5529494881629944
1397,139.7,140.7,0.5228235125541687,0.5228235125541687
1398,139.8,140.8,0.4935523569583893,0.4935523569583893
1399,139.9,140.9,0.47391289472579956,0.47391289472579956
1400,140.0,141.0,0.5331019759178162,0.5331019759178162
1401,140.1,141.1,0.3896735608577728,0.3896735608577728
1402,140.2,141.2,0.4845903217792511,0.4845903217792511
1403,140.3,141.3,0.4772033095359802,0.4772033095359802
1404,140.4,141.4,0.4624512195587158,0.4624512195587158
1405,140.5,141.5,0.44044291973114014,0.44044291973114014
1406,140.6,141.6,0.49617263674736023,0.49617263674736023
1407,140.7,141.7,0.48614734411239624,0.48614734411239624
1408,140.8,141.8,0.4595591425895691,0.4595591425895691
1409,140.9,141.9,0.4546649754047394,0.4546649754047394
1410,141.0,142.0,0.4063666760921478,0.4063666760921478
1411,141.1,142.1,0.43318596482276917,0.43318596482276917
1412,141.2,142.2,0.3052295446395874,0.3052295446395874
1413,141.3,142.3,0.3351435959339142,0.3351435959339142
1414,141.4,142.4,0.38455402851104736,0.38455402851104736
1415,141.5,142.5,0.42994409799575806,0.42994409799575806
1416,141.6,142.6,0.4401131868362427,0.4401131868362427
1417,141.7,142.7,0.3185490071773529,0.3185490071773529
1418,141.8,142.8,0.29482507705688477,0.29482507705688477
1419,141.9,142.9,0.3073182702064514,0.3073182702064514
1420,142.0,143.0,0.3238506019115448,0.3238506019115448
1421,142.1,143.1,0.2637999355792999,0.2637999355792999
1422,142.2,143.2,0.23505431413650513,0.23505431413650513
1423,142.3,143.3,0.3985174298286438,0.3985174298286438
1424,142.4,143.4,0.30726730823516846,0.30726730823516846
1425,142.5,143.5,0.26817387342453003,0.26817387342453003
1426,142.6,143.6,0.3696392774581909,0.3696392774581909
1427,142.7,143.7,0.47457677125930786,0.47457677125930786
1428,142.8,143.8,0.45633408427238464,0.45633408427238464
1429,142.9,143.9,0.42649921774864197,0.42649921774864197
1430,143.0,144.0,0.6972072720527649,0.6972072720527649
1431,143.1,144.1,0.6590349674224854,0.6590349674224854
1432,143.2,144.2,0.6152179837226868,0.6152179837226868
1433,143.3,144.3,0.595393180847168,0.595393180847168
1434,143.4,144.4,0.7325826287269592,0.7325826287269592
1435,143.5,144.5,0.7110950946807861,0.7110950946807861
1436,143.6,144.6,0.6470533609390259,0.6470533609390259
1437,143.7,144.7,0.5010481476783752,0.5010481476783752
1438,143.8,144.8,0.4949661195278168,0.4949661195278168
1439,143.9,144.9,0.391011118888855,0.391011118888855
1440,144.0,145.0,0.4480081796646118,0.4480081796646118
1441,144.1,145.1,0.44835877418518066,0.44835877418518066
1442,144.2,145.2,0.5079489350318909,0.5079489350318909
1443,144.3,145.3,0.52320396900177,0.52320396900177
1444,144.4,145.4,0.6061335206031799,0.6061335206031799
1445,144.5,145.5,0.6418115496635437,0.6418115496635437
1446,144.6,145.6,0.539469838142395,0.539469838142395
1447,144.7,145.7,0.38211601972579956,0.38211601972579956
1448,144.8,145.8,0.5233402252197266,0.5233402252197266
1449,144.9,145.9,0.4992484152317047,0.4992484152317047
1450,145.0,146.0,0.5113880038261414,0.5113880038261414
1451,145.1,146.1,0.46935227513313293,0.46935227513313293
1452,145.2,146.2,0.5226131081581116,0.5226131081581116
1453,145.3,146.3,0.6082323789596558,0.6082323789596558
1454,145.4,146.4,0.5875047445297241,0.5875047445297241
1455,145.5,146.5,0.5244683623313904,0.5244683623313904
1456,145.6,146.6,0.4070030748844147,0.4070030748844147
1457,145.7,146.7,0.37026306986808777,0.37026306986808777
1458,145.8,146.8,0.36831948161125183,0.36831948161125183
1459,145.9,146.9,0.35694757103919983,0.35694757103919983
1460,146.0,147.0,0.34144535660743713,0.34144535660743713
1461,146.1,147.1,0.3581203818321228,0.3581203818321228
1462,146.2,147.2,0.41954174637794495,0.41954174637794495
1463,146.3,147.3,0.36411356925964355,0.36411356925964355
1464,146.4,147.4,0.40188345313072205,0.40188345313072205
1465,146.5,147.5,0.5222959518432617,0.5222959518432617
1466,146.6,147.6,0.5079036355018616,0.5079036355018616
1467,146.7,147.7,0.4784831702709198,0.4784831702709198
1468,146.8,147.8,0.4099620282649994,0.4099620282649994
1469,146.9,147.9,0.4471340775489807,0.4471340775489807
1470,147.0,148.0,0.3218342959880829,0.3218342959880829
1471,147.1,148.1,0.2872879207134247,0.2872879207134247
1472,147.2,148.2,0.3845081329345703,0.3845081329345703
1473,147.3,148.3,0.3974325954914093,0.3974325954914093
1474,147.4,148.4,0.32059258222579956,0.32059258222579956
1475,147.5,148.5,0.40908971428871155,0.40908971428871155
1476,147.6,148.6,0.38779130578041077,0.38779130578041077
1477,147.7,148.7,0.4662262797355652,0.4662262797355652
1478,147.8,148.8,0.46066173911094666,0.46066173911094666
1479,147.9,148.9,0.49835509061813354,0.49835509061813354
1480,148.0,149.0,0.7513716220855713,0.7513716220855713
1481,148.1,149.1,0.7524656057357788,0.7524656057357788
1482,148.2,149.2,0.6816545128822327,0.6816545128822327
1483,148.3,149.3,0.7220262885093689,0.7220262885093689
1484,148.4,149.4,0.7174134254455566,0.7174134254455566
1485,148.5,149.5,0.6903379559516907,0.6903379559516907
1486,148.6,149.6,0.742710530757904,0.742710530757904
1487,148.7,149.7,0.5808372497558594,0.5808372497558594
1488,148.8,149.8,0.6987022161483765,0.6987022161483765
1489,148.9,149.9,0.5725178122520447,0.5725178122520447
1490,149.0,150.0,0.5427238941192627,0.5427238941192627
1491,149.1,150.1,0.5909194946289062,0.5909194946289062
1492,149.2,150.2,0.5878680348396301,0.5878680348396301
1493,149.3,150.3,0.5772050619125366,0.5772050619125366
1494,149.4,150.4,0.499729186296463,0.499729186296463
1495,149.5,150.5,0.5927732586860657,0.5927732586860657
1496,149.6,150.6,0.40491390228271484,0.40491390228271484
1497,149.7,150.7,0.5008125901222229,0.5008125901222229
1498,149.8,150.8,0.4924793839454651,0.4924793839454651
1499,149.9,150.9,0.46690401434898376,0.46690401434898376
1500,150.0,151.0,0.47322049736976624,0.47322049736976624
1501,150.1,151.1,0.4179660975933075,0.4179660975933075
1502,150.2,151.2,0.4103984236717224,0.4103984236717224
1503,150.3,151.3,0.4054472744464874,0.4054472744464874
1504,150.4,151.4,0.38714855909347534,0.38714855909347534
1505,150.5,151.5,0.4741642475128174,0.4741642475128174
1506,150.6,151.6,0.483192503452301,0.483192503452301
1507,150.7,151.7,0.35666361451148987,0.35666361451148987
1508,150.8,151.8,0.42646878957748413,0.42646878957748413
1509,150.9,151.9,0.4612687826156616,0.4612687826156616
1510,151.0,152.0,0.4078952372074127,0.4078952372074127
1511,151.1,152.1,0.4604620635509491,0.4604620635509491
1512,151.2,152.2,0.46281832456588745,0.46281832456588745
1513,151.3,152.3,0.48362433910369873,0.48362433910369873
1514,151.4,152.4,0.5177619457244873,0.5177619457244873
1515,151.5,152.5,0.5538023114204407,0.5538023114204407
1516,151.6,152.6,0.766113817691803,0.766113817691803
1517,151.7,152.7,0.6009436845779419,0.6009436845779419
1518,151.8,152.8,0.625201940536499,0.625201940536499
1519,151.9,152.9,0.6447932720184326,0.6447932720184326
1520,152.0,153.0,0.6181888580322266,0.6181888580322266
1521,152.1,153.1,0.6310999989509583,0.6310999989509583
1522,152.2,153.2,0.6907113790512085,0.6907113790512085
1523,152.3,153.3,0.6379050016403198,0.6379050016403198
1524,152.4,153.4,0.5987300276756287,0.5987300276756287
1525,152.5,153.5,0.6652824878692627,0.6652824878692627
1526,152.6,153.6,0.45749714970588684,0.45749714970588684
1527,152.7,153.7,0.49239036440849304,0.49239036440849304
1528,152.8,153.8,0.3849843144416809,0.3849843144416809
1529,152.9,153.9,0.4783088266849518,0.4783088266849518
1530,153.0,154.0,0.4384516775608063,0.4384516775608063
1531,153.1,154.1,0.49851804971694946,0.49851804971694946
1532,153.2,154.2,0.4885205626487732,0.4885205626487732
1533,153.3,154.3,0.4466503858566284,0.4466503858566284
1534,153.4,154.4,0.46591341495513916,0.46591341495513916
1535,153.5,154.5,0.5720961093902588,0.5720961093902588
1536,153.6,154.6,0.5617859959602356,0.5617859959602356
1537,153.7,154.7,0.542791485786438,0.542791485786438
1538,153.8,154.8,0.5511752367019653,0.5511752367019653
1539,153.9,154.9,0.4087042212486267,0.4087042212486267
1540,154.0,155.0,0.5556355714797974,0.5556355714797974
1541,154.1,155.1,0.664730966091156,0.664730966091156
1542,154.2,155.2,0.9125285148620605,0.9125285148620605
1543,154.3,155.3,0.9112828969955444,0.9112828969955444
1544,154.4,155.4,0.9249509572982788,0.9249509572982788
1545,154.5,155.5,0.9085353016853333,0.9085353016853333
1546,154.6,155.6,0.878704309463501,0.878704309463501
1547,154.7,155.7,0.9009718894958496,0.9009718894958496
1548,154.8,155.8,0.9036188125610352,0.9036188125610352
1549,154.9,155.9,0.9035400748252869,0.9035400748252869
1550,155.0,156.0,0.8874152898788452,0.8874152898788452
1551,155.1,156.1,0.9064434766769409,0.9064434766769409
1552,155.2,156.2,0.97255939245224,0.97255939245224
1553,155.3,156.3,0.9717830419540405,0.9717830419540405
1554,155.4,156.4,0.9735435247421265,0.9735435247421265
1555,155.5,156.5,0.9895695447921753,0.9895695447921753
1556,155.6,156.6,0.9856130480766296,0.9856130480766296
1557,155.7,156.7,0.9806622862815857,0.9806622862815857
1558,155.8,156.8,0.9441911578178406,0.9441911578178406
1559,155.9,156.9,0.9670937657356262,0.9670937657356262
1560,156.0,157.0,0.977005124092102,0.977005124092102
1561,156.1,157.1,0.976152777671814,0.976152777671814
1562,156.2,157.2,0.9706601500511169,0.9706601500511169
1563,156.3,157.3,0.9509961009025574,0.9509961009025574
1564,156.4,157.4,0.9534697532653809,0.9534697532653809
1565,156.5,157.5,0.9767233729362488,0.9767233729362488
1566,156.6,157.6,0.9543631672859192,0.9543631672859192
1567,156.7,157.7,0.9490171074867249,0.9490171074867249
1568,156.8,157.8,0.9067820310592651,0.9067820310592651
1569,156.9,157.9,0.928333580493927,0.928333580493927
1570,157.0,158.0,0.9538249373435974,0.9538249373435974
1571,157.1,158.1,0.9471505284309387,0.9471505284309387
1572,157.2,158.2,0.9451000690460205,0.9451000690460205
1573,157.3,158.3,0.9532111287117004,0.9532111287117004
1574,157.4,158.4,0.9102431535720825,0.9102431535720825
1575,157.5,158.5,0.8589524030685425,0.8589524030685425
1576,157.6,158.6,0.8680978417396545,0.8680978417396545
1577,157.7,158.7,0.9054259061813354,0.9054259061813354
1578,157.8,158.8,0.9270676970481873,0.9270676970481873
1579,157.9,158.9,0.918203592300415,0.918203592300415
1580,158.0,159.0,0.9128404855728149,0.9128404855728149
1581,158.1,159.1,0.9181253910064697,0.9181253910064697
1582,158.2,159.2,0.9180572032928467,0.9180572032928467
1583,158.3,159.3,0.9586082100868225,0.9586082100868225
1584,158.4,159.4,0.932155191898346,0.932155191898346
1585,158.5,159.5,0.8982282876968384,0.8982282876968384
1586,158.6,159.6,0.9175873398780823,0.9175873398780823
1587,158.7,159.7,0.9524298906326294,0.9524298906326294
1588,158.8,159.8,0.9460210800170898,0.9460210800170898
1589,158.9,159.9,0.9580472707748413,0.9580472707748413
1590,159.0,160.0,0.9384793639183044,0.9384793639183044
1591,159.1,160.1,0.9324620962142944,0.9324620962142944
1592,159.2,160.2,0.9788712859153748,0.9788712859153748
1593,159.3,160.3,0.9579012989997864,0.9579012989997864
1594,159.4,160.4,0.9491446614265442,0.9491446614265442
1595,159.5,160.5,0.8948999047279358,0.8948999047279358
1596,159.6,160.6,0.8651993870735168,0.8651993870735168
1597,159.7,160.7,0.8369973301887512,0.8369973301887512
1598,159.8,160.8,0.8632860779762268,0.8632860779762268
1599,159.9,160.9,0.9312117695808411,0.9312117695808411
1600,160.0,161.0,0.8957840204238892,0.8957840204238892
1601,160.1,161.1,0.8423444032669067,0.8423444032669067
1602,160.2,161.2,0.8848056793212891,0.8848056793212891
1603,160.3,161.3,0.9082992076873779,0.9082992076873779
1604,160.4,161.4,0.875268816947937,0.875268816947937
1605,160.5,161.5,0.9189161062240601,0.9189161062240601
1606,160.6,161.6,0.9386880993843079,0.9386880993843079
1607,160.7,161.7,0.963585376739502,0.963585376739502
1608,160.8,161.8,0.9680742025375366,0.9680742025375366
1609,160.9,161.9,0.9629291296005249,0.9629291296005249
1610,161.0,162.0,0.9606461524963379,0.9606461524963379
1611,161.1,162.1,0.943821907043457,0.943821907043457
1612,161.2,162.2,0.9291262626647949,0.9291262626647949
1613,161.3,162.3,0.9699265956878662,0.9699265956878662
1614,161.4,162.4,0.9139204621315002,0.9139204621315002
1615,161.5,162.5,0.9251331686973572,0.9251331686973572
1616,161.6,162.6,0.862682580947876,0.862682580947876
1617,161.7,162.7,0.8430436253547668,0.8430436253547668
1618,161.8,162.8,0.8737732172012329,0.8737732172012329
1619,161.9,162.9,0.8544458746910095,0.8544458746910095
1620,162.0,163.0,0.8241767883300781,0.8241767883300781
1621,162.1,163.1,0.7944934368133545,0.7944934368133545
1622,162.2,163.2,0.6589734554290771,0.6589734554290771
1623,162.3,163.3,0.18781790137290955,0.18781790137290955
1624,162.4,163.4,0.28755515813827515,0.28755515813827515
1625,162.5,163.5,0.40958288311958313,0.40958288311958313
1626,162.6,163.6,0.11521617323160172,0.11521617323160172
1627,162.7,163.7,0.09628710150718689,0.09628710150718689
1628,162.8,163.8,0.1388731598854065,0.1388731598854065
1629,162.9,163.9,0.11061859875917435,0.11061859875917435
1630,163.0,164.0,0.11879070103168488,0.11879070103168488
1631,163.1,164.1,0.18142661452293396,0.18142661452293396
1632,163.2,164.2,0.28584760427474976,0.28584760427474976
1633,163.3,164.3,0.3258694112300873,0.3258694112300873
1634,163.4,164.4,0.33406537771224976,0.33406537771224976
1635,163.5,164.5,0.31646624207496643,0.31646624207496643
1636,163.6,164.6,0.5089314579963684,0.5089314579963684
1637,163.7,164.7,0.4760783016681671,0.4760783016681671
1638,163.8,164.8,0.5167070627212524,0.5167070627212524
1639,163.9,164.9,0.47297218441963196,0.47297218441963196
1640,164.0,165.0,0.13476820290088654,0.13476820290088654
1641,164.1,165.1,0.17117491364479065,0.17117491364479065
1642,164.2,165.2,0.16992458701133728,0.16992458701133728
1643,164.3,165.3,0.25536707043647766,0.25536707043647766
1644,164.4,165.4,0.29164692759513855,0.29164692759513855
1645,164.5,165.5,0.24445222318172455,0.24445222318172455
1646,164.6,165.6,0.2935589849948883,0.2935589849948883
1647,164.7,165.7,0.2978200316429138,0.2978200316429138
1648,164.8,165.8,0.39878448843955994,0.39878448843955994
1649,164.9,165.9,0.6086713671684265,0.6086713671684265
1650,165.0,166.0,0.5121884942054749,0.5121884942054749
1651,165.1,166.1,0.515407145023346,0.515407145023346
1652,165.2,166.2,0.4955132007598877,0.4955132007598877
1653,165.3,166.3,0.617954432964325,0.617954432964325
1654,165.4,166.4,0.532781183719635,0.532781183719635
1655,165.5,166.5,0.5261059999465942,0.5261059999465942
1656,165.6,166.6,0.36250266432762146,0.36250266432762146
1657,165.7,166.7,0.33720436692237854,0.33720436692237854
1658,165.8,166.8,0.2922283709049225,0.2922283709049225
1659,165.9,166.9,0.20440669357776642,0.20440669357776642
1660,166.0,167.0,0.2564099133014679,0.2564099133014679
1661,166.1,167.1,0.35651373863220215,0.35651373863220215
1662,166.2,167.2,0.27176618576049805,0.27176618576049805
1663,166.3,167.3,0.3816024363040924,0.3816024363040924
1664,166.4,167.4,0.3457198143005371,0.3457198143005371
1665,166.5,167.5,0.39770936965942383,0.39770936965942383
1666,166.6,167.6,0.41402778029441833,0.41402778029441833
1667,166.7,167.7,0.4160803258419037,0.4160803258419037
1668,166.8,167.8,0.47025924921035767,0.47025924921035767
1669,166.9,167.9,0.44906851649284363,0.44906851649284363
1670,167.0,168.0,0.4398720860481262,0.4398720860481262
1671,167.1,168.1,0.4415878653526306,0.4415878653526306
1672,167.2,168.2,0.4589862525463104,0.4589862525463104
1673,167.3,168.3,0.44490647315979004,0.44490647315979004
1674,167.4,168.4,0.5539447665214539,0.5539447665214539
1675,167.5,168.5,0.4638971984386444,0.4638971984386444
1676,167.6,168.6,0.48682522773742676,0.48682522773742676
1677,167.7,168.7,0.42007017135620117,0.42007017135620117
1678,167.8,168.8,0.36101600527763367,0.36101600527763367
1679,167.9,168.9,0.4161835312843323,0.4161835312843323
1680,168.0,169.0,0.3756338357925415,0.3756338357925415
1681,168.1,169.1,0.45514532923698425,0.45514532923698425
1682,168.2,169.2,0.4513917565345764,0.4513917565345764
1683,168.3,169.3,0.5616253614425659,0.5616253614425659
1684,168.4,169.4,0.5072656869888306,0.5072656869888306
1685,168.5,169.5,0.47870656847953796,0.47870656847953796
1686,168.6,169.6,0.46925994753837585,0.46925994753837585
1687,168.7,169.7,0.4699075222015381,0.4699075222015381
1688,168.8,169.8,0.5125454068183899,0.5125454068183899
1689,168.9,169.9,0.520022988319397,0.520022988319397
1690,169.0,170.0,0.3738604187965393,0.3738604187965393
1691,169.1,170.1,0.47659286856651306,0.47659286856651306
1692,169.2,170.2,0.43642646074295044,0.43642646074295044
1693,169.3,170.3,0.3869083523750305,0.3869083523750305
1694,169.4,170.4,0.3753810524940491,0.3753810524940491
1695,169.5,170.5,0.4112602770328522,0.4112602770328522
1696,169.6,170.6,0.5855078101158142,0.5855078101158142
1697,169.7,170.7,0.47504639625549316,0.47504639625549316
1698,169.8,170.8,0.45694178342819214,0.45694178342819214
1699,169.9,170.9,0.4201163351535797,0.4201163351535797
1700,170.0,171.0,0.40796393156051636,0.40796393156051636
1701,170.1,171.1,0.3232772648334503,0.3232772648334503
1702,170.2,171.2,0.3378203511238098,0.3378203511238098
1703,170.3,171.3,0.3421745300292969,0.3421745300292969
1704,170.4,171.4,0.3402806520462036,0.3402806520462036
1705,170.5,171.5,0.2274979203939438,0.2274979203939438
1706,170.6,171.6,0.2766740024089813,0.2766740024089813
1707,170.7,171.7,0.38352227210998535,0.38352227210998535
1708,170.8,171.8,0.3187814950942993,0.3187814950942993
1709,170.9,171.9,0.3872755169868469,0.3872755169868469
1710,171.0,172.0,0.4524276852607727,0.4524276852607727
1711,171.1,172.1,0.4353801906108856,0.4353801906108856
1712,171.2,172.2,0.4564190208911896,0.4564190208911896
1713,171.3,172.3,0.43011099100112915,0.43011099100112915
1714,171.4,172.4,0.4363264739513397,0.4363264739513397
1715,171.5,172.5,0.47049108147621155,0.47049108147621155
1716,171.6,172.6,0.510956346988678,0.510956346988678
1717,171.7,172.7,0.5195530652999878,0.5195530652999878
1718,171.8,172.8,0.45036792755126953,0.45036792755126953
1719,171.9,172.9,0.5152361989021301,0.5152361989021301
1720,172.0,173.0,0.5047303438186646,0.5047303438186646
1721,172.1,173.1,0.47631800174713135,0.47631800174713135
1722,172.2,173.2,0.2885620594024658,0.2885620594024658
1723,172.3,173.3,0.4587571918964386,0.4587571918964386
1724,172.4,173.4,0.4293009042739868,0.4293009042739868
1725,172.5,173.5,0.3584047555923462,0.3584047555923462
1726,172.6,173.6,0.421470046043396,0.421470046043396
1727,172.7,173.7,0.45976024866104126,0.45976024866104126
1728,172.8,173.8,0.44903093576431274,0.44903093576431274
1729,172.9,173.9,0.5238786935806274,0.5238786935806274
1730,173.0,174.0,0.3426420986652374,0.3426420986652374
1731,173.1,174.1,0.14903107285499573,0.14903107285499573
1732,173.2,174.2,0.2461235225200653,0.2461235225200653
1733,173.3,174.3,0.3041493892669678,0.3041493892669678
1734,173.4,174.4,0.3415783941745758,0.3415783941745758
1735,173.5,174.5,0.2972196042537689,0.2972196042537689
1736,173.6,174.6,0.18627583980560303,0.18627583980560303
1737,173.7,174.7,0.33983513712882996,0.33983513712882996
1738,173.8,174.8,0.3736588656902313,0.3736588656902313
1739,173.9,174.9,0.28060126304626465,0.28060126304626465
1740,174.0,175.0,0.4748283624649048,0.4748283624649048
1741,174.1,175.1,0.4561018645763397,0.4561018645763397
1742,174.2,175.2,0.4517199993133545,0.4517199993133545
1743,174.3,175.3,0.46503064036369324,0.46503064036369324
1744,174.4,175.4,0.5129302740097046,0.5129302740097046
1745,174.5,175.5,0.4741549491882324,0.4741549491882324
1746,174.6,175.6,0.4878008961677551,0.4878008961677551
1747,174.7,175.7,0.5385177731513977,0.5385177731513977
1748,174.8,175.8,0.41638121008872986,0.41638121008872986
1749,174.9,175.9,0.44988739490509033,0.44988739490509033
1750,175.0,176.0,0.47182080149650574,0.47182080149650574
1751,175.1,176.1,0.5323047041893005,0.5323047041893005
1752,175.2,176.2,0.506696879863739,0.506696879863739
1753,175.3,176.3,0.44757339358329773,0.44757339358329773
1754,175.4,176.4,0.46318167448043823,0.46318167448043823
1755,175.5,176.5,0.43651238083839417,0.43651238083839417
1756,175.6,176.6,0.45152512192726135,0.45152512192726135
1757,175.7,176.7,0.305986613035202,0.305986613035202
1758,175.8,176.8,0.469195157289505,0.469195157289505
1759,175.9,176.9,0.41181132197380066,0.41181132197380066
1760,176.0,177.0,0.23406094312667847,0.23406094312667847
1761,176.1,177.1,0.17477567493915558,0.17477567493915558
1762,176.2,177.2,0.4052164852619171,0.4052164852619171
1763,176.3,177.3,0.39746078848838806,0.39746078848838806
1764,176.4,177.4,0.470445454120636,0.470445454120636
1765,176.5,177.5,0.4523288607597351,0.4523288607597351
1766,176.6,177.6,0.549024224281311,0.549024224281311
1767,176.7,177.7,0.4872148931026459,0.4872148931026459
1768,176.8,177.8,0.4786152243614197,0.4786152243614197
1769,176.9,177.9,0.5020341873168945,0.5020341873168945
1770,177.0,178.0,0.4180907905101776,0.4180907905101776
1771,177.1,178.1,0.5262964367866516,0.5262964367866516
1772,177.2,178.2,0.4022539556026459,0.4022539556026459
1773,177.3,178.3,0.47326064109802246,0.47326064109802246
1774,177.4,178.4,0.5330770611763,0.5330770611763
1775,177.5,178.5,0.4539954662322998,0.4539954662322998
1776,177.6,178.6,0.443538635969162,0.443538635969162
1777,177.7,178.7,0.41825827956199646,0.41825827956199646
1778,177.8,178.8,0.4243764877319336,0.4243764877319336
1779,177.9,178.9,0.4643562436103821,0.4643562436103821
1780,178.0,179.0,0.539065420627594,0.539065420627594
1781,178.1,179.1,0.4970046281814575,0.4970046281814575
1782,178.2,179.2,0.5470749139785767,0.5470749139785767
1783,178.3,179.3,0.5568347573280334,0.5568347573280334
1784,178.4,179.4,0.373276948928833,0.373276948928833
1785,178.5,179.5,0.49045515060424805,0.49045515060424805
1786,178.6,179.6,0.32952067255973816,0.32952067255973816
1787,178.7,179.7,0.40909960865974426,0.40909960865974426
1788,178.8,179.8,0.4557736814022064,0.4557736814022064
1789,178.9,179.9,0.41798946261405945,0.41798946261405945
1790,179.0,180.0,0.4159621000289917,0.4159621000289917
1791,179.1,180.1,0.41342291235923767,0.41342291235923767
1792,179.2,180.2,0.4370063245296478,0.4370063245296478
1793,179.3,180.3,0.4791606366634369,0.4791606366634369
1794,179.4,180.4,0.5235220789909363,0.5235220789909363
1795,179.5,180.5,0.5221705436706543,0.5221705436706543
1796,179.6,180.6,0.5004969239234924,0.5004969239234924
1797,179.7,180.7,0.5060752034187317,0.5060752034187317
1798,179.8,180.8,0.46622171998023987,0.46622171998023987
1799,179.9,180.9,0.545844554901123,0.545844554901123
1800,180.0,181.0,0.5465450882911682,0.5465450882911682
1801,180.1,181.1,0.4625515043735504,0.4625515043735504
1802,180.2,181.2,0.37586894631385803,0.37586894631385803
1803,180.3,181.3,0.4263278543949127,0.4263278543949127
1804,180.4,181.4,0.4425436556339264,0.4425436556339264
1805,180.5,181.5,0.5258563160896301,0.5258563160896301
1806,180.6,181.6,0.5103180408477783,0.5103180408477783
1807,180.7,181.7,0.4254005253314972,0.4254005253314972
1808,180.8,181.8,0.40774768590927124,0.40774768590927124
1809,180.9,181.9,0.48777323961257935,0.48777323961257935
1810,181.0,182.0,0.4685288667678833,0.4685288667678833
1811,181.1,182.1,0.4527234733104706,0.4527234733104706
1812,181.2,182.2,0.4284769892692566,0.4284769892692566
1813,181.3,182.3,0.42356008291244507,0.42356008291244507
1814,181.4,182.4,0.3802228271961212,0.3802228271961212
1815,181.5,182.5,0.42729106545448303,0.42729106545448303
1816,181.6,182.6,0.6157342791557312,0.6157342791557312
1817,181.7,182.7,0.503794252872467,0.503794252872467
1818,181.8,182.8,0.4913269579410553,0.4913269579410553
1819,181.9,182.9,0.5490355491638184,0.5490355491638184
1820,182.0,183.0,0.5595499873161316,0.5595499873161316
1821,182.1,183.1,0.5104694962501526,0.5104694962501526
1822,182.2,183.2,0.43003493547439575,0.43003493547439575
1823,182.3,183.3,0.5094671249389648,0.5094671249389648
1824,182.4,183.4,0.5511056780815125,0.5511056780815125
1825,182.5,183.5,0.5299991369247437,0.5299991369247437
1826,182.6,183.6,0.4867686927318573,0.4867686927318573
1827,182.7,183.7,0.4750421941280365,0.4750421941280365
1828,182.8,183.8,0.4542352259159088,0.4542352259159088
1829,182.9,183.9,0.45263466238975525,0.45263466238975525
1830,183.0,184.0,0.47280892729759216,0.47280892729759216
1831,183.1,184.1,0.4223625957965851,0.4223625957965851
1832,183.2,184.2,0.5115571618080139,0.5115571618080139
1833,183.3,184.3,0.3080427944660187,0.3080427944660187
1834,183.4,184.4,0.4364812672138214,0.4364812672138214
1835,183.5,184.5,0.34034299850463867,0.34034299850463867
1836,183.6,184.6,0.3535533547401428,0.3535533547401428
1837,183.7,184.7,0.4636930227279663,0.4636930227279663
1838,183.8,184.8,0.43131574988365173,0.43131574988365173
1839,183.9,184.9,0.45728495717048645,0.45728495717048645
1840,184.0,185.0,0.3966686427593231,0.3966686427593231
1841,184.1,185.1,0.4484809339046478,0.4484809339046478
1842,184.2,185.2,0.4757959842681885,0.4757959842681885
1843,184.3,185.3,0.40314778685569763,0.40314778685569763
1844,184.4,185.4,0.5532591938972473,0.5532591938972473
1845,184.5,185.5,0.3856354355812073,0.3856354355812073
1846,184.6,185.6,0.4868393540382385,0.4868393540382385
1847,184.7,185.7,0.4630565643310547,0.4630565643310547
1848,184.8,185.8,0.48023721575737,0.48023721575737
1849,184.9,185.9,0.46112245321273804,0.46112245321273804
1850,185.0,186.0,0.38738399744033813,0.38738399744033813
1851,185.1,186.1,0.30189049243927,0.30189049243927
1852,185.2,186.2,0.32269105315208435,0.32269105315208435
1853,185.3,186.3,0.42116111516952515,0.42116111516952515
1854,185.4,186.4,0.4412711560726166,0.4412711560726166
1855,185.5,186.5,0.449028342962265,0.449028342962265
1856,185.6,186.6,0.36915460228919983,0.36915460228919983
1857,185.7,186.7,0.32771602272987366,0.32771602272987366
1858,185.8,186.8,0.3568708002567291,0.3568708002567291
1859,185.9,186.9,0.320880264043808,0.320880264043808
1860,186.0,187.0,0.3414589762687683,0.3414589762687683
1861,186.1,187.1,0.31608664989471436,0.31608664989471436
1862,186.2,187.2,0.34773993492126465,0.34773993492126465
1863,186.3,187.3,0.46063101291656494,0.46063101291656494
1864,186.4,187.4,0.5349150896072388,0.5349150896072388
1865,186.5,187.5,0.487387090921402,0.487387090921402
1866,186.6,187.6,0.5058092474937439,0.5058092474937439
1867,186.7,187.7,0.39870965480804443,0.39870965480804443
1868,186.8,187.8,0.361764520406723,0.361764520406723
1869,186.9,187.9,0.38957247138023376,0.38957247138023376
1870,187.0,188.0,0.34326767921447754,0.34326767921447754
1871,187.1,188.1,0.35584962368011475,0.35584962368011475
1872,187.2,188.2,0.28183481097221375,0.28183481097221375
1873,187.3,188.3,0.4226541519165039,0.4226541519165039
1874,187.4,188.4,0.4426717758178711,0.4426717758178711
1875,187.5,188.5,0.43783825635910034,0.43783825635910034
1876,187.6,188.6,0.6142136454582214,0.6142136454582214
1877,187.7,188.7,0.45388635993003845,0.45388635993003845
1878,187.8,188.8,0.5523948669433594,0.5523948669433594
1879,187.9,188.9,0.44049182534217834,0.44049182534217834
1880,188.0,189.0,0.4038049876689911,0.4038049876689911
1881,188.1,189.1,0.4762672483921051,0.4762672483921051
1882,188.2,189.2,0.3375870883464813,0.3375870883464813
1883,188.3,189.3,0.2964070439338684,0.2964070439338684
1884,188.4,189.4,0.4289871156215668,0.4289871156215668
1885,188.5,189.5,0.421444296836853,0.421444296836853
1886,188.6,189.6,0.4428682327270508,0.4428682327270508
1887,188.7,189.7,0.41663989424705505,0.41663989424705505
1888,188.8,189.8,0.463990181684494,0.463990181684494
1889,188.9,189.9,0.5991893410682678,0.5991893410682678
1890,189.0,190.0,0.469761461019516,0.469761461019516
1891,189.1,190.1,0.36064860224723816,0.36064860224723816
1892,189.2,190.2,0.5044723749160767,0.5044723749160767
1893,189.3,190.3,0.4245193600654602,0.4245193600654602
1894,189.4,190.4,0.45045745372772217,0.45045745372772217
1895,189.5,190.5,0.5023993253707886,0.5023993253707886
1896,189.6,190.6,0.3396037817001343,0.3396037817001343
1897,189.7,190.7,0.41313105821609497,0.41313105821609497
1898,189.8,190.8,0.4951116740703583,0.4951116740703583
1899,189.9,190.9,0.3534751534461975,0.3534751534461975
1900,190.0,191.0,0.32820144295692444,0.32820144295692444
1901,190.1,191.1,0.5067489147186279,0.5067489147186279
1902,190.2,191.2,0.5038109421730042,0.5038109421730042
1903,190.3,191.3,0.47154876589775085,0.47154876589775085
1904,190.4,191.4,0.4802674949169159,0.4802674949169159
1905,190.5,191.5,0.47927024960517883,0.47927024960517883
1906,190.6,191.6,0.5397958755493164,0.5397958755493164
1907,190.7,191.7,0.4342508614063263,0.4342508614063263
1908,190.8,191.8,0.4299582839012146,0.4299582839012146
1909,190.9,191.9,0.4973224997520447,0.4973224997520447
1910,191.0,192.0,0.4766598045825958,0.4766598045825958
1911,191.1,192.1,0.11920656263828278,0.11920656263828278
1912,191.2,192.2,0.24717484414577484,0.24717484414577484
1913,191.3,192.3,0.25892922282218933,0.25892922282218933
1914,191.4,192.4,0.2065221667289734,0.2065221667289734
1915,191.5,192.5,0.26057377457618713,0.26057377457618713
1916,191.6,192.6,0.2763631045818329,0.2763631045818329
1917,191.7,192.7,0.3674321174621582,0.3674321174621582
1918,191.8,192.8,0.4347076416015625,0.4347076416015625
1919,191.9,192.9,0.3926110565662384,0.3926110565662384
1920,192.0,193.0,0.3630310595035553,0.3630310595035553
1921,192.1,193.1,0.4437105059623718,0.4437105059623718
1922,192.2,193.2,0.45886361598968506,0.45886361598968506
1923,192.3,193.3,0.41332486271858215,0.41332486271858215
1924,192.4,193.4,0.4295071065425873,0.4295071065425873
1925,192.5,193.5,0.43968766927719116,0.43968766927719116
1926,192.6,193.6,0.2703483998775482,0.2703483998775482
1927,192.7,193.7,0.30480048060417175,0.30480048060417175
1928,192.8,193.8,0.3774365484714508,0.3774365484714508
1929,192.9,193.9,0.320863276720047,0.320863276720047
1930,193.0,194.0,0.3734251856803894,0.3734251856803894
1931,193.1,194.1,0.3205972909927368,0.3205972909927368
1932,193.2,194.2,0.37505245208740234,0.37505245208740234
1933,193.3,194.3,0.4528089463710785,0.4528089463710785
1934,193.4,194.4,0.4581364095211029,0.4581364095211029
1935,193.5,194.5,0.4084931015968323,0.4084931015968323
1936,193.6,194.6,0.43415355682373047,0.43415355682373047
1937,193.7,194.7,0.4226043224334717,0.4226043224334717
1938,193.8,194.8,0.46903499960899353,0.46903499960899353
1939,193.9,194.9,0.3518809378147125,0.3518809378147125
1940,194.0,195.0,0.40952253341674805,0.40952253341674805
1941,194.1,195.1,0.5603495240211487,0.5603495240211487
1942,194.2,195.2,0.36428746581077576,0.36428746581077576
1943,194.3,195.3,0.4046820104122162,0.4046820104122162
1944,194.4,195.4,0.3414120674133301,0.3414120674133301
1945,194.5,195.5,0.28447890281677246,0.28447890281677246
1946,194.6,195.6,0.3690202236175537,0.3690202236175537
1947,194.7,195.7,0.4307100176811218,0.4307100176811218
1948,194.8,195.8,0.4129529595375061,0.4129529595375061
1949,194.9,195.9,0.259162962436676,0.259162962436676
1950,195.0,196.0,0.3323425054550171,0.3323425054550171
1951,195.1,196.1,0.25946950912475586,0.25946950912475586
1952,195.2,196.2,0.3432947099208832,0.3432947099208832
1953,195.3,196.3,0.3752673864364624,0.3752673864364624
1954,195.4,196.4,0.38731059432029724,0.38731059432029724
1955,195.5,196.5,0.4444112777709961,0.4444112777709961
1956,195.6,196.6,0.3792518973350525,0.3792518973350525
1957,195.7,196.7,0.4559444785118103,0.4559444785118103
1958,195.8,196.8,0.5258504748344421,0.5258504748344421
1959,195.9,196.9,0.5997973084449768,0.5997973084449768
1960,196.0,197.0,0.5148884654045105,0.5148884654045105
1961,196.1,197.1,0.4613840579986572,0.4613840579986572
1962,196.2,197.2,0.4389069378376007,0.4389069378376007
1963,196.3,197.3,0.40840405225753784,0.40840405225753784
1964,196.4,197.4,0.3185892105102539,0.3185892105102539
1965,196.5,197.5,0.5213627219200134,0.5213627219200134
1966,196.6,197.6,0.5417901873588562,0.5417901873588562
1967,196.7,197.7,0.5094916820526123,0.5094916820526123
1968,196.8,197.8,0.46588966250419617,0.46588966250419617
1969,196.9,197.9,0.4617367684841156,0.4617367684841156
1970,197.0,198.0,0.57132488489151,0.57132488489151
1971,197.1,198.1,0.534212052822113,0.534212052822113
1972,197.2,198.2,0.48805078864097595,0.48805078864097595
1973,197.3,198.3,0.4562542736530304,0.4562542736530304
1974,197.4,198.4,0.4398668706417084,0.4398668706417084
1975,197.5,198.5,0.306804358959198,0.306804358959198
1976,197.6,198.6,0.3076540231704712,0.3076540231704712
1977,197.7,198.7,0.4425097405910492,0.4425097405910492
1978,197.8,198.8,0.4315722584724426,0.4315722584724426
1979,197.9,198.9,0.3896162211894989,0.3896162211894989
1980,198.0,199.0,0.45733654499053955,0.45733654499053955
1981,198.1,199.1,0.4775201976299286,0.4775201976299286
1982,198.2,199.2,0.3894634544849396,0.3894634544849396
1983,198.3,199.3,0.41577208042144775,0.41577208042144775
1984,198.4,199.4,0.4278678894042969,0.4278678894042969
1985,198.5,199.5,0.5118894577026367,0.5118894577026367
1986,198.6,199.6,0.41371941566467285,0.41371941566467285
1987,198.7,199.7,0.4989434480667114,0.4989434480667114
1988,198.8,199.8,0.4354599118232727,0.4354599118232727
1989,198.9,199.9,0.4195246994495392,0.4195246994495392
1990,199.0,200.0,0.41872677206993103,0.41872677206993103
1991,199.1,200.1,0.42715707421302795,0.42715707421302795
1992,199.2,200.2,0.465751975774765,0.465751975774765
1993,199.3,200.3,0.4575357735157013,0.4575357735157013
1994,199.4,200.4,0.4132126569747925,0.4132126569747925
1995,199.5,200.5,0.36742863059043884,0.36742863059043884
1996,199.6,200.6,0.459699809551239,0.459699809551239
1997,199.7,200.7,0.41926777362823486,0.41926777362823486
1998,199.8,200.8,0.453924298286438,0.453924298286438
1999,199.9,200.9,0.39354854822158813,0.39354854822158813
2000,200.0,201.0,0.43566179275512695,0.43566179275512695
2001,200.1,201.1,0.4799564778804779,0.4799564778804779
2002,200.2,201.2,0.43740329146385193,0.43740329146385193
2003,200.3,201.3,0.520009458065033,0.520009458065033
2004,200.4,201.4,0.5239556431770325,0.5239556431770325
2005,200.5,201.5,0.35191261768341064,0.35191261768341064
2006,200.6,201.6,0.4476492404937744,0.4476492404937744
2007,200.7,201.7,0.46338722109794617,0.46338722109794617
2008,200.8,201.8,0.5216653943061829,0.5216653943061829
2009,200.9,201.9,0.4491991698741913,0.4491991698741913
2010,201.0,202.0,0.4539266526699066,0.4539266526699066
2011,201.1,202.1,0.4324376881122589,0.4324376881122589
2012,201.2,202.2,0.4502340257167816,0.4502340257167816
2013,201.3,202.3,0.45752841234207153,0.45752841234207153
2014,201.4,202.4,0.5607616305351257,0.5607616305351257
2015,201.5,202.5,0.5008262991905212,0.5008262991905212
2016,201.6,202.6,0.5110253095626831,0.5110253095626831
2017,201.7,202.7,0.5303217172622681,0.5303217172622681
2018,201.8,202.8,0.6159219741821289,0.6159219741821289
2019,201.9,202.9,0.5573358535766602,0.5573358535766602
2020,202.0,203.0,0.5232433080673218,0.5232433080673218
2021,202.1,203.1,0.3971307873725891,0.3971307873725891
2022,202.2,203.2,0.43897387385368347,0.43897387385368347
2023,202.3,203.3,0.36196354031562805,0.36196354031562805
2024,202.4,203.4,0.4142662286758423,0.4142662286758423
2025,202.5,203.5,0.3971596360206604,0.3971596360206604
2026,202.6,203.6,0.39786496758461,0.39786496758461
2027,202.7,203.7,0.4610288441181183,0.4610288441181183
2028,202.8,203.8,0.4971369504928589,0.4971369504928589
2029,202.9,203.9,0.5336636304855347,0.5336636304855347
2030,203.0,204.0,0.46663156151771545,0.46663156151771545
2031,203.1,204.1,0.5229647755622864,0.5229647755622864
2032,203.2,204.2,0.5233386754989624,0.5233386754989624
2033,203.3,204.3,0.4867956340312958,0.4867956340312958
2034,203.4,204.4,0.4406304359436035,0.4406304359436035
2035,203.5,204.5,0.4337379038333893,0.4337379038333893
2036,203.6,204.6,0.4864494502544403,0.4864494502544403
2037,203.7,204.7,0.4811818301677704,0.4811818301677704
2038,203.8,204.8,0.5105871558189392,0.5105871558189392
2039,203.9,204.9,0.42922988533973694,0.42922988533973694
2040,204.0,205.0,0.42204350233078003,0.42204350233078003
2041,204.1,205.1,0.4545949697494507,0.4545949697494507
2042,204.2,205.2,0.4395662844181061,0.4395662844181061
2043,204.3,205.3,0.38417449593544006,0.38417449593544006
2044,204.4,205.4,0.4471314251422882,0.4471314251422882
2045,204.5,205.5,0.4066743552684784,0.4066743552684784
2046,204.6,205.6,0.3938051164150238,0.3938051164150238
2047,204.7,205.7,0.35336804389953613,0.35336804389953613
2048,204.8,205.8,0.3397948145866394,0.3397948145866394
2049,204.9,205.9,0.4194945991039276,0.4194945991039276
2050,205.0,206.0,0.43077754974365234,0.43077754974365234
2051,205.1,206.1,0.487406849861145,0.487406849861145
2052,205.2,206.2,0.5603229403495789,0.5603229403495789
2053,205.3,206.3,0.44214320182800293,0.44214320182800293
2054,205.4,206.4,0.4410949945449829,0.4410949945449829
2055,205.5,206.5,0.43929779529571533,0.43929779529571533
2056,205.6,206.6,0.4501984119415283,0.4501984119415283
2057,205.7,206.7,0.39915335178375244,0.39915335178375244
2058,205.8,206.8,0.37529152631759644,0.37529152631759644
2059,205.9,206.9,0.3534374535083771,0.3534374535083771
2060,206.0,207.0,0.4456839859485626,0.4456839859485626
2061,206.1,207.1,0.4530719816684723,0.4530719816684723
2062,206.2,207.2,0.4522738754749298,0.4522738754749298
2063,206.3,207.3,0.37853696942329407,0.37853696942329407
2064,206.4,207.4,0.3608512580394745,0.3608512580394745
2065,206.5,207.5,0.3808533549308777,0.3808533549308777
2066,206.6,207.6,0.44162073731422424,0.44162073731422424
2067,206.7,207.7,0.4097309112548828,0.4097309112548828
2068,206.8,207.8,0.40811851620674133,0.40811851620674133
2069,206.9,207.9,0.39464041590690613,0.39464041590690613
2070,207.0,208.0,0.3308619558811188,0.3308619558811188
2071,207.1,208.1,0.33942899107933044,0.33942899107933044
2072,207.2,208.2,0.3608027994632721,0.3608027994632721
2073,207.3,208.3,0.41437673568725586,0.41437673568725586
2074,207.4,208.4,0.44843384623527527,0.44843384623527527
2075,207.5,208.5,0.6361669301986694,0.6361669301986694
2076,207.6,208.6,0.595420241355896,0.595420241355896
2077,207.7,208.7,0.5469456911087036,0.5469456911087036
2078,207.8,208.8,0.5561407804489136,0.5561407804489136
2079,207.9,208.9,0.45368438959121704,0.45368438959121704
2080,208.0,209.0,0.5176538825035095,0.5176538825035095
2081,208.1,209.1,0.4493813216686249,0.4493813216686249
2082,208.2,209.2,0.4866732358932495,0.4866732358932495
2083,208.3,209.3,0.3512266278266907,0.3512266278266907
2084,208.4,209.4,0.45112165808677673,0.45112165808677673
2085,208.5,209.5,0.44095441699028015,0.44095441699028015
2086,208.6,209.6,0.4795573949813843,0.4795573949813843
2087,208.7,209.7,0.47409242391586304,0.47409242391586304
2088,208.8,209.8,0.4339774549007416,0.4339774549007416
2089,208.9,209.9,0.34986597299575806,0.34986597299575806
2090,209.0,210.0,0.4239254295825958,0.4239254295825958
2091,209.1,210.1,0.37635669112205505,0.37635669112205505
2092,209.2,210.2,0.3329567313194275,0.3329567313194275
2093,209.3,210.3,0.4474126696586609,0.4474126696586609
2094,209.4,210.4,0.36220842599868774,0.36220842599868774
2095,209.5,210.5,0.4302688539028168,0.4302688539028168
2096,209.6,210.6,0.4258546829223633,0.4258546829223633
2097,209.7,210.7,0.40507909655570984,0.40507909655570984
2098,209.8,210.8,0.4661548137664795,0.4661548137664795
2099,209.9,210.9,0.49401789903640747,0.49401789903640747
2100,210.0,211.0,0.28919580578804016,0.28919580578804016
2101,210.1,211.1,0.4270728826522827,0.4270728826522827
2102,210.2,211.2,0.4086973965167999,0.4086973965167999
2103,210.3,211.3,0.38051700592041016,0.38051700592041016
2104,210.4,211.4,0.4045308530330658,0.4045308530330658
2105,210.5,211.5,0.3860545754432678,0.3860545754432678
2106,210.6,211.6,0.4209798276424408,0.4209798276424408
2107,210.7,211.7,0.3255809247493744,0.3255809247493744
2108,210.8,211.8,0.42973417043685913,0.42973417043685913
2109,210.9,211.9,0.42324936389923096,0.42324936389923096
2110,211.0,212.0,0.39901143312454224,0.39901143312454224
2111,211.1,212.1,0.41654276847839355,0.41654276847839355
2112,211.2,212.2,0.4086020290851593,0.4086020290851593
2113,211.3,212.3,0.5443115234375,0.5443115234375
2114,211.4,212.4,0.5545613169670105,0.5545613169670105
2115,211.5,212.5,0.5669230818748474,0.5669230818748474
2116,211.6,212.6,0.5010676383972168,0.5010676383972168
2117,211.7,212.7,0.5233290791511536,0.5233290791511536
2118,211.8,212.8,0.49276530742645264,0.49276530742645264
2119,211.9,212.9,0.44885045289993286,0.44885045289993286
2120,212.0,213.0,0.46257150173187256,0.46257150173187256
2121,212.1,213.1,0.3323264718055725,0.3323264718055725
2122,212.2,213.2,0.3758777976036072,0.3758777976036072
2123,212.3,213.3,0.4074791967868805,0.4074791967868805
2124,212.4,213.4,0.32922911643981934,0.32922911643981934
2125,212.5,213.5,0.34100785851478577,0.34100785851478577
2126,212.6,213.6,0.30639830231666565,0.30639830231666565
2127,212.7,213.7,0.28765201568603516,0.28765201568603516
2128,212.8,213.8,0.2974954843521118,0.2974954843521118
2129,212.9,213.9,0.3225086033344269,0.3225086033344269
2130,213.0,214.0,0.36040183901786804,0.36040183901786804
2131,213.1,214.1,0.3182314336299896,0.3182314336299896
2132,213.2,214.2,0.41906628012657166,0.41906628012657166
2133,213.3,214.3,0.32965463399887085,0.32965463399887085
2134,213.4,214.4,0.3526109457015991,0.3526109457015991
2135,213.5,214.5,0.33538109064102173,0.33538109064102173
2136,213.6,214.6,0.41088637709617615,0.41088637709617615
2137,213.7,214.7,0.4499901235103607,0.4499901235103607
2138,213.8,214.8,0.4351857602596283,0.4351857602596283
2139,213.9,214.9,0.3975836932659149,0.3975836932659149
2140,214.0,215.0,0.41241174936294556,0.41241174936294556
2141,214.1,215.1,0.41373974084854126,0.41373974084854126
2142,214.2,215.2,0.4314585030078888,0.4314585030078888
2143,214.3,215.3,0.3647105395793915,0.3647105395793915
2144,214.4,215.4,0.45604443550109863,0.45604443550109863
2145,214.5,215.5,0.3635188639163971,0.3635188639163971
2146,214.6,215.6,0.3264276087284088,0.3264276087284088
2147,214.7,215.7,0.33441463112831116,0.33441463112831116
2148,214.8,215.8,0.3809196650981903,0.3809196650981903
2149,214.9,215.9,0.4184638261795044,0.4184638261795044
2150,215.0,216.0,0.34899619221687317,0.34899619221687317
2151,215.1,216.1,0.33620843291282654,0.33620843291282654
2152,215.2,216.2,0.4862772524356842,0.4862772524356842
2153,215.3,216.3,0.28568464517593384,0.28568464517593384
2154,215.4,216.4,0.4939800500869751,0.4939800500869751
2155,215.5,216.5,0.4622586965560913,0.4622586965560913
2156,215.6,216.6,0.4721637964248657,0.4721637964248657
2157,215.7,216.7,0.4461330473423004,0.4461330473423004
2158,215.8,216.8,0.4430220127105713,0.4430220127105713
2159,215.9,216.9,0.5028752088546753,0.5028752088546753
2160,216.0,217.0,0.4719270169734955,0.4719270169734955
2161,216.1,217.1,0.43642786145210266,0.43642786145210266
2162,216.2,217.2,0.38359251618385315,0.38359251618385315
2163,216.3,217.3,0.38535481691360474,0.38535481691360474
2164,216.4,217.4,0.5654801726341248,0.5654801726341248
2165,216.5,217.5,0.4297073781490326,0.4297073781490326
2166,216.6,217.6,0.4645437002182007,0.4645437002182007
2167,216.7,217.7,0.5168312191963196,0.5168312191963196
2168,216.8,217.8,0.5364975929260254,0.5364975929260254
2169,216.9,217.9,0.5375232100486755,0.5375232100486755
2170,217.0,218.0,0.5491065979003906,0.5491065979003906
2171,217.1,218.1,0.5640299916267395,0.5640299916267395
2172,217.2,218.2,0.607088565826416,0.607088565826416
2173,217.3,218.3,0.5740758776664734,0.5740758776664734
2174,217.4,218.4,0.49787968397140503,0.49787968397140503
2175,217.5,218.5,0.5297123193740845,0.5297123193740845
2176,217.6,218.6,0.5248309373855591,0.5248309373855591
2177,217.7,218.7,0.45840194821357727,0.45840194821357727
2178,217.8,218.8,0.48771974444389343,0.48771974444389343
2179,217.9,218.9,0.4332427978515625,0.4332427978515625
2180,218.0,219.0,0.41364046931266785,0.41364046931266785
2181,218.1,219.1,0.47999802231788635,0.47999802231788635
2182,218.2,219.2,0.4610579311847687,0.4610579311847687
2183,218.3,219.3,0.40374109148979187,0.40374109148979187
2184,218.4,219.4,0.5648478865623474,0.5648478865623474
2185,218.5,219.5,0.4360179305076599,0.4360179305076599
2186,218.6,219.6,0.47830358147621155,0.47830358147621155
2187,218.7,219.7,0.46831005811691284,0.46831005811691284
2188,218.8,219.8,0.3966025710105896,0.3966025710105896
2189,218.9,219.9,0.4868285059928894,0.4868285059928894
2190,219.0,220.0,0.4942038059234619,0.4942038059234619
2191,219.1,220.1,0.4811179041862488,0.4811179041862488
2192,219.2,220.2,0.5090464353561401,0.5090464353561401
2193,219.3,220.3,0.5522144436836243,0.5522144436836243
2194,219.4,220.4,0.5023987293243408,0.5023987293243408
2195,219.5,220.5,0.3894294202327728,0.3894294202327728
2196,219.6,220.6,0.42957544326782227,0.42957544326782227
2197,219.7,220.7,0.487140417098999,0.487140417098999
2198,219.8,220.8,0.8349677920341492,0.8349677920341492
2199,219.9,220.9,0.7801898717880249,0.7801898717880249
2200,220.0,221.0,0.7685033679008484,0.7685033679008484
2201,220.1,221.1,0.7166856527328491,0.7166856527328491
2202,220.2,221.2,0.6564189791679382,0.6564189791679382
2203,220.3,221.3,0.7197222709655762,0.7197222709655762
2204,220.4,221.4,0.658206045627594,0.658206045627594
2205,220.5,221.5,0.6183915138244629,0.6183915138244629
2206,220.6,221.6,0.6238037347793579,0.6238037347793579
2207,220.7,221.7,0.7413803935050964,0.7413803935050964
2208,220.8,221.8,0.5146838426589966,0.5146838426589966
2209,220.9,221.9,0.5080668926239014,0.5080668926239014
2210,221.0,222.0,0.513250470161438,0.513250470161438
2211,221.1,222.1,0.613213837146759,0.613213837146759
2212,221.2,222.2,0.5391461849212646,0.5391461849212646
2213,221.3,222.3,0.492625892162323,0.492625892162323
2214,221.4,222.4,0.5289903879165649,0.5289903879165649
2215,221.5,222.5,0.5532258152961731,0.5532258152961731
2216,221.6,222.6,0.4108560383319855,0.4108560383319855
2217,221.7,222.7,0.41613706946372986,0.41613706946372986
2218,221.8,222.8,0.5337582230567932,0.5337582230567932
2219,221.9,222.9,0.4791102409362793,0.4791102409362793
2220,222.0,223.0,0.4043751657009125,0.4043751657009125
2221,222.1,223.1,0.5185686349868774,0.5185686349868774
2222,222.2,223.2,0.552218496799469,0.552218496799469
2223,222.3,223.3,0.5153966546058655,0.5153966546058655
2224,222.4,223.4,0.47550368309020996,0.47550368309020996
2225,222.5,223.5,0.5359535217285156,0.5359535217285156
2226,222.6,223.6,0.5861660242080688,0.5861660242080688
2227,222.7,223.7,0.6492661237716675,0.6492661237716675
2228,222.8,223.8,0.5875368714332581,0.5875368714332581
2229,222.9,223.9,0.5171036124229431,0.5171036124229431
2230,223.0,224.0,0.47603341937065125,0.47603341937065125
2231,223.1,224.1,0.4222251772880554,0.4222251772880554
2232,223.2,224.2,0.43531298637390137,0.43531298637390137
2233,223.3,224.3,0.4106597900390625,0.4106597900390625
2234,223.4,224.4,0.4440619945526123,0.4440619945526123
2235,223.5,224.5,0.43794435262680054,0.43794435262680054
2236,223.6,224.6,0.4628710150718689,0.4628710150718689
2237,223.7,224.7,0.41949939727783203,0.41949939727783203
2238,223.8,224.8,0.42545729875564575,0.42545729875564575
2239,223.9,224.9,0.3827577531337738,0.3827577531337738
2240,224.0,225.0,0.4333146810531616,0.4333146810531616
2241,224.1,225.1,0.483736515045166,0.483736515045166
2242,224.2,225.2,0.5376571416854858,0.5376571416854858
2243,224.3,225.3,0.23293331265449524,0.23293331265449524
2244,224.4,225.4,0.29931408166885376,0.29931408166885376
2245,224.5,225.5,0.28647580742836,0.28647580742836
2246,224.6,225.6,0.34553420543670654,0.34553420543670654
2247,224.7,225.7,0.3914961516857147,0.3914961516857147
2248,224.8,225.8,0.4013805091381073,0.4013805091381073
2249,224.9,225.9,0.45600301027297974,0.45600301027297974
2250,225.0,226.0,0.4747295677661896,0.4747295677661896
2251,225.1,226.1,0.5356956124305725,0.5356956124305725
2252,225.2,226.2,0.5789011716842651,0.5789011716842651
2253,225.3,226.3,0.575268030166626,0.575268030166626
2254,225.4,226.4,0.6362936496734619,0.6362936496734619
2255,225.5,226.5,0.6470945477485657,0.6470945477485657
2256,225.6,226.6,0.5007936358451843,0.5007936358451843
2257,225.7,226.7,0.5880134105682373,0.5880134105682373
2258,225.8,226.8,0.45845070481300354,0.45845070481300354
2259,225.9,226.9,0.4619641900062561,0.4619641900062561
2260,226.0,227.0,0.47256362438201904,0.47256362438201904
2261,226.1,227.1,0.65158611536026,0.65158611536026
2262,226.2,227.2,0.8470689058303833,0.8470689058303833
2263,226.3,227.3,0.8479459285736084,0.8479459285736084
2264,226.4,227.4,0.8058795928955078,0.8058795928955078
2265,226.5,227.5,0.793185293674469,0.793185293674469
2266,226.6,227.6,0.8176918029785156,0.8176918029785156
2267,226.7,227.7,0.7397116422653198,0.7397116422653198
2268,226.8,227.8,0.4603910744190216,0.4603910744190216
2269,226.9,227.9,0.3262113928794861,0.3262113928794861
2270,227.0,228.0,0.3509828746318817,0.3509828746318817
2271,227.1,228.1,0.35355135798454285,0.35355135798454285
2272,227.2,228.2,0.3377789258956909,0.3377789258956909
2273,227.3,228.3,0.2975102663040161,0.2975102663040161
2274,227.4,228.4,0.29236921668052673,0.29236921668052673
2275,227.5,228.5,0.369006872177124,0.369006872177124
2276,227.6,228.6,0.25004303455352783,0.25004303455352783
2277,227.7,228.7,0.3137245774269104,0.3137245774269104
2278,227.8,228.8,0.32056963443756104,0.32056963443756104
2279,227.9,228.9,0.3334020674228668,0.3334020674228668
2280,228.0,229.0,0.40888166427612305,0.40888166427612305
2281,228.1,229.1,0.3311072885990143,0.3311072885990143
2282,228.2,229.2,0.48184096813201904,0.48184096813201904
2283,228.3,229.3,0.3739449083805084,0.3739449083805084
2284,228.4,229.4,0.5101433396339417,0.5101433396339417
2285,228.5,229.5,0.45570439100265503,0.45570439100265503
2286,228.6,229.6,0.5178743600845337,0.5178743600845337
2287,228.7,229.7,0.5183029174804688,0.5183029174804688
2288,228.8,229.8,0.5467988848686218,0.5467988848686218
2289,228.9,229.9,0.6837895512580872,0.6837895512580872
2290,229.0,230.0,0.6633631587028503,0.6633631587028503
2291,229.1,230.1,0.6230041980743408,0.6230041980743408
2292,229.2,230.2,0.5591495633125305,0.5591495633125305
2293,229.3,230.3,0.4995153844356537,0.4995153844356537
2294,229.4,230.4,0.4599384069442749,0.4599384069442749
2295,229.5,230.5,0.49186962842941284,0.49186962842941284
2296,229.6,230.6,0.4883454442024231,0.4883454442024231
2297,229.7,230.7,0.5125793814659119,0.5125793814659119
2298,229.8,230.8,0.513310432434082,0.513310432434082
2299,229.9,230.9,0.4989340603351593,0.4989340603351593
2300,230.0,231.0,0.5283686518669128,0.5283686518669128
2301,230.1,231.1,0.5820063948631287,0.5820063948631287
2302,230.2,231.2,0.5310123562812805,0.5310123562812805
2303,230.3,231.3,0.5342515110969543,0.5342515110969543
2304,230.4,231.4,0.5288741588592529,0.5288741588592529
2305,230.5,231.5,0.5487465262413025,0.5487465262413025
2306,230.6,231.6,0.5630211234092712,0.5630211234092712
2307,230.7,231.7,0.4343486726284027,0.4343486726284027
2308,230.8,231.8,0.40545162558555603,0.40545162558555603
2309,230.9,231.9,0.5857169032096863,0.5857169032096863
2310,231.0,232.0,0.5917530655860901,0.5917530655860901
2311,231.1,232.1,0.5483200550079346,0.5483200550079346
2312,231.2,232.2,0.5689622163772583,0.5689622163772583
2313,231.3,232.3,0.63787841796875,0.63787841796875
2314,231.4,232.4,0.6747264266014099,0.6747264266014099
2315,231.5,232.5,0.6118847131729126,0.6118847131729126
2316,231.6,232.6,0.6070522665977478,0.6070522665977478
2317,231.7,232.7,0.6130819916725159,0.6130819916725159
2318,231.8,232.8,0.6338953971862793,0.6338953971862793
2319,231.9,232.9,0.5778045654296875,0.5778045654296875
2320,232.0,233.0,0.49127429723739624,0.49127429723739624
2321,232.1,233.1,0.4611676037311554,0.4611676037311554
2322,232.2,233.2,0.4356320798397064,0.4356320798397064
2323,232.3,233.3,0.42735448479652405,0.42735448479652405
2324,232.4,233.4,0.3763082027435303,0.3763082027435303
2325,232.5,233.5,0.6699894070625305,0.6699894070625305
2326,232.6,233.6,0.6708306074142456,0.6708306074142456
2327,232.7,233.7,0.5803118944168091,0.5803118944168091
2328,232.8,233.8,0.47374680638313293,0.47374680638313293
2329,232.9,233.9,0.44302040338516235,0.44302040338516235
2330,233.0,234.0,0.5626851916313171,0.5626851916313171
2331,233.1,234.1,0.4880829453468323,0.4880829453468323
2332,233.2,234.2,0.482573539018631,0.482573539018631
2333,233.3,234.3,0.4502485394477844,0.4502485394477844
2334,233.4,234.4,0.3667103350162506,0.3667103350162506
2335,233.5,234.5,0.45842158794403076,0.45842158794403076
2336,233.6,234.6,0.5550615191459656,0.5550615191459656
2337,233.7,234.7,0.4676973819732666,0.4676973819732666
2338,233.8,234.8,0.5062202215194702,0.5062202215194702
2339,233.9,234.9,0.5155843496322632,0.5155843496322632
2340,234.0,235.0,0.646690309047699,0.646690309047699
2341,234.1,235.1,0.7414633631706238,0.7414633631706238
2342,234.2,235.2,0.6319137215614319,0.6319137215614319
2343,234.3,235.3,0.7541022300720215,0.7541022300720215
2344,234.4,235.4,0.7569584846496582,0.7569584846496582
2345,234.5,235.5,0.6961106061935425,0.6961106061935425
2346,234.6,235.6,0.5424016118049622,0.5424016118049622
2347,234.7,235.7,0.7016405463218689,0.7016405463218689
2348,234.8,235.8,0.5349591374397278,0.5349591374397278
2349,234.9,235.9,0.5841487050056458,0.5841487050056458
2350,235.0,236.0,0.3142527937889099,0.3142527937889099
2351,235.1,236.1,0.3114086389541626,0.3114086389541626
2352,235.2,236.2,0.4185108244419098,0.4185108244419098
2353,235.3,236.3,0.33150777220726013,0.33150777220726013
2354,235.4,236.4,0.4641823470592499,0.4641823470592499
2355,235.5,236.5,0.46856430172920227,0.46856430172920227
2356,235.6,236.6,0.3945036232471466,0.3945036232471466
2357,235.7,236.7,0.42674535512924194,0.42674535512924194
2358,235.8,236.8,0.3868866562843323,0.3868866562843323
2359,235.9,236.9,0.4084934592247009,0.4084934592247009
2360,236.0,237.0,0.45112088322639465,0.45112088322639465
2361,236.1,237.1,0.48445627093315125,0.48445627093315125
2362,236.2,237.2,0.398166686296463,0.398166686296463
2363,236.3,237.3,0.41307857632637024,0.41307857632637024
2364,236.4,237.4,0.4457446336746216,0.4457446336746216
2365,236.5,237.5,0.46959587931632996,0.46959587931632996
2366,236.6,237.6,0.4785105288028717,0.4785105288028717
2367,236.7,237.7,0.4771093428134918,0.4771093428134918
2368,236.8,237.8,0.4954461455345154,0.4954461455345154
2369,236.9,237.9,0.4309200346469879,0.4309200346469879
2370,237.0,238.0,0.47481411695480347,0.47481411695480347
2371,237.1,238.1,0.47854897379875183,0.47854897379875183
2372,237.2,238.2,0.4635066092014313,0.4635066092014313
2373,237.3,238.3,0.530576765537262,0.530576765537262
2374,237.4,238.4,0.5290954113006592,0.5290954113006592
2375,237.5,238.5,0.600609540939331,0.600609540939331
2376,237.6,238.6,0.52516108751297,0.52516108751297
2377,237.7,238.7,0.4179985225200653,0.4179985225200653
2378,237.8,238.8,0.509896993637085,0.509896993637085
2379,237.9,238.9,0.4394287168979645,0.4394287168979645
2380,238.0,239.0,0.5477233529090881,0.5477233529090881
2381,238.1,239.1,0.470786988735199,0.470786988735199
2382,238.2,239.2,0.5023419857025146,0.5023419857025146
2383,238.3,239.3,0.42650914192199707,0.42650914192199707
2384,238.4,239.4,0.4600297510623932,0.4600297510623932
2385,238.5,239.5,0.5087206363677979,0.5087206363677979
2386,238.6,239.6,0.43395236134529114,0.43395236134529114
2387,238.7,239.7,0.4496912956237793,0.4496912956237793
2388,238.8,239.8,0.4378455579280853,0.4378455579280853
2389,238.9,239.9,0.4158037304878235,0.4158037304878235
2390,239.0,240.0,0.30813777446746826,0.30813777446746826
2391,239.1,240.1,0.3620128333568573,0.3620128333568573
2392,239.2,240.2,0.3522958755493164,0.3522958755493164
2393,239.3,240.3,0.4959506690502167,0.4959506690502167
2394,239.4,240.4,0.4404093623161316,0.4404093623161316
2395,239.5,240.5,0.46209946274757385,0.46209946274757385
2396,239.6,240.6,0.40378478169441223,0.40378478169441223
2397,239.7,240.7,0.4856317639350891,0.4856317639350891
2398,239.8,240.8,0.5398437976837158,0.5398437976837158
2399,239.9,240.9,0.5673201084136963,0.5673201084136963
2400,240.0,241.0,0.5222393274307251,0.5222393274307251
2401,240.1,241.1,0.4536888599395752,0.4536888599395752
2402,240.2,241.2,0.5018311142921448,0.5018311142921448
2403,240.3,241.3,0.4367053508758545,0.4367053508758545
2404,240.4,241.4,0.4227500259876251,0.4227500259876251
2405,240.5,241.5,0.43773749470710754,0.43773749470710754
2406,240.6,241.6,0.3917817175388336,0.3917817175388336
2407,240.7,241.7,0.3207171857357025,0.3207171857357025
2408,240.8,241.8,0.4193934500217438,0.4193934500217438
2409,240.9,241.9,0.43762287497520447,0.43762287497520447
2410,241.0,242.0,0.4569073021411896,0.4569073021411896
2411,241.1,242.1,0.40859994292259216,0.40859994292259216
2412,241.2,242.2,0.3929159343242645,0.3929159343242645
2413,241.3,242.3,0.4274863004684448,0.4274863004684448
2414,241.4,242.4,0.4708273708820343,0.4708273708820343
2415,241.5,242.5,0.5665039420127869,0.5665039420127869
2416,241.6,242.6,0.5362289547920227,0.5362289547920227
2417,241.7,242.7,0.5674651265144348,0.5674651265144348
2418,241.8,242.8,0.6280051469802856,0.6280051469802856
2419,241.9,242.9,0.6437287330627441,0.6437287330627441
2420,242.0,243.0,0.6350144743919373,0.6350144743919373
2421,242.1,243.1,0.6312798261642456,0.6312798261642456
2422,242.2,243.2,0.7173520922660828,0.7173520922660828
2423,242.3,243.3,0.7087994813919067,0.7087994813919067
2424,242.4,243.4,0.5700563788414001,0.5700563788414001
2425,242.5,243.5,0.44699546694755554,0.44699546694755554
2426,242.6,243.6,0.40425756573677063,0.40425756573677063
2427,242.7,243.7,0.39865249395370483,0.39865249395370483
2428,242.8,243.8,0.39569881558418274,0.39569881558418274
2429,242.9,243.9,0.41495752334594727,0.41495752334594727
2430,243.0,244.0,0.4560994505882263,0.4560994505882263
2431,243.1,244.1,0.45291444659233093,0.45291444659233093
2432,243.2,244.2,0.5018146634101868,0.5018146634101868
2433,243.3,244.3,0.5577678680419922,0.5577678680419922
2434,243.4,244.4,0.4073392152786255,0.4073392152786255
2435,243.5,244.5,0.45132988691329956,0.45132988691329956
2436,243.6,244.6,0.3726722002029419,0.3726722002029419
2437,243.7,244.7,0.4897465705871582,0.4897465705871582
2438,243.8,244.8,0.4730459153652191,0.4730459153652191
2439,243.9,244.9,0.46701884269714355,0.46701884269714355
2440,244.0,245.0,0.4352286159992218,0.4352286159992218
2441,244.1,245.1,0.4088229537010193,0.4088229537010193
2442,244.2,245.2,0.4728042781352997,0.4728042781352997
2443,244.3,245.3,0.5622666478157043,0.5622666478157043
2444,244.4,245.4,0.4538765549659729,0.4538765549659729
2445,244.5,245.5,0.49820956587791443,0.49820956587791443
2446,244.6,245.6,0.4501899182796478,0.4501899182796478
2447,244.7,245.7,0.44394317269325256,0.44394317269325256
2448,244.8,245.8,0.4762226641178131,0.4762226641178131
2449,244.9,245.9,0.4664246737957001,0.4664246737957001
2450,245.0,246.0,0.4972246587276459,0.4972246587276459
2451,245.1,246.1,0.47059306502342224,0.47059306502342224
2452,245.2,246.2,0.46584245562553406,0.46584245562553406
2453,245.3,246.3,0.45141667127609253,0.45141667127609253
2454,245.4,246.4,0.4079611897468567,0.4079611897468567
2455,245.5,246.5,0.44002556800842285,0.44002556800842285
2456,245.6,246.6,0.44695523381233215,0.44695523381233215
2457,245.7,246.7,0.4085114002227783,0.4085114002227783
2458,245.8,246.8,0.44796666502952576,0.44796666502952576
2459,245.9,246.9,0.4769010543823242,0.4769010543823242
2460,246.0,247.0,0.371897429227829,0.371897429227829
2461,246.1,247.1,0.44306373596191406,0.44306373596191406
2462,246.2,247.2,0.4776262044906616,0.4776262044906616
2463,246.3,247.3,0.4438086152076721,0.4438086152076721
2464,246.4,247.4,0.46835729479789734,0.46835729479789734
2465,246.5,247.5,0.4961150288581848,0.4961150288581848
2466,246.6,247.6,0.38722094893455505,0.38722094893455505
2467,246.7,247.7,0.3596716523170471,0.3596716523170471
2468,246.8,247.8,0.3519046902656555,0.3519046902656555
2469,246.9,247.9,0.5175636410713196,0.5175636410713196
2470,247.0,248.0,0.39349010586738586,0.39349010586738586
2471,247.1,248.1,0.5136439204216003,0.5136439204216003
2472,247.2,248.2,0.3705914318561554,0.3705914318561554
2473,247.3,248.3,0.3849509060382843,0.3849509060382843
2474,247.4,248.4,0.3612038791179657,0.3612038791179657
2475,247.5,248.5,0.42449092864990234,0.42449092864990234
2476,247.6,248.6,0.4389256238937378,0.4389256238937378
2477,247.7,248.7,0.42448797821998596,0.42448797821998596
2478,247.8,248.8,0.4261825978755951,0.4261825978755951
2479,247.9,248.9,0.46274611353874207,0.46274611353874207
2480,248.0,249.0,0.4317469298839569,0.4317469298839569
2481,248.1,249.1,0.5155916810035706,0.5155916810035706
2482,248.2,249.2,0.5532841086387634,0.5532841086387634
2483,248.3,249.3,0.48123714327812195,0.48123714327812195
2484,248.4,249.4,0.44899865984916687,0.44899865984916687
2485,248.5,249.5,0.4543876647949219,0.4543876647949219
2486,248.6,249.6,0.47098082304000854,0.47098082304000854
2487,248.7,249.7,0.40745043754577637,0.40745043754577637
2488,248.8,249.8,0.3978225290775299,0.3978225290775299
2489,248.9,249.9,0.4014306962490082,0.4014306962490082
2490,249.0,250.0,0.40691399574279785,0.40691399574279785
2491,249.1,250.1,0.43404242396354675,0.43404242396354675
2492,249.2,250.2,0.450248658657074,0.450248658657074
2493,249.3,250.3,0.48522067070007324,0.48522067070007324
2494,249.4,250.4,0.5609372854232788,0.5609372854232788
2495,249.5,250.5,0.48354968428611755,0.48354968428611755
2496,249.6,250.6,0.4571986496448517,0.4571986496448517
2497,249.7,250.7,0.46339526772499084,0.46339526772499084
2498,249.8,250.8,0.5115667581558228,0.5115667581558228
2499,249.9,250.9,0.5307239294052124,0.5307239294052124
2500,250.0,251.0,0.5473745465278625,0.5473745465278625
2501,250.1,251.1,0.8310351371765137,0.8310351371765137
2502,250.2,251.2,0.8100748062133789,0.8100748062133789
2503,250.3,251.3,0.8218493461608887,0.8218493461608887
2504,250.4,251.4,0.7412519454956055,0.7412519454956055
2505,250.5,251.5,0.7378166317939758,0.7378166317939758
2506,250.6,251.6,0.654994547367096,0.654994547367096
2507,250.7,251.7,0.6211059093475342,0.6211059093475342
2508,250.8,251.8,0.5285833477973938,0.5285833477973938
2509,250.9,251.9,0.5219452381134033,0.5219452381134033
2510,251.0,252.0,0.5208943486213684,0.5208943486213684
2511,251.1,252.1,0.438688188791275,0.438688188791275
2512,251.2,252.2,0.48112019896507263,0.48112019896507263
2513,251.3,252.3,0.503068745136261,0.503068745136261
2514,251.4,252.4,0.4537510573863983,0.4537510573863983
2515,251.5,252.5,0.4232006371021271,0.4232006371021271
2516,251.6,252.6,0.37656155228614807,0.37656155228614807
2517,251.7,252.7,0.5590846538543701,0.5590846538543701
2518,251.8,252.8,0.6022179126739502,0.6022179126739502
2519,251.9,252.9,0.5742002725601196,0.5742002725601196
2520,252.0,253.0,0.6678037643432617,0.6678037643432617
2521,252.1,253.1,0.7851882576942444,0.7851882576942444
2522,252.2,253.2,0.8317350745201111,0.8317350745201111
2523,252.3,253.3,0.8384361863136292,0.8384361863136292
2524,252.4,253.4,0.8437908887863159,0.8437908887863159
2525,252.5,253.5,0.7793835401535034,0.7793835401535034
2526,252.6,253.6,0.3569827675819397,0.3569827675819397
2527,252.7,253.7,0.3154524862766266,0.3154524862766266
2528,252.8,253.8,0.19253386557102203,0.19253386557102203
2529,252.9,253.9,0.23226012289524078,0.23226012289524078
2530,253.0,254.0,0.19616368412971497,0.19616368412971497
2531,253.1,254.1,0.21945056319236755,0.21945056319236755
2532,253.2,254.2,0.14739267528057098,0.14739267528057098
2533,253.3,254.3,0.26483696699142456,0.26483696699142456
2534,253.4,254.4,0.27092674374580383,0.27092674374580383
2535,253.5,254.5,0.41928261518478394,0.41928261518478394
2536,253.6,254.6,0.5235714316368103,0.5235714316368103
2537,253.7,254.7,0.4873935580253601,0.4873935580253601
2538,253.8,254.8,0.4725566804409027,0.4725566804409027
2539,253.9,254.9,0.5003525614738464,0.5003525614738464
2540,254.0,255.0,0.4969709813594818,0.4969709813594818
2541,254.1,255.1,0.3336534798145294,0.3336534798145294
2542,254.2,255.2,0.41811156272888184,0.41811156272888184
2543,254.3,255.3,0.4054921865463257,0.4054921865463257
2544,254.4,255.4,0.43060848116874695,0.43060848116874695
2545,254.5,255.5,0.47633618116378784,0.47633618116378784
2546,254.6,255.6,0.4796814024448395,0.4796814024448395
2547,254.7,255.7,0.42156311869621277,0.42156311869621277
2548,254.8,255.8,0.4582124650478363,0.4582124650478363
2549,254.9,255.9,0.42749807238578796,0.42749807238578796
2550,255.0,256.0,0.39652541279792786,0.39652541279792786
2551,255.1,256.1,0.4042227864265442,0.4042227864265442
2552,255.2,256.2,0.5291333198547363,0.5291333198547363
2553,255.3,256.3,0.5645238757133484,0.5645238757133484
2554,255.4,256.4,0.46368053555488586,0.46368053555488586
2555,255.5,256.5,0.4886024594306946,0.4886024594306946
2556,255.6,256.6,0.43227723240852356,0.43227723240852356
2557,255.7,256.7,0.4462113678455353,0.4462113678455353
2558,255.8,256.8,0.44293248653411865,0.44293248653411865
2559,255.9,256.9,0.3241608738899231,0.3241608738899231
2560,256.0,257.0,0.31939998269081116,0.31939998269081116
2561,256.1,257.1,0.37373122572898865,0.37373122572898865
2562,256.2,257.2,0.36722850799560547,0.36722850799560547
2563,256.3,257.3,0.35566434264183044,0.35566434264183044
2564,256.4,257.4,0.4981044828891754,0.4981044828891754
2565,256.5,257.5,0.47748035192489624,0.47748035192489624
2566,256.6,257.6,0.46696019172668457,0.46696019172668457
2567,256.7,257.7,0.40884077548980713,0.40884077548980713
2568,256.8,257.8,0.49230387806892395,0.49230387806892395
2569,256.9,257.9,0.5115432739257812,0.5115432739257812
2570,257.0,258.0,0.4678013026714325,0.4678013026714325
2571,257.1,258.1,0.3870842754840851,0.3870842754840851
2572,257.2,258.2,0.377034068107605,0.377034068107605
2573,257.3,258.3,0.3794371485710144,0.3794371485710144
2574,257.4,258.4,0.44860583543777466,0.44860583543777466
2575,257.5,258.5,0.45937711000442505,0.45937711000442505
2576,257.6,258.6,0.4730103313922882,0.4730103313922882
2577,257.7,258.7,0.49165207147598267,0.49165207147598267
2578,257.8,258.8,0.4678204655647278,0.4678204655647278
2579,257.9,258.9,0.48081231117248535,0.48081231117248535
2580,258.0,259.0,0.4756525754928589,0.4756525754928589
2581,258.1,259.1,0.4741321802139282,0.4741321802139282
2582,258.2,259.2,0.41490644216537476,0.41490644216537476
2583,258.3,259.3,0.47800084948539734,0.47800084948539734
2584,258.4,259.4,0.5334671139717102,0.5334671139717102
2585,258.5,259.5,0.36907893419265747,0.36907893419265747
2586,258.6,259.6,0.24114465713500977,0.24114465713500977
2587,258.7,259.7,0.32599571347236633,0.32599571347236633
2588,258.8,259.8,0.4331611394882202,0.4331611394882202
2589,258.9,259.9,0.38802483677864075,0.38802483677864075
2590,259.0,260.0,0.44054585695266724,0.44054585695266724
2591,259.1,260.1,0.394891619682312,0.394891619682312
2592,259.2,260.2,0.4878693222999573,0.4878693222999573
2593,259.3,260.3,0.40870392322540283,0.40870392322540283
2594,259.4,260.4,0.45774561166763306,0.45774561166763306
2595,259.5,260.5,0.49405574798583984,0.49405574798583984
2596,259.6,260.6,0.4010002315044403,0.4010002315044403
2597,259.7,260.7,0.5251486301422119,0.5251486301422119
2598,259.8,260.8,0.5577831864356995,0.5577831864356995
2599,259.9,260.9,0.4899461567401886,0.4899461567401886
2600,260.0,261.0,0.5204485058784485,0.5204485058784485
2601,260.1,261.1,0.5732679963111877,0.5732679963111877
2602,260.2,261.2,0.6556766629219055,0.6556766629219055
2603,260.3,261.3,0.5937658548355103,0.5937658548355103
2604,260.4,261.4,0.6146706342697144,0.6146706342697144
2605,260.5,261.5,0.4385471045970917,0.4385471045970917
2606,260.6,261.6,0.4599596858024597,0.4599596858024597
2607,260.7,261.7,0.40663936734199524,0.40663936734199524
2608,260.8,261.8,0.39400506019592285,0.39400506019592285
2609,260.9,261.9,0.41327786445617676,0.41327786445617676
2610,261.0,262.0,0.43055427074432373,0.43055427074432373
2611,261.1,262.1,0.4803861081600189,0.4803861081600189
2612,261.2,262.2,0.4957236647605896,0.4957236647605896
2613,261.3,262.3,0.4563053846359253,0.4563053846359253
2614,261.4,262.4,0.5529268980026245,0.5529268980026245
2615,261.5,262.5,0.45011308789253235,0.45011308789253235
2616,261.6,262.6,0.3442875146865845,0.3442875146865845
2617,261.7,262.7,0.3397131860256195,0.3397131860256195
2618,261.8,262.8,0.37740230560302734,0.37740230560302734
2619,261.9,262.9,0.368916392326355,0.368916392326355
2620,262.0,263.0,0.39472341537475586,0.39472341537475586
2621,262.1,263.1,0.3494539260864258,0.3494539260864258
2622,262.2,263.2,0.43755385279655457,0.43755385279655457
2623,262.3,263.3,0.4791778028011322,0.4791778028011322
2624,262.4,263.4,0.5008503198623657,0.5008503198623657
2625,262.5,263.5,0.45293426513671875,0.45293426513671875
2626,262.6,263.6,0.579354465007782,0.579354465007782
2627,262.7,263.7,0.5990653038024902,0.5990653038024902
2628,262.8,263.8,0.5762038230895996,0.5762038230895996
2629,262.9,263.9,0.5330204963684082,0.5330204963684082
2630,263.0,264.0,0.5232881307601929,0.5232881307601929
2631,263.1,264.1,0.4649405777454376,0.4649405777454376
2632,263.2,264.2,0.47624069452285767,0.47624069452285767
2633,263.3,264.3,0.5609896183013916,0.5609896183013916
2634,263.4,264.4,0.5010007619857788,0.5010007619857788
2635,263.5,264.5,0.38445231318473816,0.38445231318473816
2636,263.6,264.6,0.35959598422050476,0.35959598422050476
2637,263.7,264.7,0.3166419267654419,0.3166419267654419
2638,263.8,264.8,0.39485445618629456,0.39485445618629456
2639,263.9,264.9,0.3195769786834717,0.3195769786834717
2640,264.0,265.0,0.32041504979133606,0.32041504979133606
2641,264.1,265.1,0.3721590042114258,0.3721590042114258
2642,264.2,265.2,0.3159848153591156,0.3159848153591156
2643,264.3,265.3,0.3914630711078644,0.3914630711078644
2644,264.4,265.4,0.4511161148548126,0.4511161148548126
2645,264.5,265.5,0.5450522899627686,0.5450522899627686
2646,264.6,265.6,0.45365747809410095,0.45365747809410095
2647,264.7,265.7,0.508093535900116,0.508093535900116
2648,264.8,265.8,0.5768186450004578,0.5768186450004578
2649,264.9,265.9,0.2757216989994049,0.2757216989994049
2650,265.0,266.0,0.3287199139595032,0.3287199139595032
2651,265.1,266.1,0.3662157952785492,0.3662157952785492
2652,265.2,266.2,0.19109274446964264,0.19109274446964264
2653,265.3,266.3,0.1649535745382309,0.1649535745382309
2654,265.4,266.4,0.17263370752334595,0.17263370752334595
2655,265.5,266.5,0.3560779094696045,0.3560779094696045
2656,265.6,266.6,0.37311598658561707,0.37311598658561707
2657,265.7,266.7,0.31262344121932983,0.31262344121932983
2658,265.8,266.8,0.19603987038135529,0.19603987038135529
2659,265.9,266.9,0.12617667019367218,0.12617667019367218
2660,266.0,267.0,0.21865858137607574,0.21865858137607574
2661,266.1,267.1,0.24987463653087616,0.24987463653087616
2662,266.2,267.2,0.3028984069824219,0.3028984069824219
2663,266.3,267.3,0.2065030038356781,0.2065030038356781
2664,266.4,267.4,0.2662537693977356,0.2662537693977356
2665,266.5,267.5,0.339592307806015,0.339592307806015
2666,266.6,267.6,0.34054088592529297,0.34054088592529297
2667,266.7,267.7,0.2874433994293213,0.2874433994293213
2668,266.8,267.8,0.3143106698989868,0.3143106698989868
2669,266.9,267.9,0.41019633412361145,0.41019633412361145
2670,267.0,268.0,0.4331139028072357,0.4331139028072357
2671,267.1,268.1,0.3864387273788452,0.3864387273788452
2672,267.2,268.2,0.44072094559669495,0.44072094559669495
2673,267.3,268.3,0.4426325559616089,0.4426325559616089
2674,267.4,268.4,0.45575833320617676,0.45575833320617676
2675,267.5,268.5,0.42709892988204956,0.42709892988204956
2676,267.6,268.6,0.8607606291770935,0.8607606291770935
2677,267.7,268.7,0.6975733041763306,0.6975733041763306
2678,267.8,268.8,0.7159203886985779,0.7159203886985779
2679,267.9,268.9,0.6515230536460876,0.6515230536460876
2680,268.0,269.0,0.6543879508972168,0.6543879508972168
2681,268.1,269.1,0.5825014710426331,0.5825014710426331
2682,268.2,269.2,0.6881924867630005,0.6881924867630005
2683,268.3,269.3,0.673243522644043,0.673243522644043
2684,268.4,269.4,0.6845588684082031,0.6845588684082031
2685,268.5,269.5,0.6896188855171204,0.6896188855171204
2686,268.6,269.6,0.5053725242614746,0.5053725242614746
2687,268.7,269.7,0.48551836609840393,0.48551836609840393
2688,268.8,269.8,0.4921429753303528,0.4921429753303528
2689,268.9,269.9,0.43513616919517517,0.43513616919517517
2690,269.0,270.0,0.37513381242752075,0.37513381242752075
2691,269.1,270.1,0.4808776378631592,0.4808776378631592
2692,269.2,270.2,0.3480554223060608,0.3480554223060608
2693,269.3,270.3,0.5176702737808228,0.5176702737808228
2694,269.4,270.4,0.4135857820510864,0.4135857820510864
2695,269.5,270.5,0.430136114358902,0.430136114358902
2696,269.6,270.6,0.4241751432418823,0.4241751432418823
2697,269.7,270.7,0.4752313494682312,0.4752313494682312
2698,269.8,270.8,0.35373950004577637,0.35373950004577637
2699,269.9,270.9,0.4498673379421234,0.4498673379421234
2700,270.0,271.0,0.4655539095401764,0.4655539095401764
2701,270.1,271.1,0.3765624761581421,0.3765624761581421
2702,270.2,271.2,0.4162459969520569,0.4162459969520569
2703,270.3,271.3,0.4485652446746826,0.4485652446746826
2704,270.4,271.4,0.4221883714199066,0.4221883714199066
2705,270.5,271.5,0.46438419818878174,0.46438419818878174
2706,270.6,271.6,0.4272843599319458,0.4272843599319458
2707,270.7,271.7,0.4456554353237152,0.4456554353237152
2708,270.8,271.8,0.4425486922264099,0.4425486922264099
2709,270.9,271.9,0.4233938455581665,0.4233938455581665
2710,271.0,272.0,0.45983579754829407,0.45983579754829407
2711,271.1,272.1,0.4807472825050354,0.4807472825050354
2712,271.2,272.2,0.5602353811264038,0.5602353811264038
2713,271.3,272.3,0.4917587637901306,0.4917587637901306
2714,271.4,272.4,0.5351558923721313,0.5351558923721313
2715,271.5,272.5,0.5012425780296326,0.5012425780296326
2716,271.6,272.6,0.4326689839363098,0.4326689839363098
2717,271.7,272.7,0.44801050424575806,0.44801050424575806
2718,271.8,272.8,0.48529043793678284,0.48529043793678284
2719,271.9,272.9,0.3884405791759491,0.3884405791759491
2720,272.0,273.0,0.46342888474464417,0.46342888474464417
2721,272.1,273.1,0.4172857403755188,0.4172857403755188
2722,272.2,273.2,0.4212879538536072,0.4212879538536072
2723,272.3,273.3,0.450361967086792,0.450361967086792
2724,272.4,273.4,0.5172002911567688,0.5172002911567688
2725,272.5,273.5,0.3925197422504425,0.3925197422504425
2726,272.6,273.6,0.45163291692733765,0.45163291692733765
2727,272.7,273.7,0.4576404392719269,0.4576404392719269
2728,272.8,273.8,0.428543359041214,0.428543359041214
2729,272.9,273.9,0.4865923523902893,0.4865923523902893
2730,273.0,274.0,0.4622972309589386,0.4622972309589386
2731,273.1,274.1,0.39758142828941345,0.39758142828941345
2732,273.2,274.2,0.45180532336235046,0.45180532336235046
2733,273.3,274.3,0.38733425736427307,0.38733425736427307
2734,273.4,274.4,0.41287103295326233,0.41287103295326233
2735,273.5,274.5,0.4375624656677246,0.4375624656677246
2736,273.6,274.6,0.32949545979499817,0.32949545979499817
2737,273.7,274.7,0.36490947008132935,0.36490947008132935
2738,273.8,274.8,0.3616539537906647,0.3616539537906647
2739,273.9,274.9,0.3729100525379181,0.3729100525379181
2740,274.0,275.0,0.37774959206581116,0.37774959206581116
2741,274.1,275.1,0.44028034806251526,0.44028034806251526
2742,274.2,275.2,0.39937421679496765,0.39937421679496765
2743,274.3,275.3,0.4810183048248291,0.4810183048248291
2744,274.4,275.4,0.3986431956291199,0.3986431956291199
2745,274.5,275.5,0.4596594572067261,0.4596594572067261
2746,274.6,275.6,0.40438899397850037,0.40438899397850037
2747,274.7,275.7,0.41829800605773926,0.41829800605773926
2748,274.8,275.8,0.445713073015213,0.445713073015213
2749,274.9,275.9,0.4063134491443634,0.4063134491443634
2750,275.0,276.0,0.4936527907848358,0.4936527907848358
2751,275.1,276.1,0.44246095418930054,0.44246095418930054
2752,275.2,276.2,0.47485753893852234,0.47485753893852234
2753,275.3,276.3,0.4463002681732178,0.4463002681732178
2754,275.4,276.4,0.4725741744041443,0.4725741744041443
2755,275.5,276.5,0.48649364709854126,0.48649364709854126
2756,275.6,276.6,0.33982187509536743,0.33982187509536743
2757,275.7,276.7,0.41025835275650024,0.41025835275650024
2758,275.8,276.8,0.3621200919151306,0.3621200919151306
2759,275.9,276.9,0.2772095501422882,0.2772095501422882
2760,276.0,277.0,0.3905603587627411,0.3905603587627411
2761,276.1,277.1,0.34861594438552856,0.34861594438552856
2762,276.2,277.2,0.3913201689720154,0.3913201689720154
2763,276.3,277.3,0.38041847944259644,0.38041847944259644
2764,276.4,277.4,0.4474703073501587,0.4474703073501587
2765,276.5,277.5,0.4782254099845886,0.4782254099845886
2766,276.6,277.6,0.447641521692276,0.447641521692276
2767,276.7,277.7,0.5459485054016113,0.5459485054016113
2768,276.8,277.8,0.4728021025657654,0.4728021025657654
2769,276.9,277.9,0.47926628589630127,0.47926628589630127
2770,277.0,278.0,0.4702250063419342,0.4702250063419342
2771,277.1,278.1,0.4142579436302185,0.4142579436302185
2772,277.2,278.2,0.4362962543964386,0.4362962543964386
2773,277.3,278.3,0.4848094582557678,0.4848094582557678
2774,277.4,278.4,0.44568756222724915,0.44568756222724915
2775,277.5,278.5,0.4128558933734894,0.4128558933734894
2776,277.6,278.6,0.407986581325531,0.407986581325531
2777,277.7,278.7,0.4039328992366791,0.4039328992366791
2778,277.8,278.8,0.34418559074401855,0.34418559074401855
2779,277.9,278.9,0.38322409987449646,0.38322409987449646
2780,278.0,279.0,0.3579149544239044,0.3579149544239044
2781,278.1,279.1,0.39186355471611023,0.39186355471611023
2782,278.2,279.2,0.37801626324653625,0.37801626324653625
2783,278.3,279.3,0.4198433458805084,0.4198433458805084
2784,278.4,279.4,0.520886242389679,0.520886242389679
2785,278.5,279.5,0.19764789938926697,0.19764789938926697
2786,278.6,279.6,0.29624316096305847,0.29624316096305847
2787,278.7,279.7,0.37151381373405457,0.37151381373405457
2788,278.8,279.8,0.33179616928100586,0.33179616928100586
2789,278.9,279.9,0.4091092646121979,0.4091092646121979
2790,279.0,280.0,0.39643314480781555,0.39643314480781555
2791,279.1,280.1,0.4018823206424713,0.4018823206424713
2792,279.2,280.2,0.3883177936077118,0.3883177936077118
2793,279.3,280.3,0.36578381061553955,0.36578381061553955
2794,279.4,280.4,0.37753933668136597,0.37753933668136597
2795,279.5,280.5,0.4834192097187042,0.4834192097187042
2796,279.6,280.6,0.3782365322113037,0.3782365322113037
2797,279.7,280.7,0.37306925654411316,0.37306925654411316
2798,279.8,280.8,0.36260008811950684,0.36260008811950684
2799,279.9,280.9,0.409562349319458,0.409562349319458
2800,280.0,281.0,0.4723171591758728,0.4723171591758728
2801,280.1,281.1,0.39632707834243774,0.39632707834243774
2802,280.2,281.2,0.38286322355270386,0.38286322355270386
2803,280.3,281.3,0.4152797758579254,0.4152797758579254
2804,280.4,281.4,0.3880273103713989,0.3880273103713989
2805,280.5,281.5,0.46818625926971436,0.46818625926971436
2806,280.6,281.6,0.5561642646789551,0.5561642646789551
2807,280.7,281.7,0.6272189617156982,0.6272189617156982
2808,280.8,281.8,0.4990711510181427,0.4990711510181427
2809,280.9,281.9,0.553982138633728,0.553982138633728
2810,281.0,282.0,0.5077108144760132,0.5077108144760132
2811,281.1,282.1,0.46286895871162415,0.46286895871162415
2812,281.2,282.2,0.3303024470806122,0.3303024470806122
2813,281.3,282.3,0.3594289720058441,0.3594289720058441
2814,281.4,282.4,0.372511625289917,0.372511625289917
2815,281.5,282.5,0.3933572471141815,0.3933572471141815
2816,281.6,282.6,0.3862597942352295,0.3862597942352295
2817,281.7,282.7,0.38527897000312805,0.38527897000312805
2818,281.8,282.8,0.45573925971984863,0.45573925971984863
2819,281.9,282.9,0.5046967267990112,0.5046967267990112
2820,282.0,283.0,0.50015789270401,0.50015789270401
2821,282.1,283.1,0.5082885026931763,0.5082885026931763
2822,282.2,283.2,0.43136119842529297,0.43136119842529297
2823,282.3,283.3,0.4389365017414093,0.4389365017414093
2824,282.4,283.4,0.46973294019699097,0.46973294019699097
2825,282.5,283.5,0.39922499656677246,0.39922499656677246
2826,282.6,283.6,0.3887632191181183,0.3887632191181183
2827,282.7,283.7,0.38372987508773804,0.38372987508773804
2828,282.8,283.8,0.4138408601284027,0.4138408601284027
2829,282.9,283.9,0.45935195684432983,0.45935195684432983
2830,283.0,284.0,0.4874520003795624,0.4874520003795624
2831,283.1,284.1,0.3466728925704956,0.3466728925704956
2832,283.2,284.2,0.4568853974342346,0.4568853974342346
2833,283.3,284.3,0.46917834877967834,0.46917834877967834
2834,283.4,284.4,0.5545717477798462,0.5545717477798462
2835,283.5,284.5,0.5088735222816467,0.5088735222816467
2836,283.6,284.6,0.4983975291252136,0.4983975291252136
2837,283.7,284.7,0.4848726689815521,0.4848726689815521
2838,283.8,284.8,0.5371237993240356,0.5371237993240356
2839,283.9,284.9,0.5089440941810608,0.5089440941810608
2840,284.0,285.0,0.5192383527755737,0.5192383527755737
2841,284.1,285.1,0.4743982255458832,0.4743982255458832
2842,284.2,285.2,0.4784463942050934,0.4784463942050934
2843,284.3,285.3,0.539483904838562,0.539483904838562
2844,284.4,285.4,0.4404599964618683,0.4404599964618683
2845,284.5,285.5,0.5351865887641907,0.5351865887641907
2846,284.6,285.6,0.4003561735153198,0.4003561735153198
2847,284.7,285.7,0.36289501190185547,0.36289501190185547
2848,284.8,285.8,0.38056954741477966,0.38056954741477966
2849,284.9,285.9,0.4058293104171753,0.4058293104171753
2850,285.0,286.0,0.3699934780597687,0.3699934780597687
2851,285.1,286.1,0.37132927775382996,0.37132927775382996
2852,285.2,286.2,0.3735559284687042,0.3735559284687042
2853,285.3,286.3,0.3733081519603729,0.3733081519603729
2854,285.4,286.4,0.4398464560508728,0.4398464560508728
2855,285.5,286.5,0.4888385534286499,0.4888385534286499
2856,285.6,286.6,0.4625371992588043,0.4625371992588043
2857,285.7,286.7,0.4382016062736511,0.4382016062736511
2858,285.8,286.8,0.4691064655780792,0.4691064655780792
2859,285.9,286.9,0.4332357347011566,0.4332357347011566
2860,286.0,287.0,0.439006507396698,0.439006507396698
2861,286.1,287.1,0.4174244701862335,0.4174244701862335
2862,286.2,287.2,0.33312147855758667,0.33312147855758667
2863,286.3,287.3,0.4277043044567108,0.4277043044567108
2864,286.4,287.4,0.47294318675994873,0.47294318675994873
2865,286.5,287.5,0.32651999592781067,0.32651999592781067
2866,286.6,287.6,0.38382992148399353,0.38382992148399353
2867,286.7,287.7,0.5593368411064148,0.5593368411064148
2868,286.8,287.8,0.4943351745605469,0.4943351745605469
2869,286.9,287.9,0.5395696759223938,0.5395696759223938
2870,287.0,288.0,0.4578033685684204,0.4578033685684204
2871,287.1,288.1,0.40647652745246887,0.40647652745246887
2872,287.2,288.2,0.46603497862815857,0.46603497862815857
2873,287.3,288.3,0.43447402119636536,0.43447402119636536
2874,287.4,288.4,0.4330872893333435,0.4330872893333435
2875,287.5,288.5,0.4249192476272583,0.4249192476272583
2876,287.6,288.6,0.4167398512363434,0.4167398512363434
2877,287.7,288.7,0.4865381121635437,0.4865381121635437
2878,287.8,288.8,0.4409446716308594,0.4409446716308594
2879,287.9,288.9,0.435970276594162,0.435970276594162
2880,288.0,289.0,0.4517444372177124,0.4517444372177124
2881,288.1,289.1,0.4276973307132721,0.4276973307132721
2882,288.2,289.2,0.42093589901924133,0.42093589901924133
2883,288.3,289.3,0.19789503514766693,0.19789503514766693
2884,288.4,289.4,0.365148663520813,0.365148663520813
2885,288.5,289.5,0.3906930685043335,0.3906930685043335
2886,288.6,289.6,0.32753098011016846,0.32753098011016846
2887,288.7,289.7,0.4814014136791229,0.4814014136791229
2888,288.8,289.8,0.5009797811508179,0.5009797811508179
2889,288.9,289.9,0.438065767288208,0.438065767288208
2890,289.0,290.0,0.5046400427818298,0.5046400427818298
2891,289.1,290.1,0.5685129761695862,0.5685129761695862
2892,289.2,290.2,0.5652444958686829,0.5652444958686829
2893,289.3,290.3,0.619278073310852,0.619278073310852
2894,289.4,290.4,0.6133700013160706,0.6133700013160706
2895,289.5,290.5,0.6078636050224304,0.6078636050224304
2896,289.6,290.6,0.6772783398628235,0.6772783398628235
2897,289.7,290.7,0.56349778175354,0.56349778175354
2898,289.8,290.8,0.5561908483505249,0.5561908483505249
2899,289.9,290.9,0.4888114035129547,0.4888114035129547
2900,290.0,291.0,0.4517897963523865,0.4517897963523865
2901,290.1,291.1,0.36695733666419983,0.36695733666419983
2902,290.2,291.2,0.35775697231292725,0.35775697231292725
2903,290.3,291.3,0.3628196120262146,0.3628196120262146
2904,290.4,291.4,0.49934816360473633,0.49934816360473633
2905,290.5,291.5,0.30480146408081055,0.30480146408081055
2906,290.6,291.6,0.28842952847480774,0.28842952847480774
2907,290.7,291.7,0.3115875720977783,0.3115875720977783
2908,290.8,291.8,0.3006798326969147,0.3006798326969147
2909,290.9,291.9,0.3308517038822174,0.3308517038822174
2910,291.0,292.0,0.3100626468658447,0.3100626468658447
2911,291.1,292.1,0.3461686968803406,0.3461686968803406
2912,291.2,292.2,0.3307352364063263,0.3307352364063263
2913,291.3,292.3,0.41290462017059326,0.41290462017059326
2914,291.4,292.4,0.45145440101623535,0.45145440101623535
2915,291.5,292.5,0.4789770841598511,0.4789770841598511
2916,291.6,292.6,0.4847995340824127,0.4847995340824127
2917,291.7,292.7,0.41052374243736267,0.41052374243736267
2918,291.8,292.8,0.4022389352321625,0.4022389352321625
2919,291.9,292.9,0.4095099866390228,0.4095099866390228
2920,292.0,293.0,0.4559566378593445,0.4559566378593445
2921,292.1,293.1,0.48103517293930054,0.48103517293930054
2922,292.2,293.2,0.44724538922309875,0.44724538922309875
2923,292.3,293.3,0.5651527047157288,0.5651527047157288
2924,292.4,293.4,0.4661650061607361,0.4661650061607361
2925,292.5,293.5,0.4549747109413147,0.4549747109413147
2926,292.6,293.6,0.49733850359916687,0.49733850359916687
2927,292.7,293.7,0.5448930859565735,0.5448930859565735
2928,292.8,293.8,0.5266022682189941,0.5266022682189941
2929,292.9,293.9,0.7874774932861328,0.7874774932861328
2930,293.0,294.0,0.46350833773612976,0.46350833773612976
2931,293.1,294.1,0.47509485483169556,0.47509485483169556
2932,293.2,294.2,0.6783390641212463,0.6783390641212463
2933,293.3,294.3,0.5528668761253357,0.5528668761253357
2934,293.4,294.4,0.5556721687316895,0.5556721687316895
2935,293.5,294.5,0.4844227135181427,0.4844227135181427
2936,293.6,294.6,0.3188282251358032,0.3188282251358032
2937,293.7,294.7,0.30731722712516785,0.30731722712516785
2938,293.8,294.8,0.32483020424842834,0.32483020424842834
2939,293.9,294.9,0.3417321741580963,0.3417321741580963
2940,294.0,295.0,0.37097617983818054,0.37097617983818054
2941,294.1,295.1,0.35048848390579224,0.35048848390579224
2942,294.2,295.2,0.4326990842819214,0.4326990842819214
2943,294.3,295.3,0.30589061975479126,0.30589061975479126
2944,294.4,295.4,0.3491358160972595,0.3491358160972595
2945,294.5,295.5,0.3408299386501312,0.3408299386501312
2946,294.6,295.6,0.39866769313812256,0.39866769313812256
2947,294.7,295.7,0.4654095470905304,0.4654095470905304
2948,294.8,295.8,0.43022823333740234,0.43022823333740234
2949,294.9,295.9,0.3358685374259949,0.3358685374259949
2950,295.0,296.0,0.4495096802711487,0.4495096802711487
2951,295.1,296.1,0.4451284110546112,0.4451284110546112
2952,295.2,296.2,0.5035096406936646,0.5035096406936646
2953,295.3,296.3,0.461515873670578,0.461515873670578
2954,295.4,296.4,0.425642728805542,0.425642728805542
2955,295.5,296.5,0.4359055757522583,0.4359055757522583
2956,295.6,296.6,0.45150071382522583,0.45150071382522583
2957,295.7,296.7,0.4023898243904114,0.4023898243904114
2958,295.8,296.8,0.3279275596141815,0.3279275596141815
2959,295.9,296.9,0.3083076477050781,0.3083076477050781
2960,296.0,297.0,0.20406289398670197,0.20406289398670197
2961,296.1,297.1,0.1825215369462967,0.1825215369462967
2962,296.2,297.2,0.26559388637542725,0.26559388637542725
2963,296.3,297.3,0.3092145621776581,0.3092145621776581
2964,296.4,297.4,0.201505646109581,0.201505646109581
2965,296.5,297.5,0.24717509746551514,0.24717509746551514
2966,296.6,297.6,0.18339797854423523,0.18339797854423523
2967,296.7,297.7,0.23178288340568542,0.23178288340568542
2968,296.8,297.8,0.5880337953567505,0.5880337953567505
2969,296.9,297.9,0.44201385974884033,0.44201385974884033
2970,297.0,298.0,0.4915662109851837,0.4915662109851837
2971,297.1,298.1,0.5720893740653992,0.5720893740653992
2972,297.2,298.2,0.5921896696090698,0.5921896696090698
2973,297.3,298.3,0.5751386880874634,0.5751386880874634
2974,297.4,298.4,0.5253732800483704,0.5253732800483704
2975,297.5,298.5,0.5310119986534119,0.5310119986534119
2976,297.6,298.6,0.47378793358802795,0.47378793358802795
2977,297.7,298.7,0.5605230927467346,0.5605230927467346
2978,297.8,298.8,0.44863182306289673,0.44863182306289673
2979,297.9,298.9,0.4923136532306671,0.4923136532306671
2980,298.0,299.0,0.33704832196235657,0.33704832196235657
2981,298.1,299.1,0.27914419770240784,0.27914419770240784
2982,298.2,299.2,0.2742246091365814,0.2742246091365814
2983,298.3,299.3,0.2795194685459137,0.2795194685459137
2984,298.4,299.4,0.3241426944732666,0.3241426944732666
2985,298.5,299.5,0.3508111536502838,0.3508111536502838
2986,298.6,299.6,0.4065103232860565,0.4065103232860565
2987,298.7,299.7,0.41267603635787964,0.41267603635787964
2988,298.8,299.8,0.5145150423049927,0.5145150423049927
2989,298.9,299.9,0.4814360737800598,0.4814360737800598
2990,299.0,300.0,0.48872503638267517,0.48872503638267517
2991,299.1,300.1,0.42577263712882996,0.42577263712882996
2992,299.2,300.2,0.4584774672985077,0.4584774672985077
2993,299.3,300.3,0.44128119945526123,0.44128119945526123
2994,299.4,300.4,0.5111140012741089,0.5111140012741089
2995,299.5,300.5,0.2585395872592926,0.2585395872592926
2996,299.6,300.6,0.2389104962348938,0.2389104962348938
2997,299.7,300.7,0.18817241489887238,0.18817241489887238
2998,299.8,300.8,0.18877461552619934,0.18877461552619934
2999,299.9,300.9,0.19412386417388916,0.19412386417388916
3000,300.0,301.0,0.14816580712795258,0.14816580712795258
3001,300.1,301.1,0.16735252737998962,0.16735252737998962
3002,300.2,301.2,0.28401273488998413,0.28401273488998413
3003,300.3,301.3,0.3270902633666992,0.3270902633666992
3004,300.4,301.4,0.3075762987136841,0.3075762987136841
3005,300.5,301.5,0.4306049942970276,0.4306049942970276
3006,300.6,301.6,0.48440021276474,0.48440021276474
3007,300.7,301.7,0.23795802891254425,0.23795802891254425
3008,300.8,301.8,0.48343709111213684,0.48343709111213684
3009,300.9,301.9,0.4775056838989258,0.4775056838989258
3010,301.0,302.0,0.42771202325820923,0.42771202325820923
3011,301.1,302.1,0.38848063349723816,0.38848063349723816
3012,301.2,302.2,0.3428557515144348,0.3428557515144348
3013,301.3,302.3,0.34124520421028137,0.34124520421028137
3014,301.4,302.4,0.416194349527359,0.416194349527359
3015,301.5,302.5,0.46011224389076233,0.46011224389076233
3016,301.6,302.6,0.6200442314147949,0.6200442314147949
3017,301.7,302.7,0.40246906876564026,0.40246906876564026
3018,301.8,302.8,0.2940575182437897,0.2940575182437897
3019,301.9,302.9,0.42340174317359924,0.42340174317359924
3020,302.0,303.0,0.2869918942451477,0.2869918942451477
3021,302.1,303.1,0.33667662739753723,0.33667662739753723
3022,302.2,303.2,0.399248868227005,0.399248868227005
3023,302.3,303.3,0.4479321539402008,0.4479321539402008
3024,302.4,303.4,0.5169574618339539,0.5169574618339539
3025,302.5,303.5,0.488918274641037,0.488918274641037
3026,302.6,303.6,0.49295055866241455,0.49295055866241455
3027,302.7,303.7,0.4761766493320465,0.4761766493320465
3028,302.8,303.8,0.5135992765426636,0.5135992765426636
3029,302.9,303.9,0.5007619857788086,0.5007619857788086
3030,303.0,304.0,0.4785022437572479,0.4785022437572479
3031,303.1,304.1,0.4877464771270752,0.4877464771270752
3032,303.2,304.2,0.48336684703826904,0.48336684703826904
3033,303.3,304.3,0.36326611042022705,0.36326611042022705
3034,303.4,304.4,0.35260453820228577,0.35260453820228577
3035,303.5,304.5,0.21812817454338074,0.21812817454338074
3036,303.6,304.6,0.22684752941131592,0.22684752941131592
3037,303.7,304.7,0.19231897592544556,0.19231897592544556
3038,303.8,304.8,0.3355342745780945,0.3355342745780945
3039,303.9,304.9,0.2911047041416168,0.2911047041416168
3040,304.0,305.0,0.34661608934402466,0.34661608934402466
3041,304.1,305.1,0.29322531819343567,0.29322531819343567
3042,304.2,305.2,0.3480324149131775,0.3480324149131775
3043,304.3,305.3,0.3098912239074707,0.3098912239074707
3044,304.4,305.4,0.3715028464794159,0.3715028464794159
3045,304.5,305.5,0.3549332022666931,0.3549332022666931
3046,304.6,305.6,0.4098215699195862,0.4098215699195862
3047,304.7,305.7,0.4899699091911316,0.4899699091911316
3048,304.8,305.8,0.5031138062477112,0.5031138062477112
3049,304.9,305.9,0.4922390580177307,0.4922390580177307
3050,305.0,306.0,0.6575993299484253,0.6575993299484253
3051,305.1,306.1,0.6242636442184448,0.6242636442184448
3052,305.2,306.2,0.668933629989624,0.668933629989624
3053,305.3,306.3,0.5954050421714783,0.5954050421714783
3054,305.4,306.4,0.5790872573852539,0.5790872573852539
3055,305.5,306.5,0.5977030396461487,0.5977030396461487
3056,305.6,306.6,0.6471911072731018,0.6471911072731018
3057,305.7,306.7,0.526332676410675,0.526332676410675
3058,305.8,306.8,0.4344249367713928,0.4344249367713928
3059,305.9,306.9,0.33283212780952454,0.33283212780952454
3060,306.0,307.0,0.3426366150379181,0.3426366150379181
3061,306.1,307.1,0.3931080400943756,0.3931080400943756
3062,306.2,307.2,0.41117721796035767,0.41117721796035767
3063,306.3,307.3,0.3846355974674225,0.3846355974674225
3064,306.4,307.4,0.43505194783210754,0.43505194783210754
3065,306.5,307.5,0.45347359776496887,0.45347359776496887
3066,306.6,307.6,0.49940112233161926,0.49940112233161926
3067,306.7,307.7,0.4468735158443451,0.4468735158443451
3068,306.8,307.8,0.40617653727531433,0.40617653727531433
3069,306.9,307.9,0.4382431209087372,0.4382431209087372
3070,307.0,308.0,0.45794689655303955,0.45794689655303955
3071,307.1,308.1,0.507220447063446,0.507220447063446
3072,307.2,308.2,0.3902408480644226,0.3902408480644226
3073,307.3,308.3,0.4868464767932892,0.4868464767932892
3074,307.4,308.4,0.46579524874687195,0.46579524874687195
3075,307.5,308.5,0.4902156591415405,0.4902156591415405
3076,307.6,308.6,0.4371228814125061,0.4371228814125061
3077,307.7,308.7,0.4254930019378662,0.4254930019378662
3078,307.8,308.8,0.4703574776649475,0.4703574776649475
3079,307.9,308.9,0.450958251953125,0.450958251953125
3080,308.0,309.0,0.5260328054428101,0.5260328054428101
3081,308.1,309.1,0.4909113943576813,0.4909113943576813
3082,308.2,309.2,0.4288484752178192,0.4288484752178192
3083,308.3,309.3,0.40737760066986084,0.40737760066986084
3084,308.4,309.4,0.3874397277832031,0.3874397277832031
3085,308.5,309.5,0.3291662037372589,0.3291662037372589
3086,308.6,309.6,0.3194184899330139,0.3194184899330139
3087,308.7,309.7,0.2954130172729492,0.2954130172729492
3088,308.8,309.8,0.31882476806640625,0.31882476806640625
3089,308.9,309.9,0.36977046728134155,0.36977046728134155
3090,309.0,310.0,0.3168126046657562,0.3168126046657562
3091,309.1,310.1,0.39771538972854614,0.39771538972854614
3092,309.2,310.2,0.40619683265686035,0.40619683265686035
3093,309.3,310.3,0.38784149289131165,0.38784149289131165
3094,309.4,310.4,0.41167137026786804,0.41167137026786804
3095,309.5,310.5,0.43112418055534363,0.43112418055534363
3096,309.6,310.6,0.4853765070438385,0.4853765070438385
3097,309.7,310.7,0.43994811177253723,0.43994811177253723
3098,309.8,310.8,0.43437641859054565,0.43437641859054565
3099,309.9,310.9,0.4983818531036377,0.4983818531036377
3100,310.0,311.0,0.43573233485221863,0.43573233485221863
3101,310.1,311.1,0.39083483815193176,0.39083483815193176
3102,310.2,311.2,0.4572064280509949,0.4572064280509949
3103,310.3,311.3,0.5420659184455872,0.5420659184455872
3104,310.4,311.4,0.5765818953514099,0.5765818953514099
3105,310.5,311.5,0.505075216293335,0.505075216293335
3106,310.6,311.6,0.5140535831451416,0.5140535831451416
3107,310.7,311.7,0.4064249098300934,0.4064249098300934
3108,310.8,311.8,0.4124723970890045,0.4124723970890045
3109,310.9,311.9,0.47399580478668213,0.47399580478668213
3110,311.0,312.0,0.41174060106277466,0.41174060106277466
3111,311.1,312.1,0.34905096888542175,0.34905096888542175
3112,311.2,312.2,0.3680385947227478,0.3680385947227478
3113,311.3,312.3,0.36276644468307495,0.36276644468307495
3114,311.4,312.4,0.33929333090782166,0.33929333090782166
3115,311.5,312.5,0.4075995981693268,0.4075995981693268
3116,311.6,312.6,0.41752809286117554,0.41752809286117554
3117,311.7,312.7,0.4763876795768738,0.4763876795768738
3118,311.8,312.8,0.47947320342063904,0.47947320342063904
3119,311.9,312.9,0.4122871160507202,0.4122871160507202
3120,312.0,313.0,0.4338088035583496,0.4338088035583496
3121,312.1,313.1,0.4741171598434448,0.4741171598434448
3122,312.2,313.2,0.7338147163391113,0.7338147163391113
3123,312.3,313.3,0.7446288466453552,0.7446288466453552
3124,312.4,313.4,0.8338939547538757,0.8338939547538757
3125,312.5,313.5,0.768186628818512,0.768186628818512
3126,312.6,313.6,0.7463182806968689,0.7463182806968689
3127,312.7,313.7,0.7649784684181213,0.7649784684181213
3128,312.8,313.8,0.8272707462310791,0.8272707462310791
3129,312.9,313.9,0.8622993230819702,0.8622993230819702
3130,313.0,314.0,0.8502189517021179,0.8502189517021179
3131,313.1,314.1,0.7696108818054199,0.7696108818054199
3132,313.2,314.2,0.6463907361030579,0.6463907361030579
3133,313.3,314.3,0.429209440946579,0.429209440946579
3134,313.4,314.4,0.4217252731323242,0.4217252731323242
3135,313.5,314.5,0.3967513144016266,0.3967513144016266
3136,313.6,314.6,0.46598896384239197,0.46598896384239197
3137,313.7,314.7,0.4875614047050476,0.4875614047050476
3138,313.8,314.8,0.45428386330604553,0.45428386330604553
3139,313.9,314.9,0.47376152873039246,0.47376152873039246
3140,314.0,315.0,0.48158687353134155,0.48158687353134155
3141,314.1,315.1,0.5057182312011719,0.5057182312011719
3142,314.2,315.2,0.5332967042922974,0.5332967042922974
3143,314.3,315.3,0.5194903016090393,0.5194903016090393
3144,314.4,315.4,0.510791003704071,0.510791003704071
3145,314.5,315.5,0.5005978941917419,0.5005978941917419
3146,314.6,315.6,0.4660034477710724,0.4660034477710724
3147,314.7,315.7,0.5639895796775818,0.5639895796775818
3148,314.8,315.8,0.5063432455062866,0.5063432455062866
3149,314.9,315.9,0.5269704461097717,0.5269704461097717
3150,315.0,316.0,0.504150390625,0.504150390625
3151,315.1,316.1,0.5167739391326904,0.5167739391326904
3152,315.2,316.2,0.47542470693588257,0.47542470693588257
3153,315.3,316.3,0.37794768810272217,0.37794768810272217
3154,315.4,316.4,0.4783746600151062,0.4783746600151062
3155,315.5,316.5,0.42775556445121765,0.42775556445121765
3156,315.6,316.6,0.4231705069541931,0.4231705069541931
3157,315.7,316.7,0.36295685172080994,0.36295685172080994
3158,315.8,316.8,0.4382655918598175,0.4382655918598175
3159,315.9,316.9,0.43907275795936584,0.43907275795936584
3160,316.0,317.0,0.5058042407035828,0.5058042407035828
3161,316.1,317.1,0.5457499623298645,0.5457499623298645
3162,316.2,317.2,0.4895988404750824,0.4895988404750824
3163,316.3,317.3,0.5095034241676331,0.5095034241676331
3164,316.4,317.4,0.5237727761268616,0.5237727761268616
3165,316.5,317.5,0.4508046507835388,0.4508046507835388
3166,316.6,317.6,0.40586256980895996,0.40586256980895996
3167,316.7,317.7,0.3735353350639343,0.3735353350639343
3168,316.8,317.8,0.3913954496383667,0.3913954496383667
3169,316.9,317.9,0.41945022344589233,0.41945022344589233
3170,317.0,318.0,0.36289384961128235,0.36289384961128235
3171,317.1,318.1,0.4150770306587219,0.4150770306587219
3172,317.2,318.2,0.4695850908756256,0.4695850908756256
3173,317.3,318.3,0.42220237851142883,0.42220237851142883
3174,317.4,318.4,0.41334885358810425,0.41334885358810425
3175,317.5,318.5,0.45446133613586426,0.45446133613586426
3176,317.6,318.6,0.4889661371707916,0.4889661371707916
3177,317.7,318.7,0.5879935026168823,0.5879935026168823
3178,317.8,318.8,0.4969307482242584,0.4969307482242584
3179,317.9,318.9,0.5264313220977783,0.5264313220977783
3180,318.0,319.0,0.5853925347328186,0.5853925347328186
3181,318.1,319.1,0.5559727549552917,0.5559727549552917
3182,318.2,319.2,0.5951542258262634,0.5951542258262634
3183,318.3,319.3,0.5847876667976379,0.5847876667976379
3184,318.4,319.4,0.5793223977088928,0.5793223977088928
3185,318.5,319.5,0.5054776072502136,0.5054776072502136
3186,318.6,319.6,0.4859081506729126,0.4859081506729126
3187,318.7,319.7,0.5443936586380005,0.5443936586380005
3188,318.8,319.8,0.6214532256126404,0.6214532256126404
3189,318.9,319.9,0.41728588938713074,0.41728588938713074
3190,319.0,320.0,0.5531073212623596,0.5531073212623596
3191,319.1,320.1,0.4395815432071686,0.4395815432071686
3192,319.2,320.2,0.5027537941932678,0.5027537941932678
3193,319.3,320.3,0.4907549321651459,0.4907549321651459
3194,319.4,320.4,0.4095824658870697,0.4095824658870697
3195,319.5,320.5,0.4155183434486389,0.4155183434486389
3196,319.6,320.6,0.43708568811416626,0.43708568811416626
3197,319.7,320.7,0.42872267961502075,0.42872267961502075
3198,319.8,320.8,0.4747481942176819,0.4747481942176819
3199,319.9,320.9,0.48132961988449097,0.48132961988449097
3200,320.0,321.0,0.4627329111099243,0.4627329111099243
3201,320.1,321.1,0.36471110582351685,0.36471110582351685
3202,320.2,321.2,0.3424566984176636,0.3424566984176636
3203,320.3,321.3,0.31481242179870605,0.31481242179870605
3204,320.4,321.4,0.3332679271697998,0.3332679271697998
3205,320.5,321.5,0.4296630024909973,0.4296630024909973
3206,320.6,321.6,0.3706565797328949,0.3706565797328949
3207,320.7,321.7,0.420742928981781,0.420742928981781
3208,320.8,321.8,0.39047175645828247,0.39047175645828247
3209,320.9,321.9,0.4293285608291626,0.4293285608291626
3210,321.0,322.0,0.3876175284385681,0.3876175284385681
3211,321.1,322.1,0.42261165380477905,0.42261165380477905
3212,321.2,322.2,0.38883259892463684,0.38883259892463684
3213,321.3,322.3,0.4105110168457031,0.4105110168457031
3214,321.4,322.4,0.43563538789749146,0.43563538789749146
3215,321.5,322.5,0.38839253783226013,0.38839253783226013
3216,321.6,322.6,0.5772373080253601,0.5772373080253601
3217,321.7,322.7,0.43332669138908386,0.43332669138908386
3218,321.8,322.8,0.45294836163520813,0.45294836163520813
3219,321.9,322.9,0.4496939778327942,0.4496939778327942
3220,322.0,323.0,0.48089998960494995,0.48089998960494995
3221,322.1,323.1,0.366782009601593,0.366782009601593
3222,322.2,323.2,0.4068719744682312,0.4068719744682312
3223,322.3,323.3,0.4540124535560608,0.4540124535560608
3224,322.4,323.4,0.4709029793739319,0.4709029793739319
3225,322.5,323.5,0.3886556923389435,0.3886556923389435
3226,322.6,323.6,0.3631781339645386,0.3631781339645386
3227,322.7,323.7,0.523751974105835,0.523751974105835
3228,322.8,323.8,0.4082242250442505,0.4082242250442505
3229,322.9,323.9,0.5115782618522644,0.5115782618522644
3230,323.0,324.0,0.685177206993103,0.685177206993103
3231,323.1,324.1,0.6858974695205688,0.6858974695205688
3232,323.2,324.2,0.6880359649658203,0.6880359649658203
3233,323.3,324.3,0.5724480748176575,0.5724480748176575
3234,323.4,324.4,0.4538320302963257,0.4538320302963257
3235,323.5,324.5,0.5386655926704407,0.5386655926704407
3236,323.6,324.6,0.5605332255363464,0.5605332255363464
3237,323.7,324.7,0.48159217834472656,0.48159217834472656
3238,323.8,324.8,0.6210450530052185,0.6210450530052185
3239,323.9,324.9,0.6835968494415283,0.6835968494415283
3240,324.0,325.0,0.6993541717529297,0.6993541717529297
3241,324.1,325.1,0.7698299884796143,0.7698299884796143
3242,324.2,325.2,0.6660796403884888,0.6660796403884888
3243,324.3,325.3,0.6593738198280334,0.6593738198280334
3244,324.4,325.4,0.6077420115470886,0.6077420115470886
3245,324.5,325.5,0.6756840944290161,0.6756840944290161
3246,324.6,325.6,0.8169240951538086,0.8169240951538086
3247,324.7,325.7,0.8384222388267517,0.8384222388267517
3248,324.8,325.8,0.8150466680526733,0.8150466680526733
3249,324.9,325.9,0.8077153563499451,0.8077153563499451
3250,325.0,326.0,0.794141411781311,0.794141411781311
3251,325.1,326.1,0.778296947479248,0.778296947479248
3252,325.2,326.2,0.7529205083847046,0.7529205083847046
3253,325.3,326.3,0.6518725752830505,0.6518725752830505
3254,325.4,326.4,0.5396010279655457,0.5396010279655457
3255,325.5,326.5,0.5827848315238953,0.5827848315238953
3256,325.6,326.6,0.6389850974082947,0.6389850974082947
3257,325.7,326.7,0.6439326405525208,0.6439326405525208
3258,325.8,326.8,0.6541237831115723,0.6541237831115723
3259,325.9,326.9,0.5274382829666138,0.5274382829666138
3260,326.0,327.0,0.4074200987815857,0.4074200987815857
3261,326.1,327.1,0.4169252812862396,0.4169252812862396
3262,326.2,327.2,0.3966054320335388,0.3966054320335388
3263,326.3,327.3,0.3920910358428955,0.3920910358428955
3264,326.4,327.4,0.4955200254917145,0.4955200254917145
3265,326.5,327.5,0.4142720401287079,0.4142720401287079
3266,326.6,327.6,0.3246745765209198,0.3246745765209198
3267,326.7,327.7,0.3633953332901001,0.3633953332901001
3268,326.8,327.8,0.3403322696685791,0.3403322696685791
3269,326.9,327.9,0.39220061898231506,0.39220061898231506
3270,327.0,328.0,0.2813962697982788,0.2813962697982788
3271,327.1,328.1,0.328168123960495,0.328168123960495
3272,327.2,328.2,0.3012847900390625,0.3012847900390625
3273,327.3,328.3,0.2534573972225189,0.2534573972225189
3274,327.4,328.4,0.283914178609848,0.283914178609848
3275,327.5,328.5,0.320255845785141,0.320255845785141
3276,327.6,328.6,0.37938204407691956,0.37938204407691956
3277,327.7,328.7,0.4328879415988922,0.4328879415988922
3278,327.8,328.8,0.29346099495887756,0.29346099495887756
3279,327.9,328.9,0.29602694511413574,0.29602694511413574
3280,328.0,329.0,0.3605343699455261,0.3605343699455261
3281,328.1,329.1,0.46671512722969055,0.46671512722969055
3282,328.2,329.2,0.4251890182495117,0.4251890182495117
3283,328.3,329.3,0.38611727952957153,0.38611727952957153
3284,328.4,329.4,0.5832602977752686,0.5832602977752686
3285,328.5,329.5,0.4027819335460663,0.4027819335460663
3286,328.6,329.6,0.36386677622795105,0.36386677622795105
3287,328.7,329.7,0.31426504254341125,0.31426504254341125
3288,328.8,329.8,0.3098061680793762,0.3098061680793762
3289,328.9,329.9,0.33389610052108765,0.33389610052108765
3290,329.0,330.0,0.26850828528404236,0.26850828528404236
3291,329.1,330.1,0.3716282248497009,0.3716282248497009
3292,329.2,330.2,0.43979883193969727,0.43979883193969727
3293,329.3,330.3,0.36401310563087463,0.36401310563087463
3294,329.4,330.4,0.4305546283721924,0.4305546283721924
3295,329.5,330.5,0.5173720717430115,0.5173720717430115
3296,329.6,330.6,0.3004901111125946,0.3004901111125946
3297,329.7,330.7,0.31638357043266296,0.31638357043266296
3298,329.8,330.8,0.34184154868125916,0.34184154868125916
3299,329.9,330.9,0.37590667605400085,0.37590667605400085
3300,330.0,331.0,0.39113661646842957,0.39113661646842957
3301,330.1,331.1,0.4048299789428711,0.4048299789428711
3302,330.2,331.2,0.4385598599910736,0.4385598599910736
3303,330.3,331.3,0.4157678484916687,0.4157678484916687
3304,330.4,331.4,0.4279080033302307,0.4279080033302307
3305,330.5,331.5,0.14018218219280243,0.14018218219280243
3306,330.6,331.6,0.17950284481048584,0.17950284481048584
3307,330.7,331.7,0.2634446322917938,0.2634446322917938
3308,330.8,331.8,0.3744044005870819,0.3744044005870819
3309,330.9,331.9,0.3305634558200836,0.3305634558200836
3310,331.0,332.0,0.3868401050567627,0.3868401050567627
3311,331.1,332.1,0.33114147186279297,0.33114147186279297
3312,331.2,332.2,0.3270014226436615,0.3270014226436615
3313,331.3,332.3,0.44016870856285095,0.44016870856285095
3314,331.4,332.4,0.30585789680480957,0.30585789680480957
3315,331.5,332.5,0.2917615473270416,0.2917615473270416
3316,331.6,332.6,0.36786195635795593,0.36786195635795593
3317,331.7,332.7,0.329572856426239,0.329572856426239
3318,331.8,332.8,0.1502975970506668,0.1502975970506668
3319,331.9,332.9,0.1517155021429062,0.1517155021429062
3320,332.0,333.0,0.20295047760009766,0.20295047760009766
3321,332.1,333.1,0.2454860806465149,0.2454860806465149
3322,332.2,333.2,0.28979063034057617,0.28979063034057617
3323,332.3,333.3,0.2765846848487854,0.2765846848487854
3324,332.4,333.4,0.28854578733444214,0.28854578733444214
3325,332.5,333.5,0.40457049012184143,0.40457049012184143
3326,332.6,333.6,0.3865273892879486,0.3865273892879486
3327,332.7,333.7,0.3265371322631836,0.3265371322631836
3328,332.8,333.8,0.48100897669792175,0.48100897669792175
3329,332.9,333.9,0.43198564648628235,0.43198564648628235
3330,333.0,334.0,0.4638136625289917,0.4638136625289917
3331,333.1,334.1,0.4270497262477875,0.4270497262477875
3332,333.2,334.2,0.42639458179473877,0.42639458179473877
3333,333.3,334.3,0.4317219853401184,0.4317219853401184
3334,333.4,334.4,0.39099371433258057,0.39099371433258057
3335,333.5,334.5,0.350496381521225,0.350496381521225
3336,333.6,334.6,0.35955965518951416,0.35955965518951416
3337,333.7,334.7,0.3162035048007965,0.3162035048007965
3338,333.8,334.8,0.3810746371746063,0.3810746371746063
3339,333.9,334.9,0.4370124042034149,0.4370124042034149
3340,334.0,335.0,0.49336570501327515,0.49336570501327515
3341,334.1,335.1,0.5012555718421936,0.5012555718421936
3342,334.2,335.2,0.5188354849815369,0.5188354849815369
3343,334.3,335.3,0.5223134756088257,0.5223134756088257
3344,334.4,335.4,0.5905911922454834,0.5905911922454834
3345,334.5,335.5,0.4618202745914459,0.4618202745914459
3346,334.6,335.6,0.5129013061523438,0.5129013061523438
3347,334.7,335.7,0.5922473669052124,0.5922473669052124
3348,334.8,335.8,0.443431556224823,0.443431556224823
3349,334.9,335.9,0.4280344843864441,0.4280344843864441
3350,335.0,336.0,0.3885844349861145,0.3885844349861145
3351,335.1,336.1,0.4272440969944,0.4272440969944
3352,335.2,336.2,0.3708586096763611,0.3708586096763611
3353,335.3,336.3,0.3969959616661072,0.3969959616661072
3354,335.4,336.4,0.34960630536079407,0.34960630536079407
3355,335.5,336.5,0.34159672260284424,0.34159672260284424
3356,335.6,336.6,0.35242143273353577,0.35242143273353577
3357,335.7,336.7,0.43236494064331055,0.43236494064331055
3358,335.8,336.8,0.4380132853984833,0.4380132853984833
3359,335.9,336.9,0.4896763265132904,0.4896763265132904
3360,336.0,337.0,0.5705516934394836,0.5705516934394836
3361,336.1,337.1,0.5115256309509277,0.5115256309509277
3362,336.2,337.2,0.5126305222511292,0.5126305222511292
3363,336.3,337.3,0.5725753307342529,0.5725753307342529
3364,336.4,337.4,0.5856817364692688,0.5856817364692688
3365,336.5,337.5,0.5637771487236023,0.5637771487236023
3366,336.6,337.6,0.426079660654068,0.426079660654068
3367,336.7,337.7,0.43853649497032166,0.43853649497032166
3368,336.8,337.8,0.4132600724697113,0.4132600724697113
3369,336.9,337.9,0.5077878832817078,0.5077878832817078
3370,337.0,338.0,0.4455885887145996,0.4455885887145996
3371,337.1,338.1,0.4350547790527344,0.4350547790527344
3372,337.2,338.2,0.43380141258239746,0.43380141258239746
3373,337.3,338.3,0.43283969163894653,0.43283969163894653
3374,337.4,338.4,0.43133196234703064,0.43133196234703064
3375,337.5,338.5,0.5094434022903442,0.5094434022903442
3376,337.6,338.6,0.40070340037345886,0.40070340037345886
3377,337.7,338.7,0.48616641759872437,0.48616641759872437
3378,337.8,338.8,0.4396389126777649,0.4396389126777649
3379,337.9,338.9,0.3937684893608093,0.3937684893608093
3380,338.0,339.0,0.3612788915634155,0.3612788915634155
3381,338.1,339.1,0.39323553442955017,0.39323553442955017
3382,338.2,339.2,0.3433975279331207,0.3433975279331207
3383,338.3,339.3,0.31914979219436646,0.31914979219436646
3384,338.4,339.4,0.35981515049934387,0.35981515049934387
3385,338.5,339.5,0.2875393033027649,0.2875393033027649
3386,338.6,339.6,0.29495272040367126,0.29495272040367126
3387,338.7,339.7,0.42164334654808044,0.42164334654808044
3388,338.8,339.8,0.3828108608722687,0.3828108608722687
3389,338.9,339.9,0.42848941683769226,0.42848941683769226
3390,339.0,340.0,0.4004376530647278,0.4004376530647278
3391,339.1,340.1,0.2591349482536316,0.2591349482536316
3392,339.2,340.2,0.28092896938323975,0.28092896938323975
3393,339.3,340.3,0.3595678210258484,0.3595678210258484
3394,339.4,340.4,0.36170828342437744,0.36170828342437744
3395,339.5,340.5,0.3534805178642273,0.3534805178642273
3396,339.6,340.6,0.34920406341552734,0.34920406341552734
3397,339.7,340.7,0.3473666310310364,0.3473666310310364
3398,339.8,340.8,0.40228745341300964,0.40228745341300964
3399,339.9,340.9,0.36891740560531616,0.36891740560531616
3400,340.0,341.0,0.3723985254764557,0.3723985254764557
3401,340.1,341.1,0.5229788422584534,0.5229788422584534
3402,340.2,341.2,0.49291151762008667,0.49291151762008667
3403,340.3,341.3,0.4854249656200409,0.4854249656200409
3404,340.4,341.4,0.4118553698062897,0.4118553698062897
3405,340.5,341.5,0.4649294912815094,0.4649294912815094
3406,340.6,341.6,0.44564351439476013,0.44564351439476013
3407,340.7,341.7,0.4141446352005005,0.4141446352005005
3408,340.8,341.8,0.4238903224468231,0.4238903224468231
3409,340.9,341.9,0.46038609743118286,0.46038609743118286
3410,341.0,342.0,0.4517228603363037,0.4517228603363037
3411,341.1,342.1,0.455748051404953,0.455748051404953
3412,341.2,342.2,0.4099683165550232,0.4099683165550232
3413,341.3,342.3,0.4437052309513092,0.4437052309513092
3414,341.4,342.4,0.36475634574890137,0.36475634574890137
3415,341.5,342.5,0.6657875776290894,0.6657875776290894
3416,341.6,342.6,0.702140212059021,0.702140212059021
3417,341.7,342.7,0.7109294533729553,0.7109294533729553
3418,341.8,342.8,0.7811169624328613,0.7811169624328613
3419,341.9,342.9,0.7264485955238342,0.7264485955238342
3420,342.0,343.0,0.6860860586166382,0.6860860586166382
3421,342.1,343.1,0.6747570633888245,0.6747570633888245
3422,342.2,343.2,0.6675710678100586,0.6675710678100586
3423,342.3,343.3,0.6431815028190613,0.6431815028190613
3424,342.4,343.4,0.6922173500061035,0.6922173500061035
3425,342.5,343.5,0.5951010584831238,0.5951010584831238
3426,342.6,343.6,0.49187222123146057,0.49187222123146057
3427,342.7,343.7,0.5340090990066528,0.5340090990066528
3428,342.8,343.8,0.3835126757621765,0.3835126757621765
3429,342.9,343.9,0.3817870318889618,0.3817870318889618
3430,343.0,344.0,0.4469543695449829,0.4469543695449829
3431,343.1,344.1,0.425590455532074,0.425590455532074
3432,343.2,344.2,0.4118573069572449,0.4118573069572449
3433,343.3,344.3,0.41091519594192505,0.41091519594192505
3434,343.4,344.4,0.3693835735321045,0.3693835735321045
3435,343.5,344.5,0.38264909386634827,0.38264909386634827
3436,343.6,344.6,0.39955565333366394,0.39955565333366394
3437,343.7,344.7,0.3927553594112396,0.3927553594112396
3438,343.8,344.8,0.38500621914863586,0.38500621914863586
3439,343.9,344.9,0.3629177212715149,0.3629177212715149
3440,344.0,345.0,0.39874255657196045,0.39874255657196045
3441,344.1,345.1,0.33660566806793213,0.33660566806793213
3442,344.2,345.2,0.45690998435020447,0.45690998435020447
3443,344.3,345.3,0.4200807511806488,0.4200807511806488
3444,344.4,345.4,0.3870197534561157,0.3870197534561157
3445,344.5,345.5,0.5204508900642395,0.5204508900642395
3446,344.6,345.6,0.441084086894989,0.441084086894989
3447,344.7,345.7,0.428732693195343,0.428732693195343
3448,344.8,345.8,0.5112897753715515,0.5112897753715515
3449,344.9,345.9,0.48523950576782227,0.48523950576782227
3450,345.0,346.0,0.4693961441516876,0.4693961441516876
3451,345.1,346.1,0.4581390619277954,0.4581390619277954
3452,345.2,346.2,0.2477578967809677,0.2477578967809677
3453,345.3,346.3,0.326426237821579,0.326426237821579
3454,345.4,346.4,0.36171963810920715,0.36171963810920715
3455,345.5,346.5,0.28464657068252563,0.28464657068252563
3456,345.6,346.6,0.19295933842658997,0.19295933842658997
3457,345.7,346.7,0.21599437296390533,0.21599437296390533
3458,345.8,346.8,0.2100069522857666,0.2100069522857666
3459,345.9,346.9,0.1904570758342743,0.1904570758342743
3460,346.0,347.0,0.2309383600950241,0.2309383600950241
3461,346.1,347.1,0.30481046438217163,0.30481046438217163
3462,346.2,347.2,0.22691425681114197,0.22691425681114197
3463,346.3,347.3,0.31426680088043213,0.31426680088043213
3464,346.4,347.4,0.31986576318740845,0.31986576318740845
3465,346.5,347.5,0.3671291172504425,0.3671291172504425
3466,346.6,347.6,0.5046699643135071,0.5046699643135071
3467,346.7,347.7,0.45666706562042236,0.45666706562042236
3468,346.8,347.8,0.48524460196495056,0.48524460196495056
3469,346.9,347.9,0.5122209787368774,0.5122209787368774
3470,347.0,348.0,0.46938198804855347,0.46938198804855347
3471,347.1,348.1,0.5413826107978821,0.5413826107978821
3472,347.2,348.2,0.4073280692100525,0.4073280692100525
3473,347.3,348.3,0.4357064962387085,0.4357064962387085
3474,347.4,348.4,0.3090392053127289,0.3090392053127289
3475,347.5,348.5,0.3823293447494507,0.3823293447494507
3476,347.6,348.6,0.38446080684661865,0.38446080684661865
3477,347.7,348.7,0.36108678579330444,0.36108678579330444
3478,347.8,348.8,0.41663578152656555,0.41663578152656555
3479,347.9,348.9,0.4235595464706421,0.4235595464706421
3480,348.0,349.0,0.47761279344558716,0.47761279344558716
3481,348.1,349.1,0.4442293345928192,0.4442293345928192
3482,348.2,349.2,0.4404432475566864,0.4404432475566864
3483,348.3,349.3,0.5137501358985901,0.5137501358985901
3484,348.4,349.4,0.46869200468063354,0.46869200468063354
3485,348.5,349.5,0.5569379925727844,0.5569379925727844
3486,348.6,349.6,0.5851134657859802,0.5851134657859802
3487,348.7,349.7,0.4809178411960602,0.4809178411960602
3488,348.8,349.8,0.5280215740203857,0.5280215740203857
3489,348.9,349.9,0.4823873043060303,0.4823873043060303
3490,349.0,350.0,0.4672447443008423,0.4672447443008423
3491,349.1,350.1,0.4992702901363373,0.4992702901363373
3492,349.2,350.2,0.4679145812988281,0.4679145812988281
3493,349.3,350.3,0.4835362136363983,0.4835362136363983
3494,349.4,350.4,0.517939567565918,0.517939567565918
3495,349.5,350.5,0.48692139983177185,0.48692139983177185
3496,349.6,350.6,0.4849136769771576,0.4849136769771576
3497,349.7,350.7,0.4828042685985565,0.4828042685985565
3498,349.8,350.8,0.4813198745250702,0.4813198745250702
3499,349.9,350.9,0.37975773215293884,0.37975773215293884
3500,350.0,351.0,0.41442087292671204,0.41442087292671204
3501,350.1,351.1,0.48182493448257446,0.48182493448257446
3502,350.2,351.2,0.4461127817630768,0.4461127817630768
3503,350.3,351.3,0.42947956919670105,0.42947956919670105
3504,350.4,351.4,0.4061785936355591,0.4061785936355591
3505,350.5,351.5,0.4272473156452179,0.4272473156452179
3506,350.6,351.6,0.34480610489845276,0.34480610489845276
3507,350.7,351.7,0.4007241725921631,0.4007241725921631
3508,350.8,351.8,0.43308472633361816,0.43308472633361816
3509,350.9,351.9,0.4008171856403351,0.4008171856403351
3510,351.0,352.0,0.41677889227867126,0.41677889227867126
3511,351.1,352.1,0.4005022644996643,0.4005022644996643
3512,351.2,352.2,0.45902350544929504,0.45902350544929504
3513,351.3,352.3,0.38810431957244873,0.38810431957244873
3514,351.4,352.4,0.4044511020183563,0.4044511020183563
3515,351.5,352.5,0.4536150097846985,0.4536150097846985
3516,351.6,352.6,0.3601686656475067,0.3601686656475067
3517,351.7,352.7,0.39685916900634766,0.39685916900634766
3518,351.8,352.8,0.3914138972759247,0.3914138972759247
3519,351.9,352.9,0.41360053420066833,0.41360053420066833
3520,352.0,353.0,0.4185727536678314,0.4185727536678314
3521,352.1,353.1,0.43908336758613586,0.43908336758613586
3522,352.2,353.2,0.2901519238948822,0.2901519238948822
3523,352.3,353.3,0.41058972477912903,0.41058972477912903
3524,352.4,353.4,0.4191051721572876,0.4191051721572876
3525,352.5,353.5,0.4959823191165924,0.4959823191165924
3526,352.6,353.6,0.5225499868392944,0.5225499868392944
3527,352.7,353.7,0.5049785375595093,0.5049785375595093
3528,352.8,353.8,0.42719677090644836,0.42719677090644836
3529,352.9,353.9,0.47796136140823364,0.47796136140823364
3530,353.0,354.0,0.4260883927345276,0.4260883927345276
3531,353.1,354.1,0.4201533794403076,0.4201533794403076
3532,353.2,354.2,0.49576714634895325,0.49576714634895325
3533,353.3,354.3,0.4219096004962921,0.4219096004962921
3534,353.4,354.4,0.47907549142837524,0.47907549142837524
3535,353.5,354.5,0.4441826641559601,0.4441826641559601
3536,353.6,354.6,0.46955159306526184,0.46955159306526184
3537,353.7,354.7,0.4167427718639374,0.4167427718639374
3538,353.8,354.8,0.3892267048358917,0.3892267048358917
3539,353.9,354.9,0.40102264285087585,0.40102264285087585
3540,354.0,355.0,0.4106447696685791,0.4106447696685791
3541,354.1,355.1,0.4462336301803589,0.4462336301803589
3542,354.2,355.2,0.40257886052131653,0.40257886052131653
3543,354.3,355.3,0.41711756587028503,0.41711756587028503
3544,354.4,355.4,0.42057695984840393,0.42057695984840393
3545,354.5,355.5,0.41245728731155396,0.41245728731155396
3546,354.6,355.6,0.4049011468887329,0.4049011468887329
3547,354.7,355.7,0.431704580783844,0.431704580783844
3548,354.8,355.8,0.4803866147994995,0.4803866147994995
3549,354.9,355.9,0.3959640860557556,0.3959640860557556
3550,355.0,356.0,0.48109424114227295,0.48109424114227295
3551,355.1,356.1,0.4601078927516937,0.4601078927516937
3552,355.2,356.2,0.43434786796569824,0.43434786796569824
3553,355.3,356.3,0.4454132318496704,0.4454132318496704
3554,355.4,356.4,0.4445098638534546,0.4445098638534546
3555,355.5,356.5,0.45728984475135803,0.45728984475135803
3556,355.6,356.6,0.5258081555366516,0.5258081555366516
3557,355.7,356.7,0.4997479021549225,0.4997479021549225
3558,355.8,356.8,0.4807386100292206,0.4807386100292206
3559,355.9,356.9,0.4352918863296509,0.4352918863296509
3560,356.0,357.0,0.4751094579696655,0.4751094579696655
3561,356.1,357.1,0.532524049282074,0.532524049282074
3562,356.2,357.2,0.26427945494651794,0.26427945494651794
3563,356.3,357.3,0.32589173316955566,0.32589173316955566
3564,356.4,357.4,0.4328586161136627,0.4328586161136627
3565,356.5,357.5,0.4172961115837097,0.4172961115837097
3566,356.6,357.6,0.4154926538467407,0.4154926538467407
3567,356.7,357.7,0.40745097398757935,0.40745097398757935
3568,356.8,357.8,0.45965686440467834,0.45965686440467834
3569,356.9,357.9,0.43275216221809387,0.43275216221809387
3570,357.0,358.0,0.456327885389328,0.456327885389328
3571,357.1,358.1,0.47756487131118774,0.47756487131118774
3572,357.2,358.2,0.4701910614967346,0.4701910614967346
3573,357.3,358.3,0.531578004360199,0.531578004360199
3574,357.4,358.4,0.5659694671630859,0.5659694671630859
3575,357.5,358.5,0.5458351373672485,0.5458351373672485
3576,357.6,358.6,0.5688600540161133,0.5688600540161133
3577,357.7,358.7,0.5835453271865845,0.5835453271865845
3578,357.8,358.8,0.4934471547603607,0.4934471547603607
3579,357.9,358.9,0.674314022064209,0.674314022064209
3580,358.0,359.0,0.32920145988464355,0.32920145988464355
3581,358.1,359.1,0.28814077377319336,0.28814077377319336
3582,358.2,359.2,0.3101412057876587,0.3101412057876587
3583,358.3,359.3,0.28313350677490234,0.28313350677490234
3584,358.4,359.4,0.22710999846458435,0.22710999846458435
3585,358.5,359.5,0.33742356300354004,0.33742356300354004
3586,358.6,359.6,0.30601948499679565,0.30601948499679565
3587,358.7,359.7,0.4105599820613861,0.4105599820613861
3588,358.8,359.8,0.40413475036621094,0.40413475036621094
3589,358.9,359.9,0.4584556221961975,0.4584556221961975
3590,359.0,360.0,0.4360416531562805,0.4360416531562805
3591,359.1,360.1,0.3627636730670929,0.3627636730670929
3592,359.2,360.2,0.4795970320701599,0.4795970320701599
3593,359.3,360.3,0.49960967898368835,0.49960967898368835
3594,359.4,360.4,0.4180231988430023,0.4180231988430023
3595,359.5,360.5,0.5194247961044312,0.5194247961044312
3596,359.6,360.6,0.43010568618774414,0.43010568618774414
3597,359.7,360.7,0.39965251088142395,0.39965251088142395
3598,359.8,360.8,0.3755263090133667,0.3755263090133667
3599,359.9,360.9,0.4125697612762451,0.4125697612762451
3600,360.0,361.0,0.45591962337493896,0.45591962337493896
3601,360.1,361.1,0.4592282772064209,0.4592282772064209
3602,360.2,361.2,0.4743382930755615,0.4743382930755615
3603,360.3,361.3,0.5063040256500244,0.5063040256500244
3604,360.4,361.4,0.49848583340644836,0.49848583340644836
3605,360.5,361.5,0.390042245388031,0.390042245388031
3606,360.6,361.6,0.4502086341381073,0.4502086341381073
3607,360.632,361.632,0.43881890177726746,0.43881890177726746
