fold,seed,clean_path,clean_md5,original_valid_samples,noise_dataset,noise_environment,noise_file,noise_sha256,selected_channel,target_snr_db,simulated_noise,noise_protocol,real_farm_external_validation,noise_offset,noise_seed,clean_active_rms,noise_active_rms_before_gain,gain,achieved_active_snr_db,achieved_full_window_snr_db,peak_before_scale,final_global_scale,clipping_detected,valid_start
0,3407,data/raw/sow_call_dataset_labeled/feeding/461-1.wav,81b6b443e611971e62ee7f480b5e80b8,64000,,clean,,,,clean,False,zero_shot_frozen,False,,,,,,,,2922.336669921875,1.0,False,
0,3407,data/raw/sow_call_dataset_labeled/calm_grunt/74-0.wav,231dcdc74cf41f59690ae1408467d2ee,64000,,clean,,,,clean,False,zero_shot_frozen,False,,,,,,,,15060.4111328125,1.0,False,
0,3407,data/external/korea_raw/dry_cough/train_dry_16871.wav,0087b3873541a379748a345b960d0af7,15649,,clean,,,,clean,False,zero_shot_frozen,False,,,,,,,,0.3525345027446747,1.0,False,
0,3407,data/raw/sow_call_dataset_labeled/anxious_stress/1567-3.wav,d76bf0e98eb7f34a4269a6dcebf2b860,64000,,clean,,,,clean,False,zero_shot_frozen,False,,,,,,,,12315.2744140625,1.0,False,
0,3407,data/external/korea_raw/abdominal_cough/train_abdominal_00145.wav,e49ea7e3eb02dd8208d5767cc2a865bd,13760,,clean,,,,clean,False,zero_shot_frozen,False,,,,,,,,0.29196712374687195,1.0,False,
0,3407,data/raw/sow_call_dataset_labeled/calm_grunt/126-0.wav,36fb7ca69b77d3439d07d4eed5009620,64000,,clean,,,,clean,False,zero_shot_frozen,False,,,,,,,,8063.4423828125,1.0,False,
0,3407,data/raw/sow_call_dataset_labeled/feeding/422-1.wav,ad0e6cc5f381d90941387e48ac3c90e5,64000,,clean,,,,clean,False,zero_shot_frozen,False,,,,,,,,6356.1337890625,1.0,False,
0,3407,data/raw/sow_call_dataset_labeled/frightened_stress/1033-2.wav,8922fbed7e0303ce8677c3bc946a39ed,63995,,clean,,,,clean,False,zero_shot_frozen,False,,,,,,,,2086.1435546875,1.0,False,
0,3407,data/external/korea_raw/dry_cough/train_dry_08957.wav,24488fa53abe2228b8830f93c083ba5d,16000,,clean,,,,clean,False,zero_shot_frozen,False,,,,,,,,0.7788500189781189,1.0,False,
0,3407,data/raw/sow_call_dataset_labeled/calm_grunt/191-0.wav,3edbcd7e4d484f1fa45cd8c3904ed2b2,64000,,clean,,,,clean,False,zero_shot_frozen,False,,,,,,,,17262.4921875,1.0,False,
0,3407,data/external/korea_raw/dry_cough/train_dry_03883.wav,d33384b82a4c07ee3479d6a84e6a107a,16000,,clean,,,,clean,False,zero_shot_frozen,False,,,,,,,,0.3525902330875397,1.0,False,
0,3407,data/raw/sow_call_dataset_labeled/calm_grunt/164-0.wav,d61f937fb7139f1bd2472783afd2378a,64000,,clean,,,,clean,False,zero_shot_frozen,False,,,,,,,,15080.0439453125,1.0,False,
0,3407,data/external/korea_raw/dry_cough/train_dry_05642.wav,88d7f4aa29a5020b78bb91ee3a01937f,13056,,clean,,,,clean,False,zero_shot_frozen,False,,,,,,,,0.38746991753578186,1.0,False,
0,3407,data/raw/sow_call_dataset_labeled/feeding/386-1.wav,14e3565af5b36ce69c196167511c0621,64000,,clean,,,,clean,False,zero_shot_frozen,False,,,,,,,,2623.255126953125,1.0,False,
0,3407,data/raw/sow_call_dataset_labeled/anxious_stress/1691-3.wav,ff6ed75be70451ec0c28fb565f81cd54,63988,,clean,,,,clean,False,zero_shot_frozen,False,,,,,,,,4046.300537109375,1.0,False,
0,3407,data/external/korea_raw/abdominal_cough/train_abdominal_04314.wav,14cfa356c56f5fb97ab95f6e8f359b80,20001,,clean,,,,clean,False,zero_shot_frozen,False,,,,,,,,0.2135905623435974,1.0,False,
0,3407,data/external/korea_raw/dry_cough/train_dry_17215.wav,7de8d3e02d0b1fe49ade87fb918a2119,13536,,clean,,,,clean,False,zero_shot_frozen,False,,,,,,,,1.0399411916732788,1.0,False,
0,3407,data/external/korea_raw/dry_cough/train_dry_08205.wav,6704c14d5e967fb2463c9162bfcd787d,22977,,clean,,,,clean,False,zero_shot_frozen,False,,,,,,,,0.5633849501609802,1.0,False,
0,3407,data/raw/sow_call_dataset_labeled/feeding/372-1.wav,a51ab823a33ac9f98b57ddd7d4c7dbac,64000,,clean,,,,clean,False,zero_shot_frozen,False,,,,,,,,2067.302490234375,1.0,False,
0,3407,data/raw/sow_call_dataset_labeled/calm_grunt/234-0.wav,60811846bec973804cf5cb64ea03726f,64000,,clean,,,,clean,False,zero_shot_frozen,False,,,,,,,,16471.9453125,1.0,False,
0,3407,data/raw/sow_call_dataset_labeled/anxious_stress/1358-3.wav,2d25df36b23419dad4eac8cb0c26741b,64000,,clean,,,,clean,False,zero_shot_frozen,False,,,,,,,,2195.74072265625,1.0,False,
0,3407,data/external/korea_raw/abdominal_cough/train_abdominal_04310.wav,f720b0ab06424dff180f34747009278e,12000,,clean,,,,clean,False,zero_shot_frozen,False,,,,,,,,0.2180570513010025,1.0,False,
0,3407,data/raw/sow_call_dataset_labeled/anxious_stress/1628-3.wav,b4bafd8c58512f0cbd5d3fc95eff2e5e,64000,,clean,,,,clean,False,zero_shot_frozen,False,,,,,,,,6998.67919921875,1.0,False,
0,3407,data/external/korea_raw/dry_cough/train_dry_10991.wav,fed26a33f0b741bc95bbf8e3ae6cdaa1,10016,,clean,,,,clean,False,zero_shot_frozen,False,,,,,,,,0.5774927139282227,1.0,False,
0,3407,data/raw/sow_call_dataset_labeled/anxious_stress/1697-3.wav,07cbbc074a5616ad1173d36f2d5a9c57,63996,,clean,,,,clean,False,zero_shot_frozen,False,,,,,,,,2518.385498046875,1.0,False,
0,3407,data/raw/sow_call_dataset_labeled/feeding/407-1.wav,194745edca2b4ea2108f74e6798de76b,64000,,clean,,,,clean,False,zero_shot_frozen,False,,,,,,,,4872.2001953125,1.0,False,
0,3407,data/external/korea_raw/abdominal_cough/train_abdominal_00976.wav,482167f50b0581254cf3db0cbf02e6d8,10113,,clean,,,,clean,False,zero_shot_frozen,False,,,,,,,,0.27336812019348145,1.0,False,
0,3407,data/raw/sow_call_dataset_labeled/calm_grunt/198-0.wav,d6f78c29d16485f14e15c559ba612000,64000,,clean,,,,clean,False,zero_shot_frozen,False,,,,,,,,15578.8984375,1.0,False,
0,3407,data/raw/sow_call_dataset_labeled/anxious_stress/1471-3.wav,ed129f6416e1cbbabfb2990dc4759456,63998,,clean,,,,clean,False,zero_shot_frozen,False,,,,,,,,20318.4765625,1.0,False,
0,3407,data/raw/sow_call_dataset_labeled/anxious_stress/1694-3.wav,4cadeb71267741745df4bb50bad5fc80,64000,,clean,,,,clean,False,zero_shot_frozen,False,,,,,,,,5109.95556640625,1.0,False,
0,3407,data/raw/sow_call_dataset_labeled/calm_grunt/142-0.wav,c549a91a9505158b9f6442db3dcff4e4,64000,,clean,,,,clean,False,zero_shot_frozen,False,,,,,,,,14880.4970703125,1.0,False,
0,3407,data/raw/sow_call_dataset_labeled/anxious_stress/1437-3.wav,9dcd542137ab5deb241d9b7b2ed7c5c9,64000,,clean,,,,clean,False,zero_shot_frozen,False,,,,,,,,23419.4140625,1.0,False,
0,3407,data/external/korea_raw/abdominal_cough/train_abdominal_14437.wav,12f71686d1214f4a37e7f533b384ea35,17280,,clean,,,,clean,False,zero_shot_frozen,False,,,,,,,,0.2975033223628998,1.0,False,
0,3407,data/raw/sow_call_dataset_labeled/anxious_stress/1561-3.wav,5fb81c5b843c88128bdd4a3474a270e3,64000,,clean,,,,clean,False,zero_shot_frozen,False,,,,,,,,5254.4814453125,1.0,False,
0,3407,data/raw/sow_call_dataset_labeled/calm_grunt/146-0.wav,e555283d4dcff3cbe68b58ea6baa9321,64000,,clean,,,,clean,False,zero_shot_frozen,False,,,,,,,,15680.0078125,1.0,False,
0,3407,data/raw/sow_call_dataset_labeled/feeding/385-1.wav,9fe1b1d16ab7b011126eec1b974d15be,64000,,clean,,,,clean,False,zero_shot_frozen,False,,,,,,,,5582.3828125,1.0,False,
0,3407,data/raw/sow_call_dataset_labeled/feeding/347-1.wav,025adb61783547ff9a35c44600e53f23,64000,,clean,,,,clean,False,zero_shot_frozen,False,,,,,,,,3992.430419921875,1.0,False,
0,3407,data/raw/sow_call_dataset_labeled/calm_grunt/220-0.wav,3a8f7f2ee112f7bb25ecfbfa9daf8e5a,64000,,clean,,,,clean,False,zero_shot_frozen,False,,,,,,,,18083.306640625,1.0,False,
0,3407,data/raw/sow_call_dataset_labeled/feeding/326-1.wav,68271e05998f6bb287503513fa9477b1,63986,,clean,,,,clean,False,zero_shot_frozen,False,,,,,,,,12838.7275390625,1.0,False,
0,3407,data/raw/sow_call_dataset_labeled/feeding/362-1.wav,b3e4cd2d5cf837b812811f490fed3fb1,63995,,clean,,,,clean,False,zero_shot_frozen,False,,,,,,,,5515.80859375,1.0,False,
0,3407,data/raw/sow_call_dataset_labeled/anxious_stress/1272-3.wav,ff6f943b9956c3adcddfef8911c4d1af,64000,,clean,,,,clean,False,zero_shot_frozen,False,,,,,,,,2748.799560546875,1.0,False,
0,3407,data/raw/sow_call_dataset_labeled/frightened_stress/934-2.wav,c1bbeae49e86333d4bd2c70e7d1857ff,63988,,clean,,,,clean,False,zero_shot_frozen,False,,,,,,,,2248.4326171875,1.0,False,
0,3407,data/raw/sow_call_dataset_labeled/feeding/417-1.wav,8f86c8ddfdba8a759f93ddcddf3c6ca4,64000,,clean,,,,clean,False,zero_shot_frozen,False,,,,,,,,5118.46044921875,1.0,False,
0,3407,data/raw/sow_call_dataset_labeled/frightened_stress/668-2.wav,cf12385bb9ae5881f1be95db8e682af9,63996,,clean,,,,clean,False,zero_shot_frozen,False,,,,,,,,1245.7418212890625,1.0,False,
0,3407,data/raw/sow_call_dataset_labeled/calm_grunt/151-0.wav,af2dea9baecdb955b1cd31003d1067a8,64000,,clean,,,,clean,False,zero_shot_frozen,False,,,,,,,,9510.4638671875,1.0,False,
0,3407,data/raw/sow_call_dataset_labeled/anxious_stress/1777-3.wav,8c25af4b7b10e82ca566df1c08e21410,64000,,clean,,,,clean,False,zero_shot_frozen,False,,,,,,,,2211.2724609375,1.0,False,
0,3407,data/external/korea_raw/abdominal_cough/train_abdominal_07806.wav,c3a126a94bddfdd955e8fad5c1655596,21088,,clean,,,,clean,False,zero_shot_frozen,False,,,,,,,,1.001934289932251,1.0,False,
0,3407,data/raw/sow_call_dataset_labeled/feeding/288-1.wav,afb9ba311c29eb6543ac849e5b6bf4ec,63984,,clean,,,,clean,False,zero_shot_frozen,False,,,,,,,,6971.17236328125,1.0,False,
0,3407,data/raw/sow_call_dataset_labeled/calm_grunt/0-0.wav,375a9f28f51a47761e2685a85bf05fd5,64000,,clean,,,,clean,False,zero_shot_frozen,False,,,,,,,,14712.0322265625,1.0,False,
0,3407,data/external/korea_raw/dry_cough/train_dry_11727.wav,fc93924539d8087a01f3402a5a8c7d0b,12000,,clean,,,,clean,False,zero_shot_frozen,False,,,,,,,,0.2194679081439972,1.0,False,
0,3407,data/external/korea_raw/dry_cough/train_dry_17197.wav,a81227276c0cb075353c856ae7e0af41,11456,,clean,,,,clean,False,zero_shot_frozen,False,,,,,,,,0.8666090369224548,1.0,False,
0,3407,data/raw/sow_call_dataset_labeled/feeding/431-1.wav,91ae5382a6836df66540a8ba89013364,63754,,clean,,,,clean,False,zero_shot_frozen,False,,,,,,,,11762.62890625,1.0,False,
0,3407,data/external/korea_raw/abdominal_cough/train_abdominal_01313.wav,a01b0c33cc7f711409675f20113a2224,15040,,clean,,,,clean,False,zero_shot_frozen,False,,,,,,,,0.22092776000499725,1.0,False,
0,3407,data/raw/sow_call_dataset_labeled/calm_grunt/193-0.wav,ca1ead94c16e1fb25c9557ecd7dcc551,64000,,clean,,,,clean,False,zero_shot_frozen,False,,,,,,,,15852.361328125,1.0,False,
0,3407,data/external/korea_raw/abdominal_cough/train_abdominal_10313.wav,c13956b428478c5dd0c3458c16330570,14016,,clean,,,,clean,False,zero_shot_frozen,False,,,,,,,,1.00142240524292,1.0,False,
0,3407,data/raw/sow_call_dataset_labeled/feeding/312-1.wav,293a15b43b9611cb2e3eba6d3f5372cc,64000,,clean,,,,clean,False,zero_shot_frozen,False,,,,,,,,10654.9375,1.0,False,
0,3407,data/external/korea_raw/abdominal_cough/train_abdominal_11302.wav,3500df8d4dde9d30a7e33288debf2b46,14017,,clean,,,,clean,False,zero_shot_frozen,False,,,,,,,,0.3093765676021576,1.0,False,
0,3407,data/raw/sow_call_dataset_labeled/frightened_stress/1063-2.wav,a7e2073c043365484b8a8e53a336da67,64000,,clean,,,,clean,False,zero_shot_frozen,False,,,,,,,,1680.82080078125,1.0,False,
0,3407,data/raw/sow_call_dataset_labeled/anxious_stress/1422-3.wav,01f9891a3e4465b442eb23655620dc44,64000,,clean,,,,clean,False,zero_shot_frozen,False,,,,,,,,1920.6307373046875,1.0,False,
0,3407,data/raw/sow_call_dataset_labeled/calm_grunt/182-0.wav,5ec24f69341475ee529256c8a2d68016,64000,,clean,,,,clean,False,zero_shot_frozen,False,,,,,,,,16477.380859375,1.0,False,
0,3407,data/external/korea_raw/dry_cough/train_dry_09239.wav,2f9ff30122974c3c0529764de066c3c9,19360,,clean,,,,clean,False,zero_shot_frozen,False,,,,,,,,0.5601773858070374,1.0,False,
0,3407,data/external/korea_raw/abdominal_cough/train_abdominal_17672.wav,f15a33f36baf2b8e736629781a6abc75,13920,,clean,,,,clean,False,zero_shot_frozen,False,,,,,,,,0.2782400846481323,1.0,False,
0,3407,data/raw/sow_call_dataset_labeled/anxious_stress/1297-3.wav,15736b80e0e4f5e334117af31330abe5,63991,,clean,,,,clean,False,zero_shot_frozen,False,,,,,,,,1396.0421142578125,1.0,False,
0,3407,data/external/korea_raw/abdominal_cough/train_abdominal_00790.wav,be383be0d5e164640f96e7b8c086be90,13184,,clean,,,,clean,False,zero_shot_frozen,False,,,,,,,,0.2691790759563446,1.0,False,
0,3407,data/raw/sow_call_dataset_labeled/feeding/444-1.wav,6e8f71772e6578a1413f49c0b64622ef,64000,,clean,,,,clean,False,zero_shot_frozen,False,,,,,,,,15799.1376953125,1.0,False,
0,3407,data/external/korea_raw/abdominal_cough/train_abdominal_08082.wav,d30dcaf230f9e2a911e1947f21cca67c,16928,,clean,,,,clean,False,zero_shot_frozen,False,,,,,,,,0.4754486382007599,1.0,False,
0,3407,data/external/korea_raw/abdominal_cough/train_abdominal_02327.wav,f671afbd25fd76072e59a1ea9a30ef8f,13536,,clean,,,,clean,False,zero_shot_frozen,False,,,,,,,,0.1432439088821411,1.0,False,
0,3407,data/raw/sow_call_dataset_labeled/calm_grunt/66-0.wav,9a1f2c7d433b216204177eeaf261b0b5,64000,,clean,,,,clean,False,zero_shot_frozen,False,,,,,,,,16180.6826171875,1.0,False,
0,3407,data/raw/sow_call_dataset_labeled/calm_grunt/46-0.wav,937e8cf48f631aa7ec7153f60ad2f192,64000,,clean,,,,clean,False,zero_shot_frozen,False,,,,,,,,14386.181640625,1.0,False,
0,3407,data/raw/sow_call_dataset_labeled/feeding/492-1.wav,b998236fc8e1bd90177833e700992ddb,63988,,clean,,,,clean,False,zero_shot_frozen,False,,,,,,,,2572.28662109375,1.0,False,
0,3407,data/raw/sow_call_dataset_labeled/calm_grunt/13-0.wav,1e6abaca4ee7e6ae5e9ddcd4c3bc70ee,64000,,clean,,,,clean,False,zero_shot_frozen,False,,,,,,,,19228.998046875,1.0,False,
0,3407,data/raw/sow_call_dataset_labeled/frightened_stress/1096-2.wav,9ea43ffa0a9fefd061e5e02543126bec,63990,,clean,,,,clean,False,zero_shot_frozen,False,,,,,,,,2541.752685546875,1.0,False,
0,3407,data/raw/sow_call_dataset_labeled/feeding/355-1.wav,92852d0b9cb15d83bc32ce24b43cd421,64000,,clean,,,,clean,False,zero_shot_frozen,False,,,,,,,,6411.912109375,1.0,False,
0,3407,data/external/korea_raw/dry_cough/train_dry_14835.wav,2a6f1b93023cf43370fb4ddc4a25c557,18272,,clean,,,,clean,False,zero_shot_frozen,False,,,,,,,,0.3464994430541992,1.0,False,
0,3407,data/raw/sow_call_dataset_labeled/feeding/480-1.wav,314c5b727c3e60e13838edeb09727eb6,64000,,clean,,,,clean,False,zero_shot_frozen,False,,,,,,,,4462.7919921875,1.0,False,
0,3407,data/raw/sow_call_dataset_labeled/feeding/475-1.wav,fff1ba8bfd4f7a2c0c937a21d2533e26,64000,,clean,,,,clean,False,zero_shot_frozen,False,,,,,,,,2245.96875,1.0,False,
0,3407,data/raw/sow_call_dataset_labeled/feeding/343-1.wav,04444d7ef6c62b6da94486d0aced7cd9,64000,,clean,,,,clean,False,zero_shot_frozen,False,,,,,,,,11330.2607421875,1.0,False,
0,3407,data/raw/sow_call_dataset_labeled/feeding/389-1.wav,43ae73622c7a2432d7d3632134dda63a,63990,,clean,,,,clean,False,zero_shot_frozen,False,,,,,,,,13154.4384765625,1.0,False,
0,3407,data/raw/sow_call_dataset_labeled/feeding/427-1.wav,fb79ad436b991a7f85596c6e029a1a41,63986,,clean,,,,clean,False,zero_shot_frozen,False,,,,,,,,4417.48046875,1.0,False,
0,3407,data/raw/sow_call_dataset_labeled/anxious_stress/1334-3.wav,11d045bea6c3d64015b13638a7d53109,63997,,clean,,,,clean,False,zero_shot_frozen,False,,,,,,,,20692.638671875,1.0,False,
0,3407,data/raw/sow_call_dataset_labeled/anxious_stress/1383-3.wav,b3b31954241bce03f5720874592aee72,63992,,clean,,,,clean,False,zero_shot_frozen,False,,,,,,,,6756.49755859375,1.0,False,
0,3407,data/raw/sow_call_dataset_labeled/frightened_stress/571-2.wav,08169455610f31ed96247239437ecadf,64000,,clean,,,,clean,False,zero_shot_frozen,False,,,,,,,,828.77197265625,1.0,False,
0,3407,data/external/korea_raw/abdominal_cough/train_abdominal_06751.wav,1d8dba5e198d447b4483b7ae2ad71b2f,10976,,clean,,,,clean,False,zero_shot_frozen,False,,,,,,,,0.31062185764312744,1.0,False,
0,3407,data/raw/sow_call_dataset_labeled/calm_grunt/133-0.wav,4d295214452277e46a9aa9d386bf4466,64000,,clean,,,,clean,False,zero_shot_frozen,False,,,,,,,,16673.1015625,1.0,False,
0,3407,data/raw/sow_call_dataset_labeled/calm_grunt/134-0.wav,f5e6656b16432a15c846dda524aab2f7,64000,,clean,,,,clean,False,zero_shot_frozen,False,,,,,,,,16918.720703125,1.0,False,
0,3407,data/raw/sow_call_dataset_labeled/anxious_stress/1682-3.wav,22f617734eec4c14399d7edd05952a94,64000,,clean,,,,clean,False,zero_shot_frozen,False,,,,,,,,21979.330078125,1.0,False,
0,3407,data/raw/sow_call_dataset_labeled/anxious_stress/1376-3.wav,7955ec6fe3a43547095c229605227135,64000,,clean,,,,clean,False,zero_shot_frozen,False,,,,,,,,3225.741943359375,1.0,False,
0,3407,data/raw/sow_call_dataset_labeled/anxious_stress/1494-3.wav,c96e034455453c8a80062c77d5b0ffd8,64000,,clean,,,,clean,False,zero_shot_frozen,False,,,,,,,,22761.28515625,1.0,False,
0,3407,data/raw/sow_call_dataset_labeled/calm_grunt/163-0.wav,5695337a3756b87cd039848c7ee34d5d,64000,,clean,,,,clean,False,zero_shot_frozen,False,,,,,,,,16299.9375,1.0,False,
0,3407,data/raw/sow_call_dataset_labeled/calm_grunt/200-0.wav,9f56e233d86a50f8c07037764ffc404c,64000,,clean,,,,clean,False,zero_shot_frozen,False,,,,,,,,17578.76953125,1.0,False,
0,3407,data/raw/sow_call_dataset_labeled/calm_grunt/181-0.wav,66d65c98af61f5b9edb344b18a179881,64000,,clean,,,,clean,False,zero_shot_frozen,False,,,,,,,,14779.9169921875,1.0,False,
0,3407,data/raw/sow_call_dataset_labeled/feeding/489-1.wav,cc82b9acc5ec838472efea0356add029,63988,,clean,,,,clean,False,zero_shot_frozen,False,,,,,,,,1374.9091796875,1.0,False,
0,3407,data/external/korea_raw/dry_cough/train_dry_17231.wav,414bbf0cced84b1b83253974ff72e055,20064,,clean,,,,clean,False,zero_shot_frozen,False,,,,,,,,0.8539214730262756,1.0,False,
0,3407,data/raw/sow_call_dataset_labeled/feeding/406-1.wav,bf2cba2c96bb0cc4a444e2aed3985121,64000,,clean,,,,clean,False,zero_shot_frozen,False,,,,,,,,3723.645751953125,1.0,False,
0,3407,data/raw/sow_call_dataset_labeled/calm_grunt/255-0.wav,7fe4de8d725fb04b3437a3a1c91ff7ab,64000,,clean,,,,clean,False,zero_shot_frozen,False,,,,,,,,15492.3955078125,1.0,False,
0,3407,data/raw/sow_call_dataset_labeled/anxious_stress/1359-3.wav,18b5dc855acc6b3ee7d7d2daae3afaa4,64000,,clean,,,,clean,False,zero_shot_frozen,False,,,,,,,,6329.806640625,1.0,False,
0,3407,data/raw/sow_call_dataset_labeled/feeding/298-1.wav,a386793de4da5cae07e7e1b426e07f80,63997,,clean,,,,clean,False,zero_shot_frozen,False,,,,,,,,3071.224853515625,1.0,False,
0,3407,data/raw/sow_call_dataset_labeled/frightened_stress/1038-2.wav,eea3389ab552c4f66b61093bf5aacc49,64000,,clean,,,,clean,False,zero_shot_frozen,False,,,,,,,,6817.01806640625,1.0,False,
0,3407,data/raw/sow_call_dataset_labeled/calm_grunt/148-0.wav,00e146b24fd459e3f6e2e9469eebe4c4,64000,,clean,,,,clean,False,zero_shot_frozen,False,,,,,,,,10460.306640625,1.0,False,
0,3407,data/raw/sow_call_dataset_labeled/calm_grunt/31-0.wav,ad1b03b3649c921981340ffcfafbe1d5,64000,,clean,,,,clean,False,zero_shot_frozen,False,,,,,,,,22159.416015625,1.0,False,
0,3407,data/raw/sow_call_dataset_labeled/feeding/469-1.wav,96f4365be7925a63b199ce1f0e094270,64000,,clean,,,,clean,False,zero_shot_frozen,False,,,,,,,,10116.9638671875,1.0,False,
0,3407,data/external/korea_raw/abdominal_cough/train_abdominal_02305.wav,802c3c06a9ed989a83e4990344122a04,15457,,clean,,,,clean,False,zero_shot_frozen,False,,,,,,,,0.2909994125366211,1.0,False,
0,3407,data/raw/sow_call_dataset_labeled/feeding/486-1.wav,faa7678cb4332273bf2df704079aa496,63997,,clean,,,,clean,False,zero_shot_frozen,False,,,,,,,,3860.96533203125,1.0,False,
0,3407,data/raw/sow_call_dataset_labeled/feeding/399-1.wav,48cf353f7ec7b595326862ac160f0ad7,63998,,clean,,,,clean,False,zero_shot_frozen,False,,,,,,,,8345.8740234375,1.0,False,
0,3407,data/raw/sow_call_dataset_labeled/feeding/324-1.wav,247d290a4193c3f911ea011db4d5a19f,64000,,clean,,,,clean,False,zero_shot_frozen,False,,,,,,,,12867.0908203125,1.0,False,
0,3407,data/external/korea_raw/abdominal_cough/train_abdominal_13649.wav,758a24dd5518a227c1e5ba1f0ff3dcb4,19137,,clean,,,,clean,False,zero_shot_frozen,False,,,,,,,,0.34454309940338135,1.0,False,
0,3407,data/raw/sow_call_dataset_labeled/frightened_stress/809-2.wav,60adaca724f5caf2590a8cfb28d41e6d,64000,,clean,,,,clean,False,zero_shot_frozen,False,,,,,,,,842.0465087890625,1.0,False,
0,3407,data/raw/sow_call_dataset_labeled/feeding/471-1.wav,52da60c3cf75c529daf2db0df0c762b2,63985,,clean,,,,clean,False,zero_shot_frozen,False,,,,,,,,4668.345703125,1.0,False,
0,3407,data/external/korea_raw/dry_cough/train_dry_13855.wav,92a4b6e7ce690c211166c2967b9d3651,18016,,clean,,,,clean,False,zero_shot_frozen,False,,,,,,,,0.350124716758728,1.0,False,
0,3407,data/raw/sow_call_dataset_labeled/calm_grunt/246-0.wav,af2331ab38f97aa237f515945a5359e8,64000,,clean,,,,clean,False,zero_shot_frozen,False,,,,,,,,16374.0234375,1.0,False,
0,3407,data/raw/sow_call_dataset_labeled/feeding/304-1.wav,c9e37a52d69aa372d3ae6b95468b7620,63988,,clean,,,,clean,False,zero_shot_frozen,False,,,,,,,,3169.325927734375,1.0,False,
0,3407,data/external/korea_raw/dry_cough/train_dry_12111.wav,f59c8ec794987b22feab4606c5b457ec,12001,,clean,,,,clean,False,zero_shot_frozen,False,,,,,,,,0.16002912819385529,1.0,False,
0,3407,data/raw/sow_call_dataset_labeled/anxious_stress/1452-3.wav,863eeac0b9ddb7b6f0040a6c94e9fb0e,63995,,clean,,,,clean,False,zero_shot_frozen,False,,,,,,,,13323.076171875,1.0,False,
0,3407,data/raw/sow_call_dataset_labeled/feeding/393-1.wav,d020a377f975c05272b8d05b57521990,64000,,clean,,,,clean,False,zero_shot_frozen,False,,,,,,,,5087.68505859375,1.0,False,
0,3407,data/raw/sow_call_dataset_labeled/calm_grunt/91-0.wav,cee17336c428ff1a2871511627e221ac,64000,,clean,,,,clean,False,zero_shot_frozen,False,,,,,,,,17912.16015625,1.0,False,
0,3407,data/external/korea_raw/dry_cough/train_dry_08236.wav,a7ab543a182c83c4cf8ec72231ba0af2,17184,,clean,,,,clean,False,zero_shot_frozen,False,,,,,,,,0.4377416670322418,1.0,False,
0,3407,data/raw/sow_call_dataset_labeled/feeding/462-1.wav,bf71b3916b50f93bb618bec575df25d0,64000,,clean,,,,clean,False,zero_shot_frozen,False,,,,,,,,2426.070556640625,1.0,False,
0,3407,data/raw/sow_call_dataset_labeled/frightened_stress/531-2.wav,439e489d68e585b0f865ab720f41e65a,63608,,clean,,,,clean,False,zero_shot_frozen,False,,,,,,,,2352.5126953125,1.0,False,
0,3407,data/external/korea_raw/dry_cough/train_dry_12259.wav,0dd24b3ee3931c0516f250d0fb57dc2a,13985,,clean,,,,clean,False,zero_shot_frozen,False,,,,,,,,0.2411201000213623,1.0,False,
0,3407,data/raw/sow_call_dataset_labeled/feeding/334-1.wav,6d4e3f890abd1b39675ab539c08999df,64000,,clean,,,,clean,False,zero_shot_frozen,False,,,,,,,,9327.1259765625,1.0,False,
0,3407,data/raw/sow_call_dataset_labeled/frightened_stress/1031-2.wav,52f370f2037764cd024cc8ac3620035d,63997,,clean,,,,clean,False,zero_shot_frozen,False,,,,,,,,2757.1474609375,1.0,False,
0,3407,data/external/korea_raw/dry_cough/train_dry_05498.wav,476f1f61fe985f0e105b631f547552aa,11777,,clean,,,,clean,False,zero_shot_frozen,False,,,,,,,,0.15996482968330383,1.0,False,
0,3407,data/raw/sow_call_dataset_labeled/calm_grunt/69-0.wav,5e6972bc79d14fbb0e7d8c9fc5171b8e,64000,,clean,,,,clean,False,zero_shot_frozen,False,,,,,,,,16094.8017578125,1.0,False,
0,3407,data/raw/sow_call_dataset_labeled/feeding/365-1.wav,e7f7f9645f68e7861c6960646038694b,63998,,clean,,,,clean,False,zero_shot_frozen,False,,,,,,,,2049.74853515625,1.0,False,
0,3407,data/raw/sow_call_dataset_labeled/calm_grunt/127-0.wav,c0b1e9c399e2fcb85350d6e1a522b9c7,64000,,clean,,,,clean,False,zero_shot_frozen,False,,,,,,,,7138.681640625,1.0,False,
0,3407,data/raw/sow_call_dataset_labeled/frightened_stress/649-2.wav,a79a4d5ca276050cd921a9a53451c118,64000,,clean,,,,clean,False,zero_shot_frozen,False,,,,,,,,1754.7567138671875,1.0,False,
0,3407,data/raw/sow_call_dataset_labeled/anxious_stress/1429-3.wav,08dbebe86b17e15870a88fc0edc1fd56,63997,,clean,,,,clean,False,zero_shot_frozen,False,,,,,,,,6948.71044921875,1.0,False,
0,3407,data/external/korea_raw/abdominal_cough/train_abdominal_16429.wav,89bcd1f7bcfd5c0d3850c0d8d7a77682,12321,,clean,,,,clean,False,zero_shot_frozen,False,,,,,,,,0.14512236416339874,1.0,False,
0,3407,data/raw/sow_call_dataset_labeled/frightened_stress/624-2.wav,6b7d32323ad19193729e70aa61366584,64000,,clean,,,,clean,False,zero_shot_frozen,False,,,,,,,,924.19921875,1.0,False,
0,3407,data/raw/sow_call_dataset_labeled/calm_grunt/218-0.wav,b3d8482fce8b5eaa3e2cb020780d332e,64000,,clean,,,,clean,False,zero_shot_frozen,False,,,,,,,,16304.2236328125,1.0,False,
0,3407,data/external/korea_raw/dry_cough/train_dry_14904.wav,82731434fe93293942ec3e677a251aa0,13408,,clean,,,,clean,False,zero_shot_frozen,False,,,,,,,,0.23222856223583221,1.0,False,
0,3407,data/raw/sow_call_dataset_labeled/calm_grunt/59-0.wav,59a6dd695e64efe4c8241ab5e0cd60df,64000,,clean,,,,clean,False,zero_shot_frozen,False,,,,,,,,17839.84375,1.0,False,
0,3407,data/external/korea_raw/dry_cough/train_dry_12342.wav,be5b9785349c0ba7847119f6859671bc,14017,,clean,,,,clean,False,zero_shot_frozen,False,,,,,,,,0.17570744454860687,1.0,False,
0,3407,data/external/korea_raw/dry_cough/train_dry_07999.wav,4bcc8d92055b679105e93da203cd9111,13313,,clean,,,,clean,False,zero_shot_frozen,False,,,,,,,,0.43527957797050476,1.0,False,
0,3407,data/raw/sow_call_dataset_labeled/calm_grunt/114-0.wav,6bfb9e30e653d62d2ad67d1d0fbee2b2,64000,,clean,,,,clean,False,zero_shot_frozen,False,,,,,,,,15433.9287109375,1.0,False,
0,3407,data/raw/sow_call_dataset_labeled/calm_grunt/274-0.wav,867a0d742da7dc4ab82703565363efca,64000,,clean,,,,clean,False,zero_shot_frozen,False,,,,,,,,17131.361328125,1.0,False,
0,3407,data/raw/sow_call_dataset_labeled/anxious_stress/1580-3.wav,f770589d5c495dba265407f0501aedab,63766,,clean,,,,clean,False,zero_shot_frozen,False,,,,,,,,1948.0986328125,1.0,False,
0,3407,data/external/korea_raw/abdominal_cough/train_abdominal_08112.wav,e88f3f912add02e57df4c7d0d5127334,16224,,clean,,,,clean,False,zero_shot_frozen,False,,,,,,,,0.39949867129325867,1.0,False,
0,3407,data/raw/sow_call_dataset_labeled/calm_grunt/250-0.wav,6501451456d9e85981b2e584769706d5,64000,,clean,,,,clean,False,zero_shot_frozen,False,,,,,,,,17065.640625,1.0,False,
0,3407,data/raw/sow_call_dataset_labeled/feeding/484-1.wav,7597d17cfc4d984eaab8bc076ccdf5ea,64000,,clean,,,,clean,False,zero_shot_frozen,False,,,,,,,,12490.2333984375,1.0,False,
0,3407,data/raw/sow_call_dataset_labeled/calm_grunt/251-0.wav,c0f8ff4583e17d7a26d397f7d7b0a2f7,64000,,clean,,,,clean,False,zero_shot_frozen,False,,,,,,,,18829.20703125,1.0,False,
0,3407,data/raw/sow_call_dataset_labeled/frightened_stress/988-2.wav,e3f63486bc9dd011d4c42a02e2ab82eb,63998,,clean,,,,clean,False,zero_shot_frozen,False,,,,,,,,2671.597900390625,1.0,False,
0,3407,data/raw/sow_call_dataset_labeled/calm_grunt/89-0.wav,66baf7d1e6268784319cb4666f8d36fd,64000,,clean,,,,clean,False,zero_shot_frozen,False,,,,,,,,14950.0087890625,1.0,False,
0,3407,data/raw/sow_call_dataset_labeled/anxious_stress/1649-3.wav,8ef7b5c15e374567562265858e5d7ed1,64000,,clean,,,,clean,False,zero_shot_frozen,False,,,,,,,,14968.90234375,1.0,False,
0,3407,data/raw/sow_call_dataset_labeled/anxious_stress/1738-3.wav,ad7a0d5de7477a9d5d43b2bd260d645e,64000,,clean,,,,clean,False,zero_shot_frozen,False,,,,,,,,1625.04443359375,1.0,False,
0,3407,data/raw/sow_call_dataset_labeled/calm_grunt/165-0.wav,58f3af1d9665f4501de1c256ac27087d,64000,,clean,,,,clean,False,zero_shot_frozen,False,,,,,,,,16446.068359375,1.0,False,
0,3407,data/raw/sow_call_dataset_labeled/calm_grunt/253-0.wav,88f53ffdc813ee27215e3d68cababb72,64000,,clean,,,,clean,False,zero_shot_frozen,False,,,,,,,,15605.591796875,1.0,False,
0,3407,data/raw/sow_call_dataset_labeled/calm_grunt/252-0.wav,2425faf6d72ec8f1cfb27af49a442721,64000,,clean,,,,clean,False,zero_shot_frozen,False,,,,,,,,17537.57421875,1.0,False,
0,3407,data/raw/sow_call_dataset_labeled/frightened_stress/887-2.wav,36d2f03519aad0dc3c6d70f418bede2d,64000,,clean,,,,clean,False,zero_shot_frozen,False,,,,,,,,2293.635009765625,1.0,False,
0,3407,data/raw/sow_call_dataset_labeled/feeding/367-1.wav,940704b541a8d463f81ea666f8da0a2d,64000,,clean,,,,clean,False,zero_shot_frozen,False,,,,,,,,8199.408203125,1.0,False,
0,3407,data/raw/sow_call_dataset_labeled/anxious_stress/1294-3.wav,3b1abd244c212e4e29ed5d8d492094a3,64000,,clean,,,,clean,False,zero_shot_frozen,False,,,,,,,,2260.59765625,1.0,False,
0,3407,data/raw/sow_call_dataset_labeled/calm_grunt/84-0.wav,6284697bc5cf29624df3bee3472e7b55,64000,,clean,,,,clean,False,zero_shot_frozen,False,,,,,,,,14493.814453125,1.0,False,
0,3407,data/external/korea_raw/dry_cough/train_dry_06353.wav,7c4381d73edf61a542eca5b8ad16ccbe,7969,,clean,,,,clean,False,zero_shot_frozen,False,,,,,,,,0.43850889801979065,1.0,False,
0,3407,data/raw/sow_call_dataset_labeled/frightened_stress/798-2.wav,9047deea4f6c553333311bf1f5279715,64000,,clean,,,,clean,False,zero_shot_frozen,False,,,,,,,,1162.1856689453125,1.0,False,
0,3407,data/raw/sow_call_dataset_labeled/feeding/396-1.wav,850bc5be2aeb59aeadd3ce9d998d574e,64000,,clean,,,,clean,False,zero_shot_frozen,False,,,,,,,,6161.31640625,1.0,False,
0,3407,data/external/korea_raw/abdominal_cough/train_abdominal_01211.wav,54d7ff55aaca2d49609a064333bab111,17952,,clean,,,,clean,False,zero_shot_frozen,False,,,,,,,,0.13306692242622375,1.0,False,
0,3407,data/raw/sow_call_dataset_labeled/feeding/382-1.wav,6900556222b8dc7174fb2b5d5e1d09ac,63997,,clean,,,,clean,False,zero_shot_frozen,False,,,,,,,,9060.6728515625,1.0,False,
0,3407,data/raw/sow_call_dataset_labeled/feeding/308-1.wav,62f84208f3d66bc2106eced8f9723a09,63986,,clean,,,,clean,False,zero_shot_frozen,False,,,,,,,,3271.34814453125,1.0,False,
0,3407,data/raw/sow_call_dataset_labeled/feeding/411-1.wav,34ffe8b85e2dd2ea42fae8d315374606,63998,,clean,,,,clean,False,zero_shot_frozen,False,,,,,,,,3804.169921875,1.0,False,
0,3407,data/external/korea_raw/dry_cough/train_dry_02449.wav,2896dd842b3141f1521d6e69312d7362,18497,,clean,,,,clean,False,zero_shot_frozen,False,,,,,,,,0.4171677231788635,1.0,False,
0,3407,data/raw/sow_call_dataset_labeled/calm_grunt/35-0.wav,bce14de9ae101013d89c90c1a29bb636,64000,,clean,,,,clean,False,zero_shot_frozen,False,,,,,,,,9142.56640625,1.0,False,
0,3407,data/raw/sow_call_dataset_labeled/feeding/387-1.wav,9241924820d30258f1b5a5e9d94aeac0,64000,,clean,,,,clean,False,zero_shot_frozen,False,,,,,,,,5404.30029296875,1.0,False,
0,3407,data/raw/sow_call_dataset_labeled/anxious_stress/1616-3.wav,6063d92c24fe5f2476915494d06f6c8a,63987,,clean,,,,clean,False,zero_shot_frozen,False,,,,,,,,4050.8349609375,1.0,False,
0,3407,data/raw/sow_call_dataset_labeled/calm_grunt/155-0.wav,68510d2282aa7349ec4e06faa0638875,64000,,clean,,,,clean,False,zero_shot_frozen,False,,,,,,,,11845.9833984375,1.0,False,
0,3407,data/raw/sow_call_dataset_labeled/anxious_stress/1468-3.wav,d20184e28961e933d131951e2eb5242b,64000,,clean,,,,clean,False,zero_shot_frozen,False,,,,,,,,4247.8076171875,1.0,False,
0,3407,data/raw/sow_call_dataset_labeled/calm_grunt/86-0.wav,6686d8c376a0e89e3ba4cf02a3221421,64000,,clean,,,,clean,False,zero_shot_frozen,False,,,,,,,,15657.4267578125,1.0,False,
0,3407,data/external/korea_raw/abdominal_cough/train_abdominal_05140.wav,ffc07baef90cf2dfcbaa9c4fa0e982c0,13985,,clean,,,,clean,False,zero_shot_frozen,False,,,,,,,,0.2048105150461197,1.0,False,
0,3407,data/raw/sow_call_dataset_labeled/feeding/321-1.wav,09b3ffe59b3de4c1fad3e875d3de4e0d,63992,,clean,,,,clean,False,zero_shot_frozen,False,,,,,,,,5215.64013671875,1.0,False,
0,3407,data/raw/sow_call_dataset_labeled/feeding/461-1.wav,81b6b443e611971e62ee7f480b5e80b8,64000,DEMAND,DWASHING,data/noise_sources/demand/audio/DWASHING/ch01.wav,ff033b73096b456e83fa0fbf21625a80fcbb24af6c3c1bfe9aa94587ca64f394,1.0,20.0,True,zero_shot_frozen,False,7511412.0,3.1523233976243354e+18,330.3920405704791,0.019117905170670108,1728.1811873266993,20.000000170405805,20.000000170405805,2974.549072265625,0.00033584922478320105,True,0.0
0,3407,data/raw/sow_call_dataset_labeled/calm_grunt/74-0.wav,231dcdc74cf41f59690ae1408467d2ee,64000,DEMAND,DWASHING,data/noise_sources/demand/audio/DWASHING/ch01.wav,ff033b73096b456e83fa0fbf21625a80fcbb24af6c3c1bfe9aa94587ca64f394,1.0,20.0,True,zero_shot_frozen,False,6310826.0,8.440508298795813e+18,689.0697472656415,0.009737242050846669,7076.641862936186,19.999999716181684,19.999999716181684,15108.9013671875,6.61199630417577e-05,True,0.0
0,3407,data/external/korea_raw/dry_cough/train_dry_16871.wav,0087b3873541a379748a345b960d0af7,15649,DEMAND,DWASHING,data/noise_sources/demand/audio/DWASHING/ch01.wav,ff033b73096b456e83fa0fbf21625a80fcbb24af6c3c1bfe9aa94587ca64f394,1.0,20.0,True,zero_shot_frozen,False,4045311.0,3.8374049635220265e+18,0.05542253586361861,0.013071282055484875,0.42400229471264916,20.00000010204991,16.989044162563648,0.35795146226882935,1.0,False,24175.0
0,3407,data/raw/sow_call_dataset_labeled/anxious_stress/1567-3.wav,d76bf0e98eb7f34a4269a6dcebf2b860,64000,DEMAND,DWASHING,data/noise_sources/demand/audio/DWASHING/ch01.wav,ff033b73096b456e83fa0fbf21625a80fcbb24af6c3c1bfe9aa94587ca64f394,1.0,20.0,True,zero_shot_frozen,False,5601494.0,5.661076901660425e+18,2160.9679133716404,0.013852568585345738,15599.763322288623,19.9999998062173,19.9999998062173,12084.724609375,8.266634385900718e-05,True,0.0
0,3407,data/external/korea_raw/abdominal_cough/train_abdominal_00145.wav,e49ea7e3eb02dd8208d5767cc2a865bd,13760,DEMAND,DWASHING,data/noise_sources/demand/audio/DWASHING/ch01.wav,ff033b73096b456e83fa0fbf21625a80fcbb24af6c3c1bfe9aa94587ca64f394,1.0,20.0,True,zero_shot_frozen,False,3433269.0,7.054045928382006e+18,0.054280202175761995,0.011705241123475863,0.4637256217379273,19.999999909679758,12.931404617097634,0.28575703501701355,1.0,False,25120.0
0,3407,data/raw/sow_call_dataset_labeled/calm_grunt/126-0.wav,36fb7ca69b77d3439d07d4eed5009620,64000,DEMAND,DWASHING,data/noise_sources/demand/audio/DWASHING/ch01.wav,ff033b73096b456e83fa0fbf21625a80fcbb24af6c3c1bfe9aa94587ca64f394,1.0,20.0,True,zero_shot_frozen,False,8902541.0,5.650537419753524e+18,612.6466638729408,0.011539813913273364,5308.98217663857,20.00000039549192,20.00000039549192,8106.79833984375,0.0001232299063231977,True,0.0
0,3407,data/raw/sow_call_dataset_labeled/feeding/422-1.wav,ad0e6cc5f381d90941387e48ac3c90e5,64000,DEMAND,DWASHING,data/noise_sources/demand/audio/DWASHING/ch01.wav,ff033b73096b456e83fa0fbf21625a80fcbb24af6c3c1bfe9aa94587ca64f394,1.0,20.0,True,zero_shot_frozen,False,8604820.0,8.377440160516151e+18,553.9720628504172,0.013445159042305862,4120.234361730616,19.999999970628167,19.999999970628167,6426.4892578125,0.0001554503493156149,True,0.0
0,3407,data/raw/sow_call_dataset_labeled/frightened_stress/1033-2.wav,8922fbed7e0303ce8677c3bc946a39ed,63995,DEMAND,DWASHING,data/noise_sources/demand/audio/DWASHING/ch01.wav,ff033b73096b456e83fa0fbf21625a80fcbb24af6c3c1bfe9aa94587ca64f394,1.0,20.0,True,zero_shot_frozen,False,3095312.0,3.82124237687814e+18,242.93468520624987,0.017151640226957938,1416.3933127772787,20.00000001649207,19.99976754640484,2096.8125,0.00047643744970043815,True,2.0
0,3407,data/external/korea_raw/dry_cough/train_dry_08957.wav,24488fa53abe2228b8830f93c083ba5d,16000,DEMAND,DWASHING,data/noise_sources/demand/audio/DWASHING/ch01.wav,ff033b73096b456e83fa0fbf21625a80fcbb24af6c3c1bfe9aa94587ca64f394,1.0,20.0,True,zero_shot_frozen,False,3432010.0,2.2098418694824023e+18,0.1368990824889901,0.011185007000535619,1.2239516924972365,19.999999968614617,12.935554665392562,0.7643448710441589,1.0,False,24000.0
0,3407,data/raw/sow_call_dataset_labeled/calm_grunt/191-0.wav,3edbcd7e4d484f1fa45cd8c3904ed2b2,64000,DEMAND,DWASHING,data/noise_sources/demand/audio/DWASHING/ch01.wav,ff033b73096b456e83fa0fbf21625a80fcbb24af6c3c1bfe9aa94587ca64f394,1.0,20.0,True,zero_shot_frozen,False,2553665.0,6.422929050255694e+17,1322.3588303029073,0.016463423911094937,8032.100961767441,19.999999876902542,19.999999876902542,17263.751953125,5.7866911127575945e-05,True,0.0
0,3407,data/external/korea_raw/dry_cough/train_dry_03883.wav,d33384b82a4c07ee3479d6a84e6a107a,16000,DEMAND,DWASHING,data/noise_sources/demand/audio/DWASHING/ch01.wav,ff033b73096b456e83fa0fbf21625a80fcbb24af6c3c1bfe9aa94587ca64f394,1.0,20.0,True,zero_shot_frozen,False,4927642.0,8.563550221859529e+17,0.05905472440135938,0.01640643820389376,0.3599484767348458,19.999999771115583,14.952029953349872,0.3541186451911926,1.0,False,24000.0
0,3407,data/raw/sow_call_dataset_labeled/calm_grunt/164-0.wav,d61f937fb7139f1bd2472783afd2378a,64000,DEMAND,DWASHING,data/noise_sources/demand/audio/DWASHING/ch01.wav,ff033b73096b456e83fa0fbf21625a80fcbb24af6c3c1bfe9aa94587ca64f394,1.0,20.0,True,zero_shot_frozen,False,7308024.0,3.099304968461024e+18,1226.1967713311983,0.01473541457834899,8321.427027461252,20.00000028030719,20.00000028030719,15055.048828125,6.635647691382602e-05,True,0.0
0,3407,data/external/korea_raw/dry_cough/train_dry_05642.wav,88d7f4aa29a5020b78bb91ee3a01937f,13056,DEMAND,DWASHING,data/noise_sources/demand/audio/DWASHING/ch01.wav,ff033b73096b456e83fa0fbf21625a80fcbb24af6c3c1bfe9aa94587ca64f394,1.0,20.0,True,zero_shot_frozen,False,2541966.0,2.82328006749013e+18,0.060270272855776005,0.0196414039469466,0.30685318126225625,20.00000017097813,15.49014159715336,0.383999228477478,1.0,False,25472.0
0,3407,data/raw/sow_call_dataset_labeled/feeding/386-1.wav,14e3565af5b36ce69c196167511c0621,64000,DEMAND,DWASHING,data/noise_sources/demand/audio/DWASHING/ch01.wav,ff033b73096b456e83fa0fbf21625a80fcbb24af6c3c1bfe9aa94587ca64f394,1.0,20.0,True,zero_shot_frozen,False,3266901.0,8.225831071275453e+18,302.42735361492004,0.017138704929173645,1764.5869677126284,20.000000260347544,20.000000260347544,2586.902587890625,0.000386176118372741,True,0.0
0,3407,data/raw/sow_call_dataset_labeled/anxious_stress/1691-3.wav,ff6ed75be70451ec0c28fb565f81cd54,63988,DEMAND,DWASHING,data/noise_sources/demand/audio/DWASHING/ch01.wav,ff033b73096b456e83fa0fbf21625a80fcbb24af6c3c1bfe9aa94587ca64f394,1.0,20.0,True,zero_shot_frozen,False,3838986.0,2.801053062527582e+18,496.3896603203642,0.015380735519964404,3227.3467005270563,20.000000047995222,19.99968577601596,3986.07421875,0.0002506225286274971,True,6.0
0,3407,data/external/korea_raw/abdominal_cough/train_abdominal_04314.wav,14cfa356c56f5fb97ab95f6e8f359b80,20001,DEMAND,DWASHING,data/noise_sources/demand/audio/DWASHING/ch01.wav,ff033b73096b456e83fa0fbf21625a80fcbb24af6c3c1bfe9aa94587ca64f394,1.0,20.0,True,zero_shot_frozen,False,4928473.0,6.140490210726282e+18,0.041687123283452435,0.01567651918852204,0.26592078753027465,19.999999985135926,15.482599252180789,0.2171555757522583,1.0,False,21999.0
0,3407,data/external/korea_raw/dry_cough/train_dry_17215.wav,7de8d3e02d0b1fe49ade87fb918a2119,13536,DEMAND,DWASHING,data/noise_sources/demand/audio/DWASHING/ch01.wav,ff033b73096b456e83fa0fbf21625a80fcbb24af6c3c1bfe9aa94587ca64f394,1.0,20.0,True,zero_shot_frozen,False,9529469.0,2.519939430596976e+18,0.3094046526918556,0.005176423213796408,5.977190038620066,20.000000027549092,5.420573207830207,1.0883738994598389,0.9178830919188753,True,25232.0
0,3407,data/external/korea_raw/dry_cough/train_dry_08205.wav,6704c14d5e967fb2463c9162bfcd787d,22977,DEMAND,DWASHING,data/noise_sources/demand/audio/DWASHING/ch01.wav,ff033b73096b456e83fa0fbf21625a80fcbb24af6c3c1bfe9aa94587ca64f394,1.0,20.0,True,zero_shot_frozen,False,3830033.0,4.172718789226354e+18,0.09645465766897002,0.016665710926403437,0.5787611347329755,19.999999615895888,16.228907017125003,0.5612068176269531,1.0,False,20511.0
0,3407,data/raw/sow_call_dataset_labeled/feeding/372-1.wav,a51ab823a33ac9f98b57ddd7d4c7dbac,64000,DEMAND,DWASHING,data/noise_sources/demand/audio/DWASHING/ch01.wav,ff033b73096b456e83fa0fbf21625a80fcbb24af6c3c1bfe9aa94587ca64f394,1.0,20.0,True,zero_shot_frozen,False,7304318.0,1.4711341543052032e+18,174.77702599599246,0.01496310704191328,1168.053035418534,20.000000425446068,20.000000425446068,2070.1767578125,0.00048256748909480387,True,0.0
0,3407,data/raw/sow_call_dataset_labeled/calm_grunt/234-0.wav,60811846bec973804cf5cb64ea03726f,64000,DEMAND,DWASHING,data/noise_sources/demand/audio/DWASHING/ch01.wav,ff033b73096b456e83fa0fbf21625a80fcbb24af6c3c1bfe9aa94587ca64f394,1.0,20.0,True,zero_shot_frozen,False,9002771.0,8.908711515334283e+18,1365.608504954749,0.008213319203226578,16626.75553165246,19.999999828152045,19.999999828152045,16800.447265625,5.946270264149636e-05,True,0.0
0,3407,data/raw/sow_call_dataset_labeled/anxious_stress/1358-3.wav,2d25df36b23419dad4eac8cb0c26741b,64000,DEMAND,DWASHING,data/noise_sources/demand/audio/DWASHING/ch01.wav,ff033b73096b456e83fa0fbf21625a80fcbb24af6c3c1bfe9aa94587ca64f394,1.0,20.0,True,zero_shot_frozen,False,784910.0,1.4824219146235753e+18,249.80913756039314,0.011507743955355903,2170.7915863398025,20.000000328450696,20.000000328450696,2183.76416015625,0.0004574669821161094,True,0.0
0,3407,data/external/korea_raw/abdominal_cough/train_abdominal_04310.wav,f720b0ab06424dff180f34747009278e,12000,DEMAND,DWASHING,data/noise_sources/demand/audio/DWASHING/ch01.wav,ff033b73096b456e83fa0fbf21625a80fcbb24af6c3c1bfe9aa94587ca64f394,1.0,20.0,True,zero_shot_frozen,False,2309518.0,6.035230768778526e+18,0.048781646970011076,0.012710716332383135,0.3837836176528455,20.000000204134896,11.184289845547248,0.21060582995414734,1.0,False,26000.0
0,3407,data/raw/sow_call_dataset_labeled/anxious_stress/1628-3.wav,b4bafd8c58512f0cbd5d3fc95eff2e5e,64000,DEMAND,DWASHING,data/noise_sources/demand/audio/DWASHING/ch01.wav,ff033b73096b456e83fa0fbf21625a80fcbb24af6c3c1bfe9aa94587ca64f394,1.0,20.0,True,zero_shot_frozen,False,407843.0,7.179771302108243e+18,716.2477665910692,0.00915193082158215,7826.192970143616,20.000000109827315,20.000000109827315,7046.72314453125,0.0001417680217471427,True,0.0
0,3407,data/external/korea_raw/dry_cough/train_dry_10991.wav,fed26a33f0b741bc95bbf8e3ae6cdaa1,10016,DEMAND,DWASHING,data/noise_sources/demand/audio/DWASHING/ch01.wav,ff033b73096b456e83fa0fbf21625a80fcbb24af6c3c1bfe9aa94587ca64f394,1.0,20.0,True,zero_shot_frozen,False,7677093.0,3.62063145533519e+18,0.11561164243036151,0.015199589296627632,0.7606234627406184,20.00000008659313,12.247594579800506,0.5831339955329895,1.0,False,26992.0
0,3407,data/raw/sow_call_dataset_labeled/anxious_stress/1697-3.wav,07cbbc074a5616ad1173d36f2d5a9c57,63996,DEMAND,DWASHING,data/noise_sources/demand/audio/DWASHING/ch01.wav,ff033b73096b456e83fa0fbf21625a80fcbb24af6c3c1bfe9aa94587ca64f394,1.0,20.0,True,zero_shot_frozen,False,7264341.0,7.95637813578782e+18,485.1177626907367,0.01864471106537847,2601.9055001155593,19.999999940584,19.99982015641478,2539.22314453125,0.0003934274158423438,True,2.0
0,3407,data/raw/sow_call_dataset_labeled/feeding/407-1.wav,194745edca2b4ea2108f74e6798de76b,64000,DEMAND,DWASHING,data/noise_sources/demand/audio/DWASHING/ch01.wav,ff033b73096b456e83fa0fbf21625a80fcbb24af6c3c1bfe9aa94587ca64f394,1.0,20.0,True,zero_shot_frozen,False,277561.0,5.929680459772555e+18,651.8142671797953,0.007224889571935843,9021.788647285131,19.9999996028685,19.9999996028685,4941.05322265625,0.0002021836145013127,True,0.0
0,3407,data/external/korea_raw/abdominal_cough/train_abdominal_00976.wav,482167f50b0581254cf3db0cbf02e6d8,10113,DEMAND,DWASHING,data/noise_sources/demand/audio/DWASHING/ch01.wav,ff033b73096b456e83fa0fbf21625a80fcbb24af6c3c1bfe9aa94587ca64f394,1.0,20.0,True,zero_shot_frozen,False,8240884.0,7.787172264529963e+18,0.04119018243817605,0.012849506493545356,0.32055847793739756,19.99999971819882,12.798292474557613,0.27360251545906067,1.0,False,26943.0
0,3407,data/raw/sow_call_dataset_labeled/calm_grunt/198-0.wav,d6f78c29d16485f14e15c559ba612000,64000,DEMAND,DWASHING,data/noise_sources/demand/audio/DWASHING/ch01.wav,ff033b73096b456e83fa0fbf21625a80fcbb24af6c3c1bfe9aa94587ca64f394,1.0,20.0,True,zero_shot_frozen,False,7063500.0,3.119243535518081e+18,885.5858411836019,0.011265312711875572,7861.174064436245,20.000000261781146,20.000000261781146,15633.962890625,6.389934573780116e-05,True,0.0
0,3407,data/raw/sow_call_dataset_labeled/anxious_stress/1471-3.wav,ed129f6416e1cbbabfb2990dc4759456,63998,DEMAND,DWASHING,data/noise_sources/demand/audio/DWASHING/ch01.wav,ff033b73096b456e83fa0fbf21625a80fcbb24af6c3c1bfe9aa94587ca64f394,1.0,20.0,True,zero_shot_frozen,False,4482975.0,6.346550154112956e+18,3076.2518728593964,0.012191831721433856,25232.07294151863,20.000000232745094,19.999749870613222,20097.408203125,4.970790212862686e-05,True,1.0
0,3407,data/raw/sow_call_dataset_labeled/anxious_stress/1694-3.wav,4cadeb71267741745df4bb50bad5fc80,64000,DEMAND,DWASHING,data/noise_sources/demand/audio/DWASHING/ch01.wav,ff033b73096b456e83fa0fbf21625a80fcbb24af6c3c1bfe9aa94587ca64f394,1.0,20.0,True,zero_shot_frozen,False,1313692.0,702801522734375.0,825.0489726956336,0.007895874408344179,10449.114689865644,20.000000359017967,20.000000359017967,5174.04541015625,0.00019307909397915998,True,0.0
0,3407,data/raw/sow_call_dataset_labeled/calm_grunt/142-0.wav,c549a91a9505158b9f6442db3dcff4e4,64000,DEMAND,DWASHING,data/noise_sources/demand/audio/DWASHING/ch01.wav,ff033b73096b456e83fa0fbf21625a80fcbb24af6c3c1bfe9aa94587ca64f394,1.0,20.0,True,zero_shot_frozen,False,5694368.0,6.246230055377618e+18,1281.8327474401044,0.016525829923329242,7756.54084174352,19.99999980960292,19.99999980960292,14768.404296875,6.764441031800496e-05,True,0.0
0,3407,data/raw/sow_call_dataset_labeled/anxious_stress/1437-3.wav,9dcd542137ab5deb241d9b7b2ed7c5c9,64000,DEMAND,DWASHING,data/noise_sources/demand/audio/DWASHING/ch01.wav,ff033b73096b456e83fa0fbf21625a80fcbb24af6c3c1bfe9aa94587ca64f394,1.0,20.0,True,zero_shot_frozen,False,1853498.0,5.93495433085531e+18,3939.1785986192194,0.016715008156232686,23566.71658069386,19.999999918057778,19.999999918057778,23082.5859375,4.327937964597906e-05,True,0.0
0,3407,data/external/korea_raw/abdominal_cough/train_abdominal_14437.wav,12f71686d1214f4a37e7f533b384ea35,17280,DEMAND,DWASHING,data/noise_sources/demand/audio/DWASHING/ch01.wav,ff033b73096b456e83fa0fbf21625a80fcbb24af6c3c1bfe9aa94587ca64f394,1.0,20.0,True,zero_shot_frozen,False,11740.0,4.743348809844906e+18,0.05661227773846427,0.01994676319772903,0.28381686380529986,19.999999685047786,17.10732193919986,0.2968836724758148,1.0,False,23360.0
0,3407,data/raw/sow_call_dataset_labeled/anxious_stress/1561-3.wav,5fb81c5b843c88128bdd4a3474a270e3,64000,DEMAND,DWASHING,data/noise_sources/demand/audio/DWASHING/ch01.wav,ff033b73096b456e83fa0fbf21625a80fcbb24af6c3c1bfe9aa94587ca64f394,1.0,20.0,True,zero_shot_frozen,False,8329927.0,1.88366962399929e+18,583.0942348172008,0.010878050108192868,5360.282670310922,19.999999926223936,19.999999926223936,5209.19921875,0.00019177611722051208,True,0.0
0,3407,data/raw/sow_call_dataset_labeled/calm_grunt/146-0.wav,e555283d4dcff3cbe68b58ea6baa9321,64000,DEMAND,DWASHING,data/noise_sources/demand/audio/DWASHING/ch01.wav,ff033b73096b456e83fa0fbf21625a80fcbb24af6c3c1bfe9aa94587ca64f394,1.0,20.0,True,zero_shot_frozen,False,9290394.0,8.844148884718876e+18,1034.7847744680178,0.012056509644593672,8582.788924587569,19.999999851416693,19.999999851416693,15877.291015625,6.29200534912961e-05,True,0.0
0,3407,data/raw/sow_call_dataset_labeled/feeding/385-1.wav,9fe1b1d16ab7b011126eec1b974d15be,64000,DEMAND,DWASHING,data/noise_sources/demand/audio/DWASHING/ch01.wav,ff033b73096b456e83fa0fbf21625a80fcbb24af6c3c1bfe9aa94587ca64f394,1.0,20.0,True,zero_shot_frozen,False,7811019.0,7.797159313756846e+18,652.0218966575002,0.019264298611657637,3384.6126962698463,19.999999755612656,19.999999755612656,5498.4423828125,0.00018168781819425067,True,0.0
0,3407,data/raw/sow_call_dataset_labeled/feeding/347-1.wav,025adb61783547ff9a35c44600e53f23,64000,DEMAND,DWASHING,data/noise_sources/demand/audio/DWASHING/ch01.wav,ff033b73096b456e83fa0fbf21625a80fcbb24af6c3c1bfe9aa94587ca64f394,1.0,20.0,True,zero_shot_frozen,False,5344537.0,8.232777853482267e+18,352.84780930980054,0.010105395553284813,3491.677366306611,20.00000029014645,20.00000029014645,4008.634521484375,0.0002492120433144591,True,0.0
0,3407,data/raw/sow_call_dataset_labeled/calm_grunt/220-0.wav,3a8f7f2ee112f7bb25ecfbfa9daf8e5a,64000,DEMAND,DWASHING,data/noise_sources/demand/audio/DWASHING/ch01.wav,ff033b73096b456e83fa0fbf21625a80fcbb24af6c3c1bfe9aa94587ca64f394,1.0,20.0,True,zero_shot_frozen,False,6338606.0,1.124987193536171e+18,1629.5622357778977,0.014202943675784212,11473.411941753138,19.999999876466262,19.999999876466262,18212.009765625,5.485391304179966e-05,True,0.0
0,3407,data/raw/sow_call_dataset_labeled/feeding/326-1.wav,68271e05998f6bb287503513fa9477b1,63986,DEMAND,DWASHING,data/noise_sources/demand/audio/DWASHING/ch01.wav,ff033b73096b456e83fa0fbf21625a80fcbb24af6c3c1bfe9aa94587ca64f394,1.0,20.0,True,zero_shot_frozen,False,2238579.0,5.16655573402804e+18,1257.3880442340817,0.015286877551839252,8225.277137009565,19.999999783167514,19.999957043099926,12959.0703125,7.708886331424479e-05,True,7.0
0,3407,data/raw/sow_call_dataset_labeled/feeding/362-1.wav,b3e4cd2d5cf837b812811f490fed3fb1,63995,DEMAND,DWASHING,data/noise_sources/demand/audio/DWASHING/ch01.wav,ff033b73096b456e83fa0fbf21625a80fcbb24af6c3c1bfe9aa94587ca64f394,1.0,20.0,True,zero_shot_frozen,False,7117692.0,5.826944830243549e+18,603.1509733220147,0.015850102277922933,3805.344361481649,19.99999972508561,19.999603688135572,5631.18505859375,0.0001774049315739369,True,2.0
0,3407,data/raw/sow_call_dataset_labeled/anxious_stress/1272-3.wav,ff6f943b9956c3adcddfef8911c4d1af,64000,DEMAND,DWASHING,data/noise_sources/demand/audio/DWASHING/ch01.wav,ff033b73096b456e83fa0fbf21625a80fcbb24af6c3c1bfe9aa94587ca64f394,1.0,20.0,True,zero_shot_frozen,False,774345.0,1.2039983156299659e+17,425.3430541197819,0.011500210022088413,3698.567707049063,20.000000182594036,20.000000182594036,2713.0,0.0003682270549207519,True,0.0
0,3407,data/raw/sow_call_dataset_labeled/frightened_stress/934-2.wav,c1bbeae49e86333d4bd2c70e7d1857ff,63988,DEMAND,DWASHING,data/noise_sources/demand/audio/DWASHING/ch01.wav,ff033b73096b456e83fa0fbf21625a80fcbb24af6c3c1bfe9aa94587ca64f394,1.0,20.0,True,zero_shot_frozen,False,1996334.0,3.5484195912973573e+18,165.8682129147972,0.013900689174367974,1193.2373340211657,20.000000215519588,19.999612652441463,2263.813232421875,0.00044129082103263825,True,6.0
0,3407,data/raw/sow_call_dataset_labeled/feeding/417-1.wav,8f86c8ddfdba8a759f93ddcddf3c6ca4,64000,DEMAND,DWASHING,data/noise_sources/demand/audio/DWASHING/ch01.wav,ff033b73096b456e83fa0fbf21625a80fcbb24af6c3c1bfe9aa94587ca64f394,1.0,20.0,True,zero_shot_frozen,False,7511587.0,6.128447568296241e+18,558.077182472185,0.019122850894882942,2918.3785699104105,19.999999726740633,19.999999726740633,5214.466796875,0.00019158238779057811,True,0.0
0,3407,data/raw/sow_call_dataset_labeled/frightened_stress/668-2.wav,cf12385bb9ae5881f1be95db8e682af9,63996,DEMAND,DWASHING,data/noise_sources/demand/audio/DWASHING/ch01.wav,ff033b73096b456e83fa0fbf21625a80fcbb24af6c3c1bfe9aa94587ca64f394,1.0,20.0,True,zero_shot_frozen,False,422727.0,4.4762205738008054e+18,125.29251777555456,0.010572088168520169,1185.125547369441,20.00000043359111,19.999757072656152,1222.8544921875,0.0008169410231408166,True,2.0
0,3407,data/raw/sow_call_dataset_labeled/calm_grunt/151-0.wav,af2dea9baecdb955b1cd31003d1067a8,64000,DEMAND,DWASHING,data/noise_sources/demand/audio/DWASHING/ch01.wav,ff033b73096b456e83fa0fbf21625a80fcbb24af6c3c1bfe9aa94587ca64f394,1.0,20.0,True,zero_shot_frozen,False,5887184.0,6.327956789899028e+18,1022.6523819253595,0.013376697324273292,7645.0289420069275,20.00000015674784,20.00000015674784,9323.150390625,0.0001071526209643208,True,0.0
0,3407,data/raw/sow_call_dataset_labeled/anxious_stress/1777-3.wav,8c25af4b7b10e82ca566df1c08e21410,64000,DEMAND,DWASHING,data/noise_sources/demand/audio/DWASHING/ch01.wav,ff033b73096b456e83fa0fbf21625a80fcbb24af6c3c1bfe9aa94587ca64f394,1.0,20.0,True,zero_shot_frozen,False,6391246.0,3.97114875445661e+18,367.3406052258028,0.01859862116091734,1975.095906559583,19.999999816320496,19.999999816320496,2231.81591796875,0.00044761756198478193,True,0.0
0,3407,data/external/korea_raw/abdominal_cough/train_abdominal_07806.wav,c3a126a94bddfdd955e8fad5c1655596,21088,DEMAND,DWASHING,data/noise_sources/demand/audio/DWASHING/ch01.wav,ff033b73096b456e83fa0fbf21625a80fcbb24af6c3c1bfe9aa94587ca64f394,1.0,20.0,True,zero_shot_frozen,False,3330665.0,7.522357488789063e+18,0.1663492143652448,0.016187488361469448,1.0276406731584156,19.999999774582193,14.940335682763173,1.0287882089614868,0.9710453437335206,True,21456.0
0,3407,data/raw/sow_call_dataset_labeled/feeding/288-1.wav,afb9ba311c29eb6543ac849e5b6bf4ec,63984,DEMAND,DWASHING,data/noise_sources/demand/audio/DWASHING/ch01.wav,ff033b73096b456e83fa0fbf21625a80fcbb24af6c3c1bfe9aa94587ca64f394,1.0,20.0,True,zero_shot_frozen,False,4991184.0,7.036178143048461e+18,693.5544062944717,0.01119271003560773,6196.483283208845,19.99999984167499,19.99942055679571,6913.9482421875,0.00014449052336034366,True,8.0
0,3407,data/raw/sow_call_dataset_labeled/calm_grunt/0-0.wav,375a9f28f51a47761e2685a85bf05fd5,64000,DEMAND,DWASHING,data/noise_sources/demand/audio/DWASHING/ch01.wav,ff033b73096b456e83fa0fbf21625a80fcbb24af6c3c1bfe9aa94587ca64f394,1.0,20.0,True,zero_shot_frozen,False,2297189.0,2.588981883580579e+18,895.5736098104353,0.01491629253319605,6003.996018563901,19.99999988381683,19.99999988381683,14611.712890625,6.836980766580535e-05,True,0.0
0,3407,data/external/korea_raw/dry_cough/train_dry_11727.wav,fc93924539d8087a01f3402a5a8c7d0b,12000,DEMAND,DWASHING,data/noise_sources/demand/audio/DWASHING/ch01.wav,ff033b73096b456e83fa0fbf21625a80fcbb24af6c3c1bfe9aa94587ca64f394,1.0,20.0,True,zero_shot_frozen,False,800937.0,5.779966993243221e+18,0.0506836254697083,0.013404978936361125,0.37809552488164316,19.999999705467996,13.276276595594787,0.21240964531898499,1.0,False,26000.0
0,3407,data/external/korea_raw/dry_cough/train_dry_17197.wav,a81227276c0cb075353c856ae7e0af41,11456,DEMAND,DWASHING,data/noise_sources/demand/audio/DWASHING/ch01.wav,ff033b73096b456e83fa0fbf21625a80fcbb24af6c3c1bfe9aa94587ca64f394,1.0,20.0,True,zero_shot_frozen,False,5329450.0,4.5223063436948444e+18,0.16823038367116366,0.0065998680828464155,2.548996155065703,19.99999981737344,7.289811559566276,0.8426883220672607,1.0,False,26272.0
0,3407,data/raw/sow_call_dataset_labeled/feeding/431-1.wav,91ae5382a6836df66540a8ba89013364,63754,DEMAND,DWASHING,data/noise_sources/demand/audio/DWASHING/ch01.wav,ff033b73096b456e83fa0fbf21625a80fcbb24af6c3c1bfe9aa94587ca64f394,1.0,20.0,True,zero_shot_frozen,False,4695027.0,7.458415228786765e+18,756.5556176476762,0.01034270213030559,7314.873889975623,19.999999844700646,19.97989159332843,11745.89453125,8.505099354861024e-05,True,123.0
0,3407,data/external/korea_raw/abdominal_cough/train_abdominal_01313.wav,a01b0c33cc7f711409675f20113a2224,15040,DEMAND,DWASHING,data/noise_sources/demand/audio/DWASHING/ch01.wav,ff033b73096b456e83fa0fbf21625a80fcbb24af6c3c1bfe9aa94587ca64f394,1.0,20.0,True,zero_shot_frozen,False,2539269.0,8.998921645326262e+18,0.04692561887131154,0.01972114007143866,0.23794577139722284,20.000000228243344,16.249640981953675,0.21551093459129333,1.0,False,24480.0
0,3407,data/raw/sow_call_dataset_labeled/calm_grunt/193-0.wav,ca1ead94c16e1fb25c9557ecd7dcc551,64000,DEMAND,DWASHING,data/noise_sources/demand/audio/DWASHING/ch01.wav,ff033b73096b456e83fa0fbf21625a80fcbb24af6c3c1bfe9aa94587ca64f394,1.0,20.0,True,zero_shot_frozen,False,1454033.0,5.672556046034758e+18,1062.7202043558248,0.012514868300051616,8491.661109621438,19.999999975311148,19.999999975311148,15754.55078125,6.34102497666225e-05,True,0.0
0,3407,data/external/korea_raw/abdominal_cough/train_abdominal_10313.wav,c13956b428478c5dd0c3458c16330570,14016,DEMAND,DWASHING,data/noise_sources/demand/audio/DWASHING/ch01.wav,ff033b73096b456e83fa0fbf21625a80fcbb24af6c3c1bfe9aa94587ca64f394,1.0,20.0,True,zero_shot_frozen,False,3781958.0,9.013045614838932e+18,0.2093419926545001,0.015760779766925033,1.3282464176919544,19.999999629287515,13.1534499336462,1.0246156454086304,0.9749997518353192,True,24992.0
0,3407,data/raw/sow_call_dataset_labeled/feeding/312-1.wav,293a15b43b9611cb2e3eba6d3f5372cc,64000,DEMAND,DWASHING,data/noise_sources/demand/audio/DWASHING/ch01.wav,ff033b73096b456e83fa0fbf21625a80fcbb24af6c3c1bfe9aa94587ca64f394,1.0,20.0,True,zero_shot_frozen,False,7085419.0,3.645140762580315e+17,888.6756050769391,0.015303862760640859,5806.871238825232,20.00000022423277,20.00000022423277,10590.251953125,9.433203330967139e-05,True,0.0
0,3407,data/external/korea_raw/abdominal_cough/train_abdominal_11302.wav,3500df8d4dde9d30a7e33288debf2b46,14017,DEMAND,DWASHING,data/noise_sources/demand/audio/DWASHING/ch01.wav,ff033b73096b456e83fa0fbf21625a80fcbb24af6c3c1bfe9aa94587ca64f394,1.0,20.0,True,zero_shot_frozen,False,6700490.0,3.010387046345902e+18,0.05705357375906903,0.01673372481873366,0.34094963540452566,20.00000026748551,13.227879659334345,0.3047088384628296,1.0,False,24991.0
0,3407,data/raw/sow_call_dataset_labeled/frightened_stress/1063-2.wav,a7e2073c043365484b8a8e53a336da67,64000,DEMAND,DWASHING,data/noise_sources/demand/audio/DWASHING/ch01.wav,ff033b73096b456e83fa0fbf21625a80fcbb24af6c3c1bfe9aa94587ca64f394,1.0,20.0,True,zero_shot_frozen,False,8118404.0,1.4161363421534912e+18,170.68299385195073,0.008269299375831015,2064.056289349158,19.999999548258597,19.999999548258597,1698.48046875,0.0005881727923166617,True,0.0
0,3407,data/raw/sow_call_dataset_labeled/anxious_stress/1422-3.wav,01f9891a3e4465b442eb23655620dc44,64000,DEMAND,DWASHING,data/noise_sources/demand/audio/DWASHING/ch01.wav,ff033b73096b456e83fa0fbf21625a80fcbb24af6c3c1bfe9aa94587ca64f394,1.0,20.0,True,zero_shot_frozen,False,8937394.0,7.028193589768775e+18,354.3738632589609,0.012981192664746585,2729.902193204055,20.000000296875868,20.000000296875868,1942.788330078125,0.0005142093889146572,True,0.0
0,3407,data/raw/sow_call_dataset_labeled/calm_grunt/182-0.wav,5ec24f69341475ee529256c8a2d68016,64000,DEMAND,DWASHING,data/noise_sources/demand/audio/DWASHING/ch01.wav,ff033b73096b456e83fa0fbf21625a80fcbb24af6c3c1bfe9aa94587ca64f394,1.0,20.0,True,zero_shot_frozen,False,5567570.0,8.997991640537514e+18,935.2707237111393,0.013885026093159872,6735.822586403911,19.99999977219095,19.99999977219095,16516.525390625,6.0484876593175325e-05,True,0.0
0,3407,data/external/korea_raw/dry_cough/train_dry_09239.wav,2f9ff30122974c3c0529764de066c3c9,19360,DEMAND,DWASHING,data/noise_sources/demand/audio/DWASHING/ch01.wav,ff033b73096b456e83fa0fbf21625a80fcbb24af6c3c1bfe9aa94587ca64f394,1.0,20.0,True,zero_shot_frozen,False,5349244.0,8.861025208625945e+18,0.09613606142838353,0.00835542052654074,1.150583158836952,20.00000008587761,13.79834930058798,0.5721238851547241,1.0,False,22320.0
0,3407,data/external/korea_raw/abdominal_cough/train_abdominal_17672.wav,f15a33f36baf2b8e736629781a6abc75,13920,DEMAND,DWASHING,data/noise_sources/demand/audio/DWASHING/ch01.wav,ff033b73096b456e83fa0fbf21625a80fcbb24af6c3c1bfe9aa94587ca64f394,1.0,20.0,True,zero_shot_frozen,False,6595405.0,2.212158302884704e+17,0.06527721364023754,0.011626046298482339,0.5614738834194976,19.999999650955985,10.976666741442605,0.28630807995796204,1.0,False,25040.0
0,3407,data/raw/sow_call_dataset_labeled/anxious_stress/1297-3.wav,15736b80e0e4f5e334117af31330abe5,63991,DEMAND,DWASHING,data/noise_sources/demand/audio/DWASHING/ch01.wav,ff033b73096b456e83fa0fbf21625a80fcbb24af6c3c1bfe9aa94587ca64f394,1.0,20.0,True,zero_shot_frozen,False,7538307.0,1.2049679834993283e+18,200.41826714700306,0.01394711716452328,1436.9870474509164,19.999999917781853,19.998999222828346,1397.3065185546875,0.0007149469259138086,True,4.0
0,3407,data/external/korea_raw/abdominal_cough/train_abdominal_00790.wav,be383be0d5e164640f96e7b8c086be90,13184,DEMAND,DWASHING,data/noise_sources/demand/audio/DWASHING/ch01.wav,ff033b73096b456e83fa0fbf21625a80fcbb24af6c3c1bfe9aa94587ca64f394,1.0,20.0,True,zero_shot_frozen,False,8429121.0,6.677838561926788e+17,0.0518932068304845,0.006570024200666379,0.7898480316894589,20.00000002445568,9.250388235070975,0.2710181772708893,1.0,False,25408.0
0,3407,data/raw/sow_call_dataset_labeled/feeding/444-1.wav,6e8f71772e6578a1413f49c0b64622ef,64000,DEMAND,DWASHING,data/noise_sources/demand/audio/DWASHING/ch01.wav,ff033b73096b456e83fa0fbf21625a80fcbb24af6c3c1bfe9aa94587ca64f394,1.0,20.0,True,zero_shot_frozen,False,3976060.0,4.635538771740828e+18,1206.573424250525,0.01473436655327403,8188.838114539916,20.000000233559298,20.000000233559298,15911.3193359375,6.278549119076797e-05,True,0.0
0,3407,data/external/korea_raw/abdominal_cough/train_abdominal_08082.wav,d30dcaf230f9e2a911e1947f21cca67c,16928,DEMAND,DWASHING,data/noise_sources/demand/audio/DWASHING/ch01.wav,ff033b73096b456e83fa0fbf21625a80fcbb24af6c3c1bfe9aa94587ca64f394,1.0,20.0,True,zero_shot_frozen,False,2113987.0,4.638218717719811e+18,0.07929913907403835,0.010822249649292449,0.7327417278645283,20.000000169085066,12.08921283965578,0.4915624260902405,1.0,False,23536.0
0,3407,data/external/korea_raw/abdominal_cough/train_abdominal_02327.wav,f671afbd25fd76072e59a1ea9a30ef8f,13536,DEMAND,DWASHING,data/noise_sources/demand/audio/DWASHING/ch01.wav,ff033b73096b456e83fa0fbf21625a80fcbb24af6c3c1bfe9aa94587ca64f394,1.0,20.0,True,zero_shot_frozen,False,4073023.0,2.9389097908946857e+18,0.031630398778738876,0.004115693660698428,0.768531416241782,19.99999971159187,8.22420251448035,0.1463671624660492,1.0,False,25232.0
0,3407,data/raw/sow_call_dataset_labeled/calm_grunt/66-0.wav,9a1f2c7d433b216204177eeaf261b0b5,64000,DEMAND,DWASHING,data/noise_sources/demand/audio/DWASHING/ch01.wav,ff033b73096b456e83fa0fbf21625a80fcbb24af6c3c1bfe9aa94587ca64f394,1.0,20.0,True,zero_shot_frozen,False,1662415.0,1.3586170755552264e+18,922.061769499096,0.010498788293002815,8782.554174500572,20.000000456120244,20.000000456120244,16028.9375,6.232477979279663e-05,True,0.0
0,3407,data/raw/sow_call_dataset_labeled/calm_grunt/46-0.wav,937e8cf48f631aa7ec7153f60ad2f192,64000,DEMAND,DWASHING,data/noise_sources/demand/audio/DWASHING/ch01.wav,ff033b73096b456e83fa0fbf21625a80fcbb24af6c3c1bfe9aa94587ca64f394,1.0,20.0,True,zero_shot_frozen,False,663860.0,6.82676996264271e+18,807.7225364948797,0.011835285472466227,6824.698384960605,20.00000017516784,20.00000017516784,14246.537109375,7.012230356965858e-05,True,0.0
0,3407,data/raw/sow_call_dataset_labeled/feeding/492-1.wav,b998236fc8e1bd90177833e700992ddb,63988,DEMAND,DWASHING,data/noise_sources/demand/audio/DWASHING/ch01.wav,ff033b73096b456e83fa0fbf21625a80fcbb24af6c3c1bfe9aa94587ca64f394,1.0,20.0,True,zero_shot_frozen,False,2854147.0,7.537773486103682e+18,253.67080108739273,0.015273587125498313,1660.8462635729163,19.99999973983905,19.999489068966973,2581.606201171875,0.00038696839182773943,True,6.0
0,3407,data/raw/sow_call_dataset_labeled/calm_grunt/13-0.wav,1e6abaca4ee7e6ae5e9ddcd4c3bc70ee,64000,DEMAND,DWASHING,data/noise_sources/demand/audio/DWASHING/ch01.wav,ff033b73096b456e83fa0fbf21625a80fcbb24af6c3c1bfe9aa94587ca64f394,1.0,20.0,True,zero_shot_frozen,False,5418348.0,2.4419526644105713e+18,1594.4521304256807,0.013822152543070705,11535.483532375052,20.000000101991724,20.000000101991724,18941.849609375,5.2740361717662414e-05,True,0.0
0,3407,data/raw/sow_call_dataset_labeled/frightened_stress/1096-2.wav,9ea43ffa0a9fefd061e5e02543126bec,63990,DEMAND,DWASHING,data/noise_sources/demand/audio/DWASHING/ch01.wav,ff033b73096b456e83fa0fbf21625a80fcbb24af6c3c1bfe9aa94587ca64f394,1.0,20.0,True,zero_shot_frozen,False,8503527.0,4.153931759548142e+18,236.52666961097475,0.012971261899521995,1823.46691820085,20.000000002733938,19.99875852065358,2531.839599609375,0.0003945747590621976,True,5.0
0,3407,data/raw/sow_call_dataset_labeled/feeding/355-1.wav,92852d0b9cb15d83bc32ce24b43cd421,64000,DEMAND,DWASHING,data/noise_sources/demand/audio/DWASHING/ch01.wav,ff033b73096b456e83fa0fbf21625a80fcbb24af6c3c1bfe9aa94587ca64f394,1.0,20.0,True,zero_shot_frozen,False,7239748.0,7.581201417032975e+18,726.071745247488,0.020534791490513137,3535.812601666424,20.000000251090206,20.000000251090206,6323.970703125,0.00015797037129004134,True,0.0
0,3407,data/external/korea_raw/dry_cough/train_dry_14835.wav,2a6f1b93023cf43370fb4ddc4a25c557,18272,DEMAND,DWASHING,data/noise_sources/demand/audio/DWASHING/ch01.wav,ff033b73096b456e83fa0fbf21625a80fcbb24af6c3c1bfe9aa94587ca64f394,1.0,20.0,True,zero_shot_frozen,False,5949587.0,6.591172669605885e+18,0.06389787947538701,0.011440619630539254,0.5585176462367466,20.000000177561624,16.42448626860288,0.3476318418979645,1.0,False,22864.0
0,3407,data/raw/sow_call_dataset_labeled/feeding/480-1.wav,314c5b727c3e60e13838edeb09727eb6,64000,DEMAND,DWASHING,data/noise_sources/demand/audio/DWASHING/ch01.wav,ff033b73096b456e83fa0fbf21625a80fcbb24af6c3c1bfe9aa94587ca64f394,1.0,20.0,True,zero_shot_frozen,False,9123330.0,5.719729437286918e+18,388.98274525887217,0.014881171456105196,2613.925566318819,20.000000103597294,20.000000103597294,4466.5283203125,0.00022366364396635128,True,0.0
0,3407,data/raw/sow_call_dataset_labeled/feeding/475-1.wav,fff1ba8bfd4f7a2c0c937a21d2533e26,64000,DEMAND,DWASHING,data/noise_sources/demand/audio/DWASHING/ch01.wav,ff033b73096b456e83fa0fbf21625a80fcbb24af6c3c1bfe9aa94587ca64f394,1.0,20.0,True,zero_shot_frozen,False,248954.0,9.053027124914396e+18,268.59140350268495,0.010702977466814824,2509.5017188952097,20.00000003302428,20.00000003302428,2237.23486328125,0.0004465333597272896,True,0.0
0,3407,data/raw/sow_call_dataset_labeled/feeding/343-1.wav,04444d7ef6c62b6da94486d0aced7cd9,64000,DEMAND,DWASHING,data/noise_sources/demand/audio/DWASHING/ch01.wav,ff033b73096b456e83fa0fbf21625a80fcbb24af6c3c1bfe9aa94587ca64f394,1.0,20.0,True,zero_shot_frozen,False,707953.0,1.8753227069511826e+18,908.7684383478191,0.011410866183893548,7964.0618310864675,19.999999802870448,19.999999802870448,11377.25,8.780680744468127e-05,True,0.0
0,3407,data/raw/sow_call_dataset_labeled/feeding/389-1.wav,43ae73622c7a2432d7d3632134dda63a,63990,DEMAND,DWASHING,data/noise_sources/demand/audio/DWASHING/ch01.wav,ff033b73096b456e83fa0fbf21625a80fcbb24af6c3c1bfe9aa94587ca64f394,1.0,20.0,True,zero_shot_frozen,False,6616192.0,2.420405275750299e+18,1134.1709979160391,0.01634976331827149,6936.9260938998395,19.999999783919126,19.99968903539555,13268.3779296875,7.529179567343909e-05,True,5.0
0,3407,data/raw/sow_call_dataset_labeled/feeding/427-1.wav,fb79ad436b991a7f85596c6e029a1a41,63986,DEMAND,DWASHING,data/noise_sources/demand/audio/DWASHING/ch01.wav,ff033b73096b456e83fa0fbf21625a80fcbb24af6c3c1bfe9aa94587ca64f394,1.0,20.0,True,zero_shot_frozen,False,2628197.0,4.007857094914196e+18,645.1817983714217,0.014776854425969347,4366.164677358919,20.000000245535748,19.99978149566676,4475.3076171875,0.00022322487870181758,True,7.0
0,3407,data/raw/sow_call_dataset_labeled/anxious_stress/1334-3.wav,11d045bea6c3d64015b13638a7d53109,63997,DEMAND,DWASHING,data/noise_sources/demand/audio/DWASHING/ch01.wav,ff033b73096b456e83fa0fbf21625a80fcbb24af6c3c1bfe9aa94587ca64f394,1.0,20.0,True,zero_shot_frozen,False,2574748.0,5.232721528157747e+18,3811.8301009912243,0.01545299231881649,24667.26199268029,20.00000009432743,19.999770575475566,20145.27734375,4.958978637789448e-05,True,1.0
0,3407,data/raw/sow_call_dataset_labeled/anxious_stress/1383-3.wav,b3b31954241bce03f5720874592aee72,63992,DEMAND,DWASHING,data/noise_sources/demand/audio/DWASHING/ch01.wav,ff033b73096b456e83fa0fbf21625a80fcbb24af6c3c1bfe9aa94587ca64f394,1.0,20.0,True,zero_shot_frozen,False,5791900.0,2.741661056089227e+18,1199.8548664566226,0.013226256383862692,9071.764765731907,20.000000111738288,19.99949496835272,6894.0244140625,0.0001449081030177714,True,4.0
0,3407,data/raw/sow_call_dataset_labeled/frightened_stress/571-2.wav,08169455610f31ed96247239437ecadf,64000,DEMAND,DWASHING,data/noise_sources/demand/audio/DWASHING/ch01.wav,ff033b73096b456e83fa0fbf21625a80fcbb24af6c3c1bfe9aa94587ca64f394,1.0,20.0,True,zero_shot_frozen,False,2231047.0,8.879840818543067e+17,82.93683624858953,0.01409393777386711,588.4575168365685,19.999999958559002,19.999999958559002,840.8880615234375,0.0011880297101496612,True,0.0
0,3407,data/external/korea_raw/abdominal_cough/train_abdominal_06751.wav,1d8dba5e198d447b4483b7ae2ad71b2f,10976,DEMAND,DWASHING,data/noise_sources/demand/audio/DWASHING/ch01.wav,ff033b73096b456e83fa0fbf21625a80fcbb24af6c3c1bfe9aa94587ca64f394,1.0,20.0,True,zero_shot_frozen,False,7207918.0,3.875360266409512e+18,0.0590139803387406,0.024115579101760525,0.24471309641671582,19.999999952417497,13.888034940683188,0.30793967843055725,1.0,False,26512.0
0,3407,data/raw/sow_call_dataset_labeled/calm_grunt/133-0.wav,4d295214452277e46a9aa9d386bf4466,64000,DEMAND,DWASHING,data/noise_sources/demand/audio/DWASHING/ch01.wav,ff033b73096b456e83fa0fbf21625a80fcbb24af6c3c1bfe9aa94587ca64f394,1.0,20.0,True,zero_shot_frozen,False,2750430.0,2.295918419879369e+17,1228.2898693684476,0.011396584322698581,10777.701762115357,19.999999677519313,19.999999677519313,16544.240234375,6.038355257464863e-05,True,0.0
0,3407,data/raw/sow_call_dataset_labeled/calm_grunt/134-0.wav,f5e6656b16432a15c846dda524aab2f7,64000,DEMAND,DWASHING,data/noise_sources/demand/audio/DWASHING/ch01.wav,ff033b73096b456e83fa0fbf21625a80fcbb24af6c3c1bfe9aa94587ca64f394,1.0,20.0,True,zero_shot_frozen,False,9312030.0,1.574644396688033e+18,1263.1512551834044,0.011465036680329577,11017.420095572634,20.000000140524584,20.000000140524584,16720.15234375,5.9748259433379305e-05,True,0.0
0,3407,data/raw/sow_call_dataset_labeled/anxious_stress/1682-3.wav,22f617734eec4c14399d7edd05952a94,64000,DEMAND,DWASHING,data/noise_sources/demand/audio/DWASHING/ch01.wav,ff033b73096b456e83fa0fbf21625a80fcbb24af6c3c1bfe9aa94587ca64f394,1.0,20.0,True,zero_shot_frozen,False,183873.0,3.012210447715466e+18,3713.545213927236,0.016666679860864942,22281.25364456671,19.99999989852838,19.99999989852838,22339.251953125,4.471949204459604e-05,True,0.0
0,3407,data/raw/sow_call_dataset_labeled/anxious_stress/1376-3.wav,7955ec6fe3a43547095c229605227135,64000,DEMAND,DWASHING,data/noise_sources/demand/audio/DWASHING/ch01.wav,ff033b73096b456e83fa0fbf21625a80fcbb24af6c3c1bfe9aa94587ca64f394,1.0,20.0,True,zero_shot_frozen,False,687206.0,4.4570087278996746e+18,430.83975926257386,0.012479281933463544,3452.4403051369886,20.000000300270116,20.000000300270116,3264.587158203125,0.0003060111283871691,True,0.0
0,3407,data/raw/sow_call_dataset_labeled/anxious_stress/1494-3.wav,c96e034455453c8a80062c77d5b0ffd8,64000,DEMAND,DWASHING,data/noise_sources/demand/audio/DWASHING/ch01.wav,ff033b73096b456e83fa0fbf21625a80fcbb24af6c3c1bfe9aa94587ca64f394,1.0,20.0,True,zero_shot_frozen,False,3689942.0,5.876925935954808e+18,3764.493110548208,0.013562763244053429,27756.09249242586,20.000000219944127,20.000000219944127,22671.16796875,4.4064778725869985e-05,True,0.0
0,3407,data/raw/sow_call_dataset_labeled/calm_grunt/163-0.wav,5695337a3756b87cd039848c7ee34d5d,64000,DEMAND,DWASHING,data/noise_sources/demand/audio/DWASHING/ch01.wav,ff033b73096b456e83fa0fbf21625a80fcbb24af6c3c1bfe9aa94587ca64f394,1.0,20.0,True,zero_shot_frozen,False,3415427.0,4.409182188291629e+18,1012.4039790838016,0.013671982990236288,7404.953471685855,19.999999840885447,19.999999840885447,16291.8173828125,6.131912582410373e-05,True,0.0
0,3407,data/raw/sow_call_dataset_labeled/calm_grunt/200-0.wav,9f56e233d86a50f8c07037764ffc404c,64000,DEMAND,DWASHING,data/noise_sources/demand/audio/DWASHING/ch01.wav,ff033b73096b456e83fa0fbf21625a80fcbb24af6c3c1bfe9aa94587ca64f394,1.0,20.0,True,zero_shot_frozen,False,1347136.0,6.365149004784394e+18,1501.611902094328,0.007785608187186218,19287.02120620101,19.999999878360534,19.999999878360534,17492.091796875,5.7111522829903824e-05,True,0.0
0,3407,data/raw/sow_call_dataset_labeled/calm_grunt/181-0.wav,66d65c98af61f5b9edb344b18a179881,64000,DEMAND,DWASHING,data/noise_sources/demand/audio/DWASHING/ch01.wav,ff033b73096b456e83fa0fbf21625a80fcbb24af6c3c1bfe9aa94587ca64f394,1.0,20.0,True,zero_shot_frozen,False,7246999.0,9.00173898741025e+18,1080.7881855900323,0.020174210924255344,5357.276126674211,19.999999608172082,19.999999608172082,14685.0009765625,6.802859608892232e-05,True,0.0
0,3407,data/raw/sow_call_dataset_labeled/feeding/489-1.wav,cc82b9acc5ec838472efea0356add029,63988,DEMAND,DWASHING,data/noise_sources/demand/audio/DWASHING/ch01.wav,ff033b73096b456e83fa0fbf21625a80fcbb24af6c3c1bfe9aa94587ca64f394,1.0,20.0,True,zero_shot_frozen,False,178206.0,3.3395727883229645e+18,111.61931926581481,0.01697844916338061,657.4176368626007,19.999999650663444,19.998004929668006,1384.17626953125,0.0007217288881410388,True,6.0
0,3407,data/external/korea_raw/dry_cough/train_dry_17231.wav,414bbf0cced84b1b83253974ff72e055,20064,DEMAND,DWASHING,data/noise_sources/demand/audio/DWASHING/ch01.wav,ff033b73096b456e83fa0fbf21625a80fcbb24af6c3c1bfe9aa94587ca64f394,1.0,20.0,True,zero_shot_frozen,False,8043778.0,6.514742645168287e+18,0.15677584411372072,0.011884072357609264,1.3192097741927544,19.99999973454647,16.22749767828193,0.875236988067627,1.0,False,21968.0
0,3407,data/raw/sow_call_dataset_labeled/feeding/406-1.wav,bf2cba2c96bb0cc4a444e2aed3985121,64000,DEMAND,DWASHING,data/noise_sources/demand/audio/DWASHING/ch01.wav,ff033b73096b456e83fa0fbf21625a80fcbb24af6c3c1bfe9aa94587ca64f394,1.0,20.0,True,zero_shot_frozen,False,9357018.0,1.70068129281738e+18,527.5342874146062,0.017641748689147484,2990.260754247818,20.000000031912514,20.000000031912514,3726.903564453125,0.00026805093899621475,True,0.0
0,3407,data/raw/sow_call_dataset_labeled/calm_grunt/255-0.wav,7fe4de8d725fb04b3437a3a1c91ff7ab,64000,DEMAND,DWASHING,data/noise_sources/demand/audio/DWASHING/ch01.wav,ff033b73096b456e83fa0fbf21625a80fcbb24af6c3c1bfe9aa94587ca64f394,1.0,20.0,True,zero_shot_frozen,False,1845602.0,1.849514570141509e+18,1961.689035486129,0.016199611464964504,12109.482006582355,19.999999695389334,19.999999695389334,15531.6953125,6.432008740192057e-05,True,0.0
0,3407,data/raw/sow_call_dataset_labeled/anxious_stress/1359-3.wav,18b5dc855acc6b3ee7d7d2daae3afaa4,64000,DEMAND,DWASHING,data/noise_sources/demand/audio/DWASHING/ch01.wav,ff033b73096b456e83fa0fbf21625a80fcbb24af6c3c1bfe9aa94587ca64f394,1.0,20.0,True,zero_shot_frozen,False,2750901.0,2.684045135391368e+18,665.4457462232906,0.011231503503916126,5924.814482684954,20.00000004509195,20.00000004509195,6308.1142578125,0.00015836745486382943,True,0.0
0,3407,data/raw/sow_call_dataset_labeled/feeding/298-1.wav,a386793de4da5cae07e7e1b426e07f80,63997,DEMAND,DWASHING,data/noise_sources/demand/audio/DWASHING/ch01.wav,ff033b73096b456e83fa0fbf21625a80fcbb24af6c3c1bfe9aa94587ca64f394,1.0,20.0,True,zero_shot_frozen,False,5457267.0,1.0509188635165112e+18,222.9550765863742,0.01640499806128978,1359.0679849726555,19.999999954087365,19.999790373701288,3087.88818359375,0.0003235220774209973,True,1.0
0,3407,data/raw/sow_call_dataset_labeled/frightened_stress/1038-2.wav,eea3389ab552c4f66b61093bf5aacc49,64000,DEMAND,DWASHING,data/noise_sources/demand/audio/DWASHING/ch01.wav,ff033b73096b456e83fa0fbf21625a80fcbb24af6c3c1bfe9aa94587ca64f394,1.0,20.0,True,zero_shot_frozen,False,5445192.0,8.364862226600218e+17,352.08993383815,0.01586026003132487,2219.9505754808138,19.99999956541777,19.99999956541777,6783.92333984375,0.00014725991877482055,True,0.0
0,3407,data/raw/sow_call_dataset_labeled/calm_grunt/148-0.wav,00e146b24fd459e3f6e2e9469eebe4c4,64000,DEMAND,DWASHING,data/noise_sources/demand/audio/DWASHING/ch01.wav,ff033b73096b456e83fa0fbf21625a80fcbb24af6c3c1bfe9aa94587ca64f394,1.0,20.0,True,zero_shot_frozen,False,1725815.0,2.3490835918756823e+18,997.9479044483013,0.013545691247374106,7367.271896454587,19.999999907020772,19.999999907020772,10530.99609375,9.486282124754492e-05,True,0.0
0,3407,data/raw/sow_call_dataset_labeled/calm_grunt/31-0.wav,ad1b03b3649c921981340ffcfafbe1d5,64000,DEMAND,DWASHING,data/noise_sources/demand/audio/DWASHING/ch01.wav,ff033b73096b456e83fa0fbf21625a80fcbb24af6c3c1bfe9aa94587ca64f394,1.0,20.0,True,zero_shot_frozen,False,9203640.0,2.1042402904402798e+18,888.4460887560168,0.013843616370380403,6417.731212610911,19.99999969394014,19.99999969394014,22267.021484375,4.48645545476753e-05,True,0.0
0,3407,data/raw/sow_call_dataset_labeled/feeding/469-1.wav,96f4365be7925a63b199ce1f0e094270,64000,DEMAND,DWASHING,data/noise_sources/demand/audio/DWASHING/ch01.wav,ff033b73096b456e83fa0fbf21625a80fcbb24af6c3c1bfe9aa94587ca64f394,1.0,20.0,True,zero_shot_frozen,False,4466016.0,3.9125721112772294e+17,780.9235916986895,0.01286337693340075,6070.9065414305105,19.999999714145684,19.999999714145684,9998.705078125,9.991293794489404e-05,True,0.0
0,3407,data/external/korea_raw/abdominal_cough/train_abdominal_02305.wav,802c3c06a9ed989a83e4990344122a04,15457,DEMAND,DWASHING,data/noise_sources/demand/audio/DWASHING/ch01.wav,ff033b73096b456e83fa0fbf21625a80fcbb24af6c3c1bfe9aa94587ca64f394,1.0,20.0,True,zero_shot_frozen,False,6231876.0,4.986473883503222e+18,0.0532670213899115,0.011823860838109186,0.45050446820405654,19.999999737729198,12.532505294499128,0.2856774628162384,1.0,False,24271.0
0,3407,data/raw/sow_call_dataset_labeled/feeding/486-1.wav,faa7678cb4332273bf2df704079aa496,63997,DEMAND,DWASHING,data/noise_sources/demand/audio/DWASHING/ch01.wav,ff033b73096b456e83fa0fbf21625a80fcbb24af6c3c1bfe9aa94587ca64f394,1.0,20.0,True,zero_shot_frozen,False,5837934.0,5.301526120055779e+18,317.2547916993655,0.016199954330462462,1958.3684325751356,20.000000103596154,19.999888016006057,3818.52392578125,0.0002616194161453656,True,1.0
0,3407,data/raw/sow_call_dataset_labeled/feeding/399-1.wav,48cf353f7ec7b595326862ac160f0ad7,63998,DEMAND,DWASHING,data/noise_sources/demand/audio/DWASHING/ch01.wav,ff033b73096b456e83fa0fbf21625a80fcbb24af6c3c1bfe9aa94587ca64f394,1.0,20.0,True,zero_shot_frozen,False,1694239.0,8.77190058605781e+18,858.440139263654,0.012760699526622708,6727.218499837618,20.000000295944808,19.99997492360231,8390.078125,0.00011906921307720243,True,1.0
0,3407,data/raw/sow_call_dataset_labeled/feeding/324-1.wav,247d290a4193c3f911ea011db4d5a19f,64000,DEMAND,DWASHING,data/noise_sources/demand/audio/DWASHING/ch01.wav,ff033b73096b456e83fa0fbf21625a80fcbb24af6c3c1bfe9aa94587ca64f394,1.0,20.0,True,zero_shot_frozen,False,4634850.0,5.184891763878404e+18,1023.1476817421454,0.006940942198392263,14740.76072812043,19.999999996240927,19.999999996240927,12701.1044921875,7.865457690033878e-05,True,0.0
0,3407,data/external/korea_raw/abdominal_cough/train_abdominal_13649.wav,758a24dd5518a227c1e5ba1f0ff3dcb4,19137,DEMAND,DWASHING,data/noise_sources/demand/audio/DWASHING/ch01.wav,ff033b73096b456e83fa0fbf21625a80fcbb24af6c3c1bfe9aa94587ca64f394,1.0,20.0,True,zero_shot_frozen,False,187816.0,5.208803324948069e+18,0.07282239663273285,0.015335164146401854,0.47487197357336036,20.000000190044926,14.16268298603558,0.34213724732398987,1.0,False,22431.0
0,3407,data/raw/sow_call_dataset_labeled/frightened_stress/809-2.wav,60adaca724f5caf2590a8cfb28d41e6d,64000,DEMAND,DWASHING,data/noise_sources/demand/audio/DWASHING/ch01.wav,ff033b73096b456e83fa0fbf21625a80fcbb24af6c3c1bfe9aa94587ca64f394,1.0,20.0,True,zero_shot_frozen,False,5882685.0,4.964327271329709e+18,94.84308904056803,0.013805604584654683,686.9897544797769,20.000000104138277,20.000000104138277,843.22265625,0.0011847404627892432,True,0.0
0,3407,data/raw/sow_call_dataset_labeled/feeding/471-1.wav,52da60c3cf75c529daf2db0df0c762b2,63985,DEMAND,DWASHING,data/noise_sources/demand/audio/DWASHING/ch01.wav,ff033b73096b456e83fa0fbf21625a80fcbb24af6c3c1bfe9aa94587ca64f394,1.0,20.0,True,zero_shot_frozen,False,3406104.0,6.033568943644431e+18,570.4386214492046,0.012929654696176665,4411.862767053514,19.999999952067466,19.998761526445318,4616.1865234375,0.00021641239905013248,True,7.0
0,3407,data/external/korea_raw/dry_cough/train_dry_13855.wav,92a4b6e7ce690c211166c2967b9d3651,18016,DEMAND,DWASHING,data/noise_sources/demand/audio/DWASHING/ch01.wav,ff033b73096b456e83fa0fbf21625a80fcbb24af6c3c1bfe9aa94587ca64f394,1.0,20.0,True,zero_shot_frozen,False,7539691.0,1.4205904831318797e+18,0.07541487102707227,0.015247093332460115,0.49461801920316634,19.999999832593303,15.272291966510931,0.3411944806575775,1.0,False,22992.0
0,3407,data/raw/sow_call_dataset_labeled/calm_grunt/246-0.wav,af2331ab38f97aa237f515945a5359e8,64000,DEMAND,DWASHING,data/noise_sources/demand/audio/DWASHING/ch01.wav,ff033b73096b456e83fa0fbf21625a80fcbb24af6c3c1bfe9aa94587ca64f394,1.0,20.0,True,zero_shot_frozen,False,1784536.0,6.981973774950972e+18,1362.533252620096,0.013535946936052878,10066.035712588384,19.999999634474406,19.999999634474406,16254.1123046875,6.146136936139538e-05,True,0.0
0,3407,data/raw/sow_call_dataset_labeled/feeding/304-1.wav,c9e37a52d69aa372d3ae6b95468b7620,63988,DEMAND,DWASHING,data/noise_sources/demand/audio/DWASHING/ch01.wav,ff033b73096b456e83fa0fbf21625a80fcbb24af6c3c1bfe9aa94587ca64f394,1.0,20.0,True,zero_shot_frozen,False,5070747.0,2.0565691711040136e+18,186.00205111276827,0.010785448133114686,1724.5648842506976,19.999999694137124,19.999950970293305,3182.859375,0.0003138687206373986,True,6.0
0,3407,data/external/korea_raw/dry_cough/train_dry_12111.wav,f59c8ec794987b22feab4606c5b457ec,12001,DEMAND,DWASHING,data/noise_sources/demand/audio/DWASHING/ch01.wav,ff033b73096b456e83fa0fbf21625a80fcbb24af6c3c1bfe9aa94587ca64f394,1.0,20.0,True,zero_shot_frozen,False,8537794.0,4.969630029760926e+18,0.04296524671898265,0.01571967292147692,0.27332150569291813,19.99999988205341,13.716384636969405,0.1596832424402237,1.0,False,25999.0
0,3407,data/raw/sow_call_dataset_labeled/anxious_stress/1452-3.wav,863eeac0b9ddb7b6f0040a6c94e9fb0e,63995,DEMAND,DWASHING,data/noise_sources/demand/audio/DWASHING/ch01.wav,ff033b73096b456e83fa0fbf21625a80fcbb24af6c3c1bfe9aa94587ca64f394,1.0,20.0,True,zero_shot_frozen,False,6195748.0,7.122682756473665e+18,1607.624752512261,0.015433790029936488,10416.266836557945,20.000000198680652,19.999799569352064,13205.0615234375,7.565280920705195e-05,True,2.0
0,3407,data/raw/sow_call_dataset_labeled/feeding/393-1.wav,d020a377f975c05272b8d05b57521990,64000,DEMAND,DWASHING,data/noise_sources/demand/audio/DWASHING/ch01.wav,ff033b73096b456e83fa0fbf21625a80fcbb24af6c3c1bfe9aa94587ca64f394,1.0,20.0,True,zero_shot_frozen,False,4815336.0,8.070789043479808e+18,564.3458696574719,0.0122318664073129,4613.734738960802,19.999999770739205,19.999999770739205,4998.63037109375,0.00019985474536726125,True,0.0
0,3407,data/raw/sow_call_dataset_labeled/calm_grunt/91-0.wav,cee17336c428ff1a2871511627e221ac,64000,DEMAND,DWASHING,data/noise_sources/demand/audio/DWASHING/ch01.wav,ff033b73096b456e83fa0fbf21625a80fcbb24af6c3c1bfe9aa94587ca64f394,1.0,20.0,True,zero_shot_frozen,False,7966207.0,3.7468034328109425e+18,938.9198850949239,0.012948072825941357,7251.425735062331,19.999999945863745,19.999999945863745,17836.494140625,5.600876450964901e-05,True,0.0
0,3407,data/external/korea_raw/dry_cough/train_dry_08236.wav,a7ab543a182c83c4cf8ec72231ba0af2,17184,DEMAND,DWASHING,data/noise_sources/demand/audio/DWASHING/ch01.wav,ff033b73096b456e83fa0fbf21625a80fcbb24af6c3c1bfe9aa94587ca64f394,1.0,20.0,True,zero_shot_frozen,False,5553840.0,9.977772873511168e+16,0.10200412159395875,0.014314265853312169,0.7126046326040261,19.999999888350207,14.67043124064769,0.43989884853363037,1.0,False,23408.0
0,3407,data/raw/sow_call_dataset_labeled/feeding/462-1.wav,bf71b3916b50f93bb618bec575df25d0,64000,DEMAND,DWASHING,data/noise_sources/demand/audio/DWASHING/ch01.wav,ff033b73096b456e83fa0fbf21625a80fcbb24af6c3c1bfe9aa94587ca64f394,1.0,20.0,True,zero_shot_frozen,False,3962272.0,5.959667109413009e+18,390.87487317806836,0.015235975871883606,2565.4731699817594,20.000000082010537,20.000000082010537,2417.39501953125,0.000413254760570208,True,0.0
0,3407,data/raw/sow_call_dataset_labeled/frightened_stress/531-2.wav,439e489d68e585b0f865ab720f41e65a,63608,DEMAND,DWASHING,data/noise_sources/demand/audio/DWASHING/ch01.wav,ff033b73096b456e83fa0fbf21625a80fcbb24af6c3c1bfe9aa94587ca64f394,1.0,20.0,True,zero_shot_frozen,False,4364829.0,1.1584295539039557e+18,223.3376366304215,0.01128311237968448,1979.3974314440616,19.999999866772555,19.985312774350813,2365.840087890625,0.00042226015406252797,True,196.0
0,3407,data/external/korea_raw/dry_cough/train_dry_12259.wav,0dd24b3ee3931c0516f250d0fb57dc2a,13985,DEMAND,DWASHING,data/noise_sources/demand/audio/DWASHING/ch01.wav,ff033b73096b456e83fa0fbf21625a80fcbb24af6c3c1bfe9aa94587ca64f394,1.0,20.0,True,zero_shot_frozen,False,4275785.0,5.538173315199361e+18,0.061751605029606374,0.00936737602032767,0.6592198807393056,20.000000265072618,9.122556949311548,0.2339731901884079,1.0,False,25007.0
0,3407,data/raw/sow_call_dataset_labeled/feeding/334-1.wav,6d4e3f890abd1b39675ab539c08999df,64000,DEMAND,DWASHING,data/noise_sources/demand/audio/DWASHING/ch01.wav,ff033b73096b456e83fa0fbf21625a80fcbb24af6c3c1bfe9aa94587ca64f394,1.0,20.0,True,zero_shot_frozen,False,1287922.0,3.260539860423234e+18,891.4684230620591,0.008613626767054072,10349.513012007928,20.000000264644854,20.000000264644854,9411.1376953125,0.00010615082175426909,True,0.0
0,3407,data/raw/sow_call_dataset_labeled/frightened_stress/1031-2.wav,52f370f2037764cd024cc8ac3620035d,63997,DEMAND,DWASHING,data/noise_sources/demand/audio/DWASHING/ch01.wav,ff033b73096b456e83fa0fbf21625a80fcbb24af6c3c1bfe9aa94587ca64f394,1.0,20.0,True,zero_shot_frozen,False,8767816.0,6.149957351119822e+18,251.37542293038825,0.013561766033383445,1853.5596493230028,19.999999797555258,19.999794153045038,2811.56884765625,0.0003553176372802593,True,1.0
0,3407,data/external/korea_raw/dry_cough/train_dry_05498.wav,476f1f61fe985f0e105b631f547552aa,11777,DEMAND,DWASHING,data/noise_sources/demand/audio/DWASHING/ch01.wav,ff033b73096b456e83fa0fbf21625a80fcbb24af6c3c1bfe9aa94587ca64f394,1.0,20.0,True,zero_shot_frozen,False,5472865.0,4.75702938238691e+18,0.042341868179194324,0.012360494426083612,0.34255804597786005,19.99999974521487,10.106498493008857,0.15337471663951874,1.0,False,26111.0
0,3407,data/raw/sow_call_dataset_labeled/calm_grunt/69-0.wav,5e6972bc79d14fbb0e7d8c9fc5171b8e,64000,DEMAND,DWASHING,data/noise_sources/demand/audio/DWASHING/ch01.wav,ff033b73096b456e83fa0fbf21625a80fcbb24af6c3c1bfe9aa94587ca64f394,1.0,20.0,True,zero_shot_frozen,False,1704238.0,5.279231011163262e+18,984.0544080113978,0.013857062309978421,7101.4648415254915,19.999999997003886,19.999999997003886,16137.3486328125,6.19060802819062e-05,True,0.0
0,3407,data/raw/sow_call_dataset_labeled/feeding/365-1.wav,e7f7f9645f68e7861c6960646038694b,63998,DEMAND,DWASHING,data/noise_sources/demand/audio/DWASHING/ch01.wav,ff033b73096b456e83fa0fbf21625a80fcbb24af6c3c1bfe9aa94587ca64f394,1.0,20.0,True,zero_shot_frozen,False,1100213.0,3.7305592427115674e+17,228.88529049546287,0.010466407210880758,2186.8563479693044,19.999999615904745,19.999993301074767,2014.572265625,0.0004958869021708043,True,1.0
0,3407,data/raw/sow_call_dataset_labeled/calm_grunt/127-0.wav,c0b1e9c399e2fcb85350d6e1a522b9c7,64000,DEMAND,DWASHING,data/noise_sources/demand/audio/DWASHING/ch01.wav,ff033b73096b456e83fa0fbf21625a80fcbb24af6c3c1bfe9aa94587ca64f394,1.0,20.0,True,zero_shot_frozen,False,8010547.0,7.856567779041057e+18,719.0246855373471,0.010327512934774082,6962.224981740737,19.999999857312346,19.999999857312346,7143.7666015625,0.0001398421947018113,True,0.0
0,3407,data/raw/sow_call_dataset_labeled/frightened_stress/649-2.wav,a79a4d5ca276050cd921a9a53451c118,64000,DEMAND,DWASHING,data/noise_sources/demand/audio/DWASHING/ch01.wav,ff033b73096b456e83fa0fbf21625a80fcbb24af6c3c1bfe9aa94587ca64f394,1.0,20.0,True,zero_shot_frozen,False,3738199.0,2.841474981654672e+18,182.61161994441022,0.014435069605401581,1265.0553474025317,20.00000034238262,20.00000034238262,1774.5325927734375,0.0005629651459028157,True,0.0
0,3407,data/raw/sow_call_dataset_labeled/anxious_stress/1429-3.wav,08dbebe86b17e15870a88fc0edc1fd56,63997,DEMAND,DWASHING,data/noise_sources/demand/audio/DWASHING/ch01.wav,ff033b73096b456e83fa0fbf21625a80fcbb24af6c3c1bfe9aa94587ca64f394,1.0,20.0,True,zero_shot_frozen,False,8685772.0,6.018875032884146e+18,1018.0890498529338,0.013506435185052689,7537.807244502482,20.000000128024446,19.999559588859736,6936.93798828125,0.0001440116664856507,True,1.0
0,3407,data/external/korea_raw/abdominal_cough/train_abdominal_16429.wav,89bcd1f7bcfd5c0d3850c0d8d7a77682,12321,DEMAND,DWASHING,data/noise_sources/demand/audio/DWASHING/ch01.wav,ff033b73096b456e83fa0fbf21625a80fcbb24af6c3c1bfe9aa94587ca64f394,1.0,20.0,True,zero_shot_frozen,False,565357.0,5.343371213138997e+18,0.03146874162552827,0.01497743938340898,0.21010762133604272,19.999999863145316,13.123770601037386,0.14829140901565552,1.0,False,25839.0
0,3407,data/raw/sow_call_dataset_labeled/frightened_stress/624-2.wav,6b7d32323ad19193729e70aa61366584,64000,DEMAND,DWASHING,data/noise_sources/demand/audio/DWASHING/ch01.wav,ff033b73096b456e83fa0fbf21625a80fcbb24af6c3c1bfe9aa94587ca64f394,1.0,20.0,True,zero_shot_frozen,False,1441688.0,3.928434998388714e+18,124.93057706281661,0.011606644499559903,1076.371186069787,19.999999758069293,19.999999758069293,942.22998046875,0.0010602507038706278,True,0.0
0,3407,data/raw/sow_call_dataset_labeled/calm_grunt/218-0.wav,b3d8482fce8b5eaa3e2cb020780d332e,64000,DEMAND,DWASHING,data/noise_sources/demand/audio/DWASHING/ch01.wav,ff033b73096b456e83fa0fbf21625a80fcbb24af6c3c1bfe9aa94587ca64f394,1.0,20.0,True,zero_shot_frozen,False,3192993.0,1.9223748301160415e+18,1325.8744849035143,0.013386894675724502,9904.27217828064,19.99999975227782,19.99999975227782,15978.6123046875,6.252107385488867e-05,True,0.0
0,3407,data/external/korea_raw/dry_cough/train_dry_14904.wav,82731434fe93293942ec3e677a251aa0,13408,DEMAND,DWASHING,data/noise_sources/demand/audio/DWASHING/ch01.wav,ff033b73096b456e83fa0fbf21625a80fcbb24af6c3c1bfe9aa94587ca64f394,1.0,20.0,True,zero_shot_frozen,False,5862168.0,9.179868690151754e+18,0.05590034753670979,0.013769928385209164,0.40595960975915174,20.000000074792517,12.501739435953734,0.24115651845932007,1.0,False,25296.0
0,3407,data/raw/sow_call_dataset_labeled/calm_grunt/59-0.wav,59a6dd695e64efe4c8241ab5e0cd60df,64000,DEMAND,DWASHING,data/noise_sources/demand/audio/DWASHING/ch01.wav,ff033b73096b456e83fa0fbf21625a80fcbb24af6c3c1bfe9aa94587ca64f394,1.0,20.0,True,zero_shot_frozen,False,2502255.0,3.1932989063907215e+18,1245.0851120905868,0.01436460812337616,8667.727663690352,20.000000130394632,20.000000130394632,17762.955078125,5.6240642145757836e-05,True,0.0
0,3407,data/external/korea_raw/dry_cough/train_dry_12342.wav,be5b9785349c0ba7847119f6859671bc,14017,DEMAND,DWASHING,data/noise_sources/demand/audio/DWASHING/ch01.wav,ff033b73096b456e83fa0fbf21625a80fcbb24af6c3c1bfe9aa94587ca64f394,1.0,20.0,True,zero_shot_frozen,False,6039426.0,8.456569458893886e+18,0.04360133356829202,0.00644452523686079,0.6765639355232129,20.000000215183675,10.656366099118292,0.1816028356552124,1.0,False,24991.0
0,3407,data/external/korea_raw/dry_cough/train_dry_07999.wav,4bcc8d92055b679105e93da203cd9111,13313,DEMAND,DWASHING,data/noise_sources/demand/audio/DWASHING/ch01.wav,ff033b73096b456e83fa0fbf21625a80fcbb24af6c3c1bfe9aa94587ca64f394,1.0,20.0,True,zero_shot_frozen,False,1739029.0,1.3127155514122511e+18,0.09846734402329387,0.00783645299285424,1.2565295052887122,20.000000384027025,8.48243712394288,0.4280029535293579,1.0,False,25343.0
0,3407,data/raw/sow_call_dataset_labeled/calm_grunt/114-0.wav,6bfb9e30e653d62d2ad67d1d0fbee2b2,64000,DEMAND,DWASHING,data/noise_sources/demand/audio/DWASHING/ch01.wav,ff033b73096b456e83fa0fbf21625a80fcbb24af6c3c1bfe9aa94587ca64f394,1.0,20.0,True,zero_shot_frozen,False,6679392.0,1.1638707045200837e+18,1176.8927172218246,0.016268145328133723,7234.338601503245,20.000000267220027,20.000000267220027,15505.578125,6.442842646346022e-05,True,0.0
0,3407,data/raw/sow_call_dataset_labeled/calm_grunt/274-0.wav,867a0d742da7dc4ab82703565363efca,64000,DEMAND,DWASHING,data/noise_sources/demand/audio/DWASHING/ch01.wav,ff033b73096b456e83fa0fbf21625a80fcbb24af6c3c1bfe9aa94587ca64f394,1.0,20.0,True,zero_shot_frozen,False,6648231.0,6.129292573478378e+18,1609.9826402124925,0.017939625786563343,8974.44940807159,20.000000183560136,20.000000183560136,17136.015625,5.829826617002749e-05,True,0.0
0,3407,data/raw/sow_call_dataset_labeled/anxious_stress/1580-3.wav,f770589d5c495dba265407f0501aedab,63766,DEMAND,DWASHING,data/noise_sources/demand/audio/DWASHING/ch01.wav,ff033b73096b456e83fa0fbf21625a80fcbb24af6c3c1bfe9aa94587ca64f394,1.0,20.0,True,zero_shot_frozen,False,8442157.0,2.1368507345164237e+18,309.17193605807984,0.0074097875859679,4172.480418245274,19.999999898198382,19.847453507629172,1966.1922607421875,0.0005080886645454006,True,117.0
0,3407,data/external/korea_raw/abdominal_cough/train_abdominal_08112.wav,e88f3f912add02e57df4c7d0d5127334,16224,DEMAND,DWASHING,data/noise_sources/demand/audio/DWASHING/ch01.wav,ff033b73096b456e83fa0fbf21625a80fcbb24af6c3c1bfe9aa94587ca64f394,1.0,20.0,True,zero_shot_frozen,False,2906070.0,3.5983574889841044e+18,0.09735584493514245,0.01735951421158798,0.5608212519573538,20.000000261999848,14.570575171517312,0.3879735469818115,1.0,False,23888.0
0,3407,data/raw/sow_call_dataset_labeled/calm_grunt/250-0.wav,6501451456d9e85981b2e584769706d5,64000,DEMAND,DWASHING,data/noise_sources/demand/audio/DWASHING/ch01.wav,ff033b73096b456e83fa0fbf21625a80fcbb24af6c3c1bfe9aa94587ca64f394,1.0,20.0,True,zero_shot_frozen,False,4286511.0,4.3396964218155894e+18,1634.1095044534836,0.014240041317797577,11475.454796687498,19.999999789717208,19.999999789717208,17332.005859375,5.763902967178113e-05,True,0.0
0,3407,data/raw/sow_call_dataset_labeled/feeding/484-1.wav,7597d17cfc4d984eaab8bc076ccdf5ea,64000,DEMAND,DWASHING,data/noise_sources/demand/audio/DWASHING/ch01.wav,ff033b73096b456e83fa0fbf21625a80fcbb24af6c3c1bfe9aa94587ca64f394,1.0,20.0,True,zero_shot_frozen,False,5370725.0,6.439290920871112e+18,880.4726065326456,0.011952059668927121,7366.701898432551,20.000000276043473,20.000000276043473,12550.28125,7.95998097652194e-05,True,0.0
0,3407,data/raw/sow_call_dataset_labeled/calm_grunt/251-0.wav,c0f8ff4583e17d7a26d397f7d7b0a2f7,64000,DEMAND,DWASHING,data/noise_sources/demand/audio/DWASHING/ch01.wav,ff033b73096b456e83fa0fbf21625a80fcbb24af6c3c1bfe9aa94587ca64f394,1.0,20.0,True,zero_shot_frozen,False,958375.0,4.417453518089999e+18,1533.8450811438308,0.011770729683090059,13031.011011554936,20.000000178659896,20.000000178659896,18630.205078125,5.362259813087051e-05,True,0.0
0,3407,data/raw/sow_call_dataset_labeled/frightened_stress/988-2.wav,e3f63486bc9dd011d4c42a02e2ab82eb,63998,DEMAND,DWASHING,data/noise_sources/demand/audio/DWASHING/ch01.wav,ff033b73096b456e83fa0fbf21625a80fcbb24af6c3c1bfe9aa94587ca64f394,1.0,20.0,True,zero_shot_frozen,False,7384580.0,8.211210853077411e+18,207.5423704113459,0.01866739799139448,1111.7905693499506,20.000000328961917,19.999677347915753,2695.0400390625,0.0003706809492698718,True,1.0
0,3407,data/raw/sow_call_dataset_labeled/calm_grunt/89-0.wav,66baf7d1e6268784319cb4666f8d36fd,64000,DEMAND,DWASHING,data/noise_sources/demand/audio/DWASHING/ch01.wav,ff033b73096b456e83fa0fbf21625a80fcbb24af6c3c1bfe9aa94587ca64f394,1.0,20.0,True,zero_shot_frozen,False,3561.0,2.341081572016192e+18,1041.6516572237529,0.013952093394895672,7465.916602915214,20.00000011644076,20.00000011644076,15019.916015625,6.651169014265825e-05,True,0.0
0,3407,data/raw/sow_call_dataset_labeled/anxious_stress/1649-3.wav,8ef7b5c15e374567562265858e5d7ed1,64000,DEMAND,DWASHING,data/noise_sources/demand/audio/DWASHING/ch01.wav,ff033b73096b456e83fa0fbf21625a80fcbb24af6c3c1bfe9aa94587ca64f394,1.0,20.0,True,zero_shot_frozen,False,474913.0,8.360982477075339e+18,1846.5257263435033,0.012715350079786998,14522.020351439945,19.99999991334668,19.99999991334668,15062.53515625,6.632349665158976e-05,True,0.0
0,3407,data/raw/sow_call_dataset_labeled/anxious_stress/1738-3.wav,ad7a0d5de7477a9d5d43b2bd260d645e,64000,DEMAND,DWASHING,data/noise_sources/demand/audio/DWASHING/ch01.wav,ff033b73096b456e83fa0fbf21625a80fcbb24af6c3c1bfe9aa94587ca64f394,1.0,20.0,True,zero_shot_frozen,False,8364402.0,7.30695419514804e+18,231.88397999285894,0.009832093342606452,2358.439570422013,20.00000043139281,20.00000043139281,1624.4178466796875,0.0006149895496666436,True,0.0
0,3407,data/raw/sow_call_dataset_labeled/calm_grunt/165-0.wav,58f3af1d9665f4501de1c256ac27087d,64000,DEMAND,DWASHING,data/noise_sources/demand/audio/DWASHING/ch01.wav,ff033b73096b456e83fa0fbf21625a80fcbb24af6c3c1bfe9aa94587ca64f394,1.0,20.0,True,zero_shot_frozen,False,1524234.0,6.98379979442333e+18,1242.3661302468377,0.016076840334366464,7727.67598861518,20.000000231682865,20.000000231682865,16586.314453125,6.023037865484216e-05,True,0.0
0,3407,data/raw/sow_call_dataset_labeled/calm_grunt/253-0.wav,88f53ffdc813ee27215e3d68cababb72,64000,DEMAND,DWASHING,data/noise_sources/demand/audio/DWASHING/ch01.wav,ff033b73096b456e83fa0fbf21625a80fcbb24af6c3c1bfe9aa94587ca64f394,1.0,20.0,True,zero_shot_frozen,False,3679935.0,8.097371563037203e+18,1677.1380296440782,0.0138814403036276,12081.873299601311,20.000000183782802,20.000000183782802,15826.0673828125,6.312370444504354e-05,True,0.0
0,3407,data/raw/sow_call_dataset_labeled/calm_grunt/252-0.wav,2425faf6d72ec8f1cfb27af49a442721,64000,DEMAND,DWASHING,data/noise_sources/demand/audio/DWASHING/ch01.wav,ff033b73096b456e83fa0fbf21625a80fcbb24af6c3c1bfe9aa94587ca64f394,1.0,20.0,True,zero_shot_frozen,False,4806288.0,4.927867882366944e+18,1988.6156620474069,0.01199756394477561,16575.16201789746,19.999999952628315,19.999999952628315,17513.376953125,5.704211144851441e-05,True,0.0
0,3407,data/raw/sow_call_dataset_labeled/frightened_stress/887-2.wav,36d2f03519aad0dc3c6d70f418bede2d,64000,DEMAND,DWASHING,data/noise_sources/demand/audio/DWASHING/ch01.wav,ff033b73096b456e83fa0fbf21625a80fcbb24af6c3c1bfe9aa94587ca64f394,1.0,20.0,True,zero_shot_frozen,False,4633643.0,3.8717490468523515e+18,226.1403217059333,0.00688301122034799,3285.4852980248393,19.99999985237024,19.99999985237024,2306.55810546875,0.0004331128696179012,True,0.0
0,3407,data/raw/sow_call_dataset_labeled/feeding/367-1.wav,940704b541a8d463f81ea666f8da0a2d,64000,DEMAND,DWASHING,data/noise_sources/demand/audio/DWASHING/ch01.wav,ff033b73096b456e83fa0fbf21625a80fcbb24af6c3c1bfe9aa94587ca64f394,1.0,20.0,True,zero_shot_frozen,False,3442395.0,3.6551528183599e+18,702.5387179613983,0.011089654183944586,6335.082287584062,19.99999968032278,19.99999968032278,8310.6396484375,0.00012020735373694418,True,0.0
0,3407,data/raw/sow_call_dataset_labeled/anxious_stress/1294-3.wav,3b1abd244c212e4e29ed5d8d492094a3,64000,DEMAND,DWASHING,data/noise_sources/demand/audio/DWASHING/ch01.wav,ff033b73096b456e83fa0fbf21625a80fcbb24af6c3c1bfe9aa94587ca64f394,1.0,20.0,True,zero_shot_frozen,False,5458215.0,1.3318424396580209e+18,309.20159348055824,0.01645435022602682,1879.1480017939318,20.000000242197462,20.000000242197462,2250.699951171875,0.00044386191925754,True,0.0
0,3407,data/raw/sow_call_dataset_labeled/calm_grunt/84-0.wav,6284697bc5cf29624df3bee3472e7b55,64000,DEMAND,DWASHING,data/noise_sources/demand/audio/DWASHING/ch01.wav,ff033b73096b456e83fa0fbf21625a80fcbb24af6c3c1bfe9aa94587ca64f394,1.0,20.0,True,zero_shot_frozen,False,1215628.0,3.1298446335178993e+18,819.4625842053988,0.013278415096400622,6171.388514789919,19.99999978183958,19.99999978183958,14340.0341796875,6.966510591830195e-05,True,0.0
0,3407,data/external/korea_raw/dry_cough/train_dry_06353.wav,7c4381d73edf61a542eca5b8ad16ccbe,7969,DEMAND,DWASHING,data/noise_sources/demand/audio/DWASHING/ch01.wav,ff033b73096b456e83fa0fbf21625a80fcbb24af6c3c1bfe9aa94587ca64f394,1.0,20.0,True,zero_shot_frozen,False,6438149.0,6.609298343233963e+18,0.12077981036285175,0.00864155137605598,1.3976635109467563,20.000000225508565,4.645387692823015,0.4399082660675049,1.0,False,28015.0
0,3407,data/raw/sow_call_dataset_labeled/frightened_stress/798-2.wav,9047deea4f6c553333311bf1f5279715,64000,DEMAND,DWASHING,data/noise_sources/demand/audio/DWASHING/ch01.wav,ff033b73096b456e83fa0fbf21625a80fcbb24af6c3c1bfe9aa94587ca64f394,1.0,20.0,True,zero_shot_frozen,False,9318715.0,6.294081019392882e+18,109.39846330513913,0.010577522441777695,1034.254135666511,19.999999880502315,19.999999880502315,1158.1080322265625,0.0008626138254816663,True,0.0
0,3407,data/raw/sow_call_dataset_labeled/feeding/396-1.wav,850bc5be2aeb59aeadd3ce9d998d574e,64000,DEMAND,DWASHING,data/noise_sources/demand/audio/DWASHING/ch01.wav,ff033b73096b456e83fa0fbf21625a80fcbb24af6c3c1bfe9aa94587ca64f394,1.0,20.0,True,zero_shot_frozen,False,995334.0,7.233291662379828e+18,495.4983345230236,0.013417793820184539,3692.8450471316664,20.000000180046623,20.000000180046623,6136.16748046875,0.00016280520425490165,True,0.0
0,3407,data/external/korea_raw/abdominal_cough/train_abdominal_01211.wav,54d7ff55aaca2d49609a064333bab111,17952,DEMAND,DWASHING,data/noise_sources/demand/audio/DWASHING/ch01.wav,ff033b73096b456e83fa0fbf21625a80fcbb24af6c3c1bfe9aa94587ca64f394,1.0,20.0,True,zero_shot_frozen,False,5543191.0,3.7617997924640224e+17,0.027219146609550993,0.013377949119414534,0.20346277569593715,19.99999983579332,14.652810339927848,0.13018257915973663,1.0,False,23024.0
0,3407,data/raw/sow_call_dataset_labeled/feeding/382-1.wav,6900556222b8dc7174fb2b5d5e1d09ac,63997,DEMAND,DWASHING,data/noise_sources/demand/audio/DWASHING/ch01.wav,ff033b73096b456e83fa0fbf21625a80fcbb24af6c3c1bfe9aa94587ca64f394,1.0,20.0,True,zero_shot_frozen,False,484578.0,6.0520930773438504e+16,882.0886951559368,0.012017198929635797,7340.218800744027,20.00000005683486,19.999778928571242,9169.6572265625,0.00010894627523328948,True,1.0
0,3407,data/raw/sow_call_dataset_labeled/feeding/308-1.wav,62f84208f3d66bc2106eced8f9723a09,63986,DEMAND,DWASHING,data/noise_sources/demand/audio/DWASHING/ch01.wav,ff033b73096b456e83fa0fbf21625a80fcbb24af6c3c1bfe9aa94587ca64f394,1.0,20.0,True,zero_shot_frozen,False,7444796.0,2.1917948220341786e+17,377.93868802714655,0.012773211129055792,2958.83849572824,20.000000345293273,19.99990488564473,3329.5439453125,0.00030004109163552043,True,7.0
0,3407,data/raw/sow_call_dataset_labeled/feeding/411-1.wav,34ffe8b85e2dd2ea42fae8d315374606,63998,DEMAND,DWASHING,data/noise_sources/demand/audio/DWASHING/ch01.wav,ff033b73096b456e83fa0fbf21625a80fcbb24af6c3c1bfe9aa94587ca64f394,1.0,20.0,True,zero_shot_frozen,False,3759273.0,4.3836927852025376e+17,398.75886637335407,0.016475219186404662,2420.3554554370335,19.999999954932175,19.999932146004113,3751.480712890625,0.00026629485167477816,True,1.0
0,3407,data/external/korea_raw/dry_cough/train_dry_02449.wav,2896dd842b3141f1521d6e69312d7362,18497,DEMAND,DWASHING,data/noise_sources/demand/audio/DWASHING/ch01.wav,ff033b73096b456e83fa0fbf21625a80fcbb24af6c3c1bfe9aa94587ca64f394,1.0,20.0,True,zero_shot_frozen,False,1232898.0,8.293132126750633e+18,0.07343115627623883,0.01629725097935454,0.4505738812592497,19.999999806390594,16.70527943053147,0.41759324073791504,1.0,False,22751.0
0,3407,data/raw/sow_call_dataset_labeled/calm_grunt/35-0.wav,bce14de9ae101013d89c90c1a29bb636,64000,DEMAND,DWASHING,data/noise_sources/demand/audio/DWASHING/ch01.wav,ff033b73096b456e83fa0fbf21625a80fcbb24af6c3c1bfe9aa94587ca64f394,1.0,20.0,True,zero_shot_frozen,False,4999499.0,8.225218332610379e+18,565.1370232751316,0.00937386708719914,6028.856799632642,19.999999808130223,19.999999808130223,9203.3251953125,0.00010854772365414377,True,0.0
0,3407,data/raw/sow_call_dataset_labeled/feeding/387-1.wav,9241924820d30258f1b5a5e9d94aeac0,64000,DEMAND,DWASHING,data/noise_sources/demand/audio/DWASHING/ch01.wav,ff033b73096b456e83fa0fbf21625a80fcbb24af6c3c1bfe9aa94587ca64f394,1.0,20.0,True,zero_shot_frozen,False,6445720.0,6.444956859121375e+18,844.63572587174,0.017928108596437203,4711.237224653982,19.999999852310278,19.999999852310278,5290.763671875,0.00018881962263983778,True,0.0
0,3407,data/raw/sow_call_dataset_labeled/anxious_stress/1616-3.wav,6063d92c24fe5f2476915494d06f6c8a,63987,DEMAND,DWASHING,data/noise_sources/demand/audio/DWASHING/ch01.wav,ff033b73096b456e83fa0fbf21625a80fcbb24af6c3c1bfe9aa94587ca64f394,1.0,20.0,True,zero_shot_frozen,False,1211721.0,6.63637406147111e+18,627.475414910057,0.012912043386912375,4859.613587931907,19.999999676596165,19.99914905911567,3971.891357421875,0.00025151745355100636,True,6.0
0,3407,data/raw/sow_call_dataset_labeled/calm_grunt/155-0.wav,68510d2282aa7349ec4e06faa0638875,64000,DEMAND,DWASHING,data/noise_sources/demand/audio/DWASHING/ch01.wav,ff033b73096b456e83fa0fbf21625a80fcbb24af6c3c1bfe9aa94587ca64f394,1.0,20.0,True,zero_shot_frozen,False,7778283.0,7.363301310572522e+18,897.9188141246865,0.01650182184316549,5441.331403638775,19.999999778487943,19.999999778487943,11880.0302734375,8.409069480518573e-05,True,0.0
0,3407,data/raw/sow_call_dataset_labeled/anxious_stress/1468-3.wav,d20184e28961e933d131951e2eb5242b,64000,DEMAND,DWASHING,data/noise_sources/demand/audio/DWASHING/ch01.wav,ff033b73096b456e83fa0fbf21625a80fcbb24af6c3c1bfe9aa94587ca64f394,1.0,20.0,True,zero_shot_frozen,False,5547732.0,4.185756331994092e+18,483.6170731235223,0.013079171175823806,3697.612536927908,19.99999996924956,19.99999996924956,4193.921875,0.00023820186206973635,True,0.0
0,3407,data/raw/sow_call_dataset_labeled/calm_grunt/86-0.wav,6686d8c376a0e89e3ba4cf02a3221421,64000,DEMAND,DWASHING,data/noise_sources/demand/audio/DWASHING/ch01.wav,ff033b73096b456e83fa0fbf21625a80fcbb24af6c3c1bfe9aa94587ca64f394,1.0,20.0,True,zero_shot_frozen,False,1518951.0,3.018236084374787e+18,953.8544513051378,0.0159826754815262,5968.052422810335,20.000000258687855,20.000000258687855,15591.0361328125,6.40752796344003e-05,True,0.0
0,3407,data/external/korea_raw/abdominal_cough/train_abdominal_05140.wav,ffc07baef90cf2dfcbaa9c4fa0e982c0,13985,DEMAND,DWASHING,data/noise_sources/demand/audio/DWASHING/ch01.wav,ff033b73096b456e83fa0fbf21625a80fcbb24af6c3c1bfe9aa94587ca64f394,1.0,20.0,True,zero_shot_frozen,False,5373805.0,9.178691060545167e+18,0.0378744874036115,0.010415357047128558,0.36364079725959303,20.000000287845484,12.213885167870597,0.20909573137760162,1.0,False,25007.0
0,3407,data/raw/sow_call_dataset_labeled/feeding/321-1.wav,09b3ffe59b3de4c1fad3e875d3de4e0d,63992,DEMAND,DWASHING,data/noise_sources/demand/audio/DWASHING/ch01.wav,ff033b73096b456e83fa0fbf21625a80fcbb24af6c3c1bfe9aa94587ca64f394,1.0,20.0,True,zero_shot_frozen,False,9511320.0,2.8519129645419387e+18,670.3121940538623,0.012265491083643719,5465.025325791783,19.999999897705244,19.99991154574242,5210.00537109375,0.00019174644339959237,True,4.0
0,3407,data/raw/sow_call_dataset_labeled/feeding/461-1.wav,81b6b443e611971e62ee7f480b5e80b8,64000,DEMAND,DWASHING,data/noise_sources/demand/audio/DWASHING/ch01.wav,ff033b73096b456e83fa0fbf21625a80fcbb24af6c3c1bfe9aa94587ca64f394,1.0,10.0,True,zero_shot_frozen,False,9529882.0,1.3827451381012255e+18,330.3920405704791,0.01276587138903972,8184.254228743743,9.999999823602176,9.999999823602176,2911.296142578125,0.0003431461284166462,True,0.0
0,3407,data/raw/sow_call_dataset_labeled/calm_grunt/74-0.wav,231dcdc74cf41f59690ae1408467d2ee,64000,DEMAND,DWASHING,data/noise_sources/demand/audio/DWASHING/ch01.wav,ff033b73096b456e83fa0fbf21625a80fcbb24af6c3c1bfe9aa94587ca64f394,1.0,10.0,True,zero_shot_frozen,False,8411102.0,8.051364070248368e+18,689.0697472656415,0.011597711792707648,18788.446436874976,9.99999961454692,9.99999961454692,15043.82421875,6.640598729908634e-05,True,0.0
0,3407,data/external/korea_raw/dry_cough/train_dry_16871.wav,0087b3873541a379748a345b960d0af7,15649,DEMAND,DWASHING,data/noise_sources/demand/audio/DWASHING/ch01.wav,ff033b73096b456e83fa0fbf21625a80fcbb24af6c3c1bfe9aa94587ca64f394,1.0,10.0,True,zero_shot_frozen,False,2558570.0,5.716919467563332e+18,0.05542253586361861,0.011342072811602552,1.5452329564673175,9.999999693181497,0.7053460134485579,0.3695674538612366,1.0,False,24175.0
0,3407,data/raw/sow_call_dataset_labeled/anxious_stress/1567-3.wav,d76bf0e98eb7f34a4269a6dcebf2b860,64000,DEMAND,DWASHING,data/noise_sources/demand/audio/DWASHING/ch01.wav,ff033b73096b456e83fa0fbf21625a80fcbb24af6c3c1bfe9aa94587ca64f394,1.0,10.0,True,zero_shot_frozen,False,6506657.0,5.656351988412067e+18,2160.9679133716404,0.012005409915949167,56920.843225164805,9.999999916655774,9.999999916655774,13080.40234375,7.637379751375433e-05,True,0.0
0,3407,data/external/korea_raw/abdominal_cough/train_abdominal_00145.wav,e49ea7e3eb02dd8208d5767cc2a865bd,13760,DEMAND,DWASHING,data/noise_sources/demand/audio/DWASHING/ch01.wav,ff033b73096b456e83fa0fbf21625a80fcbb24af6c3c1bfe9aa94587ca64f394,1.0,10.0,True,zero_shot_frozen,False,6965243.0,7.371684095949564e+18,0.054280202175761995,0.019057564330351953,0.9006873478394037,10.000000109928411,5.1940566810642785,0.2717130780220032,1.0,False,25120.0
0,3407,data/raw/sow_call_dataset_labeled/calm_grunt/126-0.wav,36fb7ca69b77d3439d07d4eed5009620,64000,DEMAND,DWASHING,data/noise_sources/demand/audio/DWASHING/ch01.wav,ff033b73096b456e83fa0fbf21625a80fcbb24af6c3c1bfe9aa94587ca64f394,1.0,10.0,True,zero_shot_frozen,False,1256592.0,8.216418327738572e+18,612.6466638729408,0.013064792230790143,14828.853184333555,9.999999812815117,9.999999812815117,8090.83154296875,0.00012347309354971927,True,0.0
0,3407,data/raw/sow_call_dataset_labeled/feeding/422-1.wav,ad0e6cc5f381d90941387e48ac3c90e5,64000,DEMAND,DWASHING,data/noise_sources/demand/audio/DWASHING/ch01.wav,ff033b73096b456e83fa0fbf21625a80fcbb24af6c3c1bfe9aa94587ca64f394,1.0,10.0,True,zero_shot_frozen,False,686168.0,4.324177730228848e+18,553.9720628504172,0.012501453826395819,14012.878046315329,10.000000073769176,10.000000073769176,6324.1787109375,0.00015796517550528038,True,0.0
0,3407,data/raw/sow_call_dataset_labeled/frightened_stress/1033-2.wav,8922fbed7e0303ce8677c3bc946a39ed,63995,DEMAND,DWASHING,data/noise_sources/demand/audio/DWASHING/ch01.wav,ff033b73096b456e83fa0fbf21625a80fcbb24af6c3c1bfe9aa94587ca64f394,1.0,10.0,True,zero_shot_frozen,False,3688998.0,2.5363493408020777e+18,242.93468520624987,0.013583632621861021,5655.533753698581,10.000000094426674,9.999996803255835,2070.662109375,0.0004824543779871135,True,2.0
0,3407,data/external/korea_raw/dry_cough/train_dry_08957.wav,24488fa53abe2228b8830f93c083ba5d,16000,DEMAND,DWASHING,data/noise_sources/demand/audio/DWASHING/ch01.wav,ff033b73096b456e83fa0fbf21625a80fcbb24af6c3c1bfe9aa94587ca64f394,1.0,10.0,True,zero_shot_frozen,False,6809313.0,8.750677990469334e+18,0.1368990824889901,0.015607889075546512,2.773680080355921,10.000000340671374,4.1822179625162175,0.7376266121864319,1.0,False,24000.0
0,3407,data/raw/sow_call_dataset_labeled/calm_grunt/191-0.wav,3edbcd7e4d484f1fa45cd8c3904ed2b2,64000,DEMAND,DWASHING,data/noise_sources/demand/audio/DWASHING/ch01.wav,ff033b73096b456e83fa0fbf21625a80fcbb24af6c3c1bfe9aa94587ca64f394,1.0,10.0,True,zero_shot_frozen,False,370228.0,8.741287448600262e+18,1322.3588303029073,0.009733597807322204,42961.15239780679,10.000000008142742,10.000000008142742,17435.154296875,5.7298030346600164e-05,True,0.0
0,3407,data/external/korea_raw/dry_cough/train_dry_03883.wav,d33384b82a4c07ee3479d6a84e6a107a,16000,DEMAND,DWASHING,data/noise_sources/demand/audio/DWASHING/ch01.wav,ff033b73096b456e83fa0fbf21625a80fcbb24af6c3c1bfe9aa94587ca64f394,1.0,10.0,True,zero_shot_frozen,False,3210442.0,2.475565512016612e+18,0.05905472440135938,0.008859977875023557,2.1077641314236657,9.999999534858246,0.3647004483966873,0.3803909420967102,1.0,False,24000.0
0,3407,data/raw/sow_call_dataset_labeled/calm_grunt/164-0.wav,d61f937fb7139f1bd2472783afd2378a,64000,DEMAND,DWASHING,data/noise_sources/demand/audio/DWASHING/ch01.wav,ff033b73096b456e83fa0fbf21625a80fcbb24af6c3c1bfe9aa94587ca64f394,1.0,10.0,True,zero_shot_frozen,False,1695126.0,2.4410660802480992e+17,1226.1967713311983,0.013006323891231892,29812.99473531701,10.000000177057327,10.000000177057327,14992.013671875,6.663547818623743e-05,True,0.0
0,3407,data/external/korea_raw/dry_cough/train_dry_05642.wav,88d7f4aa29a5020b78bb91ee3a01937f,13056,DEMAND,DWASHING,data/noise_sources/demand/audio/DWASHING/ch01.wav,ff033b73096b456e83fa0fbf21625a80fcbb24af6c3c1bfe9aa94587ca64f394,1.0,10.0,True,zero_shot_frozen,False,3448884.0,3.511518344083402e+18,0.060270272855776005,0.015298558224876673,1.2458124133172004,9.999999980045727,5.536882956768477,0.38694941997528076,1.0,False,25472.0
0,3407,data/raw/sow_call_dataset_labeled/feeding/386-1.wav,14e3565af5b36ce69c196167511c0621,64000,DEMAND,DWASHING,data/noise_sources/demand/audio/DWASHING/ch01.wav,ff033b73096b456e83fa0fbf21625a80fcbb24af6c3c1bfe9aa94587ca64f394,1.0,10.0,True,zero_shot_frozen,False,2987531.0,8.34887723023489e+18,302.42735361492004,0.008138568282633452,11750.952144753015,9.999999995237076,9.999999995237076,2622.0126953125,0.00038100502022204584,True,0.0
0,3407,data/raw/sow_call_dataset_labeled/anxious_stress/1691-3.wav,ff6ed75be70451ec0c28fb565f81cd54,63988,DEMAND,DWASHING,data/noise_sources/demand/audio/DWASHING/ch01.wav,ff033b73096b456e83fa0fbf21625a80fcbb24af6c3c1bfe9aa94587ca64f394,1.0,10.0,True,zero_shot_frozen,False,6641433.0,3.4425792866507315e+18,496.3896603203642,0.018886306702585873,8311.428794888388,10.000000094525989,9.99983725030741,3824.04150390625,0.00026124193447678946,True,6.0
0,3407,data/external/korea_raw/abdominal_cough/train_abdominal_04314.wav,14cfa356c56f5fb97ab95f6e8f359b80,20001,DEMAND,DWASHING,data/noise_sources/demand/audio/DWASHING/ch01.wav,ff033b73096b456e83fa0fbf21625a80fcbb24af6c3c1bfe9aa94587ca64f394,1.0,10.0,True,zero_shot_frozen,False,321177.0,2.7133553199085537e+18,0.041687123283452435,0.005693820938015244,2.315251219015307,10.000000402149318,1.7298837859145335,0.189267098903656,1.0,False,21999.0
0,3407,data/external/korea_raw/dry_cough/train_dry_17215.wav,7de8d3e02d0b1fe49ade87fb918a2119,13536,DEMAND,DWASHING,data/noise_sources/demand/audio/DWASHING/ch01.wav,ff033b73096b456e83fa0fbf21625a80fcbb24af6c3c1bfe9aa94587ca64f394,1.0,10.0,True,zero_shot_frozen,False,6850162.0,6.152457582339466e+18,0.3094046526918556,0.010947208361623363,8.937652311337942,9.99999972993429,2.252663782977102,1.155456304550171,0.8645934909576,True,25232.0
0,3407,data/external/korea_raw/dry_cough/train_dry_08205.wav,6704c14d5e967fb2463c9162bfcd787d,22977,DEMAND,DWASHING,data/noise_sources/demand/audio/DWASHING/ch01.wav,ff033b73096b456e83fa0fbf21625a80fcbb24af6c3c1bfe9aa94587ca64f394,1.0,10.0,True,zero_shot_frozen,False,139572.0,7.482796497878906e+18,0.09645465766897002,0.024394690684533392,1.2503393181335052,10.000000335925973,7.218721623222951,0.5840489268302917,1.0,False,20511.0
0,3407,data/raw/sow_call_dataset_labeled/feeding/372-1.wav,a51ab823a33ac9f98b57ddd7d4c7dbac,64000,DEMAND,DWASHING,data/noise_sources/demand/audio/DWASHING/ch01.wav,ff033b73096b456e83fa0fbf21625a80fcbb24af6c3c1bfe9aa94587ca64f394,1.0,10.0,True,zero_shot_frozen,False,4453994.0,2.372258320801152e+18,174.77702599599246,0.013949968154714111,3961.9695090918426,10.000000058869587,10.000000058869587,2065.6435546875,0.0004836265181052175,True,0.0
0,3407,data/raw/sow_call_dataset_labeled/calm_grunt/234-0.wav,60811846bec973804cf5cb64ea03726f,64000,DEMAND,DWASHING,data/noise_sources/demand/audio/DWASHING/ch01.wav,ff033b73096b456e83fa0fbf21625a80fcbb24af6c3c1bfe9aa94587ca64f394,1.0,10.0,True,zero_shot_frozen,False,6502717.0,3.1711393302165565e+18,1365.608504954749,0.012226764029786365,35319.51101071341,9.999999825797229,9.999999825797229,16056.509765625,6.22177555759182e-05,True,0.0
0,3407,data/raw/sow_call_dataset_labeled/anxious_stress/1358-3.wav,2d25df36b23419dad4eac8cb0c26741b,64000,DEMAND,DWASHING,data/noise_sources/demand/audio/DWASHING/ch01.wav,ff033b73096b456e83fa0fbf21625a80fcbb24af6c3c1bfe9aa94587ca64f394,1.0,10.0,True,zero_shot_frozen,False,643434.0,2.4032669813242614e+18,249.80913756039314,0.010545380876456267,7491.1078534569315,9.999999931290674,9.999999931290674,2274.270751953125,0.00043926168383516653,True,0.0
0,3407,data/external/korea_raw/abdominal_cough/train_abdominal_04310.wav,f720b0ab06424dff180f34747009278e,12000,DEMAND,DWASHING,data/noise_sources/demand/audio/DWASHING/ch01.wav,ff033b73096b456e83fa0fbf21625a80fcbb24af6c3c1bfe9aa94587ca64f394,1.0,10.0,True,zero_shot_frozen,False,5413913.0,7.817775489472886e+18,0.048781646970011076,0.007424135071407554,2.0778327839641517,10.00000035799993,-2.548981329428825,0.23227600753307343,1.0,False,26000.0
0,3407,data/raw/sow_call_dataset_labeled/anxious_stress/1628-3.wav,b4bafd8c58512f0cbd5d3fc95eff2e5e,64000,DEMAND,DWASHING,data/noise_sources/demand/audio/DWASHING/ch01.wav,ff033b73096b456e83fa0fbf21625a80fcbb24af6c3c1bfe9aa94587ca64f394,1.0,10.0,True,zero_shot_frozen,False,3816013.0,3.6706868328720394e+18,716.2477665910692,0.01428544904312878,15855.114561665621,10.000000172015874,10.000000172015874,7276.57421875,0.00013728987982089357,True,0.0
0,3407,data/external/korea_raw/dry_cough/train_dry_10991.wav,fed26a33f0b741bc95bbf8e3ae6cdaa1,10016,DEMAND,DWASHING,data/noise_sources/demand/audio/DWASHING/ch01.wav,ff033b73096b456e83fa0fbf21625a80fcbb24af6c3c1bfe9aa94587ca64f394,1.0,10.0,True,zero_shot_frozen,False,9263770.0,3.368663349440197e+18,0.11561164243036151,0.006238461700029386,5.860356794547361,9.999999978994094,-4.806429807257226,0.6040855050086975,1.0,False,26992.0
0,3407,data/raw/sow_call_dataset_labeled/anxious_stress/1697-3.wav,07cbbc074a5616ad1173d36f2d5a9c57,63996,DEMAND,DWASHING,data/noise_sources/demand/audio/DWASHING/ch01.wav,ff033b73096b456e83fa0fbf21625a80fcbb24af6c3c1bfe9aa94587ca64f394,1.0,10.0,True,zero_shot_frozen,False,7615303.0,5.8218946105494e+18,485.1177626907367,0.008813556726451894,17405.87950042458,10.000000294772192,9.99930323709721,2540.048095703125,0.00039329963936114416,True,2.0
0,3407,data/raw/sow_call_dataset_labeled/feeding/407-1.wav,194745edca2b4ea2108f74e6798de76b,64000,DEMAND,DWASHING,data/noise_sources/demand/audio/DWASHING/ch01.wav,ff033b73096b456e83fa0fbf21625a80fcbb24af6c3c1bfe9aa94587ca64f394,1.0,10.0,True,zero_shot_frozen,False,5384098.0,5.88780024018635e+18,651.8142671797953,0.011762581458829014,17523.514739483788,9.999999565891262,9.999999565891262,5010.33544921875,0.0001993878474056606,True,0.0
0,3407,data/external/korea_raw/abdominal_cough/train_abdominal_00976.wav,482167f50b0581254cf3db0cbf02e6d8,10113,DEMAND,DWASHING,data/noise_sources/demand/audio/DWASHING/ch01.wav,ff033b73096b456e83fa0fbf21625a80fcbb24af6c3c1bfe9aa94587ca64f394,1.0,10.0,True,zero_shot_frozen,False,7483574.0,1.991361568725683e+18,0.04119018243817605,0.0211689908839726,0.615309413927341,9.999999953706839,4.03498838527809,0.284740149974823,1.0,False,26943.0
0,3407,data/raw/sow_call_dataset_labeled/calm_grunt/198-0.wav,d6f78c29d16485f14e15c559ba612000,64000,DEMAND,DWASHING,data/noise_sources/demand/audio/DWASHING/ch01.wav,ff033b73096b456e83fa0fbf21625a80fcbb24af6c3c1bfe9aa94587ca64f394,1.0,10.0,True,zero_shot_frozen,False,1769687.0,7.150227690860661e+18,885.5858411836019,0.011693024756452937,23949.905008033566,10.000000255745077,10.000000255745077,15831.611328125,6.310159965999591e-05,True,0.0
0,3407,data/raw/sow_call_dataset_labeled/anxious_stress/1471-3.wav,ed129f6416e1cbbabfb2990dc4759456,63998,DEMAND,DWASHING,data/noise_sources/demand/audio/DWASHING/ch01.wav,ff033b73096b456e83fa0fbf21625a80fcbb24af6c3c1bfe9aa94587ca64f394,1.0,10.0,True,zero_shot_frozen,False,2665752.0,6.471804601415223e+18,3076.2518728593964,0.016633014038612975,58485.86763656468,10.000000061816666,9.999834626644034,20864.80859375,4.7879662806935496e-05,True,1.0
0,3407,data/raw/sow_call_dataset_labeled/anxious_stress/1694-3.wav,4cadeb71267741745df4bb50bad5fc80,64000,DEMAND,DWASHING,data/noise_sources/demand/audio/DWASHING/ch01.wav,ff033b73096b456e83fa0fbf21625a80fcbb24af6c3c1bfe9aa94587ca64f394,1.0,10.0,True,zero_shot_frozen,False,1607480.0,6.88592525958037e+18,825.0489726956336,0.012895331412890995,20232.391486209628,10.00000036425348,10.00000036425348,5272.31298828125,0.00018948040494190567,True,0.0
0,3407,data/raw/sow_call_dataset_labeled/calm_grunt/142-0.wav,c549a91a9505158b9f6442db3dcff4e4,64000,DEMAND,DWASHING,data/noise_sources/demand/audio/DWASHING/ch01.wav,ff033b73096b456e83fa0fbf21625a80fcbb24af6c3c1bfe9aa94587ca64f394,1.0,10.0,True,zero_shot_frozen,False,6912778.0,6.73612692330051e+18,1281.8327474401044,0.013955675441989007,29045.609996819894,10.000000188320383,10.000000188320383,15617.2783203125,6.396761199425241e-05,True,0.0
0,3407,data/raw/sow_call_dataset_labeled/anxious_stress/1437-3.wav,9dcd542137ab5deb241d9b7b2ed7c5c9,64000,DEMAND,DWASHING,data/noise_sources/demand/audio/DWASHING/ch01.wav,ff033b73096b456e83fa0fbf21625a80fcbb24af6c3c1bfe9aa94587ca64f394,1.0,10.0,True,zero_shot_frozen,False,4564253.0,9.056481469343745e+18,3939.1785986192194,0.015182892006254334,82044.82042482804,10.000000013155637,10.000000013155637,23474.126953125,4.2557493277380774e-05,True,0.0
0,3407,data/external/korea_raw/abdominal_cough/train_abdominal_14437.wav,12f71686d1214f4a37e7f533b384ea35,17280,DEMAND,DWASHING,data/noise_sources/demand/audio/DWASHING/ch01.wav,ff033b73096b456e83fa0fbf21625a80fcbb24af6c3c1bfe9aa94587ca64f394,1.0,10.0,True,zero_shot_frozen,False,2114341.0,1.7436209867658747e+18,0.05661227773846427,0.01070179119835625,1.672839040357006,9.999999968487721,2.0550522554425257,0.31883129477500916,1.0,False,23360.0
0,3407,data/raw/sow_call_dataset_labeled/anxious_stress/1561-3.wav,5fb81c5b843c88128bdd4a3474a270e3,64000,DEMAND,DWASHING,data/noise_sources/demand/audio/DWASHING/ch01.wav,ff033b73096b456e83fa0fbf21625a80fcbb24af6c3c1bfe9aa94587ca64f394,1.0,10.0,True,zero_shot_frozen,False,8289881.0,7.858276633370409e+18,583.0942348172008,0.013190786085284588,13978.741377607803,10.000000102278433,10.000000102278433,5070.31005859375,0.00019702937068055213,True,0.0
0,3407,data/raw/sow_call_dataset_labeled/calm_grunt/146-0.wav,e555283d4dcff3cbe68b58ea6baa9321,64000,DEMAND,DWASHING,data/noise_sources/demand/audio/DWASHING/ch01.wav,ff033b73096b456e83fa0fbf21625a80fcbb24af6c3c1bfe9aa94587ca64f394,1.0,10.0,True,zero_shot_frozen,False,9041133.0,3.3729988637733485e+17,1034.7847744680178,0.0111052841442545,29465.943715411846,10.000000106012871,10.000000106012871,15326.0185546875,6.518326964275099e-05,True,0.0
0,3407,data/raw/sow_call_dataset_labeled/feeding/385-1.wav,9fe1b1d16ab7b011126eec1b974d15be,64000,DEMAND,DWASHING,data/noise_sources/demand/audio/DWASHING/ch01.wav,ff033b73096b456e83fa0fbf21625a80fcbb24af6c3c1bfe9aa94587ca64f394,1.0,10.0,True,zero_shot_frozen,False,3956711.0,7.621154185368461e+18,652.0218966575002,0.015256574877185092,13514.66036340821,10.000000132451719,10.000000132451719,5588.48193359375,0.00017876053136984543,True,0.0
0,3407,data/raw/sow_call_dataset_labeled/feeding/347-1.wav,025adb61783547ff9a35c44600e53f23,64000,DEMAND,DWASHING,data/noise_sources/demand/audio/DWASHING/ch01.wav,ff033b73096b456e83fa0fbf21625a80fcbb24af6c3c1bfe9aa94587ca64f394,1.0,10.0,True,zero_shot_frozen,False,493605.0,6.209880524695684e+18,352.84780930980054,0.011597169986151817,9621.336465293814,9.99999958833191,9.99999958833191,4023.800048828125,0.0002482727739642393,True,0.0
0,3407,data/raw/sow_call_dataset_labeled/calm_grunt/220-0.wav,3a8f7f2ee112f7bb25ecfbfa9daf8e5a,64000,DEMAND,DWASHING,data/noise_sources/demand/audio/DWASHING/ch01.wav,ff033b73096b456e83fa0fbf21625a80fcbb24af6c3c1bfe9aa94587ca64f394,1.0,10.0,True,zero_shot_frozen,False,7419119.0,3.7232002161927255e+18,1629.5622357778977,0.014721308897267967,35004.55217681642,10.000000352695047,10.000000352695047,18179.43359375,5.495220711075681e-05,True,0.0
0,3407,data/raw/sow_call_dataset_labeled/feeding/326-1.wav,68271e05998f6bb287503513fa9477b1,63986,DEMAND,DWASHING,data/noise_sources/demand/audio/DWASHING/ch01.wav,ff033b73096b456e83fa0fbf21625a80fcbb24af6c3c1bfe9aa94587ca64f394,1.0,10.0,True,zero_shot_frozen,False,6665532.0,1.599955533246839e+17,1257.3880442340817,0.014957644624632355,26583.130046399117,9.999999727955768,9.999626583031946,13252.5185546875,7.53818978541741e-05,True,7.0
0,3407,data/raw/sow_call_dataset_labeled/feeding/362-1.wav,b3e4cd2d5cf837b812811f490fed3fb1,63995,DEMAND,DWASHING,data/noise_sources/demand/audio/DWASHING/ch01.wav,ff033b73096b456e83fa0fbf21625a80fcbb24af6c3c1bfe9aa94587ca64f394,1.0,10.0,True,zero_shot_frozen,False,8300743.0,6.713918530790939e+17,603.1509733220147,0.013276806076227405,14365.886175442187,10.000000268447929,9.999967185926904,5597.09814453125,0.00017848534619248937,True,2.0
0,3407,data/raw/sow_call_dataset_labeled/anxious_stress/1272-3.wav,ff6f943b9956c3adcddfef8911c4d1af,64000,DEMAND,DWASHING,data/noise_sources/demand/audio/DWASHING/ch01.wav,ff033b73096b456e83fa0fbf21625a80fcbb24af6c3c1bfe9aa94587ca64f394,1.0,10.0,True,zero_shot_frozen,False,183680.0,3.6162296432939853e+18,425.3430541197819,0.016698705881203004,8054.832796742907,9.999999772005493,9.999999772005493,2820.2001953125,0.0003542301719078149,True,0.0
0,3407,data/raw/sow_call_dataset_labeled/frightened_stress/934-2.wav,c1bbeae49e86333d4bd2c70e7d1857ff,63988,DEMAND,DWASHING,data/noise_sources/demand/audio/DWASHING/ch01.wav,ff033b73096b456e83fa0fbf21625a80fcbb24af6c3c1bfe9aa94587ca64f394,1.0,10.0,True,zero_shot_frozen,False,5633381.0,3.636199903910335e+18,165.8682129147972,0.011746710779800476,4465.261417131994,10.000000365570834,9.999275790721846,2317.02001953125,0.000431157258711172,True,6.0
0,3407,data/raw/sow_call_dataset_labeled/feeding/417-1.wav,8f86c8ddfdba8a759f93ddcddf3c6ca4,64000,DEMAND,DWASHING,data/noise_sources/demand/audio/DWASHING/ch01.wav,ff033b73096b456e83fa0fbf21625a80fcbb24af6c3c1bfe9aa94587ca64f394,1.0,10.0,True,zero_shot_frozen,False,2010907.0,1.8134608762201533e+18,558.077182472185,0.015842820714625654,11139.398965439865,9.999999653344688,9.999999653344688,5026.3427734375,0.00019875285968942922,True,0.0
0,3407,data/raw/sow_call_dataset_labeled/frightened_stress/668-2.wav,cf12385bb9ae5881f1be95db8e682af9,63996,DEMAND,DWASHING,data/noise_sources/demand/audio/DWASHING/ch01.wav,ff033b73096b456e83fa0fbf21625a80fcbb24af6c3c1bfe9aa94587ca64f394,1.0,10.0,True,zero_shot_frozen,False,7946826.0,7.086029625728531e+18,125.29251777555456,0.012559311403980845,3154.7090218839676,10.00000009924314,9.999975695268645,1287.8446044921875,0.0007757147069726767,True,2.0
0,3407,data/raw/sow_call_dataset_labeled/calm_grunt/151-0.wav,af2dea9baecdb955b1cd31003d1067a8,64000,DEMAND,DWASHING,data/noise_sources/demand/audio/DWASHING/ch01.wav,ff033b73096b456e83fa0fbf21625a80fcbb24af6c3c1bfe9aa94587ca64f394,1.0,10.0,True,zero_shot_frozen,False,1158560.0,5.697010513980555e+18,1022.6523819253595,0.01288792420029827,25092.56518909152,10.000000250724971,10.000000250724971,9550.6953125,0.00010459971418965733,True,0.0
0,3407,data/raw/sow_call_dataset_labeled/anxious_stress/1777-3.wav,8c25af4b7b10e82ca566df1c08e21410,64000,DEMAND,DWASHING,data/noise_sources/demand/audio/DWASHING/ch01.wav,ff033b73096b456e83fa0fbf21625a80fcbb24af6c3c1bfe9aa94587ca64f394,1.0,10.0,True,zero_shot_frozen,False,5152213.0,4.851428746385206e+18,367.3406052258028,0.017264432692417186,6728.474721839517,10.00000014013142,10.00000014013142,2185.363037109375,0.0004571322855910467,True,0.0
0,3407,data/external/korea_raw/abdominal_cough/train_abdominal_07806.wav,c3a126a94bddfdd955e8fad5c1655596,21088,DEMAND,DWASHING,data/noise_sources/demand/audio/DWASHING/ch01.wav,ff033b73096b456e83fa0fbf21625a80fcbb24af6c3c1bfe9aa94587ca64f394,1.0,10.0,True,zero_shot_frozen,False,2017493.0,3.387199132298535e+18,0.1663492143652448,0.012612359175547143,4.170848586311005,10.000000449996131,3.5166635012265717,0.980849027633667,1.0,False,21456.0
0,3407,data/raw/sow_call_dataset_labeled/feeding/288-1.wav,afb9ba311c29eb6543ac849e5b6bf4ec,63984,DEMAND,DWASHING,data/noise_sources/demand/audio/DWASHING/ch01.wav,ff033b73096b456e83fa0fbf21625a80fcbb24af6c3c1bfe9aa94587ca64f394,1.0,10.0,True,zero_shot_frozen,False,5939791.0,8.091361239754902e+18,693.5544062944717,0.010963949905294689,20003.845549104615,9.999999938486523,9.999230347401424,6772.10107421875,0.00014751699495495904,True,8.0
0,3407,data/raw/sow_call_dataset_labeled/calm_grunt/0-0.wav,375a9f28f51a47761e2685a85bf05fd5,64000,DEMAND,DWASHING,data/noise_sources/demand/audio/DWASHING/ch01.wav,ff033b73096b456e83fa0fbf21625a80fcbb24af6c3c1bfe9aa94587ca64f394,1.0,10.0,True,zero_shot_frozen,False,9273158.0,1.1879393456768264e+18,895.5736098104353,0.012826618649712159,22079.4934088373,9.999999709822834,9.999999709822834,15127.53125,6.6038534873296e-05,True,0.0
0,3407,data/external/korea_raw/dry_cough/train_dry_11727.wav,fc93924539d8087a01f3402a5a8c7d0b,12000,DEMAND,DWASHING,data/noise_sources/demand/audio/DWASHING/ch01.wav,ff033b73096b456e83fa0fbf21625a80fcbb24af6c3c1bfe9aa94587ca64f394,1.0,10.0,True,zero_shot_frozen,False,3319956.0,6.876289487026602e+18,0.0506836254697083,0.016702422504494118,0.9595955108672066,10.000000080358614,3.684739827775152,0.23652338981628418,1.0,False,26000.0
0,3407,data/external/korea_raw/dry_cough/train_dry_17197.wav,a81227276c0cb075353c856ae7e0af41,11456,DEMAND,DWASHING,data/noise_sources/demand/audio/DWASHING/ch01.wav,ff033b73096b456e83fa0fbf21625a80fcbb24af6c3c1bfe9aa94587ca64f394,1.0,10.0,True,zero_shot_frozen,False,4818611.0,4.0783304238184694e+18,0.16823038367116366,0.01611228254145728,3.3017741755462042,9.999999770276641,4.755726635883198,0.8429392576217651,1.0,False,26272.0
0,3407,data/raw/sow_call_dataset_labeled/feeding/431-1.wav,91ae5382a6836df66540a8ba89013364,63754,DEMAND,DWASHING,data/noise_sources/demand/audio/DWASHING/ch01.wav,ff033b73096b456e83fa0fbf21625a80fcbb24af6c3c1bfe9aa94587ca64f394,1.0,10.0,True,zero_shot_frozen,False,3950014.0,4.854306905679076e+18,756.5556176476762,0.015259647078143087,15678.206161064552,10.000000056397358,9.991203424334955,11897.8310546875,8.396488363367831e-05,True,123.0
0,3407,data/external/korea_raw/abdominal_cough/train_abdominal_01313.wav,a01b0c33cc7f711409675f20113a2224,15040,DEMAND,DWASHING,data/noise_sources/demand/audio/DWASHING/ch01.wav,ff033b73096b456e83fa0fbf21625a80fcbb24af6c3c1bfe9aa94587ca64f394,1.0,10.0,True,zero_shot_frozen,False,5216789.0,6.940510610192963e+18,0.04692561887131154,0.014004998732330997,1.0595633679263161,9.999999751356732,1.4015891014355164,0.23736384510993958,1.0,False,24480.0
0,3407,data/raw/sow_call_dataset_labeled/calm_grunt/193-0.wav,ca1ead94c16e1fb25c9557ecd7dcc551,64000,DEMAND,DWASHING,data/noise_sources/demand/audio/DWASHING/ch01.wav,ff033b73096b456e83fa0fbf21625a80fcbb24af6c3c1bfe9aa94587ca64f394,1.0,10.0,True,zero_shot_frozen,False,5899490.0,1.9145820805886912e+17,1062.7202043558248,0.012757051510427034,26343.206018233792,10.000000310396945,10.000000310396945,16278.2109375,6.137038055567954e-05,True,0.0
0,3407,data/external/korea_raw/abdominal_cough/train_abdominal_10313.wav,c13956b428478c5dd0c3458c16330570,14016,DEMAND,DWASHING,data/noise_sources/demand/audio/DWASHING/ch01.wav,ff033b73096b456e83fa0fbf21625a80fcbb24af6c3c1bfe9aa94587ca64f394,1.0,10.0,True,zero_shot_frozen,False,3863062.0,1.8974493309338463e+18,0.2093419926545001,0.016675676428379173,3.969839002032032,9.999999797038772,4.531691971928059,1.1184042692184448,0.8932369336341267,True,24992.0
0,3407,data/raw/sow_call_dataset_labeled/feeding/312-1.wav,293a15b43b9611cb2e3eba6d3f5372cc,64000,DEMAND,DWASHING,data/noise_sources/demand/audio/DWASHING/ch01.wav,ff033b73096b456e83fa0fbf21625a80fcbb24af6c3c1bfe9aa94587ca64f394,1.0,10.0,True,zero_shot_frozen,False,2085330.0,5.460632305094571e+18,888.6756050769391,0.015353695046109627,18303.340040503732,10.000000089379444,10.000000089379444,11020.6630859375,9.064790314429774e-05,True,0.0
0,3407,data/external/korea_raw/abdominal_cough/train_abdominal_11302.wav,3500df8d4dde9d30a7e33288debf2b46,14017,DEMAND,DWASHING,data/noise_sources/demand/audio/DWASHING/ch01.wav,ff033b73096b456e83fa0fbf21625a80fcbb24af6c3c1bfe9aa94587ca64f394,1.0,10.0,True,zero_shot_frozen,False,2910698.0,3.747446805924734e+18,0.05705357375906903,0.018507369589266926,0.9748508066522015,9.999999760505474,3.7946936772011535,0.3237960636615753,1.0,False,24991.0
0,3407,data/raw/sow_call_dataset_labeled/frightened_stress/1063-2.wav,a7e2073c043365484b8a8e53a336da67,64000,DEMAND,DWASHING,data/noise_sources/demand/audio/DWASHING/ch01.wav,ff033b73096b456e83fa0fbf21625a80fcbb24af6c3c1bfe9aa94587ca64f394,1.0,10.0,True,zero_shot_frozen,False,7484644.0,8.257150460705336e+18,170.68299385195073,0.016724727886353912,3227.239463005389,9.999999895572829,9.999999895572829,1726.92431640625,0.0005784851081829289,True,0.0
0,3407,data/raw/sow_call_dataset_labeled/anxious_stress/1422-3.wav,01f9891a3e4465b442eb23655620dc44,64000,DEMAND,DWASHING,data/noise_sources/demand/audio/DWASHING/ch01.wav,ff033b73096b456e83fa0fbf21625a80fcbb24af6c3c1bfe9aa94587ca64f394,1.0,10.0,True,zero_shot_frozen,False,2558435.0,6.573136717846151e+18,354.3738632589609,0.016357404320047324,6850.894733695339,10.000000261073922,10.000000261073922,2015.1397705078125,0.0004957472502010385,True,0.0
0,3407,data/raw/sow_call_dataset_labeled/calm_grunt/182-0.wav,5ec24f69341475ee529256c8a2d68016,64000,DEMAND,DWASHING,data/noise_sources/demand/audio/DWASHING/ch01.wav,ff033b73096b456e83fa0fbf21625a80fcbb24af6c3c1bfe9aa94587ca64f394,1.0,10.0,True,zero_shot_frozen,False,7514232.0,6.945344892077864e+18,935.2707237111393,0.018682570767144316,15830.721332005016,9.99999981438329,9.99999981438329,15959.748046875,6.259497312024354e-05,True,0.0
0,3407,data/external/korea_raw/dry_cough/train_dry_09239.wav,2f9ff30122974c3c0529764de066c3c9,19360,DEMAND,DWASHING,data/noise_sources/demand/audio/DWASHING/ch01.wav,ff033b73096b456e83fa0fbf21625a80fcbb24af6c3c1bfe9aa94587ca64f394,1.0,10.0,True,zero_shot_frozen,False,6722753.0,8.36580190290537e+18,0.09613606142838353,0.02210986830440467,1.3749919954565646,9.999999886900142,6.345817455520041,0.5468653440475464,1.0,False,22320.0
0,3407,data/external/korea_raw/abdominal_cough/train_abdominal_17672.wav,f15a33f36baf2b8e736629781a6abc75,13920,DEMAND,DWASHING,data/noise_sources/demand/audio/DWASHING/ch01.wav,ff033b73096b456e83fa0fbf21625a80fcbb24af6c3c1bfe9aa94587ca64f394,1.0,10.0,True,zero_shot_frozen,False,6392588.0,6.077804999300906e+18,0.06527721364023754,0.015143435310177467,1.363129766690585,10.000000202522097,1.5986580961226358,0.2916097640991211,1.0,False,25040.0
0,3407,data/raw/sow_call_dataset_labeled/anxious_stress/1297-3.wav,15736b80e0e4f5e334117af31330abe5,63991,DEMAND,DWASHING,data/noise_sources/demand/audio/DWASHING/ch01.wav,ff033b73096b456e83fa0fbf21625a80fcbb24af6c3c1bfe9aa94587ca64f394,1.0,10.0,True,zero_shot_frozen,False,520153.0,4.339661209998791e+18,200.41826714700306,0.006241673398611572,10153.979043978921,9.99999962054077,9.999227200496374,1482.6688232421875,0.0006737849911860038,True,4.0
0,3407,data/external/korea_raw/abdominal_cough/train_abdominal_00790.wav,be383be0d5e164640f96e7b8c086be90,13184,DEMAND,DWASHING,data/noise_sources/demand/audio/DWASHING/ch01.wav,ff033b73096b456e83fa0fbf21625a80fcbb24af6c3c1bfe9aa94587ca64f394,1.0,10.0,True,zero_shot_frozen,False,54870.0,6.898545005804389e+18,0.0518932068304845,0.009508009274246186,1.7259209992466955,9.999999817974338,2.0869283969492307,0.2622963488101959,1.0,False,25408.0
0,3407,data/raw/sow_call_dataset_labeled/feeding/444-1.wav,6e8f71772e6578a1413f49c0b64622ef,64000,DEMAND,DWASHING,data/noise_sources/demand/audio/DWASHING/ch01.wav,ff033b73096b456e83fa0fbf21625a80fcbb24af6c3c1bfe9aa94587ca64f394,1.0,10.0,True,zero_shot_frozen,False,7271611.0,3.631700846716442e+18,1206.573424250525,0.01827107238856372,20882.847507344562,9.999999935331205,9.999999935331205,15860.86328125,6.298522232273277e-05,True,0.0
0,3407,data/external/korea_raw/abdominal_cough/train_abdominal_08082.wav,d30dcaf230f9e2a911e1947f21cca67c,16928,DEMAND,DWASHING,data/noise_sources/demand/audio/DWASHING/ch01.wav,ff033b73096b456e83fa0fbf21625a80fcbb24af6c3c1bfe9aa94587ca64f394,1.0,10.0,True,zero_shot_frozen,False,5832205.0,1.1242614654388978e+17,0.07929913907403835,0.01945104243745935,1.2892157156651154,10.000000219021864,5.835147732988146,0.5048840045928955,1.0,False,23536.0
0,3407,data/external/korea_raw/abdominal_cough/train_abdominal_02327.wav,f671afbd25fd76072e59a1ea9a30ef8f,13536,DEMAND,DWASHING,data/noise_sources/demand/audio/DWASHING/ch01.wav,ff033b73096b456e83fa0fbf21625a80fcbb24af6c3c1bfe9aa94587ca64f394,1.0,10.0,True,zero_shot_frozen,False,7680896.0,3.1047034183207444e+18,0.031630398778738876,0.01370130668109691,0.7300333155685215,9.999999735835226,2.5245848749714006,0.1549428105354309,1.0,False,25232.0
0,3407,data/raw/sow_call_dataset_labeled/calm_grunt/66-0.wav,9a1f2c7d433b216204177eeaf261b0b5,64000,DEMAND,DWASHING,data/noise_sources/demand/audio/DWASHING/ch01.wav,ff033b73096b456e83fa0fbf21625a80fcbb24af6c3c1bfe9aa94587ca64f394,1.0,10.0,True,zero_shot_frozen,False,1877475.0,1.8680449911469443e+18,922.061769499096,0.014388307895383267,20265.171945047867,10.000000017473416,10.000000017473416,15793.4755859375,6.325396804294989e-05,True,0.0
0,3407,data/raw/sow_call_dataset_labeled/calm_grunt/46-0.wav,937e8cf48f631aa7ec7153f60ad2f192,64000,DEMAND,DWASHING,data/noise_sources/demand/audio/DWASHING/ch01.wav,ff033b73096b456e83fa0fbf21625a80fcbb24af6c3c1bfe9aa94587ca64f394,1.0,10.0,True,zero_shot_frozen,False,5443346.0,6.762295459490883e+18,807.7225364948797,0.015872769045922584,16091.980708485351,10.000000126579792,10.000000126579792,14826.669921875,6.73785823292723e-05,True,0.0
0,3407,data/raw/sow_call_dataset_labeled/feeding/492-1.wav,b998236fc8e1bd90177833e700992ddb,63988,DEMAND,DWASHING,data/noise_sources/demand/audio/DWASHING/ch01.wav,ff033b73096b456e83fa0fbf21625a80fcbb24af6c3c1bfe9aa94587ca64f394,1.0,10.0,True,zero_shot_frozen,False,6748303.0,2.328093740572906e+18,253.67080108739273,0.017074585361112504,4698.078989037379,9.999999794418812,9.998601374901918,2639.34912109375,0.00037850240880070196,True,6.0
0,3407,data/raw/sow_call_dataset_labeled/calm_grunt/13-0.wav,1e6abaca4ee7e6ae5e9ddcd4c3bc70ee,64000,DEMAND,DWASHING,data/noise_sources/demand/audio/DWASHING/ch01.wav,ff033b73096b456e83fa0fbf21625a80fcbb24af6c3c1bfe9aa94587ca64f394,1.0,10.0,True,zero_shot_frozen,False,5988947.0,7.410660458112748e+18,1594.4521304256807,0.005465792906669367,92248.28745524977,9.99999985126097,9.99999985126097,18751.154296875,5.327672015191565e-05,True,0.0
0,3407,data/raw/sow_call_dataset_labeled/frightened_stress/1096-2.wav,9ea43ffa0a9fefd061e5e02543126bec,63990,DEMAND,DWASHING,data/noise_sources/demand/audio/DWASHING/ch01.wav,ff033b73096b456e83fa0fbf21625a80fcbb24af6c3c1bfe9aa94587ca64f394,1.0,10.0,True,zero_shot_frozen,False,2423414.0,4.2817760973819505e+18,236.52666961097475,0.009857786867322976,7587.53474194287,10.000000087732232,9.999875457806015,2532.5166015625,0.00039446927983952476,True,5.0
0,3407,data/raw/sow_call_dataset_labeled/feeding/355-1.wav,92852d0b9cb15d83bc32ce24b43cd421,64000,DEMAND,DWASHING,data/noise_sources/demand/audio/DWASHING/ch01.wav,ff033b73096b456e83fa0fbf21625a80fcbb24af6c3c1bfe9aa94587ca64f394,1.0,10.0,True,zero_shot_frozen,False,8946710.0,4.704388940529684e+18,726.071745247488,0.013495797786275717,17013.002832707753,10.000000443509567,10.000000443509567,6695.91064453125,0.000149195539342496,True,0.0
0,3407,data/external/korea_raw/dry_cough/train_dry_14835.wav,2a6f1b93023cf43370fb4ddc4a25c557,18272,DEMAND,DWASHING,data/noise_sources/demand/audio/DWASHING/ch01.wav,ff033b73096b456e83fa0fbf21625a80fcbb24af6c3c1bfe9aa94587ca64f394,1.0,10.0,True,zero_shot_frozen,False,1565923.0,2.670099079854511e+18,0.06389787947538701,0.019457089085478472,1.038504968083611,10.000000080786545,5.398035613322617,0.37558063864707947,1.0,False,22864.0
0,3407,data/raw/sow_call_dataset_labeled/feeding/480-1.wav,314c5b727c3e60e13838edeb09727eb6,64000,DEMAND,DWASHING,data/noise_sources/demand/audio/DWASHING/ch01.wav,ff033b73096b456e83fa0fbf21625a80fcbb24af6c3c1bfe9aa94587ca64f394,1.0,10.0,True,zero_shot_frozen,False,1988385.0,8.63459100457411e+18,388.98274525887217,0.01293336112574882,9510.841254360164,10.00000039577425,10.00000039577425,4281.57763671875,0.00023332520971536052,True,0.0
0,3407,data/raw/sow_call_dataset_labeled/feeding/475-1.wav,fff1ba8bfd4f7a2c0c937a21d2533e26,64000,DEMAND,DWASHING,data/noise_sources/demand/audio/DWASHING/ch01.wav,ff033b73096b456e83fa0fbf21625a80fcbb24af6c3c1bfe9aa94587ca64f394,1.0,10.0,True,zero_shot_frozen,False,1030038.0,3.7314240120173635e+18,268.59140350268495,0.011331843818214156,7495.343287776329,10.000000032018093,10.000000032018093,2324.39501953125,0.0004297892533780526,True,0.0
0,3407,data/raw/sow_call_dataset_labeled/feeding/343-1.wav,04444d7ef6c62b6da94486d0aced7cd9,64000,DEMAND,DWASHING,data/noise_sources/demand/audio/DWASHING/ch01.wav,ff033b73096b456e83fa0fbf21625a80fcbb24af6c3c1bfe9aa94587ca64f394,1.0,10.0,True,zero_shot_frozen,False,1651495.0,5.274398888622584e+18,908.7684383478191,0.009941715012584274,28906.261416825673,9.999999903378832,9.999999903378832,11372.8681640625,8.784063840261271e-05,True,0.0
0,3407,data/raw/sow_call_dataset_labeled/feeding/389-1.wav,43ae73622c7a2432d7d3632134dda63a,63990,DEMAND,DWASHING,data/noise_sources/demand/audio/DWASHING/ch01.wav,ff033b73096b456e83fa0fbf21625a80fcbb24af6c3c1bfe9aa94587ca64f394,1.0,10.0,True,zero_shot_frozen,False,8959108.0,2.2568266225690345e+18,1134.1709979160391,0.013432541599395956,26700.558364040735,9.999999925315336,9.999771106591568,13773.6318359375,7.252988985762325e-05,True,5.0
0,3407,data/raw/sow_call_dataset_labeled/feeding/427-1.wav,fb79ad436b991a7f85596c6e029a1a41,63986,DEMAND,DWASHING,data/noise_sources/demand/audio/DWASHING/ch01.wav,ff033b73096b456e83fa0fbf21625a80fcbb24af6c3c1bfe9aa94587ca64f394,1.0,10.0,True,zero_shot_frozen,False,2288603.0,2.5383362798483315e+17,645.1817983714217,0.016373134341345002,12460.924983588735,10.000000131841094,9.99914196966408,4212.11181640625,0.00023717319091788526,True,7.0
0,3407,data/raw/sow_call_dataset_labeled/anxious_stress/1334-3.wav,11d045bea6c3d64015b13638a7d53109,63997,DEMAND,DWASHING,data/noise_sources/demand/audio/DWASHING/ch01.wav,ff033b73096b456e83fa0fbf21625a80fcbb24af6c3c1bfe9aa94587ca64f394,1.0,10.0,True,zero_shot_frozen,False,6223856.0,1.0605468285292536e+18,3811.8301009912243,0.014512823135107008,83058.03123558183,10.000000001401787,9.999822864528907,21660.990234375,4.6119775189900264e-05,True,1.0
0,3407,data/raw/sow_call_dataset_labeled/anxious_stress/1383-3.wav,b3b31954241bce03f5720874592aee72,63992,DEMAND,DWASHING,data/noise_sources/demand/audio/DWASHING/ch01.wav,ff033b73096b456e83fa0fbf21625a80fcbb24af6c3c1bfe9aa94587ca64f394,1.0,10.0,True,zero_shot_frozen,False,7636725.0,5.908908974153993e+18,1199.8548664566226,0.009661388102851703,39272.55793109227,9.999999852991227,9.999139640102868,7269.337890625,0.0001374265462729933,True,4.0
0,3407,data/raw/sow_call_dataset_labeled/frightened_stress/571-2.wav,08169455610f31ed96247239437ecadf,64000,DEMAND,DWASHING,data/noise_sources/demand/audio/DWASHING/ch01.wav,ff033b73096b456e83fa0fbf21625a80fcbb24af6c3c1bfe9aa94587ca64f394,1.0,10.0,True,zero_shot_frozen,False,8440792.0,2.2661921506307597e+18,82.93683624858953,0.0073038805692099106,3590.821372128876,10.00000020053786,10.00000020053786,813.203857421875,0.0012284742514222205,True,0.0
0,3407,data/external/korea_raw/abdominal_cough/train_abdominal_06751.wav,1d8dba5e198d447b4483b7ae2ad71b2f,10976,DEMAND,DWASHING,data/noise_sources/demand/audio/DWASHING/ch01.wav,ff033b73096b456e83fa0fbf21625a80fcbb24af6c3c1bfe9aa94587ca64f394,1.0,10.0,True,zero_shot_frozen,False,5453501.0,1.978748914355103e+18,0.0590139803387406,0.020765612590187173,0.898690519493763,9.999999977749898,4.525279630445351,0.3150298595428467,1.0,False,26512.0
0,3407,data/raw/sow_call_dataset_labeled/calm_grunt/133-0.wav,4d295214452277e46a9aa9d386bf4466,64000,DEMAND,DWASHING,data/noise_sources/demand/audio/DWASHING/ch01.wav,ff033b73096b456e83fa0fbf21625a80fcbb24af6c3c1bfe9aa94587ca64f394,1.0,10.0,True,zero_shot_frozen,False,7409053.0,2.0863552314928184e+18,1228.2898693684476,0.01378954757513572,28167.66534906965,9.999999792101487,9.999999792101487,16519.947265625,6.047234800069471e-05,True,0.0
0,3407,data/raw/sow_call_dataset_labeled/calm_grunt/134-0.wav,f5e6656b16432a15c846dda524aab2f7,64000,DEMAND,DWASHING,data/noise_sources/demand/audio/DWASHING/ch01.wav,ff033b73096b456e83fa0fbf21625a80fcbb24af6c3c1bfe9aa94587ca64f394,1.0,10.0,True,zero_shot_frozen,False,4316280.0,1.956203886573315e+18,1263.1512551834044,0.011324822719554635,35271.50132586989,10.000000328846077,10.000000328846077,16542.541015625,6.0389755059782534e-05,True,0.0
0,3407,data/raw/sow_call_dataset_labeled/anxious_stress/1682-3.wav,22f617734eec4c14399d7edd05952a94,64000,DEMAND,DWASHING,data/noise_sources/demand/audio/DWASHING/ch01.wav,ff033b73096b456e83fa0fbf21625a80fcbb24af6c3c1bfe9aa94587ca64f394,1.0,10.0,True,zero_shot_frozen,False,6325082.0,7.839011770757097e+18,3713.545213927236,0.00993250611949494,118230.5948644554,10.000000075603758,10.000000075603758,22552.935546875,4.429578570486468e-05,True,0.0
0,3407,data/raw/sow_call_dataset_labeled/anxious_stress/1376-3.wav,7955ec6fe3a43547095c229605227135,64000,DEMAND,DWASHING,data/noise_sources/demand/audio/DWASHING/ch01.wav,ff033b73096b456e83fa0fbf21625a80fcbb24af6c3c1bfe9aa94587ca64f394,1.0,10.0,True,zero_shot_frozen,False,9171990.0,1.0555016748679416e+18,430.83975926257386,0.011186076850086388,12179.738831472787,9.999999692052116,9.999999692052116,3568.1318359375,0.00027997844416461146,True,0.0
0,3407,data/raw/sow_call_dataset_labeled/anxious_stress/1494-3.wav,c96e034455453c8a80062c77d5b0ffd8,64000,DEMAND,DWASHING,data/noise_sources/demand/audio/DWASHING/ch01.wav,ff033b73096b456e83fa0fbf21625a80fcbb24af6c3c1bfe9aa94587ca64f394,1.0,10.0,True,zero_shot_frozen,False,8648615.0,4.732067310607653e+18,3764.493110548208,0.01790648549865276,66480.78689835605,9.999999717495909,9.999999717495909,22776.865234375,4.3860293755099466e-05,True,0.0
0,3407,data/raw/sow_call_dataset_labeled/calm_grunt/163-0.wav,5695337a3756b87cd039848c7ee34d5d,64000,DEMAND,DWASHING,data/noise_sources/demand/audio/DWASHING/ch01.wav,ff033b73096b456e83fa0fbf21625a80fcbb24af6c3c1bfe9aa94587ca64f394,1.0,10.0,True,zero_shot_frozen,False,3418243.0,6.420211853100368e+18,1012.4039790838016,0.014008404027425168,22854.155832844986,9.999999837391657,9.999999837391657,16361.16796875,6.105921055930117e-05,True,0.0
0,3407,data/raw/sow_call_dataset_labeled/calm_grunt/200-0.wav,9f56e233d86a50f8c07037764ffc404c,64000,DEMAND,DWASHING,data/noise_sources/demand/audio/DWASHING/ch01.wav,ff033b73096b456e83fa0fbf21625a80fcbb24af6c3c1bfe9aa94587ca64f394,1.0,10.0,True,zero_shot_frozen,False,1407942.0,5.768307978314325e+18,1501.611902094328,0.0077868816030587686,60980.94223457275,10.000000120745629,10.000000120745629,17377.669921875,5.7487569075210675e-05,True,0.0
0,3407,data/raw/sow_call_dataset_labeled/calm_grunt/181-0.wav,66d65c98af61f5b9edb344b18a179881,64000,DEMAND,DWASHING,data/noise_sources/demand/audio/DWASHING/ch01.wav,ff033b73096b456e83fa0fbf21625a80fcbb24af6c3c1bfe9aa94587ca64f394,1.0,10.0,True,zero_shot_frozen,False,5444033.0,8.193636810552374e+18,1080.7881855900323,0.015862690202580382,21545.85565889265,10.00000007723836,10.00000007723836,15276.05859375,6.53964498675547e-05,True,0.0
0,3407,data/raw/sow_call_dataset_labeled/feeding/489-1.wav,cc82b9acc5ec838472efea0356add029,63988,DEMAND,DWASHING,data/noise_sources/demand/audio/DWASHING/ch01.wav,ff033b73096b456e83fa0fbf21625a80fcbb24af6c3c1bfe9aa94587ca64f394,1.0,10.0,True,zero_shot_frozen,False,4749891.0,4.589186791542316e+18,111.61931926581481,0.01264235410406983,2791.974317851606,9.999999846902439,9.999961201990587,1364.7166748046875,0.0007320200730623978,True,6.0
0,3407,data/external/korea_raw/dry_cough/train_dry_17231.wav,414bbf0cced84b1b83253974ff72e055,20064,DEMAND,DWASHING,data/noise_sources/demand/audio/DWASHING/ch01.wav,ff033b73096b456e83fa0fbf21625a80fcbb24af6c3c1bfe9aa94587ca64f394,1.0,10.0,True,zero_shot_frozen,False,3830405.0,8.224232056941604e+18,0.15677584411372072,0.01694135647708442,2.9263816635076223,10.000000224348282,5.787340415971778,0.9233164191246033,1.0,False,21968.0
0,3407,data/raw/sow_call_dataset_labeled/feeding/406-1.wav,bf2cba2c96bb0cc4a444e2aed3985121,64000,DEMAND,DWASHING,data/noise_sources/demand/audio/DWASHING/ch01.wav,ff033b73096b456e83fa0fbf21625a80fcbb24af6c3c1bfe9aa94587ca64f394,1.0,10.0,True,zero_shot_frozen,False,7128517.0,4.905749637948424e+18,527.5342874146062,0.01631860742052146,10222.746641764279,9.999999633469406,9.999999633469406,3720.0234375,0.00026854669514430983,True,0.0
0,3407,data/raw/sow_call_dataset_labeled/calm_grunt/255-0.wav,7fe4de8d725fb04b3437a3a1c91ff7ab,64000,DEMAND,DWASHING,data/noise_sources/demand/audio/DWASHING/ch01.wav,ff033b73096b456e83fa0fbf21625a80fcbb24af6c3c1bfe9aa94587ca64f394,1.0,10.0,True,zero_shot_frozen,False,3085155.0,4.787427986252307e+18,1961.689035486129,0.015502103249852548,40016.54042121056,10.00000029405885,10.00000029405885,16082.1845703125,6.211842648816136e-05,True,0.0
0,3407,data/raw/sow_call_dataset_labeled/anxious_stress/1359-3.wav,18b5dc855acc6b3ee7d7d2daae3afaa4,64000,DEMAND,DWASHING,data/noise_sources/demand/audio/DWASHING/ch01.wav,ff033b73096b456e83fa0fbf21625a80fcbb24af6c3c1bfe9aa94587ca64f394,1.0,10.0,True,zero_shot_frozen,False,6148407.0,3.112828231210095e+18,665.4457462232906,0.010173122862684698,20685.135191423953,10.000000186568824,10.000000186568824,6361.5546875,0.00015703708434087088,True,0.0
0,3407,data/raw/sow_call_dataset_labeled/feeding/298-1.wav,a386793de4da5cae07e7e1b426e07f80,63997,DEMAND,DWASHING,data/noise_sources/demand/audio/DWASHING/ch01.wav,ff033b73096b456e83fa0fbf21625a80fcbb24af6c3c1bfe9aa94587ca64f394,1.0,10.0,True,zero_shot_frozen,False,8419232.0,8.526833147350278e+18,222.9550765863742,0.010835616155048479,6506.7444972359,9.999999824724958,9.999978355773184,3004.7568359375,0.0003324728271025987,True,1.0
0,3407,data/raw/sow_call_dataset_labeled/frightened_stress/1038-2.wav,eea3389ab552c4f66b61093bf5aacc49,64000,DEMAND,DWASHING,data/noise_sources/demand/audio/DWASHING/ch01.wav,ff033b73096b456e83fa0fbf21625a80fcbb24af6c3c1bfe9aa94587ca64f394,1.0,10.0,True,zero_shot_frozen,False,757482.0,5.274759503719495e+18,352.08993383815,0.009054063186448226,12297.30905581759,10.000000327449449,10.000000327449449,6888.681640625,0.00014502049189042828,True,0.0
0,3407,data/raw/sow_call_dataset_labeled/calm_grunt/148-0.wav,00e146b24fd459e3f6e2e9469eebe4c4,64000,DEMAND,DWASHING,data/noise_sources/demand/audio/DWASHING/ch01.wav,ff033b73096b456e83fa0fbf21625a80fcbb24af6c3c1bfe9aa94587ca64f394,1.0,10.0,True,zero_shot_frozen,False,1487390.0,9.969088919293125e+16,997.9479044483013,0.01188130215912777,26560.963789850997,10.000000293301897,10.000000293301897,10246.748046875,9.749434605300652e-05,True,0.0
0,3407,data/raw/sow_call_dataset_labeled/calm_grunt/31-0.wav,ad1b03b3649c921981340ffcfafbe1d5,64000,DEMAND,DWASHING,data/noise_sources/demand/audio/DWASHING/ch01.wav,ff033b73096b456e83fa0fbf21625a80fcbb24af6c3c1bfe9aa94587ca64f394,1.0,10.0,True,zero_shot_frozen,False,5758050.0,7.745666434466899e+18,888.4460887560168,0.011584537856248156,24252.268442644912,10.000000316911423,10.000000316911423,21823.1875,4.5776997516975925e-05,True,0.0
0,3407,data/raw/sow_call_dataset_labeled/feeding/469-1.wav,96f4365be7925a63b199ce1f0e094270,64000,DEMAND,DWASHING,data/noise_sources/demand/audio/DWASHING/ch01.wav,ff033b73096b456e83fa0fbf21625a80fcbb24af6c3c1bfe9aa94587ca64f394,1.0,10.0,True,zero_shot_frozen,False,9026188.0,6.96145905231388e+18,780.9235916986895,0.008165777456711541,30242.034410299926,9.99999978107085,9.99999978107085,10523.27734375,9.493240246046803e-05,True,0.0
0,3407,data/external/korea_raw/abdominal_cough/train_abdominal_02305.wav,802c3c06a9ed989a83e4990344122a04,15457,DEMAND,DWASHING,data/noise_sources/demand/audio/DWASHING/ch01.wav,ff033b73096b456e83fa0fbf21625a80fcbb24af6c3c1bfe9aa94587ca64f394,1.0,10.0,True,zero_shot_frozen,False,148107.0,1.8827795451119089e+18,0.0532670213899115,0.022738754690225342,0.7407842428479052,10.000000175279753,5.085164165607879,0.3132176995277405,1.0,False,24271.0
0,3407,data/raw/sow_call_dataset_labeled/feeding/486-1.wav,faa7678cb4332273bf2df704079aa496,63997,DEMAND,DWASHING,data/noise_sources/demand/audio/DWASHING/ch01.wav,ff033b73096b456e83fa0fbf21625a80fcbb24af6c3c1bfe9aa94587ca64f394,1.0,10.0,True,zero_shot_frozen,False,7075656.0,8.025930089265038e+18,317.2547916993655,0.013534952331485313,7412.273909812734,9.999999979228807,9.999411879562864,3774.294921875,0.00026468519834261264,True,1.0
0,3407,data/raw/sow_call_dataset_labeled/feeding/399-1.wav,48cf353f7ec7b595326862ac160f0ad7,63998,DEMAND,DWASHING,data/noise_sources/demand/audio/DWASHING/ch01.wav,ff033b73096b456e83fa0fbf21625a80fcbb24af6c3c1bfe9aa94587ca64f394,1.0,10.0,True,zero_shot_frozen,False,6865993.0,3.813862724148751e+18,858.440139263654,0.010010995254864768,27116.445526893374,10.000000070032176,9.999605221633214,8413.2490234375,0.0001187412849919218,True,1.0
0,3407,data/raw/sow_call_dataset_labeled/feeding/324-1.wav,247d290a4193c3f911ea011db4d5a19f,64000,DEMAND,DWASHING,data/noise_sources/demand/audio/DWASHING/ch01.wav,ff033b73096b456e83fa0fbf21625a80fcbb24af6c3c1bfe9aa94587ca64f394,1.0,10.0,True,zero_shot_frozen,False,3315334.0,3.952512775747559e+18,1023.1476817421454,0.014977527183632256,21602.21121522682,10.000000112725235,10.000000112725235,13059.1484375,7.649809670064867e-05,True,0.0
0,3407,data/external/korea_raw/abdominal_cough/train_abdominal_13649.wav,758a24dd5518a227c1e5ba1f0ff3dcb4,19137,DEMAND,DWASHING,data/noise_sources/demand/audio/DWASHING/ch01.wav,ff033b73096b456e83fa0fbf21625a80fcbb24af6c3c1bfe9aa94587ca64f394,1.0,10.0,True,zero_shot_frozen,False,5878.0,3.94846200058687e+18,0.07282239663273285,0.01710582876736142,1.346234907197271,9.999999928035452,6.502954483183184,0.36711326241493225,1.0,False,22431.0
0,3407,data/raw/sow_call_dataset_labeled/frightened_stress/809-2.wav,60adaca724f5caf2590a8cfb28d41e6d,64000,DEMAND,DWASHING,data/noise_sources/demand/audio/DWASHING/ch01.wav,ff033b73096b456e83fa0fbf21625a80fcbb24af6c3c1bfe9aa94587ca64f394,1.0,10.0,True,zero_shot_frozen,False,910960.0,2.7744627882527734e+18,94.84308904056803,0.01415728054112649,2118.4872392906905,9.99999972861607,9.99999972861607,861.99560546875,0.0011589386229605516,True,0.0
0,3407,data/raw/sow_call_dataset_labeled/feeding/471-1.wav,52da60c3cf75c529daf2db0df0c762b2,63985,DEMAND,DWASHING,data/noise_sources/demand/audio/DWASHING/ch01.wav,ff033b73096b456e83fa0fbf21625a80fcbb24af6c3c1bfe9aa94587ca64f394,1.0,10.0,True,zero_shot_frozen,False,7176594.0,3.3803802057962066e+18,570.4386214492046,0.017111012399673647,10542.24768804721,9.999999711915345,9.998675723429258,4892.50390625,0.00020418992383916402,True,7.0
0,3407,data/external/korea_raw/dry_cough/train_dry_13855.wav,92a4b6e7ce690c211166c2967b9d3651,18016,DEMAND,DWASHING,data/noise_sources/demand/audio/DWASHING/ch01.wav,ff033b73096b456e83fa0fbf21625a80fcbb24af6c3c1bfe9aa94587ca64f394,1.0,10.0,True,zero_shot_frozen,False,7234493.0,2.1652874041065485e+18,0.07541487102707227,0.019172942960512043,1.2438505783100766,9.999999930465432,3.770094446462582,0.39225006103515625,1.0,False,22992.0
0,3407,data/raw/sow_call_dataset_labeled/calm_grunt/246-0.wav,af2331ab38f97aa237f515945a5359e8,64000,DEMAND,DWASHING,data/noise_sources/demand/audio/DWASHING/ch01.wav,ff033b73096b456e83fa0fbf21625a80fcbb24af6c3c1bfe9aa94587ca64f394,1.0,10.0,True,zero_shot_frozen,False,706080.0,3.486620296504666e+18,1362.533252620096,0.01149980116476333,37467.677956028056,9.999999600281766,9.999999600281766,15584.955078125,6.410028100768758e-05,True,0.0
0,3407,data/raw/sow_call_dataset_labeled/feeding/304-1.wav,c9e37a52d69aa372d3ae6b95468b7620,63988,DEMAND,DWASHING,data/noise_sources/demand/audio/DWASHING/ch01.wav,ff033b73096b456e83fa0fbf21625a80fcbb24af6c3c1bfe9aa94587ca64f394,1.0,10.0,True,zero_shot_frozen,False,6400554.0,5.791681102534236e+18,186.00205111276827,0.017969668689816986,3273.238595170753,10.000000185185634,9.999010542758693,3202.4208984375,0.00031195149909477054,True,6.0
0,3407,data/external/korea_raw/dry_cough/train_dry_12111.wav,f59c8ec794987b22feab4606c5b457ec,12001,DEMAND,DWASHING,data/noise_sources/demand/audio/DWASHING/ch01.wav,ff033b73096b456e83fa0fbf21625a80fcbb24af6c3c1bfe9aa94587ca64f394,1.0,10.0,True,zero_shot_frozen,False,3549579.0,2.670469421767736e+18,0.04296524671898265,0.017619961926887886,0.7711029139951109,10.000000093956567,4.249017023045026,0.15517623722553253,1.0,False,25999.0
0,3407,data/raw/sow_call_dataset_labeled/anxious_stress/1452-3.wav,863eeac0b9ddb7b6f0040a6c94e9fb0e,63995,DEMAND,DWASHING,data/noise_sources/demand/audio/DWASHING/ch01.wav,ff033b73096b456e83fa0fbf21625a80fcbb24af6c3c1bfe9aa94587ca64f394,1.0,10.0,True,zero_shot_frozen,False,1775455.0,2.0070347571411676e+18,1607.624752512261,0.012729332303997377,39937.33307761002,10.000000225262312,9.999945682141393,14018.552734375,7.126270585338988e-05,True,2.0
0,3407,data/raw/sow_call_dataset_labeled/feeding/393-1.wav,d020a377f975c05272b8d05b57521990,64000,DEMAND,DWASHING,data/noise_sources/demand/audio/DWASHING/ch01.wav,ff033b73096b456e83fa0fbf21625a80fcbb24af6c3c1bfe9aa94587ca64f394,1.0,10.0,True,zero_shot_frozen,False,8223542.0,6.011061115161215e+17,564.3458696574719,0.012815745654771662,13925.200954356142,9.999999864051398,9.999999864051398,5051.09033203125,0.00019777908022449903,True,0.0
0,3407,data/raw/sow_call_dataset_labeled/calm_grunt/91-0.wav,cee17336c428ff1a2871511627e221ac,64000,DEMAND,DWASHING,data/noise_sources/demand/audio/DWASHING/ch01.wav,ff033b73096b456e83fa0fbf21625a80fcbb24af6c3c1bfe9aa94587ca64f394,1.0,10.0,True,zero_shot_frozen,False,343692.0,2.315329371592288e+18,938.9198850949239,0.00976582526541981,30403.220379510894,9.999999913179238,9.999999913179238,17723.552734375,5.6365674251214316e-05,True,0.0
0,3407,data/external/korea_raw/dry_cough/train_dry_08236.wav,a7ab543a182c83c4cf8ec72231ba0af2,17184,DEMAND,DWASHING,data/noise_sources/demand/audio/DWASHING/ch01.wav,ff033b73096b456e83fa0fbf21625a80fcbb24af6c3c1bfe9aa94587ca64f394,1.0,10.0,True,zero_shot_frozen,False,6232845.0,2.359797343744244e+18,0.10200412159395875,0.011734674666304292,2.7488223076853577,10.000000299510328,3.0292850450747495,0.46403223276138306,1.0,False,23408.0
0,3407,data/raw/sow_call_dataset_labeled/feeding/462-1.wav,bf71b3916b50f93bb618bec575df25d0,64000,DEMAND,DWASHING,data/noise_sources/demand/audio/DWASHING/ch01.wav,ff033b73096b456e83fa0fbf21625a80fcbb24af6c3c1bfe9aa94587ca64f394,1.0,10.0,True,zero_shot_frozen,False,7600599.0,3.419658005391115e+17,390.87487317806836,0.011046181305788433,11189.884043677928,10.000000199420532,10.000000199420532,2718.80517578125,0.00036744081881958935,True,0.0
0,3407,data/raw/sow_call_dataset_labeled/frightened_stress/531-2.wav,439e489d68e585b0f865ab720f41e65a,63608,DEMAND,DWASHING,data/noise_sources/demand/audio/DWASHING/ch01.wav,ff033b73096b456e83fa0fbf21625a80fcbb24af6c3c1bfe9aa94587ca64f394,1.0,10.0,True,zero_shot_frozen,False,4923311.0,3.2180707792721e+18,223.3376366304215,0.013980365153836159,5051.768041962704,9.999999952144295,9.972738086813637,2363.009033203125,0.00042276605208141225,True,196.0
0,3407,data/external/korea_raw/dry_cough/train_dry_12259.wav,0dd24b3ee3931c0516f250d0fb57dc2a,13985,DEMAND,DWASHING,data/noise_sources/demand/audio/DWASHING/ch01.wav,ff033b73096b456e83fa0fbf21625a80fcbb24af6c3c1bfe9aa94587ca64f394,1.0,10.0,True,zero_shot_frozen,False,1485726.0,8.998638227756878e+18,0.061751605029606374,0.011817999480694568,1.652358517900263,9.999999924894006,3.2419341662088086,0.2536984384059906,1.0,False,25007.0
0,3407,data/raw/sow_call_dataset_labeled/feeding/334-1.wav,6d4e3f890abd1b39675ab539c08999df,64000,DEMAND,DWASHING,data/noise_sources/demand/audio/DWASHING/ch01.wav,ff033b73096b456e83fa0fbf21625a80fcbb24af6c3c1bfe9aa94587ca64f394,1.0,10.0,True,zero_shot_frozen,False,9266592.0,2.8312169552121073e+18,891.4684230620591,0.013301302461926583,21193.944631091144,9.999999726299073,9.999999726299073,9381.9326171875,0.00010648125932708719,True,0.0
0,3407,data/raw/sow_call_dataset_labeled/frightened_stress/1031-2.wav,52f370f2037764cd024cc8ac3620035d,63997,DEMAND,DWASHING,data/noise_sources/demand/audio/DWASHING/ch01.wav,ff033b73096b456e83fa0fbf21625a80fcbb24af6c3c1bfe9aa94587ca64f394,1.0,10.0,True,zero_shot_frozen,False,7469749.0,2.579232201359054e+18,251.37542293038825,0.016714950197105952,4755.7358823945415,10.000000078124634,9.999971158374832,2718.79931640625,0.0003674416107035415,True,1.0
0,3407,data/external/korea_raw/dry_cough/train_dry_05498.wav,476f1f61fe985f0e105b631f547552aa,11777,DEMAND,DWASHING,data/noise_sources/demand/audio/DWASHING/ch01.wav,ff033b73096b456e83fa0fbf21625a80fcbb24af6c3c1bfe9aa94587ca64f394,1.0,10.0,True,zero_shot_frozen,False,5837862.0,6.447631263494937e+18,0.042341868179194324,0.019001945248721175,0.7046475615009563,10.000000246690009,4.033249213102112,0.15881718695163727,1.0,False,26111.0
0,3407,data/raw/sow_call_dataset_labeled/calm_grunt/69-0.wav,5e6972bc79d14fbb0e7d8c9fc5171b8e,64000,DEMAND,DWASHING,data/noise_sources/demand/audio/DWASHING/ch01.wav,ff033b73096b456e83fa0fbf21625a80fcbb24af6c3c1bfe9aa94587ca64f394,1.0,10.0,True,zero_shot_frozen,False,2753389.0,2.504060695056628e+18,984.0544080113978,0.010839519427553478,28708.406231871293,9.999999992724863,9.999999992724863,16420.45703125,6.0838745115241876e-05,True,0.0
0,3407,data/raw/sow_call_dataset_labeled/feeding/365-1.wav,e7f7f9645f68e7861c6960646038694b,63998,DEMAND,DWASHING,data/noise_sources/demand/audio/DWASHING/ch01.wav,ff033b73096b456e83fa0fbf21625a80fcbb24af6c3c1bfe9aa94587ca64f394,1.0,10.0,True,zero_shot_frozen,False,6651706.0,7.858762928610427e+18,228.88529049546287,0.017234502057071624,4199.7084596822715,9.999999926762017,9.999876913368738,2084.98388671875,0.0004791403935366519,True,1.0
0,3407,data/raw/sow_call_dataset_labeled/calm_grunt/127-0.wav,c0b1e9c399e2fcb85350d6e1a522b9c7,64000,DEMAND,DWASHING,data/noise_sources/demand/audio/DWASHING/ch01.wav,ff033b73096b456e83fa0fbf21625a80fcbb24af6c3c1bfe9aa94587ca64f394,1.0,10.0,True,zero_shot_frozen,False,6884279.0,6.030517525180978e+18,719.0246855373471,0.012291954778371918,18497.917875398398,9.99999995238209,9.99999995238209,7046.47265625,0.00014177306132223737,True,0.0
0,3407,data/raw/sow_call_dataset_labeled/frightened_stress/649-2.wav,a79a4d5ca276050cd921a9a53451c118,64000,DEMAND,DWASHING,data/noise_sources/demand/audio/DWASHING/ch01.wav,ff033b73096b456e83fa0fbf21625a80fcbb24af6c3c1bfe9aa94587ca64f394,1.0,10.0,True,zero_shot_frozen,False,9213377.0,6.1956873672299e+18,182.61161994441022,0.014010713690052953,4121.6219174284215,9.999999680656877,9.999999680656877,1793.3668212890625,0.0005570527948553905,True,0.0
0,3407,data/raw/sow_call_dataset_labeled/anxious_stress/1429-3.wav,08dbebe86b17e15870a88fc0edc1fd56,63997,DEMAND,DWASHING,data/noise_sources/demand/audio/DWASHING/ch01.wav,ff033b73096b456e83fa0fbf21625a80fcbb24af6c3c1bfe9aa94587ca64f394,1.0,10.0,True,zero_shot_frozen,False,137355.0,3.0406831030434053e+18,1018.0890498529338,0.02033051882834148,15835.701418125698,10.000000133118316,9.999999888425647,7441.6953125,0.00013424360418545423,True,1.0
0,3407,data/external/korea_raw/abdominal_cough/train_abdominal_16429.wav,89bcd1f7bcfd5c0d3850c0d8d7a77682,12321,DEMAND,DWASHING,data/noise_sources/demand/audio/DWASHING/ch01.wav,ff033b73096b456e83fa0fbf21625a80fcbb24af6c3c1bfe9aa94587ca64f394,1.0,10.0,True,zero_shot_frozen,False,3999233.0,8.093828641560911e+17,0.03146874162552827,0.010684308137429231,0.9313930051062976,9.99999979321175,1.8003483022163018,0.14172986149787903,1.0,False,25839.0
0,3407,data/raw/sow_call_dataset_labeled/frightened_stress/624-2.wav,6b7d32323ad19193729e70aa61366584,64000,DEMAND,DWASHING,data/noise_sources/demand/audio/DWASHING/ch01.wav,ff033b73096b456e83fa0fbf21625a80fcbb24af6c3c1bfe9aa94587ca64f394,1.0,10.0,True,zero_shot_frozen,False,6724773.0,4.5191861791513774e+18,124.93057706281661,0.01846080710063415,2140.0211310594223,9.999999555709053,9.999999555709053,874.995361328125,0.0011417203383611687,True,0.0
0,3407,data/raw/sow_call_dataset_labeled/calm_grunt/218-0.wav,b3d8482fce8b5eaa3e2cb020780d332e,64000,DEMAND,DWASHING,data/noise_sources/demand/audio/DWASHING/ch01.wav,ff033b73096b456e83fa0fbf21625a80fcbb24af6c3c1bfe9aa94587ca64f394,1.0,10.0,True,zero_shot_frozen,False,1785203.0,3.227124894164518e+17,1325.8744849035143,0.013561523934359575,30916.755993585455,10.000000033055937,10.000000033055937,16280.6533203125,6.13611739249801e-05,True,0.0
0,3407,data/external/korea_raw/dry_cough/train_dry_14904.wav,82731434fe93293942ec3e677a251aa0,13408,DEMAND,DWASHING,data/noise_sources/demand/audio/DWASHING/ch01.wav,ff033b73096b456e83fa0fbf21625a80fcbb24af6c3c1bfe9aa94587ca64f394,1.0,10.0,True,zero_shot_frozen,False,4766110.0,5.225654628054213e+18,0.05590034753670979,0.014614331063104866,1.2095826996643246,10.0000000953555,4.640596237427414,0.23513178527355194,1.0,False,25296.0
0,3407,data/raw/sow_call_dataset_labeled/calm_grunt/59-0.wav,59a6dd695e64efe4c8241ab5e0cd60df,64000,DEMAND,DWASHING,data/noise_sources/demand/audio/DWASHING/ch01.wav,ff033b73096b456e83fa0fbf21625a80fcbb24af6c3c1bfe9aa94587ca64f394,1.0,10.0,True,zero_shot_frozen,False,3344820.0,6.36923067500868e+18,1245.0851120905868,0.018722549228187623,21029.747535899216,9.999999790350703,9.999999790350703,17227.43359375,5.79889044159445e-05,True,0.0
0,3407,data/external/korea_raw/dry_cough/train_dry_12342.wav,be5b9785349c0ba7847119f6859671bc,14017,DEMAND,DWASHING,data/noise_sources/demand/audio/DWASHING/ch01.wav,ff033b73096b456e83fa0fbf21625a80fcbb24af6c3c1bfe9aa94587ca64f394,1.0,10.0,True,zero_shot_frozen,False,4134319.0,5.947698189162243e+17,0.04360133356829202,0.005038462302090618,2.7365397383116052,9.999999672281435,-0.6606784097486539,0.18763017654418945,1.0,False,24991.0
0,3407,data/external/korea_raw/dry_cough/train_dry_07999.wav,4bcc8d92055b679105e93da203cd9111,13313,DEMAND,DWASHING,data/noise_sources/demand/audio/DWASHING/ch01.wav,ff033b73096b456e83fa0fbf21625a80fcbb24af6c3c1bfe9aa94587ca64f394,1.0,10.0,True,zero_shot_frozen,False,377684.0,2.8661202113361498e+17,0.09846734402329387,0.007193469338892269,4.328663508405619,10.000000317722604,0.20284475675630292,0.47252732515335083,1.0,False,25343.0
0,3407,data/raw/sow_call_dataset_labeled/calm_grunt/114-0.wav,6bfb9e30e653d62d2ad67d1d0fbee2b2,64000,DEMAND,DWASHING,data/noise_sources/demand/audio/DWASHING/ch01.wav,ff033b73096b456e83fa0fbf21625a80fcbb24af6c3c1bfe9aa94587ca64f394,1.0,10.0,True,zero_shot_frozen,False,1696078.0,5.122394588977634e+18,1176.8927172218246,0.013123030974154485,28359.77111854088,9.999999889794163,9.999999889794163,15161.703125,6.588969535703133e-05,True,0.0
0,3407,data/raw/sow_call_dataset_labeled/calm_grunt/274-0.wav,867a0d742da7dc4ab82703565363efca,64000,DEMAND,DWASHING,data/noise_sources/demand/audio/DWASHING/ch01.wav,ff033b73096b456e83fa0fbf21625a80fcbb24af6c3c1bfe9aa94587ca64f394,1.0,10.0,True,zero_shot_frozen,False,6585456.0,7.785304420118384e+18,1609.9826402124925,0.013177733721524304,38634.95987999032,9.999999755872405,9.999999755872405,17641.578125,5.6627586994856786e-05,True,0.0
0,3407,data/raw/sow_call_dataset_labeled/anxious_stress/1580-3.wav,f770589d5c495dba265407f0501aedab,63766,DEMAND,DWASHING,data/noise_sources/demand/audio/DWASHING/ch01.wav,ff033b73096b456e83fa0fbf21625a80fcbb24af6c3c1bfe9aa94587ca64f394,1.0,10.0,True,zero_shot_frozen,False,6065560.0,8.834844842857258e+18,309.17193605807984,0.010181573138724892,9602.519111991714,9.999999618610365,9.969424909337384,2051.173095703125,0.00048703836945440784,True,117.0
0,3407,data/external/korea_raw/abdominal_cough/train_abdominal_08112.wav,e88f3f912add02e57df4c7d0d5127334,16224,DEMAND,DWASHING,data/noise_sources/demand/audio/DWASHING/ch01.wav,ff033b73096b456e83fa0fbf21625a80fcbb24af6c3c1bfe9aa94587ca64f394,1.0,10.0,True,zero_shot_frozen,False,1770505.0,2.5307181496016835e+18,0.09735584493514245,0.011514968679515986,2.6736174634402783,10.000000329428856,3.7788328714661192,0.3875407874584198,1.0,False,23888.0
0,3407,data/raw/sow_call_dataset_labeled/calm_grunt/250-0.wav,6501451456d9e85981b2e584769706d5,64000,DEMAND,DWASHING,data/noise_sources/demand/audio/DWASHING/ch01.wav,ff033b73096b456e83fa0fbf21625a80fcbb24af6c3c1bfe9aa94587ca64f394,1.0,10.0,True,zero_shot_frozen,False,1558637.0,3.165623821197751e+17,1634.1095044534836,0.018033863674575833,28654.46957707256,10.000000251087958,10.000000251087958,17869.845703125,5.5904232000464296e-05,True,0.0
0,3407,data/raw/sow_call_dataset_labeled/feeding/484-1.wav,7597d17cfc4d984eaab8bc076ccdf5ea,64000,DEMAND,DWASHING,data/noise_sources/demand/audio/DWASHING/ch01.wav,ff033b73096b456e83fa0fbf21625a80fcbb24af6c3c1bfe9aa94587ca64f394,1.0,10.0,True,zero_shot_frozen,False,3167349.0,7.248885609786171e+18,880.4726065326456,0.015849040634003442,17567.617613742586,10.000000223414194,10.000000223414194,12862.5908203125,7.766709008751078e-05,True,0.0
0,3407,data/raw/sow_call_dataset_labeled/calm_grunt/251-0.wav,c0f8ff4583e17d7a26d397f7d7b0a2f7,64000,DEMAND,DWASHING,data/noise_sources/demand/audio/DWASHING/ch01.wav,ff033b73096b456e83fa0fbf21625a80fcbb24af6c3c1bfe9aa94587ca64f394,1.0,10.0,True,zero_shot_frozen,False,1679798.0,1.3667066063708964e+18,1533.8450811438308,0.009284555892369166,52242.06833895842,10.00000032193496,10.00000032193496,18478.462890625,5.406293834682754e-05,True,0.0
0,3407,data/raw/sow_call_dataset_labeled/frightened_stress/988-2.wav,e3f63486bc9dd011d4c42a02e2ab82eb,63998,DEMAND,DWASHING,data/noise_sources/demand/audio/DWASHING/ch01.wav,ff033b73096b456e83fa0fbf21625a80fcbb24af6c3c1bfe9aa94587ca64f394,1.0,10.0,True,zero_shot_frozen,False,6831351.0,8.372149527254769e+18,207.5423704113459,0.014358798113029923,4570.762791731316,10.000000175828273,9.999996122418358,2719.407470703125,0.00036735943795201107,True,1.0
0,3407,data/raw/sow_call_dataset_labeled/calm_grunt/89-0.wav,66baf7d1e6268784319cb4666f8d36fd,64000,DEMAND,DWASHING,data/noise_sources/demand/audio/DWASHING/ch01.wav,ff033b73096b456e83fa0fbf21625a80fcbb24af6c3c1bfe9aa94587ca64f394,1.0,10.0,True,zero_shot_frozen,False,4753114.0,7.439299654027032e+18,1041.6516572237529,0.012644986558957306,26049.784631701998,9.999999820714523,9.999999820714523,14635.30078125,6.825961522293192e-05,True,0.0
0,3407,data/raw/sow_call_dataset_labeled/anxious_stress/1649-3.wav,8ef7b5c15e374567562265858e5d7ed1,64000,DEMAND,DWASHING,data/noise_sources/demand/audio/DWASHING/ch01.wav,ff033b73096b456e83fa0fbf21625a80fcbb24af6c3c1bfe9aa94587ca64f394,1.0,10.0,True,zero_shot_frozen,False,3596851.0,3.684804527028662e+18,1846.5257263435033,0.016227041575887034,35984.54484777553,10.000000454209339,10.000000454209339,15994.5166015625,6.245890544153162e-05,True,0.0
0,3407,data/raw/sow_call_dataset_labeled/anxious_stress/1738-3.wav,ad7a0d5de7477a9d5d43b2bd260d645e,64000,DEMAND,DWASHING,data/noise_sources/demand/audio/DWASHING/ch01.wav,ff033b73096b456e83fa0fbf21625a80fcbb24af6c3c1bfe9aa94587ca64f394,1.0,10.0,True,zero_shot_frozen,False,7550236.0,7.627409219163162e+18,231.88397999285894,0.015196346208106056,4825.38052003054,10.000000268620752,10.000000268620752,1596.1817626953125,0.0006258685717051976,True,0.0
0,3407,data/raw/sow_call_dataset_labeled/calm_grunt/165-0.wav,58f3af1d9665f4501de1c256ac27087d,64000,DEMAND,DWASHING,data/noise_sources/demand/audio/DWASHING/ch01.wav,ff033b73096b456e83fa0fbf21625a80fcbb24af6c3c1bfe9aa94587ca64f394,1.0,10.0,True,zero_shot_frozen,False,5504884.0,3.773851919175467e+18,1242.3661302468377,0.013039827561683792,30128.51696730652,9.999999818653105,9.999999818653105,16253.0478515625,6.146539462159771e-05,True,0.0
0,3407,data/raw/sow_call_dataset_labeled/calm_grunt/253-0.wav,88f53ffdc813ee27215e3d68cababb72,64000,DEMAND,DWASHING,data/noise_sources/demand/audio/DWASHING/ch01.wav,ff033b73096b456e83fa0fbf21625a80fcbb24af6c3c1bfe9aa94587ca64f394,1.0,10.0,True,zero_shot_frozen,False,5809340.0,2.380231069302515e+18,1677.1380296440782,0.01583621510423071,33490.17482558322,9.999999748564095,9.999999748564095,14830.0185546875,6.736336817894501e-05,True,0.0
0,3407,data/raw/sow_call_dataset_labeled/calm_grunt/252-0.wav,2425faf6d72ec8f1cfb27af49a442721,64000,DEMAND,DWASHING,data/noise_sources/demand/audio/DWASHING/ch01.wav,ff033b73096b456e83fa0fbf21625a80fcbb24af6c3c1bfe9aa94587ca64f394,1.0,10.0,True,zero_shot_frozen,False,8484820.0,5.229328572149546e+17,1988.6156620474069,0.010311610701642077,60985.18519276569,10.000000223060665,10.000000223060665,17295.55078125,5.776051960617581e-05,True,0.0
0,3407,data/raw/sow_call_dataset_labeled/frightened_stress/887-2.wav,36d2f03519aad0dc3c6d70f418bede2d,64000,DEMAND,DWASHING,data/noise_sources/demand/audio/DWASHING/ch01.wav,ff033b73096b456e83fa0fbf21625a80fcbb24af6c3c1bfe9aa94587ca64f394,1.0,10.0,True,zero_shot_frozen,False,1867664.0,4.682809215095635e+18,226.1403217059333,0.015864643308867495,4507.624114021208,10.000000168121426,10.000000168121426,2297.91064453125,0.000434742753108133,True,0.0
0,3407,data/raw/sow_call_dataset_labeled/feeding/367-1.wav,940704b541a8d463f81ea666f8da0a2d,64000,DEMAND,DWASHING,data/noise_sources/demand/audio/DWASHING/ch01.wav,ff033b73096b456e83fa0fbf21625a80fcbb24af6c3c1bfe9aa94587ca64f394,1.0,10.0,True,zero_shot_frozen,False,3756878.0,2.24306332567214e+18,702.5387179613983,0.016302088165411382,13627.840008412819,10.000000099034047,10.000000099034047,8413.787109375,0.00011873369114448732,True,0.0
0,3407,data/raw/sow_call_dataset_labeled/anxious_stress/1294-3.wav,3b1abd244c212e4e29ed5d8d492094a3,64000,DEMAND,DWASHING,data/noise_sources/demand/audio/DWASHING/ch01.wav,ff033b73096b456e83fa0fbf21625a80fcbb24af6c3c1bfe9aa94587ca64f394,1.0,10.0,True,zero_shot_frozen,False,8479583.0,2.214302176947018e+18,309.20159348055824,0.010375294954991902,9424.130068529674,10.000000168594775,10.000000168594775,2291.082763671875,0.00043603837270327224,True,0.0
0,3407,data/raw/sow_call_dataset_labeled/calm_grunt/84-0.wav,6284697bc5cf29624df3bee3472e7b55,64000,DEMAND,DWASHING,data/noise_sources/demand/audio/DWASHING/ch01.wav,ff033b73096b456e83fa0fbf21625a80fcbb24af6c3c1bfe9aa94587ca64f394,1.0,10.0,True,zero_shot_frozen,False,948551.0,1.9884561818018017e+18,819.4625842053988,0.012563039026260625,20626.92170230327,9.999999926022934,9.999999926022934,14514.482421875,6.882780735566511e-05,True,0.0
0,3407,data/external/korea_raw/dry_cough/train_dry_06353.wav,7c4381d73edf61a542eca5b8ad16ccbe,7969,DEMAND,DWASHING,data/noise_sources/demand/audio/DWASHING/ch01.wav,ff033b73096b456e83fa0fbf21625a80fcbb24af6c3c1bfe9aa94587ca64f394,1.0,10.0,True,zero_shot_frozen,False,7653135.0,4.505204236207006e+18,0.12077981036285175,0.010624102744816184,3.595026378073941,9.999999719711887,0.0859832725564106,0.496446818113327,1.0,False,28015.0
0,3407,data/raw/sow_call_dataset_labeled/frightened_stress/798-2.wav,9047deea4f6c553333311bf1f5279715,64000,DEMAND,DWASHING,data/noise_sources/demand/audio/DWASHING/ch01.wav,ff033b73096b456e83fa0fbf21625a80fcbb24af6c3c1bfe9aa94587ca64f394,1.0,10.0,True,zero_shot_frozen,False,3220298.0,6.401106850169276e+18,109.39846330513913,0.015919786206604312,2173.0713721712873,10.000000326795277,10.000000326795277,1181.42626953125,0.0008455881046189784,True,0.0
0,3407,data/raw/sow_call_dataset_labeled/feeding/396-1.wav,850bc5be2aeb59aeadd3ce9d998d574e,64000,DEMAND,DWASHING,data/noise_sources/demand/audio/DWASHING/ch01.wav,ff033b73096b456e83fa0fbf21625a80fcbb24af6c3c1bfe9aa94587ca64f394,1.0,10.0,True,zero_shot_frozen,False,1335736.0,1.568369932301366e+18,495.4983345230236,0.007727094512961572,20278.03997070882,10.00000038761187,10.00000038761187,6090.25,0.00016403267517753787,True,0.0
0,3407,data/external/korea_raw/abdominal_cough/train_abdominal_01211.wav,54d7ff55aaca2d49609a064333bab111,17952,DEMAND,DWASHING,data/noise_sources/demand/audio/DWASHING/ch01.wav,ff033b73096b456e83fa0fbf21625a80fcbb24af6c3c1bfe9aa94587ca64f394,1.0,10.0,True,zero_shot_frozen,False,5478823.0,1.8038493832819594e+18,0.027219146609550993,0.011917175061470425,0.7222726762697276,9.999999790771453,1.9837721891593212,0.1407610923051834,1.0,False,23024.0
0,3407,data/raw/sow_call_dataset_labeled/feeding/382-1.wav,6900556222b8dc7174fb2b5d5e1d09ac,63997,DEMAND,DWASHING,data/noise_sources/demand/audio/DWASHING/ch01.wav,ff033b73096b456e83fa0fbf21625a80fcbb24af6c3c1bfe9aa94587ca64f394,1.0,10.0,True,zero_shot_frozen,False,8569716.0,8.242335120316714e+18,882.0886951559368,0.013487541417725086,20681.37764020433,10.00000028574594,9.999965038468902,9290.3701171875,0.00010753069978900152,True,1.0
0,3407,data/raw/sow_call_dataset_labeled/feeding/308-1.wav,62f84208f3d66bc2106eced8f9723a09,63986,DEMAND,DWASHING,data/noise_sources/demand/audio/DWASHING/ch01.wav,ff033b73096b456e83fa0fbf21625a80fcbb24af6c3c1bfe9aa94587ca64f394,1.0,10.0,True,zero_shot_frozen,False,4300780.0,4.993765511575395e+17,377.93868802714655,0.01119395952678445,10676.714233260294,10.000000300122402,9.99832950227924,3225.092041015625,0.00030975860139650506,True,7.0
0,3407,data/raw/sow_call_dataset_labeled/feeding/411-1.wav,34ffe8b85e2dd2ea42fae8d315374606,63998,DEMAND,DWASHING,data/noise_sources/demand/audio/DWASHING/ch01.wav,ff033b73096b456e83fa0fbf21625a80fcbb24af6c3c1bfe9aa94587ca64f394,1.0,10.0,True,zero_shot_frozen,False,2416881.0,1.6340210926374697e+18,398.75886637335407,0.009732820971108535,12956.02023986375,9.999999822197186,9.99997495729495,3781.807373046875,0.00026415940883714,True,1.0
0,3407,data/external/korea_raw/dry_cough/train_dry_02449.wav,2896dd842b3141f1521d6e69312d7362,18497,DEMAND,DWASHING,data/noise_sources/demand/audio/DWASHING/ch01.wav,ff033b73096b456e83fa0fbf21625a80fcbb24af6c3c1bfe9aa94587ca64f394,1.0,10.0,True,zero_shot_frozen,False,6886407.0,8.30331798092403e+17,0.07343115627623883,0.005815763214912725,3.9927640873901677,10.00000019697187,-1.830631667651301,0.4078466594219208,1.0,False,22751.0
0,3407,data/raw/sow_call_dataset_labeled/calm_grunt/35-0.wav,bce14de9ae101013d89c90c1a29bb636,64000,DEMAND,DWASHING,data/noise_sources/demand/audio/DWASHING/ch01.wav,ff033b73096b456e83fa0fbf21625a80fcbb24af6c3c1bfe9aa94587ca64f394,1.0,10.0,True,zero_shot_frozen,False,7347826.0,4.750135194491168e+18,565.1370232751316,0.021827598592224585,8187.433794359828,10.000000214790955,10.000000214790955,9348.0498046875,0.00010686720983226469,True,0.0
0,3407,data/raw/sow_call_dataset_labeled/feeding/387-1.wav,9241924820d30258f1b5a5e9d94aeac0,64000,DEMAND,DWASHING,data/noise_sources/demand/audio/DWASHING/ch01.wav,ff033b73096b456e83fa0fbf21625a80fcbb24af6c3c1bfe9aa94587ca64f394,1.0,10.0,True,zero_shot_frozen,False,4145413.0,8.061428534834683e+18,844.63572587174,0.00829135889192607,32213.93165727317,10.00000000469294,10.00000000469294,5842.8037109375,0.00017097955868856438,True,0.0
0,3407,data/raw/sow_call_dataset_labeled/anxious_stress/1616-3.wav,6063d92c24fe5f2476915494d06f6c8a,63987,DEMAND,DWASHING,data/noise_sources/demand/audio/DWASHING/ch01.wav,ff033b73096b456e83fa0fbf21625a80fcbb24af6c3c1bfe9aa94587ca64f394,1.0,10.0,True,zero_shot_frozen,False,6030101.0,3.0263313819496325e+18,627.475414910057,0.008345477335212624,23776.369010106526,9.999999945134807,9.99866267530227,4266.40869140625,0.00023415478268930674,True,6.0
0,3407,data/raw/sow_call_dataset_labeled/calm_grunt/155-0.wav,68510d2282aa7349ec4e06faa0638875,64000,DEMAND,DWASHING,data/noise_sources/demand/audio/DWASHING/ch01.wav,ff033b73096b456e83fa0fbf21625a80fcbb24af6c3c1bfe9aa94587ca64f394,1.0,10.0,True,zero_shot_frozen,False,1633278.0,4.4781736567388923e+18,897.9188141246865,0.009908279248168344,28657.535132311565,9.999999988044308,9.999999988044308,11534.3525390625,8.661084327158927e-05,True,0.0
0,3407,data/raw/sow_call_dataset_labeled/anxious_stress/1468-3.wav,d20184e28961e933d131951e2eb5242b,64000,DEMAND,DWASHING,data/noise_sources/demand/audio/DWASHING/ch01.wav,ff033b73096b456e83fa0fbf21625a80fcbb24af6c3c1bfe9aa94587ca64f394,1.0,10.0,True,zero_shot_frozen,False,7880712.0,2.822825661550169e+17,483.6170731235223,0.014851962849965842,10297.167329758364,10.000000279294465,10.000000279294465,4226.83349609375,0.00023634713809361806,True,0.0
0,3407,data/raw/sow_call_dataset_labeled/calm_grunt/86-0.wav,6686d8c376a0e89e3ba4cf02a3221421,64000,DEMAND,DWASHING,data/noise_sources/demand/audio/DWASHING/ch01.wav,ff033b73096b456e83fa0fbf21625a80fcbb24af6c3c1bfe9aa94587ca64f394,1.0,10.0,True,zero_shot_frozen,False,5136386.0,3.037049068696167e+18,953.8544513051378,0.017505378413391597,17231.004958492627,9.99999955025877,9.99999955025877,15642.9228515625,6.386274543955923e-05,True,0.0
0,3407,data/external/korea_raw/abdominal_cough/train_abdominal_05140.wav,ffc07baef90cf2dfcbaa9c4fa0e982c0,13985,DEMAND,DWASHING,data/noise_sources/demand/audio/DWASHING/ch01.wav,ff033b73096b456e83fa0fbf21625a80fcbb24af6c3c1bfe9aa94587ca64f394,1.0,10.0,True,zero_shot_frozen,False,7610866.0,3.6966223995957335e+18,0.0378744874036115,0.007202300606699667,1.662935941542875,9.999999839622472,1.0987263141150763,0.19620168209075928,1.0,False,25007.0
0,3407,data/raw/sow_call_dataset_labeled/feeding/321-1.wav,09b3ffe59b3de4c1fad3e875d3de4e0d,63992,DEMAND,DWASHING,data/noise_sources/demand/audio/DWASHING/ch01.wav,ff033b73096b456e83fa0fbf21625a80fcbb24af6c3c1bfe9aa94587ca64f394,1.0,10.0,True,zero_shot_frozen,False,9237663.0,5.657023556615278e+18,670.3121940538623,0.01371506564223763,15455.363699222853,10.00000023367901,9.999681378293252,5255.80029296875,0.00019007571526956035,True,4.0
