frame_idx,start_s,end_s,prob_cough,prob_cough_smooth
0,0.0,1.0,0.3751990497112274,0.3751990497112274
1,0.1,1.1,0.8657973408699036,0.8657973408699036
2,0.2,1.2,0.20013941824436188,0.20013941824436188
3,0.3,1.3,0.179581418633461,0.179581418633461
4,0.4,1.4,0.16995999217033386,0.16995999217033386
5,0.5,1.5,0.19216467440128326,0.19216467440128326
6,0.6,1.6,0.34110984206199646,0.34110984206199646
7,0.7,1.7,0.21676920354366302,0.21676920354366302
8,0.8,1.8,0.7567853927612305,0.7567853927612305
9,0.9,1.9,0.41439077258110046,0.41439077258110046
10,1.0,2.0,0.07208342850208282,0.07208342850208282
11,1.1,2.1,0.09759584814310074,0.09759584814310074
12,1.2,2.2,0.5614798069000244,0.5614798069000244
13,1.3,2.3,0.17241151630878448,0.17241151630878448
14,1.4,2.4,0.06543301045894623,0.06543301045894623
15,1.5,2.5,0.19880716502666473,0.19880716502666473
16,1.6,2.6,0.1647128313779831,0.1647128313779831
17,1.7,2.7,0.43386900424957275,0.43386900424957275
18,1.8,2.8,0.11822081357240677,0.11822081357240677
19,1.9,2.9,0.8038576245307922,0.8038576245307922
20,2.0,3.0,0.18606321513652802,0.18606321513652802
21,2.1,3.1,0.14963196218013763,0.14963196218013763
22,2.2,3.2,0.562538206577301,0.562538206577301
23,2.3,3.3,0.41604170203208923,0.41604170203208923
24,2.4,3.4,0.39150649309158325,0.39150649309158325
25,2.5,3.5,0.17698349058628082,0.17698349058628082
26,2.6,3.6,0.20531663298606873,0.20531663298606873
27,2.7,3.7,0.2518479824066162,0.2518479824066162
28,2.8,3.8,0.09086449444293976,0.09086449444293976
29,2.9,3.9,0.19817981123924255,0.19817981123924255
30,3.0,4.0,0.6153069734573364,0.6153069734573364
31,3.1,4.1,0.41504520177841187,0.41504520177841187
32,3.2,4.2,0.6007679104804993,0.6007679104804993
33,3.3,4.3,0.29857704043388367,0.29857704043388367
34,3.4,4.4,0.1741277128458023,0.1741277128458023
35,3.5,4.5,0.09283769875764847,0.09283769875764847
36,3.6,4.6,0.25064513087272644,0.25064513087272644
37,3.7,4.7,0.15065549314022064,0.15065549314022064
38,3.8,4.8,0.1238391324877739,0.1238391324877739
39,3.9,4.9,0.5330973267555237,0.5330973267555237
40,4.0,5.0,0.05024408549070358,0.05024408549070358
41,4.1,5.1,0.4018093943595886,0.4018093943595886
42,4.2,5.2,0.08457223325967789,0.08457223325967789
43,4.3,5.3,0.5042229294776917,0.5042229294776917
44,4.4,5.4,0.1379609853029251,0.1379609853029251
45,4.5,5.5,0.0341767854988575,0.0341767854988575
46,4.6,5.6,0.04701206833124161,0.04701206833124161
47,4.7,5.7,0.013415152207016945,0.013415152207016945
48,4.8,5.8,0.14859911799430847,0.14859911799430847
49,4.9,5.9,0.30415230989456177,0.30415230989456177
50,5.0,6.0,0.16048301756381989,0.16048301756381989
51,5.1,6.1,0.03174924850463867,0.03174924850463867
52,5.2,6.2,0.30261844396591187,0.30261844396591187
53,5.3,6.3,0.07109875231981277,0.07109875231981277
54,5.4,6.4,0.3156716525554657,0.3156716525554657
55,5.5,6.5,0.30172809958457947,0.30172809958457947
56,5.6,6.6,0.4271160960197449,0.4271160960197449
57,5.7,6.7,0.2802337408065796,0.2802337408065796
58,5.8,6.8,0.8187524676322937,0.8187524676322937
59,5.9,6.9,0.09650719910860062,0.09650719910860062
60,6.0,7.0,0.13227364420890808,0.13227364420890808
61,6.1,7.1,0.2031078040599823,0.2031078040599823
62,6.2,7.2,0.26354706287384033,0.26354706287384033
63,6.3,7.3,0.4134298861026764,0.4134298861026764
64,6.4,7.4,0.1567978858947754,0.1567978858947754
65,6.5,7.5,0.7561313509941101,0.7561313509941101
66,6.6,7.6,0.23293064534664154,0.23293064534664154
67,6.7,7.7,0.5064747929573059,0.5064747929573059
68,6.8,7.8,0.5997174382209778,0.5997174382209778
69,6.9,7.9,0.8468140959739685,0.8468140959739685
70,7.0,8.0,0.24176226556301117,0.24176226556301117
71,7.1,8.1,0.5930030941963196,0.5930030941963196
72,7.2,8.2,0.5758031010627747,0.5758031010627747
73,7.3,8.3,0.3036099970340729,0.3036099970340729
74,7.4,8.4,0.29741108417510986,0.29741108417510986
75,7.5,8.5,0.6704443693161011,0.6704443693161011
76,7.6,8.6,0.11980799585580826,0.11980799585580826
77,7.7,8.7,0.1299867033958435,0.1299867033958435
78,7.8,8.8,0.4178468585014343,0.4178468585014343
79,7.9,8.9,0.3957740068435669,0.3957740068435669
80,8.0,9.0,0.879796028137207,0.879796028137207
81,8.1,9.1,0.14272913336753845,0.14272913336753845
82,8.2,9.2,0.45110130310058594,0.45110130310058594
83,8.3,9.3,0.08206422626972198,0.08206422626972198
84,8.4,9.4,0.05629050359129906,0.05629050359129906
85,8.5,9.5,0.47133368253707886,0.47133368253707886
86,8.6,9.6,0.12788712978363037,0.12788712978363037
87,8.7,9.7,0.5935041904449463,0.5935041904449463
88,8.8,9.8,0.17198236286640167,0.17198236286640167
89,8.9,9.9,0.26507970690727234,0.26507970690727234
90,9.0,10.0,0.22989685833454132,0.22989685833454132
91,9.1,10.1,0.28983163833618164,0.28983163833618164
92,9.2,10.2,0.10534283518791199,0.10534283518791199
93,9.3,10.3,0.6951138377189636,0.6951138377189636
94,9.4,10.4,0.2432396560907364,0.2432396560907364
95,9.5,10.5,0.03440425172448158,0.03440425172448158
96,9.6,10.6,0.32979121804237366,0.32979121804237366
97,9.7,10.7,0.08304935693740845,0.08304935693740845
98,9.8,10.8,0.6068341135978699,0.6068341135978699
99,9.9,10.9,0.9004749059677124,0.9004749059677124
100,10.0,11.0,0.8295024633407593,0.8295024633407593
101,10.1,11.1,0.4359991252422333,0.4359991252422333
102,10.2,11.2,0.7211427092552185,0.7211427092552185
103,10.3,11.3,0.7358354330062866,0.7358354330062866
104,10.4,11.4,0.7179996371269226,0.7179996371269226
105,10.5,11.5,0.4170074760913849,0.4170074760913849
106,10.6,11.6,0.8244589567184448,0.8244589567184448
107,10.7,11.7,0.4593793749809265,0.4593793749809265
108,10.8,11.8,0.5504762530326843,0.5504762530326843
109,10.9,11.9,0.18031266331672668,0.18031266331672668
110,11.0,12.0,0.7331398725509644,0.7331398725509644
111,11.1,12.1,0.2422383427619934,0.2422383427619934
112,11.2,12.2,0.09008810669183731,0.09008810669183731
113,11.3,12.3,0.12895436584949493,0.12895436584949493
114,11.4,12.4,0.060339126735925674,0.060339126735925674
115,11.5,12.5,0.39033758640289307,0.39033758640289307
116,11.6,12.6,0.5603561401367188,0.5603561401367188
117,11.7,12.7,0.12276335805654526,0.12276335805654526
118,11.8,12.8,0.08991537988185883,0.08991537988185883
119,11.9,12.9,0.05445079877972603,0.05445079877972603
120,12.0,13.0,0.5958822965621948,0.5958822965621948
121,12.1,13.1,0.870543897151947,0.870543897151947
122,12.2,13.2,0.8243147730827332,0.8243147730827332
123,12.3,13.3,0.07668638974428177,0.07668638974428177
124,12.4,13.4,0.46121746301651,0.46121746301651
125,12.5,13.5,0.8585253953933716,0.8585253953933716
126,12.6,13.6,0.7231540083885193,0.7231540083885193
127,12.7,13.7,0.1433613896369934,0.1433613896369934
128,12.8,13.8,0.39587709307670593,0.39587709307670593
129,12.9,13.9,0.7588558197021484,0.7588558197021484
130,13.0,14.0,0.3383597433567047,0.3383597433567047
131,13.1,14.1,0.14617305994033813,0.14617305994033813
132,13.2,14.2,0.22401051223278046,0.22401051223278046
133,13.3,14.3,0.6167649030685425,0.6167649030685425
134,13.4,14.4,0.3781816065311432,0.3781816065311432
135,13.5,14.5,0.19862160086631775,0.19862160086631775
136,13.6,14.6,0.8189013004302979,0.8189013004302979
137,13.7,14.7,0.6160088777542114,0.6160088777542114
138,13.8,14.8,0.7738308310508728,0.7738308310508728
139,13.9,14.9,0.3559769093990326,0.3559769093990326
140,14.0,15.0,0.19253139197826385,0.19253139197826385
141,14.1,15.1,0.22717233002185822,0.22717233002185822
142,14.2,15.2,0.21567955613136292,0.21567955613136292
143,14.3,15.3,0.29277172684669495,0.29277172684669495
144,14.4,15.4,0.21407438814640045,0.21407438814640045
145,14.5,15.5,0.14114898443222046,0.14114898443222046
146,14.6,15.6,0.6853297352790833,0.6853297352790833
147,14.7,15.7,0.149003267288208,0.149003267288208
148,14.8,15.8,0.09885914623737335,0.09885914623737335
149,14.9,15.9,0.5731745362281799,0.5731745362281799
150,15.0,16.0,0.4450223743915558,0.4450223743915558
151,15.1,16.1,0.5625549554824829,0.5625549554824829
152,15.2,16.2,0.3389616906642914,0.3389616906642914
153,15.3,16.3,0.3119505047798157,0.3119505047798157
154,15.4,16.4,0.5079363584518433,0.5079363584518433
155,15.5,16.5,0.6806519627571106,0.6806519627571106
156,15.6,16.6,0.6268870830535889,0.6268870830535889
157,15.7,16.7,0.1975434273481369,0.1975434273481369
158,15.8,16.8,0.5317642688751221,0.5317642688751221
159,15.9,16.9,0.539753258228302,0.539753258228302
160,16.0,17.0,0.396045982837677,0.396045982837677
161,16.1,17.1,0.0918954461812973,0.0918954461812973
162,16.2,17.2,0.26600760221481323,0.26600760221481323
163,16.3,17.3,0.22741343080997467,0.22741343080997467
164,16.4,17.4,0.012687294743955135,0.012687294743955135
165,16.5,17.5,0.08519657701253891,0.08519657701253891
166,16.6,17.6,0.05153561010956764,0.05153561010956764
167,16.7,17.7,0.035667773336172104,0.035667773336172104
168,16.8,17.8,0.027719171717762947,0.027719171717762947
169,16.9,17.9,0.06250844895839691,0.06250844895839691
170,17.0,18.0,0.0686332955956459,0.0686332955956459
171,17.1,18.1,0.19565516710281372,0.19565516710281372
172,17.2,18.2,0.17495295405387878,0.17495295405387878
173,17.3,18.3,0.5033150911331177,0.5033150911331177
174,17.4,18.4,0.7826561331748962,0.7826561331748962
175,17.5,18.5,0.1879788488149643,0.1879788488149643
176,17.6,18.6,0.4954935908317566,0.4954935908317566
177,17.7,18.7,0.555505633354187,0.555505633354187
178,17.8,18.8,0.14653241634368896,0.14653241634368896
179,17.9,18.9,0.39192724227905273,0.39192724227905273
180,18.0,19.0,0.5117876529693604,0.5117876529693604
181,18.1,19.1,0.21368534862995148,0.21368534862995148
182,18.2,19.2,0.16799305379390717,0.16799305379390717
183,18.3,19.3,0.4679541289806366,0.4679541289806366
184,18.4,19.4,0.9208444356918335,0.9208444356918335
185,18.5,19.5,0.7364062070846558,0.7364062070846558
186,18.6,19.6,0.25724416971206665,0.25724416971206665
187,18.7,19.7,0.295794814825058,0.295794814825058
188,18.8,19.8,0.6093606352806091,0.6093606352806091
189,18.9,19.9,0.8004277944564819,0.8004277944564819
190,19.0,20.0,0.8177503347396851,0.8177503347396851
191,19.1,20.1,0.18198829889297485,0.18198829889297485
192,19.2,20.2,0.11381784826517105,0.11381784826517105
193,19.3,20.3,0.1565074920654297,0.1565074920654297
194,19.4,20.4,0.13330362737178802,0.13330362737178802
195,19.5,20.5,0.37404417991638184,0.37404417991638184
196,19.6,20.6,0.19094739854335785,0.19094739854335785
197,19.7,20.7,0.06285850703716278,0.06285850703716278
198,19.8,20.8,0.07391753792762756,0.07391753792762756
199,19.9,20.9,0.19234731793403625,0.19234731793403625
200,20.0,21.0,0.31131163239479065,0.31131163239479065
201,20.1,21.1,0.033459171652793884,0.033459171652793884
202,20.2,21.2,0.08248328417539597,0.08248328417539597
203,20.3,21.3,0.056366875767707825,0.056366875767707825
204,20.4,21.4,0.0774608701467514,0.0774608701467514
205,20.5,21.5,0.267865389585495,0.267865389585495
206,20.6,21.6,0.0381421223282814,0.0381421223282814
207,20.7,21.7,0.24412193894386292,0.24412193894386292
208,20.8,21.8,0.2750145494937897,0.2750145494937897
209,20.9,21.9,0.2941937744617462,0.2941937744617462
210,21.0,22.0,0.3242136836051941,0.3242136836051941
211,21.1,22.1,0.3388955593109131,0.3388955593109131
212,21.2,22.2,0.6542049050331116,0.6542049050331116
213,21.3,22.3,0.25241029262542725,0.25241029262542725
214,21.4,22.4,0.7293918132781982,0.7293918132781982
215,21.5,22.5,0.2003338783979416,0.2003338783979416
216,21.6,22.6,0.2673584818840027,0.2673584818840027
217,21.7,22.7,0.819940447807312,0.819940447807312
218,21.8,22.8,0.8060591816902161,0.8060591816902161
219,21.9,22.9,0.16890046000480652,0.16890046000480652
220,22.0,23.0,0.16378460824489594,0.16378460824489594
221,22.1,23.1,0.5021677017211914,0.5021677017211914
222,22.2,23.2,0.4041103422641754,0.4041103422641754
223,22.3,23.3,0.5004305243492126,0.5004305243492126
224,22.4,23.4,0.2073868066072464,0.2073868066072464
225,22.5,23.5,0.2249716967344284,0.2249716967344284
226,22.6,23.6,0.45318320393562317,0.45318320393562317
227,22.7,23.7,0.1489793211221695,0.1489793211221695
228,22.8,23.8,0.7085402011871338,0.7085402011871338
229,22.9,23.9,0.6532562971115112,0.6532562971115112
230,23.0,24.0,0.656947672367096,0.656947672367096
231,23.1,24.1,0.1970360428094864,0.1970360428094864
232,23.2,24.2,0.1966533660888672,0.1966533660888672
233,23.3,24.3,0.13604234158992767,0.13604234158992767
234,23.4,24.4,0.17094923555850983,0.17094923555850983
235,23.5,24.5,0.46841755509376526,0.46841755509376526
236,23.6,24.6,0.1529102772474289,0.1529102772474289
237,23.7,24.7,0.3604157567024231,0.3604157567024231
238,23.8,24.8,0.3152833878993988,0.3152833878993988
239,23.9,24.9,0.14802120625972748,0.14802120625972748
240,24.0,25.0,0.28664064407348633,0.28664064407348633
241,24.1,25.1,0.45745596289634705,0.45745596289634705
242,24.2,25.2,0.5376075506210327,0.5376075506210327
243,24.3,25.3,0.4038391709327698,0.4038391709327698
244,24.4,25.4,0.19985465705394745,0.19985465705394745
245,24.5,25.5,0.1601554900407791,0.1601554900407791
246,24.6,25.6,0.25248825550079346,0.25248825550079346
247,24.7,25.7,0.5823673009872437,0.5823673009872437
248,24.8,25.8,0.5279238820075989,0.5279238820075989
249,24.9,25.9,0.26321089267730713,0.26321089267730713
250,25.0,26.0,0.35203424096107483,0.35203424096107483
251,25.1,26.1,0.587688684463501,0.587688684463501
252,25.2,26.2,0.23946677148342133,0.23946677148342133
253,25.3,26.3,0.3858506977558136,0.3858506977558136
254,25.4,26.4,0.8734372854232788,0.8734372854232788
255,25.5,26.5,0.7721990346908569,0.7721990346908569
256,25.6,26.6,0.2768450975418091,0.2768450975418091
257,25.7,26.7,0.26514992117881775,0.26514992117881775
258,25.8,26.8,0.25475987792015076,0.25475987792015076
259,25.9,26.9,0.399471640586853,0.399471640586853
260,26.0,27.0,0.1271752417087555,0.1271752417087555
261,26.1,27.1,0.24448411166667938,0.24448411166667938
262,26.2,27.2,0.1142476350069046,0.1142476350069046
263,26.3,27.3,0.18395806849002838,0.18395806849002838
264,26.4,27.4,0.10714264214038849,0.10714264214038849
265,26.5,27.5,0.3610151410102844,0.3610151410102844
266,26.6,27.6,0.6038233041763306,0.6038233041763306
267,26.7,27.7,0.21736153960227966,0.21736153960227966
268,26.8,27.8,0.7924483418464661,0.7924483418464661
269,26.9,27.9,0.30342334508895874,0.30342334508895874
270,27.0,28.0,0.1816248595714569,0.1816248595714569
271,27.1,28.1,0.2278396636247635,0.2278396636247635
272,27.2,28.2,0.22126224637031555,0.22126224637031555
273,27.3,28.3,0.6872547268867493,0.6872547268867493
274,27.4,28.4,0.0952865481376648,0.0952865481376648
275,27.5,28.5,0.21099615097045898,0.21099615097045898
276,27.6,28.6,0.18405982851982117,0.18405982851982117
277,27.7,28.7,0.457614541053772,0.457614541053772
278,27.8,28.8,0.43632760643959045,0.43632760643959045
279,27.9,28.9,0.6550877690315247,0.6550877690315247
280,28.0,29.0,0.2570439875125885,0.2570439875125885
281,28.1,29.1,0.28296130895614624,0.28296130895614624
282,28.2,29.2,0.2210969775915146,0.2210969775915146
283,28.3,29.3,0.0974535197019577,0.0974535197019577
284,28.4,29.4,0.3142664432525635,0.3142664432525635
285,28.5,29.5,0.06317362934350967,0.06317362934350967
286,28.6,29.6,0.10353376716375351,0.10353376716375351
287,28.7,29.7,0.2648982107639313,0.2648982107639313
288,28.8,29.8,0.0662349984049797,0.0662349984049797
289,28.9,29.9,0.18317434191703796,0.18317434191703796
290,29.0,30.0,0.21828880906105042,0.21828880906105042
291,29.1,30.1,0.2998291254043579,0.2998291254043579
292,29.2,30.2,0.47488680481910706,0.47488680481910706
293,29.3,30.3,0.45453333854675293,0.45453333854675293
294,29.4,30.4,0.1563003957271576,0.1563003957271576
295,29.5,30.5,0.58341383934021,0.58341383934021
296,29.6,30.6,0.5323479771614075,0.5323479771614075
297,29.7,30.7,0.38372114300727844,0.38372114300727844
298,29.8,30.8,0.7384631633758545,0.7384631633758545
299,29.9,30.9,0.3640543818473816,0.3640543818473816
300,30.0,31.0,0.37281671166419983,0.37281671166419983
301,30.1,31.1,0.6262726783752441,0.6262726783752441
302,30.2,31.2,0.662231981754303,0.662231981754303
303,30.3,31.3,0.3587622344493866,0.3587622344493866
304,30.4,31.4,0.1517511010169983,0.1517511010169983
305,30.5,31.5,0.3454345166683197,0.3454345166683197
306,30.6,31.6,0.3976229727268219,0.3976229727268219
307,30.7,31.7,0.32913216948509216,0.32913216948509216
308,30.8,31.8,0.7531933188438416,0.7531933188438416
309,30.9,31.9,0.5297608971595764,0.5297608971595764
310,31.0,32.0,0.10196081548929214,0.10196081548929214
311,31.1,32.1,0.05614166706800461,0.05614166706800461
312,31.2,32.2,0.21067115664482117,0.21067115664482117
313,31.3,32.3,0.4068889021873474,0.4068889021873474
314,31.4,32.4,0.17832796275615692,0.17832796275615692
315,31.5,32.5,0.7463206052780151,0.7463206052780151
316,31.6,32.6,0.06558430939912796,0.06558430939912796
317,31.7,32.7,0.14019030332565308,0.14019030332565308
318,31.8,32.8,0.3057180941104889,0.3057180941104889
319,31.9,32.9,0.1408376544713974,0.1408376544713974
320,32.0,33.0,0.27205973863601685,0.27205973863601685
321,32.1,33.1,0.6529693007469177,0.6529693007469177
322,32.2,33.2,0.29841747879981995,0.29841747879981995
323,32.3,33.3,0.22259993851184845,0.22259993851184845
324,32.4,33.4,0.7757849097251892,0.7757849097251892
325,32.5,33.5,0.46037063002586365,0.46037063002586365
326,32.6,33.6,0.9056655764579773,0.9056655764579773
327,32.7,33.7,0.22755257785320282,0.22755257785320282
328,32.8,33.8,0.6587026119232178,0.6587026119232178
329,32.9,33.9,0.10912837833166122,0.10912837833166122
330,33.0,34.0,0.36737146973609924,0.36737146973609924
331,33.1,34.1,0.5196019411087036,0.5196019411087036
332,33.2,34.2,0.5210011601448059,0.5210011601448059
333,33.3,34.3,0.25442251563072205,0.25442251563072205
334,33.4,34.4,0.1376265436410904,0.1376265436410904
335,33.5,34.5,0.3497447669506073,0.3497447669506073
336,33.6,34.6,0.3301256597042084,0.3301256597042084
337,33.7,34.7,0.05647618696093559,0.05647618696093559
338,33.8,34.8,0.13475103676319122,0.13475103676319122
339,33.9,34.9,0.35914304852485657,0.35914304852485657
340,34.0,35.0,0.11347632110118866,0.11347632110118866
341,34.1,35.1,0.24173136055469513,0.24173136055469513
342,34.2,35.2,0.40349966287612915,0.40349966287612915
343,34.3,35.3,0.40445584058761597,0.40445584058761597
344,34.4,35.4,0.8271180987358093,0.8271180987358093
345,34.5,35.5,0.21600668132305145,0.21600668132305145
346,34.6,35.6,0.9637537598609924,0.9637537598609924
347,34.7,35.7,0.7852405905723572,0.7852405905723572
348,34.8,35.8,0.3745548129081726,0.3745548129081726
349,34.9,35.9,0.22897198796272278,0.22897198796272278
350,35.0,36.0,0.3536756634712219,0.3536756634712219
351,35.1,36.1,0.1959742158651352,0.1959742158651352
352,35.2,36.2,0.2284442037343979,0.2284442037343979
353,35.3,36.3,0.42632004618644714,0.42632004618644714
354,35.4,36.4,0.6380041241645813,0.6380041241645813
355,35.5,36.5,0.1260729283094406,0.1260729283094406
356,35.6,36.6,0.1505686640739441,0.1505686640739441
357,35.7,36.7,0.41407647728919983,0.41407647728919983
358,35.8,36.8,0.18807731568813324,0.18807731568813324
359,35.9,36.9,0.573128879070282,0.573128879070282
360,36.0,37.0,0.48631802201271057,0.48631802201271057
361,36.1,37.1,0.41289880871772766,0.41289880871772766
362,36.2,37.2,0.25155970454216003,0.25155970454216003
363,36.3,37.3,0.33707842230796814,0.33707842230796814
364,36.4,37.4,0.39717966318130493,0.39717966318130493
365,36.5,37.5,0.2715156674385071,0.2715156674385071
366,36.6,37.6,0.10307567566633224,0.10307567566633224
367,36.7,37.7,0.19802387058734894,0.19802387058734894
368,36.8,37.8,0.13329826295375824,0.13329826295375824
369,36.9,37.9,0.1101590022444725,0.1101590022444725
370,37.0,38.0,0.13342782855033875,0.13342782855033875
371,37.1,38.1,0.6551905274391174,0.6551905274391174
372,37.2,38.2,0.8497694730758667,0.8497694730758667
373,37.3,38.3,0.844614565372467,0.844614565372467
374,37.4,38.4,0.3155839145183563,0.3155839145183563
375,37.5,38.5,0.21699918806552887,0.21699918806552887
376,37.6,38.6,0.10645965486764908,0.10645965486764908
377,37.7,38.7,0.16678662598133087,0.16678662598133087
378,37.8,38.8,0.34909680485725403,0.34909680485725403
379,37.9,38.9,0.7540328502655029,0.7540328502655029
380,38.0,39.0,0.20532569289207458,0.20532569289207458
381,38.1,39.1,0.09674599021673203,0.09674599021673203
382,38.2,39.2,0.09678065031766891,0.09678065031766891
383,38.3,39.3,0.13110487163066864,0.13110487163066864
384,38.4,39.4,0.21695169806480408,0.21695169806480408
385,38.5,39.5,0.32587528228759766,0.32587528228759766
386,38.6,39.6,0.19577203691005707,0.19577203691005707
387,38.7,39.7,0.5156261920928955,0.5156261920928955
388,38.8,39.8,0.831104040145874,0.831104040145874
389,38.9,39.9,0.3264486789703369,0.3264486789703369
390,39.0,40.0,0.8666747212409973,0.8666747212409973
391,39.1,40.1,0.7330681085586548,0.7330681085586548
392,39.2,40.2,0.5216497182846069,0.5216497182846069
393,39.3,40.3,0.3223329782485962,0.3223329782485962
394,39.4,40.4,0.51172935962677,0.51172935962677
395,39.5,40.5,0.7401461005210876,0.7401461005210876
396,39.6,40.6,0.48631224036216736,0.48631224036216736
397,39.7,40.7,0.34726420044898987,0.34726420044898987
398,39.8,40.8,0.47378525137901306,0.47378525137901306
399,39.9,40.9,0.13640809059143066,0.13640809059143066
400,40.0,41.0,0.4496004581451416,0.4496004581451416
401,40.1,41.1,0.18978452682495117,0.18978452682495117
402,40.2,41.2,0.6398311257362366,0.6398311257362366
403,40.3,41.3,0.6022166609764099,0.6022166609764099
404,40.4,41.4,0.611210823059082,0.611210823059082
405,40.5,41.5,0.134822279214859,0.134822279214859
406,40.6,41.6,0.17075413465499878,0.17075413465499878
407,40.7,41.7,0.14111542701721191,0.14111542701721191
408,40.8,41.8,0.09371912479400635,0.09371912479400635
409,40.9,41.9,0.12504959106445312,0.12504959106445312
410,41.0,42.0,0.2908048629760742,0.2908048629760742
411,41.1,42.1,0.17801029980182648,0.17801029980182648
412,41.2,42.2,0.35634422302246094,0.35634422302246094
413,41.3,42.3,0.5043315887451172,0.5043315887451172
414,41.4,42.4,0.4253084659576416,0.4253084659576416
415,41.5,42.5,0.12507914006710052,0.12507914006710052
416,41.6,42.6,0.6794799566268921,0.6794799566268921
417,41.7,42.7,0.2038983702659607,0.2038983702659607
418,41.8,42.8,0.31202664971351624,0.31202664971351624
419,41.9,42.9,0.655367910861969,0.655367910861969
420,42.0,43.0,0.18628674745559692,0.18628674745559692
421,42.1,43.1,0.08559851348400116,0.08559851348400116
422,42.2,43.2,0.2197294533252716,0.2197294533252716
423,42.3,43.3,0.2621811330318451,0.2621811330318451
424,42.4,43.4,0.11924605071544647,0.11924605071544647
425,42.5,43.5,0.022389980033040047,0.022389980033040047
426,42.6,43.6,0.07683292776346207,0.07683292776346207
427,42.7,43.7,0.7274574041366577,0.7274574041366577
428,42.8,43.8,0.15153908729553223,0.15153908729553223
429,42.9,43.9,0.7406485080718994,0.7406485080718994
430,43.0,44.0,0.3876441717147827,0.3876441717147827
431,43.1,44.1,0.15718381106853485,0.15718381106853485
432,43.2,44.2,0.6414151191711426,0.6414151191711426
433,43.3,44.3,0.33738377690315247,0.33738377690315247
434,43.4,44.4,0.13310743868350983,0.13310743868350983
435,43.5,44.5,0.6410919427871704,0.6410919427871704
436,43.6,44.6,0.10867754369974136,0.10867754369974136
437,43.7,44.7,0.09775669127702713,0.09775669127702713
438,43.8,44.8,0.20996356010437012,0.20996356010437012
439,43.9,44.9,0.3005029261112213,0.3005029261112213
440,44.0,45.0,0.7483657002449036,0.7483657002449036
441,44.1,45.1,0.14636574685573578,0.14636574685573578
442,44.2,45.2,0.6472876071929932,0.6472876071929932
443,44.3,45.3,0.3716965615749359,0.3716965615749359
444,44.4,45.4,0.5261999368667603,0.5261999368667603
445,44.5,45.5,0.27634960412979126,0.27634960412979126
446,44.6,45.6,0.44685542583465576,0.44685542583465576
447,44.7,45.7,0.22766485810279846,0.22766485810279846
448,44.8,45.8,0.5071601271629333,0.5071601271629333
449,44.9,45.9,0.13289190828800201,0.13289190828800201
450,45.0,46.0,0.09516618400812149,0.09516618400812149
451,45.1,46.1,0.09029535949230194,0.09029535949230194
452,45.2,46.2,0.0879230871796608,0.0879230871796608
453,45.3,46.3,0.09068536758422852,0.09068536758422852
454,45.4,46.4,0.2611069083213806,0.2611069083213806
455,45.5,46.5,0.21964888274669647,0.21964888274669647
456,45.6,46.6,0.30742892622947693,0.30742892622947693
457,45.7,46.7,0.16834577918052673,0.16834577918052673
458,45.8,46.8,0.059185583144426346,0.059185583144426346
459,45.9,46.9,0.4030647873878479,0.4030647873878479
460,46.0,47.0,0.8458623290061951,0.8458623290061951
461,46.1,47.1,0.19819459319114685,0.19819459319114685
462,46.2,47.2,0.46070584654808044,0.46070584654808044
463,46.3,47.3,0.9109273552894592,0.9109273552894592
464,46.4,47.4,0.3774729073047638,0.3774729073047638
465,46.5,47.5,0.29854410886764526,0.29854410886764526
466,46.6,47.6,0.3366721272468567,0.3366721272468567
467,46.7,47.7,0.5104536414146423,0.5104536414146423
468,46.8,47.8,0.569288432598114,0.569288432598114
469,46.9,47.9,0.19811241328716278,0.19811241328716278
470,47.0,48.0,0.17701290547847748,0.17701290547847748
471,47.1,48.1,0.5905925035476685,0.5905925035476685
472,47.2,48.2,0.14539721608161926,0.14539721608161926
473,47.3,48.3,0.19278274476528168,0.19278274476528168
474,47.4,48.4,0.11480773240327835,0.11480773240327835
475,47.5,48.5,0.10861311107873917,0.10861311107873917
476,47.6,48.6,0.3176080286502838,0.3176080286502838
477,47.7,48.7,0.5781115889549255,0.5781115889549255
478,47.8,48.8,0.2735738754272461,0.2735738754272461
479,47.9,48.9,0.8604099154472351,0.8604099154472351
480,48.0,49.0,0.7321681976318359,0.7321681976318359
481,48.1,49.1,0.3961004614830017,0.3961004614830017
482,48.2,49.2,0.2782418727874756,0.2782418727874756
483,48.3,49.3,0.1973809450864792,0.1973809450864792
484,48.4,49.4,0.36238905787467957,0.36238905787467957
485,48.5,49.5,0.5736847519874573,0.5736847519874573
486,48.6,49.6,0.4097946882247925,0.4097946882247925
487,48.7,49.7,0.7495988011360168,0.7495988011360168
488,48.8,49.8,0.5581647157669067,0.5581647157669067
489,48.9,49.9,0.7384046316146851,0.7384046316146851
490,49.0,50.0,0.8548420071601868,0.8548420071601868
491,49.1,50.1,0.3134426772594452,0.3134426772594452
492,49.2,50.2,0.36069709062576294,0.36069709062576294
493,49.3,50.3,0.9336536526679993,0.9336536526679993
494,49.4,50.4,0.7635617256164551,0.7635617256164551
495,49.5,50.5,0.6644861698150635,0.6644861698150635
496,49.6,50.6,0.15004900097846985,0.15004900097846985
497,49.7,50.7,0.013483921997249126,0.013483921997249126
498,49.8,50.8,0.03195299580693245,0.03195299580693245
499,49.9,50.9,0.17539669573307037,0.17539669573307037
500,50.0,51.0,0.5036146640777588,0.5036146640777588
501,50.1,51.1,0.09843464940786362,0.09843464940786362
502,50.2,51.2,0.603558361530304,0.603558361530304
503,50.3,51.3,0.03797467052936554,0.03797467052936554
504,50.4,51.4,0.540386438369751,0.540386438369751
505,50.5,51.5,0.10033445805311203,0.10033445805311203
506,50.6,51.6,0.046503692865371704,0.046503692865371704
507,50.7,51.7,0.2537289559841156,0.2537289559841156
508,50.8,51.8,0.8343936800956726,0.8343936800956726
509,50.9,51.9,0.3358149528503418,0.3358149528503418
510,51.0,52.0,0.6522671580314636,0.6522671580314636
511,51.1,52.1,0.5168849229812622,0.5168849229812622
512,51.2,52.2,0.6546714901924133,0.6546714901924133
513,51.3,52.3,0.788680374622345,0.788680374622345
514,51.4,52.4,0.31495052576065063,0.31495052576065063
515,51.5,52.5,0.14353877305984497,0.14353877305984497
516,51.6,52.6,0.44057369232177734,0.44057369232177734
517,51.7,52.7,0.1598363220691681,0.1598363220691681
518,51.8,52.8,0.11330243945121765,0.11330243945121765
519,51.9,52.9,0.5449816584587097,0.5449816584587097
520,52.0,53.0,0.2579461634159088,0.2579461634159088
521,52.1,53.1,0.4863710403442383,0.4863710403442383
522,52.2,53.2,0.35062068700790405,0.35062068700790405
523,52.3,53.3,0.2868730127811432,0.2868730127811432
524,52.4,53.4,0.08689256757497787,0.08689256757497787
525,52.5,53.5,0.13489894568920135,0.13489894568920135
526,52.6,53.6,0.6686226725578308,0.6686226725578308
527,52.7,53.7,0.29400885105133057,0.29400885105133057
528,52.8,53.8,0.5843389630317688,0.5843389630317688
529,52.9,53.9,0.2110375463962555,0.2110375463962555
530,53.0,54.0,0.39027273654937744,0.39027273654937744
531,53.1,54.1,0.136770561337471,0.136770561337471
532,53.2,54.2,0.7908193469047546,0.7908193469047546
533,53.3,54.3,0.15072739124298096,0.15072739124298096
534,53.4,54.4,0.12771543860435486,0.12771543860435486
535,53.5,54.5,0.251183420419693,0.251183420419693
536,53.6,54.6,0.13648517429828644,0.13648517429828644
537,53.7,54.7,0.27406543493270874,0.27406543493270874
538,53.8,54.8,0.23564714193344116,0.23564714193344116
539,53.9,54.9,0.42224082350730896,0.42224082350730896
540,54.0,55.0,0.17519137263298035,0.17519137263298035
541,54.1,55.1,0.2543255388736725,0.2543255388736725
542,54.2,55.2,0.30144888162612915,0.30144888162612915
543,54.3,55.3,0.41276541352272034,0.41276541352272034
544,54.4,55.4,0.8836312890052795,0.8836312890052795
545,54.5,55.5,0.7524576783180237,0.7524576783180237
546,54.6,55.6,0.2192743420600891,0.2192743420600891
547,54.7,55.7,0.018109019845724106,0.018109019845724106
548,54.8,55.8,0.21671825647354126,0.21671825647354126
549,54.9,55.9,0.438531756401062,0.438531756401062
550,55.0,56.0,0.1603163629770279,0.1603163629770279
551,55.1,56.1,0.21944913268089294,0.21944913268089294
552,55.2,56.2,0.1501280963420868,0.1501280963420868
553,55.3,56.3,0.02799428440630436,0.02799428440630436
554,55.4,56.4,0.03041941300034523,0.03041941300034523
555,55.5,56.5,0.01688328944146633,0.01688328944146633
556,55.6,56.6,0.010567905381321907,0.010567905381321907
557,55.7,56.7,0.7863289713859558,0.7863289713859558
558,55.8,56.8,0.4998503625392914,0.4998503625392914
559,55.9,56.9,0.6569828987121582,0.6569828987121582
560,56.0,57.0,0.429973840713501,0.429973840713501
561,56.1,57.1,0.2560384273529053,0.2560384273529053
562,56.2,57.2,0.8007895946502686,0.8007895946502686
563,56.3,57.3,0.6679205298423767,0.6679205298423767
564,56.4,57.4,0.8876776695251465,0.8876776695251465
565,56.5,57.5,0.15937896072864532,0.15937896072864532
566,56.6,57.6,0.37924835085868835,0.37924835085868835
567,56.7,57.7,0.5137670040130615,0.5137670040130615
568,56.8,57.8,0.2326844483613968,0.2326844483613968
569,56.9,57.9,0.026370281353592873,0.026370281353592873
570,57.0,58.0,0.01668517291545868,0.01668517291545868
571,57.1,58.1,0.13153301179409027,0.13153301179409027
572,57.2,58.2,0.029431506991386414,0.029431506991386414
573,57.3,58.3,0.33482086658477783,0.33482086658477783
574,57.4,58.4,0.15752065181732178,0.15752065181732178
575,57.5,58.5,0.5334357023239136,0.5334357023239136
576,57.6,58.6,0.36421826481819153,0.36421826481819153
577,57.7,58.7,0.7394264340400696,0.7394264340400696
578,57.8,58.8,0.22947536408901215,0.22947536408901215
579,57.9,58.9,0.3732070326805115,0.3732070326805115
580,58.0,59.0,0.18896113336086273,0.18896113336086273
581,58.1,59.1,0.5168796181678772,0.5168796181678772
582,58.2,59.2,0.3213559687137604,0.3213559687137604
583,58.3,59.3,0.5305447578430176,0.5305447578430176
584,58.4,59.4,0.5581235289573669,0.5581235289573669
585,58.5,59.5,0.7408022880554199,0.7408022880554199
586,58.6,59.6,0.2305692881345749,0.2305692881345749
587,58.7,59.7,0.519550085067749,0.519550085067749
588,58.8,59.8,0.11108317971229553,0.11108317971229553
589,58.9,59.9,0.18925678730010986,0.18925678730010986
590,59.0,60.0,0.09429416805505753,0.09429416805505753
591,59.1,60.1,0.6252835392951965,0.6252835392951965
592,59.2,60.2,0.08080864697694778,0.08080864697694778
593,59.3,60.3,0.9087855815887451,0.9087855815887451
594,59.4,60.4,0.2679229974746704,0.2679229974746704
595,59.5,60.5,0.45947057008743286,0.45947057008743286
596,59.6,60.6,0.4034962058067322,0.4034962058067322
597,59.7,60.7,0.8495733141899109,0.8495733141899109
598,59.8,60.8,0.8099007606506348,0.8099007606506348
599,59.9,60.9,0.2784651517868042,0.2784651517868042
600,60.0,61.0,0.4431818425655365,0.4431818425655365
601,60.1,61.1,0.4778059422969818,0.4778059422969818
602,60.2,61.2,0.1769590973854065,0.1769590973854065
603,60.3,61.3,0.3113272190093994,0.3113272190093994
604,60.4,61.4,0.02855236642062664,0.02855236642062664
605,60.5,61.5,0.31511127948760986,0.31511127948760986
606,60.6,61.6,0.19188588857650757,0.19188588857650757
607,60.7,61.7,0.16844165325164795,0.16844165325164795
608,60.8,61.8,0.05451633781194687,0.05451633781194687
609,60.9,61.9,0.004163080360740423,0.004163080360740423
610,61.0,62.0,0.004927567671984434,0.004927567671984434
611,61.1,62.1,0.0026924130506813526,0.0026924130506813526
612,61.2,62.2,0.002205226104706526,0.002205226104706526
613,61.3,62.3,0.020425308495759964,0.020425308495759964
614,61.4,62.4,0.011903013102710247,0.011903013102710247
615,61.5,62.5,0.03494573384523392,0.03494573384523392
616,61.6,62.6,0.0026689134538173676,0.0026689134538173676
617,61.7,62.7,0.044032298028469086,0.044032298028469086
618,61.8,62.8,0.17137394845485687,0.17137394845485687
619,61.9,62.9,0.22689297795295715,0.22689297795295715
620,62.0,63.0,0.16402021050453186,0.16402021050453186
621,62.1,63.1,0.3056018054485321,0.3056018054485321
622,62.2,63.2,0.6640028357505798,0.6640028357505798
623,62.3,63.3,0.028036626055836678,0.028036626055836678
624,62.4,63.4,0.038721051067113876,0.038721051067113876
625,62.5,63.5,0.3532395362854004,0.3532395362854004
626,62.6,63.6,0.07790733873844147,0.07790733873844147
627,62.7,63.7,0.21614204347133636,0.21614204347133636
628,62.8,63.8,0.04220382124185562,0.04220382124185562
629,62.9,63.9,0.26427945494651794,0.26427945494651794
630,63.0,64.0,0.06330445408821106,0.06330445408821106
631,63.1,64.1,0.07653047889471054,0.07653047889471054
632,63.2,64.2,0.2656722962856293,0.2656722962856293
633,63.3,64.3,0.02976827509701252,0.02976827509701252
634,63.4,64.4,0.0026924554258584976,0.0026924554258584976
635,63.5,64.5,0.0186925046145916,0.0186925046145916
636,63.6,64.6,0.033384837210178375,0.033384837210178375
637,63.7,64.7,0.007734179962426424,0.007734179962426424
638,63.8,64.8,0.003324108198285103,0.003324108198285103
639,63.9,64.9,0.0010347289498895407,0.0010347289498895407
640,64.0,65.0,0.004390045069158077,0.004390045069158077
641,64.1,65.1,0.0013734950916841626,0.0013734950916841626
642,64.2,65.2,0.0004316575650591403,0.0004316575650591403
643,64.3,65.3,0.051119182258844376,0.051119182258844376
644,64.4,65.4,0.08727166056632996,0.08727166056632996
645,64.5,65.5,0.23372790217399597,0.23372790217399597
646,64.6,65.6,0.2647586464881897,0.2647586464881897
647,64.7,65.7,0.42951393127441406,0.42951393127441406
648,64.8,65.8,0.6635569930076599,0.6635569930076599
649,64.9,65.9,0.37146228551864624,0.37146228551864624
650,65.0,66.0,0.08050365000963211,0.08050365000963211
651,65.1,66.1,0.5731033682823181,0.5731033682823181
652,65.2,66.2,0.5111227035522461,0.5111227035522461
653,65.3,66.3,0.3603520095348358,0.3603520095348358
654,65.4,66.4,0.2880080044269562,0.2880080044269562
655,65.5,66.5,0.5266734957695007,0.5266734957695007
656,65.6,66.6,0.42724937200546265,0.42724937200546265
657,65.7,66.7,0.42708954215049744,0.42708954215049744
658,65.8,66.8,0.4364400804042816,0.4364400804042816
659,65.9,66.9,0.587954580783844,0.587954580783844
660,66.0,67.0,0.3694000542163849,0.3694000542163849
661,66.1,67.1,0.5823999047279358,0.5823999047279358
662,66.2,67.2,0.8159579038619995,0.8159579038619995
663,66.3,67.3,0.6724163889884949,0.6724163889884949
664,66.4,67.4,0.4009566307067871,0.4009566307067871
665,66.5,67.5,0.4813075363636017,0.4813075363636017
666,66.6,67.6,0.3840182423591614,0.3840182423591614
667,66.7,67.7,0.19944530725479126,0.19944530725479126
668,66.8,67.8,0.25749385356903076,0.25749385356903076
669,66.9,67.9,0.28743481636047363,0.28743481636047363
670,67.0,68.0,0.6940227746963501,0.6940227746963501
671,67.1,68.1,0.3576104938983917,0.3576104938983917
672,67.2,68.2,0.2699055075645447,0.2699055075645447
673,67.3,68.3,0.2909289300441742,0.2909289300441742
674,67.4,68.4,0.1482178121805191,0.1482178121805191
675,67.5,68.5,0.11828107386827469,0.11828107386827469
676,67.6,68.6,0.23755353689193726,0.23755353689193726
677,67.7,68.7,0.09330888837575912,0.09330888837575912
678,67.8,68.8,0.5391847491264343,0.5391847491264343
679,67.9,68.9,0.034022942185401917,0.034022942185401917
680,68.0,69.0,0.293846994638443,0.293846994638443
681,68.1,69.1,0.3065747320652008,0.3065747320652008
682,68.2,69.2,0.9408894181251526,0.9408894181251526
683,68.3,69.3,0.5614792704582214,0.5614792704582214
684,68.4,69.4,0.3536033630371094,0.3536033630371094
685,68.5,69.5,0.6409977674484253,0.6409977674484253
686,68.6,69.6,0.6843631863594055,0.6843631863594055
687,68.7,69.7,0.6545524597167969,0.6545524597167969
688,68.8,69.8,0.7289900183677673,0.7289900183677673
689,68.9,69.9,0.7162842750549316,0.7162842750549316
690,69.0,70.0,0.5957357883453369,0.5957357883453369
691,69.1,70.1,0.515257716178894,0.515257716178894
692,69.2,70.2,0.5213007926940918,0.5213007926940918
693,69.3,70.3,0.741112232208252,0.741112232208252
694,69.4,70.4,0.036794621497392654,0.036794621497392654
695,69.5,70.5,0.19797548651695251,0.19797548651695251
696,69.6,70.6,0.5500360131263733,0.5500360131263733
697,69.7,70.7,0.2168099582195282,0.2168099582195282
698,69.8,70.8,0.12075840681791306,0.12075840681791306
699,69.9,70.9,0.19275261461734772,0.19275261461734772
700,70.0,71.0,0.07430831342935562,0.07430831342935562
701,70.1,71.1,0.09143109619617462,0.09143109619617462
702,70.2,71.2,0.05907484143972397,0.05907484143972397
703,70.3,71.3,0.16728930175304413,0.16728930175304413
704,70.4,71.4,0.6480327844619751,0.6480327844619751
705,70.5,71.5,0.37398427724838257,0.37398427724838257
706,70.6,71.6,0.4297347664833069,0.4297347664833069
707,70.7,71.7,0.8147602081298828,0.8147602081298828
708,70.8,71.8,0.1897200345993042,0.1897200345993042
709,70.9,71.9,0.2333991974592209,0.2333991974592209
710,71.0,72.0,0.10573911666870117,0.10573911666870117
711,71.1,72.1,0.028852717950940132,0.028852717950940132
712,71.2,72.2,0.37343376874923706,0.37343376874923706
713,71.3,72.3,0.3487515151500702,0.3487515151500702
714,71.4,72.4,0.6185050010681152,0.6185050010681152
715,71.5,72.5,0.07564045488834381,0.07564045488834381
716,71.6,72.6,0.177864670753479,0.177864670753479
717,71.7,72.7,0.23623131215572357,0.23623131215572357
718,71.8,72.8,0.13433022797107697,0.13433022797107697
719,71.9,72.9,0.13689008355140686,0.13689008355140686
720,72.0,73.0,0.1730804443359375,0.1730804443359375
721,72.1,73.1,0.3568703532218933,0.3568703532218933
722,72.2,73.2,0.16810165345668793,0.16810165345668793
723,72.3,73.3,0.2207690179347992,0.2207690179347992
724,72.4,73.4,0.12152917683124542,0.12152917683124542
725,72.5,73.5,0.17249703407287598,0.17249703407287598
726,72.6,73.6,0.18769514560699463,0.18769514560699463
727,72.7,73.7,0.8242232799530029,0.8242232799530029
728,72.8,73.8,0.5039480328559875,0.5039480328559875
729,72.9,73.9,0.16682219505310059,0.16682219505310059
730,73.0,74.0,0.12619774043560028,0.12619774043560028
731,73.1,74.1,0.19165734946727753,0.19165734946727753
732,73.2,74.2,0.283474862575531,0.283474862575531
733,73.3,74.3,0.22047150135040283,0.22047150135040283
734,73.4,74.4,0.31675657629966736,0.31675657629966736
735,73.5,74.5,0.07213380187749863,0.07213380187749863
736,73.6,74.6,0.6389890313148499,0.6389890313148499
737,73.7,74.7,0.4573400914669037,0.4573400914669037
738,73.8,74.8,0.6029221415519714,0.6029221415519714
739,73.9,74.9,0.9183403849601746,0.9183403849601746
740,74.0,75.0,0.7492268681526184,0.7492268681526184
741,74.1,75.1,0.8746389746665955,0.8746389746665955
742,74.2,75.2,0.5297843217849731,0.5297843217849731
743,74.3,75.3,0.4761287569999695,0.4761287569999695
744,74.4,75.4,0.7960741519927979,0.7960741519927979
745,74.5,75.5,0.7161439061164856,0.7161439061164856
746,74.6,75.6,0.3834666609764099,0.3834666609764099
747,74.7,75.7,0.43709611892700195,0.43709611892700195
748,74.8,75.8,0.6836045384407043,0.6836045384407043
749,74.9,75.9,0.896364152431488,0.896364152431488
750,75.0,76.0,0.4808703362941742,0.4808703362941742
751,75.1,76.1,0.1799936443567276,0.1799936443567276
752,75.2,76.2,0.261068195104599,0.261068195104599
753,75.3,76.3,0.25244587659835815,0.25244587659835815
754,75.4,76.4,0.1661483645439148,0.1661483645439148
755,75.5,76.5,0.830769956111908,0.830769956111908
756,75.6,76.6,0.16736701130867004,0.16736701130867004
757,75.7,76.7,0.02031482569873333,0.02031482569873333
758,75.8,76.8,0.06845005601644516,0.06845005601644516
759,75.9,76.9,0.012247198261320591,0.012247198261320591
760,76.0,77.0,0.03395414724946022,0.03395414724946022
761,76.1,77.1,0.015584100969135761,0.015584100969135761
762,76.2,77.2,0.020861588418483734,0.020861588418483734
763,76.3,77.3,0.0008463398553431034,0.0008463398553431034
764,76.4,77.4,0.002309465315192938,0.002309465315192938
765,76.5,77.5,0.008641350083053112,0.008641350083053112
766,76.6,77.6,0.06648771464824677,0.06648771464824677
767,76.7,77.7,0.14166595041751862,0.14166595041751862
768,76.8,77.8,0.5909356474876404,0.5909356474876404
769,76.9,77.9,0.02958313189446926,0.02958313189446926
770,77.0,78.0,0.08689333498477936,0.08689333498477936
771,77.1,78.1,0.48114046454429626,0.48114046454429626
772,77.2,78.2,0.12432809174060822,0.12432809174060822
773,77.3,78.3,0.16308674216270447,0.16308674216270447
774,77.4,78.4,0.21063600480556488,0.21063600480556488
775,77.5,78.5,0.10269041359424591,0.10269041359424591
776,77.6,78.6,0.19159001111984253,0.19159001111984253
777,77.7,78.7,0.008256821893155575,0.008256821893155575
778,77.8,78.8,0.010235314257442951,0.010235314257442951
779,77.9,78.9,0.031155258417129517,0.031155258417129517
780,78.0,79.0,0.04722003638744354,0.04722003638744354
781,78.1,79.1,0.1906932145357132,0.1906932145357132
782,78.2,79.2,0.7777586579322815,0.7777586579322815
783,78.3,79.3,0.24804553389549255,0.24804553389549255
784,78.4,79.4,0.17591321468353271,0.17591321468353271
785,78.5,79.5,0.364448606967926,0.364448606967926
786,78.6,79.6,0.3570394515991211,0.3570394515991211
787,78.7,79.7,0.22948862612247467,0.22948862612247467
788,78.8,79.8,0.2275846153497696,0.2275846153497696
789,78.9,79.9,0.8558757901191711,0.8558757901191711
790,79.0,80.0,0.722560703754425,0.722560703754425
791,79.1,80.1,0.4630506932735443,0.4630506932735443
792,79.2,80.2,0.9573142528533936,0.9573142528533936
793,79.3,80.3,0.8945184350013733,0.8945184350013733
794,79.4,80.4,0.9534240365028381,0.9534240365028381
795,79.5,80.5,0.8025631904602051,0.8025631904602051
796,79.6,80.6,0.7363800406455994,0.7363800406455994
797,79.7,80.7,0.6672080755233765,0.6672080755233765
798,79.8,80.8,0.46232864260673523,0.46232864260673523
799,79.9,80.9,0.633927047252655,0.633927047252655
800,80.0,81.0,0.4592140316963196,0.4592140316963196
801,80.1,81.1,0.43760716915130615,0.43760716915130615
802,80.2,81.2,0.6981369256973267,0.6981369256973267
803,80.3,81.3,0.4285171329975128,0.4285171329975128
804,80.4,81.4,0.9076365828514099,0.9076365828514099
805,80.5,81.5,0.5315530896186829,0.5315530896186829
806,80.6,81.6,0.3866545855998993,0.3866545855998993
807,80.7,81.7,0.3859071731567383,0.3859071731567383
808,80.8,81.8,0.6821469068527222,0.6821469068527222
809,80.9,81.9,0.21040718257427216,0.21040718257427216
810,81.0,82.0,0.18514029681682587,0.18514029681682587
811,81.1,82.1,0.8528195023536682,0.8528195023536682
812,81.2,82.2,0.9078618288040161,0.9078618288040161
813,81.3,82.3,0.8957647681236267,0.8957647681236267
814,81.4,82.4,0.5837041139602661,0.5837041139602661
815,81.5,82.5,0.43135035037994385,0.43135035037994385
816,81.6,82.6,0.517753541469574,0.517753541469574
817,81.7,82.7,0.8401876091957092,0.8401876091957092
818,81.8,82.8,0.2380824089050293,0.2380824089050293
819,81.9,82.9,0.5699512362480164,0.5699512362480164
820,82.0,83.0,0.846308171749115,0.846308171749115
821,82.1,83.1,0.19258302450180054,0.19258302450180054
822,82.2,83.2,0.048895131796598434,0.048895131796598434
823,82.3,83.3,0.05999844893813133,0.05999844893813133
824,82.4,83.4,0.37640535831451416,0.37640535831451416
825,82.5,83.5,0.6661626696586609,0.6661626696586609
826,82.6,83.6,0.3689318299293518,0.3689318299293518
827,82.7,83.7,0.45670682191848755,0.45670682191848755
828,82.8,83.8,0.6069698929786682,0.6069698929786682
829,82.9,83.9,0.37985923886299133,0.37985923886299133
830,83.0,84.0,0.06439102441072464,0.06439102441072464
831,83.1,84.1,0.07342339307069778,0.07342339307069778
832,83.2,84.2,0.057065125554800034,0.057065125554800034
833,83.3,84.3,0.6411076784133911,0.6411076784133911
834,83.4,84.4,0.8634958267211914,0.8634958267211914
835,83.5,84.5,0.75343257188797,0.75343257188797
836,83.6,84.6,0.5195112824440002,0.5195112824440002
837,83.7,84.7,0.6136249899864197,0.6136249899864197
838,83.8,84.8,0.34862080216407776,0.34862080216407776
839,83.9,84.9,0.14176343381404877,0.14176343381404877
840,84.0,85.0,0.7765281200408936,0.7765281200408936
841,84.1,85.1,0.09041133522987366,0.09041133522987366
842,84.2,85.2,0.3184949457645416,0.3184949457645416
843,84.3,85.3,0.09006235748529434,0.09006235748529434
844,84.4,85.4,0.23805390298366547,0.23805390298366547
845,84.5,85.5,0.6120005249977112,0.6120005249977112
846,84.6,85.6,0.11748549342155457,0.11748549342155457
847,84.7,85.7,0.7851674556732178,0.7851674556732178
848,84.8,85.8,0.3457602560520172,0.3457602560520172
849,84.9,85.9,0.005529285874217749,0.005529285874217749
850,85.0,86.0,0.06333177536725998,0.06333177536725998
851,85.1,86.1,0.23216521739959717,0.23216521739959717
852,85.2,86.2,0.19058391451835632,0.19058391451835632
853,85.3,86.3,0.4127469062805176,0.4127469062805176
854,85.4,86.4,0.020062454044818878,0.020062454044818878
855,85.5,86.5,0.06282533705234528,0.06282533705234528
856,85.6,86.6,0.03754589706659317,0.03754589706659317
857,85.7,86.7,0.2906036376953125,0.2906036376953125
858,85.8,86.8,0.810546338558197,0.810546338558197
859,85.9,86.9,0.19623032212257385,0.19623032212257385
860,86.0,87.0,0.18736980855464935,0.18736980855464935
861,86.1,87.1,0.19212287664413452,0.19212287664413452
862,86.2,87.2,0.3316691815853119,0.3316691815853119
863,86.3,87.3,0.1414666622877121,0.1414666622877121
864,86.4,87.4,0.1239677220582962,0.1239677220582962
865,86.5,87.5,0.13496215641498566,0.13496215641498566
866,86.6,87.6,0.0346715934574604,0.0346715934574604
867,86.7,87.7,0.31968292593955994,0.31968292593955994
868,86.8,87.8,0.12310624122619629,0.12310624122619629
869,86.9,87.9,0.05201536417007446,0.05201536417007446
870,87.0,88.0,0.9097230434417725,0.9097230434417725
871,87.1,88.1,0.807934045791626,0.807934045791626
872,87.2,88.2,0.48944029211997986,0.48944029211997986
873,87.3,88.3,0.5185060501098633,0.5185060501098633
874,87.4,88.4,0.8561074137687683,0.8561074137687683
875,87.5,88.5,0.30821025371551514,0.30821025371551514
876,87.6,88.6,0.1934124380350113,0.1934124380350113
877,87.7,88.7,0.4198431670665741,0.4198431670665741
878,87.8,88.8,0.26821646094322205,0.26821646094322205
879,87.9,88.9,0.10305549204349518,0.10305549204349518
880,88.0,89.0,0.07042914628982544,0.07042914628982544
881,88.1,89.1,0.437204509973526,0.437204509973526
882,88.2,89.2,0.1966802328824997,0.1966802328824997
883,88.3,89.3,0.3658934235572815,0.3658934235572815
884,88.4,89.4,0.39116165041923523,0.39116165041923523
885,88.5,89.5,0.15314339101314545,0.15314339101314545
886,88.6,89.6,0.3268328607082367,0.3268328607082367
887,88.7,89.7,0.32521989941596985,0.32521989941596985
888,88.8,89.8,0.4668407738208771,0.4668407738208771
889,88.9,89.9,0.20322822034358978,0.20322822034358978
890,89.0,90.0,0.47804951667785645,0.47804951667785645
891,89.1,90.1,0.9062339663505554,0.9062339663505554
892,89.2,90.2,0.9014261960983276,0.9014261960983276
893,89.3,90.3,0.5995213389396667,0.5995213389396667
894,89.4,90.4,0.5169332027435303,0.5169332027435303
895,89.5,90.5,0.15890461206436157,0.15890461206436157
896,89.6,90.6,0.7406656742095947,0.7406656742095947
897,89.7,90.7,0.9261689782142639,0.9261689782142639
898,89.8,90.8,0.7037214636802673,0.7037214636802673
899,89.9,90.9,0.23396295309066772,0.23396295309066772
900,90.0,91.0,0.0588141605257988,0.0588141605257988
901,90.1,91.1,0.8094204664230347,0.8094204664230347
902,90.2,91.2,0.8801771998405457,0.8801771998405457
903,90.3,91.3,0.2171180248260498,0.2171180248260498
904,90.4,91.4,0.38503170013427734,0.38503170013427734
905,90.5,91.5,0.39168035984039307,0.39168035984039307
906,90.6,91.6,0.4150586724281311,0.4150586724281311
907,90.7,91.7,0.6215365529060364,0.6215365529060364
908,90.8,91.8,0.5017241835594177,0.5017241835594177
909,90.9,91.9,0.11023334413766861,0.11023334413766861
910,91.0,92.0,0.01939130574464798,0.01939130574464798
911,91.1,92.1,0.06782091408967972,0.06782091408967972
912,91.2,92.2,0.1380818784236908,0.1380818784236908
913,91.3,92.3,0.06358209252357483,0.06358209252357483
914,91.4,92.4,0.1552291065454483,0.1552291065454483
915,91.5,92.5,0.16540171205997467,0.16540171205997467
916,91.6,92.6,0.21194793283939362,0.21194793283939362
917,91.7,92.7,0.6621506214141846,0.6621506214141846
918,91.8,92.8,0.4921247959136963,0.4921247959136963
919,91.9,92.9,0.041809722781181335,0.041809722781181335
920,92.0,93.0,0.459502249956131,0.459502249956131
921,92.1,93.1,0.036168720573186874,0.036168720573186874
922,92.2,93.2,0.27225837111473083,0.27225837111473083
923,92.3,93.3,0.1259922981262207,0.1259922981262207
924,92.4,93.4,0.024579329416155815,0.024579329416155815
925,92.5,93.5,0.37964898347854614,0.37964898347854614
926,92.6,93.6,0.09255973249673843,0.09255973249673843
927,92.7,93.7,0.08866546303033829,0.08866546303033829
928,92.8,93.8,0.3353916108608246,0.3353916108608246
929,92.9,93.9,0.738155722618103,0.738155722618103
930,93.0,94.0,0.8905279636383057,0.8905279636383057
931,93.1,94.1,0.5310944318771362,0.5310944318771362
932,93.2,94.2,0.7005500197410583,0.7005500197410583
933,93.3,94.3,0.860568642616272,0.860568642616272
934,93.4,94.4,0.8895265460014343,0.8895265460014343
935,93.5,94.5,0.39972296357154846,0.39972296357154846
936,93.6,94.6,0.7638878226280212,0.7638878226280212
937,93.7,94.7,0.3545229136943817,0.3545229136943817
938,93.8,94.8,0.038438405841588974,0.038438405841588974
939,93.9,94.9,0.13383112847805023,0.13383112847805023
940,94.0,95.0,0.6635829210281372,0.6635829210281372
941,94.1,95.1,0.6064700484275818,0.6064700484275818
942,94.2,95.2,0.7528494596481323,0.7528494596481323
943,94.3,95.3,0.2608165442943573,0.2608165442943573
944,94.4,95.4,0.4968653619289398,0.4968653619289398
945,94.5,95.5,0.6710619926452637,0.6710619926452637
946,94.6,95.6,0.2853492200374603,0.2853492200374603
947,94.7,95.7,0.13833308219909668,0.13833308219909668
948,94.8,95.8,0.9208478331565857,0.9208478331565857
949,94.9,95.9,0.24164527654647827,0.24164527654647827
950,95.0,96.0,0.033276643604040146,0.033276643604040146
951,95.1,96.1,0.18956972658634186,0.18956972658634186
952,95.2,96.2,0.051128022372722626,0.051128022372722626
953,95.3,96.3,0.10020815581083298,0.10020815581083298
954,95.4,96.4,0.36083149909973145,0.36083149909973145
955,95.5,96.5,0.40396252274513245,0.40396252274513245
956,95.6,96.6,0.2368273288011551,0.2368273288011551
957,95.7,96.7,0.3113759756088257,0.3113759756088257
958,95.8,96.8,0.7117080092430115,0.7117080092430115
959,95.9,96.9,0.6479167342185974,0.6479167342185974
960,96.0,97.0,0.6549690365791321,0.6549690365791321
961,96.1,97.1,0.5158474445343018,0.5158474445343018
962,96.2,97.2,0.4682242274284363,0.4682242274284363
963,96.3,97.3,0.9091880321502686,0.9091880321502686
964,96.4,97.4,0.8757695555686951,0.8757695555686951
965,96.5,97.5,0.4988357722759247,0.4988357722759247
966,96.6,97.6,0.8446934223175049,0.8446934223175049
967,96.7,97.7,0.422426700592041,0.422426700592041
968,96.8,97.8,0.6593405604362488,0.6593405604362488
969,96.9,97.9,0.4040568470954895,0.4040568470954895
970,97.0,98.0,0.3703691363334656,0.3703691363334656
971,97.1,98.1,0.35671502351760864,0.35671502351760864
972,97.2,98.2,0.09712835401296616,0.09712835401296616
973,97.3,98.3,0.19450193643569946,0.19450193643569946
974,97.4,98.4,0.8978290557861328,0.8978290557861328
975,97.5,98.5,0.6513184905052185,0.6513184905052185
976,97.6,98.6,0.6313645243644714,0.6313645243644714
977,97.7,98.7,0.14529676735401154,0.14529676735401154
978,97.8,98.8,0.8620112538337708,0.8620112538337708
979,97.9,98.9,0.8440173268318176,0.8440173268318176
980,98.0,99.0,0.41125282645225525,0.41125282645225525
981,98.1,99.1,0.11206500977277756,0.11206500977277756
982,98.2,99.2,0.8062204122543335,0.8062204122543335
983,98.3,99.3,0.4049787223339081,0.4049787223339081
984,98.4,99.4,0.7783846259117126,0.7783846259117126
985,98.5,99.5,0.2804291248321533,0.2804291248321533
986,98.6,99.6,0.7887999415397644,0.7887999415397644
987,98.7,99.7,0.5072961449623108,0.5072961449623108
988,98.8,99.8,0.8198956251144409,0.8198956251144409
989,98.9,99.9,0.591451108455658,0.591451108455658
990,99.0,100.0,0.8479306101799011,0.8479306101799011
991,99.1,100.1,0.8849536180496216,0.8849536180496216
992,99.2,100.2,0.7447801828384399,0.7447801828384399
993,99.3,100.3,0.8076428771018982,0.8076428771018982
994,99.4,100.4,0.8970568180084229,0.8970568180084229
995,99.5,100.5,0.9399431347846985,0.9399431347846985
996,99.6,100.6,0.7327672839164734,0.7327672839164734
997,99.7,100.7,0.2884458005428314,0.2884458005428314
998,99.8,100.8,0.9124351143836975,0.9124351143836975
999,99.9,100.9,0.7620366215705872,0.7620366215705872
1000,100.0,101.0,0.4552502930164337,0.4552502930164337
1001,100.1,101.1,0.8159186244010925,0.8159186244010925
1002,100.2,101.2,0.6246283054351807,0.6246283054351807
1003,100.3,101.3,0.4097766876220703,0.4097766876220703
1004,100.4,101.4,0.826373815536499,0.826373815536499
1005,100.5,101.5,0.6965706944465637,0.6965706944465637
1006,100.6,101.6,0.379059374332428,0.379059374332428
1007,100.7,101.7,0.7984458804130554,0.7984458804130554
1008,100.8,101.8,0.7131558656692505,0.7131558656692505
1009,100.9,101.9,0.3583499491214752,0.3583499491214752
1010,101.0,102.0,0.3530972898006439,0.3530972898006439
1011,101.1,102.1,0.2845688760280609,0.2845688760280609
1012,101.2,102.2,0.2227495312690735,0.2227495312690735
1013,101.3,102.3,0.5608137845993042,0.5608137845993042
1014,101.4,102.4,0.284024178981781,0.284024178981781
1015,101.5,102.5,0.2008845955133438,0.2008845955133438
1016,101.6,102.6,0.5831021666526794,0.5831021666526794
1017,101.7,102.7,0.5886422991752625,0.5886422991752625
1018,101.8,102.8,0.2518104016780853,0.2518104016780853
1019,101.9,102.9,0.8324331641197205,0.8324331641197205
1020,102.0,103.0,0.11861743777990341,0.11861743777990341
1021,102.1,103.1,0.8160954713821411,0.8160954713821411
1022,102.2,103.2,0.08450188487768173,0.08450188487768173
1023,102.3,103.3,0.0753592774271965,0.0753592774271965
1024,102.4,103.4,0.2634286880493164,0.2634286880493164
1025,102.5,103.5,0.21055808663368225,0.21055808663368225
1026,102.6,103.6,0.18717753887176514,0.18717753887176514
1027,102.7,103.7,0.2515348196029663,0.2515348196029663
1028,102.8,103.8,0.27495676279067993,0.27495676279067993
1029,102.9,103.9,0.25026145577430725,0.25026145577430725
1030,103.0,104.0,0.8192277550697327,0.8192277550697327
1031,103.1,104.1,0.7161312103271484,0.7161312103271484
1032,103.2,104.2,0.0815981775522232,0.0815981775522232
1033,103.3,104.3,0.12097038328647614,0.12097038328647614
1034,103.4,104.4,0.23627476394176483,0.23627476394176483
1035,103.5,104.5,0.3837072551250458,0.3837072551250458
1036,103.6,104.6,0.2670663893222809,0.2670663893222809
1037,103.7,104.7,0.3525855839252472,0.3525855839252472
1038,103.8,104.8,0.6577408909797668,0.6577408909797668
1039,103.9,104.9,0.5291260480880737,0.5291260480880737
1040,104.0,105.0,0.6180503964424133,0.6180503964424133
1041,104.1,105.1,0.43273481726646423,0.43273481726646423
1042,104.2,105.2,0.46079888939857483,0.46079888939857483
1043,104.3,105.3,0.7361606359481812,0.7361606359481812
1044,104.4,105.4,0.11889965087175369,0.11889965087175369
1045,104.5,105.5,0.05656594783067703,0.05656594783067703
1046,104.6,105.6,0.22526514530181885,0.22526514530181885
1047,104.7,105.7,0.034432727843523026,0.034432727843523026
1048,104.8,105.8,0.3740774691104889,0.3740774691104889
1049,104.9,105.9,0.1493036299943924,0.1493036299943924
1050,105.0,106.0,0.0243645291775465,0.0243645291775465
1051,105.1,106.1,0.1723841428756714,0.1723841428756714
1052,105.2,106.2,0.03987202048301697,0.03987202048301697
1053,105.3,106.3,0.006624053232371807,0.006624053232371807
1054,105.4,106.4,0.0038278622087091208,0.0038278622087091208
1055,105.5,106.5,0.6629928350448608,0.6629928350448608
1056,105.6,106.6,0.38020145893096924,0.38020145893096924
1057,105.7,106.7,0.23700721561908722,0.23700721561908722
1058,105.8,106.8,0.5729478597640991,0.5729478597640991
1059,105.9,106.9,0.4116052985191345,0.4116052985191345
1060,106.0,107.0,0.11874320358037949,0.11874320358037949
1061,106.1,107.1,0.18183083832263947,0.18183083832263947
1062,106.2,107.2,0.1884140819311142,0.1884140819311142
1063,106.3,107.3,0.4529195725917816,0.4529195725917816
1064,106.4,107.4,0.28022852540016174,0.28022852540016174
1065,106.5,107.5,0.34549480676651,0.34549480676651
1066,106.6,107.6,0.36214154958724976,0.36214154958724976
1067,106.7,107.7,0.24185121059417725,0.24185121059417725
1068,106.8,107.8,0.15134333074092865,0.15134333074092865
1069,106.9,107.9,0.14648742973804474,0.14648742973804474
1070,107.0,108.0,0.22681832313537598,0.22681832313537598
1071,107.1,108.1,0.2766481339931488,0.2766481339931488
1072,107.2,108.2,0.15035727620124817,0.15035727620124817
1073,107.3,108.3,0.5949788093566895,0.5949788093566895
1074,107.4,108.4,0.48647046089172363,0.48647046089172363
1075,107.5,108.5,0.27403536438941956,0.27403536438941956
1076,107.6,108.6,0.4384867250919342,0.4384867250919342
1077,107.7,108.7,0.398605614900589,0.398605614900589
1078,107.8,108.8,0.577766478061676,0.577766478061676
1079,107.9,108.9,0.3016843795776367,0.3016843795776367
1080,108.0,109.0,0.0898926854133606,0.0898926854133606
1081,108.1,109.1,0.4838252365589142,0.4838252365589142
1082,108.2,109.2,0.26068758964538574,0.26068758964538574
1083,108.3,109.3,0.07235433161258698,0.07235433161258698
1084,108.4,109.4,0.6679005026817322,0.6679005026817322
1085,108.5,109.5,0.044062286615371704,0.044062286615371704
1086,108.6,109.6,0.44532132148742676,0.44532132148742676
1087,108.7,109.7,0.6767175197601318,0.6767175197601318
1088,108.8,109.8,0.7312940955162048,0.7312940955162048
1089,108.9,109.9,0.10735828429460526,0.10735828429460526
1090,109.0,110.0,0.3625969886779785,0.3625969886779785
1091,109.1,110.1,0.04081178084015846,0.04081178084015846
1092,109.2,110.2,0.07423769682645798,0.07423769682645798
1093,109.3,110.3,0.03960468992590904,0.03960468992590904
1094,109.4,110.4,0.002096569398418069,0.002096569398418069
1095,109.5,110.5,0.41420289874076843,0.41420289874076843
1096,109.6,110.6,0.12767702341079712,0.12767702341079712
1097,109.7,110.7,0.2732029855251312,0.2732029855251312
1098,109.8,110.8,0.04574304819107056,0.04574304819107056
1099,109.9,110.9,0.015363856218755245,0.015363856218755245
1100,110.0,111.0,0.018252987414598465,0.018252987414598465
1101,110.1,111.1,0.0184438768774271,0.0184438768774271
1102,110.2,111.2,0.007129322271794081,0.007129322271794081
1103,110.3,111.3,0.03201130032539368,0.03201130032539368
1104,110.4,111.4,0.11456167697906494,0.11456167697906494
1105,110.5,111.5,0.5454418063163757,0.5454418063163757
1106,110.6,111.6,0.681602954864502,0.681602954864502
1107,110.7,111.7,0.7675418257713318,0.7675418257713318
1108,110.8,111.8,0.9077324867248535,0.9077324867248535
1109,110.9,111.9,0.5501378178596497,0.5501378178596497
1110,111.0,112.0,0.14451560378074646,0.14451560378074646
1111,111.1,112.1,0.2730180323123932,0.2730180323123932
1112,111.2,112.2,0.0707017257809639,0.0707017257809639
1113,111.3,112.3,0.7211518883705139,0.7211518883705139
1114,111.4,112.4,0.448005348443985,0.448005348443985
1115,111.5,112.5,0.021117502823472023,0.021117502823472023
1116,111.6,112.6,0.7544896006584167,0.7544896006584167
1117,111.7,112.7,0.08276461064815521,0.08276461064815521
1118,111.8,112.8,0.014582401141524315,0.014582401141524315
1119,111.9,112.9,0.013102808967232704,0.013102808967232704
1120,112.0,113.0,0.005813496187329292,0.005813496187329292
1121,112.1,113.1,0.0816512405872345,0.0816512405872345
1122,112.2,113.2,0.029786933213472366,0.029786933213472366
1123,112.3,113.3,0.0018412021454423666,0.0018412021454423666
1124,112.4,113.4,0.0063123456202447414,0.0063123456202447414
1125,112.5,113.5,0.042338933795690536,0.042338933795690536
1126,112.6,113.6,0.7498294711112976,0.7498294711112976
1127,112.7,113.7,0.5094792246818542,0.5094792246818542
1128,112.8,113.8,0.8870930075645447,0.8870930075645447
1129,112.9,113.9,0.7498809099197388,0.7498809099197388
1130,113.0,114.0,0.16595281660556793,0.16595281660556793
1131,113.1,114.1,0.19949062168598175,0.19949062168598175
1132,113.2,114.2,0.1917394995689392,0.1917394995689392
1133,113.3,114.3,0.09220117330551147,0.09220117330551147
1134,113.4,114.4,0.13595029711723328,0.13595029711723328
1135,113.5,114.5,0.006383982021361589,0.006383982021361589
1136,113.6,114.6,0.028013009577989578,0.028013009577989578
1137,113.7,114.7,0.015763908624649048,0.015763908624649048
1138,113.8,114.8,0.0020719522144645452,0.0020719522144645452
1139,113.9,114.9,0.00667823338881135,0.00667823338881135
1140,114.0,115.0,0.004855407867580652,0.004855407867580652
1141,114.1,115.1,0.0012441646540537477,0.0012441646540537477
1142,114.2,115.2,0.002039476064965129,0.002039476064965129
1143,114.3,115.3,0.015137194655835629,0.015137194655835629
1144,114.4,115.4,0.10633775591850281,0.10633775591850281
1145,114.5,115.5,0.08490223437547684,0.08490223437547684
1146,114.6,115.6,0.6896769404411316,0.6896769404411316
1147,114.7,115.7,0.21469895541667938,0.21469895541667938
1148,114.8,115.8,0.5572741627693176,0.5572741627693176
1149,114.9,115.9,0.8218728303909302,0.8218728303909302
1150,115.0,116.0,0.5399827361106873,0.5399827361106873
1151,115.1,116.1,0.22861318290233612,0.22861318290233612
1152,115.2,116.2,0.07630185037851334,0.07630185037851334
1153,115.3,116.3,0.12256273627281189,0.12256273627281189
1154,115.4,116.4,0.14533330500125885,0.14533330500125885
1155,115.5,116.5,0.18882817029953003,0.18882817029953003
1156,115.6,116.6,0.13740123808383942,0.13740123808383942
1157,115.7,116.7,0.25776317715644836,0.25776317715644836
1158,115.8,116.8,0.5138210654258728,0.5138210654258728
1159,115.9,116.9,0.7645139098167419,0.7645139098167419
1160,116.0,117.0,0.43907299637794495,0.43907299637794495
1161,116.1,117.1,0.5147567987442017,0.5147567987442017
1162,116.2,117.2,0.31137460470199585,0.31137460470199585
1163,116.3,117.3,0.22820669412612915,0.22820669412612915
1164,116.4,117.4,0.031403981149196625,0.031403981149196625
1165,116.5,117.5,0.29110798239707947,0.29110798239707947
1166,116.6,117.6,0.5282588005065918,0.5282588005065918
1167,116.7,117.7,0.17124372720718384,0.17124372720718384
1168,116.8,117.8,0.7839282155036926,0.7839282155036926
1169,116.9,117.9,0.4243526756763458,0.4243526756763458
1170,117.0,118.0,0.32485678791999817,0.32485678791999817
1171,117.1,118.1,0.23314973711967468,0.23314973711967468
1172,117.2,118.2,0.8354722261428833,0.8354722261428833
1173,117.3,118.3,0.4261501133441925,0.4261501133441925
1174,117.4,118.4,0.16485650837421417,0.16485650837421417
1175,117.5,118.5,0.7134190201759338,0.7134190201759338
1176,117.6,118.6,0.16148291528224945,0.16148291528224945
1177,117.7,118.7,0.24161702394485474,0.24161702394485474
1178,117.8,118.8,0.053985726088285446,0.053985726088285446
1179,117.9,118.9,0.35719597339630127,0.35719597339630127
1180,118.0,119.0,0.22960638999938965,0.22960638999938965
1181,118.1,119.1,0.08565770834684372,0.08565770834684372
1182,118.2,119.2,0.3480214774608612,0.3480214774608612
1183,118.3,119.3,0.29930680990219116,0.29930680990219116
1184,118.4,119.4,0.019711855798959732,0.019711855798959732
1185,118.5,119.5,0.0111856022849679,0.0111856022849679
1186,118.6,119.6,0.01754567213356495,0.01754567213356495
1187,118.7,119.7,0.0454920157790184,0.0454920157790184
1188,118.8,119.8,0.24583065509796143,0.24583065509796143
1189,118.9,119.9,0.8274394869804382,0.8274394869804382
1190,119.0,120.0,0.6842907667160034,0.6842907667160034
1191,119.1,120.1,0.95539391040802,0.95539391040802
1192,119.2,120.2,0.5162346959114075,0.5162346959114075
1193,119.3,120.3,0.29861167073249817,0.29861167073249817
1194,119.4,120.4,0.0019118573982268572,0.0019118573982268572
1195,119.5,120.5,0.050119977444410324,0.050119977444410324
1196,119.6,120.6,0.44444572925567627,0.44444572925567627
1197,119.7,120.7,0.0048746755346655846,0.0048746755346655846
1198,119.8,120.8,0.0018832935020327568,0.0018832935020327568
1199,119.9,120.9,0.007565904408693314,0.007565904408693314
1200,120.0,121.0,0.0029233258683234453,0.0029233258683234453
1201,120.1,121.1,0.0029349324759095907,0.0029349324759095907
1202,120.2,121.2,0.06468414515256882,0.06468414515256882
1203,120.3,121.3,0.023639827966690063,0.023639827966690063
1204,120.4,121.4,0.16581223905086517,0.16581223905086517
1205,120.5,121.5,0.33469313383102417,0.33469313383102417
1206,120.6,121.6,0.016209684312343597,0.016209684312343597
1207,120.7,121.7,0.014916716143488884,0.014916716143488884
1208,120.8,121.8,0.4370582103729248,0.4370582103729248
1209,120.9,121.9,0.16593188047409058,0.16593188047409058
1210,121.0,122.0,0.8587840795516968,0.8587840795516968
1211,121.1,122.1,0.2935645580291748,0.2935645580291748
1212,121.2,122.2,0.7779049277305603,0.7779049277305603
1213,121.3,122.3,0.26837339997291565,0.26837339997291565
1214,121.4,122.4,0.7846423983573914,0.7846423983573914
1215,121.5,122.5,0.06426972895860672,0.06426972895860672
1216,121.6,122.6,0.41125962138175964,0.41125962138175964
1217,121.7,122.7,0.13286559283733368,0.13286559283733368
1218,121.8,122.8,0.05698336660861969,0.05698336660861969
1219,121.9,122.9,0.02857017144560814,0.02857017144560814
1220,122.0,123.0,0.48229625821113586,0.48229625821113586
1221,122.1,123.1,0.05447835847735405,0.05447835847735405
1222,122.2,123.2,0.14413300156593323,0.14413300156593323
1223,122.3,123.3,0.002642748411744833,0.002642748411744833
1224,122.4,123.4,0.008327843621373177,0.008327843621373177
1225,122.5,123.5,0.003373952815309167,0.003373952815309167
1226,122.6,123.6,0.006357540376484394,0.006357540376484394
1227,122.7,123.7,0.1205785721540451,0.1205785721540451
1228,122.8,123.8,0.2485405057668686,0.2485405057668686
1229,122.9,123.9,0.21932271122932434,0.21932271122932434
1230,123.0,124.0,0.08445078879594803,0.08445078879594803
1231,123.1,124.1,0.10574258863925934,0.10574258863925934
1232,123.2,124.2,0.20510181784629822,0.20510181784629822
1233,123.3,124.3,0.4074057340621948,0.4074057340621948
1234,123.4,124.4,0.2316279411315918,0.2316279411315918
1235,123.5,124.5,0.13411371409893036,0.13411371409893036
1236,123.6,124.6,0.3826588988304138,0.3826588988304138
1237,123.7,124.7,0.25809186697006226,0.25809186697006226
1238,123.8,124.8,0.28187501430511475,0.28187501430511475
1239,123.9,124.9,0.6052946448326111,0.6052946448326111
1240,124.0,125.0,0.6721632480621338,0.6721632480621338
1241,124.1,125.1,0.3084908723831177,0.3084908723831177
1242,124.2,125.2,0.26957547664642334,0.26957547664642334
1243,124.3,125.3,0.17000479996204376,0.17000479996204376
1244,124.4,125.4,0.49145880341529846,0.49145880341529846
1245,124.5,125.5,0.4607815444469452,0.4607815444469452
1246,124.6,125.6,0.506963849067688,0.506963849067688
1247,124.7,125.7,0.271175354719162,0.271175354719162
1248,124.8,125.8,0.3913174569606781,0.3913174569606781
1249,124.9,125.9,0.11457288265228271,0.11457288265228271
1250,125.0,126.0,0.05872969329357147,0.05872969329357147
1251,125.1,126.1,0.06761745363473892,0.06761745363473892
1252,125.2,126.2,0.10755354911088943,0.10755354911088943
1253,125.3,126.3,0.04880143702030182,0.04880143702030182
1254,125.4,126.4,0.002595021855086088,0.002595021855086088
1255,125.5,126.5,0.11068204045295715,0.11068204045295715
1256,125.6,126.6,0.444534033536911,0.444534033536911
1257,125.7,126.7,0.03588831052184105,0.03588831052184105
1258,125.8,126.8,0.12087497115135193,0.12087497115135193
1259,125.9,126.9,0.13709641993045807,0.13709641993045807
1260,126.0,127.0,0.07941848784685135,0.07941848784685135
1261,126.1,127.1,0.16295252740383148,0.16295252740383148
1262,126.2,127.2,0.01769402250647545,0.01769402250647545
1263,126.3,127.3,0.037776533514261246,0.037776533514261246
1264,126.4,127.4,0.19700612127780914,0.19700612127780914
1265,126.5,127.5,0.7707241177558899,0.7707241177558899
1266,126.6,127.6,0.5544275641441345,0.5544275641441345
1267,126.7,127.7,0.21066395938396454,0.21066395938396454
1268,126.8,127.8,0.5961351990699768,0.5961351990699768
1269,126.9,127.9,0.12830765545368195,0.12830765545368195
1270,127.0,128.0,0.3242315351963043,0.3242315351963043
1271,127.1,128.1,0.541987955570221,0.541987955570221
1272,127.2,128.2,0.6376060843467712,0.6376060843467712
1273,127.3,128.3,0.3309088945388794,0.3309088945388794
1274,127.4,128.4,0.23336376249790192,0.23336376249790192
1275,127.5,128.5,0.7244940996170044,0.7244940996170044
1276,127.6,128.6,0.39025044441223145,0.39025044441223145
1277,127.7,128.7,0.6781591773033142,0.6781591773033142
1278,127.8,128.8,0.5230709910392761,0.5230709910392761
1279,127.9,128.9,0.0826103612780571,0.0826103612780571
1280,128.0,129.0,0.01106140948832035,0.01106140948832035
1281,128.1,129.1,0.05920425057411194,0.05920425057411194
1282,128.2,129.2,0.027007270604372025,0.027007270604372025
1283,128.3,129.3,0.08701925724744797,0.08701925724744797
1284,128.4,129.4,0.005652342922985554,0.005652342922985554
1285,128.5,129.5,0.01041425857692957,0.01041425857692957
1286,128.6,129.6,0.0691988468170166,0.0691988468170166
1287,128.7,129.7,0.07078762352466583,0.07078762352466583
1288,128.8,129.8,0.0007276335963979363,0.0007276335963979363
1289,128.9,129.9,0.0004309787764213979,0.0004309787764213979
1290,129.0,130.0,0.0014038339722901583,0.0014038339722901583
1291,129.1,130.1,0.23128259181976318,0.23128259181976318
1292,129.2,130.2,0.009190157987177372,0.009190157987177372
1293,129.3,130.3,0.02044457010924816,0.02044457010924816
1294,129.4,130.4,0.33777329325675964,0.33777329325675964
1295,129.5,130.5,0.055057868361473083,0.055057868361473083
1296,129.6,130.6,0.024556154385209084,0.024556154385209084
1297,129.7,130.7,0.07462776452302933,0.07462776452302933
1298,129.8,130.8,0.17253443598747253,0.17253443598747253
1299,129.9,130.9,0.2650253474712372,0.2650253474712372
1300,130.0,131.0,0.3260814845561981,0.3260814845561981
1301,130.1,131.1,0.13305777311325073,0.13305777311325073
1302,130.2,131.2,0.2010636180639267,0.2010636180639267
1303,130.3,131.3,0.07905850559473038,0.07905850559473038
1304,130.4,131.4,0.5471543073654175,0.5471543073654175
1305,130.5,131.5,0.3397286534309387,0.3397286534309387
1306,130.6,131.6,0.47077247500419617,0.47077247500419617
1307,130.7,131.7,0.2842482924461365,0.2842482924461365
1308,130.8,131.8,0.5645737051963806,0.5645737051963806
1309,130.9,131.9,0.6087707877159119,0.6087707877159119
1310,131.0,132.0,0.6087678670883179,0.6087678670883179
1311,131.1,132.1,0.274777889251709,0.274777889251709
1312,131.2,132.2,0.4777863919734955,0.4777863919734955
1313,131.3,132.3,0.9337149262428284,0.9337149262428284
1314,131.4,132.4,0.7156988978385925,0.7156988978385925
1315,131.5,132.5,0.6180103421211243,0.6180103421211243
1316,131.6,132.6,0.6248430609703064,0.6248430609703064
1317,131.7,132.7,0.34643158316612244,0.34643158316612244
1318,131.8,132.8,0.31424421072006226,0.31424421072006226
1319,131.9,132.9,0.5088608860969543,0.5088608860969543
1320,132.0,133.0,0.16304431855678558,0.16304431855678558
1321,132.1,133.1,0.6941867470741272,0.6941867470741272
1322,132.2,133.2,0.41536399722099304,0.41536399722099304
1323,132.3,133.3,0.6901627779006958,0.6901627779006958
1324,132.4,133.4,0.268737256526947,0.268737256526947
1325,132.5,133.5,0.5607947707176208,0.5607947707176208
1326,132.6,133.6,0.21922382712364197,0.21922382712364197
1327,132.7,133.7,0.022828789427876472,0.022828789427876472
1328,132.8,133.8,0.11269842833280563,0.11269842833280563
1329,132.9,133.9,0.03413251042366028,0.03413251042366028
1330,133.0,134.0,0.007801983505487442,0.007801983505487442
1331,133.1,134.1,0.02941768430173397,0.02941768430173397
1332,133.2,134.2,0.06266677379608154,0.06266677379608154
1333,133.3,134.3,0.03691944107413292,0.03691944107413292
1334,133.4,134.4,0.6504428386688232,0.6504428386688232
1335,133.5,134.5,0.640648603439331,0.640648603439331
1336,133.6,134.6,0.26662003993988037,0.26662003993988037
1337,133.7,134.7,0.8860474228858948,0.8860474228858948
1338,133.8,134.8,0.6369475722312927,0.6369475722312927
1339,133.9,134.9,0.49323365092277527,0.49323365092277527
1340,134.0,135.0,0.5482451915740967,0.5482451915740967
1341,134.1,135.1,0.6665430068969727,0.6665430068969727
1342,134.2,135.2,0.7762850522994995,0.7762850522994995
1343,134.3,135.3,0.2724364101886749,0.2724364101886749
1344,134.4,135.4,0.7542607188224792,0.7542607188224792
1345,134.5,135.5,0.23632702231407166,0.23632702231407166
1346,134.6,135.6,0.5060575008392334,0.5060575008392334
1347,134.7,135.7,0.3067450225353241,0.3067450225353241
1348,134.8,135.8,0.8487004041671753,0.8487004041671753
1349,134.9,135.9,0.44373151659965515,0.44373151659965515
1350,135.0,136.0,0.3400653004646301,0.3400653004646301
1351,135.1,136.1,0.5510523319244385,0.5510523319244385
1352,135.2,136.2,0.8986144661903381,0.8986144661903381
1353,135.3,136.3,0.37717902660369873,0.37717902660369873
1354,135.4,136.4,0.5930144190788269,0.5930144190788269
1355,135.5,136.5,0.17340043187141418,0.17340043187141418
1356,135.6,136.6,0.5014911890029907,0.5014911890029907
1357,135.7,136.7,0.3892228603363037,0.3892228603363037
1358,135.8,136.8,0.2137613594532013,0.2137613594532013
1359,135.9,136.9,0.6761981844902039,0.6761981844902039
1360,136.0,137.0,0.1784650981426239,0.1784650981426239
1361,136.1,137.1,0.8179865479469299,0.8179865479469299
1362,136.2,137.2,0.6340320706367493,0.6340320706367493
1363,136.3,137.3,0.4917842149734497,0.4917842149734497
1364,136.4,137.4,0.8378444314002991,0.8378444314002991
1365,136.5,137.5,0.16759884357452393,0.16759884357452393
1366,136.6,137.6,0.6100815534591675,0.6100815534591675
1367,136.7,137.7,0.9189168214797974,0.9189168214797974
1368,136.8,137.8,0.14272364974021912,0.14272364974021912
1369,136.9,137.9,0.8616626262664795,0.8616626262664795
1370,137.0,138.0,0.2734805941581726,0.2734805941581726
1371,137.1,138.1,0.5294176936149597,0.5294176936149597
1372,137.2,138.2,0.11171971261501312,0.11171971261501312
1373,137.3,138.3,0.11906961351633072,0.11906961351633072
1374,137.4,138.4,0.8355485796928406,0.8355485796928406
1375,137.5,138.5,0.10644157975912094,0.10644157975912094
1376,137.6,138.6,0.013440161943435669,0.013440161943435669
1377,137.7,138.7,0.6322100758552551,0.6322100758552551
1378,137.8,138.8,0.006806493736803532,0.006806493736803532
1379,137.9,138.9,0.6697368621826172,0.6697368621826172
1380,138.0,139.0,0.02028130553662777,0.02028130553662777
1381,138.1,139.1,0.32685038447380066,0.32685038447380066
1382,138.2,139.2,0.5535099506378174,0.5535099506378174
1383,138.3,139.3,0.7871320843696594,0.7871320843696594
1384,138.4,139.4,0.9994064569473267,0.9994064569473267
1385,138.5,139.5,0.944129228591919,0.944129228591919
1386,138.6,139.6,0.6828298568725586,0.6828298568725586
1387,138.7,139.7,0.36605072021484375,0.36605072021484375
1388,138.8,139.8,0.039424870163202286,0.039424870163202286
1389,138.9,139.9,0.9037635922431946,0.9037635922431946
1390,139.0,140.0,0.7510179877281189,0.7510179877281189
1391,139.1,140.1,0.8801518082618713,0.8801518082618713
1392,139.2,140.2,0.9579375982284546,0.9579375982284546
1393,139.3,140.3,0.6627081036567688,0.6627081036567688
1394,139.4,140.4,0.9822323322296143,0.9822323322296143
1395,139.5,140.5,0.6493167877197266,0.6493167877197266
1396,139.6,140.6,0.0006365560693666339,0.0006365560693666339
1397,139.7,140.7,0.017727887257933617,0.017727887257933617
1398,139.8,140.8,0.6631176471710205,0.6631176471710205
1399,139.9,140.9,0.00923693086951971,0.00923693086951971
1400,140.0,141.0,0.13178250193595886,0.13178250193595886
1401,140.1,141.1,0.7636479139328003,0.7636479139328003
1402,140.2,141.2,0.36772942543029785,0.36772942543029785
1403,140.3,141.3,0.8194116353988647,0.8194116353988647
1404,140.4,141.4,0.9637945890426636,0.9637945890426636
1405,140.5,141.5,0.34554171562194824,0.34554171562194824
1406,140.6,141.6,0.00950586423277855,0.00950586423277855
1407,140.7,141.7,0.27705398201942444,0.27705398201942444
1408,140.8,141.8,0.9022552371025085,0.9022552371025085
1409,140.9,141.9,0.9684746861457825,0.9684746861457825
1410,141.0,142.0,0.9987260699272156,0.9987260699272156
1411,141.1,142.1,0.9649480581283569,0.9649480581283569
1412,141.2,142.2,0.5693432092666626,0.5693432092666626
1413,141.3,142.3,0.48880913853645325,0.48880913853645325
1414,141.4,142.4,0.3428362309932709,0.3428362309932709
1415,141.5,142.5,0.5939531326293945,0.5939531326293945
1416,141.6,142.6,0.03457185998558998,0.03457185998558998
1417,141.7,142.7,0.9551650285720825,0.9551650285720825
1418,141.8,142.8,0.0679546371102333,0.0679546371102333
1419,141.9,142.9,0.893422544002533,0.893422544002533
1420,142.0,143.0,0.9535425901412964,0.9535425901412964
1421,142.1,143.1,0.9866802096366882,0.9866802096366882
1422,142.2,143.2,0.9262669682502747,0.9262669682502747
1423,142.3,143.3,0.7790119647979736,0.7790119647979736
1424,142.4,143.4,0.9206594824790955,0.9206594824790955
1425,142.5,143.5,0.4200492203235626,0.4200492203235626
1426,142.6,143.6,0.8549003601074219,0.8549003601074219
1427,142.7,143.7,0.9982354640960693,0.9982354640960693
1428,142.8,143.8,0.7863810062408447,0.7863810062408447
1429,142.9,143.9,0.9709566235542297,0.9709566235542297
1430,143.0,144.0,0.9972266554832458,0.9972266554832458
1431,143.1,144.1,0.9543411135673523,0.9543411135673523
1432,143.2,144.2,0.9039477705955505,0.9039477705955505
1433,143.3,144.3,0.042650140821933746,0.042650140821933746
1434,143.4,144.4,0.055280182510614395,0.055280182510614395
1435,143.5,144.5,0.3027813136577606,0.3027813136577606
1436,143.6,144.6,0.8002325892448425,0.8002325892448425
1437,143.7,144.7,0.9747917056083679,0.9747917056083679
1438,143.8,144.8,0.9829100966453552,0.9829100966453552
1439,143.9,144.9,0.9142827987670898,0.9142827987670898
1440,144.0,145.0,0.8896378874778748,0.8896378874778748
1441,144.1,145.1,0.8485003709793091,0.8485003709793091
1442,144.2,145.2,0.9055272340774536,0.9055272340774536
1443,144.3,145.3,0.6722180247306824,0.6722180247306824
1444,144.4,145.4,0.5525919795036316,0.5525919795036316
1445,144.5,145.5,0.12014058232307434,0.12014058232307434
1446,144.6,145.6,0.06387585401535034,0.06387585401535034
1447,144.7,145.7,0.22544492781162262,0.22544492781162262
1448,144.8,145.8,0.8345100283622742,0.8345100283622742
1449,144.9,145.9,0.9606219530105591,0.9606219530105591
1450,145.0,146.0,0.12998594343662262,0.12998594343662262
1451,145.1,146.1,0.2552180588245392,0.2552180588245392
1452,145.2,146.2,0.8132621645927429,0.8132621645927429
1453,145.3,146.3,0.9048007726669312,0.9048007726669312
1454,145.4,146.4,0.031206464394927025,0.031206464394927025
1455,145.5,146.5,0.6496925354003906,0.6496925354003906
1456,145.6,146.6,0.9408496618270874,0.9408496618270874
1457,145.7,146.7,0.8381854891777039,0.8381854891777039
1458,145.8,146.8,0.7476627826690674,0.7476627826690674
1459,145.9,146.9,0.6921791434288025,0.6921791434288025
1460,146.0,147.0,0.8606491684913635,0.8606491684913635
1461,146.1,147.1,0.7258817553520203,0.7258817553520203
1462,146.2,147.2,0.14704561233520508,0.14704561233520508
1463,146.3,147.3,0.7167590856552124,0.7167590856552124
1464,146.4,147.4,0.2692182660102844,0.2692182660102844
1465,146.5,147.5,0.5329198837280273,0.5329198837280273
1466,146.6,147.6,0.48302650451660156,0.48302650451660156
1467,146.7,147.7,0.8153553009033203,0.8153553009033203
1468,146.8,147.8,0.5202282071113586,0.5202282071113586
1469,146.9,147.9,0.5322697758674622,0.5322697758674622
1470,147.0,148.0,0.9162869453430176,0.9162869453430176
1471,147.1,148.1,0.9580363035202026,0.9580363035202026
1472,147.2,148.2,0.9830552339553833,0.9830552339553833
1473,147.3,148.3,0.650631308555603,0.650631308555603
1474,147.4,148.4,0.9670527577400208,0.9670527577400208
1475,147.5,148.5,0.8640760779380798,0.8640760779380798
1476,147.6,148.6,0.8564614057540894,0.8564614057540894
1477,147.7,148.7,0.14266414940357208,0.14266414940357208
1478,147.8,148.8,0.351026713848114,0.351026713848114
1479,147.9,148.9,0.3687925636768341,0.3687925636768341
1480,148.0,149.0,0.019549701362848282,0.019549701362848282
1481,148.1,149.1,0.0022750054486095905,0.0022750054486095905
1482,148.2,149.2,0.0005354348686523736,0.0005354348686523736
1483,148.3,149.3,2.7817630325444043e-05,2.7817630325444043e-05
1484,148.4,149.4,2.1481218936969526e-05,2.1481218936969526e-05
1485,148.5,149.5,5.2537220653903205e-06,5.2537220653903205e-06
1486,148.6,149.6,1.0441964150231797e-05,1.0441964150231797e-05
1487,148.7,149.7,3.963405833928846e-05,3.963405833928846e-05
1488,148.8,149.8,8.145048923324794e-05,8.145048923324794e-05
1489,148.9,149.9,0.000145027952385135,0.000145027952385135
1490,149.0,150.0,0.00013460767513606697,0.00013460767513606697
1491,149.1,150.1,0.0032401662319898605,0.0032401662319898605
1492,149.2,150.2,0.2308170199394226,0.2308170199394226
1493,149.3,150.3,0.5913969874382019,0.5913969874382019
1494,149.4,150.4,0.9174046516418457,0.9174046516418457
1495,149.5,150.5,0.9206313490867615,0.9206313490867615
1496,149.6,150.6,0.8734948635101318,0.8734948635101318
1497,149.7,150.7,0.8229385614395142,0.8229385614395142
1498,149.8,150.8,0.8692250847816467,0.8692250847816467
1499,149.9,150.9,0.8982147574424744,0.8982147574424744
1500,150.0,151.0,0.6657061576843262,0.6657061576843262
1501,150.1,151.1,0.8944026827812195,0.8944026827812195
1502,150.2,151.2,0.818244218826294,0.818244218826294
1503,150.3,151.3,0.7735419869422913,0.7735419869422913
1504,150.4,151.4,0.9808781147003174,0.9808781147003174
1505,150.5,151.5,0.9152082800865173,0.9152082800865173
1506,150.6,151.6,0.08135322481393814,0.08135322481393814
1507,150.7,151.7,0.916897177696228,0.916897177696228
1508,150.8,151.8,0.23644325137138367,0.23644325137138367
1509,150.9,151.9,0.7593069076538086,0.7593069076538086
1510,151.0,152.0,0.8446485996246338,0.8446485996246338
1511,151.1,152.1,0.529552698135376,0.529552698135376
1512,151.2,152.2,0.7616854310035706,0.7616854310035706
1513,151.3,152.3,0.5621412396430969,0.5621412396430969
1514,151.4,152.4,0.691382646560669,0.691382646560669
1515,151.5,152.5,0.4642815589904785,0.4642815589904785
1516,151.6,152.6,0.8014185428619385,0.8014185428619385
1517,151.7,152.7,0.4902217984199524,0.4902217984199524
1518,151.8,152.8,0.8141087293624878,0.8141087293624878
1519,151.9,152.9,0.5152546167373657,0.5152546167373657
1520,152.0,153.0,0.9203706383705139,0.9203706383705139
1521,152.1,153.1,0.9077469706535339,0.9077469706535339
1522,152.2,153.2,0.570408284664154,0.570408284664154
1523,152.3,153.3,0.44821101427078247,0.44821101427078247
1524,152.4,153.4,0.8168163895606995,0.8168163895606995
1525,152.5,153.5,0.7953449487686157,0.7953449487686157
1526,152.6,153.6,0.6149401664733887,0.6149401664733887
1527,152.7,153.7,0.8148513436317444,0.8148513436317444
1528,152.8,153.8,0.8511608242988586,0.8511608242988586
1529,152.9,153.9,0.5811177492141724,0.5811177492141724
1530,153.0,154.0,0.5133516192436218,0.5133516192436218
1531,153.1,154.1,0.31490883231163025,0.31490883231163025
1532,153.2,154.2,0.014159061014652252,0.014159061014652252
1533,153.3,154.3,0.06278300285339355,0.06278300285339355
1534,153.4,154.4,0.07581900805234909,0.07581900805234909
1535,153.5,154.5,0.15398164093494415,0.15398164093494415
1536,153.6,154.6,0.02748553641140461,0.02748553641140461
1537,153.7,154.7,0.077419713139534,0.077419713139534
1538,153.8,154.8,0.17479345202445984,0.17479345202445984
1539,153.9,154.9,0.07221274822950363,0.07221274822950363
1540,154.0,155.0,0.4705486595630646,0.4705486595630646
1541,154.1,155.1,0.5208196043968201,0.5208196043968201
1542,154.2,155.2,0.6321576237678528,0.6321576237678528
1543,154.3,155.3,0.10743263363838196,0.10743263363838196
1544,154.4,155.4,0.17025789618492126,0.17025789618492126
1545,154.5,155.5,0.07146501541137695,0.07146501541137695
1546,154.6,155.6,0.13365612924098969,0.13365612924098969
1547,154.7,155.7,0.42981693148612976,0.42981693148612976
1548,154.8,155.8,0.29403579235076904,0.29403579235076904
1549,154.9,155.9,0.4970693588256836,0.4970693588256836
1550,155.0,156.0,0.3162073493003845,0.3162073493003845
1551,155.1,156.1,0.34602412581443787,0.34602412581443787
1552,155.2,156.2,0.06604133546352386,0.06604133546352386
1553,155.3,156.3,0.14593033492565155,0.14593033492565155
1554,155.4,156.4,0.15974725782871246,0.15974725782871246
1555,155.5,156.5,0.13593459129333496,0.13593459129333496
1556,155.6,156.6,0.4614836275577545,0.4614836275577545
1557,155.7,156.7,0.5287286043167114,0.5287286043167114
1558,155.8,156.8,0.8773933053016663,0.8773933053016663
1559,155.9,156.9,0.5991453528404236,0.5991453528404236
1560,156.0,157.0,0.4728494882583618,0.4728494882583618
1561,156.1,157.1,0.5748488306999207,0.5748488306999207
1562,156.2,157.2,0.8225719928741455,0.8225719928741455
1563,156.3,157.3,0.8941730260848999,0.8941730260848999
1564,156.4,157.4,0.8841810822486877,0.8841810822486877
1565,156.5,157.5,0.8147353529930115,0.8147353529930115
1566,156.6,157.6,0.6903229355812073,0.6903229355812073
1567,156.7,157.7,0.8509628772735596,0.8509628772735596
1568,156.8,157.8,0.7658041715621948,0.7658041715621948
1569,156.9,157.9,0.31204572319984436,0.31204572319984436
1570,157.0,158.0,0.5722134113311768,0.5722134113311768
1571,157.1,158.1,0.941205620765686,0.941205620765686
1572,157.2,158.2,0.35534703731536865,0.35534703731536865
1573,157.3,158.3,0.7206173539161682,0.7206173539161682
1574,157.4,158.4,0.17664603888988495,0.17664603888988495
1575,157.5,158.5,0.783149778842926,0.783149778842926
1576,157.6,158.6,0.7513400316238403,0.7513400316238403
1577,157.7,158.7,0.241998553276062,0.241998553276062
1578,157.8,158.8,0.028352748602628708,0.028352748602628708
1579,157.9,158.9,0.0006846138858236372,0.0006846138858236372
1580,158.0,159.0,0.003406573086977005,0.003406573086977005
1581,158.1,159.1,0.00020281651814002544,0.00020281651814002544
1582,158.2,159.2,0.027075057849287987,0.027075057849287987
1583,158.3,159.3,0.015071678906679153,0.015071678906679153
1584,158.4,159.4,0.030812395736575127,0.030812395736575127
1585,158.5,159.5,0.005780008155852556,0.005780008155852556
1586,158.6,159.6,0.0010378477163612843,0.0010378477163612843
1587,158.7,159.7,0.0036164787597954273,0.0036164787597954273
1588,158.8,159.8,0.07873827964067459,0.07873827964067459
1589,158.9,159.9,0.47817808389663696,0.47817808389663696
1590,159.0,160.0,0.47637102007865906,0.47637102007865906
1591,159.1,160.1,0.2888765037059784,0.2888765037059784
1592,159.2,160.2,0.25254306197166443,0.25254306197166443
1593,159.3,160.3,0.6028642058372498,0.6028642058372498
1594,159.4,160.4,0.41322702169418335,0.41322702169418335
1595,159.5,160.5,0.08340412378311157,0.08340412378311157
1596,159.6,160.6,0.14451472461223602,0.14451472461223602
1597,159.7,160.7,0.3686702251434326,0.3686702251434326
1598,159.8,160.8,0.16095581650733948,0.16095581650733948
1599,159.9,160.9,0.8404683470726013,0.8404683470726013
1600,160.0,161.0,0.8498863577842712,0.8498863577842712
1601,160.1,161.1,0.529615044593811,0.529615044593811
1602,160.2,161.2,0.8261711597442627,0.8261711597442627
1603,160.3,161.3,0.14864666759967804,0.14864666759967804
1604,160.4,161.4,0.46503403782844543,0.46503403782844543
1605,160.5,161.5,0.5294464230537415,0.5294464230537415
1606,160.6,161.6,0.294345498085022,0.294345498085022
1607,160.7,161.7,0.14161455631256104,0.14161455631256104
1608,160.8,161.8,0.19038541615009308,0.19038541615009308
1609,160.9,161.9,0.14891311526298523,0.14891311526298523
1610,161.0,162.0,0.13565753400325775,0.13565753400325775
1611,161.1,162.1,0.01086533721536398,0.01086533721536398
1612,161.2,162.2,0.011823338456451893,0.011823338456451893
1613,161.3,162.3,0.08132804185152054,0.08132804185152054
1614,161.4,162.4,0.6885101795196533,0.6885101795196533
1615,161.5,162.5,0.23857708275318146,0.23857708275318146
1616,161.6,162.6,0.7030637264251709,0.7030637264251709
1617,161.7,162.7,0.8159205913543701,0.8159205913543701
1618,161.8,162.8,0.26954394578933716,0.26954394578933716
1619,161.9,162.9,0.47466200590133667,0.47466200590133667
1620,162.0,163.0,0.34261974692344666,0.34261974692344666
1621,162.1,163.1,0.2978951036930084,0.2978951036930084
1622,162.2,163.2,0.4030751585960388,0.4030751585960388
1623,162.3,163.3,0.17410151660442352,0.17410151660442352
1624,162.4,163.4,0.6541234254837036,0.6541234254837036
1625,162.5,163.5,0.3831280469894409,0.3831280469894409
1626,162.6,163.6,0.33482033014297485,0.33482033014297485
1627,162.7,163.7,0.5879376530647278,0.5879376530647278
1628,162.8,163.8,0.11346729844808578,0.11346729844808578
1629,162.9,163.9,0.0820884183049202,0.0820884183049202
1630,163.0,164.0,0.14682167768478394,0.14682167768478394
1631,163.1,164.1,0.8063769340515137,0.8063769340515137
1632,163.2,164.2,0.7436607480049133,0.7436607480049133
1633,163.3,164.3,0.43540525436401367,0.43540525436401367
1634,163.4,164.4,0.7719402313232422,0.7719402313232422
1635,163.5,164.5,0.8779107332229614,0.8779107332229614
1636,163.6,164.6,0.7716042399406433,0.7716042399406433
1637,163.7,164.7,0.31791186332702637,0.31791186332702637
1638,163.8,164.8,0.03789263591170311,0.03789263591170311
1639,163.9,164.9,0.2765584886074066,0.2765584886074066
1640,164.0,165.0,0.27297747135162354,0.27297747135162354
1641,164.1,165.1,0.2513505518436432,0.2513505518436432
1642,164.2,165.2,0.4192952513694763,0.4192952513694763
1643,164.3,165.3,0.007204349152743816,0.007204349152743816
1644,164.4,165.4,0.0733473151922226,0.0733473151922226
1645,164.5,165.5,0.2406049370765686,0.2406049370765686
1646,164.6,165.6,0.41075125336647034,0.41075125336647034
1647,164.7,165.7,0.7038368582725525,0.7038368582725525
1648,164.8,165.8,0.5143831968307495,0.5143831968307495
1649,164.9,165.9,0.7450933456420898,0.7450933456420898
1650,165.0,166.0,0.633510410785675,0.633510410785675
1651,165.1,166.1,0.35515013337135315,0.35515013337135315
1652,165.2,166.2,0.33636996150016785,0.33636996150016785
1653,165.3,166.3,0.7768326997756958,0.7768326997756958
1654,165.4,166.4,0.5762562155723572,0.5762562155723572
1655,165.5,166.5,0.2780865430831909,0.2780865430831909
1656,165.6,166.6,0.6362810134887695,0.6362810134887695
1657,165.7,166.7,0.786699116230011,0.786699116230011
1658,165.8,166.8,0.7606618404388428,0.7606618404388428
1659,165.9,166.9,0.43459552526474,0.43459552526474
1660,166.0,167.0,0.601024329662323,0.601024329662323
1661,166.1,167.1,0.2892422378063202,0.2892422378063202
1662,166.2,167.2,0.6104831695556641,0.6104831695556641
1663,166.3,167.3,0.5348714590072632,0.5348714590072632
1664,166.4,167.4,0.8886054754257202,0.8886054754257202
1665,166.5,167.5,0.7140091061592102,0.7140091061592102
1666,166.6,167.6,0.7319557070732117,0.7319557070732117
1667,166.7,167.7,0.5231174230575562,0.5231174230575562
1668,166.8,167.8,0.3714238405227661,0.3714238405227661
1669,166.9,167.9,0.37230098247528076,0.37230098247528076
1670,167.0,168.0,0.41944411396980286,0.41944411396980286
1671,167.1,168.1,0.4664711654186249,0.4664711654186249
1672,167.2,168.2,0.8428271412849426,0.8428271412849426
1673,167.3,168.3,0.9010897874832153,0.9010897874832153
1674,167.4,168.4,0.30113616585731506,0.30113616585731506
1675,167.5,168.5,0.37488433718681335,0.37488433718681335
1676,167.6,168.6,0.27920112013816833,0.27920112013816833
1677,167.7,168.7,0.7631744146347046,0.7631744146347046
1678,167.8,168.8,0.4236101806163788,0.4236101806163788
1679,167.9,168.9,0.1444438248872757,0.1444438248872757
1680,168.0,169.0,0.6235510110855103,0.6235510110855103
1681,168.1,169.1,0.7183252573013306,0.7183252573013306
1682,168.2,169.2,0.34461987018585205,0.34461987018585205
1683,168.3,169.3,0.7324039936065674,0.7324039936065674
1684,168.4,169.4,0.8211864233016968,0.8211864233016968
1685,168.5,169.5,0.16535694897174835,0.16535694897174835
1686,168.6,169.6,0.17054563760757446,0.17054563760757446
1687,168.7,169.7,0.3517473340034485,0.3517473340034485
1688,168.8,169.8,0.2865394353866577,0.2865394353866577
1689,168.9,169.9,0.6241379976272583,0.6241379976272583
1690,169.0,170.0,0.6012939810752869,0.6012939810752869
1691,169.1,170.1,0.7589023113250732,0.7589023113250732
1692,169.2,170.2,0.4073384702205658,0.4073384702205658
1693,169.3,170.3,0.11619791388511658,0.11619791388511658
1694,169.4,170.4,0.22345396876335144,0.22345396876335144
1695,169.5,170.5,0.3679032623767853,0.3679032623767853
1696,169.6,170.6,0.18952929973602295,0.18952929973602295
1697,169.7,170.7,0.2822747528553009,0.2822747528553009
1698,169.8,170.8,0.5002112984657288,0.5002112984657288
1699,169.9,170.9,0.6824585795402527,0.6824585795402527
1700,170.0,171.0,0.760197103023529,0.760197103023529
1701,170.1,171.1,0.3031153380870819,0.3031153380870819
1702,170.2,171.2,0.3383840322494507,0.3383840322494507
1703,170.3,171.3,0.8572255969047546,0.8572255969047546
1704,170.4,171.4,0.6772741079330444,0.6772741079330444
1705,170.5,171.5,0.19674913585186005,0.19674913585186005
1706,170.6,171.6,0.5702376365661621,0.5702376365661621
1707,170.7,171.7,0.20602329075336456,0.20602329075336456
1708,170.8,171.8,0.6430761814117432,0.6430761814117432
1709,170.9,171.9,0.4690307080745697,0.4690307080745697
1710,171.0,172.0,0.539707362651825,0.539707362651825
1711,171.1,172.1,0.7705250382423401,0.7705250382423401
1712,171.2,172.2,0.9135974645614624,0.9135974645614624
1713,171.3,172.3,0.3613404929637909,0.3613404929637909
1714,171.4,172.4,0.6018632054328918,0.6018632054328918
1715,171.5,172.5,0.713169515132904,0.713169515132904
1716,171.6,172.6,0.4318961799144745,0.4318961799144745
1717,171.7,172.7,0.43515488505363464,0.43515488505363464
1718,171.8,172.8,0.15835094451904297,0.15835094451904297
1719,171.9,172.9,0.0870276615023613,0.0870276615023613
1720,172.0,173.0,0.03886935114860535,0.03886935114860535
1721,172.1,173.1,0.1395069807767868,0.1395069807767868
1722,172.2,173.2,0.7655355334281921,0.7655355334281921
1723,172.3,173.3,0.5682744979858398,0.5682744979858398
1724,172.4,173.4,0.5266964435577393,0.5266964435577393
1725,172.5,173.5,0.757338285446167,0.757338285446167
1726,172.6,173.6,0.2907792329788208,0.2907792329788208
1727,172.7,173.7,0.5145732164382935,0.5145732164382935
1728,172.8,173.8,0.6652252078056335,0.6652252078056335
1729,172.9,173.9,0.5191468000411987,0.5191468000411987
1730,173.0,174.0,0.8376731276512146,0.8376731276512146
1731,173.1,174.1,0.19173108041286469,0.19173108041286469
1732,173.2,174.2,0.32592934370040894,0.32592934370040894
1733,173.3,174.3,0.20766954123973846,0.20766954123973846
1734,173.4,174.4,0.16100792586803436,0.16100792586803436
1735,173.5,174.5,0.018464399501681328,0.018464399501681328
1736,173.6,174.6,0.9008678793907166,0.9008678793907166
1737,173.7,174.7,0.5577691197395325,0.5577691197395325
1738,173.8,174.8,0.14093472063541412,0.14093472063541412
1739,173.9,174.9,0.15772494673728943,0.15772494673728943
1740,174.0,175.0,0.033976588398218155,0.033976588398218155
1741,174.1,175.1,0.1434272825717926,0.1434272825717926
1742,174.2,175.2,0.10270164161920547,0.10270164161920547
1743,174.3,175.3,0.04090656712651253,0.04090656712651253
1744,174.4,175.4,0.007998891174793243,0.007998891174793243
1745,174.5,175.5,0.1176745742559433,0.1176745742559433
1746,174.6,175.6,0.8028753399848938,0.8028753399848938
1747,174.7,175.7,0.36937475204467773,0.36937475204467773
1748,174.8,175.8,0.32985353469848633,0.32985353469848633
1749,174.9,175.9,0.42312273383140564,0.42312273383140564
1750,175.0,176.0,0.5915941596031189,0.5915941596031189
1751,175.1,176.1,0.6485567688941956,0.6485567688941956
1752,175.2,176.2,0.6169079542160034,0.6169079542160034
1753,175.3,176.3,0.2108526974916458,0.2108526974916458
1754,175.4,176.4,0.44557473063468933,0.44557473063468933
1755,175.5,176.5,0.2881045639514923,0.2881045639514923
1756,175.6,176.6,0.5840672254562378,0.5840672254562378
1757,175.7,176.7,0.08278927952051163,0.08278927952051163
1758,175.8,176.8,0.38227367401123047,0.38227367401123047
1759,175.9,176.9,0.30307936668395996,0.30307936668395996
1760,176.0,177.0,0.10310180485248566,0.10310180485248566
1761,176.1,177.1,0.19168442487716675,0.19168442487716675
1762,176.2,177.2,0.49794232845306396,0.49794232845306396
1763,176.3,177.3,0.5339422821998596,0.5339422821998596
1764,176.4,177.4,0.8082914352416992,0.8082914352416992
1765,176.5,177.5,0.19833867251873016,0.19833867251873016
1766,176.6,177.6,0.5945879817008972,0.5945879817008972
1767,176.7,177.7,0.8067658543586731,0.8067658543586731
1768,176.8,177.8,0.561306893825531,0.561306893825531
1769,176.9,177.9,0.21930240094661713,0.21930240094661713
1770,177.0,178.0,0.7100645899772644,0.7100645899772644
1771,177.1,178.1,0.5533936619758606,0.5533936619758606
1772,177.2,178.2,0.25058692693710327,0.25058692693710327
1773,177.3,178.3,0.5844325423240662,0.5844325423240662
1774,177.4,178.4,0.2296248972415924,0.2296248972415924
1775,177.5,178.5,0.18534904718399048,0.18534904718399048
1776,177.6,178.6,0.15512965619564056,0.15512965619564056
1777,177.7,178.7,0.16653741896152496,0.16653741896152496
1778,177.8,178.8,0.8836075663566589,0.8836075663566589
1779,177.9,178.9,0.19973425567150116,0.19973425567150116
1780,178.0,179.0,0.3638811409473419,0.3638811409473419
1781,178.1,179.1,0.10861419886350632,0.10861419886350632
1782,178.2,179.2,0.010711085051298141,0.010711085051298141
1783,178.3,179.3,0.06890414655208588,0.06890414655208588
1784,178.4,179.4,0.13523204624652863,0.13523204624652863
1785,178.5,179.5,0.382362961769104,0.382362961769104
1786,178.6,179.6,0.047191403806209564,0.047191403806209564
1787,178.7,179.7,0.03479427471756935,0.03479427471756935
1788,178.8,179.8,0.00503762811422348,0.00503762811422348
1789,178.9,179.9,0.004268611315637827,0.004268611315637827
1790,179.0,180.0,0.00022479970357380807,0.00022479970357380807
1791,179.1,180.1,0.0009238193742930889,0.0009238193742930889
1792,179.2,180.2,0.08893346786499023,0.08893346786499023
1793,179.3,180.3,0.20198722183704376,0.20198722183704376
1794,179.4,180.4,0.007004783488810062,0.007004783488810062
1795,179.5,180.5,0.15629541873931885,0.15629541873931885
1796,179.6,180.6,0.9914888143539429,0.9914888143539429
1797,179.7,180.7,0.9895219206809998,0.9895219206809998
1798,179.8,180.8,0.6346693634986877,0.6346693634986877
1799,179.9,180.9,0.5031442046165466,0.5031442046165466
1800,180.0,181.0,0.6644362807273865,0.6644362807273865
1801,180.1,181.1,0.7313636541366577,0.7313636541366577
1802,180.2,181.2,0.47357890009880066,0.47357890009880066
1803,180.3,181.3,0.08211854845285416,0.08211854845285416
1804,180.4,181.4,0.30966052412986755,0.30966052412986755
1805,180.5,181.5,0.04364675655961037,0.04364675655961037
1806,180.6,181.6,0.06111053004860878,0.06111053004860878
1807,180.7,181.7,0.6386977434158325,0.6386977434158325
1808,180.8,181.8,0.29118871688842773,0.29118871688842773
1809,180.9,181.9,0.14212346076965332,0.14212346076965332
1810,181.0,182.0,0.016720306128263474,0.016720306128263474
1811,181.1,182.1,0.17726650834083557,0.17726650834083557
1812,181.2,182.2,0.4967450201511383,0.4967450201511383
1813,181.3,182.3,0.4054265022277832,0.4054265022277832
1814,181.4,182.4,0.5158024430274963,0.5158024430274963
1815,181.5,182.5,0.12580399215221405,0.12580399215221405
1816,181.6,182.6,0.020314659923315048,0.020314659923315048
1817,181.7,182.7,0.8886537551879883,0.8886537551879883
1818,181.8,182.8,0.9282604455947876,0.9282604455947876
1819,181.9,182.9,0.7732459306716919,0.7732459306716919
1820,182.0,183.0,0.08513668179512024,0.08513668179512024
1821,182.1,183.1,0.463546484708786,0.463546484708786
1822,182.2,183.2,0.37341171503067017,0.37341171503067017
1823,182.3,183.3,0.5255624651908875,0.5255624651908875
1824,182.4,183.4,0.7949784398078918,0.7949784398078918
1825,182.5,183.5,0.12021495401859283,0.12021495401859283
1826,182.6,183.6,0.6343647837638855,0.6343647837638855
1827,182.7,183.7,0.41491374373435974,0.41491374373435974
1828,182.8,183.8,0.5050889253616333,0.5050889253616333
1829,182.9,183.9,0.5625792741775513,0.5625792741775513
1830,183.0,184.0,0.12744532525539398,0.12744532525539398
1831,183.1,184.1,0.042690277099609375,0.042690277099609375
1832,183.2,184.2,0.06656871736049652,0.06656871736049652
1833,183.3,184.3,0.03024676814675331,0.03024676814675331
1834,183.4,184.4,0.8395868539810181,0.8395868539810181
1835,183.5,184.5,0.4360010325908661,0.4360010325908661
1836,183.6,184.6,0.5040466785430908,0.5040466785430908
1837,183.7,184.7,0.6488284468650818,0.6488284468650818
1838,183.8,184.8,0.5676231384277344,0.5676231384277344
1839,183.9,184.9,0.5270569920539856,0.5270569920539856
1840,184.0,185.0,0.46665146946907043,0.46665146946907043
1841,184.1,185.1,0.25682783126831055,0.25682783126831055
1842,184.2,185.2,0.4476587772369385,0.4476587772369385
1843,184.3,185.3,0.25960060954093933,0.25960060954093933
1844,184.4,185.4,0.5720002055168152,0.5720002055168152
1845,184.5,185.5,0.24020469188690186,0.24020469188690186
1846,184.6,185.6,0.31315934658050537,0.31315934658050537
1847,184.7,185.7,0.2656424641609192,0.2656424641609192
1848,184.8,185.8,0.6174939870834351,0.6174939870834351
1849,184.9,185.9,0.35867753624916077,0.35867753624916077
1850,185.0,186.0,0.5360419154167175,0.5360419154167175
1851,185.1,186.1,0.17879264056682587,0.17879264056682587
1852,185.2,186.2,0.2673932909965515,0.2673932909965515
1853,185.3,186.3,0.22540371119976044,0.22540371119976044
1854,185.4,186.4,0.6819689869880676,0.6819689869880676
1855,185.5,186.5,0.1820162534713745,0.1820162534713745
1856,185.6,186.6,0.200220987200737,0.200220987200737
1857,185.7,186.7,0.7223547697067261,0.7223547697067261
1858,185.8,186.8,0.5263087749481201,0.5263087749481201
1859,185.9,186.9,0.12941305339336395,0.12941305339336395
1860,186.0,187.0,0.1175217404961586,0.1175217404961586
1861,186.1,187.1,0.43825289607048035,0.43825289607048035
1862,186.2,187.2,0.2306378334760666,0.2306378334760666
1863,186.3,187.3,0.38383570313453674,0.38383570313453674
1864,186.4,187.4,0.24493631720542908,0.24493631720542908
1865,186.5,187.5,0.015027723275125027,0.015027723275125027
1866,186.6,187.6,0.022962335497140884,0.022962335497140884
1867,186.7,187.7,0.18459628522396088,0.18459628522396088
1868,186.8,187.8,0.025615664198994637,0.025615664198994637
1869,186.9,187.9,0.6310436129570007,0.6310436129570007
1870,187.0,188.0,0.07445226609706879,0.07445226609706879
1871,187.1,188.1,0.1521066576242447,0.1521066576242447
1872,187.2,188.2,0.03614894673228264,0.03614894673228264
1873,187.3,188.3,0.8271297216415405,0.8271297216415405
1874,187.4,188.4,0.7111583948135376,0.7111583948135376
1875,187.5,188.5,0.976150393486023,0.976150393486023
1876,187.6,188.6,0.990843653678894,0.990843653678894
1877,187.7,188.7,0.949442446231842,0.949442446231842
1878,187.8,188.8,0.9712185859680176,0.9712185859680176
1879,187.9,188.9,0.2660646438598633,0.2660646438598633
1880,188.0,189.0,0.1802956461906433,0.1802956461906433
1881,188.1,189.1,0.2611255943775177,0.2611255943775177
1882,188.2,189.2,0.44203612208366394,0.44203612208366394
1883,188.3,189.3,0.18136228621006012,0.18136228621006012
1884,188.4,189.4,0.10128673166036606,0.10128673166036606
1885,188.5,189.5,0.17685340344905853,0.17685340344905853
1886,188.6,189.6,0.06426554918289185,0.06426554918289185
1887,188.7,189.7,0.10610070079565048,0.10610070079565048
1888,188.8,189.8,0.0812225192785263,0.0812225192785263
1889,188.9,189.9,0.15079733729362488,0.15079733729362488
1890,189.0,190.0,0.3923895061016083,0.3923895061016083
1891,189.1,190.1,0.7348024845123291,0.7348024845123291
1892,189.2,190.2,0.9024181365966797,0.9024181365966797
1893,189.3,190.3,0.7934013605117798,0.7934013605117798
1894,189.4,190.4,0.4850776195526123,0.4850776195526123
1895,189.5,190.5,0.39930519461631775,0.39930519461631775
1896,189.6,190.6,0.5442169308662415,0.5442169308662415
1897,189.7,190.7,0.15867576003074646,0.15867576003074646
1898,189.8,190.8,0.06121937185525894,0.06121937185525894
1899,189.9,190.9,0.00817088969051838,0.00817088969051838
1900,190.0,191.0,0.36912888288497925,0.36912888288497925
1901,190.1,191.1,0.6732526421546936,0.6732526421546936
1902,190.2,191.2,0.7435367107391357,0.7435367107391357
1903,190.3,191.3,0.36781057715415955,0.36781057715415955
1904,190.4,191.4,0.6060687303543091,0.6060687303543091
1905,190.5,191.5,0.226125568151474,0.226125568151474
1906,190.6,191.6,0.18773868680000305,0.18773868680000305
1907,190.7,191.7,0.7403068542480469,0.7403068542480469
1908,190.8,191.8,0.28317081928253174,0.28317081928253174
1909,190.9,191.9,0.24417321383953094,0.24417321383953094
1910,191.0,192.0,0.39682504534721375,0.39682504534721375
1911,191.1,192.1,0.5262436270713806,0.5262436270713806
1912,191.2,192.2,0.6632850170135498,0.6632850170135498
1913,191.3,192.3,0.6919111609458923,0.6919111609458923
1914,191.4,192.4,0.3005152642726898,0.3005152642726898
1915,191.5,192.5,0.14344735443592072,0.14344735443592072
1916,191.6,192.6,0.4315071403980255,0.4315071403980255
1917,191.7,192.7,0.5939131379127502,0.5939131379127502
1918,191.8,192.8,0.4544037878513336,0.4544037878513336
1919,191.9,192.9,0.4972550570964813,0.4972550570964813
1920,192.0,193.0,0.3632084131240845,0.3632084131240845
1921,192.1,193.1,0.27733170986175537,0.27733170986175537
1922,192.2,193.2,0.6581763029098511,0.6581763029098511
1923,192.3,193.3,0.24536368250846863,0.24536368250846863
1924,192.4,193.4,0.035401858389377594,0.035401858389377594
1925,192.5,193.5,0.030129138380289078,0.030129138380289078
1926,192.6,193.6,0.17654922604560852,0.17654922604560852
1927,192.7,193.7,0.19307813048362732,0.19307813048362732
1928,192.8,193.8,0.06698949635028839,0.06698949635028839
1929,192.9,193.9,0.14845772087574005,0.14845772087574005
1930,193.0,194.0,0.019640855491161346,0.019640855491161346
1931,193.1,194.1,0.0418291874229908,0.0418291874229908
1932,193.2,194.2,0.02472836524248123,0.02472836524248123
1933,193.3,194.3,0.010389069095253944,0.010389069095253944
1934,193.4,194.4,0.002442386467009783,0.002442386467009783
1935,193.5,194.5,0.0070144482888281345,0.0070144482888281345
1936,193.6,194.6,0.00881908368319273,0.00881908368319273
1937,193.7,194.7,0.2328399270772934,0.2328399270772934
1938,193.8,194.8,0.17213532328605652,0.17213532328605652
1939,193.9,194.9,0.14560458064079285,0.14560458064079285
1940,194.0,195.0,0.15641680359840393,0.15641680359840393
1941,194.1,195.1,0.22474031150341034,0.22474031150341034
1942,194.2,195.2,0.5766811966896057,0.5766811966896057
1943,194.3,195.3,0.6673628091812134,0.6673628091812134
1944,194.4,195.4,0.1982838660478592,0.1982838660478592
1945,194.5,195.5,0.250745952129364,0.250745952129364
1946,194.6,195.6,0.30049729347229004,0.30049729347229004
1947,194.7,195.7,0.14543582499027252,0.14543582499027252
1948,194.8,195.8,0.5225451588630676,0.5225451588630676
1949,194.9,195.9,0.27108120918273926,0.27108120918273926
1950,195.0,196.0,0.18090452253818512,0.18090452253818512
1951,195.1,196.1,0.5289905071258545,0.5289905071258545
1952,195.2,196.2,0.1180654913187027,0.1180654913187027
1953,195.3,196.3,0.15262247622013092,0.15262247622013092
1954,195.4,196.4,0.21107304096221924,0.21107304096221924
1955,195.5,196.5,0.3637081980705261,0.3637081980705261
1956,195.6,196.6,0.6356120109558105,0.6356120109558105
1957,195.7,196.7,0.37806713581085205,0.37806713581085205
1958,195.8,196.8,0.010121755301952362,0.010121755301952362
1959,195.9,196.9,0.21253755688667297,0.21253755688667297
1960,196.0,197.0,0.2410866916179657,0.2410866916179657
1961,196.1,197.1,0.38254156708717346,0.38254156708717346
1962,196.2,197.2,0.8512702584266663,0.8512702584266663
1963,196.3,197.3,0.6581053137779236,0.6581053137779236
1964,196.4,197.4,0.9192529916763306,0.9192529916763306
1965,196.5,197.5,0.7289347052574158,0.7289347052574158
1966,196.6,197.6,0.30292418599128723,0.30292418599128723
1967,196.7,197.7,0.21956297755241394,0.21956297755241394
1968,196.8,197.8,0.05009351298213005,0.05009351298213005
1969,196.9,197.9,0.01580376736819744,0.01580376736819744
1970,197.0,198.0,0.004654396791011095,0.004654396791011095
1971,197.1,198.1,0.020750591531395912,0.020750591531395912
1972,197.2,198.2,0.0176130011677742,0.0176130011677742
1973,197.3,198.3,0.0052901688031852245,0.0052901688031852245
1974,197.4,198.4,0.8310514688491821,0.8310514688491821
1975,197.5,198.5,0.23625478148460388,0.23625478148460388
1976,197.6,198.6,0.2065911591053009,0.2065911591053009
1977,197.7,198.7,0.6370381116867065,0.6370381116867065
1978,197.8,198.8,0.6238645315170288,0.6238645315170288
1979,197.9,198.9,0.3295463025569916,0.3295463025569916
1980,198.0,199.0,0.6838861703872681,0.6838861703872681
1981,198.1,199.1,0.5475411415100098,0.5475411415100098
1982,198.2,199.2,0.35690250992774963,0.35690250992774963
1983,198.3,199.3,0.050552964210510254,0.050552964210510254
1984,198.4,199.4,0.06204100698232651,0.06204100698232651
1985,198.5,199.5,0.09433453530073166,0.09433453530073166
1986,198.6,199.6,0.16272586584091187,0.16272586584091187
1987,198.7,199.7,0.00793832540512085,0.00793832540512085
1988,198.8,199.8,0.045433711260557175,0.045433711260557175
1989,198.9,199.9,0.6849631667137146,0.6849631667137146
1990,199.0,200.0,0.3159313201904297,0.3159313201904297
1991,199.1,200.1,0.6009550094604492,0.6009550094604492
1992,199.2,200.2,0.2765989899635315,0.2765989899635315
1993,199.3,200.3,0.5538190007209778,0.5538190007209778
1994,199.4,200.4,0.1686123162508011,0.1686123162508011
1995,199.5,200.5,0.042404331266880035,0.042404331266880035
1996,199.6,200.6,0.635707676410675,0.635707676410675
1997,199.7,200.7,0.4850631058216095,0.4850631058216095
1998,199.8,200.8,0.4136781394481659,0.4136781394481659
1999,199.9,200.9,0.011045507155358791,0.011045507155358791
2000,200.0,201.0,0.024566546082496643,0.024566546082496643
2001,200.1,201.1,0.45485761761665344,0.45485761761665344
2002,200.2,201.2,0.0013249145122244954,0.0013249145122244954
2003,200.3,201.3,0.013373853638768196,0.013373853638768196
2004,200.4,201.4,0.01816839724779129,0.01816839724779129
2005,200.5,201.5,0.06307868659496307,0.06307868659496307
2006,200.6,201.6,0.011340294033288956,0.011340294033288956
2007,200.7,201.7,0.19908863306045532,0.19908863306045532
2008,200.8,201.8,0.1106942743062973,0.1106942743062973
2009,200.9,201.9,0.08202272653579712,0.08202272653579712
2010,201.0,202.0,0.38904252648353577,0.38904252648353577
2011,201.1,202.1,0.11521933972835541,0.11521933972835541
2012,201.2,202.2,0.4634336531162262,0.4634336531162262
2013,201.3,202.3,0.25747793912887573,0.25747793912887573
2014,201.4,202.4,0.42684638500213623,0.42684638500213623
2015,201.5,202.5,0.3499767482280731,0.3499767482280731
2016,201.6,202.6,0.3799734115600586,0.3799734115600586
2017,201.7,202.7,0.20626461505889893,0.20626461505889893
2018,201.8,202.8,0.24991615116596222,0.24991615116596222
2019,201.9,202.9,0.15129774808883667,0.15129774808883667
2020,202.0,203.0,0.039043836295604706,0.039043836295604706
2021,202.1,203.1,0.04993483051657677,0.04993483051657677
2022,202.2,203.2,0.04566860571503639,0.04566860571503639
2023,202.3,203.3,0.26683107018470764,0.26683107018470764
2024,202.4,203.4,0.7732236981391907,0.7732236981391907
2025,202.5,203.5,0.12101296335458755,0.12101296335458755
2026,202.6,203.6,0.2730982005596161,0.2730982005596161
2027,202.7,203.7,0.6715281009674072,0.6715281009674072
2028,202.8,203.8,0.5198833346366882,0.5198833346366882
2029,202.9,203.9,0.5010385513305664,0.5010385513305664
2030,203.0,204.0,0.6043774485588074,0.6043774485588074
2031,203.1,204.1,0.14017005264759064,0.14017005264759064
2032,203.2,204.2,0.06838951259851456,0.06838951259851456
2033,203.3,204.3,0.40762078762054443,0.40762078762054443
2034,203.4,204.4,0.38978102803230286,0.38978102803230286
2035,203.5,204.5,0.04029442369937897,0.04029442369937897
2036,203.6,204.6,0.09929709881544113,0.09929709881544113
2037,203.7,204.7,0.11519892513751984,0.11519892513751984
2038,203.8,204.8,0.031219104304909706,0.031219104304909706
2039,203.9,204.9,0.045576050877571106,0.045576050877571106
2040,204.0,205.0,0.6106208562850952,0.6106208562850952
2041,204.1,205.1,0.4918406903743744,0.4918406903743744
2042,204.2,205.2,0.14980581402778625,0.14980581402778625
2043,204.3,205.3,0.18956336379051208,0.18956336379051208
2044,204.4,205.4,0.27672141790390015,0.27672141790390015
2045,204.5,205.5,0.27717411518096924,0.27717411518096924
2046,204.6,205.6,0.4545247554779053,0.4545247554779053
2047,204.7,205.7,0.48011913895606995,0.48011913895606995
2048,204.8,205.8,0.19551663100719452,0.19551663100719452
2049,204.9,205.9,0.47836214303970337,0.47836214303970337
2050,205.0,206.0,0.34781667590141296,0.34781667590141296
2051,205.1,206.1,0.25103774666786194,0.25103774666786194
2052,205.2,206.2,0.0697631686925888,0.0697631686925888
2053,205.3,206.3,0.8244597315788269,0.8244597315788269
2054,205.4,206.4,0.8950741291046143,0.8950741291046143
2055,205.5,206.5,0.5269063711166382,0.5269063711166382
2056,205.6,206.6,0.17283895611763,0.17283895611763
2057,205.7,206.7,0.5915271639823914,0.5915271639823914
2058,205.8,206.8,0.7650981545448303,0.7650981545448303
2059,205.9,206.9,0.525180459022522,0.525180459022522
2060,206.0,207.0,0.37326452136039734,0.37326452136039734
2061,206.1,207.1,0.17473122477531433,0.17473122477531433
2062,206.2,207.2,0.9449307918548584,0.9449307918548584
2063,206.3,207.3,0.500487744808197,0.500487744808197
2064,206.4,207.4,0.35642096400260925,0.35642096400260925
2065,206.5,207.5,0.27252233028411865,0.27252233028411865
2066,206.6,207.6,0.4086749851703644,0.4086749851703644
2067,206.7,207.7,0.6321167945861816,0.6321167945861816
2068,206.8,207.8,0.8655385375022888,0.8655385375022888
2069,206.9,207.9,0.7419691681861877,0.7419691681861877
2070,207.0,208.0,0.43320563435554504,0.43320563435554504
2071,207.1,208.1,0.6030035614967346,0.6030035614967346
2072,207.2,208.2,0.5625240206718445,0.5625240206718445
2073,207.3,208.3,0.8505799770355225,0.8505799770355225
2074,207.4,208.4,0.46807748079299927,0.46807748079299927
2075,207.5,208.5,0.3448004722595215,0.3448004722595215
2076,207.6,208.6,0.6208752989768982,0.6208752989768982
2077,207.7,208.7,0.5265503525733948,0.5265503525733948
2078,207.8,208.8,0.1493152230978012,0.1493152230978012
2079,207.9,208.9,0.5232263803482056,0.5232263803482056
2080,208.0,209.0,0.1890188306570053,0.1890188306570053
2081,208.1,209.1,0.08076059073209763,0.08076059073209763
2082,208.2,209.2,0.14947868883609772,0.14947868883609772
2083,208.3,209.3,0.08505168557167053,0.08505168557167053
2084,208.4,209.4,0.4081730246543884,0.4081730246543884
2085,208.5,209.5,0.5347675681114197,0.5347675681114197
2086,208.6,209.6,0.6828323602676392,0.6828323602676392
2087,208.7,209.7,0.8786528706550598,0.8786528706550598
2088,208.8,209.8,0.39053770899772644,0.39053770899772644
2089,208.9,209.9,0.1767553836107254,0.1767553836107254
2090,209.0,210.0,0.16199442744255066,0.16199442744255066
2091,209.1,210.1,0.19741199910640717,0.19741199910640717
2092,209.2,210.2,0.23194527626037598,0.23194527626037598
2093,209.3,210.3,0.255220890045166,0.255220890045166
2094,209.4,210.4,0.03464313969016075,0.03464313969016075
2095,209.5,210.5,0.01500859297811985,0.01500859297811985
2096,209.6,210.6,0.26675036549568176,0.26675036549568176
2097,209.7,210.7,0.1328221559524536,0.1328221559524536
2098,209.8,210.8,0.008148630149662495,0.008148630149662495
2099,209.9,210.9,0.1743418574333191,0.1743418574333191
2100,210.0,211.0,0.06024378910660744,0.06024378910660744
2101,210.1,211.1,0.026095153763890266,0.026095153763890266
2102,210.2,211.2,0.004476084373891354,0.004476084373891354
2103,210.3,211.3,0.004127416759729385,0.004127416759729385
2104,210.4,211.4,0.0239541195333004,0.0239541195333004
2105,210.5,211.5,0.0020204863976687193,0.0020204863976687193
2106,210.6,211.6,0.08182603865861893,0.08182603865861893
2107,210.7,211.7,0.021069852635264397,0.021069852635264397
2108,210.8,211.8,0.12303821742534637,0.12303821742534637
2109,210.9,211.9,0.17598198354244232,0.17598198354244232
2110,211.0,212.0,0.2926924526691437,0.2926924526691437
2111,211.1,212.1,0.797030508518219,0.797030508518219
2112,211.2,212.2,0.7898046374320984,0.7898046374320984
2113,211.3,212.3,0.887341320514679,0.887341320514679
2114,211.4,212.4,0.8390052914619446,0.8390052914619446
2115,211.5,212.5,0.15361982583999634,0.15361982583999634
2116,211.6,212.6,0.6391181349754333,0.6391181349754333
2117,211.7,212.7,0.17801791429519653,0.17801791429519653
2118,211.8,212.8,0.7464199662208557,0.7464199662208557
2119,211.9,212.9,0.4361848831176758,0.4361848831176758
2120,212.0,213.0,0.8332676291465759,0.8332676291465759
2121,212.1,213.1,0.047414131462574005,0.047414131462574005
2122,212.2,213.2,0.34944015741348267,0.34944015741348267
2123,212.3,213.3,0.4636263847351074,0.4636263847351074
2124,212.4,213.4,0.21956096589565277,0.21956096589565277
2125,212.5,213.5,0.054294586181640625,0.054294586181640625
2126,212.6,213.6,0.024258360266685486,0.024258360266685486
2127,212.7,213.7,0.26824527978897095,0.26824527978897095
2128,212.8,213.8,0.12807083129882812,0.12807083129882812
2129,212.9,213.9,0.07451360672712326,0.07451360672712326
2130,213.0,214.0,0.057643692940473557,0.057643692940473557
2131,213.1,214.1,0.009793166071176529,0.009793166071176529
2132,213.2,214.2,0.8454140424728394,0.8454140424728394
2133,213.3,214.3,0.8330939412117004,0.8330939412117004
2134,213.4,214.4,0.7734419107437134,0.7734419107437134
2135,213.5,214.5,0.6187357902526855,0.6187357902526855
2136,213.6,214.6,0.2683722972869873,0.2683722972869873
2137,213.7,214.7,0.415524959564209,0.415524959564209
2138,213.8,214.8,0.7006101012229919,0.7006101012229919
2139,213.9,214.9,0.5172818899154663,0.5172818899154663
2140,214.0,215.0,0.40581488609313965,0.40581488609313965
2141,214.1,215.1,0.5322656035423279,0.5322656035423279
2142,214.2,215.2,0.5737104415893555,0.5737104415893555
2143,214.3,215.3,0.38890624046325684,0.38890624046325684
2144,214.4,215.4,0.867927074432373,0.867927074432373
2145,214.5,215.5,0.9261006712913513,0.9261006712913513
2146,214.6,215.6,0.8917752504348755,0.8917752504348755
2147,214.7,215.7,0.8170162439346313,0.8170162439346313
2148,214.8,215.8,0.40379688143730164,0.40379688143730164
2149,214.9,215.9,0.2528500258922577,0.2528500258922577
2150,215.0,216.0,0.06769469380378723,0.06769469380378723
2151,215.1,216.1,0.32293570041656494,0.32293570041656494
2152,215.2,216.2,0.4311072528362274,0.4311072528362274
2153,215.3,216.3,0.103774793446064,0.103774793446064
2154,215.4,216.4,0.2326105237007141,0.2326105237007141
2155,215.5,216.5,0.15675604343414307,0.15675604343414307
2156,215.6,216.6,0.15588437020778656,0.15588437020778656
2157,215.7,216.7,0.7849218249320984,0.7849218249320984
2158,215.8,216.8,0.2469458281993866,0.2469458281993866
2159,215.9,216.9,0.1485750675201416,0.1485750675201416
2160,216.0,217.0,0.22131845355033875,0.22131845355033875
2161,216.1,217.1,0.169246643781662,0.169246643781662
2162,216.2,217.2,0.7011690139770508,0.7011690139770508
2163,216.3,217.3,0.33041730523109436,0.33041730523109436
2164,216.4,217.4,0.09051063656806946,0.09051063656806946
2165,216.5,217.5,0.5931761264801025,0.5931761264801025
2166,216.6,217.6,0.06299485266208649,0.06299485266208649
2167,216.7,217.7,0.07964849472045898,0.07964849472045898
2168,216.8,217.8,0.5046558976173401,0.5046558976173401
2169,216.9,217.9,0.06254885345697403,0.06254885345697403
2170,217.0,218.0,0.5675478577613831,0.5675478577613831
2171,217.1,218.1,0.10978192090988159,0.10978192090988159
2172,217.2,218.2,0.05422298237681389,0.05422298237681389
2173,217.3,218.3,0.22170501947402954,0.22170501947402954
2174,217.4,218.4,0.34015050530433655,0.34015050530433655
2175,217.5,218.5,0.34227389097213745,0.34227389097213745
2176,217.6,218.6,0.29976898431777954,0.29976898431777954
2177,217.7,218.7,0.45249587297439575,0.45249587297439575
2178,217.8,218.8,0.20355235040187836,0.20355235040187836
2179,217.9,218.9,0.4832098186016083,0.4832098186016083
2180,218.0,219.0,0.10461091250181198,0.10461091250181198
2181,218.1,219.1,0.7169960141181946,0.7169960141181946
2182,218.2,219.2,0.7054709196090698,0.7054709196090698
2183,218.3,219.3,0.7091714143753052,0.7091714143753052
2184,218.4,219.4,0.1902196705341339,0.1902196705341339
2185,218.5,219.5,0.07414102554321289,0.07414102554321289
2186,218.6,219.6,0.2700294554233551,0.2700294554233551
2187,218.7,219.7,0.5368506908416748,0.5368506908416748
2188,218.8,219.8,0.6548323631286621,0.6548323631286621
2189,218.9,219.9,0.2316661924123764,0.2316661924123764
2190,219.0,220.0,0.3406004309654236,0.3406004309654236
2191,219.1,220.1,0.47392237186431885,0.47392237186431885
2192,219.2,220.2,0.5404210090637207,0.5404210090637207
2193,219.3,220.3,0.5753269195556641,0.5753269195556641
2194,219.4,220.4,0.81722491979599,0.81722491979599
2195,219.5,220.5,0.8100506067276001,0.8100506067276001
2196,219.6,220.6,0.468121200799942,0.468121200799942
2197,219.7,220.7,0.6092748045921326,0.6092748045921326
2198,219.8,220.8,0.5073931217193604,0.5073931217193604
2199,219.9,220.9,0.5852412581443787,0.5852412581443787
2200,220.0,221.0,0.3879316449165344,0.3879316449165344
2201,220.1,221.1,0.4841969311237335,0.4841969311237335
2202,220.2,221.2,0.19267141819000244,0.19267141819000244
2203,220.3,221.3,0.2340339869260788,0.2340339869260788
2204,220.4,221.4,0.5381751656532288,0.5381751656532288
2205,220.5,221.5,0.894548237323761,0.894548237323761
2206,220.6,221.6,0.28354495763778687,0.28354495763778687
2207,220.7,221.7,0.4753569960594177,0.4753569960594177
2208,220.8,221.8,0.13842244446277618,0.13842244446277618
2209,220.9,221.9,0.3673582971096039,0.3673582971096039
2210,221.0,222.0,0.43115222454071045,0.43115222454071045
2211,221.1,222.1,0.3793061077594757,0.3793061077594757
2212,221.2,222.2,0.6086427569389343,0.6086427569389343
2213,221.3,222.3,0.21303220093250275,0.21303220093250275
2214,221.4,222.4,0.1461758017539978,0.1461758017539978
2215,221.5,222.5,0.20772619545459747,0.20772619545459747
2216,221.6,222.6,0.05157948285341263,0.05157948285341263
2217,221.7,222.7,0.3301442563533783,0.3301442563533783
2218,221.8,222.8,0.27721521258354187,0.27721521258354187
2219,221.9,222.9,0.8257319331169128,0.8257319331169128
2220,222.0,223.0,0.218889057636261,0.218889057636261
2221,222.1,223.1,0.18388976156711578,0.18388976156711578
2222,222.2,223.2,0.24417948722839355,0.24417948722839355
2223,222.3,223.3,0.40121644735336304,0.40121644735336304
2224,222.4,223.4,0.9186458587646484,0.9186458587646484
2225,222.5,223.5,0.3528802990913391,0.3528802990913391
2226,222.6,223.6,0.051147494465112686,0.051147494465112686
2227,222.7,223.7,0.05158265307545662,0.05158265307545662
2228,222.8,223.8,0.1361372172832489,0.1361372172832489
2229,222.9,223.9,0.047447700053453445,0.047447700053453445
2230,223.0,224.0,0.5009613633155823,0.5009613633155823
2231,223.1,224.1,0.8704147338867188,0.8704147338867188
2232,223.2,224.2,0.5209212303161621,0.5209212303161621
2233,223.3,224.3,0.34356367588043213,0.34356367588043213
2234,223.4,224.4,0.5363849997520447,0.5363849997520447
2235,223.5,224.5,0.25726786255836487,0.25726786255836487
2236,223.6,224.6,0.4981589913368225,0.4981589913368225
2237,223.7,224.7,0.10610489547252655,0.10610489547252655
2238,223.8,224.8,0.023074081167578697,0.023074081167578697
2239,223.9,224.9,0.00847748015075922,0.00847748015075922
2240,224.0,225.0,0.06528498977422714,0.06528498977422714
2241,224.1,225.1,0.02695658802986145,0.02695658802986145
2242,224.2,225.2,0.36258745193481445,0.36258745193481445
2243,224.3,225.3,0.18899527192115784,0.18899527192115784
2244,224.4,225.4,0.711689829826355,0.711689829826355
2245,224.5,225.5,0.7359736561775208,0.7359736561775208
2246,224.6,225.6,0.6791204214096069,0.6791204214096069
2247,224.7,225.7,0.12422524392604828,0.12422524392604828
2248,224.8,225.8,0.6291471719741821,0.6291471719741821
2249,224.9,225.9,0.3623330891132355,0.3623330891132355
2250,225.0,226.0,0.11445063352584839,0.11445063352584839
2251,225.1,226.1,0.02115483209490776,0.02115483209490776
2252,225.2,226.2,0.052634529769420624,0.052634529769420624
2253,225.3,226.3,0.022347450256347656,0.022347450256347656
2254,225.4,226.4,0.09702491015195847,0.09702491015195847
2255,225.5,226.5,0.11581607162952423,0.11581607162952423
2256,225.6,226.6,0.17022278904914856,0.17022278904914856
2257,225.7,226.7,0.11231135576963425,0.11231135576963425
2258,225.8,226.8,0.03714420273900032,0.03714420273900032
2259,225.9,226.9,0.4634969234466553,0.4634969234466553
2260,226.0,227.0,0.03246524557471275,0.03246524557471275
2261,226.1,227.1,0.04976769909262657,0.04976769909262657
2262,226.2,227.2,0.013691125437617302,0.013691125437617302
2263,226.3,227.3,0.7771777510643005,0.7771777510643005
2264,226.4,227.4,0.14363378286361694,0.14363378286361694
2265,226.5,227.5,0.2832455635070801,0.2832455635070801
2266,226.6,227.6,0.0283364187926054,0.0283364187926054
2267,226.7,227.7,0.05569200962781906,0.05569200962781906
2268,226.8,227.8,0.22834879159927368,0.22834879159927368
2269,226.9,227.9,0.4850446283817291,0.4850446283817291
2270,227.0,228.0,0.16673718392848969,0.16673718392848969
2271,227.1,228.1,0.09371507167816162,0.09371507167816162
2272,227.2,228.2,0.02249123714864254,0.02249123714864254
2273,227.3,228.3,0.4026523530483246,0.4026523530483246
2274,227.4,228.4,0.30534183979034424,0.30534183979034424
2275,227.5,228.5,0.1771775335073471,0.1771775335073471
2276,227.6,228.6,0.11034549027681351,0.11034549027681351
2277,227.7,228.7,0.4002029001712799,0.4002029001712799
2278,227.8,228.8,0.04117988049983978,0.04117988049983978
2279,227.9,228.9,0.07078118622303009,0.07078118622303009
2280,228.0,229.0,0.2956933379173279,0.2956933379173279
2281,228.1,229.1,0.059788450598716736,0.059788450598716736
2282,228.2,229.2,0.25164085626602173,0.25164085626602173
2283,228.3,229.3,0.18452781438827515,0.18452781438827515
2284,228.4,229.4,0.6196876168251038,0.6196876168251038
2285,228.5,229.5,0.15688560903072357,0.15688560903072357
2286,228.6,229.6,0.5516412258148193,0.5516412258148193
2287,228.7,229.7,0.37354347109794617,0.37354347109794617
2288,228.8,229.8,0.4896202087402344,0.4896202087402344
2289,228.9,229.9,0.09703373908996582,0.09703373908996582
2290,229.0,230.0,0.12578938901424408,0.12578938901424408
2291,229.1,230.1,0.16700512170791626,0.16700512170791626
2292,229.2,230.2,0.3134709298610687,0.3134709298610687
2293,229.3,230.3,0.029559025540947914,0.029559025540947914
2294,229.4,230.4,0.034636903554201126,0.034636903554201126
2295,229.5,230.5,0.10871367901563644,0.10871367901563644
2296,229.6,230.6,0.4230803847312927,0.4230803847312927
2297,229.7,230.7,0.5304835438728333,0.5304835438728333
2298,229.8,230.8,0.35486334562301636,0.35486334562301636
2299,229.9,230.9,0.5460198521614075,0.5460198521614075
2300,230.0,231.0,0.8410636186599731,0.8410636186599731
2301,230.1,231.1,0.19527854025363922,0.19527854025363922
2302,230.2,231.2,0.6008844971656799,0.6008844971656799
2303,230.3,231.3,0.5305712819099426,0.5305712819099426
2304,230.4,231.4,0.12936346232891083,0.12936346232891083
2305,230.5,231.5,0.4180604815483093,0.4180604815483093
2306,230.6,231.6,0.5777034759521484,0.5777034759521484
2307,230.7,231.7,0.35773351788520813,0.35773351788520813
2308,230.8,231.8,0.678107738494873,0.678107738494873
2309,230.9,231.9,0.42592617869377136,0.42592617869377136
2310,231.0,232.0,0.11909358948469162,0.11909358948469162
2311,231.1,232.1,0.30191686749458313,0.30191686749458313
2312,231.2,232.2,0.09695130586624146,0.09695130586624146
2313,231.3,232.3,0.33994272351264954,0.33994272351264954
2314,231.4,232.4,0.6028552055358887,0.6028552055358887
2315,231.5,232.5,0.6022650599479675,0.6022650599479675
2316,231.6,232.6,0.8237162828445435,0.8237162828445435
2317,231.7,232.7,0.8751339912414551,0.8751339912414551
2318,231.8,232.8,0.5767452716827393,0.5767452716827393
2319,231.9,232.9,0.4084024727344513,0.4084024727344513
2320,232.0,233.0,0.5011522769927979,0.5011522769927979
2321,232.1,233.1,0.4401358962059021,0.4401358962059021
2322,232.2,233.2,0.8746702075004578,0.8746702075004578
2323,232.3,233.3,0.46424350142478943,0.46424350142478943
2324,232.4,233.4,0.26030316948890686,0.26030316948890686
2325,232.5,233.5,0.47884950041770935,0.47884950041770935
2326,232.6,233.6,0.20715729892253876,0.20715729892253876
2327,232.7,233.7,0.14914526045322418,0.14914526045322418
2328,232.8,233.8,0.47967442870140076,0.47967442870140076
2329,232.9,233.9,0.22146916389465332,0.22146916389465332
2330,233.0,234.0,0.056031227111816406,0.056031227111816406
2331,233.1,234.1,0.35059159994125366,0.35059159994125366
2332,233.2,234.2,0.6167681813240051,0.6167681813240051
2333,233.3,234.3,0.7275763154029846,0.7275763154029846
2334,233.4,234.4,0.43359997868537903,0.43359997868537903
2335,233.5,234.5,0.7529039978981018,0.7529039978981018
2336,233.6,234.6,0.2109391987323761,0.2109391987323761
2337,233.7,234.7,0.10605818033218384,0.10605818033218384
2338,233.8,234.8,0.0879739373922348,0.0879739373922348
2339,233.9,234.9,0.42208701372146606,0.42208701372146606
2340,234.0,235.0,0.462276428937912,0.462276428937912
2341,234.1,235.1,0.15303610265254974,0.15303610265254974
2342,234.2,235.2,0.3797679543495178,0.3797679543495178
2343,234.3,235.3,0.16388824582099915,0.16388824582099915
2344,234.4,235.4,0.12444017082452774,0.12444017082452774
2345,234.5,235.5,0.1487688571214676,0.1487688571214676
2346,234.6,235.6,0.09269320964813232,0.09269320964813232
2347,234.7,235.7,0.20055803656578064,0.20055803656578064
2348,234.8,235.8,0.33125460147857666,0.33125460147857666
2349,234.9,235.9,0.039127167314291,0.039127167314291
2350,235.0,236.0,0.0838950052857399,0.0838950052857399
2351,235.1,236.1,0.425998717546463,0.425998717546463
2352,235.2,236.2,0.6351057887077332,0.6351057887077332
2353,235.3,236.3,0.21093185245990753,0.21093185245990753
2354,235.4,236.4,0.459820419549942,0.459820419549942
2355,235.5,236.5,0.6923462152481079,0.6923462152481079
2356,235.6,236.6,0.7858932614326477,0.7858932614326477
2357,235.7,236.7,0.653567373752594,0.653567373752594
2358,235.8,236.8,0.7111019492149353,0.7111019492149353
2359,235.9,236.9,0.38494613766670227,0.38494613766670227
2360,236.0,237.0,0.35160723328590393,0.35160723328590393
2361,236.1,237.1,0.24926503002643585,0.24926503002643585
2362,236.2,237.2,0.3055950701236725,0.3055950701236725
2363,236.3,237.3,0.3160083591938019,0.3160083591938019
2364,236.4,237.4,0.40098196268081665,0.40098196268081665
2365,236.5,237.5,0.250399112701416,0.250399112701416
2366,236.6,237.6,0.12328839302062988,0.12328839302062988
2367,236.7,237.7,0.6052820086479187,0.6052820086479187
2368,236.8,237.8,0.5868886113166809,0.5868886113166809
2369,236.9,237.9,0.10315532982349396,0.10315532982349396
2370,237.0,238.0,0.10023845732212067,0.10023845732212067
2371,237.1,238.1,0.10608376562595367,0.10608376562595367
2372,237.2,238.2,0.033192772418260574,0.033192772418260574
2373,237.3,238.3,0.23307070136070251,0.23307070136070251
2374,237.4,238.4,0.0843450278043747,0.0843450278043747
2375,237.5,238.5,0.46113091707229614,0.46113091707229614
2376,237.6,238.6,0.18825580179691315,0.18825580179691315
2377,237.7,238.7,0.5090169906616211,0.5090169906616211
2378,237.8,238.8,0.1297650933265686,0.1297650933265686
2379,237.9,238.9,0.27335163950920105,0.27335163950920105
2380,238.0,239.0,0.7321487069129944,0.7321487069129944
2381,238.1,239.1,0.5414193868637085,0.5414193868637085
2382,238.2,239.2,0.892396867275238,0.892396867275238
2383,238.3,239.3,0.8944811820983887,0.8944811820983887
2384,238.4,239.4,0.43171098828315735,0.43171098828315735
2385,238.5,239.5,0.45391178131103516,0.45391178131103516
2386,238.6,239.6,0.7142460346221924,0.7142460346221924
2387,238.7,239.7,0.8428301811218262,0.8428301811218262
2388,238.8,239.8,0.1191944107413292,0.1191944107413292
2389,238.9,239.9,0.3076894283294678,0.3076894283294678
2390,239.0,240.0,0.14232857525348663,0.14232857525348663
2391,239.1,240.1,0.7290065288543701,0.7290065288543701
2392,239.2,240.2,0.2858322560787201,0.2858322560787201
2393,239.3,240.3,0.6749330759048462,0.6749330759048462
2394,239.4,240.4,0.15425153076648712,0.15425153076648712
2395,239.5,240.5,0.18978959321975708,0.18978959321975708
2396,239.6,240.6,0.1762315332889557,0.1762315332889557
2397,239.7,240.7,0.2564590275287628,0.2564590275287628
2398,239.8,240.8,0.03765581548213959,0.03765581548213959
2399,239.9,240.9,0.019004229456186295,0.019004229456186295
2400,240.0,241.0,0.24507389962673187,0.24507389962673187
2401,240.1,241.1,0.2035495489835739,0.2035495489835739
2402,240.2,241.2,0.10817823559045792,0.10817823559045792
2403,240.3,241.3,0.5130894184112549,0.5130894184112549
2404,240.4,241.4,0.730878472328186,0.730878472328186
2405,240.5,241.5,0.1443631649017334,0.1443631649017334
2406,240.6,241.6,0.47507333755493164,0.47507333755493164
2407,240.7,241.7,0.8614359498023987,0.8614359498023987
2408,240.8,241.8,0.990142822265625,0.990142822265625
2409,240.9,241.9,0.9906746745109558,0.9906746745109558
2410,241.0,242.0,0.9941207766532898,0.9941207766532898
2411,241.1,242.1,0.973383367061615,0.973383367061615
2412,241.2,242.2,0.3836051821708679,0.3836051821708679
2413,241.3,242.3,0.07945235073566437,0.07945235073566437
2414,241.4,242.4,0.045461952686309814,0.045461952686309814
2415,241.5,242.5,0.04993614926934242,0.04993614926934242
2416,241.6,242.6,0.21946930885314941,0.21946930885314941
2417,241.7,242.7,0.4077664017677307,0.4077664017677307
2418,241.8,242.8,0.6509554982185364,0.6509554982185364
2419,241.9,242.9,0.32649093866348267,0.32649093866348267
2420,242.0,243.0,0.858025848865509,0.858025848865509
2421,242.1,243.1,0.16176949441432953,0.16176949441432953
2422,242.2,243.2,0.08330561965703964,0.08330561965703964
2423,242.3,243.3,0.08489968627691269,0.08489968627691269
2424,242.4,243.4,0.07726611196994781,0.07726611196994781
2425,242.5,243.5,0.09106256812810898,0.09106256812810898
2426,242.6,243.6,0.12456861883401871,0.12456861883401871
2427,242.7,243.7,0.3778783679008484,0.3778783679008484
2428,242.8,243.8,0.38952475786209106,0.38952475786209106
2429,242.9,243.9,0.9242993593215942,0.9242993593215942
2430,243.0,244.0,0.3782522976398468,0.3782522976398468
2431,243.1,244.1,0.22802257537841797,0.22802257537841797
2432,243.2,244.2,0.1505752056837082,0.1505752056837082
2433,243.3,244.3,0.26754385232925415,0.26754385232925415
2434,243.4,244.4,0.17790141701698303,0.17790141701698303
2435,243.5,244.5,0.125111922621727,0.125111922621727
2436,243.6,244.6,0.16785277426242828,0.16785277426242828
2437,243.7,244.7,0.3744671642780304,0.3744671642780304
2438,243.8,244.8,0.5650950074195862,0.5650950074195862
2439,243.9,244.9,0.8594100475311279,0.8594100475311279
2440,244.0,245.0,0.3891584277153015,0.3891584277153015
2441,244.1,245.1,0.8606253862380981,0.8606253862380981
2442,244.2,245.2,0.5486598014831543,0.5486598014831543
2443,244.3,245.3,0.9928505420684814,0.9928505420684814
2444,244.4,245.4,0.9998108744621277,0.9998108744621277
2445,244.5,245.5,0.9853366017341614,0.9853366017341614
2446,244.6,245.6,0.9942876696586609,0.9942876696586609
2447,244.7,245.7,0.9996426105499268,0.9996426105499268
2448,244.8,245.8,0.9998039603233337,0.9998039603233337
2449,244.9,245.9,0.9923535585403442,0.9923535585403442
2450,245.0,246.0,0.9680981040000916,0.9680981040000916
2451,245.1,246.1,0.4890919625759125,0.4890919625759125
2452,245.2,246.2,0.408732146024704,0.408732146024704
2453,245.3,246.3,0.27441880106925964,0.27441880106925964
2454,245.4,246.4,0.611383318901062,0.611383318901062
2455,245.5,246.5,0.8098289966583252,0.8098289966583252
2456,245.6,246.6,0.9773015379905701,0.9773015379905701
2457,245.7,246.7,0.998664379119873,0.998664379119873
2458,245.8,246.8,0.9999045133590698,0.9999045133590698
2459,245.9,246.9,0.8966834545135498,0.8966834545135498
2460,246.0,247.0,0.9967741370201111,0.9967741370201111
2461,246.1,247.1,0.9999771118164062,0.9999771118164062
2462,246.2,247.2,0.9668046236038208,0.9668046236038208
2463,246.3,247.3,0.9999985694885254,0.9999985694885254
2464,246.4,247.4,0.9999865293502808,0.9999865293502808
2465,246.5,247.5,0.9999936819076538,0.9999936819076538
2466,246.6,247.6,0.9998501539230347,0.9998501539230347
2467,246.7,247.7,0.9996765851974487,0.9996765851974487
2468,246.8,247.8,0.9999779462814331,0.9999779462814331
2469,246.9,247.9,0.9999558925628662,0.9999558925628662
2470,247.0,248.0,0.9999669790267944,0.9999669790267944
2471,247.1,248.1,0.9999439716339111,0.9999439716339111
2472,247.2,248.2,0.9711713194847107,0.9711713194847107
2473,247.3,248.3,0.9540576338768005,0.9540576338768005
2474,247.4,248.4,0.9963468909263611,0.9963468909263611
2475,247.5,248.5,0.039190132170915604,0.039190132170915604
2476,247.6,248.6,0.7910842299461365,0.7910842299461365
2477,247.7,248.7,0.8077640533447266,0.8077640533447266
2478,247.8,248.8,0.006885485257953405,0.006885485257953405
2479,247.9,248.9,0.19579429924488068,0.19579429924488068
2480,248.0,249.0,0.03882930800318718,0.03882930800318718
2481,248.1,249.1,0.023298652842640877,0.023298652842640877
2482,248.2,249.2,0.0404156893491745,0.0404156893491745
2483,248.3,249.3,0.1359458714723587,0.1359458714723587
2484,248.4,249.4,0.04286391660571098,0.04286391660571098
2485,248.5,249.5,0.08250352740287781,0.08250352740287781
2486,248.6,249.6,0.7074246406555176,0.7074246406555176
2487,248.7,249.7,0.7740050554275513,0.7740050554275513
2488,248.8,249.8,0.4073575735092163,0.4073575735092163
2489,248.9,249.9,0.3266546130180359,0.3266546130180359
2490,249.0,250.0,0.21334294974803925,0.21334294974803925
2491,249.1,250.1,0.23116721212863922,0.23116721212863922
2492,249.2,250.2,0.8408424854278564,0.8408424854278564
2493,249.3,250.3,0.6765574812889099,0.6765574812889099
2494,249.4,250.4,0.38404613733291626,0.38404613733291626
2495,249.5,250.5,0.145332932472229,0.145332932472229
2496,249.6,250.6,0.10746985673904419,0.10746985673904419
2497,249.7,250.7,0.03516802191734314,0.03516802191734314
2498,249.8,250.8,0.028559328988194466,0.028559328988194466
2499,249.9,250.9,0.010033140890300274,0.010033140890300274
2500,250.0,251.0,0.1465328484773636,0.1465328484773636
2501,250.1,251.1,0.29744207859039307,0.29744207859039307
2502,250.2,251.2,0.016159074380993843,0.016159074380993843
2503,250.3,251.3,0.01045845728367567,0.01045845728367567
2504,250.4,251.4,0.5467832088470459,0.5467832088470459
2505,250.5,251.5,0.356108158826828,0.356108158826828
2506,250.6,251.6,0.912940263748169,0.912940263748169
2507,250.7,251.7,0.03187659755349159,0.03187659755349159
2508,250.8,251.8,0.9658508896827698,0.9658508896827698
2509,250.9,251.9,0.6178973913192749,0.6178973913192749
2510,251.0,252.0,0.9965810179710388,0.9965810179710388
2511,251.1,252.1,0.9983844757080078,0.9983844757080078
2512,251.2,252.2,0.9718135595321655,0.9718135595321655
2513,251.3,252.3,0.22458148002624512,0.22458148002624512
2514,251.4,252.4,0.39145100116729736,0.39145100116729736
2515,251.5,252.5,0.2994150221347809,0.2994150221347809
2516,251.6,252.6,0.8227398991584778,0.8227398991584778
2517,251.7,252.7,0.9278761148452759,0.9278761148452759
2518,251.8,252.8,0.98110032081604,0.98110032081604
2519,251.9,252.9,0.9463456869125366,0.9463456869125366
2520,252.0,253.0,0.9965450167655945,0.9965450167655945
2521,252.1,253.1,0.9750335812568665,0.9750335812568665
2522,252.2,253.2,0.9688339233398438,0.9688339233398438
2523,252.3,253.3,0.95710289478302,0.95710289478302
2524,252.4,253.4,0.8710903525352478,0.8710903525352478
2525,252.5,253.5,0.9164831638336182,0.9164831638336182
2526,252.6,253.6,0.9537197351455688,0.9537197351455688
2527,252.7,253.7,0.9882966876029968,0.9882966876029968
2528,252.8,253.8,0.9635979533195496,0.9635979533195496
2529,252.9,253.9,0.980242908000946,0.980242908000946
2530,253.0,254.0,0.5011423230171204,0.5011423230171204
2531,253.1,254.1,0.0817561000585556,0.0817561000585556
2532,253.2,254.2,0.051121052354574203,0.051121052354574203
2533,253.3,254.3,0.11839654296636581,0.11839654296636581
2534,253.4,254.4,0.06888663023710251,0.06888663023710251
2535,253.5,254.5,0.09198298305273056,0.09198298305273056
2536,253.6,254.6,0.05925148352980614,0.05925148352980614
2537,253.7,254.7,0.11212683469057083,0.11212683469057083
2538,253.8,254.8,0.999941349029541,0.999941349029541
2539,253.9,254.9,0.9863682389259338,0.9863682389259338
2540,254.0,255.0,0.9965180158615112,0.9965180158615112
2541,254.1,255.1,0.997999370098114,0.997999370098114
2542,254.2,255.2,0.9977669715881348,0.9977669715881348
2543,254.3,255.3,0.9967401623725891,0.9967401623725891
2544,254.4,255.4,0.9962764382362366,0.9962764382362366
2545,254.5,255.5,0.9628498554229736,0.9628498554229736
2546,254.6,255.6,0.9568119645118713,0.9568119645118713
2547,254.7,255.7,0.9034308195114136,0.9034308195114136
2548,254.8,255.8,0.0629105344414711,0.0629105344414711
2549,254.9,255.9,0.27238932251930237,0.27238932251930237
2550,255.0,256.0,0.1381179690361023,0.1381179690361023
2551,255.1,256.1,0.11543247103691101,0.11543247103691101
2552,255.2,256.2,0.09523662179708481,0.09523662179708481
2553,255.3,256.3,0.11323119699954987,0.11323119699954987
2554,255.4,256.4,0.03658577799797058,0.03658577799797058
2555,255.5,256.5,0.0209672749042511,0.0209672749042511
2556,255.6,256.6,0.4986932575702667,0.4986932575702667
2557,255.7,256.7,0.1757725477218628,0.1757725477218628
2558,255.8,256.8,0.7965079545974731,0.7965079545974731
2559,255.9,256.9,0.7992197275161743,0.7992197275161743
2560,256.0,257.0,0.4184722602367401,0.4184722602367401
2561,256.1,257.1,0.469210147857666,0.469210147857666
2562,256.2,257.2,0.3029799461364746,0.3029799461364746
2563,256.3,257.3,0.6591523885726929,0.6591523885726929
2564,256.4,257.4,0.2543570101261139,0.2543570101261139
2565,256.5,257.5,0.5428587198257446,0.5428587198257446
2566,256.6,257.6,0.13109050691127777,0.13109050691127777
2567,256.7,257.7,0.648807942867279,0.648807942867279
2568,256.8,257.8,0.6264229416847229,0.6264229416847229
2569,256.9,257.9,0.087083600461483,0.087083600461483
2570,257.0,258.0,0.10130196064710617,0.10130196064710617
2571,257.1,258.1,0.17379215359687805,0.17379215359687805
2572,257.2,258.2,0.29801177978515625,0.29801177978515625
2573,257.3,258.3,0.26649558544158936,0.26649558544158936
2574,257.4,258.4,0.13967226445674896,0.13967226445674896
2575,257.5,258.5,0.23946525156497955,0.23946525156497955
2576,257.6,258.6,0.05251780524849892,0.05251780524849892
2577,257.7,258.7,0.5056737661361694,0.5056737661361694
2578,257.8,258.8,0.6753496527671814,0.6753496527671814
2579,257.9,258.9,0.1998872458934784,0.1998872458934784
2580,258.0,259.0,0.21731074154376984,0.21731074154376984
2581,258.1,259.1,0.16504961252212524,0.16504961252212524
2582,258.2,259.2,0.9114211201667786,0.9114211201667786
2583,258.3,259.3,0.4522007405757904,0.4522007405757904
2584,258.4,259.4,0.26439473032951355,0.26439473032951355
2585,258.5,259.5,0.10559046268463135,0.10559046268463135
2586,258.6,259.6,0.7961699366569519,0.7961699366569519
2587,258.7,259.7,0.6372195482254028,0.6372195482254028
2588,258.8,259.8,0.6863284707069397,0.6863284707069397
2589,258.9,259.9,0.3952665328979492,0.3952665328979492
2590,259.0,260.0,0.8886882066726685,0.8886882066726685
2591,259.1,260.1,0.8941271305084229,0.8941271305084229
2592,259.2,260.2,0.8539246320724487,0.8539246320724487
2593,259.3,260.3,0.2676718831062317,0.2676718831062317
2594,259.4,260.4,0.5288904905319214,0.5288904905319214
2595,259.5,260.5,0.24841926991939545,0.24841926991939545
2596,259.6,260.6,0.8117263317108154,0.8117263317108154
2597,259.7,260.7,0.5124497413635254,0.5124497413635254
2598,259.8,260.8,0.5633000731468201,0.5633000731468201
2599,259.9,260.9,0.23404699563980103,0.23404699563980103
2600,260.0,261.0,0.06845568120479584,0.06845568120479584
2601,260.1,261.1,0.08565440028905869,0.08565440028905869
2602,260.2,261.2,0.058878783136606216,0.058878783136606216
2603,260.3,261.3,0.1752529740333557,0.1752529740333557
2604,260.4,261.4,0.15226049721240997,0.15226049721240997
2605,260.5,261.5,0.29401394724845886,0.29401394724845886
2606,260.6,261.6,0.7243191003799438,0.7243191003799438
2607,260.7,261.7,0.3085375428199768,0.3085375428199768
2608,260.8,261.8,0.7125964760780334,0.7125964760780334
2609,260.9,261.9,0.223896786570549,0.223896786570549
2610,261.0,262.0,0.09936989843845367,0.09936989843845367
2611,261.1,262.1,0.3124178349971771,0.3124178349971771
2612,261.2,262.2,0.5558491349220276,0.5558491349220276
2613,261.3,262.3,0.08367837220430374,0.08367837220430374
2614,261.4,262.4,0.21971753239631653,0.21971753239631653
2615,261.5,262.5,0.35192522406578064,0.35192522406578064
2616,261.6,262.6,0.4812040627002716,0.4812040627002716
2617,261.7,262.7,0.545724630355835,0.545724630355835
2618,261.8,262.8,0.7098871469497681,0.7098871469497681
2619,261.9,262.9,0.5191807150840759,0.5191807150840759
2620,262.0,263.0,0.030866138637065887,0.030866138637065887
2621,262.1,263.1,0.05326785147190094,0.05326785147190094
2622,262.2,263.2,0.05028422921895981,0.05028422921895981
2623,262.3,263.3,0.24955466389656067,0.24955466389656067
2624,262.4,263.4,0.2408452183008194,0.2408452183008194
2625,262.5,263.5,0.14510345458984375,0.14510345458984375
2626,262.6,263.6,0.25405970215797424,0.25405970215797424
2627,262.7,263.7,0.3474550247192383,0.3474550247192383
2628,262.8,263.8,0.5118135213851929,0.5118135213851929
2629,262.9,263.9,0.9162130951881409,0.9162130951881409
2630,263.0,264.0,0.20615282654762268,0.20615282654762268
2631,263.1,264.1,0.09357182681560516,0.09357182681560516
2632,263.2,264.2,0.21044878661632538,0.21044878661632538
2633,263.3,264.3,0.7109705805778503,0.7109705805778503
2634,263.4,264.4,0.7957866191864014,0.7957866191864014
2635,263.5,264.5,0.16636604070663452,0.16636604070663452
2636,263.6,264.6,0.7290074229240417,0.7290074229240417
2637,263.7,264.7,0.41760745644569397,0.41760745644569397
2638,263.8,264.8,0.6604754328727722,0.6604754328727722
2639,263.9,264.9,0.42229896783828735,0.42229896783828735
2640,264.0,265.0,0.6258584856987,0.6258584856987
2641,264.1,265.1,0.6965376138687134,0.6965376138687134
2642,264.2,265.2,0.8377116918563843,0.8377116918563843
2643,264.3,265.3,0.5628820657730103,0.5628820657730103
2644,264.4,265.4,0.044896580278873444,0.044896580278873444
2645,264.5,265.5,0.20233207941055298,0.20233207941055298
2646,264.6,265.6,0.3558200001716614,0.3558200001716614
2647,264.7,265.7,0.2257915884256363,0.2257915884256363
2648,264.8,265.8,0.258567750453949,0.258567750453949
2649,264.9,265.9,0.1949128359556198,0.1949128359556198
2650,265.0,266.0,0.1158798411488533,0.1158798411488533
2651,265.1,266.1,0.0400937981903553,0.0400937981903553
2652,265.2,266.2,0.04852848872542381,0.04852848872542381
2653,265.3,266.3,0.022390877828001976,0.022390877828001976
2654,265.4,266.4,0.44374945759773254,0.44374945759773254
2655,265.5,266.5,0.4815099835395813,0.4815099835395813
2656,265.6,266.6,0.0986562967300415,0.0986562967300415
2657,265.7,266.7,0.025060074403882027,0.025060074403882027
2658,265.8,266.8,0.017880866304039955,0.017880866304039955
2659,265.9,266.9,0.022913858294487,0.022913858294487
2660,266.0,267.0,0.11242600530385971,0.11242600530385971
2661,266.1,267.1,0.01194196566939354,0.01194196566939354
2662,266.2,267.2,0.007010318338871002,0.007010318338871002
2663,266.3,267.3,0.004379944875836372,0.004379944875836372
2664,266.4,267.4,0.023356284946203232,0.023356284946203232
2665,266.5,267.5,0.04822857677936554,0.04822857677936554
2666,266.6,267.6,0.04542671516537666,0.04542671516537666
2667,266.7,267.7,0.18838092684745789,0.18838092684745789
2668,266.8,267.8,0.8696164488792419,0.8696164488792419
2669,266.9,267.9,0.5683064460754395,0.5683064460754395
2670,267.0,268.0,0.04517388343811035,0.04517388343811035
2671,267.1,268.1,0.09677372127771378,0.09677372127771378
2672,267.2,268.2,0.015634141862392426,0.015634141862392426
2673,267.3,268.3,0.00953077431768179,0.00953077431768179
2674,267.4,268.4,0.03317027911543846,0.03317027911543846
2675,267.5,268.5,0.003546275896951556,0.003546275896951556
2676,267.6,268.6,0.004631446208804846,0.004631446208804846
2677,267.7,268.7,0.0025682721752673388,0.0025682721752673388
2678,267.8,268.8,0.016062168404459953,0.016062168404459953
2679,267.9,268.9,0.6548639535903931,0.6548639535903931
2680,268.0,269.0,0.6944015622138977,0.6944015622138977
2681,268.1,269.1,0.7090378999710083,0.7090378999710083
2682,268.2,269.2,0.78464674949646,0.78464674949646
2683,268.3,269.3,0.27659833431243896,0.27659833431243896
2684,268.4,269.4,0.43039682507514954,0.43039682507514954
2685,268.5,269.5,0.42001259326934814,0.42001259326934814
2686,268.6,269.6,0.3322156071662903,0.3322156071662903
2687,268.7,269.7,0.06816001236438751,0.06816001236438751
2688,268.8,269.8,0.03283357992768288,0.03283357992768288
2689,268.9,269.9,0.010446288622915745,0.010446288622915745
2690,269.0,270.0,0.9996100068092346,0.9996100068092346
2691,269.1,270.1,0.9996731281280518,0.9996731281280518
2692,269.2,270.2,0.9998120665550232,0.9998120665550232
2693,269.3,270.3,0.9996471405029297,0.9996471405029297
2694,269.4,270.4,0.9975065588951111,0.9975065588951111
2695,269.5,270.5,0.9958101511001587,0.9958101511001587
2696,269.6,270.6,0.9979111552238464,0.9979111552238464
2697,269.7,270.7,0.9922065138816833,0.9922065138816833
2698,269.8,270.8,0.8736692070960999,0.8736692070960999
2699,269.9,270.9,0.874103307723999,0.874103307723999
2700,270.0,271.0,0.5142648220062256,0.5142648220062256
2701,270.1,271.1,0.6779577136039734,0.6779577136039734
2702,270.2,271.2,0.1558927595615387,0.1558927595615387
2703,270.3,271.3,0.477027952671051,0.477027952671051
2704,270.4,271.4,0.16227807104587555,0.16227807104587555
2705,270.5,271.5,0.35465559363365173,0.35465559363365173
2706,270.6,271.6,0.6423457264900208,0.6423457264900208
2707,270.7,271.7,0.5488978624343872,0.5488978624343872
2708,270.8,271.8,0.7829546332359314,0.7829546332359314
2709,270.9,271.9,0.7526640295982361,0.7526640295982361
2710,271.0,272.0,0.4642118811607361,0.4642118811607361
2711,271.1,272.1,0.22741186618804932,0.22741186618804932
2712,271.2,272.2,0.3484339714050293,0.3484339714050293
2713,271.3,272.3,0.34797921776771545,0.34797921776771545
2714,271.4,272.4,0.09871304780244827,0.09871304780244827
2715,271.5,272.5,0.04343613609671593,0.04343613609671593
2716,271.6,272.6,0.6583516001701355,0.6583516001701355
2717,271.7,272.7,0.743202805519104,0.743202805519104
2718,271.8,272.8,0.09966074675321579,0.09966074675321579
2719,271.9,272.9,0.8613318204879761,0.8613318204879761
2720,272.0,273.0,0.5100700855255127,0.5100700855255127
2721,272.1,273.1,0.9592887759208679,0.9592887759208679
2722,272.2,273.2,0.9554787874221802,0.9554787874221802
2723,272.3,273.3,0.9946975708007812,0.9946975708007812
2724,272.4,273.4,0.9224808216094971,0.9224808216094971
2725,272.5,273.5,0.015734340995550156,0.015734340995550156
2726,272.6,273.6,0.004810991697013378,0.004810991697013378
2727,272.7,273.7,0.0018905246397480369,0.0018905246397480369
2728,272.8,273.8,0.001026590820401907,0.001026590820401907
2729,272.9,273.9,0.0018991492688655853,0.0018991492688655853
2730,273.0,274.0,0.00011690139217535034,0.00011690139217535034
2731,273.1,274.1,0.002689336659386754,0.002689336659386754
2732,273.2,274.2,0.0051697902381420135,0.0051697902381420135
2733,273.3,274.3,0.006294853985309601,0.006294853985309601
2734,273.4,274.4,0.1583077609539032,0.1583077609539032
2735,273.5,274.5,0.004727229475975037,0.004727229475975037
2736,273.6,274.6,0.0027482935693114996,0.0027482935693114996
2737,273.7,274.7,0.007826567627489567,0.007826567627489567
2738,273.8,274.8,0.04936132952570915,0.04936132952570915
2739,273.9,274.9,0.2079899162054062,0.2079899162054062
2740,274.0,275.0,0.6876698136329651,0.6876698136329651
2741,274.1,275.1,0.16457508504390717,0.16457508504390717
2742,274.2,275.2,0.8376431465148926,0.8376431465148926
2743,274.3,275.3,0.5940110087394714,0.5940110087394714
2744,274.4,275.4,0.8629791736602783,0.8629791736602783
2745,274.5,275.5,0.19496585428714752,0.19496585428714752
2746,274.6,275.6,0.034712016582489014,0.034712016582489014
2747,274.7,275.7,0.4891357421875,0.4891357421875
2748,274.8,275.8,0.39666202664375305,0.39666202664375305
2749,274.9,275.9,0.7054694294929504,0.7054694294929504
2750,275.0,276.0,0.5818964838981628,0.5818964838981628
2751,275.1,276.1,0.7470244765281677,0.7470244765281677
2752,275.2,276.2,0.07537242770195007,0.07537242770195007
2753,275.3,276.3,0.606555700302124,0.606555700302124
2754,275.4,276.4,0.8188134431838989,0.8188134431838989
2755,275.5,276.5,0.5234068632125854,0.5234068632125854
2756,275.6,276.6,0.776548445224762,0.776548445224762
2757,275.7,276.7,0.5930720567703247,0.5930720567703247
2758,275.8,276.8,0.6791145205497742,0.6791145205497742
2759,275.9,276.9,0.6719173192977905,0.6719173192977905
2760,276.0,277.0,0.5514185428619385,0.5514185428619385
2761,276.1,277.1,0.20993304252624512,0.20993304252624512
2762,276.2,277.2,0.2393031120300293,0.2393031120300293
2763,276.3,277.3,0.7788260579109192,0.7788260579109192
2764,276.4,277.4,0.3602450489997864,0.3602450489997864
2765,276.5,277.5,0.7435687184333801,0.7435687184333801
2766,276.6,277.6,0.38467586040496826,0.38467586040496826
2767,276.7,277.7,0.1557619571685791,0.1557619571685791
2768,276.8,277.8,0.33681362867355347,0.33681362867355347
2769,276.9,277.9,0.5387324094772339,0.5387324094772339
2770,277.0,278.0,0.47146040201187134,0.47146040201187134
2771,277.1,278.1,0.3563506603240967,0.3563506603240967
2772,277.2,278.2,0.30823761224746704,0.30823761224746704
2773,277.3,278.3,0.3251369297504425,0.3251369297504425
2774,277.4,278.4,0.15266898274421692,0.15266898274421692
2775,277.5,278.5,0.04277074337005615,0.04277074337005615
2776,277.6,278.6,0.03141915425658226,0.03141915425658226
2777,277.7,278.7,0.2517317533493042,0.2517317533493042
2778,277.8,278.8,0.6021973490715027,0.6021973490715027
2779,277.9,278.9,0.340017706155777,0.340017706155777
2780,278.0,279.0,0.8098129034042358,0.8098129034042358
2781,278.1,279.1,0.035990335047245026,0.035990335047245026
2782,278.2,279.2,0.5577914714813232,0.5577914714813232
2783,278.3,279.3,0.23422928154468536,0.23422928154468536
2784,278.4,279.4,0.14263272285461426,0.14263272285461426
2785,278.5,279.5,0.09995400905609131,0.09995400905609131
2786,278.6,279.6,0.030196400359272957,0.030196400359272957
2787,278.7,279.7,0.08845013380050659,0.08845013380050659
2788,278.8,279.8,0.4027230143547058,0.4027230143547058
2789,278.9,279.9,0.19407418370246887,0.19407418370246887
2790,279.0,280.0,0.2977727949619293,0.2977727949619293
2791,279.1,280.1,0.5898796916007996,0.5898796916007996
2792,279.2,280.2,0.6718457341194153,0.6718457341194153
2793,279.3,280.3,0.30458977818489075,0.30458977818489075
2794,279.4,280.4,0.2685522139072418,0.2685522139072418
2795,279.5,280.5,0.03205965831875801,0.03205965831875801
2796,279.6,280.6,0.45928072929382324,0.45928072929382324
2797,279.7,280.7,0.02235833927989006,0.02235833927989006
2798,279.8,280.8,0.012009529396891594,0.012009529396891594
2799,279.9,280.9,0.00956737995147705,0.00956737995147705
2800,280.0,281.0,0.022990921512246132,0.022990921512246132
2801,280.1,281.1,0.044600509107112885,0.044600509107112885
2802,280.2,281.2,0.056135617196559906,0.056135617196559906
2803,280.3,281.3,0.21848425269126892,0.21848425269126892
2804,280.4,281.4,0.5636081099510193,0.5636081099510193
2805,280.5,281.5,0.5186324119567871,0.5186324119567871
2806,280.6,281.6,0.22820527851581573,0.22820527851581573
2807,280.7,281.7,0.3879568874835968,0.3879568874835968
2808,280.8,281.8,0.41897115111351013,0.41897115111351013
2809,280.9,281.9,0.1223689466714859,0.1223689466714859
2810,281.0,282.0,0.1453687697649002,0.1453687697649002
2811,281.1,282.1,0.3437547981739044,0.3437547981739044
2812,281.2,282.2,0.33762434124946594,0.33762434124946594
2813,281.3,282.3,0.5579036474227905,0.5579036474227905
2814,281.4,282.4,0.39044877886772156,0.39044877886772156
2815,281.5,282.5,0.6450976133346558,0.6450976133346558
2816,281.6,282.6,0.7343677878379822,0.7343677878379822
2817,281.7,282.7,0.4866879880428314,0.4866879880428314
2818,281.8,282.8,0.5554830431938171,0.5554830431938171
2819,281.9,282.9,0.6138390898704529,0.6138390898704529
2820,282.0,283.0,0.1374216377735138,0.1374216377735138
2821,282.1,283.1,0.5092546343803406,0.5092546343803406
2822,282.2,283.2,0.28460460901260376,0.28460460901260376
2823,282.3,283.3,0.7305442094802856,0.7305442094802856
2824,282.4,283.4,0.4384152591228485,0.4384152591228485
2825,282.5,283.5,0.4587411880493164,0.4587411880493164
2826,282.6,283.6,0.8576647639274597,0.8576647639274597
2827,282.7,283.7,0.40492016077041626,0.40492016077041626
2828,282.8,283.8,0.44624975323677063,0.44624975323677063
2829,282.9,283.9,0.709135890007019,0.709135890007019
2830,283.0,284.0,0.6289699673652649,0.6289699673652649
2831,283.1,284.1,0.5767457485198975,0.5767457485198975
2832,283.2,284.2,0.24251794815063477,0.24251794815063477
2833,283.3,284.3,0.16820229589939117,0.16820229589939117
2834,283.4,284.4,0.09415563195943832,0.09415563195943832
2835,283.5,284.5,0.8320938944816589,0.8320938944816589
2836,283.6,284.6,0.6529291868209839,0.6529291868209839
2837,283.7,284.7,0.5802578330039978,0.5802578330039978
2838,283.8,284.8,0.4015529155731201,0.4015529155731201
2839,283.9,284.9,0.540512204170227,0.540512204170227
2840,284.0,285.0,0.3356087803840637,0.3356087803840637
2841,284.1,285.1,0.8585144877433777,0.8585144877433777
2842,284.2,285.2,0.7823929786682129,0.7823929786682129
2843,284.3,285.3,0.38258346915245056,0.38258346915245056
2844,284.4,285.4,0.592972457408905,0.592972457408905
2845,284.5,285.5,0.7988892793655396,0.7988892793655396
2846,284.6,285.6,0.691578209400177,0.691578209400177
2847,284.7,285.7,0.6713261604309082,0.6713261604309082
2848,284.8,285.8,0.4311734437942505,0.4311734437942505
2849,284.9,285.9,0.3029959201812744,0.3029959201812744
2850,285.0,286.0,0.4044977128505707,0.4044977128505707
2851,285.1,286.1,0.8660566210746765,0.8660566210746765
2852,285.2,286.2,0.1648666113615036,0.1648666113615036
2853,285.3,286.3,0.18009889125823975,0.18009889125823975
2854,285.4,286.4,0.23636989295482635,0.23636989295482635
2855,285.5,286.5,0.6657826900482178,0.6657826900482178
2856,285.6,286.6,0.6270703077316284,0.6270703077316284
2857,285.7,286.7,0.16431349515914917,0.16431349515914917
2858,285.8,286.8,0.2733071446418762,0.2733071446418762
2859,285.9,286.9,0.23695515096187592,0.23695515096187592
2860,286.0,287.0,0.43038979172706604,0.43038979172706604
2861,286.1,287.1,0.3473662734031677,0.3473662734031677
2862,286.2,287.2,0.42627593874931335,0.42627593874931335
2863,286.3,287.3,0.28016197681427,0.28016197681427
2864,286.4,287.4,0.3990122675895691,0.3990122675895691
2865,286.5,287.5,0.4715674817562103,0.4715674817562103
2866,286.6,287.6,0.2620173692703247,0.2620173692703247
2867,286.7,287.7,0.37149327993392944,0.37149327993392944
2868,286.8,287.8,0.6751540899276733,0.6751540899276733
2869,286.9,287.9,0.2508447766304016,0.2508447766304016
2870,287.0,288.0,0.16994404792785645,0.16994404792785645
2871,287.1,288.1,0.14578667283058167,0.14578667283058167
2872,287.2,288.2,0.058442164212465286,0.058442164212465286
2873,287.3,288.3,0.3144853115081787,0.3144853115081787
2874,287.4,288.4,0.00758492574095726,0.00758492574095726
2875,287.5,288.5,0.02124081179499626,0.02124081179499626
2876,287.6,288.6,0.11236055940389633,0.11236055940389633
2877,287.7,288.7,0.1530730426311493,0.1530730426311493
2878,287.8,288.8,0.08713950961828232,0.08713950961828232
2879,287.9,288.9,0.11250892281532288,0.11250892281532288
2880,288.0,289.0,0.01308952271938324,0.01308952271938324
2881,288.1,289.1,0.0001982399553526193,0.0001982399553526193
2882,288.2,289.2,0.0011187019990757108,0.0011187019990757108
2883,288.3,289.3,0.0009321491234004498,0.0009321491234004498
2884,288.4,289.4,0.12438049167394638,0.12438049167394638
2885,288.5,289.5,0.002606683876365423,0.002606683876365423
2886,288.6,289.6,0.005817587487399578,0.005817587487399578
2887,288.7,289.7,0.022476432844996452,0.022476432844996452
2888,288.8,289.8,0.0043740225955843925,0.0043740225955843925
2889,288.9,289.9,0.0037934465799480677,0.0037934465799480677
2890,289.0,290.0,0.0011598829878494143,0.0011598829878494143
2891,289.1,290.1,0.007425237447023392,0.007425237447023392
2892,289.2,290.2,0.7359430193901062,0.7359430193901062
2893,289.3,290.3,0.9318393468856812,0.9318393468856812
2894,289.4,290.4,0.8762454390525818,0.8762454390525818
2895,289.5,290.5,0.2941521108150482,0.2941521108150482
2896,289.6,290.6,0.37634581327438354,0.37634581327438354
2897,289.7,290.7,0.12983423471450806,0.12983423471450806
2898,289.8,290.8,0.052018750458955765,0.052018750458955765
2899,289.9,290.9,0.04533301293849945,0.04533301293849945
2900,290.0,291.0,0.2194165736436844,0.2194165736436844
2901,290.1,291.1,0.036659374833106995,0.036659374833106995
2902,290.2,291.2,0.08233906328678131,0.08233906328678131
2903,290.3,291.3,0.18392425775527954,0.18392425775527954
2904,290.4,291.4,0.20138825476169586,0.20138825476169586
2905,290.5,291.5,0.11509397625923157,0.11509397625923157
2906,290.6,291.6,0.486692875623703,0.486692875623703
2907,290.7,291.7,0.7625605463981628,0.7625605463981628
2908,290.8,291.8,0.21554698050022125,0.21554698050022125
2909,290.9,291.9,0.17370721697807312,0.17370721697807312
2910,291.0,292.0,0.7113609910011292,0.7113609910011292
2911,291.1,292.1,0.11772263050079346,0.11772263050079346
2912,291.2,292.2,0.4960983693599701,0.4960983693599701
2913,291.3,292.3,0.10212370753288269,0.10212370753288269
2914,291.4,292.4,0.18544058501720428,0.18544058501720428
2915,291.5,292.5,0.12125813961029053,0.12125813961029053
2916,291.6,292.6,0.32453951239585876,0.32453951239585876
2917,291.7,292.7,0.34799522161483765,0.34799522161483765
2918,291.8,292.8,0.4342342019081116,0.4342342019081116
2919,291.9,292.9,0.5787595510482788,0.5787595510482788
2920,292.0,293.0,0.05156705155968666,0.05156705155968666
2921,292.1,293.1,0.038901712745428085,0.038901712745428085
2922,292.2,293.2,0.08170481026172638,0.08170481026172638
2923,292.3,293.3,0.060713931918144226,0.060713931918144226
2924,292.4,293.4,0.23844744265079498,0.23844744265079498
2925,292.5,293.5,0.0174771249294281,0.0174771249294281
2926,292.6,293.6,0.0035609991755336523,0.0035609991755336523
2927,292.7,293.7,0.0007038899348117411,0.0007038899348117411
2928,292.8,293.8,0.0006806247401982546,0.0006806247401982546
2929,292.9,293.9,0.025522781535983086,0.025522781535983086
2930,293.0,294.0,0.373872846364975,0.373872846364975
2931,293.1,294.1,0.4989715814590454,0.4989715814590454
2932,293.2,294.2,0.4725387692451477,0.4725387692451477
2933,293.3,294.3,0.8137471079826355,0.8137471079826355
2934,293.4,294.4,0.863445520401001,0.863445520401001
2935,293.5,294.5,0.4593781530857086,0.4593781530857086
2936,293.6,294.6,0.6772783994674683,0.6772783994674683
2937,293.7,294.7,0.7569995522499084,0.7569995522499084
2938,293.8,294.8,0.4825265109539032,0.4825265109539032
2939,293.9,294.9,0.4647308588027954,0.4647308588027954
2940,294.0,295.0,0.03630661219358444,0.03630661219358444
2941,294.1,295.1,0.04938958212733269,0.04938958212733269
2942,294.2,295.2,0.05422122776508331,0.05422122776508331
2943,294.3,295.3,0.02003147266805172,0.02003147266805172
2944,294.4,295.4,0.023915428668260574,0.023915428668260574
2945,294.5,295.5,0.004690042231231928,0.004690042231231928
2946,294.6,295.6,0.012246938422322273,0.012246938422322273
2947,294.7,295.7,0.003320277901366353,0.003320277901366353
2948,294.8,295.8,0.01567889004945755,0.01567889004945755
2949,294.9,295.9,0.0312747098505497,0.0312747098505497
2950,295.0,296.0,0.42273378372192383,0.42273378372192383
2951,295.1,296.1,0.3413763642311096,0.3413763642311096
2952,295.2,296.2,0.1908147633075714,0.1908147633075714
2953,295.3,296.3,0.1882195621728897,0.1882195621728897
2954,295.4,296.4,0.16364823281764984,0.16364823281764984
2955,295.5,296.5,0.1769685447216034,0.1769685447216034
2956,295.6,296.6,0.5100735425949097,0.5100735425949097
2957,295.7,296.7,0.03622032329440117,0.03622032329440117
2958,295.8,296.8,0.3059319853782654,0.3059319853782654
2959,295.9,296.9,0.6385270357131958,0.6385270357131958
2960,296.0,297.0,0.05779356136918068,0.05779356136918068
2961,296.1,297.1,0.1161193996667862,0.1161193996667862
2962,296.2,297.2,0.14617423713207245,0.14617423713207245
2963,296.3,297.3,0.11580580472946167,0.11580580472946167
2964,296.4,297.4,0.028704805299639702,0.028704805299639702
2965,296.5,297.5,0.21106545627117157,0.21106545627117157
2966,296.6,297.6,0.027291789650917053,0.027291789650917053
2967,296.7,297.7,0.4018731117248535,0.4018731117248535
2968,296.8,297.8,0.44483721256256104,0.44483721256256104
2969,296.9,297.9,0.7053277492523193,0.7053277492523193
2970,297.0,298.0,0.33203884959220886,0.33203884959220886
2971,297.1,298.1,0.4664352238178253,0.4664352238178253
2972,297.2,298.2,0.22886110842227936,0.22886110842227936
2973,297.3,298.3,0.2619967460632324,0.2619967460632324
2974,297.4,298.4,0.19629009068012238,0.19629009068012238
2975,297.5,298.5,0.12569791078567505,0.12569791078567505
2976,297.6,298.6,0.031821705400943756,0.031821705400943756
2977,297.7,298.7,0.0329873189330101,0.0329873189330101
2978,297.8,298.8,0.16580869257450104,0.16580869257450104
2979,297.9,298.9,0.043371666222810745,0.043371666222810745
2980,298.0,299.0,0.0538761131465435,0.0538761131465435
2981,298.1,299.1,0.017472853884100914,0.017472853884100914
2982,298.2,299.2,0.04992960765957832,0.04992960765957832
2983,298.3,299.3,0.03100876323878765,0.03100876323878765
2984,298.4,299.4,0.19607560336589813,0.19607560336589813
2985,298.5,299.5,0.302676796913147,0.302676796913147
2986,298.6,299.6,0.14880409836769104,0.14880409836769104
2987,298.7,299.7,0.07138653844594955,0.07138653844594955
2988,298.8,299.8,0.031620822846889496,0.031620822846889496
2989,298.9,299.9,0.14830999076366425,0.14830999076366425
2990,299.0,300.0,0.08983100950717926,0.08983100950717926
2991,299.1,300.1,0.09977082163095474,0.09977082163095474
2992,299.2,300.2,0.3106900751590729,0.3106900751590729
2993,299.3,300.3,0.12485849857330322,0.12485849857330322
2994,299.4,300.4,0.17726100981235504,0.17726100981235504
2995,299.5,300.5,0.030436424538493156,0.030436424538493156
2996,299.6,300.6,0.041891854256391525,0.041891854256391525
2997,299.7,300.7,0.014106707647442818,0.014106707647442818
2998,299.8,300.8,0.03836260363459587,0.03836260363459587
2999,299.9,300.9,0.82646244764328,0.82646244764328
3000,300.0,301.0,0.0859755203127861,0.0859755203127861
3001,300.1,301.1,0.04865996912121773,0.04865996912121773
3002,300.2,301.2,0.6056338548660278,0.6056338548660278
3003,300.3,301.3,0.2633627951145172,0.2633627951145172
3004,300.4,301.4,0.33310508728027344,0.33310508728027344
3005,300.5,301.5,0.21320447325706482,0.21320447325706482
3006,300.6,301.6,0.07809790223836899,0.07809790223836899
3007,300.7,301.7,0.19489207863807678,0.19489207863807678
3008,300.8,301.8,0.7042015194892883,0.7042015194892883
3009,300.9,301.9,0.7925534844398499,0.7925534844398499
3010,301.0,302.0,0.8995010256767273,0.8995010256767273
3011,301.1,302.1,0.5364900827407837,0.5364900827407837
3012,301.2,302.2,0.6168134808540344,0.6168134808540344
3013,301.3,302.3,0.4135982394218445,0.4135982394218445
3014,301.4,302.4,0.10709976404905319,0.10709976404905319
3015,301.5,302.5,0.06144114211201668,0.06144114211201668
3016,301.6,302.6,0.10830199718475342,0.10830199718475342
3017,301.7,302.7,0.5477583408355713,0.5477583408355713
3018,301.8,302.8,0.3976876139640808,0.3976876139640808
3019,301.9,302.9,0.502555251121521,0.502555251121521
3020,302.0,303.0,0.7163105010986328,0.7163105010986328
3021,302.1,303.1,0.4698900282382965,0.4698900282382965
3022,302.2,303.2,0.24587272107601166,0.24587272107601166
3023,302.3,303.3,0.0842614397406578,0.0842614397406578
3024,302.4,303.4,0.3325061500072479,0.3325061500072479
3025,302.5,303.5,0.10929714888334274,0.10929714888334274
3026,302.6,303.6,0.04865670204162598,0.04865670204162598
3027,302.7,303.7,0.01698741316795349,0.01698741316795349
3028,302.8,303.8,0.014458795078098774,0.014458795078098774
3029,302.9,303.9,0.004006379283964634,0.004006379283964634
3030,303.0,304.0,0.02736775577068329,0.02736775577068329
3031,303.1,304.1,0.02549460157752037,0.02549460157752037
3032,303.2,304.2,0.29947394132614136,0.29947394132614136
3033,303.3,304.3,0.8355743885040283,0.8355743885040283
3034,303.4,304.4,0.31539103388786316,0.31539103388786316
3035,303.5,304.5,0.039857637137174606,0.039857637137174606
3036,303.6,304.6,0.01764458790421486,0.01764458790421486
3037,303.7,304.7,0.016639122739434242,0.016639122739434242
3038,303.8,304.8,0.011079625226557255,0.011079625226557255
3039,303.9,304.9,0.003726659109815955,0.003726659109815955
3040,304.0,305.0,0.11865166574716568,0.11865166574716568
3041,304.1,305.1,0.11984075605869293,0.11984075605869293
3042,304.2,305.2,0.031783126294612885,0.031783126294612885
3043,304.3,305.3,0.0519857257604599,0.0519857257604599
3044,304.4,305.4,0.02149999886751175,0.02149999886751175
3045,304.5,305.5,0.212050661444664,0.212050661444664
3046,304.6,305.6,0.5482592582702637,0.5482592582702637
3047,304.7,305.7,0.09025143086910248,0.09025143086910248
3048,304.8,305.8,0.15974003076553345,0.15974003076553345
3049,304.9,305.9,0.666551947593689,0.666551947593689
3050,305.0,306.0,0.017384786158800125,0.017384786158800125
3051,305.1,306.1,0.0293150395154953,0.0293150395154953
3052,305.2,306.2,0.12164067476987839,0.12164067476987839
3053,305.3,306.3,0.30514469742774963,0.30514469742774963
3054,305.4,306.4,0.14980044960975647,0.14980044960975647
3055,305.5,306.5,0.024737467989325523,0.024737467989325523
3056,305.6,306.6,0.025859160348773003,0.025859160348773003
3057,305.7,306.7,0.03952319547533989,0.03952319547533989
3058,305.8,306.8,0.4753652513027191,0.4753652513027191
3059,305.9,306.9,0.5214261412620544,0.5214261412620544
3060,306.0,307.0,0.6358653903007507,0.6358653903007507
3061,306.1,307.1,0.08597353100776672,0.08597353100776672
3062,306.2,307.2,0.2592468857765198,0.2592468857765198
3063,306.3,307.3,0.5505034327507019,0.5505034327507019
3064,306.4,307.4,0.5168070197105408,0.5168070197105408
3065,306.5,307.5,0.3171117603778839,0.3171117603778839
3066,306.6,307.6,0.6377263069152832,0.6377263069152832
3067,306.7,307.7,0.21200229227542877,0.21200229227542877
3068,306.8,307.8,0.13512380421161652,0.13512380421161652
3069,306.9,307.9,0.07792723923921585,0.07792723923921585
3070,307.0,308.0,0.1273488700389862,0.1273488700389862
3071,307.1,308.1,0.38988423347473145,0.38988423347473145
3072,307.2,308.2,0.4069315791130066,0.4069315791130066
3073,307.3,308.3,0.1423681378364563,0.1423681378364563
3074,307.4,308.4,0.3885382115840912,0.3885382115840912
3075,307.5,308.5,0.21157389879226685,0.21157389879226685
3076,307.6,308.6,0.09602155536413193,0.09602155536413193
3077,307.7,308.7,0.20563679933547974,0.20563679933547974
3078,307.8,308.8,0.2021270990371704,0.2021270990371704
3079,307.9,308.9,0.23424433171749115,0.23424433171749115
3080,308.0,309.0,0.17642924189567566,0.17642924189567566
3081,308.1,309.1,0.2914075255393982,0.2914075255393982
3082,308.2,309.2,0.22805620729923248,0.22805620729923248
3083,308.3,309.3,0.36259692907333374,0.36259692907333374
3084,308.4,309.4,0.4343322217464447,0.4343322217464447
3085,308.5,309.5,0.2907325029373169,0.2907325029373169
3086,308.6,309.6,0.12503649294376373,0.12503649294376373
3087,308.7,309.7,0.23301607370376587,0.23301607370376587
3088,308.8,309.8,0.028490955010056496,0.028490955010056496
3089,308.9,309.9,0.018596751615405083,0.018596751615405083
3090,309.0,310.0,0.3433574438095093,0.3433574438095093
3091,309.1,310.1,0.020423829555511475,0.020423829555511475
3092,309.2,310.2,0.2853090763092041,0.2853090763092041
3093,309.3,310.3,0.20963381230831146,0.20963381230831146
3094,309.4,310.4,0.029151398688554764,0.029151398688554764
3095,309.5,310.5,0.013189868070185184,0.013189868070185184
3096,309.6,310.6,0.035699065774679184,0.035699065774679184
3097,309.7,310.7,0.031666867434978485,0.031666867434978485
3098,309.8,310.8,0.20537376403808594,0.20537376403808594
3099,309.9,310.9,0.023828594014048576,0.023828594014048576
3100,310.0,311.0,0.01880057342350483,0.01880057342350483
3101,310.1,311.1,0.018658524379134178,0.018658524379134178
3102,310.2,311.2,0.6166786551475525,0.6166786551475525
3103,310.3,311.3,0.2516040503978729,0.2516040503978729
3104,310.4,311.4,0.016124973073601723,0.016124973073601723
3105,310.5,311.5,0.19025546312332153,0.19025546312332153
3106,310.6,311.6,0.7561232447624207,0.7561232447624207
3107,310.7,311.7,0.5280762910842896,0.5280762910842896
3108,310.8,311.8,0.06665375828742981,0.06665375828742981
3109,310.9,311.9,0.05124755948781967,0.05124755948781967
3110,311.0,312.0,0.17556674778461456,0.17556674778461456
3111,311.1,312.1,0.32026442885398865,0.32026442885398865
3112,311.2,312.2,0.16285131871700287,0.16285131871700287
3113,311.3,312.3,0.35812026262283325,0.35812026262283325
3114,311.4,312.4,0.17637215554714203,0.17637215554714203
3115,311.5,312.5,0.564910352230072,0.564910352230072
3116,311.6,312.6,0.4187576174736023,0.4187576174736023
3117,311.7,312.7,0.328113317489624,0.328113317489624
3118,311.8,312.8,0.4106552302837372,0.4106552302837372
3119,311.9,312.9,0.1461779773235321,0.1461779773235321
3120,312.0,313.0,0.3166736662387848,0.3166736662387848
3121,312.1,313.1,0.0022923648357391357,0.0022923648357391357
3122,312.2,313.2,0.012828875333070755,0.012828875333070755
3123,312.3,313.3,0.0027348212897777557,0.0027348212897777557
3124,312.4,313.4,0.002594967605546117,0.002594967605546117
3125,312.5,313.5,0.00024811201728880405,0.00024811201728880405
3126,312.6,313.6,0.0006846674368716776,0.0006846674368716776
3127,312.7,313.7,0.0007196985534392297,0.0007196985534392297
3128,312.8,313.8,0.0005142230656929314,0.0005142230656929314
3129,312.9,313.9,0.0008584522292949259,0.0008584522292949259
3130,313.0,314.0,0.5165024399757385,0.5165024399757385
3131,313.1,314.1,0.05599619820713997,0.05599619820713997
3132,313.2,314.2,0.12939660251140594,0.12939660251140594
3133,313.3,314.3,0.3130246698856354,0.3130246698856354
3134,313.4,314.4,0.21476013958454132,0.21476013958454132
3135,313.5,314.5,0.5707138776779175,0.5707138776779175
3136,313.6,314.6,0.10540318489074707,0.10540318489074707
3137,313.7,314.7,0.4125094413757324,0.4125094413757324
3138,313.8,314.8,0.1256970316171646,0.1256970316171646
3139,313.9,314.9,0.46248120069503784,0.46248120069503784
3140,314.0,315.0,0.6076871156692505,0.6076871156692505
3141,314.1,315.1,0.7156491875648499,0.7156491875648499
3142,314.2,315.2,0.3638896346092224,0.3638896346092224
3143,314.3,315.3,0.9315342903137207,0.9315342903137207
3144,314.4,315.4,0.17346185445785522,0.17346185445785522
3145,314.5,315.5,0.07118240743875504,0.07118240743875504
3146,314.6,315.6,0.2849251925945282,0.2849251925945282
3147,314.7,315.7,0.9257420897483826,0.9257420897483826
3148,314.8,315.8,0.08595655858516693,0.08595655858516693
3149,314.9,315.9,0.7776340246200562,0.7776340246200562
3150,315.0,316.0,0.9674176573753357,0.9674176573753357
3151,315.1,316.1,0.14675024151802063,0.14675024151802063
3152,315.2,316.2,0.0015278806677088141,0.0015278806677088141
3153,315.3,316.3,0.5524667501449585,0.5524667501449585
3154,315.4,316.4,0.843882143497467,0.843882143497467
3155,315.5,316.5,0.24181249737739563,0.24181249737739563
3156,315.6,316.6,0.8484401106834412,0.8484401106834412
3157,315.7,316.7,0.5537243485450745,0.5537243485450745
3158,315.8,316.8,0.5607491135597229,0.5607491135597229
3159,315.9,316.9,0.0801321417093277,0.0801321417093277
3160,316.0,317.0,0.02668704092502594,0.02668704092502594
3161,316.1,317.1,0.0011198779102414846,0.0011198779102414846
3162,316.2,317.2,0.022002900019288063,0.022002900019288063
3163,316.3,317.3,0.5757210850715637,0.5757210850715637
3164,316.4,317.4,0.6007741093635559,0.6007741093635559
3165,316.5,317.5,0.21775056421756744,0.21775056421756744
3166,316.6,317.6,0.8508168458938599,0.8508168458938599
3167,316.7,317.7,0.7293280959129333,0.7293280959129333
3168,316.8,317.8,0.5489402413368225,0.5489402413368225
3169,316.9,317.9,0.841131329536438,0.841131329536438
3170,317.0,318.0,0.8757898807525635,0.8757898807525635
3171,317.1,318.1,0.45248404145240784,0.45248404145240784
3172,317.2,318.2,0.9598492383956909,0.9598492383956909
3173,317.3,318.3,0.726961076259613,0.726961076259613
3174,317.4,318.4,0.9598054885864258,0.9598054885864258
3175,317.5,318.5,0.928263247013092,0.928263247013092
3176,317.6,318.6,0.3606036305427551,0.3606036305427551
3177,317.7,318.7,0.5030145645141602,0.5030145645141602
3178,317.8,318.8,0.07415822893381119,0.07415822893381119
3179,317.9,318.9,0.8227397203445435,0.8227397203445435
3180,318.0,319.0,0.49595776200294495,0.49595776200294495
3181,318.1,319.1,0.7715897560119629,0.7715897560119629
3182,318.2,319.2,0.49812692403793335,0.49812692403793335
3183,318.3,319.3,0.9489859938621521,0.9489859938621521
3184,318.4,319.4,0.25404876470565796,0.25404876470565796
3185,318.5,319.5,0.014196396805346012,0.014196396805346012
3186,318.6,319.6,0.06118586286902428,0.06118586286902428
3187,318.7,319.7,0.028611280024051666,0.028611280024051666
3188,318.8,319.8,0.07139681279659271,0.07139681279659271
3189,318.9,319.9,0.03803893178701401,0.03803893178701401
3190,319.0,320.0,0.0070837861858308315,0.0070837861858308315
3191,319.1,320.1,0.004879568237811327,0.004879568237811327
3192,319.2,320.2,0.022588875144720078,0.022588875144720078
3193,319.3,320.3,0.019931117072701454,0.019931117072701454
3194,319.4,320.4,0.039145924150943756,0.039145924150943756
3195,319.5,320.5,0.4114919900894165,0.4114919900894165
3196,319.6,320.6,0.09637045860290527,0.09637045860290527
3197,319.7,320.7,0.022508319467306137,0.022508319467306137
3198,319.8,320.8,0.021077018231153488,0.021077018231153488
3199,319.9,320.9,0.06756741553544998,0.06756741553544998
3200,320.0,321.0,0.01322226133197546,0.01322226133197546
3201,320.1,321.1,0.07221009582281113,0.07221009582281113
3202,320.2,321.2,0.7056765556335449,0.7056765556335449
3203,320.3,321.3,0.5972256064414978,0.5972256064414978
3204,320.4,321.4,0.8167102932929993,0.8167102932929993
3205,320.5,321.5,0.6373873949050903,0.6373873949050903
3206,320.6,321.6,0.185284823179245,0.185284823179245
3207,320.7,321.7,0.8352943658828735,0.8352943658828735
3208,320.8,321.8,0.20656421780586243,0.20656421780586243
3209,320.9,321.9,0.37717339396476746,0.37717339396476746
3210,321.0,322.0,0.015057367272675037,0.015057367272675037
3211,321.1,322.1,0.8889015316963196,0.8889015316963196
3212,321.2,322.2,0.026598993688821793,0.026598993688821793
3213,321.3,322.3,0.1336878538131714,0.1336878538131714
3214,321.4,322.4,0.6063910126686096,0.6063910126686096
3215,321.5,322.5,0.23533405363559723,0.23533405363559723
3216,321.6,322.6,0.7723131775856018,0.7723131775856018
3217,321.7,322.7,0.1369662582874298,0.1369662582874298
3218,321.8,322.8,0.25181275606155396,0.25181275606155396
3219,321.9,322.9,0.1291505992412567,0.1291505992412567
3220,322.0,323.0,0.05333763360977173,0.05333763360977173
3221,322.1,323.1,0.5872170329093933,0.5872170329093933
3222,322.2,323.2,0.07140935957431793,0.07140935957431793
3223,322.3,323.3,0.09239845722913742,0.09239845722913742
3224,322.4,323.4,0.3182407319545746,0.3182407319545746
3225,322.5,323.5,0.702756941318512,0.702756941318512
3226,322.6,323.6,0.10712859779596329,0.10712859779596329
3227,322.7,323.7,0.4259345233440399,0.4259345233440399
3228,322.8,323.8,0.617283284664154,0.617283284664154
3229,322.9,323.9,0.6541326642036438,0.6541326642036438
3230,323.0,324.0,0.6898722648620605,0.6898722648620605
3231,323.1,324.1,0.4285650849342346,0.4285650849342346
3232,323.2,324.2,0.6349692940711975,0.6349692940711975
3233,323.3,324.3,0.7392911314964294,0.7392911314964294
3234,323.4,324.4,0.8915831446647644,0.8915831446647644
3235,323.5,324.5,0.36125534772872925,0.36125534772872925
3236,323.6,324.6,0.9176451563835144,0.9176451563835144
3237,323.7,324.7,0.8352535367012024,0.8352535367012024
3238,323.8,324.8,0.9347525835037231,0.9347525835037231
3239,323.9,324.9,0.8987736701965332,0.8987736701965332
3240,324.0,325.0,0.9251776337623596,0.9251776337623596
3241,324.1,325.1,0.8360613584518433,0.8360613584518433
3242,324.2,325.2,0.4764530062675476,0.4764530062675476
3243,324.3,325.3,0.14591507613658905,0.14591507613658905
3244,324.4,325.4,0.6934110522270203,0.6934110522270203
3245,324.5,325.5,0.2719704508781433,0.2719704508781433
3246,324.6,325.6,0.790645956993103,0.790645956993103
3247,324.7,325.7,0.06957359611988068,0.06957359611988068
3248,324.8,325.8,0.27039727568626404,0.27039727568626404
3249,324.9,325.9,0.1443205326795578,0.1443205326795578
3250,325.0,326.0,0.035688430070877075,0.035688430070877075
3251,325.1,326.1,0.04239782318472862,0.04239782318472862
3252,325.2,326.2,0.04452341049909592,0.04452341049909592
3253,325.3,326.3,0.15820899605751038,0.15820899605751038
3254,325.4,326.4,0.2615259885787964,0.2615259885787964
3255,325.5,326.5,0.09059330821037292,0.09059330821037292
3256,325.6,326.6,0.41769394278526306,0.41769394278526306
3257,325.7,326.7,0.35751861333847046,0.35751861333847046
3258,325.8,326.8,0.4230203330516815,0.4230203330516815
3259,325.9,326.9,0.10892872512340546,0.10892872512340546
3260,326.0,327.0,0.5429312586784363,0.5429312586784363
3261,326.1,327.1,0.6122519969940186,0.6122519969940186
3262,326.2,327.2,0.3986217975616455,0.3986217975616455
3263,326.3,327.3,0.27198559045791626,0.27198559045791626
3264,326.4,327.4,0.23513248562812805,0.23513248562812805
3265,326.5,327.5,0.18989379703998566,0.18989379703998566
3266,326.6,327.6,0.14222708344459534,0.14222708344459534
3267,326.7,327.7,0.4519556164741516,0.4519556164741516
3268,326.8,327.8,0.22781701385974884,0.22781701385974884
3269,326.9,327.9,0.9994511008262634,0.9994511008262634
3270,327.0,328.0,0.9990548491477966,0.9990548491477966
3271,327.1,328.1,0.9617476463317871,0.9617476463317871
3272,327.2,328.2,0.6859627366065979,0.6859627366065979
3273,327.3,328.3,0.06735386699438095,0.06735386699438095
3274,327.4,328.4,0.18795958161354065,0.18795958161354065
3275,327.5,328.5,0.14411550760269165,0.14411550760269165
3276,327.6,328.6,0.02407313510775566,0.02407313510775566
3277,327.7,328.7,0.003625655546784401,0.003625655546784401
3278,327.8,328.8,0.012211732566356659,0.012211732566356659
3279,327.9,328.9,0.0013123677344992757,0.0013123677344992757
3280,328.0,329.0,0.000605822482611984,0.000605822482611984
3281,328.1,329.1,0.00046996577293612063,0.00046996577293612063
3282,328.2,329.2,0.0034055064897984266,0.0034055064897984266
3283,328.3,329.3,0.0003753691562451422,0.0003753691562451422
3284,328.4,329.4,0.00013283354928717017,0.00013283354928717017
3285,328.5,329.5,7.966176781337708e-05,7.966176781337708e-05
3286,328.6,329.6,0.014503251761198044,0.014503251761198044
3287,328.7,329.7,0.019169365987181664,0.019169365987181664
3288,328.8,329.8,0.055724501609802246,0.055724501609802246
3289,328.9,329.9,0.07026312500238419,0.07026312500238419
3290,329.0,330.0,0.017151756212115288,0.017151756212115288
3291,329.1,330.1,0.03952109441161156,0.03952109441161156
3292,329.2,330.2,0.5633605718612671,0.5633605718612671
3293,329.3,330.3,0.6318920254707336,0.6318920254707336
3294,329.4,330.4,0.8603929281234741,0.8603929281234741
3295,329.5,330.5,0.7773087620735168,0.7773087620735168
3296,329.6,330.6,0.48561573028564453,0.48561573028564453
3297,329.7,330.7,0.5115986466407776,0.5115986466407776
3298,329.8,330.8,0.811677098274231,0.811677098274231
3299,329.9,330.9,0.673304557800293,0.673304557800293
3300,330.0,331.0,0.5663459897041321,0.5663459897041321
3301,330.1,331.1,0.27690795063972473,0.27690795063972473
3302,330.2,331.2,0.7439475655555725,0.7439475655555725
3303,330.3,331.3,0.6367055177688599,0.6367055177688599
3304,330.4,331.4,0.7372395396232605,0.7372395396232605
3305,330.5,331.5,0.14158304035663605,0.14158304035663605
3306,330.6,331.6,0.7537588477134705,0.7537588477134705
3307,330.7,331.7,0.4397163391113281,0.4397163391113281
3308,330.8,331.8,0.8531125783920288,0.8531125783920288
3309,330.9,331.9,0.8872001767158508,0.8872001767158508
3310,331.0,332.0,0.627967119216919,0.627967119216919
3311,331.1,332.1,0.0806441530585289,0.0806441530585289
3312,331.2,332.2,0.3354504108428955,0.3354504108428955
3313,331.3,332.3,0.07300098240375519,0.07300098240375519
3314,331.4,332.4,0.15750259160995483,0.15750259160995483
3315,331.5,332.5,0.17315790057182312,0.17315790057182312
3316,331.6,332.6,0.8472774624824524,0.8472774624824524
3317,331.7,332.7,0.21179266273975372,0.21179266273975372
3318,331.8,332.8,0.08054138720035553,0.08054138720035553
3319,331.9,332.9,0.22231608629226685,0.22231608629226685
3320,332.0,333.0,0.2997172772884369,0.2997172772884369
3321,332.1,333.1,0.8326845169067383,0.8326845169067383
3322,332.2,333.2,0.39895856380462646,0.39895856380462646
3323,332.3,333.3,0.2623061239719391,0.2623061239719391
3324,332.4,333.4,0.3277270197868347,0.3277270197868347
3325,332.5,333.5,0.21633465588092804,0.21633465588092804
3326,332.6,333.6,0.17061448097229004,0.17061448097229004
3327,332.7,333.7,0.024272315204143524,0.024272315204143524
3328,332.8,333.8,0.06898453086614609,0.06898453086614609
3329,332.9,333.9,0.01978340372443199,0.01978340372443199
3330,333.0,334.0,0.10512931644916534,0.10512931644916534
3331,333.1,334.1,0.3813897967338562,0.3813897967338562
3332,333.2,334.2,0.14732478559017181,0.14732478559017181
3333,333.3,334.3,0.7712739109992981,0.7712739109992981
3334,333.4,334.4,0.2893838882446289,0.2893838882446289
3335,333.5,334.5,0.42576807737350464,0.42576807737350464
3336,333.6,334.6,0.3762613534927368,0.3762613534927368
3337,333.7,334.7,0.3845970034599304,0.3845970034599304
3338,333.8,334.8,0.2867600917816162,0.2867600917816162
3339,333.9,334.9,0.8180196285247803,0.8180196285247803
3340,334.0,335.0,0.2074166089296341,0.2074166089296341
3341,334.1,335.1,0.6982372403144836,0.6982372403144836
3342,334.2,335.2,0.38113096356391907,0.38113096356391907
3343,334.3,335.3,0.19666139781475067,0.19666139781475067
3344,334.4,335.4,0.3939366638660431,0.3939366638660431
3345,334.5,335.5,0.7846100926399231,0.7846100926399231
3346,334.6,335.6,0.8228458166122437,0.8228458166122437
3347,334.7,335.7,0.2281319946050644,0.2281319946050644
3348,334.8,335.8,0.056344833225011826,0.056344833225011826
3349,334.9,335.9,0.48084723949432373,0.48084723949432373
3350,335.0,336.0,0.5345886945724487,0.5345886945724487
3351,335.1,336.1,0.9073322415351868,0.9073322415351868
3352,335.2,336.2,0.2378065437078476,0.2378065437078476
3353,335.3,336.3,0.1302303671836853,0.1302303671836853
3354,335.4,336.4,0.455731064081192,0.455731064081192
3355,335.5,336.5,0.010481962002813816,0.010481962002813816
3356,335.6,336.6,0.0031508011743426323,0.0031508011743426323
3357,335.7,336.7,0.004057754762470722,0.004057754762470722
3358,335.8,336.8,0.5923753380775452,0.5923753380775452
3359,335.9,336.9,0.6679739356040955,0.6679739356040955
3360,336.0,337.0,0.2650122046470642,0.2650122046470642
3361,336.1,337.1,0.29062381386756897,0.29062381386756897
3362,336.2,337.2,0.28058868646621704,0.28058868646621704
3363,336.3,337.3,0.4407970905303955,0.4407970905303955
3364,336.4,337.4,0.18677940964698792,0.18677940964698792
3365,336.5,337.5,0.5952287316322327,0.5952287316322327
3366,336.6,337.6,0.6773437857627869,0.6773437857627869
3367,336.7,337.7,0.12347045540809631,0.12347045540809631
3368,336.8,337.8,0.020196998491883278,0.020196998491883278
3369,336.9,337.9,0.4391075670719147,0.4391075670719147
3370,337.0,338.0,0.8525662422180176,0.8525662422180176
3371,337.1,338.1,0.565654456615448,0.565654456615448
3372,337.2,338.2,0.5829809904098511,0.5829809904098511
3373,337.3,338.3,0.14343930780887604,0.14343930780887604
3374,337.4,338.4,0.31717368960380554,0.31717368960380554
3375,337.5,338.5,0.09214863926172256,0.09214863926172256
3376,337.6,338.6,0.37233492732048035,0.37233492732048035
3377,337.7,338.7,0.34022441506385803,0.34022441506385803
3378,337.8,338.8,0.10365404933691025,0.10365404933691025
3379,337.9,338.9,0.08929925411939621,0.08929925411939621
3380,338.0,339.0,0.06814227253198624,0.06814227253198624
3381,338.1,339.1,0.05983588472008705,0.05983588472008705
3382,338.2,339.2,0.2129347324371338,0.2129347324371338
3383,338.3,339.3,0.6317513585090637,0.6317513585090637
3384,338.4,339.4,0.4359687268733978,0.4359687268733978
3385,338.5,339.5,0.712622344493866,0.712622344493866
3386,338.6,339.6,0.12938359379768372,0.12938359379768372
3387,338.7,339.7,0.8810244202613831,0.8810244202613831
3388,338.8,339.8,0.4679572582244873,0.4679572582244873
3389,338.9,339.9,0.9069427251815796,0.9069427251815796
3390,339.0,340.0,0.2543172240257263,0.2543172240257263
3391,339.1,340.1,0.11244838684797287,0.11244838684797287
3392,339.2,340.2,0.3429562747478485,0.3429562747478485
3393,339.3,340.3,0.18083593249320984,0.18083593249320984
3394,339.4,340.4,0.20122075080871582,0.20122075080871582
3395,339.5,340.5,0.6840042471885681,0.6840042471885681
3396,339.6,340.6,0.30771371722221375,0.30771371722221375
3397,339.7,340.7,0.8906887173652649,0.8906887173652649
3398,339.8,340.8,0.8926746249198914,0.8926746249198914
3399,339.9,340.9,0.7482815980911255,0.7482815980911255
3400,340.0,341.0,0.8604579567909241,0.8604579567909241
3401,340.1,341.1,0.46190810203552246,0.46190810203552246
3402,340.2,341.2,0.09770620614290237,0.09770620614290237
3403,340.3,341.3,0.08335903286933899,0.08335903286933899
3404,340.4,341.4,0.20766867697238922,0.20766867697238922
3405,340.5,341.5,0.4530654549598694,0.4530654549598694
3406,340.6,341.6,0.6312564611434937,0.6312564611434937
3407,340.7,341.7,0.698985755443573,0.698985755443573
3408,340.8,341.8,0.1285753846168518,0.1285753846168518
3409,340.9,341.9,0.3372514247894287,0.3372514247894287
3410,341.0,342.0,0.09785883128643036,0.09785883128643036
3411,341.1,342.1,0.06343373656272888,0.06343373656272888
3412,341.2,342.2,0.15776358544826508,0.15776358544826508
3413,341.3,342.3,0.004345409572124481,0.004345409572124481
3414,341.4,342.4,0.6079263687133789,0.6079263687133789
3415,341.5,342.5,0.30315032601356506,0.30315032601356506
3416,341.6,342.6,0.17092812061309814,0.17092812061309814
3417,341.7,342.7,0.2569384276866913,0.2569384276866913
3418,341.8,342.8,0.041983287781476974,0.041983287781476974
3419,341.9,342.9,0.2762761116027832,0.2762761116027832
3420,342.0,343.0,0.03930488973855972,0.03930488973855972
3421,342.1,343.1,0.001482679508626461,0.001482679508626461
3422,342.2,343.2,0.0026545310392975807,0.0026545310392975807
3423,342.3,343.3,0.0008493492496199906,0.0008493492496199906
3424,342.4,343.4,0.0024335647467523813,0.0024335647467523813
3425,342.5,343.5,0.006195155903697014,0.006195155903697014
3426,342.6,343.6,0.26671260595321655,0.26671260595321655
3427,342.7,343.7,0.4478268027305603,0.4478268027305603
3428,342.8,343.8,0.024738550186157227,0.024738550186157227
3429,342.9,343.9,0.06920826435089111,0.06920826435089111
3430,343.0,344.0,0.04796770587563515,0.04796770587563515
3431,343.1,344.1,0.9908768534660339,0.9908768534660339
3432,343.2,344.2,0.6837286949157715,0.6837286949157715
3433,343.3,344.3,0.9547856450080872,0.9547856450080872
3434,343.4,344.4,0.21813717484474182,0.21813717484474182
3435,343.5,344.5,0.023758521303534508,0.023758521303534508
3436,343.6,344.6,0.07152456790208817,0.07152456790208817
3437,343.7,344.7,0.028051497414708138,0.028051497414708138
3438,343.8,344.8,0.18557074666023254,0.18557074666023254
3439,343.9,344.9,0.6025423407554626,0.6025423407554626
3440,344.0,345.0,0.3260878026485443,0.3260878026485443
3441,344.1,345.1,0.0668206736445427,0.0668206736445427
3442,344.2,345.2,0.029842311516404152,0.029842311516404152
3443,344.3,345.3,0.7444265484809875,0.7444265484809875
3444,344.4,345.4,0.9277510643005371,0.9277510643005371
3445,344.5,345.5,0.21671465039253235,0.21671465039253235
3446,344.6,345.6,0.6191400289535522,0.6191400289535522
3447,344.7,345.7,0.69953852891922,0.69953852891922
3448,344.8,345.8,0.6989849209785461,0.6989849209785461
3449,344.9,345.9,0.030759038403630257,0.030759038403630257
3450,345.0,346.0,0.028845755383372307,0.028845755383372307
3451,345.1,346.1,0.08865426480770111,0.08865426480770111
3452,345.2,346.2,0.019343845546245575,0.019343845546245575
3453,345.3,346.3,0.028218606486916542,0.028218606486916542
3454,345.4,346.4,0.04957573860883713,0.04957573860883713
3455,345.5,346.5,0.0067361206747591496,0.0067361206747591496
3456,345.6,346.6,0.19739146530628204,0.19739146530628204
3457,345.7,346.7,0.6918028593063354,0.6918028593063354
3458,345.8,346.8,0.8609086871147156,0.8609086871147156
3459,345.9,346.9,0.7710697650909424,0.7710697650909424
3460,346.0,347.0,0.7361980080604553,0.7361980080604553
3461,346.1,347.1,0.5904560685157776,0.5904560685157776
3462,346.2,347.2,0.25406432151794434,0.25406432151794434
3463,346.3,347.3,0.9024214148521423,0.9024214148521423
3464,346.4,347.4,0.8464449644088745,0.8464449644088745
3465,346.5,347.5,0.6416970491409302,0.6416970491409302
3466,346.6,347.6,0.19535696506500244,0.19535696506500244
3467,346.7,347.7,0.054549381136894226,0.054549381136894226
3468,346.8,347.8,0.18574906885623932,0.18574906885623932
3469,346.9,347.9,0.024247702211141586,0.024247702211141586
3470,347.0,348.0,0.011382821947336197,0.011382821947336197
3471,347.1,348.1,0.0653347447514534,0.0653347447514534
3472,347.2,348.2,0.1012837365269661,0.1012837365269661
3473,347.3,348.3,0.14923745393753052,0.14923745393753052
3474,347.4,348.4,0.9064239263534546,0.9064239263534546
3475,347.5,348.5,0.3693462014198303,0.3693462014198303
3476,347.6,348.6,0.022778360173106194,0.022778360173106194
3477,347.7,348.7,0.832700252532959,0.832700252532959
3478,347.8,348.8,0.5970309972763062,0.5970309972763062
3479,347.9,348.9,0.16915401816368103,0.16915401816368103
3480,348.0,349.0,0.0057994294911623,0.0057994294911623
3481,348.1,349.1,0.006101846694946289,0.006101846694946289
3482,348.2,349.2,0.3893584907054901,0.3893584907054901
3483,348.3,349.3,0.8321927189826965,0.8321927189826965
3484,348.4,349.4,0.2954140603542328,0.2954140603542328
3485,348.5,349.5,0.027944043278694153,0.027944043278694153
3486,348.6,349.6,0.004871331620961428,0.004871331620961428
3487,348.7,349.7,0.02524462528526783,0.02524462528526783
3488,348.8,349.8,0.1915450096130371,0.1915450096130371
3489,348.9,349.9,0.2512781023979187,0.2512781023979187
3490,349.0,350.0,0.04515122249722481,0.04515122249722481
3491,349.1,350.1,0.0113956518471241,0.0113956518471241
3492,349.2,350.2,0.22283640503883362,0.22283640503883362
3493,349.3,350.3,0.35757675766944885,0.35757675766944885
3494,349.4,350.4,0.28636670112609863,0.28636670112609863
3495,349.5,350.5,0.6209140419960022,0.6209140419960022
3496,349.6,350.6,0.26079273223876953,0.26079273223876953
3497,349.7,350.7,0.11284033954143524,0.11284033954143524
3498,349.8,350.8,0.3831023573875427,0.3831023573875427
3499,349.9,350.9,0.5344738960266113,0.5344738960266113
3500,350.0,351.0,0.05498499050736427,0.05498499050736427
3501,350.1,351.1,0.8167633414268494,0.8167633414268494
3502,350.2,351.2,0.5092807412147522,0.5092807412147522
3503,350.3,351.3,0.39399585127830505,0.39399585127830505
3504,350.4,351.4,0.1835312396287918,0.1835312396287918
3505,350.5,351.5,0.1427634358406067,0.1427634358406067
3506,350.6,351.6,0.27682217955589294,0.27682217955589294
3507,350.7,351.7,0.021843813359737396,0.021843813359737396
3508,350.8,351.8,0.0054529584012925625,0.0054529584012925625
3509,350.9,351.9,0.7012037634849548,0.7012037634849548
3510,351.0,352.0,0.08837225288152695,0.08837225288152695
3511,351.1,352.1,0.07151809334754944,0.07151809334754944
3512,351.2,352.2,0.19667719304561615,0.19667719304561615
3513,351.3,352.3,0.11069246381521225,0.11069246381521225
3514,351.4,352.4,0.03475843742489815,0.03475843742489815
3515,351.5,352.5,0.038891442120075226,0.038891442120075226
3516,351.6,352.6,0.032769251614809036,0.032769251614809036
3517,351.7,352.7,0.06675698608160019,0.06675698608160019
3518,351.8,352.8,0.03917287290096283,0.03917287290096283
3519,351.9,352.9,0.04068480059504509,0.04068480059504509
3520,352.0,353.0,0.18310588598251343,0.18310588598251343
3521,352.1,353.1,0.15531720221042633,0.15531720221042633
3522,352.2,353.2,0.08794243633747101,0.08794243633747101
3523,352.3,353.3,0.07772113382816315,0.07772113382816315
3524,352.4,353.4,0.0593879371881485,0.0593879371881485
3525,352.5,353.5,0.08227922022342682,0.08227922022342682
3526,352.6,353.6,0.5050362348556519,0.5050362348556519
3527,352.7,353.7,0.29144755005836487,0.29144755005836487
3528,352.8,353.8,0.12953859567642212,0.12953859567642212
3529,352.9,353.9,0.426361083984375,0.426361083984375
3530,353.0,354.0,0.03779318928718567,0.03779318928718567
3531,353.1,354.1,0.06849197298288345,0.06849197298288345
3532,353.2,354.2,0.025203067809343338,0.025203067809343338
3533,353.3,354.3,0.04658378288149834,0.04658378288149834
3534,353.4,354.4,0.08273983746767044,0.08273983746767044
3535,353.5,354.5,0.09417212009429932,0.09417212009429932
3536,353.6,354.6,0.020156485959887505,0.020156485959887505
3537,353.7,354.7,0.5565024614334106,0.5565024614334106
3538,353.8,354.8,0.3742906153202057,0.3742906153202057
3539,353.9,354.9,0.28136295080184937,0.28136295080184937
3540,354.0,355.0,0.2215195745229721,0.2215195745229721
3541,354.1,355.1,0.6963308453559875,0.6963308453559875
3542,354.2,355.2,0.33593982458114624,0.33593982458114624
3543,354.3,355.3,0.27910277247428894,0.27910277247428894
3544,354.4,355.4,0.03693409264087677,0.03693409264087677
3545,354.5,355.5,0.5471013188362122,0.5471013188362122
3546,354.6,355.6,0.052532874047756195,0.052532874047756195
3547,354.7,355.7,0.5770224928855896,0.5770224928855896
3548,354.8,355.8,0.4187436103820801,0.4187436103820801
3549,354.9,355.9,0.5553346872329712,0.5553346872329712
3550,355.0,356.0,0.27847597002983093,0.27847597002983093
3551,355.1,356.1,0.48777875304222107,0.48777875304222107
3552,355.2,356.2,0.7398063540458679,0.7398063540458679
3553,355.3,356.3,0.3174345791339874,0.3174345791339874
3554,355.4,356.4,0.10785553604364395,0.10785553604364395
3555,355.5,356.5,0.26048874855041504,0.26048874855041504
3556,355.6,356.6,0.07708948850631714,0.07708948850631714
3557,355.7,356.7,0.06725528091192245,0.06725528091192245
3558,355.8,356.8,0.1868991255760193,0.1868991255760193
3559,355.9,356.9,0.03910498693585396,0.03910498693585396
3560,356.0,357.0,0.3626857101917267,0.3626857101917267
3561,356.1,357.1,0.02722145803272724,0.02722145803272724
3562,356.2,357.2,0.018052324652671814,0.018052324652671814
3563,356.3,357.3,0.0061508659273386,0.0061508659273386
3564,356.4,357.4,0.009186155162751675,0.009186155162751675
3565,356.5,357.5,0.01875072903931141,0.01875072903931141
3566,356.6,357.6,0.018818983808159828,0.018818983808159828
3567,356.7,357.7,0.2168653905391693,0.2168653905391693
3568,356.8,357.8,0.17112255096435547,0.17112255096435547
3569,356.9,357.9,0.7012735605239868,0.7012735605239868
3570,357.0,358.0,0.6650764346122742,0.6650764346122742
3571,357.1,358.1,0.2567533254623413,0.2567533254623413
3572,357.2,358.2,0.5008372664451599,0.5008372664451599
3573,357.3,358.3,0.43731239438056946,0.43731239438056946
3574,357.4,358.4,0.10529531538486481,0.10529531538486481
3575,357.5,358.5,0.3466867506504059,0.3466867506504059
3576,357.6,358.6,0.04527346044778824,0.04527346044778824
3577,357.7,358.7,0.01913633942604065,0.01913633942604065
3578,357.8,358.8,0.11595223844051361,0.11595223844051361
3579,357.9,358.9,0.10410711914300919,0.10410711914300919
3580,358.0,359.0,0.23016706109046936,0.23016706109046936
3581,358.1,359.1,0.21174436807632446,0.21174436807632446
3582,358.2,359.2,0.1476600170135498,0.1476600170135498
3583,358.3,359.3,0.031360648572444916,0.031360648572444916
3584,358.4,359.4,0.004022136330604553,0.004022136330604553
3585,358.5,359.5,0.0015809128526598215,0.0015809128526598215
3586,358.6,359.6,0.6480873227119446,0.6480873227119446
3587,358.7,359.7,0.8536992073059082,0.8536992073059082
3588,358.8,359.8,0.6928349137306213,0.6928349137306213
3589,358.9,359.9,0.6283572912216187,0.6283572912216187
3590,359.0,360.0,0.163333460688591,0.163333460688591
3591,359.1,360.1,0.09186134487390518,0.09186134487390518
3592,359.2,360.2,0.27624669671058655,0.27624669671058655
3593,359.3,360.3,0.11150223016738892,0.11150223016738892
3594,359.4,360.4,0.1020185723900795,0.1020185723900795
3595,359.5,360.5,0.38265421986579895,0.38265421986579895
3596,359.6,360.6,0.30777013301849365,0.30777013301849365
3597,359.7,360.7,0.2445332556962967,0.2445332556962967
3598,359.8,360.8,0.6813290119171143,0.6813290119171143
3599,359.9,360.9,0.18189622461795807,0.18189622461795807
3600,360.0,361.0,0.10944581031799316,0.10944581031799316
3601,360.1,361.1,0.7926074266433716,0.7926074266433716
3602,360.2,361.2,0.804637610912323,0.804637610912323
3603,360.3,361.3,0.21637992560863495,0.21637992560863495
3604,360.4,361.4,0.1561257541179657,0.1561257541179657
3605,360.456,361.456,0.18098865449428558,0.18098865449428558
