frame_idx,start_s,end_s,prob_cough,prob_cough_smooth
0,0.0,1.0,0.7759698629379272,0.7759698629379272
1,0.1,1.1,0.8511274456977844,0.8511274456977844
2,0.2,1.2,0.9943547248840332,0.9943547248840332
3,0.3,1.3,0.9587348699569702,0.9587348699569702
4,0.4,1.4,0.9389014840126038,0.9389014840126038
5,0.5,1.5,0.810302197933197,0.810302197933197
6,0.6,1.6,0.4897390305995941,0.4897390305995941
7,0.7,1.7,0.7482703328132629,0.7482703328132629
8,0.8,1.8,0.3894985318183899,0.3894985318183899
9,0.9,1.9,0.8434469699859619,0.8434469699859619
10,1.0,2.0,0.3321530818939209,0.3321530818939209
11,1.1,2.1,0.8111287951469421,0.8111287951469421
12,1.2,2.2,0.9326841831207275,0.9326841831207275
13,1.3,2.3,0.1872509866952896,0.1872509866952896
14,1.4,2.4,0.2203623652458191,0.2203623652458191
15,1.5,2.5,0.03219754993915558,0.03219754993915558
16,1.6,2.6,0.025370515882968903,0.025370515882968903
17,1.7,2.7,0.024102654308080673,0.024102654308080673
18,1.8,2.8,0.011760840192437172,0.011760840192437172
19,1.9,2.9,0.025142455473542213,0.025142455473542213
20,2.0,3.0,0.08198962360620499,0.08198962360620499
21,2.1,3.1,0.2632730305194855,0.2632730305194855
22,2.2,3.2,0.23048508167266846,0.23048508167266846
23,2.3,3.3,0.0031679903622716665,0.0031679903622716665
24,2.4,3.4,0.025316348299384117,0.025316348299384117
25,2.5,3.5,0.05956052616238594,0.05956052616238594
26,2.6,3.6,0.03525545075535774,0.03525545075535774
27,2.7,3.7,0.06923315674066544,0.06923315674066544
28,2.8,3.8,0.020633980631828308,0.020633980631828308
29,2.9,3.9,0.09882345050573349,0.09882345050573349
30,3.0,4.0,0.5433560609817505,0.5433560609817505
31,3.1,4.1,0.11450861394405365,0.11450861394405365
32,3.2,4.2,0.6713340878486633,0.6713340878486633
33,3.3,4.3,0.1274479627609253,0.1274479627609253
34,3.4,4.4,0.012027472257614136,0.012027472257614136
35,3.5,4.5,0.10650152713060379,0.10650152713060379
36,3.6,4.6,0.5030680298805237,0.5030680298805237
37,3.7,4.7,0.50827956199646,0.50827956199646
38,3.8,4.8,0.20088885724544525,0.20088885724544525
39,3.9,4.9,0.47761523723602295,0.47761523723602295
40,4.0,5.0,0.21293283998966217,0.21293283998966217
41,4.1,5.1,0.08479783684015274,0.08479783684015274
42,4.2,5.2,0.26541852951049805,0.26541852951049805
43,4.3,5.3,0.2515993118286133,0.2515993118286133
44,4.4,5.4,0.8491740226745605,0.8491740226745605
45,4.5,5.5,0.5279081463813782,0.5279081463813782
46,4.6,5.6,0.8436332941055298,0.8436332941055298
47,4.7,5.7,0.5050860643386841,0.5050860643386841
48,4.8,5.8,0.008231145329773426,0.008231145329773426
49,4.9,5.9,0.943892776966095,0.943892776966095
50,5.0,6.0,0.37088626623153687,0.37088626623153687
51,5.1,6.1,0.9990057349205017,0.9990057349205017
52,5.2,6.2,0.9843311905860901,0.9843311905860901
53,5.3,6.3,0.9960876703262329,0.9960876703262329
54,5.4,6.4,0.999691367149353,0.999691367149353
55,5.5,6.5,0.98504239320755,0.98504239320755
56,5.6,6.6,0.9413424730300903,0.9413424730300903
57,5.7,6.7,0.9358397126197815,0.9358397126197815
58,5.8,6.8,0.6276636719703674,0.6276636719703674
59,5.9,6.9,0.5825049877166748,0.5825049877166748
60,6.0,7.0,0.3267616033554077,0.3267616033554077
61,6.1,7.1,0.15228939056396484,0.15228939056396484
62,6.2,7.2,0.36619046330451965,0.36619046330451965
63,6.3,7.3,0.37382179498672485,0.37382179498672485
64,6.4,7.4,0.15510718524456024,0.15510718524456024
65,6.5,7.5,0.31933319568634033,0.31933319568634033
66,6.6,7.6,0.168426051735878,0.168426051735878
67,6.7,7.7,0.7762414216995239,0.7762414216995239
68,6.8,7.8,0.5755643248558044,0.5755643248558044
69,6.9,7.9,0.4493989646434784,0.4493989646434784
70,7.0,8.0,0.24681763350963593,0.24681763350963593
71,7.1,8.1,0.8198472261428833,0.8198472261428833
72,7.2,8.2,0.8896459937095642,0.8896459937095642
73,7.3,8.3,0.6582589149475098,0.6582589149475098
74,7.4,8.4,0.9169157147407532,0.9169157147407532
75,7.5,8.5,0.8900783061981201,0.8900783061981201
76,7.6,8.6,0.3484613299369812,0.3484613299369812
77,7.7,8.7,0.3543970286846161,0.3543970286846161
78,7.8,8.8,0.019915375858545303,0.019915375858545303
79,7.9,8.9,0.16675150394439697,0.16675150394439697
80,8.0,9.0,0.43100422620773315,0.43100422620773315
81,8.1,9.1,0.8013467788696289,0.8013467788696289
82,8.2,9.2,0.42054423689842224,0.42054423689842224
83,8.3,9.3,0.28995460271835327,0.28995460271835327
84,8.4,9.4,0.3974630832672119,0.3974630832672119
85,8.5,9.5,0.0625908300280571,0.0625908300280571
86,8.6,9.6,0.05523406341671944,0.05523406341671944
87,8.7,9.7,0.9175641536712646,0.9175641536712646
88,8.8,9.8,0.5830925107002258,0.5830925107002258
89,8.9,9.9,0.2861874997615814,0.2861874997615814
90,9.0,10.0,0.6149942874908447,0.6149942874908447
91,9.1,10.1,0.6909996271133423,0.6909996271133423
92,9.2,10.2,0.505545973777771,0.505545973777771
93,9.3,10.3,0.7588922381401062,0.7588922381401062
94,9.4,10.4,0.7796360850334167,0.7796360850334167
95,9.5,10.5,0.7893301844596863,0.7893301844596863
96,9.6,10.6,0.9695611596107483,0.9695611596107483
97,9.7,10.7,0.9850673675537109,0.9850673675537109
98,9.8,10.8,0.21243435144424438,0.21243435144424438
99,9.9,10.9,0.21248535811901093,0.21248535811901093
100,10.0,11.0,0.07048644125461578,0.07048644125461578
101,10.1,11.1,0.4548771381378174,0.4548771381378174
102,10.2,11.2,0.3817783296108246,0.3817783296108246
103,10.3,11.3,0.06766323000192642,0.06766323000192642
104,10.4,11.4,0.24390386044979095,0.24390386044979095
105,10.5,11.5,0.14721336960792542,0.14721336960792542
106,10.6,11.6,0.40757954120635986,0.40757954120635986
107,10.7,11.7,0.7520390748977661,0.7520390748977661
108,10.8,11.8,0.4983890950679779,0.4983890950679779
109,10.9,11.9,0.22785046696662903,0.22785046696662903
110,11.0,12.0,0.02685777097940445,0.02685777097940445
111,11.1,12.1,0.41406041383743286,0.41406041383743286
112,11.2,12.2,0.3500545024871826,0.3500545024871826
113,11.3,12.3,0.01231942605227232,0.01231942605227232
114,11.4,12.4,0.2590655982494354,0.2590655982494354
115,11.5,12.5,0.05040861666202545,0.05040861666202545
116,11.6,12.6,0.3682011663913727,0.3682011663913727
117,11.7,12.7,0.12054804712533951,0.12054804712533951
118,11.8,12.8,0.30852246284484863,0.30852246284484863
119,11.9,12.9,0.025106381624937057,0.025106381624937057
120,12.0,13.0,0.14748340845108032,0.14748340845108032
121,12.1,13.1,0.18223316967487335,0.18223316967487335
122,12.2,13.2,0.2470719814300537,0.2470719814300537
123,12.3,13.3,0.1281123161315918,0.1281123161315918
124,12.4,13.4,0.1711074560880661,0.1711074560880661
125,12.5,13.5,0.017239786684513092,0.017239786684513092
126,12.6,13.6,0.027974359691143036,0.027974359691143036
127,12.7,13.7,0.006760978139936924,0.006760978139936924
128,12.8,13.8,0.006580791436135769,0.006580791436135769
129,12.9,13.9,0.009478628635406494,0.009478628635406494
130,13.0,14.0,0.0052320100367069244,0.0052320100367069244
131,13.1,14.1,0.021564476191997528,0.021564476191997528
132,13.2,14.2,0.08791138976812363,0.08791138976812363
133,13.3,14.3,0.2801724374294281,0.2801724374294281
134,13.4,14.4,0.5360596179962158,0.5360596179962158
135,13.5,14.5,0.46285122632980347,0.46285122632980347
136,13.6,14.6,0.08680806308984756,0.08680806308984756
137,13.7,14.7,0.8724526762962341,0.8724526762962341
138,13.8,14.8,0.731594979763031,0.731594979763031
139,13.9,14.9,0.9628093242645264,0.9628093242645264
140,14.0,15.0,0.8863174319267273,0.8863174319267273
141,14.1,15.1,0.5633394718170166,0.5633394718170166
142,14.2,15.2,0.20863282680511475,0.20863282680511475
143,14.3,15.3,0.3106423616409302,0.3106423616409302
144,14.4,15.4,0.4424799680709839,0.4424799680709839
145,14.5,15.5,0.895229160785675,0.895229160785675
146,14.6,15.6,0.7232688069343567,0.7232688069343567
147,14.7,15.7,0.8236831426620483,0.8236831426620483
148,14.8,15.8,0.995520830154419,0.995520830154419
149,14.9,15.9,0.9994993209838867,0.9994993209838867
150,15.0,16.0,0.9962455630302429,0.9962455630302429
151,15.1,16.1,0.9978587031364441,0.9978587031364441
152,15.2,16.2,0.04534360021352768,0.04534360021352768
153,15.3,16.3,0.013393198139965534,0.013393198139965534
154,15.4,16.4,0.329337477684021,0.329337477684021
155,15.5,16.5,0.0025011671241372824,0.0025011671241372824
156,15.6,16.6,0.0019653760828077793,0.0019653760828077793
157,15.7,16.7,0.006809253245592117,0.006809253245592117
158,15.8,16.8,0.011972064152359962,0.011972064152359962
159,15.9,16.9,0.11000238358974457,0.11000238358974457
160,16.0,17.0,0.20080792903900146,0.20080792903900146
161,16.1,17.1,0.6624077558517456,0.6624077558517456
162,16.2,17.2,0.5814318060874939,0.5814318060874939
163,16.3,17.3,0.7525540590286255,0.7525540590286255
164,16.4,17.4,0.12396738678216934,0.12396738678216934
165,16.5,17.5,0.274734765291214,0.274734765291214
166,16.6,17.6,0.10536777973175049,0.10536777973175049
167,16.7,17.7,0.008442441932857037,0.008442441932857037
168,16.8,17.8,0.0038435368333011866,0.0038435368333011866
169,16.9,17.9,0.08422572910785675,0.08422572910785675
170,17.0,18.0,0.18267415463924408,0.18267415463924408
171,17.1,18.1,0.17158886790275574,0.17158886790275574
172,17.2,18.2,0.5322567224502563,0.5322567224502563
173,17.3,18.3,0.26101815700531006,0.26101815700531006
174,17.4,18.4,0.761321485042572,0.761321485042572
175,17.5,18.5,0.19769389927387238,0.19769389927387238
176,17.6,18.6,0.12639762461185455,0.12639762461185455
177,17.7,18.7,0.024902919307351112,0.024902919307351112
178,17.8,18.8,0.012461859732866287,0.012461859732866287
179,17.9,18.9,0.004383778665214777,0.004383778665214777
180,18.0,19.0,0.009829920716583729,0.009829920716583729
181,18.1,19.1,0.007797640282660723,0.007797640282660723
182,18.2,19.2,0.01767638698220253,0.01767638698220253
183,18.3,19.3,0.0038263879250735044,0.0038263879250735044
184,18.4,19.4,0.015929128974676132,0.015929128974676132
185,18.5,19.5,0.0016071009449660778,0.0016071009449660778
186,18.6,19.6,0.00017226133786607534,0.00017226133786607534
187,18.7,19.7,0.0002662473125383258,0.0002662473125383258
188,18.8,19.8,0.0007579026278108358,0.0007579026278108358
189,18.9,19.9,0.0005425724666565657,0.0005425724666565657
190,19.0,20.0,0.0003921419847756624,0.0003921419847756624
191,19.1,20.1,0.005628826562315226,0.005628826562315226
192,19.2,20.2,0.02615819312632084,0.02615819312632084
193,19.3,20.3,0.411103218793869,0.411103218793869
194,19.4,20.4,0.13944081962108612,0.13944081962108612
195,19.5,20.5,0.04574764147400856,0.04574764147400856
196,19.6,20.6,0.08026068657636642,0.08026068657636642
197,19.7,20.7,0.924153745174408,0.924153745174408
198,19.8,20.8,0.0774737000465393,0.0774737000465393
199,19.9,20.9,0.0034055488649755716,0.0034055488649755716
200,20.0,21.0,0.016769979149103165,0.016769979149103165
201,20.1,21.1,0.015458771027624607,0.015458771027624607
202,20.2,21.2,0.9558206796646118,0.9558206796646118
203,20.3,21.3,0.9659513235092163,0.9659513235092163
204,20.4,21.4,0.46898943185806274,0.46898943185806274
205,20.5,21.5,0.0218148622661829,0.0218148622661829
206,20.6,21.6,0.07432559132575989,0.07432559132575989
207,20.7,21.7,0.4858887493610382,0.4858887493610382
208,20.8,21.8,0.2876851260662079,0.2876851260662079
209,20.9,21.9,0.3503856658935547,0.3503856658935547
210,21.0,22.0,0.013104968704283237,0.013104968704283237
211,21.1,22.1,0.006653571501374245,0.006653571501374245
212,21.2,22.2,7.91431921243202e-06,7.91431921243202e-06
213,21.3,22.3,6.556103471666574e-05,6.556103471666574e-05
214,21.4,22.4,1.957126187335234e-05,1.957126187335234e-05
215,21.5,22.5,0.00167184101883322,0.00167184101883322
216,21.6,22.6,0.003996558021754026,0.003996558021754026
217,21.7,22.7,0.006026871502399445,0.006026871502399445
218,21.8,22.8,0.0003850690263789147,0.0003850690263789147
219,21.9,22.9,0.00870850682258606,0.00870850682258606
220,22.0,23.0,0.113144651055336,0.113144651055336
221,22.1,23.1,0.41053128242492676,0.41053128242492676
222,22.2,23.2,0.0050535257905721664,0.0050535257905721664
223,22.3,23.3,0.020816752687096596,0.020816752687096596
224,22.4,23.4,0.0030519277788698673,0.0030519277788698673
225,22.5,23.5,0.001986267976462841,0.001986267976462841
226,22.6,23.6,0.3403184115886688,0.3403184115886688
227,22.7,23.7,0.49855947494506836,0.49855947494506836
228,22.8,23.8,0.31602272391319275,0.31602272391319275
229,22.9,23.9,0.9844464659690857,0.9844464659690857
230,23.0,24.0,0.09008928388357162,0.09008928388357162
231,23.1,24.1,0.975934624671936,0.975934624671936
232,23.2,24.2,0.45983192324638367,0.45983192324638367
233,23.3,24.3,0.9162427186965942,0.9162427186965942
234,23.4,24.4,0.13193285465240479,0.13193285465240479
235,23.5,24.5,0.10244683176279068,0.10244683176279068
236,23.6,24.6,0.7221462726593018,0.7221462726593018
237,23.7,24.7,0.026264287531375885,0.026264287531375885
238,23.8,24.8,0.011758500710129738,0.011758500710129738
239,23.9,24.9,0.020673833787441254,0.020673833787441254
240,24.0,25.0,0.03204198554158211,0.03204198554158211
241,24.1,25.1,0.17034369707107544,0.17034369707107544
242,24.2,25.2,0.22197291254997253,0.22197291254997253
243,24.3,25.3,0.14489829540252686,0.14489829540252686
244,24.4,25.4,0.9904829263687134,0.9904829263687134
245,24.5,25.5,0.0882553681731224,0.0882553681731224
246,24.6,25.6,0.9971933960914612,0.9971933960914612
247,24.7,25.7,0.973005473613739,0.973005473613739
248,24.8,25.8,0.9482049345970154,0.9482049345970154
249,24.9,25.9,0.9924697279930115,0.9924697279930115
250,25.0,26.0,0.9951725602149963,0.9951725602149963
251,25.1,26.1,0.9779984951019287,0.9779984951019287
252,25.2,26.2,0.9574502110481262,0.9574502110481262
253,25.3,26.3,0.8237835764884949,0.8237835764884949
254,25.4,26.4,0.08020174503326416,0.08020174503326416
255,25.5,26.5,0.37264156341552734,0.37264156341552734
256,25.6,26.6,0.011508053168654442,0.011508053168654442
257,25.7,26.7,0.0341719426214695,0.0341719426214695
258,25.8,26.8,0.42689165472984314,0.42689165472984314
259,25.9,26.9,0.8028055429458618,0.8028055429458618
260,26.0,27.0,0.15722794830799103,0.15722794830799103
261,26.1,27.1,0.08427825570106506,0.08427825570106506
262,26.2,27.2,0.6534150242805481,0.6534150242805481
263,26.3,27.3,0.40648365020751953,0.40648365020751953
264,26.4,27.4,0.13967445492744446,0.13967445492744446
265,26.5,27.5,0.7474626898765564,0.7474626898765564
266,26.6,27.6,0.9963797926902771,0.9963797926902771
267,26.7,27.7,0.9898132681846619,0.9898132681846619
268,26.8,27.8,0.9912089109420776,0.9912089109420776
269,26.9,27.9,0.820246696472168,0.820246696472168
270,27.0,28.0,0.7546758055686951,0.7546758055686951
271,27.1,28.1,0.2744964361190796,0.2744964361190796
272,27.2,28.2,0.29743051528930664,0.29743051528930664
273,27.3,28.3,0.02050238847732544,0.02050238847732544
274,27.4,28.4,0.15376532077789307,0.15376532077789307
275,27.5,28.5,0.8917400240898132,0.8917400240898132
276,27.6,28.6,0.9127448201179504,0.9127448201179504
277,27.7,28.7,0.9919896721839905,0.9919896721839905
278,27.8,28.8,0.9699547290802002,0.9699547290802002
279,27.9,28.9,0.971885621547699,0.971885621547699
280,28.0,29.0,0.9915611147880554,0.9915611147880554
281,28.1,29.1,0.9924567937850952,0.9924567937850952
282,28.2,29.2,0.6720974445343018,0.6720974445343018
283,28.3,29.3,0.9734647870063782,0.9734647870063782
284,28.4,29.4,0.06265781819820404,0.06265781819820404
285,28.5,29.5,0.497783362865448,0.497783362865448
286,28.6,29.6,0.5796405076980591,0.5796405076980591
287,28.7,29.7,0.9801124334335327,0.9801124334335327
288,28.8,29.8,0.026142287999391556,0.026142287999391556
289,28.9,29.9,0.34412333369255066,0.34412333369255066
290,29.0,30.0,0.9320163130760193,0.9320163130760193
291,29.1,30.1,0.9179417490959167,0.9179417490959167
292,29.2,30.2,0.10264737904071808,0.10264737904071808
293,29.3,30.3,0.12395516037940979,0.12395516037940979
294,29.4,30.4,0.024062298238277435,0.024062298238277435
295,29.5,30.5,0.01242988184094429,0.01242988184094429
296,29.6,30.6,0.0802847295999527,0.0802847295999527
297,29.7,30.7,0.014810767024755478,0.014810767024755478
298,29.8,30.8,0.7765389084815979,0.7765389084815979
299,29.9,30.9,0.1845388114452362,0.1845388114452362
300,30.0,31.0,0.0034827999770641327,0.0034827999770641327
301,30.1,31.1,0.006294785998761654,0.006294785998761654
302,30.2,31.2,0.036974601447582245,0.036974601447582245
303,30.3,31.3,0.2593635618686676,0.2593635618686676
304,30.4,31.4,0.8555042743682861,0.8555042743682861
305,30.5,31.5,0.0578102245926857,0.0578102245926857
306,30.6,31.6,0.03784907981753349,0.03784907981753349
307,30.7,31.7,0.027587125077843666,0.027587125077843666
308,30.8,31.8,0.1208055391907692,0.1208055391907692
309,30.9,31.9,0.10047168284654617,0.10047168284654617
310,31.0,32.0,0.28396859765052795,0.28396859765052795
311,31.1,32.1,0.0888676568865776,0.0888676568865776
312,31.2,32.2,0.2787550389766693,0.2787550389766693
313,31.3,32.3,0.24935491383075714,0.24935491383075714
314,31.4,32.4,0.8703488707542419,0.8703488707542419
315,31.5,32.5,0.18484416604042053,0.18484416604042053
316,31.6,32.6,0.7471694350242615,0.7471694350242615
317,31.7,32.7,0.8080618977546692,0.8080618977546692
318,31.8,32.8,0.6651251912117004,0.6651251912117004
319,31.9,32.9,0.16095994412899017,0.16095994412899017
320,32.0,33.0,0.9403520822525024,0.9403520822525024
321,32.1,33.1,0.9369227886199951,0.9369227886199951
322,32.2,33.2,0.3727879524230957,0.3727879524230957
323,32.3,33.3,0.5170658230781555,0.5170658230781555
324,32.4,33.4,0.01809408888220787,0.01809408888220787
325,32.5,33.5,0.3681776821613312,0.3681776821613312
326,32.6,33.6,0.8499062061309814,0.8499062061309814
327,32.7,33.7,0.5867937207221985,0.5867937207221985
328,32.8,33.8,0.8689616322517395,0.8689616322517395
329,32.9,33.9,0.8637821078300476,0.8637821078300476
330,33.0,34.0,0.10136443376541138,0.10136443376541138
331,33.1,34.1,0.15250013768672943,0.15250013768672943
332,33.2,34.2,0.9582849740982056,0.9582849740982056
333,33.3,34.3,0.5713105201721191,0.5713105201721191
334,33.4,34.4,0.5920891761779785,0.5920891761779785
335,33.5,34.5,0.10320733487606049,0.10320733487606049
336,33.6,34.6,0.03901064768433571,0.03901064768433571
337,33.7,34.7,0.03225145488977432,0.03225145488977432
338,33.8,34.8,0.17332231998443604,0.17332231998443604
339,33.9,34.9,0.06553520262241364,0.06553520262241364
340,34.0,35.0,0.010447658598423004,0.010447658598423004
341,34.1,35.1,0.0103607764467597,0.0103607764467597
342,34.2,35.2,0.8443060517311096,0.8443060517311096
343,34.3,35.3,0.06323586404323578,0.06323586404323578
344,34.4,35.4,0.06280093640089035,0.06280093640089035
345,34.5,35.5,0.44226011633872986,0.44226011633872986
346,34.6,35.6,0.6620771884918213,0.6620771884918213
347,34.7,35.7,0.14765463769435883,0.14765463769435883
348,34.8,35.8,0.395780086517334,0.395780086517334
349,34.9,35.9,0.003312845714390278,0.003312845714390278
350,35.0,36.0,0.22850582003593445,0.22850582003593445
351,35.1,36.1,0.054389581084251404,0.054389581084251404
352,35.2,36.2,0.3236723244190216,0.3236723244190216
353,35.3,36.3,0.8954126238822937,0.8954126238822937
354,35.4,36.4,0.34499049186706543,0.34499049186706543
355,35.5,36.5,0.016046809032559395,0.016046809032559395
356,35.6,36.6,0.21565015614032745,0.21565015614032745
357,35.7,36.7,0.036284398287534714,0.036284398287534714
358,35.8,36.8,0.01182284951210022,0.01182284951210022
359,35.9,36.9,0.01077862735837698,0.01077862735837698
360,36.0,37.0,0.2712477743625641,0.2712477743625641
361,36.1,37.1,0.050046127289533615,0.050046127289533615
362,36.2,37.2,0.03361101076006889,0.03361101076006889
363,36.3,37.3,0.042834218591451645,0.042834218591451645
364,36.4,37.4,0.6827300190925598,0.6827300190925598
365,36.5,37.5,0.9758712649345398,0.9758712649345398
366,36.6,37.6,0.9980462789535522,0.9980462789535522
367,36.7,37.7,0.9992727637290955,0.9992727637290955
368,36.8,37.8,0.9984205961227417,0.9984205961227417
369,36.9,37.9,0.9958433508872986,0.9958433508872986
370,37.0,38.0,0.996840238571167,0.996840238571167
371,37.1,38.1,0.9796492457389832,0.9796492457389832
372,37.2,38.2,0.9945926070213318,0.9945926070213318
373,37.3,38.3,0.9678975343704224,0.9678975343704224
374,37.4,38.4,0.9928694367408752,0.9928694367408752
375,37.5,38.5,0.9106339812278748,0.9106339812278748
376,37.6,38.6,0.058193791657686234,0.058193791657686234
377,37.7,38.7,0.7658564448356628,0.7658564448356628
378,37.8,38.8,0.5914775729179382,0.5914775729179382
379,37.9,38.9,0.8916068077087402,0.8916068077087402
380,38.0,39.0,0.35947951674461365,0.35947951674461365
381,38.1,39.1,0.10367318242788315,0.10367318242788315
382,38.2,39.2,0.1691056787967682,0.1691056787967682
383,38.3,39.3,0.6059476137161255,0.6059476137161255
384,38.4,39.4,0.5500941276550293,0.5500941276550293
385,38.5,39.5,0.31780806183815,0.31780806183815
386,38.6,39.6,0.8152426481246948,0.8152426481246948
387,38.7,39.7,0.8391003012657166,0.8391003012657166
388,38.8,39.8,0.9665212631225586,0.9665212631225586
389,38.9,39.9,0.9047033786773682,0.9047033786773682
390,39.0,40.0,0.6976081132888794,0.6976081132888794
391,39.1,40.1,0.9846886396408081,0.9846886396408081
392,39.2,40.2,0.3919835686683655,0.3919835686683655
393,39.3,40.3,0.8448941707611084,0.8448941707611084
394,39.4,40.4,0.9713241457939148,0.9713241457939148
395,39.5,40.5,0.5785146355628967,0.5785146355628967
396,39.6,40.6,0.9337136745452881,0.9337136745452881
397,39.7,40.7,0.8166289925575256,0.8166289925575256
398,39.8,40.8,0.018721064552664757,0.018721064552664757
399,39.9,40.9,0.05514933541417122,0.05514933541417122
400,40.0,41.0,0.009004424326121807,0.009004424326121807
401,40.1,41.1,0.06847137212753296,0.06847137212753296
402,40.2,41.2,0.004933341406285763,0.004933341406285763
403,40.3,41.3,0.13175596296787262,0.13175596296787262
404,40.4,41.4,0.002691339235752821,0.002691339235752821
405,40.5,41.5,0.08926815539598465,0.08926815539598465
406,40.6,41.6,0.24130555987358093,0.24130555987358093
407,40.7,41.7,0.024834729731082916,0.024834729731082916
408,40.8,41.8,0.009561521001160145,0.009561521001160145
409,40.9,41.9,0.02245822735130787,0.02245822735130787
410,41.0,42.0,0.6057377457618713,0.6057377457618713
411,41.1,42.1,0.6462817788124084,0.6462817788124084
412,41.2,42.2,0.1945016086101532,0.1945016086101532
413,41.3,42.3,0.5234315991401672,0.5234315991401672
414,41.4,42.4,0.5084113478660583,0.5084113478660583
415,41.5,42.5,0.018523989245295525,0.018523989245295525
416,41.6,42.6,0.034117937088012695,0.034117937088012695
417,41.7,42.7,0.020626647397875786,0.020626647397875786
418,41.8,42.8,0.02383013628423214,0.02383013628423214
419,41.9,42.9,0.32550856471061707,0.32550856471061707
420,42.0,43.0,0.07072465866804123,0.07072465866804123
421,42.1,43.1,0.03908504545688629,0.03908504545688629
422,42.2,43.2,0.006616204511374235,0.006616204511374235
423,42.3,43.3,0.017418768256902695,0.017418768256902695
424,42.4,43.4,0.06526875495910645,0.06526875495910645
425,42.5,43.5,0.09813809394836426,0.09813809394836426
426,42.6,43.6,0.9970922470092773,0.9970922470092773
427,42.7,43.7,0.15475820004940033,0.15475820004940033
428,42.8,43.8,0.1879333108663559,0.1879333108663559
429,42.9,43.9,0.9992311000823975,0.9992311000823975
430,43.0,44.0,0.9995740056037903,0.9995740056037903
431,43.1,44.1,0.9998632669448853,0.9998632669448853
432,43.2,44.2,0.9977476000785828,0.9977476000785828
433,43.3,44.3,0.5305981040000916,0.5305981040000916
434,43.4,44.4,0.8664044141769409,0.8664044141769409
435,43.5,44.5,0.14986535906791687,0.14986535906791687
436,43.6,44.6,0.963197648525238,0.963197648525238
437,43.7,44.7,0.8945613503456116,0.8945613503456116
438,43.8,44.8,0.352934330701828,0.352934330701828
439,43.9,44.9,0.04060380905866623,0.04060380905866623
440,44.0,45.0,0.4459545314311981,0.4459545314311981
441,44.1,45.1,0.5136040449142456,0.5136040449142456
442,44.2,45.2,0.5509563684463501,0.5509563684463501
443,44.3,45.3,0.2873011827468872,0.2873011827468872
444,44.4,45.4,0.46806204319000244,0.46806204319000244
445,44.5,45.5,0.6106553673744202,0.6106553673744202
446,44.6,45.6,0.6581381559371948,0.6581381559371948
447,44.7,45.7,0.9630241990089417,0.9630241990089417
448,44.8,45.8,0.4770732820034027,0.4770732820034027
449,44.9,45.9,0.3554408550262451,0.3554408550262451
450,45.0,46.0,0.12760140001773834,0.12760140001773834
451,45.1,46.1,0.761989176273346,0.761989176273346
452,45.2,46.2,0.7843120098114014,0.7843120098114014
453,45.3,46.3,0.3347717821598053,0.3347717821598053
454,45.4,46.4,0.44643136858940125,0.44643136858940125
455,45.5,46.5,0.02171493135392666,0.02171493135392666
456,45.6,46.6,0.14836476743221283,0.14836476743221283
457,45.7,46.7,0.6871602535247803,0.6871602535247803
458,45.8,46.8,0.908094584941864,0.908094584941864
459,45.9,46.9,0.09795651584863663,0.09795651584863663
460,46.0,47.0,0.6215513944625854,0.6215513944625854
461,46.1,47.1,0.7735013365745544,0.7735013365745544
462,46.2,47.2,0.9244377613067627,0.9244377613067627
463,46.3,47.3,0.8770129680633545,0.8770129680633545
464,46.4,47.4,0.738427996635437,0.738427996635437
465,46.5,47.5,0.9120476245880127,0.9120476245880127
466,46.6,47.6,0.7661504149436951,0.7661504149436951
467,46.7,47.7,0.9274666905403137,0.9274666905403137
468,46.8,47.8,0.9497165679931641,0.9497165679931641
469,46.9,47.9,0.4694904685020447,0.4694904685020447
470,47.0,48.0,0.2583507299423218,0.2583507299423218
471,47.1,48.1,0.19465488195419312,0.19465488195419312
472,47.2,48.2,0.059539299458265305,0.059539299458265305
473,47.3,48.3,0.6397915482521057,0.6397915482521057
474,47.4,48.4,0.050832442939281464,0.050832442939281464
475,47.5,48.5,0.020667636767029762,0.020667636767029762
476,47.6,48.6,0.006402350030839443,0.006402350030839443
477,47.7,48.7,0.020395897328853607,0.020395897328853607
478,47.8,48.8,0.08179977536201477,0.08179977536201477
479,47.9,48.9,0.022808386012911797,0.022808386012911797
480,48.0,49.0,0.00919478852301836,0.00919478852301836
481,48.1,49.1,0.2664531171321869,0.2664531171321869
482,48.2,49.2,0.8484164476394653,0.8484164476394653
483,48.3,49.3,0.8583629131317139,0.8583629131317139
484,48.4,49.4,0.03866488113999367,0.03866488113999367
485,48.5,49.5,0.907922089099884,0.907922089099884
486,48.6,49.6,0.1240944117307663,0.1240944117307663
487,48.7,49.7,0.01471693068742752,0.01471693068742752
488,48.8,49.8,0.0874972864985466,0.0874972864985466
489,48.9,49.9,0.028210941702127457,0.028210941702127457
490,49.0,50.0,0.01672823168337345,0.01672823168337345
491,49.1,50.1,0.05900685116648674,0.05900685116648674
492,49.2,50.2,0.019376249983906746,0.019376249983906746
493,49.3,50.3,0.018822604790329933,0.018822604790329933
494,49.4,50.4,0.029729990288615227,0.029729990288615227
495,49.5,50.5,0.02994660846889019,0.02994660846889019
496,49.6,50.6,0.041992709040641785,0.041992709040641785
497,49.7,50.7,0.18353058397769928,0.18353058397769928
498,49.8,50.8,0.02053729072213173,0.02053729072213173
499,49.9,50.9,0.05585074797272682,0.05585074797272682
500,50.0,51.0,0.5746809840202332,0.5746809840202332
501,50.1,51.1,0.27192866802215576,0.27192866802215576
502,50.2,51.2,0.13677994906902313,0.13677994906902313
503,50.3,51.3,0.33022964000701904,0.33022964000701904
504,50.4,51.4,0.09507182240486145,0.09507182240486145
505,50.5,51.5,0.11453934013843536,0.11453934013843536
506,50.6,51.6,0.2475496381521225,0.2475496381521225
507,50.7,51.7,0.46738865971565247,0.46738865971565247
508,50.8,51.8,0.8902865052223206,0.8902865052223206
509,50.9,51.9,0.5569610595703125,0.5569610595703125
510,51.0,52.0,0.004199277609586716,0.004199277609586716
511,51.1,52.1,0.0010785141494125128,0.0010785141494125128
512,51.2,52.2,0.0004747452330775559,0.0004747452330775559
513,51.3,52.3,0.0003497610450722277,0.0003497610450722277
514,51.4,52.4,0.027545006945729256,0.027545006945729256
515,51.5,52.5,0.0174427293241024,0.0174427293241024
516,51.6,52.6,0.003751754527911544,0.003751754527911544
517,51.7,52.7,0.02497858926653862,0.02497858926653862
518,51.8,52.8,0.08538620173931122,0.08538620173931122
519,51.9,52.9,0.058230336755514145,0.058230336755514145
520,52.0,53.0,0.6359833478927612,0.6359833478927612
521,52.1,53.1,0.23186062276363373,0.23186062276363373
522,52.2,53.2,0.05401189252734184,0.05401189252734184
523,52.3,53.3,0.05526668205857277,0.05526668205857277
524,52.4,53.4,0.5705530047416687,0.5705530047416687
525,52.5,53.5,0.7025755047798157,0.7025755047798157
526,52.6,53.6,0.8355911374092102,0.8355911374092102
527,52.7,53.7,0.5139381885528564,0.5139381885528564
528,52.8,53.8,0.8938590288162231,0.8938590288162231
529,52.9,53.9,0.5548619031906128,0.5548619031906128
530,53.0,54.0,0.7665873169898987,0.7665873169898987
531,53.1,54.1,0.9945865869522095,0.9945865869522095
532,53.2,54.2,0.9977211356163025,0.9977211356163025
533,53.3,54.3,0.9687641263008118,0.9687641263008118
534,53.4,54.4,0.9930745363235474,0.9930745363235474
535,53.5,54.5,0.8449207544326782,0.8449207544326782
536,53.6,54.6,0.0026277457363903522,0.0026277457363903522
537,53.7,54.7,0.01992747001349926,0.01992747001349926
538,53.8,54.8,0.0005588532076217234,0.0005588532076217234
539,53.9,54.9,0.003230735193938017,0.003230735193938017
540,54.0,55.0,0.028206638991832733,0.028206638991832733
541,54.1,55.1,0.012415679171681404,0.012415679171681404
542,54.2,55.2,0.09454037994146347,0.09454037994146347
543,54.3,55.3,0.2806735336780548,0.2806735336780548
544,54.4,55.4,0.14058475196361542,0.14058475196361542
545,54.5,55.5,0.04137776046991348,0.04137776046991348
546,54.6,55.6,0.0704694613814354,0.0704694613814354
547,54.7,55.7,0.12585963308811188,0.12585963308811188
548,54.8,55.8,0.02191043458878994,0.02191043458878994
549,54.9,55.9,0.042079366743564606,0.042079366743564606
550,55.0,56.0,0.3951755464076996,0.3951755464076996
551,55.1,56.1,0.0860348492860794,0.0860348492860794
552,55.2,56.2,0.017374899238348007,0.017374899238348007
553,55.3,56.3,0.16413789987564087,0.16413789987564087
554,55.4,56.4,0.2859070301055908,0.2859070301055908
555,55.5,56.5,0.08733783662319183,0.08733783662319183
556,55.6,56.6,0.30314403772354126,0.30314403772354126
557,55.7,56.7,0.5426134467124939,0.5426134467124939
558,55.8,56.8,0.053111523389816284,0.053111523389816284
559,55.9,56.9,0.09323594719171524,0.09323594719171524
560,56.0,57.0,0.02905518189072609,0.02905518189072609
561,56.1,57.1,0.21890287101268768,0.21890287101268768
562,56.2,57.2,0.4235480725765228,0.4235480725765228
563,56.3,57.3,0.04022464528679848,0.04022464528679848
564,56.4,57.4,0.12814919650554657,0.12814919650554657
565,56.5,57.5,0.9658763408660889,0.9658763408660889
566,56.6,57.6,0.9837797284126282,0.9837797284126282
567,56.7,57.7,0.9927305579185486,0.9927305579185486
568,56.8,57.8,0.9765934944152832,0.9765934944152832
569,56.9,57.9,0.4221876859664917,0.4221876859664917
570,57.0,58.0,0.9242095351219177,0.9242095351219177
571,57.1,58.1,0.8165762424468994,0.8165762424468994
572,57.2,58.2,0.9741783738136292,0.9741783738136292
573,57.3,58.3,0.4185046851634979,0.4185046851634979
574,57.4,58.4,0.6199408173561096,0.6199408173561096
575,57.5,58.5,0.04439705237746239,0.04439705237746239
576,57.6,58.6,0.08421323448419571,0.08421323448419571
577,57.7,58.7,0.029631134122610092,0.029631134122610092
578,57.8,58.8,0.027702316641807556,0.027702316641807556
579,57.9,58.9,0.21781277656555176,0.21781277656555176
580,58.0,59.0,0.23875774443149567,0.23875774443149567
581,58.1,59.1,0.3244510591030121,0.3244510591030121
582,58.2,59.2,0.500745952129364,0.500745952129364
583,58.3,59.3,0.9218239188194275,0.9218239188194275
584,58.4,59.4,0.4952496886253357,0.4952496886253357
585,58.5,59.5,0.6618335843086243,0.6618335843086243
586,58.6,59.6,0.03904620185494423,0.03904620185494423
587,58.7,59.7,0.026008330285549164,0.026008330285549164
588,58.8,59.8,0.0015478264540433884,0.0015478264540433884
589,58.9,59.9,0.015742359682917595,0.015742359682917595
590,59.0,60.0,0.0050623733550310135,0.0050623733550310135
591,59.1,60.1,0.0026699774898588657,0.0026699774898588657
592,59.2,60.2,0.000205789488973096,0.000205789488973096
593,59.3,60.3,0.001844429993070662,0.001844429993070662
594,59.4,60.4,0.005202737171202898,0.005202737171202898
595,59.5,60.5,0.008963062427937984,0.008963062427937984
596,59.6,60.6,0.5055530667304993,0.5055530667304993
597,59.7,60.7,0.7959284782409668,0.7959284782409668
598,59.8,60.8,0.17557555437088013,0.17557555437088013
599,59.9,60.9,0.982767641544342,0.982767641544342
600,60.0,61.0,0.9924622774124146,0.9924622774124146
601,60.1,61.1,0.9605841040611267,0.9605841040611267
602,60.2,61.2,0.9657846093177795,0.9657846093177795
603,60.3,61.3,0.20211584866046906,0.20211584866046906
604,60.4,61.4,0.8623868823051453,0.8623868823051453
605,60.5,61.5,0.7096706628799438,0.7096706628799438
606,60.6,61.6,0.526721179485321,0.526721179485321
607,60.7,61.7,0.2527366578578949,0.2527366578578949
608,60.8,61.8,0.024993401020765305,0.024993401020765305
609,60.9,61.9,0.023313140496611595,0.023313140496611595
610,61.0,62.0,0.054077375680208206,0.054077375680208206
611,61.1,62.1,0.5278821587562561,0.5278821587562561
612,61.2,62.2,0.18741096556186676,0.18741096556186676
613,61.3,62.3,0.9163109064102173,0.9163109064102173
614,61.4,62.4,0.9684279561042786,0.9684279561042786
615,61.5,62.5,0.11617724597454071,0.11617724597454071
616,61.6,62.6,0.3696470260620117,0.3696470260620117
617,61.7,62.7,0.3448939025402069,0.3448939025402069
618,61.8,62.8,0.12731416523456573,0.12731416523456573
619,61.9,62.9,0.2368495762348175,0.2368495762348175
620,62.0,63.0,0.049251239746809006,0.049251239746809006
621,62.1,63.1,0.15704621374607086,0.15704621374607086
622,62.2,63.2,0.15410444140434265,0.15410444140434265
623,62.3,63.3,0.2129179686307907,0.2129179686307907
624,62.4,63.4,0.02174256555736065,0.02174256555736065
625,62.5,63.5,0.07849352061748505,0.07849352061748505
626,62.6,63.6,0.16766615211963654,0.16766615211963654
627,62.7,63.7,0.2998862564563751,0.2998862564563751
628,62.8,63.8,0.6647403836250305,0.6647403836250305
629,62.9,63.9,0.9092614650726318,0.9092614650726318
630,63.0,64.0,0.10707349330186844,0.10707349330186844
631,63.1,64.1,0.5136566758155823,0.5136566758155823
632,63.2,64.2,0.2926434874534607,0.2926434874534607
633,63.3,64.3,0.49313750863075256,0.49313750863075256
634,63.4,64.4,0.8246426582336426,0.8246426582336426
635,63.5,64.5,0.7755647897720337,0.7755647897720337
636,63.6,64.6,0.735602855682373,0.735602855682373
637,63.7,64.7,0.9965478777885437,0.9965478777885437
638,63.8,64.8,0.9786399602890015,0.9786399602890015
639,63.9,64.9,0.6841921210289001,0.6841921210289001
640,64.0,65.0,0.7496477961540222,0.7496477961540222
641,64.1,65.1,0.551253080368042,0.551253080368042
642,64.2,65.2,0.5190534591674805,0.5190534591674805
643,64.3,65.3,0.10425032675266266,0.10425032675266266
644,64.4,65.4,0.20054790377616882,0.20054790377616882
645,64.5,65.5,0.4628168046474457,0.4628168046474457
646,64.6,65.6,0.28297698497772217,0.28297698497772217
647,64.7,65.7,0.8163616061210632,0.8163616061210632
648,64.8,65.8,0.8654627799987793,0.8654627799987793
649,64.9,65.9,0.636772096157074,0.636772096157074
650,65.0,66.0,0.42209392786026,0.42209392786026
651,65.1,66.1,0.7822107672691345,0.7822107672691345
652,65.2,66.2,0.5674538612365723,0.5674538612365723
653,65.3,66.3,0.8924888372421265,0.8924888372421265
654,65.4,66.4,0.9312863349914551,0.9312863349914551
655,65.5,66.5,0.9928687214851379,0.9928687214851379
656,65.6,66.6,0.973757803440094,0.973757803440094
657,65.7,66.7,0.13707414269447327,0.13707414269447327
658,65.8,66.8,0.184198796749115,0.184198796749115
659,65.9,66.9,0.9755468964576721,0.9755468964576721
660,66.0,67.0,0.7282551527023315,0.7282551527023315
661,66.1,67.1,0.9194189310073853,0.9194189310073853
662,66.2,67.2,0.04509665444493294,0.04509665444493294
663,66.3,67.3,0.01202427688986063,0.01202427688986063
664,66.4,67.4,0.03147974610328674,0.03147974610328674
665,66.5,67.5,0.05140570178627968,0.05140570178627968
666,66.6,67.6,0.03902198374271393,0.03902198374271393
667,66.7,67.7,0.03378133475780487,0.03378133475780487
668,66.8,67.8,0.07247615605592728,0.07247615605592728
669,66.9,67.9,0.03399532288312912,0.03399532288312912
670,67.0,68.0,0.034541983157396317,0.034541983157396317
671,67.1,68.1,0.9922905564308167,0.9922905564308167
672,67.2,68.2,0.17641675472259521,0.17641675472259521
673,67.3,68.3,0.3731782138347626,0.3731782138347626
674,67.4,68.4,0.41488754749298096,0.41488754749298096
675,67.5,68.5,0.6626312136650085,0.6626312136650085
676,67.6,68.6,0.2920878827571869,0.2920878827571869
677,67.7,68.7,0.6198140382766724,0.6198140382766724
678,67.8,68.8,0.691909670829773,0.691909670829773
679,67.9,68.9,0.9972867965698242,0.9972867965698242
680,68.0,69.0,0.998573899269104,0.998573899269104
681,68.1,69.1,0.9985920786857605,0.9985920786857605
682,68.2,69.2,0.9948247671127319,0.9948247671127319
683,68.3,69.3,0.9965769648551941,0.9965769648551941
684,68.4,69.4,0.9927898049354553,0.9927898049354553
685,68.5,69.5,0.9967394471168518,0.9967394471168518
686,68.6,69.6,0.979436457157135,0.979436457157135
687,68.7,69.7,0.9874998927116394,0.9874998927116394
688,68.8,69.8,0.9756254553794861,0.9756254553794861
689,68.9,69.9,0.755966067314148,0.755966067314148
690,69.0,70.0,0.6826250553131104,0.6826250553131104
691,69.1,70.1,0.1695491075515747,0.1695491075515747
692,69.2,70.2,0.11569502204656601,0.11569502204656601
693,69.3,70.3,0.03344029188156128,0.03344029188156128
694,69.4,70.4,0.09978219866752625,0.09978219866752625
695,69.5,70.5,0.19364012777805328,0.19364012777805328
696,69.6,70.6,0.14972862601280212,0.14972862601280212
697,69.7,70.7,0.03443111106753349,0.03443111106753349
698,69.8,70.8,0.004851637873798609,0.004851637873798609
699,69.9,70.9,0.05240017548203468,0.05240017548203468
700,70.0,71.0,0.02766004018485546,0.02766004018485546
701,70.1,71.1,0.019279129803180695,0.019279129803180695
702,70.2,71.2,0.02338515967130661,0.02338515967130661
703,70.3,71.3,0.010632884688675404,0.010632884688675404
704,70.4,71.4,0.9405661225318909,0.9405661225318909
705,70.5,71.5,0.8053117394447327,0.8053117394447327
706,70.6,71.6,0.7120441198348999,0.7120441198348999
707,70.7,71.7,0.9848123788833618,0.9848123788833618
708,70.8,71.8,0.5469384789466858,0.5469384789466858
709,70.9,71.9,0.3575161397457123,0.3575161397457123
710,71.0,72.0,0.5489088892936707,0.5489088892936707
711,71.1,72.1,0.2920776903629303,0.2920776903629303
712,71.2,72.2,0.09535958617925644,0.09535958617925644
713,71.3,72.3,0.10784249752759933,0.10784249752759933
714,71.4,72.4,0.7324476838111877,0.7324476838111877
715,71.5,72.5,0.5046835541725159,0.5046835541725159
716,71.6,72.6,0.5046328902244568,0.5046328902244568
717,71.7,72.7,0.21047310531139374,0.21047310531139374
718,71.8,72.8,0.618250846862793,0.618250846862793
719,71.9,72.9,0.1832319051027298,0.1832319051027298
720,72.0,73.0,0.2223443239927292,0.2223443239927292
721,72.1,73.1,0.6820856332778931,0.6820856332778931
722,72.2,73.2,0.524601936340332,0.524601936340332
723,72.3,73.3,0.19984455406665802,0.19984455406665802
724,72.4,73.4,0.12424897402524948,0.12424897402524948
725,72.5,73.5,0.01424044743180275,0.01424044743180275
726,72.6,73.6,0.03994935750961304,0.03994935750961304
727,72.7,73.7,0.03649118170142174,0.03649118170142174
728,72.8,73.8,0.03474951535463333,0.03474951535463333
729,72.9,73.9,0.037626106292009354,0.037626106292009354
730,73.0,74.0,0.04038146510720253,0.04038146510720253
731,73.1,74.1,0.39138302206993103,0.39138302206993103
732,73.2,74.2,0.5232828259468079,0.5232828259468079
733,73.3,74.3,0.39056187868118286,0.39056187868118286
734,73.4,74.4,0.31420060992240906,0.31420060992240906
735,73.5,74.5,0.25952014327049255,0.25952014327049255
736,73.6,74.6,0.9001647233963013,0.9001647233963013
737,73.7,74.7,0.29026156663894653,0.29026156663894653
738,73.8,74.8,0.6983495354652405,0.6983495354652405
739,73.9,74.9,0.5829834342002869,0.5829834342002869
740,74.0,75.0,0.5634105205535889,0.5634105205535889
741,74.1,75.1,0.831940233707428,0.831940233707428
742,74.2,75.2,0.1931162029504776,0.1931162029504776
743,74.3,75.3,0.03361854329705238,0.03361854329705238
744,74.4,75.4,0.5708558559417725,0.5708558559417725
745,74.5,75.5,0.09876050055027008,0.09876050055027008
746,74.6,75.6,0.27945658564567566,0.27945658564567566
747,74.7,75.7,0.3892621695995331,0.3892621695995331
748,74.8,75.8,0.15291869640350342,0.15291869640350342
749,74.9,75.9,0.2414240539073944,0.2414240539073944
750,75.0,76.0,0.3491610288619995,0.3491610288619995
751,75.1,76.1,0.24881817400455475,0.24881817400455475
752,75.2,76.2,0.11137613654136658,0.11137613654136658
753,75.3,76.3,0.025996679440140724,0.025996679440140724
754,75.4,76.4,0.11398695409297943,0.11398695409297943
755,75.5,76.5,0.02173069305717945,0.02173069305717945
756,75.6,76.6,0.0707755833864212,0.0707755833864212
757,75.7,76.7,0.04845733568072319,0.04845733568072319
758,75.8,76.8,0.09331879019737244,0.09331879019737244
759,75.9,76.9,0.085636667907238,0.085636667907238
760,76.0,77.0,0.04365380108356476,0.04365380108356476
761,76.1,77.1,0.22289925813674927,0.22289925813674927
762,76.2,77.2,0.3372116684913635,0.3372116684913635
763,76.3,77.3,0.9561675190925598,0.9561675190925598
764,76.4,77.4,0.5454283952713013,0.5454283952713013
765,76.5,77.5,0.9430562853813171,0.9430562853813171
766,76.6,77.6,0.7496743202209473,0.7496743202209473
767,76.7,77.7,0.29800713062286377,0.29800713062286377
768,76.8,77.8,0.6769669651985168,0.6769669651985168
769,76.9,77.9,0.5110795497894287,0.5110795497894287
770,77.0,78.0,0.5268204808235168,0.5268204808235168
771,77.1,78.1,0.8944120407104492,0.8944120407104492
772,77.2,78.2,0.9991655349731445,0.9991655349731445
773,77.3,78.3,0.9746028184890747,0.9746028184890747
774,77.4,78.4,0.9982036352157593,0.9982036352157593
775,77.5,78.5,0.9967737793922424,0.9967737793922424
776,77.6,78.6,0.9795404672622681,0.9795404672622681
777,77.7,78.7,0.9917972087860107,0.9917972087860107
778,77.8,78.8,0.9217491149902344,0.9217491149902344
779,77.9,78.9,0.6923523545265198,0.6923523545265198
780,78.0,79.0,0.4752839207649231,0.4752839207649231
781,78.1,79.1,0.3989931643009186,0.3989931643009186
782,78.2,79.2,0.46580496430397034,0.46580496430397034
783,78.3,79.3,0.3476150333881378,0.3476150333881378
784,78.4,79.4,0.058330703526735306,0.058330703526735306
785,78.5,79.5,0.44498318433761597,0.44498318433761597
786,78.6,79.6,0.8613853454589844,0.8613853454589844
787,78.7,79.7,0.8856406211853027,0.8856406211853027
788,78.8,79.8,0.6262883543968201,0.6262883543968201
789,78.9,79.9,0.016439521685242653,0.016439521685242653
790,79.0,80.0,0.8201674818992615,0.8201674818992615
791,79.1,80.1,0.618697464466095,0.618697464466095
792,79.2,80.2,0.13160844147205353,0.13160844147205353
793,79.3,80.3,0.27708250284194946,0.27708250284194946
794,79.4,80.4,0.4223784804344177,0.4223784804344177
795,79.5,80.5,0.48138365149497986,0.48138365149497986
796,79.6,80.6,0.3506641089916229,0.3506641089916229
797,79.7,80.7,0.17527803778648376,0.17527803778648376
798,79.8,80.8,0.5872769951820374,0.5872769951820374
799,79.9,80.9,0.7218489646911621,0.7218489646911621
800,80.0,81.0,0.9018164277076721,0.9018164277076721
801,80.1,81.1,0.48975852131843567,0.48975852131843567
802,80.2,81.2,0.4727092385292053,0.4727092385292053
803,80.3,81.3,0.23892544209957123,0.23892544209957123
804,80.4,81.4,0.20491096377372742,0.20491096377372742
805,80.5,81.5,0.3986535966396332,0.3986535966396332
806,80.6,81.6,0.7591302990913391,0.7591302990913391
807,80.7,81.7,0.15525101125240326,0.15525101125240326
808,80.8,81.8,0.03891243785619736,0.03891243785619736
809,80.9,81.9,0.00685707526281476,0.00685707526281476
810,81.0,82.0,0.008341148495674133,0.008341148495674133
811,81.1,82.1,0.07761989533901215,0.07761989533901215
812,81.2,82.2,0.05815313756465912,0.05815313756465912
813,81.3,82.3,0.04748103395104408,0.04748103395104408
814,81.4,82.4,0.21814440190792084,0.21814440190792084
815,81.5,82.5,0.5238403677940369,0.5238403677940369
816,81.6,82.6,0.37684980034828186,0.37684980034828186
817,81.7,82.7,0.6370845437049866,0.6370845437049866
818,81.8,82.8,0.6194701194763184,0.6194701194763184
819,81.9,82.9,0.8982813954353333,0.8982813954353333
820,82.0,83.0,0.8715815544128418,0.8715815544128418
821,82.1,83.1,0.8467056155204773,0.8467056155204773
822,82.2,83.2,0.7745705246925354,0.7745705246925354
823,82.3,83.3,0.7979138493537903,0.7979138493537903
824,82.4,83.4,0.603972315788269,0.603972315788269
825,82.5,83.5,0.32158827781677246,0.32158827781677246
826,82.6,83.6,0.8867602348327637,0.8867602348327637
827,82.7,83.7,0.7381219267845154,0.7381219267845154
828,82.8,83.8,0.7550245523452759,0.7550245523452759
829,82.9,83.9,0.566092312335968,0.566092312335968
830,83.0,84.0,0.6131195425987244,0.6131195425987244
831,83.1,84.1,0.10431912541389465,0.10431912541389465
832,83.2,84.2,0.6348411440849304,0.6348411440849304
833,83.3,84.3,0.4160117208957672,0.4160117208957672
834,83.4,84.4,0.2246590107679367,0.2246590107679367
835,83.5,84.5,0.06994494795799255,0.06994494795799255
836,83.6,84.6,0.20077840983867645,0.20077840983867645
837,83.7,84.7,0.5299304127693176,0.5299304127693176
838,83.8,84.8,0.04475927725434303,0.04475927725434303
839,83.9,84.9,0.5517603754997253,0.5517603754997253
840,84.0,85.0,0.16381093859672546,0.16381093859672546
841,84.1,85.1,0.4804922044277191,0.4804922044277191
842,84.2,85.2,0.32144227623939514,0.32144227623939514
843,84.3,85.3,0.7575602531433105,0.7575602531433105
844,84.4,85.4,0.09080297499895096,0.09080297499895096
845,84.5,85.5,0.17180654406547546,0.17180654406547546
846,84.6,85.6,0.8439556956291199,0.8439556956291199
847,84.7,85.7,0.8805960416793823,0.8805960416793823
848,84.8,85.8,0.47599899768829346,0.47599899768829346
849,84.9,85.9,0.2088722586631775,0.2088722586631775
850,85.0,86.0,0.18557046353816986,0.18557046353816986
851,85.1,86.1,0.16485442221164703,0.16485442221164703
852,85.2,86.2,0.03103826753795147,0.03103826753795147
853,85.3,86.3,0.06910628825426102,0.06910628825426102
854,85.4,86.4,0.2115543633699417,0.2115543633699417
855,85.5,86.5,0.5408696532249451,0.5408696532249451
856,85.6,86.6,0.6208170056343079,0.6208170056343079
857,85.7,86.7,0.32973340153694153,0.32973340153694153
858,85.8,86.8,0.03323958441615105,0.03323958441615105
859,85.9,86.9,0.32591137290000916,0.32591137290000916
860,86.0,87.0,0.5509397983551025,0.5509397983551025
861,86.1,87.1,0.9961004257202148,0.9961004257202148
862,86.2,87.2,0.8099339008331299,0.8099339008331299
863,86.3,87.3,0.696601927280426,0.696601927280426
864,86.4,87.4,0.8697534799575806,0.8697534799575806
865,86.5,87.5,0.773415744304657,0.773415744304657
866,86.6,87.6,0.9564980864524841,0.9564980864524841
867,86.7,87.7,0.8995593786239624,0.8995593786239624
868,86.8,87.8,0.9540055394172668,0.9540055394172668
869,86.9,87.9,0.9997931122779846,0.9997931122779846
870,87.0,88.0,0.9980133771896362,0.9980133771896362
871,87.1,88.1,0.9993327260017395,0.9993327260017395
872,87.2,88.2,0.9979870319366455,0.9979870319366455
873,87.3,88.3,0.997962236404419,0.997962236404419
874,87.4,88.4,0.9983707070350647,0.9983707070350647
875,87.5,88.5,0.9950401186943054,0.9950401186943054
876,87.6,88.6,0.9972608089447021,0.9972608089447021
877,87.7,88.7,0.9971789121627808,0.9971789121627808
878,87.8,88.8,0.9935779571533203,0.9935779571533203
879,87.9,88.9,0.9883402585983276,0.9883402585983276
880,88.0,89.0,0.8499642014503479,0.8499642014503479
881,88.1,89.1,0.1391882747411728,0.1391882747411728
882,88.2,89.2,0.038127318024635315,0.038127318024635315
883,88.3,89.3,0.6783856153488159,0.6783856153488159
884,88.4,89.4,0.4588889479637146,0.4588889479637146
885,88.5,89.5,0.15745443105697632,0.15745443105697632
886,88.6,89.6,0.042118899524211884,0.042118899524211884
887,88.7,89.7,0.8609464764595032,0.8609464764595032
888,88.8,89.8,0.7004472017288208,0.7004472017288208
889,88.9,89.9,0.6484851241111755,0.6484851241111755
890,89.0,90.0,0.8562819361686707,0.8562819361686707
891,89.1,90.1,0.8576474189758301,0.8576474189758301
892,89.2,90.2,0.34088292717933655,0.34088292717933655
893,89.3,90.3,0.4416883587837219,0.4416883587837219
894,89.4,90.4,0.4809992015361786,0.4809992015361786
895,89.5,90.5,0.07591037452220917,0.07591037452220917
896,89.6,90.6,0.09682155400514603,0.09682155400514603
897,89.7,90.7,0.09080280363559723,0.09080280363559723
898,89.8,90.8,0.4297323226928711,0.4297323226928711
899,89.9,90.9,0.06939797848463058,0.06939797848463058
900,90.0,91.0,0.3689005970954895,0.3689005970954895
901,90.1,91.1,0.7138062119483948,0.7138062119483948
902,90.2,91.2,0.14196592569351196,0.14196592569351196
903,90.3,91.3,0.34726962447166443,0.34726962447166443
904,90.4,91.4,0.40303224325180054,0.40303224325180054
905,90.5,91.5,0.6351264119148254,0.6351264119148254
906,90.6,91.6,0.5310055613517761,0.5310055613517761
907,90.7,91.7,0.18507353961467743,0.18507353961467743
908,90.8,91.8,0.3332100510597229,0.3332100510597229
909,90.9,91.9,0.2907092571258545,0.2907092571258545
910,91.0,92.0,0.5074034929275513,0.5074034929275513
911,91.1,92.1,0.5501751899719238,0.5501751899719238
912,91.2,92.2,0.23662859201431274,0.23662859201431274
913,91.3,92.3,0.08417265117168427,0.08417265117168427
914,91.4,92.4,0.5432111620903015,0.5432111620903015
915,91.5,92.5,0.6096938252449036,0.6096938252449036
916,91.6,92.6,0.5109686255455017,0.5109686255455017
917,91.7,92.7,0.30894431471824646,0.30894431471824646
918,91.8,92.8,0.23998713493347168,0.23998713493347168
919,91.9,92.9,0.1438710242509842,0.1438710242509842
920,92.0,93.0,0.46192866563796997,0.46192866563796997
921,92.1,93.1,0.5040063261985779,0.5040063261985779
922,92.2,93.2,0.7656549215316772,0.7656549215316772
923,92.3,93.3,0.8359812498092651,0.8359812498092651
924,92.4,93.4,0.0890655666589737,0.0890655666589737
925,92.5,93.5,0.5625646114349365,0.5625646114349365
926,92.6,93.6,0.49249598383903503,0.49249598383903503
927,92.7,93.7,0.2778182923793793,0.2778182923793793
928,92.8,93.8,0.969366729259491,0.969366729259491
929,92.9,93.9,0.8875609040260315,0.8875609040260315
930,93.0,94.0,0.8095954656600952,0.8095954656600952
931,93.1,94.1,0.9945675134658813,0.9945675134658813
932,93.2,94.2,0.9950485825538635,0.9950485825538635
933,93.3,94.3,0.9879186749458313,0.9879186749458313
934,93.4,94.4,0.9822782278060913,0.9822782278060913
935,93.5,94.5,0.9753457903862,0.9753457903862
936,93.6,94.6,0.9051036238670349,0.9051036238670349
937,93.7,94.7,0.8185195922851562,0.8185195922851562
938,93.8,94.8,0.9280403852462769,0.9280403852462769
939,93.9,94.9,0.8627405166625977,0.8627405166625977
940,94.0,95.0,0.4810180068016052,0.4810180068016052
941,94.1,95.1,0.23863659799098969,0.23863659799098969
942,94.2,95.2,0.5131800770759583,0.5131800770759583
943,94.3,95.3,0.13071222603321075,0.13071222603321075
944,94.4,95.4,0.19291256368160248,0.19291256368160248
945,94.5,95.5,0.08470305055379868,0.08470305055379868
946,94.6,95.6,0.3308188319206238,0.3308188319206238
947,94.7,95.7,0.7595606446266174,0.7595606446266174
948,94.8,95.8,0.752935528755188,0.752935528755188
949,94.9,95.9,0.5385270118713379,0.5385270118713379
950,95.0,96.0,0.0773380845785141,0.0773380845785141
951,95.1,96.1,0.42291146516799927,0.42291146516799927
952,95.2,96.2,0.358927458524704,0.358927458524704
953,95.3,96.3,0.11460243910551071,0.11460243910551071
954,95.4,96.4,0.24220694601535797,0.24220694601535797
955,95.5,96.5,0.022551104426383972,0.022551104426383972
956,95.6,96.6,0.18568342924118042,0.18568342924118042
957,95.7,96.7,0.3301916718482971,0.3301916718482971
958,95.8,96.8,0.07040870189666748,0.07040870189666748
959,95.9,96.9,0.7212784886360168,0.7212784886360168
960,96.0,97.0,0.6346847414970398,0.6346847414970398
961,96.1,97.1,0.8187987804412842,0.8187987804412842
962,96.2,97.2,0.5260473489761353,0.5260473489761353
963,96.3,97.3,0.4833885729312897,0.4833885729312897
964,96.4,97.4,0.021062444895505905,0.021062444895505905
965,96.5,97.5,0.06749426573514938,0.06749426573514938
966,96.6,97.6,0.6435214877128601,0.6435214877128601
967,96.7,97.7,0.9803659319877625,0.9803659319877625
968,96.8,97.8,0.8605642914772034,0.8605642914772034
969,96.9,97.9,0.9951837658882141,0.9951837658882141
970,97.0,98.0,0.9731439352035522,0.9731439352035522
971,97.1,98.1,0.9308927655220032,0.9308927655220032
972,97.2,98.2,0.9411407709121704,0.9411407709121704
973,97.3,98.3,0.9952917098999023,0.9952917098999023
974,97.4,98.4,0.9877820611000061,0.9877820611000061
975,97.5,98.5,0.980554461479187,0.980554461479187
976,97.6,98.6,0.8380492925643921,0.8380492925643921
977,97.7,98.7,0.25978219509124756,0.25978219509124756
978,97.8,98.8,0.051114920526742935,0.051114920526742935
979,97.9,98.9,0.6280902624130249,0.6280902624130249
980,98.0,99.0,0.7279120087623596,0.7279120087623596
981,98.1,99.1,0.9568958282470703,0.9568958282470703
982,98.2,99.2,0.24355940520763397,0.24355940520763397
983,98.3,99.3,0.9730724096298218,0.9730724096298218
984,98.4,99.4,0.8960970044136047,0.8960970044136047
985,98.5,99.5,0.9693356156349182,0.9693356156349182
986,98.6,99.6,0.9916969537734985,0.9916969537734985
987,98.7,99.7,0.9968107342720032,0.9968107342720032
988,98.8,99.8,0.9876389503479004,0.9876389503479004
989,98.9,99.9,0.9420302510261536,0.9420302510261536
990,99.0,100.0,0.3508773148059845,0.3508773148059845
991,99.1,100.1,0.7249320149421692,0.7249320149421692
992,99.2,100.2,0.984348475933075,0.984348475933075
993,99.3,100.3,0.9842410683631897,0.9842410683631897
994,99.4,100.4,0.8602774143218994,0.8602774143218994
995,99.5,100.5,0.6957133412361145,0.6957133412361145
996,99.6,100.6,0.07597999274730682,0.07597999274730682
997,99.7,100.7,0.01914328895509243,0.01914328895509243
998,99.8,100.8,0.2764321267604828,0.2764321267604828
999,99.9,100.9,0.11265935748815536,0.11265935748815536
1000,100.0,101.0,0.3265683948993683,0.3265683948993683
1001,100.1,101.1,0.25576063990592957,0.25576063990592957
1002,100.2,101.2,0.11487707495689392,0.11487707495689392
1003,100.3,101.3,0.22746707499027252,0.22746707499027252
1004,100.4,101.4,0.07440835982561111,0.07440835982561111
1005,100.5,101.5,0.611421525478363,0.611421525478363
1006,100.6,101.6,0.7309587001800537,0.7309587001800537
1007,100.7,101.7,0.16320356726646423,0.16320356726646423
1008,100.8,101.8,0.17157338559627533,0.17157338559627533
1009,100.9,101.9,0.0036646067164838314,0.0036646067164838314
1010,101.0,102.0,0.003380224574357271,0.003380224574357271
1011,101.1,102.1,0.017141856253147125,0.017141856253147125
1012,101.2,102.2,0.0416964553296566,0.0416964553296566
1013,101.3,102.3,0.04951216280460358,0.04951216280460358
1014,101.4,102.4,0.016004512086510658,0.016004512086510658
1015,101.5,102.5,0.046835608780384064,0.046835608780384064
1016,101.6,102.6,0.11066701263189316,0.11066701263189316
1017,101.7,102.7,0.055661845952272415,0.055661845952272415
1018,101.8,102.8,0.07955881953239441,0.07955881953239441
1019,101.9,102.9,0.8153590559959412,0.8153590559959412
1020,102.0,103.0,0.9747318029403687,0.9747318029403687
1021,102.1,103.1,0.3576899766921997,0.3576899766921997
1022,102.2,103.2,0.19943860173225403,0.19943860173225403
1023,102.3,103.3,0.5121893882751465,0.5121893882751465
1024,102.4,103.4,0.7261353135108948,0.7261353135108948
1025,102.5,103.5,0.046168044209480286,0.046168044209480286
1026,102.6,103.6,0.00670370738953352,0.00670370738953352
1027,102.7,103.7,0.0021727755665779114,0.0021727755665779114
1028,102.8,103.8,0.008758402429521084,0.008758402429521084
1029,102.9,103.9,0.009217348881065845,0.009217348881065845
1030,103.0,104.0,0.0015104078920558095,0.0015104078920558095
1031,103.1,104.1,0.0009541033650748432,0.0009541033650748432
1032,103.2,104.2,0.0031143026426434517,0.0031143026426434517
1033,103.3,104.3,0.0017776584718376398,0.0017776584718376398
1034,103.4,104.4,0.007722644135355949,0.007722644135355949
1035,103.5,104.5,0.02613290399312973,0.02613290399312973
1036,103.6,104.6,0.05374898761510849,0.05374898761510849
1037,103.7,104.7,0.4749307632446289,0.4749307632446289
1038,103.8,104.8,0.12695468962192535,0.12695468962192535
1039,103.9,104.9,0.8989991545677185,0.8989991545677185
1040,104.0,105.0,0.9509595036506653,0.9509595036506653
1041,104.1,105.1,0.9766571521759033,0.9766571521759033
1042,104.2,105.2,0.9785782694816589,0.9785782694816589
1043,104.3,105.3,0.9928982257843018,0.9928982257843018
1044,104.4,105.4,0.27125218510627747,0.27125218510627747
1045,104.5,105.5,0.09933672100305557,0.09933672100305557
1046,104.6,105.6,0.2680039703845978,0.2680039703845978
1047,104.7,105.7,0.34800177812576294,0.34800177812576294
1048,104.8,105.8,0.9330470561981201,0.9330470561981201
1049,104.9,105.9,0.7752087116241455,0.7752087116241455
1050,105.0,106.0,0.5292222499847412,0.5292222499847412
1051,105.1,106.1,0.9411004185676575,0.9411004185676575
1052,105.2,106.2,0.994186282157898,0.994186282157898
1053,105.3,106.3,0.17908744513988495,0.17908744513988495
1054,105.4,106.4,0.9895783066749573,0.9895783066749573
1055,105.5,106.5,0.527836263179779,0.527836263179779
1056,105.6,106.6,0.46201521158218384,0.46201521158218384
1057,105.7,106.7,0.34856116771698,0.34856116771698
1058,105.8,106.8,0.3377379775047302,0.3377379775047302
1059,105.9,106.9,0.2706572115421295,0.2706572115421295
1060,106.0,107.0,0.025449296459555626,0.025449296459555626
1061,106.1,107.1,0.6954500675201416,0.6954500675201416
1062,106.2,107.2,0.931976318359375,0.931976318359375
1063,106.3,107.3,0.939907431602478,0.939907431602478
1064,106.4,107.4,0.4183928370475769,0.4183928370475769
1065,106.5,107.5,0.9889740943908691,0.9889740943908691
1066,106.6,107.6,0.9981964230537415,0.9981964230537415
1067,106.7,107.7,0.9961076378822327,0.9961076378822327
1068,106.8,107.8,0.9993317723274231,0.9993317723274231
1069,106.9,107.9,0.9859247803688049,0.9859247803688049
1070,107.0,108.0,0.9982642531394958,0.9982642531394958
1071,107.1,108.1,0.9844627380371094,0.9844627380371094
1072,107.2,108.2,0.9959022402763367,0.9959022402763367
1073,107.3,108.3,0.7232115864753723,0.7232115864753723
1074,107.4,108.4,0.04997903108596802,0.04997903108596802
1075,107.5,108.5,0.07608120888471603,0.07608120888471603
1076,107.6,108.6,0.9092622399330139,0.9092622399330139
1077,107.7,108.7,0.4370998442173004,0.4370998442173004
1078,107.8,108.8,0.6367389559745789,0.6367389559745789
1079,107.9,108.9,0.28605028986930847,0.28605028986930847
1080,108.0,109.0,0.0697488859295845,0.0697488859295845
1081,108.1,109.1,0.009367224760353565,0.009367224760353565
1082,108.2,109.2,0.061428170651197433,0.061428170651197433
1083,108.3,109.3,0.0013449928956106305,0.0013449928956106305
1084,108.4,109.4,0.20628564059734344,0.20628564059734344
1085,108.5,109.5,0.8687581419944763,0.8687581419944763
1086,108.6,109.6,0.6222845315933228,0.6222845315933228
1087,108.7,109.7,0.323677122592926,0.323677122592926
1088,108.8,109.8,0.1286059319972992,0.1286059319972992
1089,108.9,109.9,0.33645209670066833,0.33645209670066833
1090,109.0,110.0,0.5450600981712341,0.5450600981712341
1091,109.1,110.1,0.9351435303688049,0.9351435303688049
1092,109.2,110.2,0.9003523588180542,0.9003523588180542
1093,109.3,110.3,0.995669960975647,0.995669960975647
1094,109.4,110.4,0.9984557628631592,0.9984557628631592
1095,109.5,110.5,0.9975638389587402,0.9975638389587402
1096,109.6,110.6,0.9935123324394226,0.9935123324394226
1097,109.7,110.7,0.9536388516426086,0.9536388516426086
1098,109.8,110.8,0.8468050360679626,0.8468050360679626
1099,109.9,110.9,0.8339211344718933,0.8339211344718933
1100,110.0,111.0,0.6305914521217346,0.6305914521217346
1101,110.1,111.1,0.9744676351547241,0.9744676351547241
1102,110.2,111.2,0.5282764434814453,0.5282764434814453
1103,110.3,111.3,0.5023207068443298,0.5023207068443298
1104,110.4,111.4,0.9061893820762634,0.9061893820762634
1105,110.5,111.5,0.9563360810279846,0.9563360810279846
1106,110.6,111.6,0.22851324081420898,0.22851324081420898
1107,110.7,111.7,0.11564883589744568,0.11564883589744568
1108,110.8,111.8,0.30465298891067505,0.30465298891067505
1109,110.9,111.9,0.4100722372531891,0.4100722372531891
1110,111.0,112.0,0.49309471249580383,0.49309471249580383
1111,111.1,112.1,0.3991558253765106,0.3991558253765106
1112,111.2,112.2,0.6982313990592957,0.6982313990592957
1113,111.3,112.3,0.3993895351886749,0.3993895351886749
1114,111.4,112.4,0.7763116359710693,0.7763116359710693
1115,111.5,112.5,0.7165632247924805,0.7165632247924805
1116,111.6,112.6,0.6431395411491394,0.6431395411491394
1117,111.7,112.7,0.8788866400718689,0.8788866400718689
1118,111.8,112.8,0.3016524910926819,0.3016524910926819
1119,111.9,112.9,0.8166826367378235,0.8166826367378235
1120,112.0,113.0,0.3607320189476013,0.3607320189476013
1121,112.1,113.1,0.3281993865966797,0.3281993865966797
1122,112.2,113.2,0.623163104057312,0.623163104057312
1123,112.3,113.3,0.4088737666606903,0.4088737666606903
1124,112.4,113.4,0.7141973376274109,0.7141973376274109
1125,112.5,113.5,0.29047709703445435,0.29047709703445435
1126,112.6,113.6,0.9154860973358154,0.9154860973358154
1127,112.7,113.7,0.571012556552887,0.571012556552887
1128,112.8,113.8,0.7019030451774597,0.7019030451774597
1129,112.9,113.9,0.7382221221923828,0.7382221221923828
1130,113.0,114.0,0.020400704815983772,0.020400704815983772
1131,113.1,114.1,0.3844503164291382,0.3844503164291382
1132,113.2,114.2,0.2459811568260193,0.2459811568260193
1133,113.3,114.3,0.02361205406486988,0.02361205406486988
1134,113.4,114.4,0.00879638735204935,0.00879638735204935
1135,113.5,114.5,0.02110890857875347,0.02110890857875347
1136,113.6,114.6,0.9860305786132812,0.9860305786132812
1137,113.7,114.7,0.9494330883026123,0.9494330883026123
1138,113.8,114.8,0.9926642179489136,0.9926642179489136
1139,113.9,114.9,0.9381430745124817,0.9381430745124817
1140,114.0,115.0,0.9985881447792053,0.9985881447792053
1141,114.1,115.1,0.7262399196624756,0.7262399196624756
1142,114.2,115.2,0.9942949414253235,0.9942949414253235
1143,114.3,115.3,0.9976933598518372,0.9976933598518372
1144,114.4,115.4,0.9945645332336426,0.9945645332336426
1145,114.5,115.5,0.9978891015052795,0.9978891015052795
1146,114.6,115.6,0.9938713312149048,0.9938713312149048
1147,114.7,115.7,0.9079387784004211,0.9079387784004211
1148,114.8,115.8,0.6377636790275574,0.6377636790275574
1149,114.9,115.9,0.9267205595970154,0.9267205595970154
1150,115.0,116.0,0.989280641078949,0.989280641078949
1151,115.1,116.1,0.9953069090843201,0.9953069090843201
1152,115.2,116.2,0.989591658115387,0.989591658115387
1153,115.3,116.3,0.9960748553276062,0.9960748553276062
1154,115.4,116.4,0.9919191002845764,0.9919191002845764
1155,115.5,116.5,0.7436904311180115,0.7436904311180115
1156,115.6,116.6,0.12682880461215973,0.12682880461215973
1157,115.7,116.7,0.04923051595687866,0.04923051595687866
1158,115.8,116.8,0.331940233707428,0.331940233707428
1159,115.9,116.9,0.5630767941474915,0.5630767941474915
1160,116.0,117.0,0.27148541808128357,0.27148541808128357
1161,116.1,117.1,0.19493943452835083,0.19493943452835083
1162,116.2,117.2,0.18499436974525452,0.18499436974525452
1163,116.3,117.3,0.21624250710010529,0.21624250710010529
1164,116.4,117.4,0.015884671360254288,0.015884671360254288
1165,116.5,117.5,0.5663436651229858,0.5663436651229858
1166,116.6,117.6,0.8699992895126343,0.8699992895126343
1167,116.7,117.7,0.45114436745643616,0.45114436745643616
1168,116.8,117.8,0.49159011244773865,0.49159011244773865
1169,116.9,117.9,0.545931339263916,0.545931339263916
1170,117.0,118.0,0.18366017937660217,0.18366017937660217
1171,117.1,118.1,0.2805614471435547,0.2805614471435547
1172,117.2,118.2,0.9043816924095154,0.9043816924095154
1173,117.3,118.3,0.37355509400367737,0.37355509400367737
1174,117.4,118.4,0.7589080929756165,0.7589080929756165
1175,117.5,118.5,0.8869443535804749,0.8869443535804749
1176,117.6,118.6,0.2089812308549881,0.2089812308549881
1177,117.7,118.7,0.720349907875061,0.720349907875061
1178,117.8,118.8,0.291118860244751,0.291118860244751
1179,117.9,118.9,0.32901984453201294,0.32901984453201294
1180,118.0,119.0,0.2659398317337036,0.2659398317337036
1181,118.1,119.1,0.9931856393814087,0.9931856393814087
1182,118.2,119.2,0.9914062023162842,0.9914062023162842
1183,118.3,119.3,0.9692777991294861,0.9692777991294861
1184,118.4,119.4,0.9952999353408813,0.9952999353408813
1185,118.5,119.5,0.9926444292068481,0.9926444292068481
1186,118.6,119.6,0.979468584060669,0.979468584060669
1187,118.7,119.7,0.9835455417633057,0.9835455417633057
1188,118.8,119.8,0.9444841742515564,0.9444841742515564
1189,118.9,119.9,0.7998855710029602,0.7998855710029602
1190,119.0,120.0,0.14284354448318481,0.14284354448318481
1191,119.1,120.1,0.06722449511289597,0.06722449511289597
1192,119.2,120.2,0.96225905418396,0.96225905418396
1193,119.3,120.3,0.6911435127258301,0.6911435127258301
1194,119.4,120.4,0.9863808751106262,0.9863808751106262
1195,119.5,120.5,0.9782655835151672,0.9782655835151672
1196,119.6,120.6,0.996062695980072,0.996062695980072
1197,119.7,120.7,0.8805084228515625,0.8805084228515625
1198,119.8,120.8,0.18321551382541656,0.18321551382541656
1199,119.9,120.9,0.019145548343658447,0.019145548343658447
1200,120.0,121.0,0.805625319480896,0.805625319480896
1201,120.1,121.1,0.3108983635902405,0.3108983635902405
1202,120.2,121.2,0.43177279829978943,0.43177279829978943
1203,120.3,121.3,0.32189109921455383,0.32189109921455383
1204,120.4,121.4,0.772620439529419,0.772620439529419
1205,120.5,121.5,0.9124320149421692,0.9124320149421692
1206,120.6,121.6,0.9612420201301575,0.9612420201301575
1207,120.7,121.7,0.9857118725776672,0.9857118725776672
1208,120.8,121.8,0.9623488187789917,0.9623488187789917
1209,120.9,121.9,0.8038349747657776,0.8038349747657776
1210,121.0,122.0,0.373800128698349,0.373800128698349
1211,121.1,122.1,0.5271950364112854,0.5271950364112854
1212,121.2,122.2,0.994544506072998,0.994544506072998
1213,121.3,122.3,0.9931828379631042,0.9931828379631042
1214,121.4,122.4,0.9952625036239624,0.9952625036239624
1215,121.5,122.5,0.999871015548706,0.999871015548706
1216,121.6,122.6,0.998957633972168,0.998957633972168
1217,121.7,122.7,0.9996833801269531,0.9996833801269531
1218,121.8,122.8,0.9987416863441467,0.9987416863441467
1219,121.9,122.9,0.9776967763900757,0.9776967763900757
1220,122.0,123.0,0.8299673795700073,0.8299673795700073
1221,122.1,123.1,0.686322033405304,0.686322033405304
1222,122.2,123.2,0.051493242383003235,0.051493242383003235
1223,122.3,123.3,0.08282022923231125,0.08282022923231125
1224,122.4,123.4,0.27363502979278564,0.27363502979278564
1225,122.5,123.5,0.36140766739845276,0.36140766739845276
1226,122.6,123.6,0.5998310446739197,0.5998310446739197
1227,122.7,123.7,0.5063885450363159,0.5063885450363159
1228,122.8,123.8,0.54622882604599,0.54622882604599
1229,122.9,123.9,0.9216736555099487,0.9216736555099487
1230,123.0,124.0,0.30145108699798584,0.30145108699798584
1231,123.1,124.1,0.6640293002128601,0.6640293002128601
1232,123.2,124.2,0.2829405963420868,0.2829405963420868
1233,123.3,124.3,0.15416771173477173,0.15416771173477173
1234,123.4,124.4,0.4254823923110962,0.4254823923110962
1235,123.5,124.5,0.049943745136260986,0.049943745136260986
1236,123.6,124.6,0.0043934606947004795,0.0043934606947004795
1237,123.7,124.7,0.01758381724357605,0.01758381724357605
1238,123.8,124.8,0.2982507646083832,0.2982507646083832
1239,123.9,124.9,0.5150073170661926,0.5150073170661926
1240,124.0,125.0,0.19384388625621796,0.19384388625621796
1241,124.1,125.1,0.04274379089474678,0.04274379089474678
1242,124.2,125.2,0.037281595170497894,0.037281595170497894
1243,124.3,125.3,0.0067934636026620865,0.0067934636026620865
1244,124.4,125.4,0.003475792007520795,0.003475792007520795
1245,124.5,125.5,0.0004741462180390954,0.0004741462180390954
1246,124.6,125.6,0.07425055652856827,0.07425055652856827
1247,124.7,125.7,0.0023473140317946672,0.0023473140317946672
1248,124.8,125.8,0.06162526085972786,0.06162526085972786
1249,124.9,125.9,0.01869872212409973,0.01869872212409973
1250,125.0,126.0,0.05289013311266899,0.05289013311266899
1251,125.1,126.1,0.2514750361442566,0.2514750361442566
1252,125.2,126.2,0.2411404699087143,0.2411404699087143
1253,125.3,126.3,0.1577298492193222,0.1577298492193222
1254,125.4,126.4,0.41554510593414307,0.41554510593414307
1255,125.5,126.5,0.2281753122806549,0.2281753122806549
1256,125.6,126.6,0.10123131424188614,0.10123131424188614
1257,125.7,126.7,0.05582142993807793,0.05582142993807793
1258,125.8,126.8,0.18458233773708344,0.18458233773708344
1259,125.9,126.9,0.07345563918352127,0.07345563918352127
1260,126.0,127.0,0.05720074847340584,0.05720074847340584
1261,126.1,127.1,0.06481248885393143,0.06481248885393143
1262,126.2,127.2,0.7307919859886169,0.7307919859886169
1263,126.3,127.3,0.6231458783149719,0.6231458783149719
1264,126.4,127.4,0.5526517629623413,0.5526517629623413
1265,126.5,127.5,0.27957266569137573,0.27957266569137573
1266,126.6,127.6,0.3811023235321045,0.3811023235321045
1267,126.7,127.7,0.6061370968818665,0.6061370968818665
1268,126.8,127.8,0.5729144215583801,0.5729144215583801
1269,126.9,127.9,0.5686855912208557,0.5686855912208557
1270,127.0,128.0,0.6867495775222778,0.6867495775222778
1271,127.1,128.1,0.8931806683540344,0.8931806683540344
1272,127.2,128.2,0.0625467523932457,0.0625467523932457
1273,127.3,128.3,0.43531715869903564,0.43531715869903564
1274,127.4,128.4,0.9453036189079285,0.9453036189079285
1275,127.5,128.5,0.9895861744880676,0.9895861744880676
1276,127.6,128.6,0.9842827916145325,0.9842827916145325
1277,127.7,128.7,0.9997373223304749,0.9997373223304749
1278,127.8,128.8,0.9999208450317383,0.9999208450317383
1279,127.9,128.9,0.9998052716255188,0.9998052716255188
1280,128.0,129.0,0.9987087249755859,0.9987087249755859
1281,128.1,129.1,0.9956064820289612,0.9956064820289612
1282,128.2,129.2,0.9990301132202148,0.9990301132202148
1283,128.3,129.3,0.9495807886123657,0.9495807886123657
1284,128.4,129.4,0.24145559966564178,0.24145559966564178
1285,128.5,129.5,0.780200719833374,0.780200719833374
1286,128.6,129.6,0.9165462255477905,0.9165462255477905
1287,128.7,129.7,0.6564872860908508,0.6564872860908508
1288,128.8,129.8,0.8745503425598145,0.8745503425598145
1289,128.9,129.9,0.9708439111709595,0.9708439111709595
1290,129.0,130.0,0.8835503458976746,0.8835503458976746
1291,129.1,130.1,0.6006691455841064,0.6006691455841064
1292,129.2,130.2,0.7468258738517761,0.7468258738517761
1293,129.3,130.3,0.269526869058609,0.269526869058609
1294,129.4,130.4,0.38035479187965393,0.38035479187965393
1295,129.5,130.5,0.8381336331367493,0.8381336331367493
1296,129.6,130.6,0.3439981937408447,0.3439981937408447
1297,129.7,130.7,0.2131444215774536,0.2131444215774536
1298,129.8,130.8,0.33858615159988403,0.33858615159988403
1299,129.9,130.9,0.17367024719715118,0.17367024719715118
1300,130.0,131.0,0.025874588638544083,0.025874588638544083
1301,130.1,131.1,0.47789761424064636,0.47789761424064636
1302,130.2,131.2,0.08335324376821518,0.08335324376821518
1303,130.3,131.3,0.42680707573890686,0.42680707573890686
1304,130.4,131.4,0.5948387980461121,0.5948387980461121
1305,130.5,131.5,0.3571193814277649,0.3571193814277649
1306,130.6,131.6,0.5908846259117126,0.5908846259117126
1307,130.7,131.7,0.8034323453903198,0.8034323453903198
1308,130.8,131.8,0.4961477816104889,0.4961477816104889
1309,130.9,131.9,0.11498109251260757,0.11498109251260757
1310,131.0,132.0,0.3440009653568268,0.3440009653568268
1311,131.1,132.1,0.7156998515129089,0.7156998515129089
1312,131.2,132.2,0.5901932120323181,0.5901932120323181
1313,131.3,132.3,0.4141494035720825,0.4141494035720825
1314,131.4,132.4,0.11187965422868729,0.11187965422868729
1315,131.5,132.5,0.011155575513839722,0.011155575513839722
1316,131.6,132.6,0.012973391450941563,0.012973391450941563
1317,131.7,132.7,0.005640233866870403,0.005640233866870403
1318,131.8,132.8,0.0006949840462766588,0.0006949840462766588
1319,131.9,132.9,0.003878248855471611,0.003878248855471611
1320,132.0,133.0,0.013065600767731667,0.013065600767731667
1321,132.1,133.1,0.09231875836849213,0.09231875836849213
1322,132.2,133.2,0.7793217301368713,0.7793217301368713
1323,132.3,133.3,0.7858895659446716,0.7858895659446716
1324,132.4,133.4,0.6112584471702576,0.6112584471702576
1325,132.5,133.5,0.8715550899505615,0.8715550899505615
1326,132.6,133.6,0.09138384461402893,0.09138384461402893
1327,132.7,133.7,0.05032295361161232,0.05032295361161232
1328,132.8,133.8,0.5781617164611816,0.5781617164611816
1329,132.9,133.9,0.1191176250576973,0.1191176250576973
1330,133.0,134.0,0.03450417146086693,0.03450417146086693
1331,133.1,134.1,0.18091458082199097,0.18091458082199097
1332,133.2,134.2,0.9988493919372559,0.9988493919372559
1333,133.3,134.3,0.9939583539962769,0.9939583539962769
1334,133.4,134.4,0.9998534917831421,0.9998534917831421
1335,133.5,134.5,0.9915307760238647,0.9915307760238647
1336,133.6,134.6,0.9930428266525269,0.9930428266525269
1337,133.7,134.7,0.9993605017662048,0.9993605017662048
1338,133.8,134.8,0.9994390606880188,0.9994390606880188
1339,133.9,134.9,0.9989928603172302,0.9989928603172302
1340,134.0,135.0,0.9999645948410034,0.9999645948410034
1341,134.1,135.1,0.9999955892562866,0.9999955892562866
1342,134.2,135.2,0.9999724626541138,0.9999724626541138
1343,134.3,135.3,0.9993250370025635,0.9993250370025635
1344,134.4,135.4,0.9975308775901794,0.9975308775901794
1345,134.5,135.5,0.98414546251297,0.98414546251297
1346,134.6,135.6,0.2002415806055069,0.2002415806055069
1347,134.7,135.7,0.11036466062068939,0.11036466062068939
1348,134.8,135.8,0.024323202669620514,0.024323202669620514
1349,134.9,135.9,0.03215334564447403,0.03215334564447403
1350,135.0,136.0,0.009865284897387028,0.009865284897387028
1351,135.1,136.1,0.004566531628370285,0.004566531628370285
1352,135.2,136.2,0.005356043577194214,0.005356043577194214
1353,135.3,136.3,0.006740965880453587,0.006740965880453587
1354,135.4,136.4,0.003794644959270954,0.003794644959270954
1355,135.5,136.5,0.010504682548344135,0.010504682548344135
1356,135.6,136.6,0.3869308829307556,0.3869308829307556
1357,135.7,136.7,0.21639792621135712,0.21639792621135712
1358,135.8,136.8,0.7496895790100098,0.7496895790100098
1359,135.9,136.9,0.1370825171470642,0.1370825171470642
1360,136.0,137.0,0.027785025537014008,0.027785025537014008
1361,136.1,137.1,0.14149129390716553,0.14149129390716553
1362,136.2,137.2,0.3660259544849396,0.3660259544849396
1363,136.3,137.3,0.2793731391429901,0.2793731391429901
1364,136.4,137.4,0.6319742798805237,0.6319742798805237
1365,136.5,137.5,0.80177241563797,0.80177241563797
1366,136.6,137.6,0.3551860749721527,0.3551860749721527
1367,136.7,137.7,0.05835334211587906,0.05835334211587906
1368,136.8,137.8,0.03931859880685806,0.03931859880685806
1369,136.9,137.9,0.07244305312633514,0.07244305312633514
1370,137.0,138.0,0.03753562644124031,0.03753562644124031
1371,137.1,138.1,0.06760501861572266,0.06760501861572266
1372,137.2,138.2,0.17474468052387238,0.17474468052387238
1373,137.3,138.3,0.5527766346931458,0.5527766346931458
1374,137.4,138.4,0.6088586449623108,0.6088586449623108
1375,137.5,138.5,0.6472411751747131,0.6472411751747131
1376,137.6,138.6,0.4267193377017975,0.4267193377017975
1377,137.7,138.7,0.35801735520362854,0.35801735520362854
1378,137.8,138.8,0.4462248384952545,0.4462248384952545
1379,137.9,138.9,0.17027820646762848,0.17027820646762848
1380,138.0,139.0,0.5108171701431274,0.5108171701431274
1381,138.1,139.1,0.2819022238254547,0.2819022238254547
1382,138.2,139.2,0.5143986940383911,0.5143986940383911
1383,138.3,139.3,0.7358222007751465,0.7358222007751465
1384,138.4,139.4,0.8610419034957886,0.8610419034957886
1385,138.5,139.5,0.28613537549972534,0.28613537549972534
1386,138.6,139.6,0.7787864804267883,0.7787864804267883
1387,138.7,139.7,0.8905976414680481,0.8905976414680481
1388,138.8,139.8,0.9692920446395874,0.9692920446395874
1389,138.9,139.9,0.38761648535728455,0.38761648535728455
1390,139.0,140.0,0.1273559033870697,0.1273559033870697
1391,139.1,140.1,0.16280657052993774,0.16280657052993774
1392,139.2,140.2,0.013200455345213413,0.013200455345213413
1393,139.3,140.3,0.018058747053146362,0.018058747053146362
1394,139.4,140.4,0.19058078527450562,0.19058078527450562
1395,139.5,140.5,0.19380135834217072,0.19380135834217072
1396,139.6,140.6,0.08575822412967682,0.08575822412967682
1397,139.7,140.7,0.10651141405105591,0.10651141405105591
1398,139.8,140.8,0.6967458724975586,0.6967458724975586
1399,139.9,140.9,0.14123837649822235,0.14123837649822235
1400,140.0,141.0,0.18042568862438202,0.18042568862438202
1401,140.1,141.1,0.37584060430526733,0.37584060430526733
1402,140.2,141.2,0.4852099120616913,0.4852099120616913
1403,140.3,141.3,0.6610607504844666,0.6610607504844666
1404,140.4,141.4,0.3602885901927948,0.3602885901927948
1405,140.5,141.5,0.16370153427124023,0.16370153427124023
1406,140.6,141.6,0.8461689352989197,0.8461689352989197
1407,140.7,141.7,0.6451255679130554,0.6451255679130554
1408,140.8,141.8,0.6919971108436584,0.6919971108436584
1409,140.9,141.9,0.16249144077301025,0.16249144077301025
1410,141.0,142.0,0.2596723139286041,0.2596723139286041
1411,141.1,142.1,0.8753132820129395,0.8753132820129395
1412,141.2,142.2,0.25426995754241943,0.25426995754241943
1413,141.3,142.3,0.9354120492935181,0.9354120492935181
1414,141.4,142.4,0.7102063298225403,0.7102063298225403
1415,141.5,142.5,0.6277625560760498,0.6277625560760498
1416,141.6,142.6,0.7324979305267334,0.7324979305267334
1417,141.7,142.7,0.6107684969902039,0.6107684969902039
1418,141.8,142.8,0.469789981842041,0.469789981842041
1419,141.9,142.9,0.30798420310020447,0.30798420310020447
1420,142.0,143.0,0.5667083859443665,0.5667083859443665
1421,142.1,143.1,0.44639331102371216,0.44639331102371216
1422,142.2,143.2,0.7504408955574036,0.7504408955574036
1423,142.3,143.3,0.2358701080083847,0.2358701080083847
1424,142.4,143.4,0.025724204257130623,0.025724204257130623
1425,142.5,143.5,0.22467821836471558,0.22467821836471558
1426,142.6,143.6,0.1891918182373047,0.1891918182373047
1427,142.7,143.7,0.6579824686050415,0.6579824686050415
1428,142.8,143.8,0.09186982363462448,0.09186982363462448
1429,142.9,143.9,0.0013380208984017372,0.0013380208984017372
1430,143.0,144.0,0.0027823708951473236,0.0027823708951473236
1431,143.1,144.1,0.0031818333081901073,0.0031818333081901073
1432,143.2,144.2,0.010388617403805256,0.010388617403805256
1433,143.3,144.3,0.001003757119178772,0.001003757119178772
1434,143.4,144.4,0.001253814436495304,0.001253814436495304
1435,143.5,144.5,0.0013970615109428763,0.0013970615109428763
1436,143.6,144.6,0.0007539629586972296,0.0007539629586972296
1437,143.7,144.7,0.007100534625351429,0.007100534625351429
1438,143.8,144.8,0.03107166290283203,0.03107166290283203
1439,143.9,144.9,0.011969109065830708,0.011969109065830708
1440,144.0,145.0,0.0018571277614682913,0.0018571277614682913
1441,144.1,145.1,0.631145715713501,0.631145715713501
1442,144.2,145.2,0.07082656770944595,0.07082656770944595
1443,144.3,145.3,0.1502653956413269,0.1502653956413269
1444,144.4,145.4,0.3087608516216278,0.3087608516216278
1445,144.5,145.5,0.927772581577301,0.927772581577301
1446,144.6,145.6,0.6569381952285767,0.6569381952285767
1447,144.7,145.7,0.662649929523468,0.662649929523468
1448,144.8,145.8,0.04533374309539795,0.04533374309539795
1449,144.9,145.9,0.03392557427287102,0.03392557427287102
1450,145.0,146.0,0.2202252745628357,0.2202252745628357
1451,145.1,146.1,0.014060030691325665,0.014060030691325665
1452,145.2,146.2,0.008694525808095932,0.008694525808095932
1453,145.3,146.3,0.0037294270005077124,0.0037294270005077124
1454,145.4,146.4,0.0036091117653995752,0.0036091117653995752
1455,145.5,146.5,0.0018201328348368406,0.0018201328348368406
1456,145.6,146.6,0.003901534480974078,0.003901534480974078
1457,145.7,146.7,0.002511946251615882,0.002511946251615882
1458,145.8,146.8,0.03663252294063568,0.03663252294063568
1459,145.9,146.9,0.04234320670366287,0.04234320670366287
1460,146.0,147.0,0.008129537105560303,0.008129537105560303
1461,146.1,147.1,0.009993935003876686,0.009993935003876686
1462,146.2,147.2,0.04850095510482788,0.04850095510482788
1463,146.3,147.3,0.05014484375715256,0.05014484375715256
1464,146.4,147.4,0.529553234577179,0.529553234577179
1465,146.5,147.5,0.06005954369902611,0.06005954369902611
1466,146.6,147.6,0.7829733490943909,0.7829733490943909
1467,146.7,147.7,0.6380560994148254,0.6380560994148254
1468,146.8,147.8,0.6837448477745056,0.6837448477745056
1469,146.9,147.9,0.42352592945098877,0.42352592945098877
1470,147.0,148.0,0.6986373066902161,0.6986373066902161
1471,147.1,148.1,0.20753970742225647,0.20753970742225647
1472,147.2,148.2,0.8945052623748779,0.8945052623748779
1473,147.3,148.3,0.7635026574134827,0.7635026574134827
1474,147.4,148.4,0.017021413892507553,0.017021413892507553
1475,147.5,148.5,0.3291777968406677,0.3291777968406677
1476,147.6,148.6,0.9649599194526672,0.9649599194526672
1477,147.7,148.7,0.9924939870834351,0.9924939870834351
1478,147.8,148.8,0.009919471107423306,0.009919471107423306
1479,147.9,148.9,0.0025749700143933296,0.0025749700143933296
1480,148.0,149.0,0.00038840886554680765,0.00038840886554680765
1481,148.1,149.1,0.0004446981765795499,0.0004446981765795499
1482,148.2,149.2,0.00047699580318294466,0.00047699580318294466
1483,148.3,149.3,0.0008014640188775957,0.0008014640188775957
1484,148.4,149.4,0.00022371030354406685,0.00022371030354406685
1485,148.5,149.5,0.0008986519533209503,0.0008986519533209503
1486,148.6,149.6,0.0006905500194989145,0.0006905500194989145
1487,148.7,149.7,0.0032777725718915462,0.0032777725718915462
1488,148.8,149.8,0.16384021937847137,0.16384021937847137
1489,148.9,149.9,0.7125310897827148,0.7125310897827148
1490,149.0,150.0,0.5532569289207458,0.5532569289207458
1491,149.1,150.1,0.6475405693054199,0.6475405693054199
1492,149.2,150.2,0.8358165621757507,0.8358165621757507
1493,149.3,150.3,0.40935906767845154,0.40935906767845154
1494,149.4,150.4,0.5059992074966431,0.5059992074966431
1495,149.5,150.5,0.9288255572319031,0.9288255572319031
1496,149.6,150.6,0.826317548751831,0.826317548751831
1497,149.7,150.7,0.23026132583618164,0.23026132583618164
1498,149.8,150.8,0.04241092503070831,0.04241092503070831
1499,149.9,150.9,0.7083593606948853,0.7083593606948853
1500,150.0,151.0,0.012669047340750694,0.012669047340750694
1501,150.1,151.1,0.0004430786648299545,0.0004430786648299545
1502,150.2,151.2,0.0017458434449508786,0.0017458434449508786
1503,150.3,151.3,0.0016718808328732848,0.0016718808328732848
1504,150.4,151.4,0.0006553290295414627,0.0006553290295414627
1505,150.5,151.5,0.002658143872395158,0.002658143872395158
1506,150.6,151.6,0.002007186645641923,0.002007186645641923
1507,150.7,151.7,0.00038121140096336603,0.00038121140096336603
1508,150.8,151.8,0.0025028798263520002,0.0025028798263520002
1509,150.9,151.9,0.021367764100432396,0.021367764100432396
1510,151.0,152.0,0.03809241205453873,0.03809241205453873
1511,151.1,152.1,0.3282068073749542,0.3282068073749542
1512,151.2,152.2,0.3882075250148773,0.3882075250148773
1513,151.3,152.3,0.6631211042404175,0.6631211042404175
1514,151.4,152.4,0.13710522651672363,0.13710522651672363
1515,151.5,152.5,0.11440365016460419,0.11440365016460419
1516,151.6,152.6,0.1571660339832306,0.1571660339832306
1517,151.7,152.7,0.04732903093099594,0.04732903093099594
1518,151.8,152.8,0.0072294906713068485,0.0072294906713068485
1519,151.9,152.9,0.009466368705034256,0.009466368705034256
1520,152.0,153.0,0.0023303418420255184,0.0023303418420255184
1521,152.1,153.1,0.0023750034160912037,0.0023750034160912037
1522,152.2,153.2,0.00534113310277462,0.00534113310277462
1523,152.3,153.3,0.0009249715367332101,0.0009249715367332101
1524,152.4,153.4,0.0005393811734393239,0.0005393811734393239
1525,152.5,153.5,0.0007706937612965703,0.0007706937612965703
1526,152.6,153.6,0.00015523721231147647,0.00015523721231147647
1527,152.7,153.7,0.018747316673398018,0.018747316673398018
1528,152.8,153.8,0.9938509464263916,0.9938509464263916
1529,152.9,153.9,0.025811120867729187,0.025811120867729187
1530,153.0,154.0,0.6811819076538086,0.6811819076538086
1531,153.1,154.1,0.7036277055740356,0.7036277055740356
1532,153.2,154.2,0.8112238049507141,0.8112238049507141
1533,153.3,154.3,0.7856164574623108,0.7856164574623108
1534,153.4,154.4,0.5489126443862915,0.5489126443862915
1535,153.5,154.5,0.9217091798782349,0.9217091798782349
1536,153.6,154.6,0.9422571063041687,0.9422571063041687
1537,153.7,154.7,0.7805046439170837,0.7805046439170837
1538,153.8,154.8,0.8691571950912476,0.8691571950912476
1539,153.9,154.9,0.6037172675132751,0.6037172675132751
1540,154.0,155.0,0.004628311842679977,0.004628311842679977
1541,154.1,155.1,0.6349496245384216,0.6349496245384216
1542,154.2,155.2,0.059703387320041656,0.059703387320041656
1543,154.3,155.3,0.0008765761740505695,0.0008765761740505695
1544,154.4,155.4,6.800311530241743e-05,6.800311530241743e-05
1545,154.5,155.5,0.0003503928310237825,0.0003503928310237825
1546,154.6,155.6,0.0008134859381243587,0.0008134859381243587
1547,154.7,155.7,8.310165867442265e-05,8.310165867442265e-05
1548,154.8,155.8,0.0004159744712524116,0.0004159744712524116
1549,154.9,155.9,4.3939377064816654e-05,4.3939377064816654e-05
1550,155.0,156.0,0.0012703660177066922,0.0012703660177066922
1551,155.1,156.1,0.01808571070432663,0.01808571070432663
1552,155.2,156.2,0.9958760142326355,0.9958760142326355
1553,155.3,156.3,0.9998388290405273,0.9998388290405273
1554,155.4,156.4,0.9993212223052979,0.9993212223052979
1555,155.5,156.5,0.990211546421051,0.990211546421051
1556,155.6,156.6,0.9899652600288391,0.9899652600288391
1557,155.7,156.7,0.9783348441123962,0.9783348441123962
1558,155.8,156.8,0.964788556098938,0.964788556098938
1559,155.9,156.9,0.9304080009460449,0.9304080009460449
1560,156.0,157.0,0.08193174749612808,0.08193174749612808
1561,156.1,157.1,0.005800919607281685,0.005800919607281685
1562,156.2,157.2,0.008881809189915657,0.008881809189915657
1563,156.3,157.3,0.002447812119498849,0.002447812119498849
1564,156.4,157.4,0.0011247777147218585,0.0011247777147218585
1565,156.5,157.5,0.0005655489512719214,0.0005655489512719214
1566,156.6,157.6,0.0006688055582344532,0.0006688055582344532
1567,156.7,157.7,0.0012399471597746015,0.0012399471597746015
1568,156.8,157.8,0.0023354736622422934,0.0023354736622422934
1569,156.9,157.9,0.0011601931182667613,0.0011601931182667613
1570,157.0,158.0,0.001952218939550221,0.001952218939550221
1571,157.1,158.1,0.00278682098723948,0.00278682098723948
1572,157.2,158.2,0.03320074453949928,0.03320074453949928
1573,157.3,158.3,0.6905214190483093,0.6905214190483093
1574,157.4,158.4,0.8077288866043091,0.8077288866043091
1575,157.5,158.5,0.9777740240097046,0.9777740240097046
1576,157.6,158.6,0.9956513047218323,0.9956513047218323
1577,157.7,158.7,0.9986012578010559,0.9986012578010559
1578,157.8,158.8,0.9997597336769104,0.9997597336769104
1579,157.9,158.9,0.9751395583152771,0.9751395583152771
1580,158.0,159.0,0.9954971075057983,0.9954971075057983
1581,158.1,159.1,0.995735764503479,0.995735764503479
1582,158.2,159.2,0.992938756942749,0.992938756942749
1583,158.3,159.3,0.9938143491744995,0.9938143491744995
1584,158.4,159.4,0.22067375481128693,0.22067375481128693
1585,158.5,159.5,0.522117018699646,0.522117018699646
1586,158.6,159.6,0.019903408363461494,0.019903408363461494
1587,158.7,159.7,0.009381739422678947,0.009381739422678947
1588,158.8,159.8,0.0007393080159090459,0.0007393080159090459
1589,158.9,159.9,0.00017135620873887092,0.00017135620873887092
1590,159.0,160.0,0.0005067332531325519,0.0005067332531325519
1591,159.1,160.1,0.0014477395452558994,0.0014477395452558994
1592,159.2,160.2,0.005446298513561487,0.005446298513561487
1593,159.3,160.3,0.002552305581048131,0.002552305581048131
1594,159.4,160.4,0.0001409460965078324,0.0001409460965078324
1595,159.5,160.5,0.01262444444000721,0.01262444444000721
1596,159.6,160.6,0.5978556871414185,0.5978556871414185
1597,159.7,160.7,0.37602147459983826,0.37602147459983826
1598,159.8,160.8,0.5599801540374756,0.5599801540374756
1599,159.9,160.9,0.35619065165519714,0.35619065165519714
1600,160.0,161.0,0.9501935243606567,0.9501935243606567
1601,160.1,161.1,0.2151077836751938,0.2151077836751938
1602,160.2,161.2,0.9442926645278931,0.9442926645278931
1603,160.3,161.3,0.7257156372070312,0.7257156372070312
1604,160.4,161.4,0.057213522493839264,0.057213522493839264
1605,160.5,161.5,0.15110376477241516,0.15110376477241516
1606,160.6,161.6,0.41211438179016113,0.41211438179016113
1607,160.7,161.7,0.3030005693435669,0.3030005693435669
1608,160.8,161.8,0.20622268319129944,0.20622268319129944
1609,160.9,161.9,0.006828817073255777,0.006828817073255777
1610,161.0,162.0,5.394179606810212e-05,5.394179606810212e-05
1611,161.1,162.1,0.00014603445015382022,0.00014603445015382022
1612,161.2,162.2,0.002552672289311886,0.002552672289311886
1613,161.3,162.3,6.859325367258862e-05,6.859325367258862e-05
1614,161.4,162.4,6.813617801526561e-05,6.813617801526561e-05
1615,161.5,162.5,8.524011354893446e-05,8.524011354893446e-05
1616,161.6,162.6,0.0010143393883481622,0.0010143393883481622
1617,161.7,162.7,0.007933361455798149,0.007933361455798149
1618,161.8,162.8,0.4152185022830963,0.4152185022830963
1619,161.9,162.9,0.2873031795024872,0.2873031795024872
1620,162.0,163.0,0.7241631746292114,0.7241631746292114
1621,162.1,163.1,0.9595840573310852,0.9595840573310852
1622,162.2,163.2,0.5950489640235901,0.5950489640235901
1623,162.3,163.3,0.48586782813072205,0.48586782813072205
1624,162.4,163.4,0.0021604481153190136,0.0021604481153190136
1625,162.5,163.5,0.6761474013328552,0.6761474013328552
1626,162.6,163.6,0.16944599151611328,0.16944599151611328
1627,162.7,163.7,0.30816394090652466,0.30816394090652466
1628,162.8,163.8,0.05650584027171135,0.05650584027171135
1629,162.9,163.9,0.0429193414747715,0.0429193414747715
1630,163.0,164.0,0.009083569049835205,0.009083569049835205
1631,163.1,164.1,0.00296401372179389,0.00296401372179389
1632,163.2,164.2,0.0005362367955967784,0.0005362367955967784
1633,163.3,164.3,0.00480223773047328,0.00480223773047328
1634,163.4,164.4,0.00019861551118083298,0.00019861551118083298
1635,163.5,164.5,0.00791315920650959,0.00791315920650959
1636,163.6,164.6,0.008665960282087326,0.008665960282087326
1637,163.7,164.7,0.0002404472033958882,0.0002404472033958882
1638,163.8,164.8,0.9923014640808105,0.9923014640808105
1639,163.9,164.9,0.9992749094963074,0.9992749094963074
1640,164.0,165.0,0.9931032657623291,0.9931032657623291
1641,164.1,165.1,0.7472715973854065,0.7472715973854065
1642,164.2,165.2,0.7974873185157776,0.7974873185157776
1643,164.3,165.3,0.9799540042877197,0.9799540042877197
1644,164.4,165.4,0.9969415068626404,0.9969415068626404
1645,164.5,165.5,0.9804209470748901,0.9804209470748901
1646,164.6,165.6,0.938798725605011,0.938798725605011
1647,164.7,165.7,0.9816548824310303,0.9816548824310303
1648,164.8,165.8,0.7745316028594971,0.7745316028594971
1649,164.9,165.9,0.9558249115943909,0.9558249115943909
1650,165.0,166.0,0.9955999851226807,0.9955999851226807
1651,165.1,166.1,0.5259427428245544,0.5259427428245544
1652,165.2,166.2,0.7073811292648315,0.7073811292648315
1653,165.3,166.3,0.091145358979702,0.091145358979702
1654,165.4,166.4,0.014562186785042286,0.014562186785042286
1655,165.5,166.5,0.008524278178811073,0.008524278178811073
1656,165.6,166.6,0.003964487463235855,0.003964487463235855
1657,165.7,166.7,0.8857907056808472,0.8857907056808472
1658,165.8,166.8,0.019778376445174217,0.019778376445174217
1659,165.9,166.9,0.007710831705480814,0.007710831705480814
1660,166.0,167.0,0.15188078582286835,0.15188078582286835
1661,166.1,167.1,0.9783471822738647,0.9783471822738647
1662,166.2,167.2,0.9774032235145569,0.9774032235145569
1663,166.3,167.3,0.9933828115463257,0.9933828115463257
1664,166.4,167.4,0.8822230100631714,0.8822230100631714
1665,166.5,167.5,0.8404346108436584,0.8404346108436584
1666,166.6,167.6,0.9875031113624573,0.9875031113624573
1667,166.7,167.7,0.8132199645042419,0.8132199645042419
1668,166.8,167.8,0.9993207454681396,0.9993207454681396
1669,166.9,167.9,0.9989367127418518,0.9989367127418518
1670,167.0,168.0,0.9991925358772278,0.9991925358772278
1671,167.1,168.1,0.9778788089752197,0.9778788089752197
1672,167.2,168.2,0.9978969097137451,0.9978969097137451
1673,167.3,168.3,0.9545934200286865,0.9545934200286865
1674,167.4,168.4,0.7811900973320007,0.7811900973320007
1675,167.5,168.5,0.39690905809402466,0.39690905809402466
1676,167.6,168.6,0.00966791994869709,0.00966791994869709
1677,167.7,168.7,0.07837767899036407,0.07837767899036407
1678,167.8,168.8,0.015453080646693707,0.015453080646693707
1679,167.9,168.9,0.029607605189085007,0.029607605189085007
1680,168.0,169.0,0.0011840544175356627,0.0011840544175356627
1681,168.1,169.1,3.6559958971338347e-05,3.6559958971338347e-05
1682,168.2,169.2,0.0017272629775106907,0.0017272629775106907
1683,168.3,169.3,0.49830055236816406,0.49830055236816406
1684,168.4,169.4,0.08587638288736343,0.08587638288736343
1685,168.5,169.5,0.09042289108037949,0.09042289108037949
1686,168.6,169.6,0.3352408707141876,0.3352408707141876
1687,168.7,169.7,0.14104676246643066,0.14104676246643066
1688,168.8,169.8,0.08108211308717728,0.08108211308717728
1689,168.9,169.9,0.2291828691959381,0.2291828691959381
1690,169.0,170.0,0.16814477741718292,0.16814477741718292
1691,169.1,170.1,0.30554771423339844,0.30554771423339844
1692,169.2,170.2,0.028974907472729683,0.028974907472729683
1693,169.3,170.3,0.10922344028949738,0.10922344028949738
1694,169.4,170.4,0.6129508018493652,0.6129508018493652
1695,169.5,170.5,0.3408087193965912,0.3408087193965912
1696,169.6,170.6,0.0024618429597467184,0.0024618429597467184
1697,169.7,170.7,0.4182150363922119,0.4182150363922119
1698,169.8,170.8,0.012456345371901989,0.012456345371901989
1699,169.9,170.9,0.01572444848716259,0.01572444848716259
1700,170.0,171.0,0.01388089545071125,0.01388089545071125
1701,170.1,171.1,0.00041761677130125463,0.00041761677130125463
1702,170.2,171.2,0.0037764539010822773,0.0037764539010822773
1703,170.3,171.3,0.0017812600126489997,0.0017812600126489997
1704,170.4,171.4,0.0014652551617473364,0.0014652551617473364
1705,170.5,171.5,0.0007536397315561771,0.0007536397315561771
1706,170.6,171.6,0.001763449516147375,0.001763449516147375
1707,170.7,171.7,0.000540201785042882,0.000540201785042882
1708,170.8,171.8,0.8441717624664307,0.8441717624664307
1709,170.9,171.9,0.5266755223274231,0.5266755223274231
1710,171.0,172.0,0.8574314117431641,0.8574314117431641
1711,171.1,172.1,0.7845667600631714,0.7845667600631714
1712,171.2,172.2,0.7556232810020447,0.7556232810020447
1713,171.3,172.3,0.3576717972755432,0.3576717972755432
1714,171.4,172.4,0.2863893508911133,0.2863893508911133
1715,171.5,172.5,0.9406389594078064,0.9406389594078064
1716,171.6,172.6,0.4409922659397125,0.4409922659397125
1717,171.7,172.7,0.6525910496711731,0.6525910496711731
1718,171.8,172.8,0.2484339028596878,0.2484339028596878
1719,171.9,172.9,0.9172279238700867,0.9172279238700867
1720,172.0,173.0,0.6846423745155334,0.6846423745155334
1721,172.1,173.1,0.8566080331802368,0.8566080331802368
1722,172.2,173.2,0.01824330724775791,0.01824330724775791
1723,172.3,173.3,0.05289698764681816,0.05289698764681816
1724,172.4,173.4,0.00782867893576622,0.00782867893576622
1725,172.5,173.5,0.028731344267725945,0.028731344267725945
1726,172.6,173.6,0.016799630597233772,0.016799630597233772
1727,172.7,173.7,0.0033456040546298027,0.0033456040546298027
1728,172.8,173.8,0.47251400351524353,0.47251400351524353
1729,172.9,173.9,7.239200931508094e-05,7.239200931508094e-05
1730,173.0,174.0,0.0007981261587701738,0.0007981261587701738
1731,173.1,174.1,0.00017749295511748642,0.00017749295511748642
1732,173.2,174.2,0.0199647918343544,0.0199647918343544
1733,173.3,174.3,0.002553899772465229,0.002553899772465229
1734,173.4,174.4,0.8221373558044434,0.8221373558044434
1735,173.5,174.5,0.10509735345840454,0.10509735345840454
1736,173.6,174.6,0.5080412030220032,0.5080412030220032
1737,173.7,174.7,0.44961342215538025,0.44961342215538025
1738,173.8,174.8,0.012291769497096539,0.012291769497096539
1739,173.9,174.9,0.0066771237179636955,0.0066771237179636955
1740,174.0,175.0,0.004337766673415899,0.004337766673415899
1741,174.1,175.1,0.00992213562130928,0.00992213562130928
1742,174.2,175.2,0.15336433053016663,0.15336433053016663
1743,174.3,175.3,0.02282288670539856,0.02282288670539856
1744,174.4,175.4,0.04741236940026283,0.04741236940026283
1745,174.5,175.5,0.00444050133228302,0.00444050133228302
1746,174.6,175.6,0.015472812578082085,0.015472812578082085
1747,174.7,175.7,0.04443429037928581,0.04443429037928581
1748,174.8,175.8,0.0032510170713067055,0.0032510170713067055
1749,174.9,175.9,0.0010746716288849711,0.0010746716288849711
1750,175.0,176.0,0.002822092268615961,0.002822092268615961
1751,175.1,176.1,0.005311535205692053,0.005311535205692053
1752,175.2,176.2,0.9584012031555176,0.9584012031555176
1753,175.3,176.3,0.10397124290466309,0.10397124290466309
1754,175.4,176.4,0.9914120435714722,0.9914120435714722
1755,175.5,176.5,0.07062582671642303,0.07062582671642303
1756,175.6,176.6,0.9984421133995056,0.9984421133995056
1757,175.7,176.7,0.9104278087615967,0.9104278087615967
1758,175.8,176.8,0.8580193519592285,0.8580193519592285
1759,175.9,176.9,0.8068385720252991,0.8068385720252991
1760,176.0,177.0,0.4895821809768677,0.4895821809768677
1761,176.1,177.1,0.026963572949171066,0.026963572949171066
1762,176.2,177.2,0.19045183062553406,0.19045183062553406
1763,176.3,177.3,0.46184638142585754,0.46184638142585754
1764,176.4,177.4,0.4655146598815918,0.4655146598815918
1765,176.5,177.5,0.45620155334472656,0.45620155334472656
1766,176.6,177.6,0.5608539581298828,0.5608539581298828
1767,176.7,177.7,0.061443768441677094,0.061443768441677094
1768,176.8,177.8,0.0012350784381851554,0.0012350784381851554
1769,176.9,177.9,0.002970281057059765,0.002970281057059765
1770,177.0,178.0,0.0006092195399105549,0.0006092195399105549
1771,177.1,178.1,0.0020802784711122513,0.0020802784711122513
1772,177.2,178.2,0.0006742586265318096,0.0006742586265318096
1773,177.3,178.3,0.0031351414509117603,0.0031351414509117603
1774,177.4,178.4,0.03898494690656662,0.03898494690656662
1775,177.5,178.5,0.03954687714576721,0.03954687714576721
1776,177.6,178.6,0.04460150748491287,0.04460150748491287
1777,177.7,178.7,0.06646573543548584,0.06646573543548584
1778,177.8,178.8,0.009763150475919247,0.009763150475919247
1779,177.9,178.9,0.14008104801177979,0.14008104801177979
1780,178.0,179.0,0.11327506601810455,0.11327506601810455
1781,178.1,179.1,0.15993741154670715,0.15993741154670715
1782,178.2,179.2,0.15196366608142853,0.15196366608142853
1783,178.3,179.3,0.031208166852593422,0.031208166852593422
1784,178.4,179.4,0.009968896396458149,0.009968896396458149
1785,178.5,179.5,0.14641819894313812,0.14641819894313812
1786,178.6,179.6,0.2402583360671997,0.2402583360671997
1787,178.7,179.7,0.49064967036247253,0.49064967036247253
1788,178.8,179.8,0.6416340470314026,0.6416340470314026
1789,178.9,179.9,0.006633319426327944,0.006633319426327944
1790,179.0,180.0,0.011966667138040066,0.011966667138040066
1791,179.1,180.1,0.002183346776291728,0.002183346776291728
1792,179.2,180.2,0.0037523501086980104,0.0037523501086980104
1793,179.3,180.3,0.0006152085261419415,0.0006152085261419415
1794,179.4,180.4,0.00035025490797124803,0.00035025490797124803
1795,179.5,180.5,0.00015319940575864166,0.00015319940575864166
1796,179.6,180.6,0.0006407086038962007,0.0006407086038962007
1797,179.7,180.7,0.0003113873244728893,0.0003113873244728893
1798,179.8,180.8,0.0002657046134117991,0.0002657046134117991
1799,179.9,180.9,0.00479938555508852,0.00479938555508852
1800,180.0,181.0,0.0008133649826049805,0.0008133649826049805
1801,180.1,181.1,0.06709527224302292,0.06709527224302292
1802,180.2,181.2,0.5478397011756897,0.5478397011756897
1803,180.3,181.3,0.9297736883163452,0.9297736883163452
1804,180.4,181.4,0.9049230813980103,0.9049230813980103
1805,180.5,181.5,0.8929824233055115,0.8929824233055115
1806,180.6,181.6,0.766205370426178,0.766205370426178
1807,180.7,181.7,0.6152083277702332,0.6152083277702332
1808,180.8,181.8,0.865323543548584,0.865323543548584
1809,180.9,181.9,0.8509018421173096,0.8509018421173096
1810,181.0,182.0,0.5368702411651611,0.5368702411651611
1811,181.1,182.1,0.010261999443173409,0.010261999443173409
1812,181.2,182.2,0.005933155305683613,0.005933155305683613
1813,181.3,182.3,0.025481805205345154,0.025481805205345154
1814,181.4,182.4,0.00030548201175406575,0.00030548201175406575
1815,181.5,182.5,0.00015816754603292793,0.00015816754603292793
1816,181.6,182.6,9.107521327678114e-05,9.107521327678114e-05
1817,181.7,182.7,3.1038034649100155e-05,3.1038034649100155e-05
1818,181.8,182.8,0.0001693053200142458,0.0001693053200142458
1819,181.9,182.9,0.0001836605224525556,0.0001836605224525556
1820,182.0,183.0,0.00014635758998338133,0.00014635758998338133
1821,182.1,183.1,0.002335860626772046,0.002335860626772046
1822,182.2,183.2,0.0022779430728405714,0.0022779430728405714
1823,182.3,183.3,0.009020872414112091,0.009020872414112091
1824,182.4,183.4,0.06688127666711807,0.06688127666711807
1825,182.5,183.5,0.3857302665710449,0.3857302665710449
1826,182.6,183.6,0.7925058007240295,0.7925058007240295
1827,182.7,183.7,0.6743776798248291,0.6743776798248291
1828,182.8,183.8,0.872745156288147,0.872745156288147
1829,182.9,183.9,0.9740083813667297,0.9740083813667297
1830,183.0,184.0,0.9909913539886475,0.9909913539886475
1831,183.1,184.1,0.9867973327636719,0.9867973327636719
1832,183.2,184.2,0.8846074938774109,0.8846074938774109
1833,183.3,184.3,0.8299182653427124,0.8299182653427124
1834,183.4,184.4,0.6855522394180298,0.6855522394180298
1835,183.5,184.5,0.5086754560470581,0.5086754560470581
1836,183.6,184.6,0.06321412324905396,0.06321412324905396
1837,183.7,184.7,0.20404347777366638,0.20404347777366638
1838,183.8,184.8,0.0030976287089288235,0.0030976287089288235
1839,183.9,184.9,0.0013526607071980834,0.0013526607071980834
1840,184.0,185.0,8.878148219082505e-05,8.878148219082505e-05
1841,184.1,185.1,0.003576453309506178,0.003576453309506178
1842,184.2,185.2,0.000183175754500553,0.000183175754500553
1843,184.3,185.3,0.00020571670029312372,0.00020571670029312372
1844,184.4,185.4,2.94651781587163e-05,2.94651781587163e-05
1845,184.5,185.5,6.224198295967653e-05,6.224198295967653e-05
1846,184.6,185.6,0.00011317867028992623,0.00011317867028992623
1847,184.7,185.7,8.861782407620922e-05,8.861782407620922e-05
1848,184.8,185.8,0.000517054577358067,0.000517054577358067
1849,184.9,185.9,0.001341479946859181,0.001341479946859181
1850,185.0,186.0,0.0014436129713431,0.0014436129713431
1851,185.1,186.1,0.06427055597305298,0.06427055597305298
1852,185.2,186.2,0.7283835411071777,0.7283835411071777
1853,185.3,186.3,0.9672941565513611,0.9672941565513611
1854,185.4,186.4,0.4360021948814392,0.4360021948814392
1855,185.5,186.5,0.0378098301589489,0.0378098301589489
1856,185.6,186.6,0.19460050761699677,0.19460050761699677
1857,185.7,186.7,0.1638859659433365,0.1638859659433365
1858,185.8,186.8,0.4277772307395935,0.4277772307395935
1859,185.9,186.9,0.33401748538017273,0.33401748538017273
1860,186.0,187.0,0.003212834009900689,0.003212834009900689
1861,186.1,187.1,0.000820723595097661,0.000820723595097661
1862,186.2,187.2,0.0004085866967216134,0.0004085866967216134
1863,186.3,187.3,0.0038381966296583414,0.0038381966296583414
1864,186.4,187.4,0.0007079074275679886,0.0007079074275679886
1865,186.5,187.5,0.0006425988394767046,0.0006425988394767046
1866,186.6,187.6,0.0011259806342422962,0.0011259806342422962
1867,186.7,187.7,0.00258944951929152,0.00258944951929152
1868,186.8,187.8,0.003304915502667427,0.003304915502667427
1869,186.9,187.9,0.0027569050434976816,0.0027569050434976816
1870,187.0,188.0,0.0019338083220645785,0.0019338083220645785
1871,187.1,188.1,0.0004460355266928673,0.0004460355266928673
1872,187.2,188.2,0.9177071452140808,0.9177071452140808
1873,187.3,188.3,0.4194754362106323,0.4194754362106323
1874,187.4,188.4,0.3227333128452301,0.3227333128452301
1875,187.5,188.5,0.5131363868713379,0.5131363868713379
1876,187.6,188.6,0.8708497285842896,0.8708497285842896
1877,187.7,188.7,0.6345512270927429,0.6345512270927429
1878,187.8,188.8,0.9547581076622009,0.9547581076622009
1879,187.9,188.9,0.9789135456085205,0.9789135456085205
1880,188.0,189.0,0.9231544733047485,0.9231544733047485
1881,188.1,189.1,0.13102640211582184,0.13102640211582184
1882,188.2,189.2,0.22465141117572784,0.22465141117572784
1883,188.3,189.3,0.7602437138557434,0.7602437138557434
1884,188.4,189.4,0.9892158508300781,0.9892158508300781
1885,188.5,189.5,0.002672283910214901,0.002672283910214901
1886,188.6,189.6,0.000782336515840143,0.000782336515840143
1887,188.7,189.7,0.004152875859290361,0.004152875859290361
1888,188.8,189.8,0.0003751695330720395,0.0003751695330720395
1889,188.9,189.9,0.0007611945038661361,0.0007611945038661361
1890,189.0,190.0,0.0012099030427634716,0.0012099030427634716
1891,189.1,190.1,0.0006264153635129333,0.0006264153635129333
1892,189.2,190.2,0.00045387010322883725,0.00045387010322883725
1893,189.3,190.3,0.0005243751802481711,0.0005243751802481711
1894,189.4,190.4,0.004420239478349686,0.004420239478349686
1895,189.5,190.5,0.04183901473879814,0.04183901473879814
1896,189.6,190.6,0.194294735789299,0.194294735789299
1897,189.7,190.7,0.9129858613014221,0.9129858613014221
1898,189.8,190.8,0.9858621954917908,0.9858621954917908
1899,189.9,190.9,0.09773080796003342,0.09773080796003342
1900,190.0,191.0,0.20946648716926575,0.20946648716926575
1901,190.1,191.1,0.8346258997917175,0.8346258997917175
1902,190.2,191.2,0.10720673203468323,0.10720673203468323
1903,190.3,191.3,0.2157149761915207,0.2157149761915207
1904,190.4,191.4,0.33649006485939026,0.33649006485939026
1905,190.5,191.5,0.9258960485458374,0.9258960485458374
1906,190.6,191.6,0.9325531125068665,0.9325531125068665
1907,190.7,191.7,0.9656787514686584,0.9656787514686584
1908,190.8,191.8,0.9746570587158203,0.9746570587158203
1909,190.9,191.9,0.5980890393257141,0.5980890393257141
1910,191.0,192.0,0.7509908080101013,0.7509908080101013
1911,191.1,192.1,0.3781629204750061,0.3781629204750061
1912,191.2,192.2,0.004182688891887665,0.004182688891887665
1913,191.3,192.3,0.004969780333340168,0.004969780333340168
1914,191.4,192.4,0.0005054674693383276,0.0005054674693383276
1915,191.5,192.5,0.0005063677672296762,0.0005063677672296762
1916,191.6,192.6,3.877005656249821e-05,3.877005656249821e-05
1917,191.7,192.7,0.0002223321789642796,0.0002223321789642796
1918,191.8,192.8,0.00015351657930295914,0.00015351657930295914
1919,191.9,192.9,0.000421107339207083,0.000421107339207083
1920,192.0,193.0,0.02273496426641941,0.02273496426641941
1921,192.1,193.1,0.16709044575691223,0.16709044575691223
1922,192.2,193.2,0.8759889006614685,0.8759889006614685
1923,192.3,193.3,0.9381832480430603,0.9381832480430603
1924,192.4,193.4,0.8715741038322449,0.8715741038322449
1925,192.5,193.5,0.9942895174026489,0.9942895174026489
1926,192.6,193.6,0.9961786270141602,0.9961786270141602
1927,192.7,193.7,0.9977158308029175,0.9977158308029175
1928,192.8,193.8,0.998835027217865,0.998835027217865
1929,192.9,193.9,0.9985553622245789,0.9985553622245789
1930,193.0,194.0,0.9804343581199646,0.9804343581199646
1931,193.1,194.1,0.6483520865440369,0.6483520865440369
1932,193.2,194.2,0.0974477156996727,0.0974477156996727
1933,193.3,194.3,0.006820691283792257,0.006820691283792257
1934,193.4,194.4,0.014966821298003197,0.014966821298003197
1935,193.5,194.5,0.0007127122371457517,0.0007127122371457517
1936,193.6,194.6,0.0006105885258875787,0.0006105885258875787
1937,193.7,194.7,0.00042362944805063307,0.00042362944805063307
1938,193.8,194.8,0.0003575680311769247,0.0003575680311769247
1939,193.9,194.9,0.0004241167625878006,0.0004241167625878006
1940,194.0,195.0,0.0005914506618864834,0.0005914506618864834
1941,194.1,195.1,0.007478093262761831,0.007478093262761831
1942,194.2,195.2,0.0033076168037950993,0.0033076168037950993
1943,194.3,195.3,0.010732771828770638,0.010732771828770638
1944,194.4,195.4,0.3637295365333557,0.3637295365333557
1945,194.5,195.5,0.7509152293205261,0.7509152293205261
1946,194.6,195.6,0.6394802331924438,0.6394802331924438
1947,194.7,195.7,0.9066915512084961,0.9066915512084961
1948,194.8,195.8,0.875044047832489,0.875044047832489
1949,194.9,195.9,0.9246770143508911,0.9246770143508911
1950,195.0,196.0,0.6133953332901001,0.6133953332901001
1951,195.1,196.1,0.9106473326683044,0.9106473326683044
1952,195.2,196.2,0.7770566940307617,0.7770566940307617
1953,195.3,196.3,0.8630253076553345,0.8630253076553345
1954,195.4,196.4,0.3969093859195709,0.3969093859195709
1955,195.5,196.5,0.0813257247209549,0.0813257247209549
1956,195.6,196.6,0.06243102625012398,0.06243102625012398
1957,195.7,196.7,0.03239371255040169,0.03239371255040169
1958,195.8,196.8,0.06155305728316307,0.06155305728316307
1959,195.9,196.9,0.0032604795414954424,0.0032604795414954424
1960,196.0,197.0,0.002383104059845209,0.002383104059845209
1961,196.1,197.1,0.1398897022008896,0.1398897022008896
1962,196.2,197.2,0.5144644379615784,0.5144644379615784
1963,196.3,197.3,0.6066850423812866,0.6066850423812866
1964,196.4,197.4,0.04156465455889702,0.04156465455889702
1965,196.5,197.5,0.5650519728660583,0.5650519728660583
1966,196.6,197.6,0.3340683877468109,0.3340683877468109
1967,196.7,197.7,0.998305082321167,0.998305082321167
1968,196.8,197.8,0.99529629945755,0.99529629945755
1969,196.9,197.9,0.9350605010986328,0.9350605010986328
1970,197.0,198.0,0.1460660696029663,0.1460660696029663
1971,197.1,198.1,0.06446737796068192,0.06446737796068192
1972,197.2,198.2,0.18764004111289978,0.18764004111289978
1973,197.3,198.3,0.47851020097732544,0.47851020097732544
1974,197.4,198.4,0.15320518612861633,0.15320518612861633
1975,197.5,198.5,0.14270614087581635,0.14270614087581635
1976,197.6,198.6,0.5855989456176758,0.5855989456176758
1977,197.7,198.7,0.519873321056366,0.519873321056366
1978,197.8,198.8,0.7185236215591431,0.7185236215591431
1979,197.9,198.9,0.9471419453620911,0.9471419453620911
1980,198.0,199.0,0.6442818641662598,0.6442818641662598
1981,198.1,199.1,0.3898468315601349,0.3898468315601349
1982,198.2,199.2,0.8882390856742859,0.8882390856742859
1983,198.3,199.3,0.0034019609447568655,0.0034019609447568655
1984,198.4,199.4,0.003580353455618024,0.003580353455618024
1985,198.5,199.5,0.003927790559828281,0.003927790559828281
1986,198.6,199.6,0.006874444428831339,0.006874444428831339
1987,198.7,199.7,0.0004485483805183321,0.0004485483805183321
1988,198.8,199.8,0.00022975059982854873,0.00022975059982854873
1989,198.9,199.9,0.000697257521096617,0.000697257521096617
1990,199.0,200.0,0.0003216315235476941,0.0003216315235476941
1991,199.1,200.1,0.000349245237885043,0.000349245237885043
1992,199.2,200.2,0.0014969989424571395,0.0014969989424571395
1993,199.3,200.3,0.0003522405750118196,0.0003522405750118196
1994,199.4,200.4,0.0004788284713868052,0.0004788284713868052
1995,199.5,200.5,0.01805129460990429,0.01805129460990429
1996,199.6,200.6,0.37288177013397217,0.37288177013397217
1997,199.7,200.7,0.3034074604511261,0.3034074604511261
1998,199.8,200.8,0.3632989823818207,0.3632989823818207
1999,199.9,200.9,0.9047802090644836,0.9047802090644836
2000,200.0,201.0,0.8161903619766235,0.8161903619766235
2001,200.1,201.1,0.6740452647209167,0.6740452647209167
2002,200.2,201.2,0.6431487202644348,0.6431487202644348
2003,200.3,201.3,0.5570644736289978,0.5570644736289978
2004,200.4,201.4,0.5610207915306091,0.5610207915306091
2005,200.5,201.5,0.8835841417312622,0.8835841417312622
2006,200.6,201.6,0.9888646602630615,0.9888646602630615
2007,200.7,201.7,0.938784122467041,0.938784122467041
2008,200.8,201.8,0.1778029501438141,0.1778029501438141
2009,200.9,201.9,0.3147467374801636,0.3147467374801636
2010,201.0,202.0,0.8269774913787842,0.8269774913787842
2011,201.1,202.1,0.007199044805020094,0.007199044805020094
2012,201.2,202.2,0.00868032593280077,0.00868032593280077
2013,201.3,202.3,0.0043239472433924675,0.0043239472433924675
2014,201.4,202.4,0.01806807890534401,0.01806807890534401
2015,201.5,202.5,0.0035133827477693558,0.0035133827477693558
2016,201.6,202.6,0.008211965672671795,0.008211965672671795
2017,201.7,202.7,0.0069040474481880665,0.0069040474481880665
2018,201.8,202.8,0.09539695829153061,0.09539695829153061
2019,201.9,202.9,0.6843056082725525,0.6843056082725525
2020,202.0,203.0,0.5813374519348145,0.5813374519348145
2021,202.1,203.1,0.05270225182175636,0.05270225182175636
2022,202.2,203.2,0.02097560651600361,0.02097560651600361
2023,202.3,203.3,0.00633116252720356,0.00633116252720356
2024,202.4,203.4,0.001365726930089295,0.001365726930089295
2025,202.5,203.5,0.0008514025248587132,0.0008514025248587132
2026,202.6,203.6,0.05586366727948189,0.05586366727948189
2027,202.7,203.7,0.13617141544818878,0.13617141544818878
2028,202.8,203.8,0.20232315361499786,0.20232315361499786
2029,202.9,203.9,0.5555816888809204,0.5555816888809204
2030,203.0,204.0,0.881196916103363,0.881196916103363
2031,203.1,204.1,0.9246041774749756,0.9246041774749756
2032,203.2,204.2,0.8063444495201111,0.8063444495201111
2033,203.3,204.3,0.9458037614822388,0.9458037614822388
2034,203.4,204.4,0.47578686475753784,0.47578686475753784
2035,203.5,204.5,0.03199877589941025,0.03199877589941025
2036,203.6,204.6,0.745903730392456,0.745903730392456
2037,203.7,204.7,0.02175004594027996,0.02175004594027996
2038,203.8,204.8,0.0008527438039891422,0.0008527438039891422
2039,203.9,204.9,0.00015582569176331162,0.00015582569176331162
2040,204.0,205.0,0.00039806312997825444,0.00039806312997825444
2041,204.1,205.1,0.0005168989300727844,0.0005168989300727844
2042,204.2,205.2,0.0012437055120244622,0.0012437055120244622
2043,204.3,205.3,0.0008584039751440287,0.0008584039751440287
2044,204.4,205.4,0.00037706090370193124,0.00037706090370193124
2045,204.5,205.5,0.0005951336352154613,0.0005951336352154613
2046,204.6,205.6,0.004114404786378145,0.004114404786378145
2047,204.7,205.7,0.6552674174308777,0.6552674174308777
2048,204.8,205.8,0.4603208601474762,0.4603208601474762
2049,204.9,205.9,0.6365126967430115,0.6365126967430115
2050,205.0,206.0,0.9792709350585938,0.9792709350585938
2051,205.1,206.1,0.996867835521698,0.996867835521698
2052,205.2,206.2,0.9947032332420349,0.9947032332420349
2053,205.3,206.3,0.99930739402771,0.99930739402771
2054,205.4,206.4,0.9913184642791748,0.9913184642791748
2055,205.5,206.5,0.9908664226531982,0.9908664226531982
2056,205.6,206.6,0.9985219836235046,0.9985219836235046
2057,205.7,206.7,0.9985684156417847,0.9985684156417847
2058,205.8,206.8,0.9130497574806213,0.9130497574806213
2059,205.9,206.9,0.9759373664855957,0.9759373664855957
2060,206.0,207.0,0.9529618620872498,0.9529618620872498
2061,206.1,207.1,0.41644030809402466,0.41644030809402466
2062,206.2,207.2,0.9728195071220398,0.9728195071220398
2063,206.3,207.3,0.039026737213134766,0.039026737213134766
2064,206.4,207.4,0.0022240374237298965,0.0022240374237298965
2065,206.5,207.5,0.0038759433664381504,0.0038759433664381504
2066,206.6,207.6,0.004903451073914766,0.004903451073914766
2067,206.7,207.7,0.0026706005446612835,0.0026706005446612835
2068,206.8,207.8,0.011800786480307579,0.011800786480307579
2069,206.9,207.9,0.2783244252204895,0.2783244252204895
2070,207.0,208.0,0.20313598215579987,0.20313598215579987
2071,207.1,208.1,0.7179311513900757,0.7179311513900757
2072,207.2,208.2,0.01749185472726822,0.01749185472726822
2073,207.3,208.3,0.022176580503582954,0.022176580503582954
2074,207.4,208.4,0.011707295663654804,0.011707295663654804
2075,207.5,208.5,0.014384498819708824,0.014384498819708824
2076,207.6,208.6,0.0030470252968370914,0.0030470252968370914
2077,207.7,208.7,0.009648376144468784,0.009648376144468784
2078,207.8,208.8,0.019715121015906334,0.019715121015906334
2079,207.9,208.9,0.00854423362761736,0.00854423362761736
2080,208.0,209.0,0.04424198344349861,0.04424198344349861
2081,208.1,209.1,0.6636766791343689,0.6636766791343689
2082,208.2,209.2,0.6378676891326904,0.6378676891326904
2083,208.3,209.3,0.3005225658416748,0.3005225658416748
2084,208.4,209.4,0.018766101449728012,0.018766101449728012
2085,208.5,209.5,0.0018615331500768661,0.0018615331500768661
2086,208.6,209.6,0.0013344843173399568,0.0013344843173399568
2087,208.7,209.7,0.00017014845798257738,0.00017014845798257738
2088,208.8,209.8,0.00019754409731831402,0.00019754409731831402
2089,208.9,209.9,6.884764297865331e-05,6.884764297865331e-05
2090,209.0,210.0,8.177844574674964e-05,8.177844574674964e-05
2091,209.1,210.1,0.00033345422707498074,0.00033345422707498074
2092,209.2,210.2,0.0006652152515016496,0.0006652152515016496
2093,209.3,210.3,0.0016264786245301366,0.0016264786245301366
2094,209.4,210.4,0.0020842170342803,0.0020842170342803
2095,209.5,210.5,0.04195965826511383,0.04195965826511383
2096,209.6,210.6,0.25201764702796936,0.25201764702796936
2097,209.7,210.7,0.11014869809150696,0.11014869809150696
2098,209.8,210.8,0.37497928738594055,0.37497928738594055
2099,209.9,210.9,0.9310753345489502,0.9310753345489502
2100,210.0,211.0,0.9179738759994507,0.9179738759994507
2101,210.1,211.1,0.9923332929611206,0.9923332929611206
2102,210.2,211.2,0.7881653904914856,0.7881653904914856
2103,210.3,211.3,0.8267120718955994,0.8267120718955994
2104,210.4,211.4,0.9748119711875916,0.9748119711875916
2105,210.5,211.5,0.9954028129577637,0.9954028129577637
2106,210.6,211.6,0.9989210367202759,0.9989210367202759
2107,210.7,211.7,0.9983647465705872,0.9983647465705872
2108,210.8,211.8,0.9887006878852844,0.9887006878852844
2109,210.9,211.9,0.9671364426612854,0.9671364426612854
2110,211.0,212.0,0.09281286597251892,0.09281286597251892
2111,211.1,212.1,0.02042628452181816,0.02042628452181816
2112,211.2,212.2,0.1254957765340805,0.1254957765340805
2113,211.3,212.3,0.055892594158649445,0.055892594158649445
2114,211.4,212.4,0.1654031127691269,0.1654031127691269
2115,211.5,212.5,0.017803439870476723,0.017803439870476723
2116,211.6,212.6,0.0009416048415005207,0.0009416048415005207
2117,211.7,212.7,0.00159951311070472,0.00159951311070472
2118,211.8,212.8,0.00033471992355771363,0.00033471992355771363
2119,211.9,212.9,0.001486779423430562,0.001486779423430562
2120,212.0,213.0,0.007074327208101749,0.007074327208101749
2121,212.1,213.1,0.0003048783109989017,0.0003048783109989017
2122,212.2,213.2,0.0009155292063951492,0.0009155292063951492
2123,212.3,213.3,0.046135276556015015,0.046135276556015015
2124,212.4,213.4,0.012720481492578983,0.012720481492578983
2125,212.5,213.5,0.09332311153411865,0.09332311153411865
2126,212.6,213.6,0.04285378009080887,0.04285378009080887
2127,212.7,213.7,0.047036394476890564,0.047036394476890564
2128,212.8,213.8,0.06839390099048615,0.06839390099048615
2129,212.9,213.9,0.35761189460754395,0.35761189460754395
2130,213.0,214.0,0.07637302577495575,0.07637302577495575
2131,213.1,214.1,0.5024763941764832,0.5024763941764832
2132,213.2,214.2,0.37860003113746643,0.37860003113746643
2133,213.3,214.3,0.013482905924320221,0.013482905924320221
2134,213.4,214.4,0.062372997403144836,0.062372997403144836
2135,213.5,214.5,0.005982958246022463,0.005982958246022463
2136,213.6,214.6,0.004628092050552368,0.004628092050552368
2137,213.7,214.7,0.004159519448876381,0.004159519448876381
2138,213.8,214.8,0.0001556085771881044,0.0001556085771881044
2139,213.9,214.9,0.00016829419473651797,0.00016829419473651797
2140,214.0,215.0,4.932423689751886e-05,4.932423689751886e-05
2141,214.1,215.1,0.013295603916049004,0.013295603916049004
2142,214.2,215.2,0.00014697348524350673,0.00014697348524350673
2143,214.3,215.3,0.005239842925220728,0.005239842925220728
2144,214.4,215.4,0.04446803405880928,0.04446803405880928
2145,214.5,215.5,0.6253297328948975,0.6253297328948975
2146,214.6,215.6,0.3061099648475647,0.3061099648475647
2147,214.7,215.7,0.40821778774261475,0.40821778774261475
2148,214.8,215.8,0.4173850417137146,0.4173850417137146
2149,214.9,215.9,0.10664338618516922,0.10664338618516922
2150,215.0,216.0,0.16745638847351074,0.16745638847351074
2151,215.1,216.1,0.0031316650565713644,0.0031316650565713644
2152,215.2,216.2,0.006187457591295242,0.006187457591295242
2153,215.3,216.3,0.0045318095944821835,0.0045318095944821835
2154,215.4,216.4,0.002453088527545333,0.002453088527545333
2155,215.5,216.5,0.11155269294977188,0.11155269294977188
2156,215.6,216.6,0.12618325650691986,0.12618325650691986
2157,215.7,216.7,0.1543080359697342,0.1543080359697342
2158,215.8,216.8,0.7739196419715881,0.7739196419715881
2159,215.9,216.9,0.01319936290383339,0.01319936290383339
2160,216.0,217.0,0.011256399564445019,0.011256399564445019
2161,216.1,217.1,0.0037404971662908792,0.0037404971662908792
2162,216.2,217.2,0.00041227112524211407,0.00041227112524211407
2163,216.3,217.3,0.0003291523898951709,0.0003291523898951709
2164,216.4,217.4,0.0006813541403971612,0.0006813541403971612
2165,216.5,217.5,0.0008366338443011045,0.0008366338443011045
2166,216.6,217.6,0.02159051038324833,0.02159051038324833
2167,216.7,217.7,0.0005578199634328485,0.0005578199634328485
2168,216.8,217.8,0.00024379960086662322,0.00024379960086662322
2169,216.9,217.9,0.004176727030426264,0.004176727030426264
2170,217.0,218.0,0.43259745836257935,0.43259745836257935
2171,217.1,218.1,0.20299029350280762,0.20299029350280762
2172,217.2,218.2,0.05343053862452507,0.05343053862452507
2173,217.3,218.3,0.12461159378290176,0.12461159378290176
2174,217.4,218.4,0.11408238112926483,0.11408238112926483
2175,217.5,218.5,0.00633271923288703,0.00633271923288703
2176,217.6,218.6,0.02375986985862255,0.02375986985862255
2177,217.7,218.7,0.07870727777481079,0.07870727777481079
2178,217.8,218.8,0.3011099398136139,0.3011099398136139
2179,217.9,218.9,0.08378051966428757,0.08378051966428757
2180,218.0,219.0,0.06856691092252731,0.06856691092252731
2181,218.1,219.1,0.04155617952346802,0.04155617952346802
2182,218.2,219.2,0.816128671169281,0.816128671169281
2183,218.3,219.3,0.3917139768600464,0.3917139768600464
2184,218.4,219.4,0.270630806684494,0.270630806684494
2185,218.5,219.5,0.20162741839885712,0.20162741839885712
2186,218.6,219.6,0.9977116584777832,0.9977116584777832
2187,218.7,219.7,0.9840660691261292,0.9840660691261292
2188,218.8,219.8,0.0941605195403099,0.0941605195403099
2189,218.9,219.9,0.11611686646938324,0.11611686646938324
2190,219.0,220.0,0.1953432857990265,0.1953432857990265
2191,219.1,220.1,0.004462414886802435,0.004462414886802435
2192,219.2,220.2,0.006341066677123308,0.006341066677123308
2193,219.3,220.3,0.00024429801851511,0.00024429801851511
2194,219.4,220.4,0.016402341425418854,0.016402341425418854
2195,219.5,220.5,0.2738398313522339,0.2738398313522339
2196,219.6,220.6,0.029814844951033592,0.029814844951033592
2197,219.7,220.7,0.0003059993905480951,0.0003059993905480951
2198,219.8,220.8,0.007926159538328648,0.007926159538328648
2199,219.9,220.9,0.0035437389742583036,0.0035437389742583036
2200,220.0,221.0,0.01118688378483057,0.01118688378483057
2201,220.1,221.1,0.03935498744249344,0.03935498744249344
2202,220.2,221.2,0.09280658513307571,0.09280658513307571
2203,220.3,221.3,0.06336567550897598,0.06336567550897598
2204,220.4,221.4,0.3528957664966583,0.3528957664966583
2205,220.5,221.5,0.2207818329334259,0.2207818329334259
2206,220.6,221.6,0.04371541365981102,0.04371541365981102
2207,220.7,221.7,0.015106049366295338,0.015106049366295338
2208,220.8,221.8,0.009919526055455208,0.009919526055455208
2209,220.9,221.9,0.007638294715434313,0.007638294715434313
2210,221.0,222.0,0.0029555116780102253,0.0029555116780102253
2211,221.1,222.1,0.0008279402973130345,0.0008279402973130345
2212,221.2,222.2,0.0002593861718196422,0.0002593861718196422
2213,221.3,222.3,0.003410857869312167,0.003410857869312167
2214,221.4,222.4,0.00047678034752607346,0.00047678034752607346
2215,221.5,222.5,0.004345653112977743,0.004345653112977743
2216,221.6,222.6,0.007878435775637627,0.007878435775637627
2217,221.7,222.7,9.357574890600517e-05,9.357574890600517e-05
2218,221.8,222.8,0.0007145212148316205,0.0007145212148316205
2219,221.9,222.9,0.15654659271240234,0.15654659271240234
2220,222.0,223.0,0.012308255769312382,0.012308255769312382
2221,222.1,223.1,0.9456052780151367,0.9456052780151367
2222,222.2,223.2,0.9162487983703613,0.9162487983703613
2223,222.3,223.3,0.9773947596549988,0.9773947596549988
2224,222.4,223.4,0.989224374294281,0.989224374294281
2225,222.5,223.5,0.9994157552719116,0.9994157552719116
2226,222.6,223.6,0.9910433292388916,0.9910433292388916
2227,222.7,223.7,0.9915251135826111,0.9915251135826111
2228,222.8,223.8,0.6864761114120483,0.6864761114120483
2229,222.9,223.9,0.9321543574333191,0.9321543574333191
2230,223.0,224.0,0.9528205394744873,0.9528205394744873
2231,223.1,224.1,0.6372721195220947,0.6372721195220947
2232,223.2,224.2,0.9748939871788025,0.9748939871788025
2233,223.3,224.3,0.9466278553009033,0.9466278553009033
2234,223.4,224.4,0.9994497895240784,0.9994497895240784
2235,223.5,224.5,0.9775551557540894,0.9775551557540894
2236,223.6,224.6,0.0686919316649437,0.0686919316649437
2237,223.7,224.7,0.29349929094314575,0.29349929094314575
2238,223.8,224.8,0.03587909787893295,0.03587909787893295
2239,223.9,224.9,0.0038753729313611984,0.0038753729313611984
2240,224.0,225.0,0.5991131663322449,0.5991131663322449
2241,224.1,225.1,0.16556940972805023,0.16556940972805023
2242,224.2,225.2,0.21765458583831787,0.21765458583831787
2243,224.3,225.3,0.44845059514045715,0.44845059514045715
2244,224.4,225.4,0.23267604410648346,0.23267604410648346
2245,224.5,225.5,0.07053615897893906,0.07053615897893906
2246,224.6,225.6,0.16170333325862885,0.16170333325862885
2247,224.7,225.7,0.299670934677124,0.299670934677124
2248,224.8,225.8,0.07426021993160248,0.07426021993160248
2249,224.9,225.9,6.637150363530964e-05,6.637150363530964e-05
2250,225.0,226.0,0.0016959250206127763,0.0016959250206127763
2251,225.1,226.1,0.0024518275167793036,0.0024518275167793036
2252,225.2,226.2,0.0038413575384765863,0.0038413575384765863
2253,225.3,226.3,0.0038107633590698242,0.0038107633590698242
2254,225.4,226.4,0.014288944192230701,0.014288944192230701
2255,225.5,226.5,0.026676231995224953,0.026676231995224953
2256,225.6,226.6,0.07927460968494415,0.07927460968494415
2257,225.7,226.7,0.004691458307206631,0.004691458307206631
2258,225.8,226.8,0.005734619684517384,0.005734619684517384
2259,225.9,226.9,0.0008717173477634788,0.0008717173477634788
2260,226.0,227.0,0.0025952330324798822,0.0025952330324798822
2261,226.1,227.1,0.0004954622709192336,0.0004954622709192336
2262,226.2,227.2,0.014810748398303986,0.014810748398303986
2263,226.3,227.3,0.002789755119010806,0.002789755119010806
2264,226.4,227.4,0.00023067403526511043,0.00023067403526511043
2265,226.5,227.5,0.0025660868268460035,0.0025660868268460035
2266,226.6,227.6,0.0009919017320498824,0.0009919017320498824
2267,226.7,227.7,0.0003145602822769433,0.0003145602822769433
2268,226.8,227.8,0.2512597441673279,0.2512597441673279
2269,226.9,227.9,0.7759692668914795,0.7759692668914795
2270,227.0,228.0,0.9502431750297546,0.9502431750297546
2271,227.1,228.1,0.5294609665870667,0.5294609665870667
2272,227.2,228.2,0.8975121378898621,0.8975121378898621
2273,227.3,228.3,0.9437986612319946,0.9437986612319946
2274,227.4,228.4,0.9878701567649841,0.9878701567649841
2275,227.5,228.5,0.8920403122901917,0.8920403122901917
2276,227.6,228.6,0.8995696306228638,0.8995696306228638
2277,227.7,228.7,0.9947530031204224,0.9947530031204224
2278,227.8,228.8,0.9901794195175171,0.9901794195175171
2279,227.9,228.9,0.995596706867218,0.995596706867218
2280,228.0,229.0,0.9997708201408386,0.9997708201408386
2281,228.1,229.1,0.9972437620162964,0.9972437620162964
2282,228.2,229.2,0.9985028505325317,0.9985028505325317
2283,228.3,229.3,0.16636094450950623,0.16636094450950623
2284,228.4,229.4,0.007241540588438511,0.007241540588438511
2285,228.5,229.5,0.01360467541962862,0.01360467541962862
2286,228.6,229.6,0.003438785206526518,0.003438785206526518
2287,228.7,229.7,0.00343715469352901,0.00343715469352901
2288,228.8,229.8,0.010505425743758678,0.010505425743758678
2289,228.9,229.9,0.0005255297292023897,0.0005255297292023897
2290,229.0,230.0,0.012112339958548546,0.012112339958548546
2291,229.1,230.1,0.9906065464019775,0.9906065464019775
2292,229.2,230.2,0.6151445508003235,0.6151445508003235
2293,229.3,230.3,0.2306378334760666,0.2306378334760666
2294,229.4,230.4,0.6863639950752258,0.6863639950752258
2295,229.5,230.5,0.6161113381385803,0.6161113381385803
2296,229.6,230.6,0.20113560557365417,0.20113560557365417
2297,229.7,230.7,0.1452874094247818,0.1452874094247818
2298,229.8,230.8,0.08606608957052231,0.08606608957052231
2299,229.9,230.9,0.8812435865402222,0.8812435865402222
2300,230.0,231.0,0.8557349443435669,0.8557349443435669
2301,230.1,231.1,0.3017335534095764,0.3017335534095764
2302,230.2,231.2,0.9304052591323853,0.9304052591323853
2303,230.3,231.3,0.5729607343673706,0.5729607343673706
2304,230.4,231.4,0.7851511836051941,0.7851511836051941
2305,230.5,231.5,0.2997404932975769,0.2997404932975769
2306,230.6,231.6,0.018195711076259613,0.018195711076259613
2307,230.7,231.7,0.005882741417735815,0.005882741417735815
2308,230.8,231.8,0.003527339780703187,0.003527339780703187
2309,230.9,231.9,0.0002279721957165748,0.0002279721957165748
2310,231.0,232.0,0.0002696269366424531,0.0002696269366424531
2311,231.1,232.1,0.00046728551387786865,0.00046728551387786865
2312,231.2,232.2,0.0002487930469214916,0.0002487930469214916
2313,231.3,232.3,0.00016312074149027467,0.00016312074149027467
2314,231.4,232.4,0.0033037879038602114,0.0033037879038602114
2315,231.5,232.5,0.005603122059255838,0.005603122059255838
2316,231.6,232.6,0.0013164851116016507,0.0013164851116016507
2317,231.7,232.7,0.000831281824503094,0.000831281824503094
2318,231.8,232.8,0.10645296424627304,0.10645296424627304
2319,231.9,232.9,0.15106742084026337,0.15106742084026337
2320,232.0,233.0,0.8070621490478516,0.8070621490478516
2321,232.1,233.1,0.8905811309814453,0.8905811309814453
2322,232.2,233.2,0.9979785084724426,0.9979785084724426
2323,232.3,233.3,0.9887226819992065,0.9887226819992065
2324,232.4,233.4,0.9948463439941406,0.9948463439941406
2325,232.5,233.5,0.9885674715042114,0.9885674715042114
2326,232.6,233.6,0.6858079433441162,0.6858079433441162
2327,232.7,233.7,0.999351441860199,0.999351441860199
2328,232.8,233.8,0.9884588122367859,0.9884588122367859
2329,232.9,233.9,0.8978471159934998,0.8978471159934998
2330,233.0,234.0,0.9360952377319336,0.9360952377319336
2331,233.1,234.1,0.9686480164527893,0.9686480164527893
2332,233.2,234.2,0.6032577753067017,0.6032577753067017
2333,233.3,234.3,0.9666133522987366,0.9666133522987366
2334,233.4,234.4,0.23903003334999084,0.23903003334999084
2335,233.5,234.5,0.03882220759987831,0.03882220759987831
2336,233.6,234.6,0.0013235240476205945,0.0013235240476205945
2337,233.7,234.7,0.0005633517866954207,0.0005633517866954207
2338,233.8,234.8,0.0046682655811309814,0.0046682655811309814
2339,233.9,234.9,0.002633253810927272,0.002633253810927272
2340,234.0,235.0,0.0004957117489539087,0.0004957117489539087
2341,234.1,235.1,0.002700314624235034,0.002700314624235034
2342,234.2,235.2,0.004092901013791561,0.004092901013791561
2343,234.3,235.3,0.10507068783044815,0.10507068783044815
2344,234.4,235.4,0.39217832684516907,0.39217832684516907
2345,234.5,235.5,0.7858051061630249,0.7858051061630249
2346,234.6,235.6,0.5038701295852661,0.5038701295852661
2347,234.7,235.7,0.7234743237495422,0.7234743237495422
2348,234.8,235.8,0.8016214966773987,0.8016214966773987
2349,234.9,235.9,0.573593020439148,0.573593020439148
2350,235.0,236.0,0.5184609293937683,0.5184609293937683
2351,235.1,236.1,0.5371676087379456,0.5371676087379456
2352,235.2,236.2,0.6535181999206543,0.6535181999206543
2353,235.3,236.3,0.09273302555084229,0.09273302555084229
2354,235.4,236.4,0.721240222454071,0.721240222454071
2355,235.5,236.5,0.2228657752275467,0.2228657752275467
2356,235.6,236.6,0.26724547147750854,0.26724547147750854
2357,235.7,236.7,0.0007959145586937666,0.0007959145586937666
2358,235.8,236.8,0.0004241535207256675,0.0004241535207256675
2359,235.9,236.9,0.00010476632451172918,0.00010476632451172918
2360,236.0,237.0,0.00013514423335436732,0.00013514423335436732
2361,236.1,237.1,0.00010488547559361905,0.00010488547559361905
2362,236.2,237.2,0.0016900477930903435,0.0016900477930903435
2363,236.3,237.3,8.81365267559886e-05,8.81365267559886e-05
2364,236.4,237.4,2.9334527425817214e-05,2.9334527425817214e-05
2365,236.5,237.5,0.0010336647974327207,0.0010336647974327207
2366,236.6,237.6,0.006926501635462046,0.006926501635462046
2367,236.7,237.7,0.6035510897636414,0.6035510897636414
2368,236.8,237.8,0.6062362194061279,0.6062362194061279
2369,236.9,237.9,0.8937028050422668,0.8937028050422668
2370,237.0,238.0,0.5433743000030518,0.5433743000030518
2371,237.1,238.1,0.2077236771583557,0.2077236771583557
2372,237.2,238.2,0.7319490909576416,0.7319490909576416
2373,237.3,238.3,0.03297184035181999,0.03297184035181999
2374,237.4,238.4,0.13471220433712006,0.13471220433712006
2375,237.5,238.5,0.8392153978347778,0.8392153978347778
2376,237.6,238.6,0.8464328050613403,0.8464328050613403
2377,237.7,238.7,0.4517897963523865,0.4517897963523865
2378,237.8,238.8,0.7581329941749573,0.7581329941749573
2379,237.9,238.9,0.7212418913841248,0.7212418913841248
2380,238.0,239.0,0.9305627346038818,0.9305627346038818
2381,238.1,239.1,0.014480766840279102,0.014480766840279102
2382,238.2,239.2,0.010341061279177666,0.010341061279177666
2383,238.3,239.3,0.006301411427557468,0.006301411427557468
2384,238.4,239.4,0.009662839584052563,0.009662839584052563
2385,238.5,239.5,0.37395817041397095,0.37395817041397095
2386,238.6,239.6,0.09984097629785538,0.09984097629785538
2387,238.7,239.7,0.05084872990846634,0.05084872990846634
2388,238.8,239.8,0.028704259544610977,0.028704259544610977
2389,238.9,239.9,0.01159426849335432,0.01159426849335432
2390,239.0,240.0,0.6993687748908997,0.6993687748908997
2391,239.1,240.1,0.052783239632844925,0.052783239632844925
2392,239.2,240.2,0.1667083501815796,0.1667083501815796
2393,239.3,240.3,0.21805180609226227,0.21805180609226227
2394,239.4,240.4,0.0045307050459086895,0.0045307050459086895
2395,239.5,240.5,0.00349319726228714,0.00349319726228714
2396,239.6,240.6,0.0013065015664324164,0.0013065015664324164
2397,239.7,240.7,0.00031483752536587417,0.00031483752536587417
2398,239.8,240.8,0.00023248013167176396,0.00023248013167176396
2399,239.9,240.9,0.0006081231404095888,0.0006081231404095888
2400,240.0,241.0,0.0008905924623832107,0.0008905924623832107
2401,240.1,241.1,0.00026014153263531625,0.00026014153263531625
2402,240.2,241.2,0.0007702491711825132,0.0007702491711825132
2403,240.3,241.3,0.0021559596061706543,0.0021559596061706543
2404,240.4,241.4,0.029702389612793922,0.029702389612793922
2405,240.5,241.5,0.641537070274353,0.641537070274353
2406,240.6,241.6,0.19905203580856323,0.19905203580856323
2407,240.7,241.7,0.7083151340484619,0.7083151340484619
2408,240.8,241.8,0.1457858830690384,0.1457858830690384
2409,240.9,241.9,0.12386917322874069,0.12386917322874069
2410,241.0,242.0,0.666680097579956,0.666680097579956
2411,241.1,242.1,0.7439695596694946,0.7439695596694946
2412,241.2,242.2,0.3661583364009857,0.3661583364009857
2413,241.3,242.3,0.38658997416496277,0.38658997416496277
2414,241.4,242.4,0.47151583433151245,0.47151583433151245
2415,241.5,242.5,0.5219347476959229,0.5219347476959229
2416,241.6,242.6,0.5482399463653564,0.5482399463653564
2417,241.7,242.7,0.2351539433002472,0.2351539433002472
2418,241.8,242.8,0.1306561678647995,0.1306561678647995
2419,241.9,242.9,0.051145829260349274,0.051145829260349274
2420,242.0,243.0,0.002099506091326475,0.002099506091326475
2421,242.1,243.1,0.0011511363554745913,0.0011511363554745913
2422,242.2,243.2,0.000864202156662941,0.000864202156662941
2423,242.3,243.3,0.0004574413178488612,0.0004574413178488612
2424,242.4,243.4,0.00037252221954986453,0.00037252221954986453
2425,242.5,243.5,0.09957058727741241,0.09957058727741241
2426,242.6,243.6,0.01774541474878788,0.01774541474878788
2427,242.7,243.7,0.0035511839669197798,0.0035511839669197798
2428,242.8,243.8,0.32303425669670105,0.32303425669670105
2429,242.9,243.9,0.40857481956481934,0.40857481956481934
2430,243.0,244.0,0.9329906105995178,0.9329906105995178
2431,243.1,244.1,0.9700747728347778,0.9700747728347778
2432,243.2,244.2,0.9996023774147034,0.9996023774147034
2433,243.3,244.3,0.9936699271202087,0.9936699271202087
2434,243.4,244.4,0.9908949136734009,0.9908949136734009
2435,243.5,244.5,0.9866273999214172,0.9866273999214172
2436,243.6,244.6,0.9973590970039368,0.9973590970039368
2437,243.7,244.7,0.8948268294334412,0.8948268294334412
2438,243.8,244.8,0.6480419635772705,0.6480419635772705
2439,243.9,244.9,0.22622345387935638,0.22622345387935638
2440,244.0,245.0,0.7132784724235535,0.7132784724235535
2441,244.1,245.1,0.8158393502235413,0.8158393502235413
2442,244.2,245.2,0.40161940455436707,0.40161940455436707
2443,244.3,245.3,0.8179427981376648,0.8179427981376648
2444,244.4,245.4,0.9319925904273987,0.9319925904273987
2445,244.5,245.5,0.3695933222770691,0.3695933222770691
2446,244.6,245.6,0.5937902331352234,0.5937902331352234
2447,244.7,245.7,0.08284227550029755,0.08284227550029755
2448,244.8,245.8,0.13999642431735992,0.13999642431735992
2449,244.9,245.9,0.06673355400562286,0.06673355400562286
2450,245.0,246.0,0.24433796107769012,0.24433796107769012
2451,245.1,246.1,0.5291389226913452,0.5291389226913452
2452,245.2,246.2,0.021496567875146866,0.021496567875146866
2453,245.3,246.3,0.0014389086281880736,0.0014389086281880736
2454,245.4,246.4,0.00037087383680045605,0.00037087383680045605
2455,245.5,246.5,0.006166007835417986,0.006166007835417986
2456,245.6,246.6,0.0008884374983608723,0.0008884374983608723
2457,245.7,246.7,0.0012740192469209433,0.0012740192469209433
2458,245.8,246.8,0.0009731515892781317,0.0009731515892781317
2459,245.9,246.9,0.0013964230893179774,0.0013964230893179774
2460,246.0,247.0,0.31382834911346436,0.31382834911346436
2461,246.1,247.1,0.3393133580684662,0.3393133580684662
2462,246.2,247.2,0.8986942172050476,0.8986942172050476
2463,246.3,247.3,0.5326513051986694,0.5326513051986694
2464,246.4,247.4,0.6644625067710876,0.6644625067710876
2465,246.5,247.5,0.20489270985126495,0.20489270985126495
2466,246.6,247.6,0.6094666719436646,0.6094666719436646
2467,246.7,247.7,0.5644592642784119,0.5644592642784119
2468,246.8,247.8,0.34315046668052673,0.34315046668052673
2469,246.9,247.9,0.6759756207466125,0.6759756207466125
2470,247.0,248.0,0.8494531512260437,0.8494531512260437
2471,247.1,248.1,0.21746018528938293,0.21746018528938293
2472,247.2,248.2,0.6910596489906311,0.6910596489906311
2473,247.3,248.3,0.15838301181793213,0.15838301181793213
2474,247.4,248.4,0.5239422917366028,0.5239422917366028
2475,247.5,248.5,0.40837356448173523,0.40837356448173523
2476,247.6,248.6,0.20580825209617615,0.20580825209617615
2477,247.7,248.7,0.21234124898910522,0.21234124898910522
2478,247.8,248.8,0.014125156216323376,0.014125156216323376
2479,247.9,248.9,0.020129211246967316,0.020129211246967316
2480,248.0,249.0,0.0015749218873679638,0.0015749218873679638
2481,248.1,249.1,0.00020917945948895067,0.00020917945948895067
2482,248.2,249.2,0.0011255950666964054,0.0011255950666964054
2483,248.3,249.3,0.00026954725035466254,0.00026954725035466254
2484,248.4,249.4,5.069661347079091e-05,5.069661347079091e-05
2485,248.5,249.5,0.0002001785032916814,0.0002001785032916814
2486,248.6,249.6,0.00022581258963327855,0.00022581258963327855
2487,248.7,249.7,0.0002506862801965326,0.0002506862801965326
2488,248.8,249.8,0.9989375472068787,0.9989375472068787
2489,248.9,249.9,0.9328843355178833,0.9328843355178833
2490,249.0,250.0,0.954618513584137,0.954618513584137
2491,249.1,250.1,0.9049213528633118,0.9049213528633118
2492,249.2,250.2,0.3626272976398468,0.3626272976398468
2493,249.3,250.3,0.2865118384361267,0.2865118384361267
2494,249.4,250.4,0.6489874124526978,0.6489874124526978
2495,249.5,250.5,0.37475520372390747,0.37475520372390747
2496,249.6,250.6,0.0323394238948822,0.0323394238948822
2497,249.7,250.7,0.0026221629232168198,0.0026221629232168198
2498,249.8,250.8,0.001314651919528842,0.001314651919528842
2499,249.9,250.9,0.023038124665617943,0.023038124665617943
2500,250.0,251.0,0.023115618154406548,0.023115618154406548
2501,250.1,251.1,0.003418994601815939,0.003418994601815939
2502,250.2,251.2,0.003125089453533292,0.003125089453533292
2503,250.3,251.3,0.020808424800634384,0.020808424800634384
2504,250.4,251.4,0.0010574779007583857,0.0010574779007583857
2505,250.5,251.5,0.0033934966195374727,0.0033934966195374727
2506,250.6,251.6,0.0010476510506123304,0.0010476510506123304
2507,250.7,251.7,0.002782020252197981,0.002782020252197981
2508,250.8,251.8,0.004447022452950478,0.004447022452950478
2509,250.9,251.9,0.0007078497437760234,0.0007078497437760234
2510,251.0,252.0,0.0003607246617320925,0.0003607246617320925
2511,251.1,252.1,0.00022894282301422209,0.00022894282301422209
2512,251.2,252.2,0.04203245788812637,0.04203245788812637
2513,251.3,252.3,0.9311365485191345,0.9311365485191345
2514,251.4,252.4,0.5255639553070068,0.5255639553070068
2515,251.5,252.5,0.66472327709198,0.66472327709198
2516,251.6,252.6,0.5604810118675232,0.5604810118675232
2517,251.7,252.7,0.39202821254730225,0.39202821254730225
2518,251.8,252.8,0.3652527928352356,0.3652527928352356
2519,251.9,252.9,0.013277560472488403,0.013277560472488403
2520,252.0,253.0,0.013531855307519436,0.013531855307519436
2521,252.1,253.1,0.1373184621334076,0.1373184621334076
2522,252.2,253.2,0.5302878022193909,0.5302878022193909
2523,252.3,253.3,0.3844761252403259,0.3844761252403259
2524,252.4,253.4,0.029867399483919144,0.029867399483919144
2525,252.5,253.5,0.06675665825605392,0.06675665825605392
2526,252.6,253.6,0.04078434407711029,0.04078434407711029
2527,252.7,253.7,0.13230931758880615,0.13230931758880615
2528,252.8,253.8,0.6321507692337036,0.6321507692337036
2529,252.9,253.9,0.5367326140403748,0.5367326140403748
2530,253.0,254.0,0.02445872686803341,0.02445872686803341
2531,253.1,254.1,0.12869125604629517,0.12869125604629517
2532,253.2,254.2,0.015290321782231331,0.015290321782231331
2533,253.3,254.3,0.0005743565852753818,0.0005743565852753818
2534,253.4,254.4,0.0019287620671093464,0.0019287620671093464
2535,253.5,254.5,0.00666404003277421,0.00666404003277421
2536,253.6,254.6,0.007933752611279488,0.007933752611279488
2537,253.7,254.7,0.003993602003902197,0.003993602003902197
2538,253.8,254.8,0.0015256343176588416,0.0015256343176588416
2539,253.9,254.9,0.0029272425454109907,0.0029272425454109907
2540,254.0,255.0,0.07005301117897034,0.07005301117897034
2541,254.1,255.1,0.40651023387908936,0.40651023387908936
2542,254.2,255.2,0.9802114963531494,0.9802114963531494
2543,254.3,255.3,0.2628701329231262,0.2628701329231262
2544,254.4,255.4,0.551561176776886,0.551561176776886
2545,254.5,255.5,0.2605874538421631,0.2605874538421631
2546,254.6,255.6,0.2031414806842804,0.2031414806842804
2547,254.7,255.7,0.7006585001945496,0.7006585001945496
2548,254.8,255.8,0.2679387032985687,0.2679387032985687
2549,254.9,255.9,0.21282246708869934,0.21282246708869934
2550,255.0,256.0,0.6182199716567993,0.6182199716567993
2551,255.1,256.1,0.045843180269002914,0.045843180269002914
2552,255.2,256.2,0.020889833569526672,0.020889833569526672
2553,255.3,256.3,0.04311792179942131,0.04311792179942131
2554,255.4,256.4,0.026445694267749786,0.026445694267749786
2555,255.5,256.5,0.0002608031500130892,0.0002608031500130892
2556,255.6,256.6,0.0003465296467766166,0.0003465296467766166
2557,255.7,256.7,0.0047562154941260815,0.0047562154941260815
2558,255.8,256.8,0.02585485391318798,0.02585485391318798
2559,255.9,256.9,0.575732409954071,0.575732409954071
2560,256.0,257.0,0.08041510730981827,0.08041510730981827
2561,256.1,257.1,0.4789571166038513,0.4789571166038513
2562,256.2,257.2,0.9413342475891113,0.9413342475891113
2563,256.3,257.3,0.9632285237312317,0.9632285237312317
2564,256.4,257.4,0.9869014620780945,0.9869014620780945
2565,256.5,257.5,0.9898940920829773,0.9898940920829773
2566,256.6,257.6,0.9831373691558838,0.9831373691558838
2567,256.7,257.7,0.9111015200614929,0.9111015200614929
2568,256.8,257.8,0.8674497008323669,0.8674497008323669
2569,256.9,257.9,0.6256219744682312,0.6256219744682312
2570,257.0,258.0,0.5067558884620667,0.5067558884620667
2571,257.1,258.1,0.7804768681526184,0.7804768681526184
2572,257.2,258.2,0.8947490453720093,0.8947490453720093
2573,257.3,258.3,0.6235278248786926,0.6235278248786926
2574,257.4,258.4,0.20804966986179352,0.20804966986179352
2575,257.5,258.5,0.29884082078933716,0.29884082078933716
2576,257.6,258.6,0.02387719601392746,0.02387719601392746
2577,257.7,258.7,0.008762613870203495,0.008762613870203495
2578,257.8,258.8,0.00889799278229475,0.00889799278229475
2579,257.9,258.9,8.627145871287212e-05,8.627145871287212e-05
2580,258.0,259.0,5.682358460035175e-05,5.682358460035175e-05
2581,258.1,259.1,6.537337321788073e-05,6.537337321788073e-05
2582,258.2,259.2,8.699862519279122e-05,8.699862519279122e-05
2583,258.3,259.3,0.00022197926591616124,0.00022197926591616124
2584,258.4,259.4,0.14919434487819672,0.14919434487819672
2585,258.5,259.5,0.04730335623025894,0.04730335623025894
2586,258.6,259.6,0.08007034659385681,0.08007034659385681
2587,258.7,259.7,0.5895552039146423,0.5895552039146423
2588,258.8,259.8,0.7498853802680969,0.7498853802680969
2589,258.9,259.9,0.8466036915779114,0.8466036915779114
2590,259.0,260.0,0.9010011553764343,0.9010011553764343
2591,259.1,260.1,0.5758547782897949,0.5758547782897949
2592,259.2,260.2,0.6414985060691833,0.6414985060691833
2593,259.3,260.3,0.16635645925998688,0.16635645925998688
2594,259.4,260.4,0.17769189178943634,0.17769189178943634
2595,259.5,260.5,0.09097171574831009,0.09097171574831009
2596,259.6,260.6,0.710578978061676,0.710578978061676
2597,259.7,260.7,0.01927146688103676,0.01927146688103676
2598,259.8,260.8,0.4800783097743988,0.4800783097743988
2599,259.9,260.9,0.5649978518486023,0.5649978518486023
2600,260.0,261.0,0.15217962861061096,0.15217962861061096
2601,260.1,261.1,0.0345730222761631,0.0345730222761631
2602,260.2,261.2,0.7659775614738464,0.7659775614738464
2603,260.3,261.3,0.03950386121869087,0.03950386121869087
2604,260.4,261.4,0.6303122639656067,0.6303122639656067
2605,260.5,261.5,0.9997461438179016,0.9997461438179016
2606,260.6,261.6,0.9981014132499695,0.9981014132499695
2607,260.7,261.7,0.93780118227005,0.93780118227005
2608,260.8,261.8,0.9924347400665283,0.9924347400665283
2609,260.9,261.9,0.9390822649002075,0.9390822649002075
2610,261.0,262.0,0.8870514631271362,0.8870514631271362
2611,261.1,262.1,0.6749458312988281,0.6749458312988281
2612,261.2,262.2,0.5034109354019165,0.5034109354019165
2613,261.3,262.3,0.027136489748954773,0.027136489748954773
2614,261.4,262.4,0.04143381491303444,0.04143381491303444
2615,261.5,262.5,0.6722518801689148,0.6722518801689148
2616,261.6,262.6,0.2880987226963043,0.2880987226963043
2617,261.7,262.7,0.25010794401168823,0.25010794401168823
2618,261.8,262.8,0.007689306512475014,0.007689306512475014
2619,261.9,262.9,0.0011404824908822775,0.0011404824908822775
2620,262.0,263.0,0.0008146208710968494,0.0008146208710968494
2621,262.1,263.1,0.0002692693378776312,0.0002692693378776312
2622,262.2,263.2,0.0004690677160397172,0.0004690677160397172
2623,262.3,263.3,0.0004141394456382841,0.0004141394456382841
2624,262.4,263.4,0.0005496056983247399,0.0005496056983247399
2625,262.5,263.5,0.0001656811946304515,0.0001656811946304515
2626,262.6,263.6,0.00010318394197383896,0.00010318394197383896
2627,262.7,263.7,0.0007323913159780204,0.0007323913159780204
2628,262.8,263.8,0.0021698817145079374,0.0021698817145079374
2629,262.9,263.9,0.010163160972297192,0.010163160972297192
2630,263.0,264.0,0.11923181265592575,0.11923181265592575
2631,263.1,264.1,0.2933756709098816,0.2933756709098816
2632,263.2,264.2,0.6871213316917419,0.6871213316917419
2633,263.3,264.3,0.15803173184394836,0.15803173184394836
2634,263.4,264.4,0.5124211311340332,0.5124211311340332
2635,263.5,264.5,0.2868509292602539,0.2868509292602539
2636,263.6,264.6,0.36487406492233276,0.36487406492233276
2637,263.7,264.7,0.2834208309650421,0.2834208309650421
2638,263.8,264.8,0.15546591579914093,0.15546591579914093
2639,263.9,264.9,0.6374796628952026,0.6374796628952026
2640,264.0,265.0,0.5872951745986938,0.5872951745986938
2641,264.1,265.1,0.017819205299019814,0.017819205299019814
2642,264.2,265.2,0.06911337375640869,0.06911337375640869
2643,264.3,265.3,0.006128041539341211,0.006128041539341211
2644,264.4,265.4,0.007198243867605925,0.007198243867605925
2645,264.5,265.5,0.019513878971338272,0.019513878971338272
2646,264.6,265.6,0.007649180945008993,0.007649180945008993
2647,264.7,265.7,0.002438619267195463,0.002438619267195463
2648,264.8,265.8,0.14165371656417847,0.14165371656417847
2649,264.9,265.9,0.2513669431209564,0.2513669431209564
2650,265.0,266.0,0.005878465250134468,0.005878465250134468
2651,265.1,266.1,0.02911301515996456,0.02911301515996456
2652,265.2,266.2,0.43733513355255127,0.43733513355255127
2653,265.3,266.3,0.8747919797897339,0.8747919797897339
2654,265.4,266.4,0.7234281301498413,0.7234281301498413
2655,265.5,266.5,0.6961221098899841,0.6961221098899841
2656,265.6,266.6,0.3615865409374237,0.3615865409374237
2657,265.7,266.7,0.891015887260437,0.891015887260437
2658,265.8,266.8,0.497633695602417,0.497633695602417
2659,265.9,266.9,0.36192506551742554,0.36192506551742554
2660,266.0,267.0,0.6932846903800964,0.6932846903800964
2661,266.1,267.1,0.3220403790473938,0.3220403790473938
2662,266.2,267.2,0.16351427137851715,0.16351427137851715
2663,266.3,267.3,0.4758946895599365,0.4758946895599365
2664,266.4,267.4,0.0019404846243560314,0.0019404846243560314
2665,266.5,267.5,0.0037348985206335783,0.0037348985206335783
2666,266.6,267.6,0.0016221946571022272,0.0016221946571022272
2667,266.7,267.7,0.0005842348909936845,0.0005842348909936845
2668,266.8,267.8,0.0031839392613619566,0.0031839392613619566
2669,266.9,267.9,0.02268904447555542,0.02268904447555542
2670,267.0,268.0,0.00647086463868618,0.00647086463868618
2671,267.1,268.1,0.041955068707466125,0.041955068707466125
2672,267.2,268.2,0.44558438658714294,0.44558438658714294
2673,267.3,268.3,0.9228137731552124,0.9228137731552124
2674,267.4,268.4,0.9999797344207764,0.9999797344207764
2675,267.5,268.5,0.993174135684967,0.993174135684967
2676,267.6,268.6,0.4770108759403229,0.4770108759403229
2677,267.7,268.7,0.06431920826435089,0.06431920826435089
2678,267.8,268.8,0.5562058687210083,0.5562058687210083
2679,267.9,268.9,0.10398021340370178,0.10398021340370178
2680,268.0,269.0,0.3047986924648285,0.3047986924648285
2681,268.1,269.1,0.9474567770957947,0.9474567770957947
2682,268.2,269.2,0.9836270809173584,0.9836270809173584
2683,268.3,269.3,0.5628165006637573,0.5628165006637573
2684,268.4,269.4,0.12856066226959229,0.12856066226959229
2685,268.5,269.5,0.0006245039403438568,0.0006245039403438568
2686,268.6,269.6,0.00046276699868030846,0.00046276699868030846
2687,268.7,269.7,0.00015125625941436738,0.00015125625941436738
2688,268.8,269.8,0.00017438779468648136,0.00017438779468648136
2689,268.9,269.9,4.2952276999130845e-05,4.2952276999130845e-05
2690,269.0,270.0,0.014697597362101078,0.014697597362101078
2691,269.1,270.1,3.407336043892428e-05,3.407336043892428e-05
2692,269.2,270.2,0.00040514234569855034,0.00040514234569855034
2693,269.3,270.3,0.0002497870591469109,0.0002497870591469109
2694,269.4,270.4,0.0008804912795312703,0.0008804912795312703
2695,269.5,270.5,0.00012597207387443632,0.00012597207387443632
2696,269.6,270.6,0.0007149275043047965,0.0007149275043047965
2697,269.7,270.7,0.0008409402798861265,0.0008409402798861265
2698,269.8,270.8,0.517873227596283,0.517873227596283
2699,269.9,270.9,0.7828418612480164,0.7828418612480164
2700,270.0,271.0,0.9997468590736389,0.9997468590736389
2701,270.1,271.1,0.9938997030258179,0.9938997030258179
2702,270.2,271.2,0.9991545677185059,0.9991545677185059
2703,270.3,271.3,0.9940387010574341,0.9940387010574341
2704,270.4,271.4,0.9839656352996826,0.9839656352996826
2705,270.5,271.5,0.9915537238121033,0.9915537238121033
2706,270.6,271.6,0.7884335517883301,0.7884335517883301
2707,270.7,271.7,0.0020901223178952932,0.0020901223178952932
2708,270.8,271.8,0.3468773663043976,0.3468773663043976
2709,270.9,271.9,0.05799678713083267,0.05799678713083267
2710,271.0,272.0,0.7432196140289307,0.7432196140289307
2711,271.1,272.1,0.3177275061607361,0.3177275061607361
2712,271.2,272.2,0.4989023208618164,0.4989023208618164
2713,271.3,272.3,0.8200718760490417,0.8200718760490417
2714,271.4,272.4,0.9851640462875366,0.9851640462875366
2715,271.5,272.5,0.7053574323654175,0.7053574323654175
2716,271.6,272.6,0.0792403295636177,0.0792403295636177
2717,271.7,272.7,0.014542488381266594,0.014542488381266594
2718,271.8,272.8,0.032892126590013504,0.032892126590013504
2719,271.9,272.9,0.017690062522888184,0.017690062522888184
2720,272.0,273.0,0.008863694965839386,0.008863694965839386
2721,272.1,273.1,0.09231600165367126,0.09231600165367126
2722,272.2,273.2,0.003319899318739772,0.003319899318739772
2723,272.3,273.3,0.0011162684531882405,0.0011162684531882405
2724,272.4,273.4,0.06383058428764343,0.06383058428764343
2725,272.5,273.5,0.2952050268650055,0.2952050268650055
2726,272.6,273.6,0.4752848446369171,0.4752848446369171
2727,272.7,273.7,0.8633399605751038,0.8633399605751038
2728,272.8,273.8,0.3011555075645447,0.3011555075645447
2729,272.9,273.9,0.7975377440452576,0.7975377440452576
2730,273.0,274.0,0.18798312544822693,0.18798312544822693
2731,273.1,274.1,0.12115809321403503,0.12115809321403503
2732,273.2,274.2,0.1468486189842224,0.1468486189842224
2733,273.3,274.3,0.2507937550544739,0.2507937550544739
2734,273.4,274.4,0.02914969064295292,0.02914969064295292
2735,273.5,274.5,0.00088899937691167,0.00088899937691167
2736,273.6,274.6,0.0011909051099792123,0.0011909051099792123
2737,273.7,274.7,0.0009097534930333495,0.0009097534930333495
2738,273.8,274.8,0.0004810163227375597,0.0004810163227375597
2739,273.9,274.9,0.0005538845434784889,0.0005538845434784889
2740,274.0,275.0,0.0011783953523263335,0.0011783953523263335
2741,274.1,275.1,0.0020444425754249096,0.0020444425754249096
2742,274.2,275.2,0.004805842414498329,0.004805842414498329
2743,274.3,275.3,0.0035677007399499416,0.0035677007399499416
2744,274.4,275.4,0.00374725554138422,0.00374725554138422
2745,274.5,275.5,0.002089224522933364,0.002089224522933364
2746,274.6,275.6,0.21581952273845673,0.21581952273845673
2747,274.7,275.7,0.2635516822338104,0.2635516822338104
2748,274.8,275.8,0.999264657497406,0.999264657497406
2749,274.9,275.9,0.9998408555984497,0.9998408555984497
2750,275.0,276.0,0.9995373487472534,0.9995373487472534
2751,275.1,276.1,0.9993612170219421,0.9993612170219421
2752,275.2,276.2,0.9907861948013306,0.9907861948013306
2753,275.3,276.3,0.990957498550415,0.990957498550415
2754,275.4,276.4,0.9890159964561462,0.9890159964561462
2755,275.5,276.5,0.9921650886535645,0.9921650886535645
2756,275.6,276.6,0.9973115921020508,0.9973115921020508
2757,275.7,276.7,0.999543309211731,0.999543309211731
2758,275.8,276.8,0.8980079293251038,0.8980079293251038
2759,275.9,276.9,0.9956098198890686,0.9956098198890686
2760,276.0,277.0,0.8319754004478455,0.8319754004478455
2761,276.1,277.1,0.19719873368740082,0.19719873368740082
2762,276.2,277.2,0.025291098281741142,0.025291098281741142
2763,276.3,277.3,0.01540373358875513,0.01540373358875513
2764,276.4,277.4,0.0065810903906822205,0.0065810903906822205
2765,276.5,277.5,0.0013110584113746881,0.0013110584113746881
2766,276.6,277.6,0.032245222479104996,0.032245222479104996
2767,276.7,277.7,0.2387312650680542,0.2387312650680542
2768,276.8,277.8,0.48474574089050293,0.48474574089050293
2769,276.9,277.9,0.18016907572746277,0.18016907572746277
2770,277.0,278.0,0.14795370399951935,0.14795370399951935
2771,277.1,278.1,0.6930645108222961,0.6930645108222961
2772,277.2,278.2,0.21544182300567627,0.21544182300567627
2773,277.3,278.3,0.7692379951477051,0.7692379951477051
2774,277.4,278.4,0.6597521901130676,0.6597521901130676
2775,277.5,278.5,0.9236611127853394,0.9236611127853394
2776,277.6,278.6,0.8286449313163757,0.8286449313163757
2777,277.7,278.7,0.9950401186943054,0.9950401186943054
2778,277.8,278.8,0.9969744682312012,0.9969744682312012
2779,277.9,278.9,0.6481402516365051,0.6481402516365051
2780,278.0,279.0,0.28643086552619934,0.28643086552619934
2781,278.1,279.1,0.09426204115152359,0.09426204115152359
2782,278.2,279.2,0.005200335755944252,0.005200335755944252
2783,278.3,279.3,0.004613648168742657,0.004613648168742657
2784,278.4,279.4,0.002456605900079012,0.002456605900079012
2785,278.5,279.5,0.0017632950330153108,0.0017632950330153108
2786,278.6,279.6,0.0005479120300151408,0.0005479120300151408
2787,278.7,279.7,0.0026518411468714476,0.0026518411468714476
2788,278.8,279.8,0.018794206902384758,0.018794206902384758
2789,278.9,279.9,0.08574564009904861,0.08574564009904861
2790,279.0,280.0,0.23859642446041107,0.23859642446041107
2791,279.1,280.1,0.07690609246492386,0.07690609246492386
2792,279.2,280.2,0.09837454557418823,0.09837454557418823
2793,279.3,280.3,0.1848391443490982,0.1848391443490982
2794,279.4,280.4,0.1509094387292862,0.1509094387292862
2795,279.5,280.5,0.3899119198322296,0.3899119198322296
2796,279.6,280.6,0.48125219345092773,0.48125219345092773
2797,279.7,280.7,0.8581874370574951,0.8581874370574951
2798,279.8,280.8,0.5292369723320007,0.5292369723320007
2799,279.9,280.9,0.051149964332580566,0.051149964332580566
2800,280.0,281.0,0.012513670139014721,0.012513670139014721
2801,280.1,281.1,0.0008437124197371304,0.0008437124197371304
2802,280.2,281.2,0.0012024454772472382,0.0012024454772472382
2803,280.3,281.3,0.0015521537279710174,0.0015521537279710174
2804,280.4,281.4,0.0017737766029313207,0.0017737766029313207
2805,280.5,281.5,0.0024846342857927084,0.0024846342857927084
2806,280.6,281.6,0.004450992681086063,0.004450992681086063
2807,280.7,281.7,0.004394198767840862,0.004394198767840862
2808,280.8,281.8,0.15416328608989716,0.15416328608989716
2809,280.9,281.9,0.968722939491272,0.968722939491272
2810,281.0,282.0,0.8972534537315369,0.8972534537315369
2811,281.1,282.1,0.991142749786377,0.991142749786377
2812,281.2,282.2,0.9934412240982056,0.9934412240982056
2813,281.3,282.3,0.9994781613349915,0.9994781613349915
2814,281.4,282.4,0.9994531273841858,0.9994531273841858
2815,281.5,282.5,0.9993914365768433,0.9993914365768433
2816,281.6,282.6,0.9990967512130737,0.9990967512130737
2817,281.7,282.7,0.9994626641273499,0.9994626641273499
2818,281.8,282.8,0.9972735047340393,0.9972735047340393
2819,281.9,282.9,0.9970515966415405,0.9970515966415405
2820,282.0,283.0,0.9781908988952637,0.9781908988952637
2821,282.1,283.1,0.8465793132781982,0.8465793132781982
2822,282.2,283.2,0.9865320324897766,0.9865320324897766
2823,282.3,283.3,0.923645555973053,0.923645555973053
2824,282.4,283.4,0.9783880114555359,0.9783880114555359
2825,282.5,283.5,0.9421557188034058,0.9421557188034058
2826,282.6,283.6,0.9853147268295288,0.9853147268295288
2827,282.7,283.7,0.7648958563804626,0.7648958563804626
2828,282.8,283.8,0.981663167476654,0.981663167476654
2829,282.9,283.9,0.974045991897583,0.974045991897583
2830,283.0,284.0,0.6786280274391174,0.6786280274391174
2831,283.1,284.1,0.880270779132843,0.880270779132843
2832,283.2,284.2,0.07228035479784012,0.07228035479784012
2833,283.3,284.3,0.4540954828262329,0.4540954828262329
2834,283.4,284.4,0.3253259062767029,0.3253259062767029
2835,283.5,284.5,0.41785362362861633,0.41785362362861633
2836,283.6,284.6,0.5057665705680847,0.5057665705680847
2837,283.7,284.7,0.15715739130973816,0.15715739130973816
2838,283.8,284.8,0.19935034215450287,0.19935034215450287
2839,283.9,284.9,0.674511730670929,0.674511730670929
2840,284.0,285.0,0.09462220966815948,0.09462220966815948
2841,284.1,285.1,0.04581579938530922,0.04581579938530922
2842,284.2,285.2,0.26962050795555115,0.26962050795555115
2843,284.3,285.3,0.18787457048892975,0.18787457048892975
2844,284.4,285.4,0.020525425672531128,0.020525425672531128
2845,284.5,285.5,0.025597039610147476,0.025597039610147476
2846,284.6,285.6,0.0021230005659163,0.0021230005659163
2847,284.7,285.7,0.0008994460222311318,0.0008994460222311318
2848,284.8,285.8,0.0011577637633308768,0.0011577637633308768
2849,284.9,285.9,0.0011086103040724993,0.0011086103040724993
2850,285.0,286.0,0.002857745857909322,0.002857745857909322
2851,285.1,286.1,0.0004242133582010865,0.0004242133582010865
2852,285.2,286.2,0.00035279474104754627,0.00035279474104754627
2853,285.3,286.3,0.0034068594686686993,0.0034068594686686993
2854,285.4,286.4,0.013506736606359482,0.013506736606359482
2855,285.5,286.5,0.7054688930511475,0.7054688930511475
2856,285.6,286.6,0.30641528964042664,0.30641528964042664
2857,285.7,286.7,0.2782634198665619,0.2782634198665619
2858,285.8,286.8,0.20560042560100555,0.20560042560100555
2859,285.9,286.9,0.014408844523131847,0.014408844523131847
2860,286.0,287.0,0.013665965758264065,0.013665965758264065
2861,286.1,287.1,0.017081771045923233,0.017081771045923233
2862,286.2,287.2,0.014781997539103031,0.014781997539103031
2863,286.3,287.3,0.04270736128091812,0.04270736128091812
2864,286.4,287.4,0.019196121022105217,0.019196121022105217
2865,286.5,287.5,0.027679720893502235,0.027679720893502235
2866,286.6,287.6,0.002379257697612047,0.002379257697612047
2867,286.7,287.7,0.0023841112852096558,0.0023841112852096558
2868,286.8,287.8,0.0007356909918598831,0.0007356909918598831
2869,286.9,287.9,0.002249266719445586,0.002249266719445586
2870,287.0,288.0,0.0005827139248140156,0.0005827139248140156
2871,287.1,288.1,0.0007276245742104948,0.0007276245742104948
2872,287.2,288.2,0.0012687727576121688,0.0012687727576121688
2873,287.3,288.3,0.000758505251724273,0.000758505251724273
2874,287.4,288.4,0.0011622814927250147,0.0011622814927250147
2875,287.5,288.5,0.005003404803574085,0.005003404803574085
2876,287.6,288.6,0.4818248748779297,0.4818248748779297
2877,287.7,288.7,0.16471530497074127,0.16471530497074127
2878,287.8,288.8,0.9986889958381653,0.9986889958381653
2879,287.9,288.9,0.9984346032142639,0.9984346032142639
2880,288.0,289.0,0.9989641904830933,0.9989641904830933
2881,288.1,289.1,0.9977261424064636,0.9977261424064636
2882,288.2,289.2,0.999128520488739,0.999128520488739
2883,288.3,289.3,0.9995062351226807,0.9995062351226807
2884,288.4,289.4,0.9997420907020569,0.9997420907020569
2885,288.5,289.5,0.9993054866790771,0.9993054866790771
2886,288.6,289.6,0.9952747821807861,0.9952747821807861
2887,288.7,289.7,0.9900777339935303,0.9900777339935303
2888,288.8,289.8,0.6739848256111145,0.6739848256111145
2889,288.9,289.9,0.8107296824455261,0.8107296824455261
2890,289.0,290.0,0.042831648141145706,0.042831648141145706
2891,289.1,290.1,0.4187367558479309,0.4187367558479309
2892,289.2,290.2,0.26645994186401367,0.26645994186401367
2893,289.3,290.3,0.1846708506345749,0.1846708506345749
2894,289.4,290.4,0.031188001856207848,0.031188001856207848
2895,289.5,290.5,0.006144649349153042,0.006144649349153042
2896,289.6,290.6,0.009842616505920887,0.009842616505920887
2897,289.7,290.7,0.001302066259086132,0.001302066259086132
2898,289.8,290.8,0.0007800600724294782,0.0007800600724294782
2899,289.9,290.9,0.5883650183677673,0.5883650183677673
2900,290.0,291.0,0.22600993514060974,0.22600993514060974
2901,290.1,291.1,0.3184526562690735,0.3184526562690735
2902,290.2,291.2,0.24081839621067047,0.24081839621067047
2903,290.3,291.3,0.27250349521636963,0.27250349521636963
2904,290.4,291.4,0.19393426179885864,0.19393426179885864
2905,290.5,291.5,0.16019375622272491,0.16019375622272491
2906,290.6,291.6,0.3871977627277374,0.3871977627277374
2907,290.7,291.7,0.48280343413352966,0.48280343413352966
2908,290.8,291.8,0.5622690320014954,0.5622690320014954
2909,290.9,291.9,0.014492067508399487,0.014492067508399487
2910,291.0,292.0,0.02284947782754898,0.02284947782754898
2911,291.1,292.1,0.05942341685295105,0.05942341685295105
2912,291.2,292.2,0.00919072050601244,0.00919072050601244
2913,291.3,292.3,0.0034604950342327356,0.0034604950342327356
2914,291.4,292.4,0.006345171947032213,0.006345171947032213
2915,291.5,292.5,0.008593615144491196,0.008593615144491196
2916,291.6,292.6,0.008266260847449303,0.008266260847449303
2917,291.7,292.7,0.007655076216906309,0.007655076216906309
2918,291.8,292.8,0.004598304629325867,0.004598304629325867
2919,291.9,292.9,0.08864069730043411,0.08864069730043411
2920,292.0,293.0,0.09452120959758759,0.09452120959758759
2921,292.1,293.1,0.14877815544605255,0.14877815544605255
2922,292.2,293.2,0.5396445393562317,0.5396445393562317
2923,292.3,293.3,0.3966728746891022,0.3966728746891022
2924,292.4,293.4,0.22602912783622742,0.22602912783622742
2925,292.5,293.5,0.5435852408409119,0.5435852408409119
2926,292.6,293.6,0.7570821642875671,0.7570821642875671
2927,292.7,293.7,0.6067832112312317,0.6067832112312317
2928,292.8,293.8,0.8548637628555298,0.8548637628555298
2929,292.9,293.9,0.6015839576721191,0.6015839576721191
2930,293.0,294.0,0.27147725224494934,0.27147725224494934
2931,293.1,294.1,0.3523493707180023,0.3523493707180023
2932,293.2,294.2,0.10262422263622284,0.10262422263622284
2933,293.3,294.3,0.9622693657875061,0.9622693657875061
2934,293.4,294.4,0.9927331209182739,0.9927331209182739
2935,293.5,294.5,0.9765406250953674,0.9765406250953674
2936,293.6,294.6,0.9790153503417969,0.9790153503417969
2937,293.7,294.7,0.9947687387466431,0.9947687387466431
2938,293.8,294.8,0.9998862743377686,0.9998862743377686
2939,293.9,294.9,0.9988333582878113,0.9988333582878113
2940,294.0,295.0,0.9999415874481201,0.9999415874481201
2941,294.1,295.1,0.9998592138290405,0.9998592138290405
2942,294.2,295.2,0.9996672868728638,0.9996672868728638
2943,294.3,295.3,0.9928696751594543,0.9928696751594543
2944,294.4,295.4,0.45745664834976196,0.45745664834976196
2945,294.5,295.5,0.4202180802822113,0.4202180802822113
2946,294.6,295.6,0.6282652616500854,0.6282652616500854
2947,294.7,295.7,0.7130627632141113,0.7130627632141113
2948,294.8,295.8,0.16149862110614777,0.16149862110614777
2949,294.9,295.9,0.9042313098907471,0.9042313098907471
2950,295.0,296.0,0.8985706567764282,0.8985706567764282
2951,295.1,296.1,0.619362473487854,0.619362473487854
2952,295.2,296.2,0.9624003767967224,0.9624003767967224
2953,295.3,296.3,0.9134037494659424,0.9134037494659424
2954,295.4,296.4,0.8170891404151917,0.8170891404151917
2955,295.5,296.5,0.2177109718322754,0.2177109718322754
2956,295.6,296.6,0.04112284630537033,0.04112284630537033
2957,295.7,296.7,0.16144348680973053,0.16144348680973053
2958,295.8,296.8,0.6415545344352722,0.6415545344352722
2959,295.9,296.9,0.5402287244796753,0.5402287244796753
2960,296.0,297.0,0.6138576865196228,0.6138576865196228
2961,296.1,297.1,0.9669554233551025,0.9669554233551025
2962,296.2,297.2,0.8927685618400574,0.8927685618400574
2963,296.3,297.3,0.9760815501213074,0.9760815501213074
2964,296.4,297.4,0.7115311622619629,0.7115311622619629
2965,296.5,297.5,0.9886897206306458,0.9886897206306458
2966,296.6,297.6,0.984214723110199,0.984214723110199
2967,296.7,297.7,0.9803652763366699,0.9803652763366699
2968,296.8,297.8,0.7563576102256775,0.7563576102256775
2969,296.9,297.9,0.3071807324886322,0.3071807324886322
2970,297.0,298.0,0.14761807024478912,0.14761807024478912
2971,297.1,298.1,0.12900258600711823,0.12900258600711823
2972,297.2,298.2,0.4760918617248535,0.4760918617248535
2973,297.3,298.3,0.9536078572273254,0.9536078572273254
2974,297.4,298.4,0.3905692994594574,0.3905692994594574
2975,297.5,298.5,0.6023765802383423,0.6023765802383423
2976,297.6,298.6,0.6251489520072937,0.6251489520072937
2977,297.7,298.7,0.6872959733009338,0.6872959733009338
2978,297.8,298.8,0.7326188087463379,0.7326188087463379
2979,297.9,298.9,0.8481926918029785,0.8481926918029785
2980,298.0,299.0,0.5240808725357056,0.5240808725357056
2981,298.1,299.1,0.34964078664779663,0.34964078664779663
2982,298.2,299.2,0.2500823736190796,0.2500823736190796
2983,298.3,299.3,0.7355046272277832,0.7355046272277832
2984,298.4,299.4,0.9546341300010681,0.9546341300010681
2985,298.5,299.5,0.9289492964744568,0.9289492964744568
2986,298.6,299.6,0.8818708062171936,0.8818708062171936
2987,298.7,299.7,0.5146767497062683,0.5146767497062683
2988,298.8,299.8,0.8682717084884644,0.8682717084884644
2989,298.9,299.9,0.3893807828426361,0.3893807828426361
2990,299.0,300.0,0.9728407263755798,0.9728407263755798
2991,299.1,300.1,0.1382417380809784,0.1382417380809784
2992,299.2,300.2,0.9046034812927246,0.9046034812927246
2993,299.3,300.3,0.6756987571716309,0.6756987571716309
2994,299.4,300.4,0.787548840045929,0.787548840045929
2995,299.5,300.5,0.4419136345386505,0.4419136345386505
2996,299.6,300.6,0.17646674811840057,0.17646674811840057
2997,299.7,300.7,0.10494131594896317,0.10494131594896317
2998,299.8,300.8,0.8576472997665405,0.8576472997665405
2999,299.9,300.9,0.49060797691345215,0.49060797691345215
3000,300.0,301.0,0.13874906301498413,0.13874906301498413
3001,300.1,301.1,0.5529432892799377,0.5529432892799377
3002,300.2,301.2,0.6519222259521484,0.6519222259521484
3003,300.3,301.3,0.3050091564655304,0.3050091564655304
3004,300.4,301.4,0.7422054409980774,0.7422054409980774
3005,300.5,301.5,0.4161292016506195,0.4161292016506195
3006,300.6,301.6,0.1984342336654663,0.1984342336654663
3007,300.7,301.7,0.5243340730667114,0.5243340730667114
3008,300.8,301.8,0.15902814269065857,0.15902814269065857
3009,300.9,301.9,0.24289730191230774,0.24289730191230774
3010,301.0,302.0,0.2220335453748703,0.2220335453748703
3011,301.1,302.1,0.7149829864501953,0.7149829864501953
3012,301.2,302.2,0.8693684935569763,0.8693684935569763
3013,301.3,302.3,0.7663367986679077,0.7663367986679077
3014,301.4,302.4,0.9089168310165405,0.9089168310165405
3015,301.5,302.5,0.8968505263328552,0.8968505263328552
3016,301.6,302.6,0.8320481777191162,0.8320481777191162
3017,301.7,302.7,0.0013338730204850435,0.0013338730204850435
3018,301.8,302.8,0.0174177885055542,0.0174177885055542
3019,301.9,302.9,0.09399361163377762,0.09399361163377762
3020,302.0,303.0,0.012540875002741814,0.012540875002741814
3021,302.1,303.1,0.0677766278386116,0.0677766278386116
3022,302.2,303.2,0.9936051964759827,0.9936051964759827
3023,302.3,303.3,0.9818905591964722,0.9818905591964722
3024,302.4,303.4,0.9285783767700195,0.9285783767700195
3025,302.5,303.5,0.835044801235199,0.835044801235199
3026,302.6,303.6,0.9922795295715332,0.9922795295715332
3027,302.7,303.7,0.8936864137649536,0.8936864137649536
3028,302.8,303.8,0.9484372735023499,0.9484372735023499
3029,302.9,303.9,0.8109938502311707,0.8109938502311707
3030,303.0,304.0,0.4653263986110687,0.4653263986110687
3031,303.1,304.1,0.030064450576901436,0.030064450576901436
3032,303.2,304.2,0.051479272544384,0.051479272544384
3033,303.3,304.3,0.33761119842529297,0.33761119842529297
3034,303.4,304.4,0.8056991696357727,0.8056991696357727
3035,303.5,304.5,0.9431819915771484,0.9431819915771484
3036,303.6,304.6,0.991459846496582,0.991459846496582
3037,303.7,304.7,0.17610496282577515,0.17610496282577515
3038,303.8,304.8,0.652522623538971,0.652522623538971
3039,303.9,304.9,0.973005473613739,0.973005473613739
3040,304.0,305.0,0.9976766705513,0.9976766705513
3041,304.1,305.1,0.8156983852386475,0.8156983852386475
3042,304.2,305.2,0.8280497789382935,0.8280497789382935
3043,304.3,305.3,0.2808701694011688,0.2808701694011688
3044,304.4,305.4,0.32872554659843445,0.32872554659843445
3045,304.5,305.5,0.34098049998283386,0.34098049998283386
3046,304.6,305.6,0.010744322091341019,0.010744322091341019
3047,304.7,305.7,0.0005071623018011451,0.0005071623018011451
3048,304.8,305.8,0.0020944741554558277,0.0020944741554558277
3049,304.9,305.9,0.0021557307336479425,0.0021557307336479425
3050,305.0,306.0,0.10471316426992416,0.10471316426992416
3051,305.1,306.1,0.22789089381694794,0.22789089381694794
3052,305.2,306.2,0.289546400308609,0.289546400308609
3053,305.3,306.3,0.14499279856681824,0.14499279856681824
3054,305.4,306.4,0.35417893528938293,0.35417893528938293
3055,305.5,306.5,0.9181892275810242,0.9181892275810242
3056,305.6,306.6,0.9699925184249878,0.9699925184249878
3057,305.7,306.7,0.9958024621009827,0.9958024621009827
3058,305.8,306.8,0.9533111453056335,0.9533111453056335
3059,305.9,306.9,0.01589319296181202,0.01589319296181202
3060,306.0,307.0,0.03606398031115532,0.03606398031115532
3061,306.1,307.1,0.4062846004962921,0.4062846004962921
3062,306.2,307.2,0.642571210861206,0.642571210861206
3063,306.3,307.3,0.7426252961158752,0.7426252961158752
3064,306.4,307.4,0.6916804909706116,0.6916804909706116
3065,306.5,307.5,0.657922089099884,0.657922089099884
3066,306.6,307.6,0.16177360713481903,0.16177360713481903
3067,306.7,307.7,0.055305205285549164,0.055305205285549164
3068,306.8,307.8,0.6663814783096313,0.6663814783096313
3069,306.9,307.9,0.35828858613967896,0.35828858613967896
3070,307.0,308.0,0.0008135642856359482,0.0008135642856359482
3071,307.1,308.1,0.00039230199763551354,0.00039230199763551354
3072,307.2,308.2,0.00041413979488424957,0.00041413979488424957
3073,307.3,308.3,0.0005248136003501713,0.0005248136003501713
3074,307.4,308.4,0.5313028693199158,0.5313028693199158
3075,307.5,308.5,0.016259824857115746,0.016259824857115746
3076,307.6,308.6,0.010058101266622543,0.010058101266622543
3077,307.7,308.7,0.008301901631057262,0.008301901631057262
3078,307.8,308.8,0.015813618898391724,0.015813618898391724
3079,307.9,308.9,0.07157181948423386,0.07157181948423386
3080,308.0,309.0,0.9735775589942932,0.9735775589942932
3081,308.1,309.1,0.8988969326019287,0.8988969326019287
3082,308.2,309.2,0.7304919958114624,0.7304919958114624
3083,308.3,309.3,0.3685627281665802,0.3685627281665802
3084,308.4,309.4,0.5056542754173279,0.5056542754173279
3085,308.5,309.5,0.3977535665035248,0.3977535665035248
3086,308.6,309.6,0.720188319683075,0.720188319683075
3087,308.7,309.7,0.5502952933311462,0.5502952933311462
3088,308.8,309.8,0.6232011914253235,0.6232011914253235
3089,308.9,309.9,0.9904043674468994,0.9904043674468994
3090,309.0,310.0,0.5068323016166687,0.5068323016166687
3091,309.1,310.1,0.3311062157154083,0.3311062157154083
3092,309.2,310.2,0.659250795841217,0.659250795841217
3093,309.3,310.3,0.8724508285522461,0.8724508285522461
3094,309.4,310.4,0.9283067584037781,0.9283067584037781
3095,309.5,310.5,0.8786645531654358,0.8786645531654358
3096,309.6,310.6,0.9497762322425842,0.9497762322425842
3097,309.7,310.7,0.9762822985649109,0.9762822985649109
3098,309.8,310.8,0.7498915791511536,0.7498915791511536
3099,309.9,310.9,0.6713315844535828,0.6713315844535828
3100,310.0,311.0,0.842184841632843,0.842184841632843
3101,310.1,311.1,0.8456103205680847,0.8456103205680847
3102,310.2,311.2,0.9891029596328735,0.9891029596328735
3103,310.3,311.3,0.4353026747703552,0.4353026747703552
3104,310.4,311.4,0.8406287431716919,0.8406287431716919
3105,310.5,311.5,0.3929675817489624,0.3929675817489624
3106,310.6,311.6,0.8848242163658142,0.8848242163658142
3107,310.7,311.7,0.9880487322807312,0.9880487322807312
3108,310.8,311.8,0.9977411031723022,0.9977411031723022
3109,310.9,311.9,0.9970110654830933,0.9970110654830933
3110,311.0,312.0,0.9996762275695801,0.9996762275695801
3111,311.1,312.1,0.9969152212142944,0.9969152212142944
3112,311.2,312.2,0.9995442032814026,0.9995442032814026
3113,311.3,312.3,0.9997077584266663,0.9997077584266663
3114,311.4,312.4,0.9996981620788574,0.9996981620788574
3115,311.5,312.5,0.9787358641624451,0.9787358641624451
3116,311.6,312.6,0.07051827013492584,0.07051827013492584
3117,311.7,312.7,0.07267281413078308,0.07267281413078308
3118,311.8,312.8,0.002049411181360483,0.002049411181360483
3119,311.9,312.9,0.0022752610966563225,0.0022752610966563225
3120,312.0,313.0,0.0019034043652936816,0.0019034043652936816
3121,312.1,313.1,0.0050654481165111065,0.0050654481165111065
3122,312.2,313.2,0.03420749679207802,0.03420749679207802
3123,312.3,313.3,0.08886926621198654,0.08886926621198654
3124,312.4,313.4,0.03438689932227135,0.03438689932227135
3125,312.5,313.5,0.05258357152342796,0.05258357152342796
3126,312.6,313.6,0.07782811671495438,0.07782811671495438
3127,312.7,313.7,0.19039739668369293,0.19039739668369293
3128,312.8,313.8,0.16829395294189453,0.16829395294189453
3129,312.9,313.9,0.34593409299850464,0.34593409299850464
3130,313.0,314.0,0.1335107386112213,0.1335107386112213
3131,313.1,314.1,0.25822776556015015,0.25822776556015015
3132,313.2,314.2,0.09262549877166748,0.09262549877166748
3133,313.3,314.3,0.055765192955732346,0.055765192955732346
3134,313.4,314.4,0.3672788143157959,0.3672788143157959
3135,313.5,314.5,0.41172128915786743,0.41172128915786743
3136,313.6,314.6,0.72867351770401,0.72867351770401
3137,313.7,314.7,0.9166992902755737,0.9166992902755737
3138,313.8,314.8,0.9796473979949951,0.9796473979949951
3139,313.9,314.9,0.9908979535102844,0.9908979535102844
3140,314.0,315.0,0.9965144991874695,0.9965144991874695
3141,314.1,315.1,0.9943838119506836,0.9943838119506836
3142,314.2,315.2,0.9986830353736877,0.9986830353736877
3143,314.3,315.3,0.9976853132247925,0.9976853132247925
3144,314.4,315.4,0.9984474778175354,0.9984474778175354
3145,314.5,315.5,0.8815302848815918,0.8815302848815918
3146,314.6,315.6,0.001316139125265181,0.001316139125265181
3147,314.7,315.7,0.031976331025362015,0.031976331025362015
3148,314.8,315.8,0.006976525764912367,0.006976525764912367
3149,314.9,315.9,0.04097691550850868,0.04097691550850868
3150,315.0,316.0,0.0025233186315745115,0.0025233186315745115
3151,315.1,316.1,0.02416951395571232,0.02416951395571232
3152,315.2,316.2,0.011289255693554878,0.011289255693554878
3153,315.3,316.3,0.02386055514216423,0.02386055514216423
3154,315.4,316.4,0.021353192627429962,0.021353192627429962
3155,315.5,316.5,0.10643729567527771,0.10643729567527771
3156,315.6,316.6,0.0073206606321036816,0.0073206606321036816
3157,315.7,316.7,0.36874261498451233,0.36874261498451233
3158,315.8,316.8,0.3661896884441376,0.3661896884441376
3159,315.9,316.9,0.2230924665927887,0.2230924665927887
3160,316.0,317.0,0.14485912024974823,0.14485912024974823
3161,316.1,317.1,0.06622114777565002,0.06622114777565002
3162,316.2,317.2,0.2509545683860779,0.2509545683860779
3163,316.3,317.3,0.17483924329280853,0.17483924329280853
3164,316.4,317.4,0.3873739540576935,0.3873739540576935
3165,316.5,317.5,0.08760614693164825,0.08760614693164825
3166,316.6,317.6,0.3191165328025818,0.3191165328025818
3167,316.7,317.7,0.1119203269481659,0.1119203269481659
3168,316.8,317.8,0.16776609420776367,0.16776609420776367
3169,316.9,317.9,0.2580702602863312,0.2580702602863312
3170,317.0,318.0,0.07595748454332352,0.07595748454332352
3171,317.1,318.1,0.14015665650367737,0.14015665650367737
3172,317.2,318.2,0.17456549406051636,0.17456549406051636
3173,317.3,318.3,0.45567458868026733,0.45567458868026733
3174,317.4,318.4,0.11943716555833817,0.11943716555833817
3175,317.5,318.5,0.8772745728492737,0.8772745728492737
3176,317.6,318.6,0.9544417858123779,0.9544417858123779
3177,317.7,318.7,0.8958185315132141,0.8958185315132141
3178,317.8,318.8,0.06739410012960434,0.06739410012960434
3179,317.9,318.9,0.09073586016893387,0.09073586016893387
3180,318.0,319.0,0.22690936923027039,0.22690936923027039
3181,318.1,319.1,0.013942770659923553,0.013942770659923553
3182,318.2,319.2,0.008368194103240967,0.008368194103240967
3183,318.3,319.3,0.0006358393002301455,0.0006358393002301455
3184,318.4,319.4,0.000496532185934484,0.000496532185934484
3185,318.5,319.5,0.0009329683962278068,0.0009329683962278068
3186,318.6,319.6,0.004130891058593988,0.004130891058593988
3187,318.7,319.7,0.03946802020072937,0.03946802020072937
3188,318.8,319.8,0.7876935005187988,0.7876935005187988
3189,318.9,319.9,0.3358185291290283,0.3358185291290283
3190,319.0,320.0,0.9144462943077087,0.9144462943077087
3191,319.1,320.1,0.6714425683021545,0.6714425683021545
3192,319.2,320.2,0.5952222943305969,0.5952222943305969
3193,319.3,320.3,0.40214231610298157,0.40214231610298157
3194,319.4,320.4,0.5102605819702148,0.5102605819702148
3195,319.5,320.5,0.07737208157777786,0.07737208157777786
3196,319.6,320.6,0.037478961050510406,0.037478961050510406
3197,319.7,320.7,0.02270873449742794,0.02270873449742794
3198,319.8,320.8,0.01723168045282364,0.01723168045282364
3199,319.9,320.9,0.9564352035522461,0.9564352035522461
3200,320.0,321.0,0.41728106141090393,0.41728106141090393
3201,320.1,321.1,0.4339544475078583,0.4339544475078583
3202,320.2,321.2,0.9998517036437988,0.9998517036437988
3203,320.3,321.3,0.978563129901886,0.978563129901886
3204,320.4,321.4,0.9978930354118347,0.9978930354118347
3205,320.5,321.5,0.43823447823524475,0.43823447823524475
3206,320.6,321.6,0.007274465635418892,0.007274465635418892
3207,320.7,321.7,0.04387640580534935,0.04387640580534935
3208,320.8,321.8,0.01358275767415762,0.01358275767415762
3209,320.9,321.9,0.028678273782134056,0.028678273782134056
3210,321.0,322.0,0.07180334627628326,0.07180334627628326
3211,321.1,322.1,0.019575968384742737,0.019575968384742737
3212,321.2,322.2,0.01680055260658264,0.01680055260658264
3213,321.3,322.3,0.04942574352025986,0.04942574352025986
3214,321.4,322.4,0.03457668051123619,0.03457668051123619
3215,321.5,322.5,0.06942614912986755,0.06942614912986755
3216,321.6,322.6,0.8465109467506409,0.8465109467506409
3217,321.7,322.7,0.6173603534698486,0.6173603534698486
3218,321.8,322.8,0.7992600798606873,0.7992600798606873
3219,321.9,322.9,0.35581162571907043,0.35581162571907043
3220,322.0,323.0,0.6298167109489441,0.6298167109489441
3221,322.1,323.1,0.4442276656627655,0.4442276656627655
3222,322.2,323.2,0.4136331081390381,0.4136331081390381
3223,322.3,323.3,0.1691892147064209,0.1691892147064209
3224,322.4,323.4,0.2906690537929535,0.2906690537929535
3225,322.5,323.5,0.9132546186447144,0.9132546186447144
3226,322.6,323.6,0.30034974217414856,0.30034974217414856
3227,322.7,323.7,0.39738333225250244,0.39738333225250244
3228,322.8,323.8,0.9617850184440613,0.9617850184440613
3229,322.9,323.9,0.9618365168571472,0.9618365168571472
3230,323.0,324.0,0.8884830474853516,0.8884830474853516
3231,323.1,324.1,0.6323847770690918,0.6323847770690918
3232,323.2,324.2,0.7799414992332458,0.7799414992332458
3233,323.3,324.3,0.7435998320579529,0.7435998320579529
3234,323.4,324.4,0.6162579655647278,0.6162579655647278
3235,323.5,324.5,0.41457319259643555,0.41457319259643555
3236,323.6,324.6,0.15809185802936554,0.15809185802936554
3237,323.7,324.7,0.0911111980676651,0.0911111980676651
3238,323.8,324.8,0.637401819229126,0.637401819229126
3239,323.9,324.9,0.4805493652820587,0.4805493652820587
3240,324.0,325.0,0.7206804156303406,0.7206804156303406
3241,324.1,325.1,0.9015256762504578,0.9015256762504578
3242,324.2,325.2,0.97931307554245,0.97931307554245
3243,324.3,325.3,0.8979049921035767,0.8979049921035767
3244,324.4,325.4,0.5070675015449524,0.5070675015449524
3245,324.5,325.5,0.8518134951591492,0.8518134951591492
3246,324.6,325.6,0.6014342904090881,0.6014342904090881
3247,324.7,325.7,0.8990370631217957,0.8990370631217957
3248,324.8,325.8,0.09858258813619614,0.09858258813619614
3249,324.9,325.9,0.405537486076355,0.405537486076355
3250,325.0,326.0,0.0014861426316201687,0.0014861426316201687
3251,325.1,326.1,0.004442141391336918,0.004442141391336918
3252,325.2,326.2,0.0011550060007721186,0.0011550060007721186
3253,325.3,326.3,0.0025678719393908978,0.0025678719393908978
3254,325.4,326.4,0.009587784297764301,0.009587784297764301
3255,325.5,326.5,0.01925290934741497,0.01925290934741497
3256,325.6,326.6,0.00425482913851738,0.00425482913851738
3257,325.7,326.7,0.005968082696199417,0.005968082696199417
3258,325.8,326.8,0.0029823000077158213,0.0029823000077158213
3259,325.9,326.9,0.20146231353282928,0.20146231353282928
3260,326.0,327.0,0.9751135110855103,0.9751135110855103
3261,326.1,327.1,0.04672201722860336,0.04672201722860336
3262,326.2,327.2,0.07497289776802063,0.07497289776802063
3263,326.3,327.3,0.7750780582427979,0.7750780582427979
3264,326.4,327.4,0.13359087705612183,0.13359087705612183
3265,326.5,327.5,0.9079201221466064,0.9079201221466064
3266,326.6,327.6,0.655129075050354,0.655129075050354
3267,326.7,327.7,0.06155017390847206,0.06155017390847206
3268,326.8,327.8,0.4291004240512848,0.4291004240512848
3269,326.9,327.9,0.994988203048706,0.994988203048706
3270,327.0,328.0,0.9555139541625977,0.9555139541625977
3271,327.1,328.1,0.6696352958679199,0.6696352958679199
3272,327.2,328.2,0.8866214156150818,0.8866214156150818
3273,327.3,328.3,0.9113456010818481,0.9113456010818481
3274,327.4,328.4,0.33978477120399475,0.33978477120399475
3275,327.5,328.5,0.008028051815927029,0.008028051815927029
3276,327.6,328.6,0.001892786123789847,0.001892786123789847
3277,327.7,328.7,0.06613006442785263,0.06613006442785263
3278,327.8,328.8,0.07092173397541046,0.07092173397541046
3279,327.9,328.9,0.054816748946905136,0.054816748946905136
3280,328.0,329.0,0.1434563398361206,0.1434563398361206
3281,328.1,329.1,0.11440514773130417,0.11440514773130417
3282,328.2,329.2,0.021703876554965973,0.021703876554965973
3283,328.3,329.3,0.017944583669304848,0.017944583669304848
3284,328.4,329.4,0.18183031678199768,0.18183031678199768
3285,328.5,329.5,0.8615031838417053,0.8615031838417053
3286,328.6,329.6,0.4847904443740845,0.4847904443740845
3287,328.7,329.7,0.5429360270500183,0.5429360270500183
3288,328.8,329.8,0.08546607196331024,0.08546607196331024
3289,328.9,329.9,0.33708518743515015,0.33708518743515015
3290,329.0,330.0,0.2769412398338318,0.2769412398338318
3291,329.1,330.1,0.7616209983825684,0.7616209983825684
3292,329.2,330.2,0.2766237258911133,0.2766237258911133
3293,329.3,330.3,0.9406067728996277,0.9406067728996277
3294,329.4,330.4,0.7826521396636963,0.7826521396636963
3295,329.5,330.5,0.4201524257659912,0.4201524257659912
3296,329.6,330.6,0.33678340911865234,0.33678340911865234
3297,329.7,330.7,0.9091130495071411,0.9091130495071411
3298,329.8,330.8,0.005007422994822264,0.005007422994822264
3299,329.9,330.9,0.007778041064739227,0.007778041064739227
3300,330.0,331.0,0.0018215002492070198,0.0018215002492070198
3301,330.1,331.1,0.0010114579927176237,0.0010114579927176237
3302,330.2,331.2,0.0019149337895214558,0.0019149337895214558
3303,330.3,331.3,0.0009597363532520831,0.0009597363532520831
3304,330.4,331.4,0.017225559800863266,0.017225559800863266
3305,330.5,331.5,0.11836671084165573,0.11836671084165573
3306,330.6,331.6,0.06319695711135864,0.06319695711135864
3307,330.7,331.7,0.012379249557852745,0.012379249557852745
3308,330.8,331.8,0.0036882103886455297,0.0036882103886455297
3309,330.9,331.9,0.020623143762350082,0.020623143762350082
3310,331.0,332.0,0.04079838842153549,0.04079838842153549
3311,331.1,332.1,0.04135850816965103,0.04135850816965103
3312,331.2,332.2,0.07277939468622208,0.07277939468622208
3313,331.3,332.3,0.5152513980865479,0.5152513980865479
3314,331.4,332.4,0.13274505734443665,0.13274505734443665
3315,331.5,332.5,0.817101776599884,0.817101776599884
3316,331.6,332.6,0.7131462693214417,0.7131462693214417
3317,331.7,332.7,0.5037102699279785,0.5037102699279785
3318,331.8,332.8,0.3991925120353699,0.3991925120353699
3319,331.9,332.9,0.606727123260498,0.606727123260498
3320,332.0,333.0,0.1632075309753418,0.1632075309753418
3321,332.1,333.1,0.25792229175567627,0.25792229175567627
3322,332.2,333.2,0.04099061340093613,0.04099061340093613
3323,332.3,333.3,0.05560491234064102,0.05560491234064102
3324,332.4,333.4,0.05558047816157341,0.05558047816157341
3325,332.5,333.5,0.017003100365400314,0.017003100365400314
3326,332.6,333.6,0.009743011556565762,0.009743011556565762
3327,332.7,333.7,0.003606943180784583,0.003606943180784583
3328,332.8,333.8,0.32543930411338806,0.32543930411338806
3329,332.9,333.9,0.06559527665376663,0.06559527665376663
3330,333.0,334.0,0.029893385246396065,0.029893385246396065
3331,333.1,334.1,0.006825635675340891,0.006825635675340891
3332,333.2,334.2,0.13090741634368896,0.13090741634368896
3333,333.3,334.3,0.07784556597471237,0.07784556597471237
3334,333.4,334.4,0.06550826877355576,0.06550826877355576
3335,333.5,334.5,0.0660916119813919,0.0660916119813919
3336,333.6,334.6,0.0676608756184578,0.0676608756184578
3337,333.7,334.7,0.29595890641212463,0.29595890641212463
3338,333.8,334.8,0.9817505478858948,0.9817505478858948
3339,333.9,334.9,0.9144110083580017,0.9144110083580017
3340,334.0,335.0,0.7063785791397095,0.7063785791397095
3341,334.1,335.1,0.9659174680709839,0.9659174680709839
3342,334.2,335.2,0.9977874755859375,0.9977874755859375
3343,334.3,335.3,0.9367390871047974,0.9367390871047974
3344,334.4,335.4,0.07689588516950607,0.07689588516950607
3345,334.5,335.5,0.12216034531593323,0.12216034531593323
3346,334.6,335.6,0.08404757082462311,0.08404757082462311
3347,334.7,335.7,0.0007367398357018828,0.0007367398357018828
3348,334.8,335.8,0.005681786686182022,0.005681786686182022
3349,334.9,335.9,0.010785218328237534,0.010785218328237534
3350,335.0,336.0,0.007027237210422754,0.007027237210422754
3351,335.1,336.1,0.009058165363967419,0.009058165363967419
3352,335.2,336.2,0.1522739827632904,0.1522739827632904
3353,335.3,336.3,0.09207478910684586,0.09207478910684586
3354,335.4,336.4,0.2380247861146927,0.2380247861146927
3355,335.5,336.5,0.9198750257492065,0.9198750257492065
3356,335.6,336.6,0.4515106976032257,0.4515106976032257
3357,335.7,336.7,0.2864794433116913,0.2864794433116913
3358,335.8,336.8,0.02196492627263069,0.02196492627263069
3359,335.9,336.9,0.6009603142738342,0.6009603142738342
3360,336.0,337.0,0.3695025146007538,0.3695025146007538
3361,336.1,337.1,0.3142908215522766,0.3142908215522766
3362,336.2,337.2,0.6375689506530762,0.6375689506530762
3363,336.3,337.3,0.6923605799674988,0.6923605799674988
3364,336.4,337.4,0.7695773839950562,0.7695773839950562
3365,336.5,337.5,0.022345101460814476,0.022345101460814476
3366,336.6,337.6,0.0018707846757024527,0.0018707846757024527
3367,336.7,337.7,0.0005654926644638181,0.0005654926644638181
3368,336.8,337.8,0.001877619419246912,0.001877619419246912
3369,336.9,337.9,0.0018826178275048733,0.0018826178275048733
3370,337.0,338.0,0.0006862306618131697,0.0006862306618131697
3371,337.1,338.1,0.0030012880451977253,0.0030012880451977253
3372,337.2,338.2,0.014186450280249119,0.014186450280249119
3373,337.3,338.3,0.015179566107690334,0.015179566107690334
3374,337.4,338.4,0.03193330392241478,0.03193330392241478
3375,337.5,338.5,0.025401858612895012,0.025401858612895012
3376,337.6,338.6,0.22887785732746124,0.22887785732746124
3377,337.7,338.7,0.9665482044219971,0.9665482044219971
3378,337.8,338.8,0.9896255135536194,0.9896255135536194
3379,337.9,338.9,0.8745088577270508,0.8745088577270508
3380,338.0,339.0,0.9232083559036255,0.9232083559036255
3381,338.1,339.1,0.8976987600326538,0.8976987600326538
3382,338.2,339.2,0.8189241886138916,0.8189241886138916
3383,338.3,339.3,0.9431305527687073,0.9431305527687073
3384,338.4,339.4,0.7700269818305969,0.7700269818305969
3385,338.5,339.5,0.8252611756324768,0.8252611756324768
3386,338.6,339.6,0.3321108818054199,0.3321108818054199
3387,338.7,339.7,0.5029174089431763,0.5029174089431763
3388,338.8,339.8,0.11439045518636703,0.11439045518636703
3389,338.9,339.9,0.06408321112394333,0.06408321112394333
3390,339.0,340.0,0.01072727981954813,0.01072727981954813
3391,339.1,340.1,0.0013192483456805348,0.0013192483456805348
3392,339.2,340.2,0.0038796858862042427,0.0038796858862042427
3393,339.3,340.3,0.017648274078965187,0.017648274078965187
3394,339.4,340.4,0.011521945707499981,0.011521945707499981
3395,339.5,340.5,0.019302736967802048,0.019302736967802048
3396,339.6,340.6,0.040482744574546814,0.040482744574546814
3397,339.7,340.7,0.008470933884382248,0.008470933884382248
3398,339.8,340.8,0.05091393366456032,0.05091393366456032
3399,339.9,340.9,0.05967240408062935,0.05967240408062935
3400,340.0,341.0,0.09854903817176819,0.09854903817176819
3401,340.1,341.1,0.4288564920425415,0.4288564920425415
3402,340.2,341.2,0.013478088192641735,0.013478088192641735
3403,340.3,341.3,0.039935119450092316,0.039935119450092316
3404,340.4,341.4,0.05266599357128143,0.05266599357128143
3405,340.5,341.5,0.034984901547431946,0.034984901547431946
3406,340.6,341.6,0.018921952694654465,0.018921952694654465
3407,340.7,341.7,0.2732366919517517,0.2732366919517517
3408,340.8,341.8,0.5922083258628845,0.5922083258628845
3409,340.9,341.9,0.8623857498168945,0.8623857498168945
3410,341.0,342.0,0.22167547047138214,0.22167547047138214
3411,341.1,342.1,0.37456634640693665,0.37456634640693665
3412,341.2,342.2,0.5837018489837646,0.5837018489837646
3413,341.3,342.3,0.9099153876304626,0.9099153876304626
3414,341.4,342.4,0.925338089466095,0.925338089466095
3415,341.5,342.5,0.0015553132398054004,0.0015553132398054004
3416,341.6,342.6,0.0006616823375225067,0.0006616823375225067
3417,341.7,342.7,0.000708611449226737,0.000708611449226737
3418,341.8,342.8,0.001212863833643496,0.001212863833643496
3419,341.9,342.9,0.0013334715040400624,0.0013334715040400624
3420,342.0,343.0,0.0011024016421288252,0.0011024016421288252
3421,342.1,343.1,0.0037417979910969734,0.0037417979910969734
3422,342.2,343.2,0.00236602034419775,0.00236602034419775
3423,342.3,343.3,0.009186320938169956,0.009186320938169956
3424,342.4,343.4,0.004869394935667515,0.004869394935667515
3425,342.5,343.5,0.41096386313438416,0.41096386313438416
3426,342.6,343.6,0.23029924929141998,0.23029924929141998
3427,342.7,343.7,0.19893230497837067,0.19893230497837067
3428,342.8,343.8,0.15072806179523468,0.15072806179523468
3429,342.9,343.9,0.08719094097614288,0.08719094097614288
3430,343.0,344.0,0.6006439328193665,0.6006439328193665
3431,343.1,344.1,0.9336075782775879,0.9336075782775879
3432,343.2,344.2,0.1421467512845993,0.1421467512845993
3433,343.3,344.3,0.5477001070976257,0.5477001070976257
3434,343.4,344.4,0.4406214952468872,0.4406214952468872
3435,343.5,344.5,0.5040385127067566,0.5040385127067566
3436,343.6,344.6,0.7580658793449402,0.7580658793449402
3437,343.7,344.7,0.19347326457500458,0.19347326457500458
3438,343.8,344.8,0.2195805460214615,0.2195805460214615
3439,343.9,344.9,0.055408477783203125,0.055408477783203125
3440,344.0,345.0,0.6133056282997131,0.6133056282997131
3441,344.1,345.1,0.47164633870124817,0.47164633870124817
3442,344.2,345.2,0.33232033252716064,0.33232033252716064
3443,344.3,345.3,0.0008564325980842113,0.0008564325980842113
3444,344.4,345.4,0.0009470038930885494,0.0009470038930885494
3445,344.5,345.5,0.004427606239914894,0.004427606239914894
3446,344.6,345.6,0.009674830362200737,0.009674830362200737
3447,344.7,345.7,0.044800691306591034,0.044800691306591034
3448,344.8,345.8,0.12036940455436707,0.12036940455436707
3449,344.9,345.9,0.10548237711191177,0.10548237711191177
3450,345.0,346.0,0.10778053849935532,0.10778053849935532
3451,345.1,346.1,0.015063853934407234,0.015063853934407234
3452,345.2,346.2,0.053015947341918945,0.053015947341918945
3453,345.3,346.3,0.062095873057842255,0.062095873057842255
3454,345.4,346.4,0.02095877006649971,0.02095877006649971
3455,345.5,346.5,0.4247024953365326,0.4247024953365326
3456,345.6,346.6,0.2016923576593399,0.2016923576593399
3457,345.7,346.7,0.6247877478599548,0.6247877478599548
3458,345.8,346.8,0.2691464126110077,0.2691464126110077
3459,345.9,346.9,0.3473876118659973,0.3473876118659973
3460,346.0,347.0,0.5301828980445862,0.5301828980445862
3461,346.1,347.1,0.22010637819766998,0.22010637819766998
3462,346.2,347.2,0.15659500658512115,0.15659500658512115
3463,346.3,347.3,0.197311669588089,0.197311669588089
3464,346.4,347.4,0.36973753571510315,0.36973753571510315
3465,346.5,347.5,0.3487521708011627,0.3487521708011627
3466,346.6,347.6,0.26324740052223206,0.26324740052223206
3467,346.7,347.7,0.00027604919159784913,0.00027604919159784913
3468,346.8,347.8,0.0006160182529129088,0.0006160182529129088
3469,346.9,347.9,0.0004088633577339351,0.0004088633577339351
3470,347.0,348.0,0.008322599343955517,0.008322599343955517
3471,347.1,348.1,0.014693421311676502,0.014693421311676502
3472,347.2,348.2,0.001387040945701301,0.001387040945701301
3473,347.3,348.3,0.221764475107193,0.221764475107193
3474,347.4,348.4,0.17520351707935333,0.17520351707935333
3475,347.5,348.5,0.005593361333012581,0.005593361333012581
3476,347.6,348.6,0.045934099704027176,0.045934099704027176
3477,347.7,348.7,0.0623946338891983,0.0623946338891983
3478,347.8,348.8,0.2789428234100342,0.2789428234100342
3479,347.9,348.9,0.2797645628452301,0.2797645628452301
3480,348.0,349.0,0.25318673253059387,0.25318673253059387
3481,348.1,349.1,0.11427140235900879,0.11427140235900879
3482,348.2,349.2,0.19303463399410248,0.19303463399410248
3483,348.3,349.3,0.35717833042144775,0.35717833042144775
3484,348.4,349.4,0.8357632160186768,0.8357632160186768
3485,348.5,349.5,0.22900958359241486,0.22900958359241486
3486,348.6,349.6,0.18667322397232056,0.18667322397232056
3487,348.7,349.7,0.03300461545586586,0.03300461545586586
3488,348.8,349.8,0.07409533113241196,0.07409533113241196
3489,348.9,349.9,0.13943618535995483,0.13943618535995483
3490,349.0,350.0,0.0057738954201340675,0.0057738954201340675
3491,349.1,350.1,0.021997997537255287,0.021997997537255287
3492,349.2,350.2,0.029637694358825684,0.029637694358825684
3493,349.3,350.3,0.1501074731349945,0.1501074731349945
3494,349.4,350.4,0.4878333508968353,0.4878333508968353
3495,349.5,350.5,0.7445337772369385,0.7445337772369385
3496,349.6,350.6,0.7498427033424377,0.7498427033424377
3497,349.7,350.7,0.4877786636352539,0.4877786636352539
3498,349.8,350.8,0.1276673823595047,0.1276673823595047
3499,349.9,350.9,0.13957549631595612,0.13957549631595612
3500,350.0,351.0,0.9752748608589172,0.9752748608589172
3501,350.1,351.1,0.6030780673027039,0.6030780673027039
3502,350.2,351.2,0.13575275242328644,0.13575275242328644
3503,350.3,351.3,0.833419919013977,0.833419919013977
3504,350.4,351.4,0.9045917987823486,0.9045917987823486
3505,350.5,351.5,0.2586697041988373,0.2586697041988373
3506,350.6,351.6,0.42558610439300537,0.42558610439300537
3507,350.7,351.7,0.43127939105033875,0.43127939105033875
3508,350.8,351.8,0.7882125973701477,0.7882125973701477
3509,350.9,351.9,0.2359936684370041,0.2359936684370041
3510,351.0,352.0,0.7738456726074219,0.7738456726074219
3511,351.1,352.1,0.012713804841041565,0.012713804841041565
3512,351.2,352.2,0.010028311051428318,0.010028311051428318
3513,351.3,352.3,0.02346798963844776,0.02346798963844776
3514,351.4,352.4,0.30225107073783875,0.30225107073783875
3515,351.5,352.5,0.12045156210660934,0.12045156210660934
3516,351.6,352.6,0.138824462890625,0.138824462890625
3517,351.7,352.7,0.003077802015468478,0.003077802015468478
3518,351.8,352.8,0.023525936529040337,0.023525936529040337
3519,351.9,352.9,0.022136615589261055,0.022136615589261055
3520,352.0,353.0,0.1051102727651596,0.1051102727651596
3521,352.1,353.1,0.17421764135360718,0.17421764135360718
3522,352.2,353.2,0.15209348499774933,0.15209348499774933
3523,352.3,353.3,0.2573710083961487,0.2573710083961487
3524,352.4,353.4,0.246010422706604,0.246010422706604
3525,352.5,353.5,0.22096450626850128,0.22096450626850128
3526,352.6,353.6,0.5791230797767639,0.5791230797767639
3527,352.7,353.7,0.28218525648117065,0.28218525648117065
3528,352.8,353.8,0.15055717527866364,0.15055717527866364
3529,352.9,353.9,0.2907450795173645,0.2907450795173645
3530,353.0,354.0,0.5628628730773926,0.5628628730773926
3531,353.1,354.1,0.5469539165496826,0.5469539165496826
3532,353.2,354.2,0.7604974508285522,0.7604974508285522
3533,353.3,354.3,0.2621229290962219,0.2621229290962219
3534,353.4,354.4,0.002555582672357559,0.002555582672357559
3535,353.5,354.5,0.17174890637397766,0.17174890637397766
3536,353.6,354.6,0.021614212542772293,0.021614212542772293
3537,353.7,354.7,0.016409780830144882,0.016409780830144882
3538,353.8,354.8,0.001958293141797185,0.001958293141797185
3539,353.9,354.9,0.008833537809550762,0.008833537809550762
3540,354.0,355.0,0.01084098033607006,0.01084098033607006
3541,354.1,355.1,0.00903652049601078,0.00903652049601078
3542,354.2,355.2,0.008364032953977585,0.008364032953977585
3543,354.3,355.3,0.002493670443072915,0.002493670443072915
3544,354.4,355.4,0.03607696294784546,0.03607696294784546
3545,354.5,355.5,0.159740149974823,0.159740149974823
3546,354.6,355.6,0.011428236961364746,0.011428236961364746
3547,354.7,355.7,0.02737661451101303,0.02737661451101303
3548,354.8,355.8,0.05925978720188141,0.05925978720188141
3549,354.9,355.9,0.5130457282066345,0.5130457282066345
3550,355.0,356.0,0.19496533274650574,0.19496533274650574
3551,355.1,356.1,0.5139381289482117,0.5139381289482117
3552,355.2,356.2,0.21629001200199127,0.21629001200199127
3553,355.3,356.3,0.0027573746629059315,0.0027573746629059315
3554,355.4,356.4,0.093466617166996,0.093466617166996
3555,355.5,356.5,0.1693652868270874,0.1693652868270874
3556,355.6,356.6,0.005804460495710373,0.005804460495710373
3557,355.7,356.7,0.016224954277276993,0.016224954277276993
3558,355.8,356.8,0.035320207476615906,0.035320207476615906
3559,355.9,356.9,0.047062307596206665,0.047062307596206665
3560,356.0,357.0,0.12148629128932953,0.12148629128932953
3561,356.1,357.1,0.03182511776685715,0.03182511776685715
3562,356.2,357.2,0.01684577390551567,0.01684577390551567
3563,356.3,357.3,0.006961827632039785,0.006961827632039785
3564,356.4,357.4,0.009668854996562004,0.009668854996562004
3565,356.5,357.5,0.07524392008781433,0.07524392008781433
3566,356.6,357.6,0.7032700777053833,0.7032700777053833
3567,356.7,357.7,0.28138211369514465,0.28138211369514465
3568,356.8,357.8,0.2287525087594986,0.2287525087594986
3569,356.9,357.9,0.4583020508289337,0.4583020508289337
3570,357.0,358.0,0.04453485459089279,0.04453485459089279
3571,357.1,358.1,0.20603293180465698,0.20603293180465698
3572,357.2,358.2,0.09364005923271179,0.09364005923271179
3573,357.3,358.3,0.06963489949703217,0.06963489949703217
3574,357.4,358.4,0.030242858454585075,0.030242858454585075
3575,357.5,358.5,0.014658845961093903,0.014658845961093903
3576,357.6,358.6,0.025969307869672775,0.025969307869672775
3577,357.7,358.7,0.11569632589817047,0.11569632589817047
3578,357.8,358.8,0.2421223223209381,0.2421223223209381
3579,357.9,358.9,0.0020210095681250095,0.0020210095681250095
3580,358.0,359.0,0.00046911201206967235,0.00046911201206967235
3581,358.1,359.1,0.00032818198087625206,0.00032818198087625206
3582,358.2,359.2,0.0009734125342220068,0.0009734125342220068
3583,358.3,359.3,0.004143468104302883,0.004143468104302883
3584,358.4,359.4,0.0012558018788695335,0.0012558018788695335
3585,358.5,359.5,0.001741199055686593,0.001741199055686593
3586,358.6,359.6,0.0062356190755963326,0.0062356190755963326
3587,358.7,359.7,0.003920034039765596,0.003920034039765596
3588,358.8,359.8,0.0021821181289851665,0.0021821181289851665
3589,358.9,359.9,0.01958267018198967,0.01958267018198967
3590,359.0,360.0,0.0021849223412573338,0.0021849223412573338
3591,359.1,360.1,0.022057760506868362,0.022057760506868362
3592,359.2,360.2,0.641412079334259,0.641412079334259
3593,359.3,360.3,0.06946008652448654,0.06946008652448654
3594,359.4,360.4,0.21258075535297394,0.21258075535297394
3595,359.5,360.5,0.3277708888053894,0.3277708888053894
3596,359.6,360.6,0.6280303001403809,0.6280303001403809
3597,359.7,360.7,0.6369878053665161,0.6369878053665161
3598,359.8,360.8,0.31628772616386414,0.31628772616386414
3599,359.9,360.9,0.7933914661407471,0.7933914661407471
3600,360.0,361.0,0.9478767514228821,0.9478767514228821
3601,360.1,361.1,0.9085891246795654,0.9085891246795654
3602,360.2,361.2,0.7515780329704285,0.7515780329704285
3603,360.3,361.3,0.8071528673171997,0.8071528673171997
3604,360.4,361.4,0.7634446620941162,0.7634446620941162
3605,360.448,361.448,0.8603262901306152,0.8603262901306152
