filepath,label
data/processed/cough_silence_binary/cough/aswine_ALA_E_2_2020-09-30_06-58-15_681_t0000081000.wav,cough
data/processed/cough_silence_binary/other/aswine_ALA_E_2_2020-09-30_06-04-11_764_t0000078000.wav,other
data/processed/cough_silence_binary/cough/aswine_ALA_E_2_2020-09-30_14-46-47_980_t0000138000.wav,cough
data/processed/cough_silence_binary/other/aswine_ALA_E_2_2020-09-30_05-04-07_555_t0000161000.wav,other
data/processed/cough_silence_binary/other/aswine_ALA_E_2_2020-09-30_10-10-28_848_t0000241000.wav,other
data/processed/cough_silence_binary/other/aswine_ALA_E_2_2020-09-30_14-22-46_399_t0000206000.wav,other
data/processed/cough_silence_binary/other/aswine_ALA_E_2_2020-09-30_01-45-54_312_t0000294000.wav,other
data/processed/cough_silence_binary/cough/aswine_ALA_E_2_2020-09-30_15-10-49_329_t0000226000.wav,cough
data/processed/cough_silence_binary/other/aswine_ALA_E_2_2020-09-30_08-58-23_679_t0000012000.wav,other
data/processed/cough_silence_binary/other/aswine_ALA_E_2_2020-09-30_04-58-07_090_t0000275000.wav,other
data/processed/cough_silence_binary/other/aswine_ALA_E_2_2020-09-30_15-04-48_982_t0000231000.wav,other
data/processed/cough_silence_binary/cough/aswine_ALA_E_2_2020-09-30_07-58-19_477_t0000352000.wav,cough
data/processed/cough_silence_binary/other/aswine_ALA_E_2_2020-09-30_05-28-09_636_t0000353000.wav,other
data/processed/cough_silence_binary/other/aswine_ALA_E_2_2020-09-30_02-03-55_346_t0000283000.wav,other
data/processed/cough_silence_binary/other/aswine_ALA_E_2_2020-09-30_10-28-30_177_t0000278000.wav,other
data/processed/cough_silence_binary/other/aswine_ALA_E_2_2020-09-30_08-34-21_763_t0000200000.wav,other
data/processed/cough_silence_binary/cough/aswine_ALA_E_2_2020-09-30_10-46-31_261_t0000067000.wav,cough
data/processed/cough_silence_binary/cough/aswine_ALA_E_2_2020-09-30_02-57-58_802_t0000013000.wav,cough
data/processed/cough_silence_binary/cough/aswine_ALA_E_2_2020-09-30_05-22-09_088_t0000246000.wav,cough
data/processed/cough_silence_binary/cough/aswine_ALA_E_2_2020-09-30_06-58-15_681_t0000082000.wav,cough
data/processed/cough_silence_binary/other/aswine_ALA_E_2_2020-09-30_11-16-33_282_t0000333000.wav,other
data/processed/cough_silence_binary/cough/aswine_ALA_E_2_2020-09-30_08-22-21_043_t0000341000.wav,cough
data/processed/cough_silence_binary/cough/aswine_ALA_E_2_2020-09-30_14-10-45_685_t0000336000.wav,cough
data/processed/cough_silence_binary/cough/aswine_ALA_E_2_2020-09-30_14-58-48_774_t0000330000.wav,cough
C:\py\pigsound\pig-sound-classification\det_round1_clips\ALA_000347_v2\other_clean\ALA_000347_rank043_p0.779_src127.00-128.00_clip127.00-128.00.wav,other
data/processed/cough_silence_binary/other/aswine_ALA_E_2_2020-09-30_04-28-05_047_t0000023000.wav,other
data/processed/cough_silence_binary/cough/aswine_ALA_E_2_2020-09-30_11-46-35_513_t0000041000.wav,cough
data/processed/cough_silence_binary/other/aswine_ALA_E_2_2020-09-30_08-16-20_635_t0000266000.wav,other
data/processed/cough_silence_binary/cough/aswine_ALA_E_2_2020-09-30_04-04-03_325_t0000327000.wav,cough
data/processed/cough_silence_binary/cough/aswine_ALA_E_2_2020-09-30_05-04-07_555_t0000110000.wav,cough
data/processed/cough_silence_binary/other/aswine_ALA_E_2_2020-09-30_08-52-23_287_t0000135000.wav,other
data/processed/cough_silence_binary/cough/aswine_ALA_E_2_2020-09-30_12-28-38_125_t0000149000.wav,cough
data/processed/cough_silence_binary/other/aswine_ALA_E_2_2020-09-30_01-57-54_862_t0000344000.wav,other
data/processed/cough_silence_binary/cough/aswine_ALA_E_2_2020-09-30_03-22-00_565_t0000350000.wav,cough
data/processed/cough_silence_binary/other/aswine_ALA_E_2_2020-09-30_02-33-57_095_t0000145000.wav,other
data/processed/cough_silence_binary/cough/aswine_ALA_E_2_2020-09-30_04-16-04_352_t0000089000.wav,cough
data/processed/cough_silence_binary/cough/aswine_ALA_E_2_2020-09-30_03-28-00_803_t0000081000.wav,cough
data/processed/cough_silence_binary/other/aswine_ALA_E_2_2020-09-30_01-51-54_564_t0000221000.wav,other
data/processed/cough_silence_binary/other/aswine_ALA_E_2_2020-09-30_01-57-54_862_t0000305000.wav,other
data/processed/cough_silence_binary/cough/aswine_ALA_E_2_2020-09-30_03-58-02_785_t0000090000.wav,cough
data/processed/cough_silence_binary/other/aswine_ALA_E_2_2020-09-30_02-45-57_858_t0000243000.wav,other
data/processed/cough_silence_binary/cough/aswine_ALA_E_2_2020-09-30_12-22-37_726_t0000240000.wav,cough
data/processed/cough_silence_binary/cough/aswine_ALA_E_2_2020-09-30_06-28-13_427_t0000295000.wav,cough
data/processed/cough_silence_binary/other/aswine_ALA_E_2_2020-09-30_05-10-08_068_t0000018000.wav,other
data/processed/cough_silence_binary/cough/aswine_ALA_E_2_2020-09-30_11-22-33_630_t0000051000.wav,cough
data/processed/cough_silence_binary/cough/aswine_ALA_E_2_2020-09-30_05-10-08_068_t0000057000.wav,cough
data/processed/cough_silence_binary/other/aswine_ALA_E_2_2020-09-30_03-58-02_785_t0000110000.wav,other
data/processed/cough_silence_binary/other/aswine_ALA_E_2_2020-09-30_05-46-10_875_t0000058000.wav,other
data/processed/cough_silence_binary/other/aswine_ALA_E_2_2020-09-30_05-40-10_575_t0000082000.wav,other
data/processed/cough_silence_binary/other/aswine_ALA_E_2_2020-09-30_06-04-11_764_t0000074000.wav,other
data/processed/cough_silence_binary/cough/aswine_ALA_E_2_2020-09-30_06-34-13_773_t0000237000.wav,cough
data/processed/cough_silence_binary/other/aswine_ALA_E_2_2020-09-30_03-40-01_553_t0000291000.wav,other
data/processed/cough_silence_binary/cough/aswine_ALA_E_2_2020-09-30_12-34-38_544_t0000085000.wav,cough
data/processed/cough_silence_binary/other/aswine_ALA_E_2_2020-09-30_02-57-58_802_t0000114000.wav,other
data/processed/cough_silence_binary/cough/aswine_ALA_E_2_2020-09-30_11-28-34_169_t0000094000.wav,cough
data/processed/cough_silence_binary/other/aswine_ALA_E_2_2020-09-30_06-52-15_207_t0000270000.wav,other
data/processed/cough_silence_binary/other/aswine_ALA_E_2_2020-09-30_03-22-00_565_t0000113000.wav,other
data/processed/cough_silence_binary/other/aswine_ALA_E_2_2020-09-30_03-16-00_102_t0000334000.wav,other
data/processed/cough_silence_binary/cough/aswine_ALA_E_2_2020-09-30_08-04-19_788_t0000004000.wav,cough
data/processed/cough_silence_binary/other/aswine_ALA_E_2_2020-09-30_10-04-28_503_t0000060000.wav,other
data/processed/cough_silence_binary/other/aswine_ALA_E_2_2020-09-30_08-34-21_763_t0000154000.wav,other
data/processed/cough_silence_binary/cough/aswine_ALA_E_2_2020-09-30_03-03-59_085_t0000171000.wav,cough
data/processed/cough_silence_binary/other/aswine_ALA_E_2_2020-09-30_09-10-24_673_t0000213000.wav,other
data/processed/cough_silence_binary/other/aswine_ALA_E_2_2020-09-30_09-52-27_645_t0000101000.wav,other
data/processed/cough_silence_binary/other/aswine_ALA_E_2_2020-09-30_02-15-56_094_t0000011000.wav,other
data/processed/cough_silence_binary/other/aswine_ALA_E_2_2020-09-30_04-40-05_833_t0000354000.wav,other
data/processed/cough_silence_binary/other/aswine_ALA_E_2_2020-09-30_09-58-28_198_t0000346000.wav,other
data/processed/cough_silence_binary/other/aswine_ALA_E_2_2020-09-30_01-39-53_821_t0000017000.wav,other
data/processed/cough_silence_binary/cough/aswine_ALA_E_2_2020-09-30_12-28-38_125_t0000304000.wav,cough
data/processed/cough_silence_binary/cough/aswine_ALA_E_2_2020-09-30_06-16-12_660_t0000190000.wav,cough
data/processed/cough_silence_binary/other/aswine_ALA_E_2_2020-09-30_13-40-43_272_t0000110000.wav,other
data/processed/cough_silence_binary/other/aswine_ALA_E_2_2020-09-30_14-52-48_424_t0000265000.wav,other
data/processed/cough_silence_binary/other/aswine_ALA_E_2_2020-09-30_05-04-07_555_t0000189000.wav,other
data/processed/cough_silence_binary/other/aswine_ALA_E_2_2020-09-30_03-40-01_553_t0000093000.wav,other
data/processed/cough_silence_binary/cough/aswine_ALA_E_2_2020-09-30_02-57-58_802_t0000025000.wav,cough
data/processed/cough_silence_binary/other/aswine_ALA_E_2_2020-09-30_12-34-38_544_t0000148000.wav,other
data/processed/cough_silence_binary/cough/aswine_ALA_E_2_2020-09-30_10-46-31_261_t0000068000.wav,cough
data/processed/cough_silence_binary/cough/aswine_ALA_E_2_2020-09-30_14-16-45_975_t0000095000.wav,cough
data/processed/cough_silence_binary/cough/aswine_ALA_E_2_2020-09-30_02-03-55_346_t0000050000.wav,cough
data/processed/cough_silence_binary/cough/aswine_ALA_E_2_2020-09-30_10-16-29_272_t0000060000.wav,cough
data/processed/cough_silence_binary/cough/aswine_ALA_E_2_2020-09-30_03-52-02_333_t0000233000.wav,cough
data/processed/cough_silence_binary/other/aswine_ALA_E_2_2020-09-30_12-16-37_446_t0000164000.wav,other
data/processed/cough_silence_binary/other/aswine_ALA_E_2_2020-09-30_10-58-32_034_t0000311000.wav,other
data/processed/cough_silence_binary/other/aswine_ALA_E_2_2020-09-30_14-34-47_375_t0000293000.wav,other
data/processed/cough_silence_binary/other/aswine_ALA_E_2_2020-09-30_08-10-20_310_t0000155000.wav,other
data/processed/cough_silence_binary/cough/aswine_ALA_E_2_2020-09-30_12-16-37_446_t0000237000.wav,cough
data/processed/cough_silence_binary/cough/aswine_ALA_E_2_2020-09-30_02-57-58_802_t0000307000.wav,cough
data/processed/cough_silence_binary/cough/aswine_ALA_E_2_2020-09-30_03-09-59_585_t0000272000.wav,cough
data/processed/cough_silence_binary/cough/aswine_ALA_E_2_2020-09-30_02-39-57_569_t0000355000.wav,cough
data/processed/cough_silence_binary/cough/aswine_ALA_E_2_2020-09-30_02-09-55_811_t0000139000.wav,cough
data/processed/cough_silence_binary/other/aswine_ALA_E_2_2020-09-30_03-28-00_803_t0000090000.wav,other
data/processed/cough_silence_binary/cough/aswine_ALA_E_2_2020-09-30_11-28-34_169_t0000095000.wav,cough
data/processed/cough_silence_binary/cough/aswine_ALA_E_2_2020-09-30_11-52-35_892_t0000304000.wav,cough
data/processed/cough_silence_binary/cough/aswine_ALA_E_2_2020-09-30_05-46-10_875_t0000152000.wav,cough
data/processed/cough_silence_binary/other/aswine_ALA_E_2_2020-09-30_10-10-28_848_t0000002000.wav,other
data/processed/cough_silence_binary/cough/aswine_ALA_E_2_2020-09-30_02-27-56_846_t0000130000.wav,cough
data/processed/cough_silence_binary/other/aswine_ALA_E_2_2020-09-30_14-16-45_975_t0000100000.wav,other
data/processed/cough_silence_binary/other/aswine_ALA_E_2_2020-09-30_04-16-04_352_t0000021000.wav,other
data/processed/cough_silence_binary/cough/aswine_ALA_E_2_2020-09-30_11-16-33_282_t0000305000.wav,cough
data/processed/cough_silence_binary/cough/aswine_ALA_E_2_2020-09-30_02-15-56_094_t0000101000.wav,cough
data/processed/cough_silence_binary/other/aswine_ALA_E_2_2020-09-30_13-58-44_665_t0000250000.wav,other
data/processed/cough_silence_binary/cough/aswine_ALA_E_2_2020-09-30_03-16-00_102_t0000193000.wav,cough
data/processed/cough_silence_binary/cough/aswine_ALA_E_2_2020-09-30_05-10-08_068_t0000136000.wav,cough
data/processed/cough_silence_binary/other/aswine_ALA_E_2_2020-09-30_05-10-08_068_t0000163000.wav,other
data/processed/cough_silence_binary/other/aswine_ALA_E_2_2020-09-30_08-22-21_043_t0000007000.wav,other
data/processed/cough_silence_binary/other/aswine_ALA_E_2_2020-09-30_05-04-07_555_t0000136000.wav,other
data/processed/cough_silence_binary/cough/aswine_ALA_E_2_2020-09-30_11-22-33_630_t0000015000.wav,cough
data/processed/cough_silence_binary/cough/aswine_ALA_E_2_2020-09-30_03-52-02_333_t0000234000.wav,cough
data/processed/cough_silence_binary/other/aswine_ALA_E_2_2020-09-30_08-04-19_788_t0000142000.wav,other
data/processed/cough_silence_binary/cough/aswine_ALA_E_2_2020-09-30_02-03-55_346_t0000052000.wav,cough
data/processed/cough_silence_binary/cough/aswine_ALA_E_2_2020-09-30_12-28-38_125_t0000187000.wav,cough
data/processed/cough_silence_binary/other/aswine_ALA_E_2_2020-09-30_04-40-05_833_t0000067000.wav,other
data/processed/cough_silence_binary/other/aswine_ALA_E_2_2020-09-30_00-21-48_316_t0000005000.wav,other
data/processed/cough_silence_binary/cough/aswine_ALA_E_2_2020-09-30_06-28-13_427_t0000302000.wav,cough
data/processed/cough_silence_binary/other/aswine_ALA_E_2_2020-09-30_00-57-50_867_t0000280000.wav,other
data/processed/cough_silence_binary/other/aswine_ALA_E_2_2020-09-30_12-16-37_446_t0000126000.wav,other
data/processed/cough_silence_binary/other/aswine_ALA_E_2_2020-09-30_05-22-09_088_t0000288000.wav,other
data/processed/cough_silence_binary/cough/aswine_ALA_E_2_2020-09-30_14-58-48_774_t0000329000.wav,cough
data/processed/cough_silence_binary/cough/aswine_ALA_E_2_2020-09-30_02-15-56_094_t0000061000.wav,cough
data/processed/cough_silence_binary/other/aswine_ALA_E_2_2020-09-30_03-09-59_585_t0000287000.wav,other
data/processed/cough_silence_binary/other/aswine_ALA_E_2_2020-09-30_14-34-47_375_t0000326000.wav,other
data/processed/cough_silence_binary/cough/aswine_ALA_E_2_2020-09-30_02-27-56_846_t0000090000.wav,cough
data/processed/cough_silence_binary/other/aswine_ALA_E_2_2020-09-30_07-16-16_914_t0000153000.wav,other
data/processed/cough_silence_binary/other/aswine_ALA_E_2_2020-09-30_10-04-28_503_t0000025000.wav,other
data/processed/cough_silence_binary/other/aswine_ALA_E_2_2020-09-30_04-10-03_850_t0000354000.wav,other
data/processed/cough_silence_binary/cough/aswine_ALA_E_2_2020-09-30_06-04-11_764_t0000023000.wav,cough
data/processed/cough_silence_binary/other/aswine_ALA_E_2_2020-09-30_10-46-31_261_t0000167000.wav,other
data/processed/cough_silence_binary/other/aswine_ALA_E_2_2020-09-30_12-10-37_151_t0000290000.wav,other
data/processed/cough_silence_binary/cough/aswine_ALA_E_2_2020-09-30_04-22-04_594_t0000151000.wav,cough
data/processed/cough_silence_binary/cough/aswine_ALA_E_2_2020-09-30_12-10-37_151_t0000357000.wav,cough
data/processed/cough_silence_binary/other/aswine_ALA_E_2_2020-09-30_04-22-04_594_t0000087000.wav,other
data/processed/cough_silence_binary/other/aswine_ALA_E_2_2020-09-30_06-40-14_230_t0000036000.wav,other
data/processed/cough_silence_binary/cough/aswine_ALA_E_2_2020-09-30_06-28-13_427_t0000298000.wav,cough
data/processed/cough_silence_binary/other/aswine_ALA_E_2_2020-09-30_04-16-04_352_t0000255000.wav,other
data/processed/cough_silence_binary/other/aswine_ALA_E_2_2020-09-30_02-45-57_858_t0000268000.wav,other
data/processed/cough_silence_binary/cough/aswine_ALA_E_2_2020-09-30_06-46-14_713_t0000168000.wav,cough
data/processed/cough_silence_binary/cough/aswine_ALA_E_2_2020-09-30_10-40-30_865_t0000270000.wav,cough
data/processed/cough_silence_binary/cough/aswine_ALA_E_2_2020-09-30_03-52-02_333_t0000235000.wav,cough
data/processed/cough_silence_binary/other/aswine_ALA_E_2_2020-09-30_06-04-11_764_t0000186000.wav,other
data/processed/cough_silence_binary/other/aswine_ALA_E_2_2020-09-30_12-34-38_544_t0000195000.wav,other
data/processed/cough_silence_binary/cough/aswine_ALA_E_2_2020-09-30_12-04-36_656_t0000284000.wav,cough
data/processed/cough_silence_binary/other/aswine_ALA_E_2_2020-09-30_03-58-02_785_t0000327000.wav,other
data/processed/cough_silence_binary/other/aswine_ALA_E_2_2020-09-30_01-15-52_167_t0000098000.wav,other
data/processed/cough_silence_binary/cough/aswine_ALA_E_2_2020-09-30_11-58-36_255_t0000102000.wav,cough
data/processed/cough_silence_binary/other/aswine_ALA_E_2_2020-09-30_01-39-53_821_t0000299000.wav,other
data/processed/cough_silence_binary/other/aswine_ALA_E_2_2020-09-30_01-57-54_862_t0000334000.wav,other
data/processed/cough_silence_binary/other/aswine_ALA_E_2_2020-09-30_04-28-05_047_t0000108000.wav,other
data/processed/cough_silence_binary/other/aswine_ALA_E_2_2020-09-30_05-28-09_636_t0000277000.wav,other
data/processed/cough_silence_binary/cough/aswine_ALA_E_2_2020-09-30_06-16-12_660_t0000210000.wav,cough
data/processed/cough_silence_binary/cough/aswine_ALA_E_2_2020-09-30_11-28-34_169_t0000034000.wav,cough
data/processed/cough_silence_binary/other/aswine_ALA_E_2_2020-09-30_12-28-38_125_t0000102000.wav,other
data/processed/cough_silence_binary/other/aswine_ALA_E_2_2020-09-30_02-45-57_858_t0000112000.wav,other
data/processed/cough_silence_binary/cough/aswine_ALA_E_2_2020-09-30_06-04-11_764_t0000261000.wav,cough
data/processed/cough_silence_binary/cough/aswine_ALA_E_2_2020-09-30_03-03-59_085_t0000168000.wav,cough
data/processed/cough_silence_binary/other/aswine_ALA_E_2_2020-09-30_05-58-11_488_t0000268000.wav,other
data/processed/cough_silence_binary/cough/aswine_ALA_E_2_2020-09-30_10-52-31_596_t0000039000.wav,cough
data/processed/cough_silence_binary/cough/aswine_ALA_E_2_2020-09-30_11-52-35_892_t0000313000.wav,cough
data/processed/cough_silence_binary/cough/aswine_ALA_E_2_2020-09-30_06-40-14_230_t0000235000.wav,cough
data/processed/cough_silence_binary/other/aswine_ALA_E_2_2020-09-30_00-51-50_372_t0000000000.wav,other
data/processed/cough_silence_binary/cough/aswine_ALA_E_2_2020-09-30_03-28-00_803_t0000046000.wav,cough
data/processed/cough_silence_binary/cough/aswine_ALA_E_2_2020-09-30_05-28-09_636_t0000192000.wav,cough
data/processed/cough_silence_binary/other/aswine_ALA_E_2_2020-09-30_02-09-55_811_t0000076000.wav,other
data/processed/cough_silence_binary/other/aswine_ALA_E_2_2020-09-30_03-34-01_104_t0000107000.wav,other
data/processed/cough_silence_binary/cough/aswine_ALA_E_2_2020-09-30_05-28-09_636_t0000077000.wav,cough
data/processed/cough_silence_binary/other/aswine_ALA_E_2_2020-09-30_14-52-48_424_t0000037000.wav,other
C:\py\pigsound\pig-sound-classification\det_round1_clips\ALA_000347_v2\other_clean\ALA_000347_rank062_p0.754_src150.90-151.90_clip150.90-151.90.wav,other
data/processed/cough_silence_binary/cough/aswine_ALA_E_2_2020-09-30_05-28-09_636_t0000189000.wav,cough
data/processed/cough_silence_binary/cough/aswine_ALA_E_2_2020-09-30_12-16-37_446_t0000227000.wav,cough
data/processed/cough_silence_binary/cough/aswine_ALA_E_2_2020-09-30_05-10-08_068_t0000059000.wav,cough
data/processed/cough_silence_binary/other/aswine_ALA_E_2_2020-09-30_12-10-37_151_t0000330000.wav,other
data/processed/cough_silence_binary/cough/aswine_ALA_E_2_2020-09-30_03-22-00_565_t0000347000.wav,cough
data/processed/cough_silence_binary/other/aswine_ALA_E_2_2020-09-30_14-40-47_610_t0000035000.wav,other
data/processed/cough_silence_binary/cough/aswine_ALA_E_2_2020-09-30_14-52-48_424_t0000031000.wav,cough
data/processed/cough_silence_binary/cough/aswine_ALA_E_2_2020-09-30_11-22-33_630_t0000185000.wav,cough
data/processed/cough_silence_binary/cough/aswine_ALA_E_2_2020-09-30_11-22-33_630_t0000085000.wav,cough
data/processed/cough_silence_binary/other/aswine_ALA_E_2_2020-09-30_05-52-11_272_t0000354000.wav,other
data/processed/cough_silence_binary/cough/aswine_ALA_E_2_2020-09-30_14-58-48_774_t0000198000.wav,cough
data/processed/cough_silence_binary/other/aswine_ALA_E_2_2020-09-30_09-22-25_390_t0000239000.wav,other
data/processed/cough_silence_binary/other/aswine_ALA_E_2_2020-09-30_11-10-32_919_t0000112000.wav,other
data/processed/cough_silence_binary/cough/aswine_ALA_E_2_2020-09-30_15-04-48_982_t0000176000.wav,cough
data/processed/cough_silence_binary/cough/aswine_ALA_E_2_2020-09-30_09-04-24_156_t0000201000.wav,cough
data/processed/cough_silence_binary/other/aswine_ALA_E_2_2020-09-30_02-15-56_094_t0000168000.wav,other
data/processed/cough_silence_binary/cough/aswine_ALA_E_2_2020-09-30_04-16-04_352_t0000301000.wav,cough
data/processed/cough_silence_binary/other/aswine_ALA_E_2_2020-09-30_12-16-37_446_t0000017000.wav,other
data/processed/cough_silence_binary/cough/aswine_ALA_E_2_2020-09-30_02-45-57_858_t0000143000.wav,cough
data/processed/cough_silence_binary/other/aswine_ALA_E_2_2020-09-30_08-28-21_427_t0000209000.wav,other
data/processed/cough_silence_binary/other/aswine_ALA_E_2_2020-09-30_03-03-59_085_t0000063000.wav,other
data/processed/cough_silence_binary/cough/aswine_ALA_E_2_2020-09-30_14-52-48_424_t0000358000.wav,cough
data/processed/cough_silence_binary/other/aswine_ALA_E_2_2020-09-30_00-39-49_327_t0000317000.wav,other
data/processed/cough_silence_binary/other/aswine_ALA_E_2_2020-09-30_09-10-24_673_t0000288000.wav,other
C:\py\pigsound\pig-sound-classification\det_round1_clips\ALA_000347_v2\other_clean\ALA_000347_oldv1_rank072_p0.671_src212.30-213.30_clip212.30-213.30.wav,other
data/processed/cough_silence_binary/other/aswine_ALA_E_2_2020-09-30_08-58-23_679_t0000296000.wav,other
data/processed/cough_silence_binary/cough/aswine_ALA_E_2_2020-09-30_14-34-47_375_t0000300000.wav,cough
data/processed/cough_silence_binary/cough/aswine_ALA_E_2_2020-09-30_01-33-53_320_t0000334000.wav,cough
data/processed/cough_silence_binary/cough/aswine_ALA_E_2_2020-09-30_11-58-36_255_t0000101000.wav,cough
data/processed/cough_silence_binary/cough/aswine_ALA_E_2_2020-09-30_12-34-38_544_t0000333000.wav,cough
data/processed/cough_silence_binary/cough/aswine_ALA_E_2_2020-09-30_10-16-29_272_t0000124000.wav,cough
data/processed/cough_silence_binary/other/aswine_ALA_E_2_2020-09-30_04-10-03_850_t0000139000.wav,other
data/processed/cough_silence_binary/other/aswine_ALA_E_2_2020-09-30_11-28-34_169_t0000053000.wav,other
data/processed/cough_silence_binary/other/aswine_ALA_E_2_2020-09-30_02-03-55_346_t0000347000.wav,other
data/processed/cough_silence_binary/other/aswine_ALA_E_2_2020-09-30_00-39-49_327_t0000138000.wav,other
data/processed/cough_silence_binary/other/aswine_ALA_E_2_2020-09-30_11-16-33_282_t0000355000.wav,other
data/processed/cough_silence_binary/cough/aswine_ALA_E_2_2020-09-30_10-46-31_261_t0000079000.wav,cough
data/processed/cough_silence_binary/cough/aswine_ALA_E_2_2020-09-30_14-58-48_774_t0000199000.wav,cough
data/processed/cough_silence_binary/other/aswine_ALA_E_2_2020-09-30_02-27-56_846_t0000202000.wav,other
data/processed/cough_silence_binary/cough/aswine_ALA_E_2_2020-09-30_02-33-57_095_t0000008000.wav,cough
data/processed/cough_silence_binary/cough/aswine_ALA_E_2_2020-09-30_14-16-45_975_t0000151000.wav,cough
data/processed/cough_silence_binary/other/aswine_ALA_E_2_2020-09-30_09-16-25_023_t0000314000.wav,other
data/processed/cough_silence_binary/cough/aswine_ALA_E_2_2020-09-30_02-39-57_569_t0000036000.wav,cough
data/processed/cough_silence_binary/other/aswine_ALA_E_2_2020-09-30_03-52-02_333_t0000009000.wav,other
data/processed/cough_silence_binary/other/aswine_ALA_E_2_2020-09-30_04-58-07_090_t0000084000.wav,other
data/processed/cough_silence_binary/other/aswine_ALA_E_2_2020-09-30_08-28-21_427_t0000329000.wav,other
C:\py\pigsound\pig-sound-classification\det_round1_clips\ALA_000347_v2\other_clean\ALA_000347_v2_rank017_p0.846_src205.50-206.50_clip205.50-206.50.wav,other
data/processed/cough_silence_binary/other/aswine_ALA_E_2_2020-09-30_01-57-54_862_t0000092000.wav,other
data/processed/cough_silence_binary/cough/aswine_ALA_E_2_2020-09-30_02-27-56_846_t0000135000.wav,cough
data/processed/cough_silence_binary/other/aswine_ALA_E_2_2020-09-30_02-39-57_569_t0000201000.wav,other
data/processed/cough_silence_binary/other/aswine_ALA_E_2_2020-09-30_05-10-08_068_t0000067000.wav,other
data/processed/cough_silence_binary/other/aswine_ALA_E_2_2020-09-30_00-39-49_327_t0000117000.wav,other
data/processed/cough_silence_binary/cough/aswine_ALA_E_2_2020-09-30_10-28-30_177_t0000231000.wav,cough
data/processed/cough_silence_binary/cough/aswine_ALA_E_2_2020-09-30_12-10-37_151_t0000085000.wav,cough
data/processed/cough_silence_binary/other/aswine_ALA_E_2_2020-09-30_12-22-37_726_t0000277000.wav,other
data/processed/cough_silence_binary/other/aswine_ALA_E_2_2020-09-30_06-28-13_427_t0000329000.wav,other
data/processed/cough_silence_binary/other/aswine_ALA_E_2_2020-09-30_08-58-23_679_t0000179000.wav,other
data/processed/cough_silence_binary/cough/aswine_ALA_E_2_2020-09-30_06-52-15_207_t0000322000.wav,cough
C:\py\pigsound\pig-sound-classification\det_round1_clips\ALA_000347_v2\other_clean\ALA_000347_oldv1_rank009_p0.959_src26.60-27.60_clip26.60-27.60.wav,other
data/processed/cough_silence_binary/cough/aswine_ALA_E_2_2020-09-30_12-04-36_656_t0000254000.wav,cough
data/processed/cough_silence_binary/other/aswine_ALA_E_2_2020-09-30_06-58-15_681_t0000204000.wav,other
data/processed/cough_silence_binary/other/aswine_ALA_E_2_2020-09-30_06-16-12_660_t0000193000.wav,other
data/processed/cough_silence_binary/cough/aswine_ALA_E_2_2020-09-30_10-22-29_769_t0000073000.wav,cough
data/processed/cough_silence_binary/other/aswine_ALA_E_2_2020-09-30_05-22-09_088_t0000272000.wav,other
data/processed/cough_silence_binary/cough/aswine_ALA_E_2_2020-09-30_12-28-38_125_t0000302000.wav,cough
data/processed/cough_silence_binary/cough/aswine_ALA_E_2_2020-09-30_04-40-05_833_t0000225000.wav,cough
data/processed/cough_silence_binary/other/aswine_ALA_E_2_2020-09-30_01-21-52_571_t0000148000.wav,other
data/processed/cough_silence_binary/cough/aswine_ALA_E_2_2020-09-30_10-22-29_769_t0000078000.wav,cough
data/processed/cough_silence_binary/other/aswine_ALA_E_2_2020-09-30_09-16-25_023_t0000033000.wav,other
data/processed/cough_silence_binary/cough/aswine_ALA_E_2_2020-09-30_05-04-07_555_t0000270000.wav,cough
data/processed/cough_silence_binary/cough/aswine_ALA_E_2_2020-09-30_13-58-44_665_t0000236000.wav,cough
data/processed/cough_silence_binary/cough/aswine_ALA_E_2_2020-09-30_03-28-00_803_t0000004000.wav,cough
data/processed/cough_silence_binary/cough/aswine_ALA_E_2_2020-09-30_04-52-06_595_t0000172000.wav,cough
data/processed/cough_silence_binary/other/aswine_ALA_E_2_2020-09-30_02-27-56_846_t0000258000.wav,other
data/processed/cough_silence_binary/other/aswine_ALA_E_2_2020-09-30_10-28-30_177_t0000333000.wav,other
data/processed/cough_silence_binary/cough/aswine_ALA_E_2_2020-09-30_12-10-37_151_t0000353000.wav,cough
data/processed/cough_silence_binary/other/aswine_ALA_E_2_2020-09-30_03-28-00_803_t0000012000.wav,other
data/processed/cough_silence_binary/other/aswine_ALA_E_2_2020-09-30_03-40-01_553_t0000070000.wav,other
data/processed/cough_silence_binary/cough/aswine_ALA_E_2_2020-09-30_11-28-34_169_t0000198000.wav,cough
data/processed/cough_silence_binary/other/aswine_ALA_E_2_2020-09-30_10-46-31_261_t0000210000.wav,other
data/processed/cough_silence_binary/cough/aswine_ALA_E_2_2020-09-30_02-27-56_846_t0000044000.wav,cough
data/processed/cough_silence_binary/cough/aswine_ALA_E_2_2020-09-30_12-04-36_656_t0000269000.wav,cough
data/processed/cough_silence_binary/other/aswine_ALA_E_2_2020-09-30_08-46-22_731_t0000269000.wav,other
data/processed/cough_silence_binary/cough/aswine_ALA_E_2_2020-09-30_00-45-49_855_t0000282000.wav,cough
data/processed/cough_silence_binary/cough/aswine_ALA_E_2_2020-09-30_10-22-29_769_t0000071000.wav,cough
data/processed/cough_silence_binary/other/aswine_ALA_E_2_2020-09-30_02-33-57_095_t0000097000.wav,other
data/processed/cough_silence_binary/other/aswine_ALA_E_2_2020-09-30_04-40-05_833_t0000188000.wav,other
data/processed/cough_silence_binary/other/aswine_ALA_E_2_2020-09-30_08-04-19_788_t0000193000.wav,other
data/processed/cough_silence_binary/other/aswine_ALA_E_2_2020-09-30_02-51-58_296_t0000345000.wav,other
data/processed/cough_silence_binary/cough/aswine_ALA_E_2_2020-09-30_10-16-29_272_t0000127000.wav,cough
data/processed/cough_silence_binary/cough/aswine_ALA_E_2_2020-09-30_02-15-56_094_t0000041000.wav,cough
data/processed/cough_silence_binary/other/aswine_ALA_E_2_2020-09-30_01-33-53_320_t0000107000.wav,other
data/processed/cough_silence_binary/other/aswine_ALA_E_2_2020-09-30_11-46-35_513_t0000343000.wav,other
data/processed/cough_silence_binary/other/aswine_ALA_E_2_2020-09-30_04-46-06_338_t0000079000.wav,other
data/processed/cough_silence_binary/cough/aswine_ALA_E_2_2020-09-30_14-16-45_975_t0000089000.wav,cough
data/processed/cough_silence_binary/cough/aswine_ALA_E_2_2020-09-30_03-58-02_785_t0000086000.wav,cough
data/processed/cough_silence_binary/other/aswine_ALA_E_2_2020-09-30_06-46-14_713_t0000165000.wav,other
data/processed/cough_silence_binary/cough/aswine_ALA_E_2_2020-09-30_03-22-00_565_t0000316000.wav,cough
data/processed/cough_silence_binary/other/aswine_ALA_E_2_2020-09-30_08-22-21_043_t0000144000.wav,other
data/processed/cough_silence_binary/cough/aswine_ALA_E_2_2020-09-30_03-22-00_565_t0000245000.wav,cough
data/processed/cough_silence_binary/other/aswine_ALA_E_2_2020-09-30_08-40-22_263_t0000197000.wav,other
data/processed/cough_silence_binary/cough/aswine_ALA_E_2_2020-09-30_10-22-29_769_t0000156000.wav,cough
data/processed/cough_silence_binary/other/aswine_ALA_E_2_2020-09-30_02-45-57_858_t0000263000.wav,other
data/processed/cough_silence_binary/other/aswine_ALA_E_2_2020-09-30_03-52-02_333_t0000265000.wav,other
data/processed/cough_silence_binary/other/aswine_ALA_E_2_2020-09-30_00-33-49_105_t0000261000.wav,other
data/processed/cough_silence_binary/other/aswine_ALA_E_2_2020-09-30_00-39-49_327_t0000055000.wav,other
data/processed/cough_silence_binary/other/aswine_ALA_E_2_2020-09-30_05-04-07_555_t0000017000.wav,other
data/processed/cough_silence_binary/cough/aswine_ALA_E_2_2020-09-30_10-16-29_272_t0000128000.wav,cough
data/processed/cough_silence_binary/cough/aswine_ALA_E_2_2020-09-30_14-34-47_375_t0000301000.wav,cough
data/processed/cough_silence_binary/other/aswine_ALA_E_2_2020-09-30_03-52-02_333_t0000067000.wav,other
data/processed/cough_silence_binary/other/aswine_ALA_E_2_2020-09-30_00-45-49_855_t0000010000.wav,other
C:\py\pigsound\pig-sound-classification\det_round1_clips\ALA_000347_v2\other_clean\ALA_000347_oldv1_rank017_p0.935_src30.90-31.90_clip30.90-31.90.wav,other
data/processed/cough_silence_binary/cough/aswine_ALA_E_2_2020-09-30_06-58-15_681_t0000084000.wav,cough
data/processed/cough_silence_binary/other/aswine_ALA_E_2_2020-09-30_02-39-57_569_t0000026000.wav,other
data/processed/cough_silence_binary/cough/aswine_ALA_E_2_2020-09-30_09-16-25_023_t0000113000.wav,cough
data/processed/cough_silence_binary/cough/aswine_ALA_E_2_2020-09-30_05-46-10_875_t0000048000.wav,cough
data/processed/cough_silence_binary/cough/aswine_ALA_E_2_2020-09-30_10-04-28_503_t0000212000.wav,cough
data/processed/cough_silence_binary/cough/aswine_ALA_E_2_2020-09-30_11-10-32_919_t0000357000.wav,cough
data/processed/cough_silence_binary/other/aswine_ALA_E_2_2020-09-30_08-16-20_635_t0000098000.wav,other
data/processed/cough_silence_binary/cough/aswine_ALA_E_2_2020-09-30_02-45-57_858_t0000145000.wav,cough
data/processed/cough_silence_binary/cough/aswine_ALA_E_2_2020-09-30_14-40-47_610_t0000161000.wav,cough
data/processed/cough_silence_binary/cough/aswine_ALA_E_2_2020-09-30_09-22-25_390_t0000196000.wav,cough
C:\py\pigsound\pig-sound-classification\det_round1_clips\ALA_000347_v2\other_clean\ALA_000347_v2_rank034_p0.793_src268.30-269.30_clip268.30-269.30.wav,other
data/processed/cough_silence_binary/other/aswine_ALA_E_2_2020-09-30_09-04-24_156_t0000157000.wav,other
data/processed/cough_silence_binary/other/aswine_ALA_E_2_2020-09-30_09-16-25_023_t0000299000.wav,other
data/processed/cough_silence_binary/other/aswine_ALA_E_2_2020-09-30_10-46-31_261_t0000018000.wav,other
data/processed/cough_silence_binary/other/aswine_ALA_E_2_2020-09-30_00-45-49_855_t0000116000.wav,other
data/processed/cough_silence_binary/other/aswine_ALA_E_2_2020-09-30_04-40-05_833_t0000250000.wav,other
data/processed/cough_silence_binary/cough/aswine_ALA_E_2_2020-09-30_02-39-57_569_t0000356000.wav,cough
data/processed/cough_silence_binary/other/aswine_ALA_E_2_2020-09-30_09-58-28_198_t0000257000.wav,other
data/processed/cough_silence_binary/cough/aswine_ALA_E_2_2020-09-30_10-52-31_596_t0000155000.wav,cough
data/processed/cough_silence_binary/other/aswine_ALA_E_2_2020-09-30_09-52-27_645_t0000132000.wav,other
data/processed/cough_silence_binary/other/aswine_ALA_E_2_2020-09-30_02-27-56_846_t0000212000.wav,other
data/processed/cough_silence_binary/cough/aswine_ALA_E_2_2020-09-30_06-52-15_207_t0000304000.wav,cough
data/processed/cough_silence_binary/other/aswine_ALA_E_2_2020-09-30_01-39-53_821_t0000212000.wav,other
data/processed/cough_silence_binary/cough/aswine_ALA_E_2_2020-09-30_14-58-48_774_t0000302000.wav,cough
data/processed/cough_silence_binary/other/aswine_ALA_E_2_2020-09-30_06-16-12_660_t0000298000.wav,other
data/processed/cough_silence_binary/other/aswine_ALA_E_2_2020-09-30_02-03-55_346_t0000194000.wav,other
data/processed/cough_silence_binary/cough/aswine_ALA_E_2_2020-09-30_13-58-44_665_t0000256000.wav,cough
C:\py\pigsound\pig-sound-classification\det_round1_clips\ALA_000347_v2\other_clean\ALA_000347_rank040_p0.791_src97.10-98.10_clip97.10-98.10.wav,other
data/processed/cough_silence_binary/other/aswine_ALA_E_2_2020-09-30_08-10-20_310_t0000045000.wav,other
data/processed/cough_silence_binary/cough/aswine_ALA_E_2_2020-09-30_02-57-58_802_t0000012000.wav,cough
data/processed/cough_silence_binary/cough/aswine_ALA_E_2_2020-09-30_12-28-38_125_t0000086000.wav,cough
data/processed/cough_silence_binary/cough/aswine_ALA_E_2_2020-09-30_08-04-19_788_t0000293000.wav,cough
data/processed/cough_silence_binary/cough/aswine_ALA_E_2_2020-09-30_11-10-32_919_t0000219000.wav,cough
data/processed/cough_silence_binary/other/aswine_ALA_E_2_2020-09-30_02-51-58_296_t0000308000.wav,other
data/processed/cough_silence_binary/other/aswine_ALA_E_2_2020-09-30_00-45-49_855_t0000134000.wav,other
data/processed/cough_silence_binary/other/aswine_ALA_E_2_2020-09-30_06-52-15_207_t0000058000.wav,other
data/processed/cough_silence_binary/other/aswine_ALA_E_2_2020-09-30_12-22-37_726_t0000159000.wav,other
data/processed/cough_silence_binary/cough/aswine_ALA_E_2_2020-09-30_03-28-00_803_t0000159000.wav,cough
data/processed/cough_silence_binary/cough/aswine_ALA_E_2_2020-09-30_11-52-35_892_t0000314000.wav,cough
data/processed/cough_silence_binary/other/aswine_ALA_E_2_2020-09-30_04-04-03_325_t0000065000.wav,other
data/processed/cough_silence_binary/other/aswine_ALA_E_2_2020-09-30_03-40-01_553_t0000200000.wav,other
data/processed/cough_silence_binary/other/aswine_ALA_E_2_2020-09-30_05-16-08_565_t0000327000.wav,other
data/processed/cough_silence_binary/cough/aswine_ALA_E_2_2020-09-30_04-34-05_333_t0000083000.wav,cough
data/processed/cough_silence_binary/cough/aswine_ALA_E_2_2020-09-30_05-22-09_088_t0000067000.wav,cough
C:\py\pigsound\pig-sound-classification\det_round1_clips\ALA_000347_v2\other_clean\sample01_rank009_p0.923_src313.00-314.00_clip313.00-314.00.wav,other
data/processed/cough_silence_binary/other/aswine_ALA_E_2_2020-09-30_10-22-29_769_t0000205000.wav,other
data/processed/cough_silence_binary/cough/aswine_ALA_E_2_2020-09-30_03-22-00_565_t0000323000.wav,cough
data/processed/cough_silence_binary/other/aswine_ALA_E_2_2020-09-30_09-10-24_673_t0000068000.wav,other
data/processed/cough_silence_binary/cough/aswine_ALA_E_2_2020-09-30_02-15-56_094_t0000102000.wav,cough
data/processed/cough_silence_binary/other/aswine_ALA_E_2_2020-09-30_10-52-31_596_t0000329000.wav,other
data/processed/cough_silence_binary/cough/aswine_ALA_E_2_2020-09-30_03-52-02_333_t0000122000.wav,cough
data/processed/cough_silence_binary/cough/aswine_ALA_E_2_2020-09-30_01-33-53_320_t0000335000.wav,cough
data/processed/cough_silence_binary/other/aswine_ALA_E_2_2020-09-30_01-15-52_167_t0000109000.wav,other
data/processed/cough_silence_binary/cough/aswine_ALA_E_2_2020-09-30_10-46-31_261_t0000204000.wav,cough
data/processed/cough_silence_binary/other/aswine_ALA_E_2_2020-09-30_12-34-38_544_t0000183000.wav,other
data/processed/cough_silence_binary/other/aswine_ALA_E_2_2020-09-30_07-04-16_154_t0000328000.wav,other
data/processed/cough_silence_binary/cough/aswine_ALA_E_2_2020-09-30_01-45-54_312_t0000052000.wav,cough
data/processed/cough_silence_binary/cough/aswine_ALA_E_2_2020-09-30_03-28-00_803_t0000045000.wav,cough
data/processed/cough_silence_binary/other/aswine_ALA_E_2_2020-09-30_01-09-51_828_t0000117000.wav,other
data/processed/cough_silence_binary/cough/aswine_ALA_E_2_2020-09-30_10-16-29_272_t0000075000.wav,cough
data/processed/cough_silence_binary/cough/aswine_ALA_E_2_2020-09-30_04-46-06_338_t0000229000.wav,cough
data/processed/cough_silence_binary/cough/aswine_ALA_E_2_2020-09-30_05-04-07_555_t0000358000.wav,cough
data/processed/cough_silence_binary/other/aswine_ALA_E_2_2020-09-30_07-10-16_555_t0000016000.wav,other
data/processed/cough_silence_binary/cough/aswine_ALA_E_2_2020-09-30_01-45-54_312_t0000249000.wav,cough
C:\py\pigsound\pig-sound-classification\det_round1_clips\ALA_000347_v2\other_clean\sample01_rank004_p0.955_src156.10-157.10_clip156.10-157.10.wav,other
data/processed/cough_silence_binary/cough/aswine_ALA_E_2_2020-09-30_03-28-00_803_t0000047000.wav,cough
data/processed/cough_silence_binary/other/aswine_ALA_E_2_2020-09-30_08-16-20_635_t0000310000.wav,other
data/processed/cough_silence_binary/other/aswine_ALA_E_2_2020-09-30_09-10-24_673_t0000201000.wav,other
data/processed/cough_silence_binary/other/aswine_ALA_E_2_2020-09-30_01-15-52_167_t0000197000.wav,other
data/processed/cough_silence_binary/cough/aswine_ALA_E_2_2020-09-30_11-52-35_892_t0000173000.wav,cough
data/processed/cough_silence_binary/other/aswine_ALA_E_2_2020-09-30_00-33-49_105_t0000226000.wav,other
data/processed/cough_silence_binary/cough/aswine_ALA_E_2_2020-09-30_04-16-04_352_t0000115000.wav,cough
data/processed/cough_silence_binary/other/aswine_ALA_E_2_2020-09-30_01-51-54_564_t0000185000.wav,other
data/processed/cough_silence_binary/other/aswine_ALA_E_2_2020-09-30_02-57-58_802_t0000213000.wav,other
data/processed/cough_silence_binary/other/aswine_ALA_E_2_2020-09-30_12-22-37_726_t0000106000.wav,other
data/processed/cough_silence_binary/other/aswine_ALA_E_2_2020-09-30_10-04-28_503_t0000341000.wav,other
data/processed/cough_silence_binary/other/aswine_ALA_E_2_2020-09-30_09-04-24_156_t0000016000.wav,other
data/processed/cough_silence_binary/other/aswine_ALA_E_2_2020-09-30_03-34-01_104_t0000334000.wav,other
data/processed/cough_silence_binary/other/aswine_ALA_E_2_2020-09-30_01-03-51_362_t0000087000.wav,other
data/processed/cough_silence_binary/cough/aswine_ALA_E_2_2020-09-30_02-39-57_569_t0000233000.wav,cough
data/processed/cough_silence_binary/cough/aswine_ALA_E_2_2020-09-30_12-28-38_125_t0000305000.wav,cough
data/processed/cough_silence_binary/other/aswine_ALA_E_2_2020-09-30_09-04-24_156_t0000163000.wav,other
data/processed/cough_silence_binary/other/aswine_ALA_E_2_2020-09-30_06-52-15_207_t0000045000.wav,other
data/processed/cough_silence_binary/other/aswine_ALA_E_2_2020-09-30_01-21-52_571_t0000254000.wav,other
data/processed/cough_silence_binary/cough/aswine_ALA_E_2_2020-09-30_05-28-09_636_t0000188000.wav,cough
data/processed/cough_silence_binary/cough/aswine_ALA_E_2_2020-09-30_02-27-56_846_t0000018000.wav,cough
data/processed/cough_silence_binary/other/aswine_ALA_E_2_2020-09-30_06-52-15_207_t0000089000.wav,other
data/processed/cough_silence_binary/cough/aswine_ALA_E_2_2020-09-30_01-03-51_362_t0000275000.wav,cough
data/processed/cough_silence_binary/cough/aswine_ALA_E_2_2020-09-30_02-39-57_569_t0000213000.wav,cough
data/processed/cough_silence_binary/cough/aswine_ALA_E_2_2020-09-30_03-52-02_333_t0000120000.wav,cough
data/processed/cough_silence_binary/cough/aswine_ALA_E_2_2020-09-30_10-52-31_596_t0000154000.wav,cough
data/processed/cough_silence_binary/other/aswine_ALA_E_2_2020-09-30_05-58-11_488_t0000192000.wav,other
data/processed/cough_silence_binary/other/aswine_ALA_E_2_2020-09-30_02-03-55_346_t0000041000.wav,other
data/processed/cough_silence_binary/cough/aswine_ALA_E_2_2020-09-30_00-57-50_867_t0000073000.wav,cough
data/processed/cough_silence_binary/other/aswine_ALA_E_2_2020-09-30_01-51-54_564_t0000312000.wav,other
data/processed/cough_silence_binary/other/aswine_ALA_E_2_2020-09-30_05-28-09_636_t0000330000.wav,other
data/processed/cough_silence_binary/other/aswine_ALA_E_2_2020-09-30_02-27-56_846_t0000274000.wav,other
data/processed/cough_silence_binary/other/aswine_ALA_E_2_2020-09-30_04-58-07_090_t0000080000.wav,other
data/processed/cough_silence_binary/cough/aswine_ALA_E_2_2020-09-30_01-45-54_312_t0000055000.wav,cough
data/processed/cough_silence_binary/other/aswine_ALA_E_2_2020-09-30_11-28-34_169_t0000166000.wav,other
data/processed/cough_silence_binary/cough/aswine_ALA_E_2_2020-09-30_03-40-01_553_t0000175000.wav,cough
data/processed/cough_silence_binary/other/aswine_ALA_E_2_2020-09-30_03-52-02_333_t0000016000.wav,other
data/processed/cough_silence_binary/cough/aswine_ALA_E_2_2020-09-30_04-16-04_352_t0000302000.wav,cough
data/processed/cough_silence_binary/other/aswine_ALA_E_2_2020-09-30_02-45-57_858_t0000156000.wav,other
data/processed/cough_silence_binary/cough/aswine_ALA_E_2_2020-09-30_10-34-30_545_t0000237000.wav,cough
data/processed/cough_silence_binary/cough/aswine_ALA_E_2_2020-09-30_09-22-25_390_t0000233000.wav,cough
data/processed/cough_silence_binary/cough/aswine_ALA_E_2_2020-09-30_03-28-00_803_t0000062000.wav,cough
data/processed/cough_silence_binary/other/aswine_ALA_E_2_2020-09-30_05-04-07_555_t0000132000.wav,other
data/processed/cough_silence_binary/cough/aswine_ALA_E_2_2020-09-30_02-27-56_846_t0000233000.wav,cough
data/processed/cough_silence_binary/cough/aswine_ALA_E_2_2020-09-30_03-03-59_085_t0000007000.wav,cough
data/processed/cough_silence_binary/cough/aswine_ALA_E_2_2020-09-30_04-46-06_338_t0000231000.wav,cough
data/processed/cough_silence_binary/cough/aswine_ALA_E_2_2020-09-30_05-28-09_636_t0000200000.wav,cough
C:\py\pigsound\pig-sound-classification\det_round1_clips\ALA_000347_v2\other_clean\ALA_000347_oldv1_rank022_p0.923_src108.10-109.10_clip108.10-109.10.wav,other
data/processed/cough_silence_binary/cough/aswine_ALA_E_2_2020-09-30_12-22-37_726_t0000012000.wav,cough
data/processed/cough_silence_binary/cough/aswine_ALA_E_2_2020-09-30_11-52-35_892_t0000310000.wav,cough
data/processed/cough_silence_binary/cough/aswine_ALA_E_2_2020-09-30_04-22-04_594_t0000247000.wav,cough
data/processed/cough_silence_binary/cough/aswine_ALA_E_2_2020-09-30_03-22-00_565_t0000356000.wav,cough
data/processed/cough_silence_binary/cough/aswine_ALA_E_2_2020-09-30_04-46-06_338_t0000277000.wav,cough
data/processed/cough_silence_binary/cough/aswine_ALA_E_2_2020-09-30_05-52-11_272_t0000177000.wav,cough
data/processed/cough_silence_binary/cough/aswine_ALA_E_2_2020-09-30_11-28-34_169_t0000024000.wav,cough
data/processed/cough_silence_binary/cough/aswine_ALA_E_2_2020-09-30_12-16-37_446_t0000324000.wav,cough
data/processed/cough_silence_binary/other/aswine_ALA_E_2_2020-09-30_01-03-51_362_t0000317000.wav,other
data/processed/cough_silence_binary/other/aswine_ALA_E_2_2020-09-30_07-04-16_154_t0000153000.wav,other
data/processed/cough_silence_binary/other/aswine_ALA_E_2_2020-09-30_01-09-51_828_t0000133000.wav,other
data/processed/cough_silence_binary/other/aswine_ALA_E_2_2020-09-30_02-39-57_569_t0000210000.wav,other
data/processed/cough_silence_binary/cough/aswine_ALA_E_2_2020-09-30_03-22-00_565_t0000322000.wav,cough
data/processed/cough_silence_binary/cough/aswine_ALA_E_2_2020-09-30_06-40-14_230_t0000095000.wav,cough
data/processed/cough_silence_binary/other/aswine_ALA_E_2_2020-09-30_14-58-48_774_t0000233000.wav,other
data/processed/cough_silence_binary/other/aswine_ALA_E_2_2020-09-30_09-22-25_390_t0000331000.wav,other
data/processed/cough_silence_binary/other/aswine_ALA_E_2_2020-09-30_05-52-11_272_t0000358000.wav,other
data/processed/cough_silence_binary/cough/aswine_ALA_E_2_2020-09-30_02-57-58_802_t0000037000.wav,cough
data/processed/cough_silence_binary/other/aswine_ALA_E_2_2020-09-30_02-09-55_811_t0000233000.wav,other
data/processed/cough_silence_binary/other/aswine_ALA_E_2_2020-09-30_06-22-13_072_t0000352000.wav,other
data/processed/cough_silence_binary/other/aswine_ALA_E_2_2020-09-30_08-40-22_263_t0000041000.wav,other
data/processed/cough_silence_binary/cough/aswine_ALA_E_2_2020-09-30_04-22-04_594_t0000027000.wav,cough
data/processed/cough_silence_binary/cough/aswine_ALA_E_2_2020-09-30_10-10-28_848_t0000027000.wav,cough
data/processed/cough_silence_binary/other/aswine_ALA_E_2_2020-09-30_01-09-51_828_t0000041000.wav,other
data/processed/cough_silence_binary/cough/aswine_ALA_E_2_2020-09-30_02-33-57_095_t0000010000.wav,cough
data/processed/cough_silence_binary/cough/aswine_ALA_E_2_2020-09-30_00-03-47_130_t0000284000.wav,cough
data/processed/cough_silence_binary/other/aswine_ALA_E_2_2020-09-30_08-04-19_788_t0000309000.wav,other
data/processed/cough_silence_binary/other/aswine_ALA_E_2_2020-09-30_06-52-15_207_t0000235000.wav,other
data/processed/cough_silence_binary/other/aswine_ALA_E_2_2020-09-30_01-39-53_821_t0000331000.wav,other
data/processed/cough_silence_binary/other/aswine_ALA_E_2_2020-09-30_10-16-29_272_t0000255000.wav,other
data/processed/cough_silence_binary/other/aswine_ALA_E_2_2020-09-30_09-10-24_673_t0000062000.wav,other
data/processed/cough_silence_binary/cough/aswine_ALA_E_2_2020-09-30_11-22-33_630_t0000050000.wav,cough
C:\py\pigsound\pig-sound-classification\det_round1_clips\ALA_000347_v2\other_clean\ALA_000347_oldv1_rank012_p0.953_src107.30-108.30_clip107.30-108.30.wav,other
data/processed/cough_silence_binary/cough/aswine_ALA_E_2_2020-09-30_10-46-31_261_t0000206000.wav,cough
data/processed/cough_silence_binary/other/aswine_ALA_E_2_2020-09-30_10-04-28_503_t0000223000.wav,other
data/processed/cough_silence_binary/cough/aswine_ALA_E_2_2020-09-30_11-28-34_169_t0000032000.wav,cough
data/processed/cough_silence_binary/other/aswine_ALA_E_2_2020-09-30_04-22-04_594_t0000048000.wav,other
data/processed/cough_silence_binary/cough/aswine_ALA_E_2_2020-09-30_02-39-57_569_t0000237000.wav,cough
data/processed/cough_silence_binary/other/aswine_ALA_E_2_2020-09-30_01-09-51_828_t0000039000.wav,other
data/processed/cough_silence_binary/cough/aswine_ALA_E_2_2020-09-30_05-52-11_272_t0000051000.wav,cough
data/processed/cough_silence_binary/cough/aswine_ALA_E_2_2020-09-30_14-46-47_980_t0000140000.wav,cough
data/processed/cough_silence_binary/other/aswine_ALA_E_2_2020-09-30_06-16-12_660_t0000044000.wav,other
data/processed/cough_silence_binary/cough/aswine_ALA_E_2_2020-09-30_02-39-57_569_t0000030000.wav,cough
data/processed/cough_silence_binary/cough/aswine_ALA_E_2_2020-09-30_12-16-37_446_t0000193000.wav,cough
data/processed/cough_silence_binary/cough/aswine_ALA_E_2_2020-09-30_12-04-36_656_t0000283000.wav,cough
data/processed/cough_silence_binary/other/aswine_ALA_E_2_2020-09-30_14-16-45_975_t0000279000.wav,other
data/processed/cough_silence_binary/cough/aswine_ALA_E_2_2020-09-30_02-39-57_569_t0000216000.wav,cough
data/processed/cough_silence_binary/cough/aswine_ALA_E_2_2020-09-30_05-22-09_088_t0000128000.wav,cough
data/processed/cough_silence_binary/other/aswine_ALA_E_2_2020-09-30_00-39-49_327_t0000344000.wav,other
data/processed/cough_silence_binary/other/aswine_ALA_E_2_2020-09-30_15-04-48_982_t0000233000.wav,other
C:\py\pigsound\pig-sound-classification\det_round1_clips\ALA_000347_v2\other_clean\ALA_000347_oldv1_rank070_p0.685_src288.30-289.30_clip288.30-289.30.wav,other
data/processed/cough_silence_binary/cough/aswine_ALA_E_2_2020-09-30_04-16-04_352_t0000114000.wav,cough
data/processed/cough_silence_binary/cough/aswine_ALA_E_2_2020-09-30_12-22-37_726_t0000243000.wav,cough
data/processed/cough_silence_binary/other/aswine_ALA_E_2_2020-09-30_03-40-01_553_t0000112000.wav,other
data/processed/cough_silence_binary/cough/aswine_ALA_E_2_2020-09-30_05-52-11_272_t0000164000.wav,cough
data/processed/cough_silence_binary/other/aswine_ALA_E_2_2020-09-30_02-15-56_094_t0000116000.wav,other
C:\py\pigsound\pig-sound-classification\det_round1_clips\ALA_000347_v2\other_clean\ALA_000347_oldv1_rank041_p0.851_src277.10-278.10_clip277.10-278.10.wav,other
C:\py\pigsound\pig-sound-classification\det_round1_clips\ALA_000347_v2\other_clean\ALA_000347_v2_rank021_p0.824_src335.10-336.10_clip335.10-336.10.wav,other
data/processed/cough_silence_binary/cough/aswine_ALA_E_2_2020-09-30_14-16-45_975_t0000016000.wav,cough
data/processed/cough_silence_binary/other/aswine_ALA_E_2_2020-09-30_01-15-52_167_t0000203000.wav,other
data/processed/cough_silence_binary/cough/aswine_ALA_E_2_2020-09-30_09-04-24_156_t0000203000.wav,cough
data/processed/cough_silence_binary/other/aswine_ALA_E_2_2020-09-30_06-52-15_207_t0000144000.wav,other
data/processed/cough_silence_binary/cough/aswine_ALA_E_2_2020-09-30_10-46-31_261_t0000207000.wav,cough
data/processed/cough_silence_binary/other/aswine_ALA_E_2_2020-09-30_03-58-02_785_t0000266000.wav,other
data/processed/cough_silence_binary/cough/aswine_ALA_E_2_2020-09-30_02-03-55_346_t0000350000.wav,cough
data/processed/cough_silence_binary/other/aswine_ALA_E_2_2020-09-30_05-46-10_875_t0000111000.wav,other
data/processed/cough_silence_binary/other/aswine_ALA_E_2_2020-09-30_03-03-59_085_t0000264000.wav,other
data/processed/cough_silence_binary/cough/aswine_ALA_E_2_2020-09-30_02-39-57_569_t0000293000.wav,cough
data/processed/cough_silence_binary/cough/aswine_ALA_E_2_2020-09-30_12-16-37_446_t0000219000.wav,cough
data/processed/cough_silence_binary/other/aswine_ALA_E_2_2020-09-30_04-16-04_352_t0000300000.wav,other
data/processed/cough_silence_binary/cough/aswine_ALA_E_2_2020-09-30_14-58-48_774_t0000303000.wav,cough
data/processed/cough_silence_binary/other/aswine_ALA_E_2_2020-09-30_00-33-49_105_t0000180000.wav,other
data/processed/cough_silence_binary/cough/aswine_ALA_E_2_2020-09-30_11-28-34_169_t0000040000.wav,cough
data/processed/cough_silence_binary/other/aswine_ALA_E_2_2020-09-30_04-40-05_833_t0000325000.wav,other
data/processed/cough_silence_binary/other/aswine_ALA_E_2_2020-09-30_13-58-44_665_t0000266000.wav,other
data/processed/cough_silence_binary/cough/aswine_ALA_E_2_2020-09-30_10-16-29_272_t0000344000.wav,cough
data/processed/cough_silence_binary/other/aswine_ALA_E_2_2020-09-30_08-04-19_788_t0000321000.wav,other
data/processed/cough_silence_binary/other/aswine_ALA_E_2_2020-09-30_05-52-11_272_t0000146000.wav,other
data/processed/cough_silence_binary/other/aswine_ALA_E_2_2020-09-30_01-39-53_821_t0000217000.wav,other
data/processed/cough_silence_binary/other/aswine_ALA_E_2_2020-09-30_02-39-57_569_t0000178000.wav,other
data/processed/cough_silence_binary/cough/aswine_ALA_E_2_2020-09-30_04-34-05_333_t0000195000.wav,cough
data/processed/cough_silence_binary/cough/aswine_ALA_E_2_2020-09-30_13-58-44_665_t0000238000.wav,cough
data/processed/cough_silence_binary/cough/aswine_ALA_E_2_2020-09-30_15-04-48_982_t0000243000.wav,cough
data/processed/cough_silence_binary/other/aswine_ALA_E_2_2020-09-30_11-28-34_169_t0000098000.wav,other
data/processed/cough_silence_binary/cough/aswine_ALA_E_2_2020-09-30_10-28-30_177_t0000120000.wav,cough
data/processed/cough_silence_binary/other/aswine_ALA_E_2_2020-09-30_03-34-01_104_t0000126000.wav,other
data/processed/cough_silence_binary/cough/aswine_ALA_E_2_2020-09-30_03-03-59_085_t0000312000.wav,cough
data/processed/cough_silence_binary/cough/aswine_ALA_E_2_2020-09-30_12-10-37_151_t0000093000.wav,cough
data/processed/cough_silence_binary/cough/aswine_ALA_E_2_2020-09-30_12-34-38_544_t0000089000.wav,cough
data/processed/cough_silence_binary/cough/aswine_ALA_E_2_2020-09-30_05-28-09_636_t0000313000.wav,cough
data/processed/cough_silence_binary/other/aswine_ALA_E_2_2020-09-30_03-22-00_565_t0000297000.wav,other
data/processed/cough_silence_binary/cough/aswine_ALA_E_2_2020-09-30_10-52-31_596_t0000157000.wav,cough
data/processed/cough_silence_binary/cough/aswine_ALA_E_2_2020-09-30_09-22-25_390_t0000199000.wav,cough
data/processed/cough_silence_binary/other/aswine_ALA_E_2_2020-09-30_11-40-35_013_t0000260000.wav,other
data/processed/cough_silence_binary/cough/aswine_ALA_E_2_2020-09-30_14-52-48_424_t0000359000.wav,cough
data/processed/cough_silence_binary/other/aswine_ALA_E_2_2020-09-30_09-10-24_673_t0000203000.wav,other
data/processed/cough_silence_binary/cough/aswine_ALA_E_2_2020-09-30_03-22-00_565_t0000317000.wav,cough
data/processed/cough_silence_binary/cough/aswine_ALA_E_2_2020-09-30_13-58-44_665_t0000260000.wav,cough
data/processed/cough_silence_binary/other/aswine_ALA_E_2_2020-09-30_01-57-54_862_t0000325000.wav,other
data/processed/cough_silence_binary/other/aswine_ALA_E_2_2020-09-30_13-52-44_182_t0000283000.wav,other
data/processed/cough_silence_binary/cough/aswine_ALA_E_2_2020-09-30_11-52-35_892_t0000259000.wav,cough
data/processed/cough_silence_binary/cough/aswine_ALA_E_2_2020-09-30_02-27-56_846_t0000117000.wav,cough
data/processed/cough_silence_binary/other/aswine_ALA_E_2_2020-09-30_08-46-22_731_t0000234000.wav,other
data/processed/cough_silence_binary/other/aswine_ALA_E_2_2020-09-30_04-10-03_850_t0000063000.wav,other
data/processed/cough_silence_binary/cough/aswine_ALA_E_2_2020-09-30_14-16-45_975_t0000093000.wav,cough
data/processed/cough_silence_binary/other/aswine_ALA_E_2_2020-09-30_00-45-49_855_t0000144000.wav,other
data/processed/cough_silence_binary/other/aswine_ALA_E_2_2020-09-30_04-22-04_594_t0000107000.wav,other
data/processed/cough_silence_binary/other/aswine_ALA_E_2_2020-09-30_00-57-50_867_t0000084000.wav,other
data/processed/cough_silence_binary/cough/aswine_ALA_E_2_2020-09-30_12-10-37_151_t0000354000.wav,cough
data/processed/cough_silence_binary/cough/aswine_ALA_E_2_2020-09-30_02-09-55_811_t0000308000.wav,cough
data/processed/cough_silence_binary/other/aswine_ALA_E_2_2020-09-30_12-04-36_656_t0000350000.wav,other
data/processed/cough_silence_binary/other/aswine_ALA_E_2_2020-09-30_04-40-05_833_t0000219000.wav,other
data/processed/cough_silence_binary/other/aswine_ALA_E_2_2020-09-30_12-28-38_125_t0000318000.wav,other
C:\py\pigsound\pig-sound-classification\det_round1_clips\ALA_000347_v2\other_clean\ALA_000347_v2_rank015_p0.878_src317.10-318.10_clip317.10-318.10.wav,other
data/processed/cough_silence_binary/cough/aswine_ALA_E_2_2020-09-30_03-22-00_565_t0000354000.wav,cough
data/processed/cough_silence_binary/cough/aswine_ALA_E_2_2020-09-30_03-16-00_102_t0000192000.wav,cough
C:\py\pigsound\pig-sound-classification\det_round1_clips\ALA_000347_v2\other_clean\ALA_000347_rank059_p0.758_src130.00-131.00_clip130.00-131.00.wav,other
data/processed/cough_silence_binary/other/aswine_ALA_E_2_2020-09-30_11-16-33_282_t0000045000.wav,other
data/processed/cough_silence_binary/other/aswine_ALA_E_2_2020-09-30_06-16-12_660_t0000084000.wav,other
data/processed/cough_silence_binary/other/aswine_ALA_E_2_2020-09-30_06-04-11_764_t0000065000.wav,other
data/processed/cough_silence_binary/other/aswine_ALA_E_2_2020-09-30_04-58-07_090_t0000335000.wav,other
data/processed/cough_silence_binary/other/aswine_ALA_E_2_2020-09-30_01-27-52_851_t0000068000.wav,other
data/processed/cough_silence_binary/cough/aswine_ALA_E_2_2020-09-30_15-10-49_329_t0000293000.wav,cough
data/processed/cough_silence_binary/other/aswine_ALA_E_2_2020-09-30_00-51-50_372_t0000076000.wav,other
data/processed/cough_silence_binary/cough/aswine_ALA_E_2_2020-09-30_04-22-04_594_t0000182000.wav,cough
data/processed/cough_silence_binary/cough/aswine_ALA_E_2_2020-09-30_04-16-04_352_t0000112000.wav,cough
data/processed/cough_silence_binary/other/aswine_ALA_E_2_2020-09-30_08-58-23_679_t0000337000.wav,other
data/processed/cough_silence_binary/cough/aswine_ALA_E_2_2020-09-30_12-16-37_446_t0000247000.wav,cough
data/processed/cough_silence_binary/other/aswine_ALA_E_2_2020-09-30_10-04-28_503_t0000354000.wav,other
data/processed/cough_silence_binary/cough/aswine_ALA_E_2_2020-09-30_06-04-11_764_t0000291000.wav,cough
data/processed/cough_silence_binary/other/aswine_ALA_E_2_2020-09-30_04-46-06_338_t0000102000.wav,other
data/processed/cough_silence_binary/other/aswine_ALA_E_2_2020-09-30_06-52-15_207_t0000068000.wav,other
data/processed/cough_silence_binary/cough/aswine_ALA_E_2_2020-09-30_06-52-15_207_t0000124000.wav,cough
data/processed/cough_silence_binary/cough/aswine_ALA_E_2_2020-09-30_05-04-07_555_t0000360000.wav,cough
data/processed/cough_silence_binary/cough/aswine_ALA_E_2_2020-09-30_12-16-37_446_t0000133000.wav,cough
data/processed/cough_silence_binary/other/aswine_ALA_E_2_2020-09-30_07-34-18_090_t0000145000.wav,other
data/processed/cough_silence_binary/cough/aswine_ALA_E_2_2020-09-30_05-22-09_088_t0000264000.wav,cough
C:\py\pigsound\pig-sound-classification\det_round1_clips\ALA_000347_v2\other_clean\ALA_000347_v2_rank027_p0.820_src209.10-210.10_clip209.10-210.10.wav,other
data/processed/cough_silence_binary/cough/aswine_ALA_E_2_2020-09-30_10-46-31_261_t0000008000.wav,cough
data/processed/cough_silence_binary/cough/aswine_ALA_E_2_2020-09-30_10-46-31_261_t0000080000.wav,cough
data/processed/cough_silence_binary/other/aswine_ALA_E_2_2020-09-30_12-10-37_151_t0000241000.wav,other
data/processed/cough_silence_binary/cough/aswine_ALA_E_2_2020-09-30_06-52-15_207_t0000278000.wav,cough
data/processed/cough_silence_binary/cough/aswine_ALA_E_2_2020-09-30_02-03-55_346_t0000177000.wav,cough
data/processed/cough_silence_binary/other/aswine_ALA_E_2_2020-09-30_07-10-16_555_t0000317000.wav,other
data/processed/cough_silence_binary/cough/aswine_ALA_E_2_2020-09-30_12-22-37_726_t0000238000.wav,cough
data/processed/cough_silence_binary/other/aswine_ALA_E_2_2020-09-30_15-10-49_329_t0000222000.wav,other
data/processed/cough_silence_binary/cough/aswine_ALA_E_2_2020-09-30_04-22-04_594_t0000067000.wav,cough
C:\py\pigsound\pig-sound-classification\det_round1_clips\ALA_000347_v2\other_clean\sample01_rank021_p0.828_src101.50-102.50_clip101.50-102.50.wav,other
data/processed/cough_silence_binary/other/aswine_ALA_E_2_2020-09-30_05-46-10_875_t0000349000.wav,other
data/processed/cough_silence_binary/other/aswine_ALA_E_2_2020-09-30_10-52-31_596_t0000168000.wav,other
data/processed/cough_silence_binary/other/aswine_ALA_E_2_2020-09-30_04-28-05_047_t0000271000.wav,other
data/processed/cough_silence_binary/cough/aswine_ALA_E_2_2020-09-30_11-58-36_255_t0000081000.wav,cough
data/processed/cough_silence_binary/cough/aswine_ALA_E_2_2020-09-30_04-16-04_352_t0000304000.wav,cough
data/processed/cough_silence_binary/cough/aswine_ALA_E_2_2020-09-30_10-40-30_865_t0000343000.wav,cough
data/processed/cough_silence_binary/cough/aswine_ALA_E_2_2020-09-30_10-16-29_272_t0000341000.wav,cough
data/processed/cough_silence_binary/other/aswine_ALA_E_2_2020-09-30_02-51-58_296_t0000293000.wav,other
data/processed/cough_silence_binary/cough/aswine_ALA_E_2_2020-09-30_08-04-19_788_t0000005000.wav,cough
data/processed/cough_silence_binary/other/aswine_ALA_E_2_2020-09-30_01-27-52_851_t0000147000.wav,other
data/processed/cough_silence_binary/other/aswine_ALA_E_2_2020-09-30_06-28-13_427_t0000002000.wav,other
data/processed/cough_silence_binary/cough/aswine_ALA_E_2_2020-09-30_11-52-35_892_t0000212000.wav,cough
data/processed/cough_silence_binary/other/aswine_ALA_E_2_2020-09-30_15-04-48_982_t0000166000.wav,other
data/processed/cough_silence_binary/cough/aswine_ALA_E_2_2020-09-30_10-16-29_272_t0000059000.wav,cough
data/processed/cough_silence_binary/other/aswine_ALA_E_2_2020-09-30_02-27-56_846_t0000069000.wav,other
data/processed/cough_silence_binary/cough/aswine_ALA_E_2_2020-09-30_14-52-48_424_t0000029000.wav,cough
data/processed/cough_silence_binary/cough/aswine_ALA_E_2_2020-09-30_06-28-13_427_t0000299000.wav,cough
data/processed/cough_silence_binary/cough/aswine_ALA_E_2_2020-09-30_08-40-22_263_t0000124000.wav,cough
data/processed/cough_silence_binary/other/aswine_ALA_E_2_2020-09-30_07-58-19_477_t0000045000.wav,other
C:\py\pigsound\pig-sound-classification\det_round1_clips\ALA_000347_v2\other_clean\ALA_000347_v2_rank026_p0.822_src342.40-343.40_clip342.40-343.40.wav,other
data/processed/cough_silence_binary/cough/aswine_ALA_E_2_2020-09-30_04-52-06_595_t0000281000.wav,cough
data/processed/cough_silence_binary/other/aswine_ALA_E_2_2020-09-30_09-28-25_922_t0000107000.wav,other
data/processed/cough_silence_binary/other/aswine_ALA_E_2_2020-09-30_02-03-55_346_t0000295000.wav,other
data/processed/cough_silence_binary/cough/aswine_ALA_E_2_2020-09-30_03-03-59_085_t0000009000.wav,cough
data/processed/cough_silence_binary/cough/aswine_ALA_E_2_2020-09-30_12-10-37_151_t0000081000.wav,cough
data/processed/cough_silence_binary/other/aswine_ALA_E_2_2020-09-30_01-39-53_821_t0000175000.wav,other
data/processed/cough_silence_binary/other/aswine_ALA_E_2_2020-09-30_12-10-37_151_t0000129000.wav,other
data/processed/cough_silence_binary/other/aswine_ALA_E_2_2020-09-30_07-52-19_149_t0000300000.wav,other
data/processed/cough_silence_binary/other/aswine_ALA_E_2_2020-09-30_04-16-04_352_t0000310000.wav,other
data/processed/cough_silence_binary/other/aswine_ALA_E_2_2020-09-30_06-52-15_207_t0000266000.wav,other
data/processed/cough_silence_binary/other/aswine_ALA_E_2_2020-09-30_02-33-57_095_t0000345000.wav,other
C:\py\pigsound\pig-sound-classification\det_round1_clips\ALA_000347_v2\other_clean\ALA_000347_rank056_p0.760_src174.90-175.90_clip174.90-175.90.wav,other
C:\py\pigsound\pig-sound-classification\det_round1_clips\ALA_000347_v2\other_clean\ALA_000347_oldv1_rank045_p0.834_src30.20-31.20_clip30.20-31.20.wav,other
data/processed/cough_silence_binary/cough/aswine_ALA_E_2_2020-09-30_04-22-04_594_t0000028000.wav,cough
data/processed/cough_silence_binary/cough/aswine_ALA_E_2_2020-09-30_00-51-50_372_t0000083000.wav,cough
data/processed/cough_silence_binary/cough/aswine_ALA_E_2_2020-09-30_01-27-52_851_t0000233000.wav,cough
data/processed/cough_silence_binary/cough/aswine_ALA_E_2_2020-09-30_08-04-19_788_t0000292000.wav,cough
data/processed/cough_silence_binary/cough/aswine_ALA_E_2_2020-09-30_05-28-09_636_t0000308000.wav,cough
data/processed/cough_silence_binary/cough/aswine_ALA_E_2_2020-09-30_10-16-29_272_t0000056000.wav,cough
data/processed/cough_silence_binary/other/aswine_ALA_E_2_2020-09-30_01-15-52_167_t0000170000.wav,other
data/processed/cough_silence_binary/cough/aswine_ALA_E_2_2020-09-30_03-28-00_803_t0000174000.wav,cough
data/processed/cough_silence_binary/other/aswine_ALA_E_2_2020-09-30_08-28-21_427_t0000344000.wav,other
data/processed/cough_silence_binary/cough/aswine_ALA_E_2_2020-09-30_04-28-05_047_t0000080000.wav,cough
data/processed/cough_silence_binary/cough/aswine_ALA_E_2_2020-09-30_11-10-32_919_t0000222000.wav,cough
data/processed/cough_silence_binary/other/aswine_ALA_E_2_2020-09-30_01-57-54_862_t0000071000.wav,other
data/processed/cough_silence_binary/other/aswine_ALA_E_2_2020-09-30_01-33-53_320_t0000214000.wav,other
data/processed/cough_silence_binary/cough/aswine_ALA_E_2_2020-09-30_08-46-22_731_t0000047000.wav,cough
data/processed/cough_silence_binary/cough/aswine_ALA_E_2_2020-09-30_04-22-04_594_t0000192000.wav,cough
data/processed/cough_silence_binary/other/aswine_ALA_E_2_2020-09-30_00-39-49_327_t0000092000.wav,other
data/processed/cough_silence_binary/other/aswine_ALA_E_2_2020-09-30_04-40-05_833_t0000125000.wav,other
C:\py\pigsound\pig-sound-classification\det_round1_clips\ALA_000347_v2\other_clean\sample01_rank006_p0.944_src72.40-73.40_clip72.40-73.40.wav,other
data/processed/cough_silence_binary/cough/aswine_ALA_E_2_2020-09-30_03-22-00_565_t0000099000.wav,cough
data/processed/cough_silence_binary/cough/aswine_ALA_E_2_2020-09-30_02-03-55_346_t0000354000.wav,cough
data/processed/cough_silence_binary/cough/aswine_ALA_E_2_2020-09-30_12-22-37_726_t0000058000.wav,cough
data/processed/cough_silence_binary/other/aswine_ALA_E_2_2020-09-30_12-16-37_446_t0000004000.wav,other
data/processed/cough_silence_binary/other/aswine_ALA_E_2_2020-09-30_14-46-47_980_t0000214000.wav,other
data/processed/cough_silence_binary/other/aswine_ALA_E_2_2020-09-30_01-45-54_312_t0000297000.wav,other
data/processed/cough_silence_binary/cough/aswine_ALA_E_2_2020-09-30_03-58-02_785_t0000083000.wav,cough
data/processed/cough_silence_binary/other/aswine_ALA_E_2_2020-09-30_10-04-28_503_t0000271000.wav,other
data/processed/cough_silence_binary/other/aswine_ALA_E_2_2020-09-30_02-51-58_296_t0000186000.wav,other
data/processed/cough_silence_binary/other/aswine_ALA_E_2_2020-09-30_05-40-10_575_t0000009000.wav,other
data/processed/cough_silence_binary/other/aswine_ALA_E_2_2020-09-30_06-52-15_207_t0000263000.wav,other
data/processed/cough_silence_binary/other/aswine_ALA_E_2_2020-09-30_14-34-47_375_t0000291000.wav,other
data/processed/cough_silence_binary/cough/aswine_ALA_E_2_2020-09-30_10-16-29_272_t0000129000.wav,cough
data/processed/cough_silence_binary/other/aswine_ALA_E_2_2020-09-30_10-46-31_261_t0000176000.wav,other
data/processed/cough_silence_binary/cough/aswine_ALA_E_2_2020-09-30_12-04-36_656_t0000245000.wav,cough
data/processed/cough_silence_binary/cough/aswine_ALA_E_2_2020-09-30_06-52-15_207_t0000318000.wav,cough
data/processed/cough_silence_binary/other/aswine_ALA_E_2_2020-09-30_06-28-13_427_t0000124000.wav,other
data/processed/cough_silence_binary/cough/aswine_ALA_E_2_2020-09-30_03-03-59_085_t0000170000.wav,cough
data/processed/cough_silence_binary/cough/aswine_ALA_E_2_2020-09-30_05-58-11_488_t0000358000.wav,cough
data/processed/cough_silence_binary/cough/aswine_ALA_E_2_2020-09-30_08-04-19_788_t0000028000.wav,cough
data/processed/cough_silence_binary/cough/aswine_ALA_E_2_2020-09-30_12-16-37_446_t0000218000.wav,cough
data/processed/cough_silence_binary/cough/aswine_ALA_E_2_2020-09-30_12-10-37_151_t0000095000.wav,cough
data/processed/cough_silence_binary/cough/aswine_ALA_E_2_2020-09-30_05-22-09_088_t0000252000.wav,cough
data/processed/cough_silence_binary/cough/aswine_ALA_E_2_2020-09-30_06-04-11_764_t0000012000.wav,cough
data/processed/cough_silence_binary/other/aswine_ALA_E_2_2020-09-30_00-57-50_867_t0000247000.wav,other
data/processed/cough_silence_binary/other/aswine_ALA_E_2_2020-09-30_06-58-15_681_t0000226000.wav,other
data/processed/cough_silence_binary/cough/aswine_ALA_E_2_2020-09-30_04-16-04_352_t0000324000.wav,cough
data/processed/cough_silence_binary/other/aswine_ALA_E_2_2020-09-30_10-04-28_503_t0000255000.wav,other
data/processed/cough_silence_binary/cough/aswine_ALA_E_2_2020-09-30_10-28-30_177_t0000234000.wav,cough
data/processed/cough_silence_binary/other/aswine_ALA_E_2_2020-09-30_02-15-56_094_t0000275000.wav,other
data/processed/cough_silence_binary/other/aswine_ALA_E_2_2020-09-30_08-46-22_731_t0000206000.wav,other
data/processed/cough_silence_binary/cough/aswine_ALA_E_2_2020-09-30_01-33-53_320_t0000008000.wav,cough
data/processed/cough_silence_binary/cough/aswine_ALA_E_2_2020-09-30_06-10-12_288_t0000329000.wav,cough
data/processed/cough_silence_binary/cough/aswine_ALA_E_2_2020-09-30_12-04-36_656_t0000248000.wav,cough
C:\py\pigsound\pig-sound-classification\det_round1_clips\ALA_000347_v2\other_clean\ALA_000347_v2_rank028_p0.810_src165.90-166.90_clip165.90-166.90.wav,other
data/processed/cough_silence_binary/cough/aswine_ALA_E_2_2020-09-30_01-27-52_851_t0000245000.wav,cough
data/processed/cough_silence_binary/cough/aswine_ALA_E_2_2020-09-30_04-16-04_352_t0000088000.wav,cough
data/processed/cough_silence_binary/other/aswine_ALA_E_2_2020-09-30_02-21-56_604_t0000044000.wav,other
data/processed/cough_silence_binary/other/aswine_ALA_E_2_2020-09-30_01-27-52_851_t0000183000.wav,other
data/processed/cough_silence_binary/cough/aswine_ALA_E_2_2020-09-30_12-16-37_446_t0000199000.wav,cough
data/processed/cough_silence_binary/other/aswine_ALA_E_2_2020-09-30_02-57-58_802_t0000325000.wav,other
data/processed/cough_silence_binary/cough/aswine_ALA_E_2_2020-09-30_02-09-55_811_t0000334000.wav,cough
data/processed/cough_silence_binary/cough/aswine_ALA_E_2_2020-09-30_07-40-18_452_t0000194000.wav,cough
data/processed/cough_silence_binary/other/aswine_ALA_E_2_2020-09-30_02-33-57_095_t0000141000.wav,other
data/processed/cough_silence_binary/cough/aswine_ALA_E_2_2020-09-30_06-52-15_207_t0000303000.wav,cough
C:\py\pigsound\pig-sound-classification\det_round1_clips\ALA_000347_v2\other_clean\ALA_000347_v2_rank039_p0.770_src132.40-133.40_clip132.40-133.40.wav,other
C:\py\pigsound\pig-sound-classification\det_round1_clips\ALA_000347_v2\other_clean\ALA_000347_oldv1_rank042_p0.843_src38.60-39.60_clip38.60-39.60.wav,other
data/processed/cough_silence_binary/cough/aswine_ALA_E_2_2020-09-30_03-03-59_085_t0000004000.wav,cough
data/processed/cough_silence_binary/cough/aswine_ALA_E_2_2020-09-30_11-52-35_892_t0000270000.wav,cough
data/processed/cough_silence_binary/cough/aswine_ALA_E_2_2020-09-30_10-58-32_034_t0000265000.wav,cough
data/processed/cough_silence_binary/other/aswine_ALA_E_2_2020-09-30_08-46-22_731_t0000168000.wav,other
C:\py\pigsound\pig-sound-classification\det_round1_clips\ALA_000347_v2\other_clean\ALA_000347_oldv1_rank030_p0.898_src26.00-27.00_clip26.00-27.00.wav,other
data/processed/cough_silence_binary/other/aswine_ALA_E_2_2020-09-30_04-22-04_594_t0000283000.wav,other
data/processed/cough_silence_binary/other/aswine_ALA_E_2_2020-09-30_00-57-50_867_t0000332000.wav,other
data/processed/cough_silence_binary/other/aswine_ALA_E_2_2020-09-30_05-52-11_272_t0000095000.wav,other
data/processed/cough_silence_binary/other/aswine_ALA_E_2_2020-09-30_12-16-37_446_t0000148000.wav,other
data/processed/cough_silence_binary/cough/aswine_ALA_E_2_2020-09-30_14-16-45_975_t0000152000.wav,cough
data/processed/cough_silence_binary/other/aswine_ALA_E_2_2020-09-30_03-46-01_809_t0000227000.wav,other
data/processed/cough_silence_binary/cough/aswine_ALA_E_2_2020-09-30_05-28-09_636_t0000314000.wav,cough
data/processed/cough_silence_binary/other/aswine_ALA_E_2_2020-09-30_02-51-58_296_t0000164000.wav,other
data/processed/cough_silence_binary/other/aswine_ALA_E_2_2020-09-30_00-57-50_867_t0000329000.wav,other
data/processed/cough_silence_binary/cough/aswine_ALA_E_2_2020-09-30_14-40-47_610_t0000214000.wav,cough
data/processed/cough_silence_binary/cough/aswine_ALA_E_2_2020-09-30_00-45-49_855_t0000314000.wav,cough
data/processed/cough_silence_binary/cough/aswine_ALA_E_2_2020-09-30_12-16-37_446_t0000235000.wav,cough
data/processed/cough_silence_binary/cough/aswine_ALA_E_2_2020-09-30_04-16-04_352_t0000285000.wav,cough
data/processed/cough_silence_binary/other/aswine_ALA_E_2_2020-09-30_01-45-54_312_t0000272000.wav,other
data/processed/cough_silence_binary/cough/aswine_ALA_E_2_2020-09-30_03-09-59_585_t0000082000.wav,cough
data/processed/cough_silence_binary/cough/aswine_ALA_E_2_2020-09-30_02-57-58_802_t0000041000.wav,cough
data/processed/cough_silence_binary/cough/aswine_ALA_E_2_2020-09-30_11-58-36_255_t0000216000.wav,cough
data/processed/cough_silence_binary/cough/aswine_ALA_E_2_2020-09-30_03-28-00_803_t0000157000.wav,cough
data/processed/cough_silence_binary/other/aswine_ALA_E_2_2020-09-30_15-04-48_982_t0000236000.wav,other
data/processed/cough_silence_binary/cough/aswine_ALA_E_2_2020-09-30_11-52-35_892_t0000257000.wav,cough
data/processed/cough_silence_binary/cough/aswine_ALA_E_2_2020-09-30_01-33-53_320_t0000009000.wav,cough
data/processed/cough_silence_binary/other/aswine_ALA_E_2_2020-09-30_07-10-16_555_t0000157000.wav,other
data/processed/cough_silence_binary/other/aswine_ALA_E_2_2020-09-30_06-04-11_764_t0000175000.wav,other
data/processed/cough_silence_binary/cough/aswine_ALA_E_2_2020-09-30_05-28-09_636_t0000317000.wav,cough
data/processed/cough_silence_binary/other/aswine_ALA_E_2_2020-09-30_14-40-47_610_t0000181000.wav,other
data/processed/cough_silence_binary/cough/aswine_ALA_E_2_2020-09-30_03-28-00_803_t0000084000.wav,cough
data/processed/cough_silence_binary/other/aswine_ALA_E_2_2020-09-30_08-52-23_287_t0000192000.wav,other
data/processed/cough_silence_binary/cough/aswine_ALA_E_2_2020-09-30_02-39-57_569_t0000037000.wav,cough
data/processed/cough_silence_binary/other/aswine_ALA_E_2_2020-09-30_01-57-54_862_t0000321000.wav,other
data/processed/cough_silence_binary/cough/aswine_ALA_E_2_2020-09-30_05-46-10_875_t0000151000.wav,cough
data/processed/cough_silence_binary/other/aswine_ALA_E_2_2020-09-30_12-16-37_446_t0000049000.wav,other
data/processed/cough_silence_binary/other/aswine_ALA_E_2_2020-09-30_02-51-58_296_t0000299000.wav,other
data/processed/cough_silence_binary/other/aswine_ALA_E_2_2020-09-30_05-34-10_160_t0000300000.wav,other
data/processed/cough_silence_binary/other/aswine_ALA_E_2_2020-09-30_07-10-16_555_t0000186000.wav,other
data/processed/cough_silence_binary/other/aswine_ALA_E_2_2020-09-30_08-22-21_043_t0000236000.wav,other
data/processed/cough_silence_binary/cough/aswine_ALA_E_2_2020-09-30_05-28-09_636_t0000165000.wav,cough
data/processed/cough_silence_binary/cough/aswine_ALA_E_2_2020-09-30_08-04-19_788_t0000003000.wav,cough
data/processed/cough_silence_binary/other/aswine_ALA_E_2_2020-09-30_02-03-55_346_t0000066000.wav,other
data/processed/cough_silence_binary/cough/aswine_ALA_E_2_2020-09-30_03-16-00_102_t0000179000.wav,cough
data/processed/cough_silence_binary/other/aswine_ALA_E_2_2020-09-30_11-52-35_892_t0000203000.wav,other
C:\py\pigsound\pig-sound-classification\det_round1_clips\ALA_000347_v2\other_clean\ALA_000347_v2_rank032_p0.802_src178.10-179.10_clip178.10-179.10.wav,other
data/processed/cough_silence_binary/other/aswine_ALA_E_2_2020-09-30_07-04-16_154_t0000150000.wav,other
data/processed/cough_silence_binary/cough/aswine_ALA_E_2_2020-09-30_05-04-07_555_t0000115000.wav,cough
data/processed/cough_silence_binary/cough/aswine_ALA_E_2_2020-09-30_10-22-29_769_t0000080000.wav,cough
data/processed/cough_silence_binary/cough/aswine_ALA_E_2_2020-09-30_06-10-12_288_t0000355000.wav,cough
data/processed/cough_silence_binary/other/aswine_ALA_E_2_2020-09-30_06-04-11_764_t0000284000.wav,other
data/processed/cough_silence_binary/cough/aswine_ALA_E_2_2020-09-30_11-52-35_892_t0000037000.wav,cough
data/processed/cough_silence_binary/other/aswine_ALA_E_2_2020-09-30_09-22-25_390_t0000106000.wav,other
data/processed/cough_silence_binary/other/aswine_ALA_E_2_2020-09-30_10-40-30_865_t0000252000.wav,other
data/processed/cough_silence_binary/other/aswine_ALA_E_2_2020-09-30_06-04-11_764_t0000139000.wav,other
data/processed/cough_silence_binary/cough/aswine_ALA_E_2_2020-09-30_11-46-35_513_t0000103000.wav,cough
data/processed/cough_silence_binary/cough/aswine_ALA_E_2_2020-09-30_06-46-14_713_t0000226000.wav,cough
C:\py\pigsound\pig-sound-classification\det_round1_clips\ALA_000347_v2\other_clean\ALA_000347_oldv1_rank068_p0.687_src217.60-218.60_clip217.60-218.60.wav,other
data/processed/cough_silence_binary/cough/aswine_ALA_E_2_2020-09-30_14-58-48_774_t0000304000.wav,cough
data/processed/cough_silence_binary/cough/aswine_ALA_E_2_2020-09-30_03-22-00_565_t0000329000.wav,cough
data/processed/cough_silence_binary/cough/aswine_ALA_E_2_2020-09-30_02-39-57_569_t0000217000.wav,cough
data/processed/cough_silence_binary/other/aswine_ALA_E_2_2020-09-30_06-10-12_288_t0000009000.wav,other
data/processed/cough_silence_binary/other/aswine_ALA_E_2_2020-09-30_03-40-01_553_t0000207000.wav,other
data/processed/cough_silence_binary/cough/aswine_ALA_E_2_2020-09-30_10-40-30_865_t0000341000.wav,cough
data/processed/cough_silence_binary/cough/aswine_ALA_E_2_2020-09-30_15-10-49_329_t0000295000.wav,cough
data/processed/cough_silence_binary/other/aswine_ALA_E_2_2020-09-30_04-40-05_833_t0000059000.wav,other
data/processed/cough_silence_binary/other/aswine_ALA_E_2_2020-09-30_05-34-10_160_t0000175000.wav,other
data/processed/cough_silence_binary/cough/aswine_ALA_E_2_2020-09-30_01-15-52_167_t0000341000.wav,cough
data/processed/cough_silence_binary/other/aswine_ALA_E_2_2020-09-30_12-28-38_125_t0000100000.wav,other
data/processed/cough_silence_binary/cough/aswine_ALA_E_2_2020-09-30_02-45-57_858_t0000147000.wav,cough
data/processed/cough_silence_binary/cough/aswine_ALA_E_2_2020-09-30_02-03-55_346_t0000352000.wav,cough
data/processed/cough_silence_binary/other/aswine_ALA_E_2_2020-09-30_08-04-19_788_t0000279000.wav,other
data/processed/cough_silence_binary/cough/aswine_ALA_E_2_2020-09-30_12-22-37_726_t0000241000.wav,cough
C:\py\pigsound\pig-sound-classification\det_round1_clips\ALA_000347_v2\other_clean\ALA_000347_rank011_p0.915_src26.40-27.40_clip26.40-27.40.wav,other
data/processed/cough_silence_binary/cough/aswine_ALA_E_2_2020-09-30_02-57-58_802_t0000020000.wav,cough
data/processed/cough_silence_binary/other/aswine_ALA_E_2_2020-09-30_11-52-35_892_t0000079000.wav,other
data/processed/cough_silence_binary/cough/aswine_ALA_E_2_2020-09-30_11-52-35_892_t0000293000.wav,cough
data/processed/cough_silence_binary/other/aswine_ALA_E_2_2020-09-30_03-22-00_565_t0000183000.wav,other
data/processed/cough_silence_binary/other/aswine_ALA_E_2_2020-09-30_08-28-21_427_t0000099000.wav,other
data/processed/cough_silence_binary/cough/aswine_ALA_E_2_2020-09-30_02-45-57_858_t0000307000.wav,cough
data/processed/cough_silence_binary/cough/aswine_ALA_E_2_2020-09-30_12-22-37_726_t0000010000.wav,cough
data/processed/cough_silence_binary/cough/aswine_ALA_E_2_2020-09-30_03-58-02_785_t0000092000.wav,cough
data/processed/cough_silence_binary/other/aswine_ALA_E_2_2020-09-30_02-27-56_846_t0000004000.wav,other
data/processed/cough_silence_binary/other/aswine_ALA_E_2_2020-09-30_07-10-16_555_t0000067000.wav,other
data/processed/cough_silence_binary/cough/aswine_ALA_E_2_2020-09-30_10-28-30_177_t0000123000.wav,cough
data/processed/cough_silence_binary/cough/aswine_ALA_E_2_2020-09-30_11-46-35_513_t0000043000.wav,cough
data/processed/cough_silence_binary/other/aswine_ALA_E_2_2020-09-30_14-16-45_975_t0000206000.wav,other
data/processed/cough_silence_binary/cough/aswine_ALA_E_2_2020-09-30_10-58-32_034_t0000267000.wav,cough
data/processed/cough_silence_binary/other/aswine_ALA_E_2_2020-09-30_04-52-06_595_t0000087000.wav,other
data/processed/cough_silence_binary/cough/aswine_ALA_E_2_2020-09-30_02-27-56_846_t0000093000.wav,cough
data/processed/cough_silence_binary/other/aswine_ALA_E_2_2020-09-30_02-21-56_604_t0000313000.wav,other
data/processed/cough_silence_binary/other/aswine_ALA_E_2_2020-09-30_04-22-04_594_t0000288000.wav,other
data/processed/cough_silence_binary/cough/aswine_ALA_E_2_2020-09-30_10-46-31_261_t0000123000.wav,cough
data/processed/cough_silence_binary/other/aswine_ALA_E_2_2020-09-30_05-40-10_575_t0000021000.wav,other
data/processed/cough_silence_binary/other/aswine_ALA_E_2_2020-09-30_05-34-10_160_t0000174000.wav,other
data/processed/cough_silence_binary/cough/aswine_ALA_E_2_2020-09-30_02-39-57_569_t0000236000.wav,cough
data/processed/cough_silence_binary/other/aswine_ALA_E_2_2020-09-30_08-34-21_763_t0000263000.wav,other
data/processed/cough_silence_binary/cough/aswine_ALA_E_2_2020-09-30_14-34-47_375_t0000298000.wav,cough
data/processed/cough_silence_binary/other/aswine_ALA_E_2_2020-09-30_04-34-05_333_t0000336000.wav,other
data/processed/cough_silence_binary/cough/aswine_ALA_E_2_2020-09-30_12-04-36_656_t0000348000.wav,cough
data/processed/cough_silence_binary/other/aswine_ALA_E_2_2020-09-30_14-46-47_980_t0000151000.wav,other
data/processed/cough_silence_binary/other/aswine_ALA_E_2_2020-09-30_05-58-11_488_t0000049000.wav,other
C:\py\pigsound\pig-sound-classification\det_round1_clips\ALA_000347_v2\other_clean\ALA_000347_rank080_p0.715_src196.10-197.10_clip196.10-197.10.wav,other
data/processed/cough_silence_binary/cough/aswine_ALA_E_2_2020-09-30_02-39-57_569_t0000242000.wav,cough
data/processed/cough_silence_binary/other/aswine_ALA_E_2_2020-09-30_12-22-37_726_t0000319000.wav,other
data/processed/cough_silence_binary/cough/aswine_ALA_E_2_2020-09-30_12-34-38_544_t0000087000.wav,cough
data/processed/cough_silence_binary/cough/aswine_ALA_E_2_2020-09-30_10-28-30_177_t0000100000.wav,cough
data/processed/cough_silence_binary/other/aswine_ALA_E_2_2020-09-30_02-33-57_095_t0000142000.wav,other
data/processed/cough_silence_binary/cough/aswine_ALA_E_2_2020-09-30_11-10-32_919_t0000193000.wav,cough
data/processed/cough_silence_binary/other/aswine_ALA_E_2_2020-09-30_09-16-25_023_t0000326000.wav,other
data/processed/cough_silence_binary/cough/aswine_ALA_E_2_2020-09-30_02-27-56_846_t0000127000.wav,cough
data/processed/cough_silence_binary/cough/aswine_ALA_E_2_2020-09-30_11-40-35_013_t0000284000.wav,cough
data/processed/cough_silence_binary/other/aswine_ALA_E_2_2020-09-30_07-10-16_555_t0000260000.wav,other
data/processed/cough_silence_binary/cough/aswine_ALA_E_2_2020-09-30_05-46-10_875_t0000153000.wav,cough
data/processed/cough_silence_binary/cough/aswine_ALA_E_2_2020-09-30_10-46-31_261_t0000073000.wav,cough
data/processed/cough_silence_binary/cough/aswine_ALA_E_2_2020-09-30_03-16-00_102_t0000194000.wav,cough
data/processed/cough_silence_binary/other/aswine_ALA_E_2_2020-09-30_02-39-57_569_t0000298000.wav,other
C:\py\pigsound\pig-sound-classification\det_round1_clips\ALA_000347_v2\other_clean\ALA_000347_rank077_p0.722_src251.20-252.20_clip251.20-252.20.wav,other
data/processed/cough_silence_binary/cough/aswine_ALA_E_2_2020-09-30_12-04-36_656_t0000280000.wav,cough
data/processed/cough_silence_binary/other/aswine_ALA_E_2_2020-09-30_05-34-10_160_t0000005000.wav,other
data/processed/cough_silence_binary/cough/aswine_ALA_E_2_2020-09-30_12-10-37_151_t0000086000.wav,cough
data/processed/cough_silence_binary/cough/aswine_ALA_E_2_2020-09-30_10-58-32_034_t0000266000.wav,cough
data/processed/cough_silence_binary/other/aswine_ALA_E_2_2020-09-30_02-09-55_811_t0000277000.wav,other
data/processed/cough_silence_binary/other/aswine_ALA_E_2_2020-09-30_10-10-28_848_t0000306000.wav,other
data/processed/cough_silence_binary/other/aswine_ALA_E_2_2020-09-30_13-58-44_665_t0000213000.wav,other
data/processed/cough_silence_binary/other/aswine_ALA_E_2_2020-09-30_14-52-48_424_t0000086000.wav,other
data/processed/cough_silence_binary/cough/aswine_ALA_E_2_2020-09-30_08-28-21_427_t0000060000.wav,cough
data/processed/cough_silence_binary/cough/aswine_ALA_E_2_2020-09-30_01-15-52_167_t0000342000.wav,cough
data/processed/cough_silence_binary/cough/aswine_ALA_E_2_2020-09-30_04-52-06_595_t0000173000.wav,cough
data/processed/cough_silence_binary/other/aswine_ALA_E_2_2020-09-30_02-15-56_094_t0000241000.wav,other
data/processed/cough_silence_binary/other/aswine_ALA_E_2_2020-09-30_01-33-53_320_t0000331000.wav,other
data/processed/cough_silence_binary/cough/aswine_ALA_E_2_2020-09-30_04-16-04_352_t0000303000.wav,cough
data/processed/cough_silence_binary/other/aswine_ALA_E_2_2020-09-30_11-46-35_513_t0000250000.wav,other
data/processed/cough_silence_binary/cough/aswine_ALA_E_2_2020-09-30_07-52-19_149_t0000326000.wav,cough
data/processed/cough_silence_binary/other/aswine_ALA_E_2_2020-09-30_01-51-54_564_t0000002000.wav,other
data/processed/cough_silence_binary/cough/aswine_ALA_E_2_2020-09-30_12-28-38_125_t0000084000.wav,cough
data/processed/cough_silence_binary/cough/aswine_ALA_E_2_2020-09-30_06-10-12_288_t0000353000.wav,cough
data/processed/cough_silence_binary/other/aswine_ALA_E_2_2020-09-30_09-10-24_673_t0000216000.wav,other
data/processed/cough_silence_binary/cough/aswine_ALA_E_2_2020-09-30_02-03-55_346_t0000158000.wav,cough
data/processed/cough_silence_binary/cough/aswine_ALA_E_2_2020-09-30_11-52-35_892_t0000299000.wav,cough
data/processed/cough_silence_binary/cough/aswine_ALA_E_2_2020-09-30_12-04-36_656_t0000032000.wav,cough
data/processed/cough_silence_binary/other/aswine_ALA_E_2_2020-09-30_08-58-23_679_t0000170000.wav,other
data/processed/cough_silence_binary/other/aswine_ALA_E_2_2020-09-30_04-04-03_325_t0000184000.wav,other
data/processed/cough_silence_binary/cough/aswine_ALA_E_2_2020-09-30_00-45-49_855_t0000285000.wav,cough
data/processed/cough_silence_binary/cough/aswine_ALA_E_2_2020-09-30_10-22-29_769_t0000069000.wav,cough
data/processed/cough_silence_binary/other/aswine_ALA_E_2_2020-09-30_09-22-25_390_t0000012000.wav,other
data/processed/cough_silence_binary/cough/aswine_ALA_E_2_2020-09-30_15-10-49_329_t0000255000.wav,cough
data/processed/cough_silence_binary/other/aswine_ALA_E_2_2020-09-30_09-04-24_156_t0000072000.wav,other
data/processed/cough_silence_binary/other/aswine_ALA_E_2_2020-09-30_02-33-57_095_t0000038000.wav,other
data/processed/cough_silence_binary/other/aswine_ALA_E_2_2020-09-30_05-22-09_088_t0000055000.wav,other
data/processed/cough_silence_binary/other/aswine_ALA_E_2_2020-09-30_02-51-58_296_t0000018000.wav,other
data/processed/cough_silence_binary/cough/aswine_ALA_E_2_2020-09-30_14-40-47_610_t0000114000.wav,cough
data/processed/cough_silence_binary/cough/aswine_ALA_E_2_2020-09-30_10-04-28_503_t0000213000.wav,cough
data/processed/cough_silence_binary/other/aswine_ALA_E_2_2020-09-30_10-10-28_848_t0000224000.wav,other
data/processed/cough_silence_binary/other/aswine_ALA_E_2_2020-09-30_02-33-57_095_t0000055000.wav,other
data/processed/cough_silence_binary/other/aswine_ALA_E_2_2020-09-30_09-22-25_390_t0000168000.wav,other
data/processed/cough_silence_binary/cough/aswine_ALA_E_2_2020-09-30_03-03-59_085_t0000167000.wav,cough
data/processed/cough_silence_binary/cough/aswine_ALA_E_2_2020-09-30_02-09-55_811_t0000326000.wav,cough
data/processed/cough_silence_binary/other/aswine_ALA_E_2_2020-09-30_03-16-00_102_t0000199000.wav,other
data/processed/cough_silence_binary/cough/aswine_ALA_E_2_2020-09-30_05-34-10_160_t0000166000.wav,cough
data/processed/cough_silence_binary/cough/aswine_ALA_E_2_2020-09-30_06-46-14_713_t0000166000.wav,cough
data/processed/cough_silence_binary/other/aswine_ALA_E_2_2020-09-30_02-09-55_811_t0000237000.wav,other
data/processed/cough_silence_binary/cough/aswine_ALA_E_2_2020-09-30_10-10-28_848_t0000028000.wav,cough
data/processed/cough_silence_binary/other/aswine_ALA_E_2_2020-09-30_10-16-29_272_t0000099000.wav,other
C:\py\pigsound\pig-sound-classification\det_round1_clips\ALA_000347_v2\other_clean\sample01_rank003_p0.972_src327.80-328.80_clip327.80-328.80.wav,other
data/processed/cough_silence_binary/cough/aswine_ALA_E_2_2020-09-30_07-52-19_149_t0000345000.wav,cough
data/processed/cough_silence_binary/cough/aswine_ALA_E_2_2020-09-30_03-52-02_333_t0000220000.wav,cough
data/processed/cough_silence_binary/other/aswine_ALA_E_2_2020-09-30_05-58-11_488_t0000026000.wav,other
data/processed/cough_silence_binary/cough/aswine_ALA_E_2_2020-09-30_02-39-57_569_t0000169000.wav,cough
data/processed/cough_silence_binary/cough/aswine_ALA_E_2_2020-09-30_11-22-33_630_t0000186000.wav,cough
data/processed/cough_silence_binary/other/aswine_ALA_E_2_2020-09-30_13-52-44_182_t0000303000.wav,other
data/processed/cough_silence_binary/other/aswine_ALA_E_2_2020-09-30_02-33-57_095_t0000106000.wav,other
data/processed/cough_silence_binary/other/aswine_ALA_E_2_2020-09-30_08-16-20_635_t0000246000.wav,other
data/processed/cough_silence_binary/cough/aswine_ALA_E_2_2020-09-30_08-22-21_043_t0000011000.wav,cough
data/processed/cough_silence_binary/other/aswine_ALA_E_2_2020-09-30_09-16-25_023_t0000016000.wav,other
data/processed/cough_silence_binary/cough/aswine_ALA_E_2_2020-09-30_11-58-36_255_t0000256000.wav,cough
data/processed/cough_silence_binary/cough/aswine_ALA_E_2_2020-09-30_05-28-09_636_t0000187000.wav,cough
data/processed/cough_silence_binary/cough/aswine_ALA_E_2_2020-09-30_03-22-00_565_t0000341000.wav,cough
data/processed/cough_silence_binary/cough/aswine_ALA_E_2_2020-09-30_04-52-06_595_t0000169000.wav,cough
data/processed/cough_silence_binary/cough/aswine_ALA_E_2_2020-09-30_01-45-54_312_t0000054000.wav,cough
data/processed/cough_silence_binary/other/aswine_ALA_E_2_2020-09-30_00-39-49_327_t0000255000.wav,other
data/processed/cough_silence_binary/cough/aswine_ALA_E_2_2020-09-30_12-22-37_726_t0000021000.wav,cough
data/processed/cough_silence_binary/other/aswine_ALA_E_2_2020-09-30_05-52-11_272_t0000012000.wav,other
data/processed/cough_silence_binary/cough/aswine_ALA_E_2_2020-09-30_09-04-24_156_t0000205000.wav,cough
data/processed/cough_silence_binary/other/aswine_ALA_E_2_2020-09-30_04-28-05_047_t0000306000.wav,other
data/processed/cough_silence_binary/other/aswine_ALA_E_2_2020-09-30_08-40-22_263_t0000135000.wav,other
data/processed/cough_silence_binary/other/aswine_ALA_E_2_2020-09-30_05-52-11_272_t0000199000.wav,other
data/processed/cough_silence_binary/other/aswine_ALA_E_2_2020-09-30_03-28-00_803_t0000105000.wav,other
data/processed/cough_silence_binary/other/aswine_ALA_E_2_2020-09-30_00-51-50_372_t0000021000.wav,other
C:\py\pigsound\pig-sound-classification\det_round1_clips\ALA_000347_v2\other_clean\ALA_000347_rank074_p0.727_src292.80-293.80_clip292.80-293.80.wav,other
data/processed/cough_silence_binary/other/aswine_ALA_E_2_2020-09-30_05-10-08_068_t0000007000.wav,other
C:\py\pigsound\pig-sound-classification\det_round1_clips\ALA_000347_v2\other_clean\ALA_000347_oldv1_rank057_p0.739_src44.80-45.80_clip44.80-45.80.wav,other
data/processed/cough_silence_binary/cough/aswine_ALA_E_2_2020-09-30_02-03-55_346_t0000097000.wav,cough
data/processed/cough_silence_binary/cough/aswine_ALA_E_2_2020-09-30_03-22-00_565_t0000325000.wav,cough
data/processed/cough_silence_binary/cough/aswine_ALA_E_2_2020-09-30_00-39-49_327_t0000152000.wav,cough
data/processed/cough_silence_binary/cough/aswine_ALA_E_2_2020-09-30_03-40-01_553_t0000176000.wav,cough
data/processed/cough_silence_binary/other/aswine_ALA_E_2_2020-09-30_05-52-11_272_t0000157000.wav,other
data/processed/cough_silence_binary/cough/aswine_ALA_E_2_2020-09-30_06-10-12_288_t0000357000.wav,cough
data/processed/cough_silence_binary/cough/aswine_ALA_E_2_2020-09-30_06-16-12_660_t0000071000.wav,cough
data/processed/cough_silence_binary/cough/aswine_ALA_E_2_2020-09-30_11-52-35_892_t0000289000.wav,cough
data/processed/cough_silence_binary/cough/aswine_ALA_E_2_2020-09-30_10-58-32_034_t0000263000.wav,cough
data/processed/cough_silence_binary/other/aswine_ALA_E_2_2020-09-30_05-40-10_575_t0000046000.wav,other
data/processed/cough_silence_binary/cough/aswine_ALA_E_2_2020-09-30_10-34-30_545_t0000236000.wav,cough
data/processed/cough_silence_binary/cough/aswine_ALA_E_2_2020-09-30_05-28-09_636_t0000153000.wav,cough
data/processed/cough_silence_binary/other/aswine_ALA_E_2_2020-09-30_14-16-45_975_t0000013000.wav,other
data/processed/cough_silence_binary/other/aswine_ALA_E_2_2020-09-30_03-09-59_585_t0000044000.wav,other
data/processed/cough_silence_binary/cough/aswine_ALA_E_2_2020-09-30_12-16-37_446_t0000243000.wav,cough
data/processed/cough_silence_binary/other/aswine_ALA_E_2_2020-09-30_05-34-10_160_t0000292000.wav,other
C:\py\pigsound\pig-sound-classification\det_round1_clips\ALA_000347_v2\other_clean\ALA_000347_v2_rank040_p0.764_src163.10-164.10_clip163.10-164.10.wav,other
data/processed/cough_silence_binary/cough/aswine_ALA_E_2_2020-09-30_02-39-57_569_t0000354000.wav,cough
data/processed/cough_silence_binary/cough/aswine_ALA_E_2_2020-09-30_11-52-35_892_t0000291000.wav,cough
data/processed/cough_silence_binary/cough/aswine_ALA_E_2_2020-09-30_11-52-35_892_t0000067000.wav,cough
data/processed/cough_silence_binary/cough/aswine_ALA_E_2_2020-09-30_04-46-06_338_t0000089000.wav,cough
data/processed/cough_silence_binary/cough/aswine_ALA_E_2_2020-09-30_01-33-53_320_t0000011000.wav,cough
data/processed/cough_silence_binary/cough/aswine_ALA_E_2_2020-09-30_05-34-10_160_t0000244000.wav,cough
data/processed/cough_silence_binary/other/aswine_ALA_E_2_2020-09-30_04-46-06_338_t0000138000.wav,other
data/processed/cough_silence_binary/other/aswine_ALA_E_2_2020-09-30_11-34-34_656_t0000115000.wav,other
data/processed/cough_silence_binary/cough/aswine_ALA_E_2_2020-09-30_11-52-35_892_t0000233000.wav,cough
data/processed/cough_silence_binary/cough/aswine_ALA_E_2_2020-09-30_14-46-47_980_t0000141000.wav,cough
data/processed/cough_silence_binary/other/aswine_ALA_E_2_2020-09-30_05-58-11_488_t0000155000.wav,other
data/processed/cough_silence_binary/cough/aswine_ALA_E_2_2020-09-30_02-15-56_094_t0000043000.wav,cough
data/processed/cough_silence_binary/other/aswine_ALA_E_2_2020-09-30_02-09-55_811_t0000312000.wav,other
data/processed/cough_silence_binary/cough/aswine_ALA_E_2_2020-09-30_03-03-59_085_t0000002000.wav,cough
data/processed/cough_silence_binary/cough/aswine_ALA_E_2_2020-09-30_06-10-12_288_t0000328000.wav,cough
data/processed/cough_silence_binary/other/aswine_ALA_E_2_2020-09-30_05-40-10_575_t0000222000.wav,other
data/processed/cough_silence_binary/cough/aswine_ALA_E_2_2020-09-30_04-46-06_338_t0000295000.wav,cough
data/processed/cough_silence_binary/other/aswine_ALA_E_2_2020-09-30_01-51-54_564_t0000184000.wav,other
data/processed/cough_silence_binary/other/aswine_ALA_E_2_2020-09-30_04-58-07_090_t0000040000.wav,other
data/processed/cough_silence_binary/other/aswine_ALA_E_2_2020-09-30_09-10-24_673_t0000126000.wav,other
data/processed/cough_silence_binary/other/aswine_ALA_E_2_2020-09-30_05-22-09_088_t0000108000.wav,other
data/processed/cough_silence_binary/other/aswine_ALA_E_2_2020-09-30_09-22-25_390_t0000334000.wav,other
data/processed/cough_silence_binary/other/aswine_ALA_E_2_2020-09-30_03-58-02_785_t0000143000.wav,other
data/processed/cough_silence_binary/cough/aswine_ALA_E_2_2020-09-30_08-40-22_263_t0000126000.wav,cough
data/processed/cough_silence_binary/cough/aswine_ALA_E_2_2020-09-30_11-58-36_255_t0000218000.wav,cough
data/processed/cough_silence_binary/cough/aswine_ALA_E_2_2020-09-30_01-27-52_851_t0000251000.wav,cough
data/processed/cough_silence_binary/other/aswine_ALA_E_2_2020-09-30_09-58-28_198_t0000253000.wav,other
data/processed/cough_silence_binary/other/aswine_ALA_E_2_2020-09-30_10-34-30_545_t0000053000.wav,other
data/processed/cough_silence_binary/other/aswine_ALA_E_2_2020-09-30_09-52-27_645_t0000026000.wav,other
data/processed/cough_silence_binary/other/aswine_ALA_E_2_2020-09-30_04-46-06_338_t0000039000.wav,other
data/processed/cough_silence_binary/cough/aswine_ALA_E_2_2020-09-30_14-52-48_424_t0000044000.wav,cough
data/processed/cough_silence_binary/cough/aswine_ALA_E_2_2020-09-30_10-52-31_596_t0000297000.wav,cough
data/processed/cough_silence_binary/cough/aswine_ALA_E_2_2020-09-30_13-58-44_665_t0000239000.wav,cough
data/processed/cough_silence_binary/cough/aswine_ALA_E_2_2020-09-30_08-46-22_731_t0000324000.wav,cough
data/processed/cough_silence_binary/cough/aswine_ALA_E_2_2020-09-30_11-40-35_013_t0000032000.wav,cough
data/processed/cough_silence_binary/other/aswine_ALA_E_2_2020-09-30_09-16-25_023_t0000334000.wav,other
data/processed/cough_silence_binary/other/aswine_ALA_E_2_2020-09-30_04-04-03_325_t0000102000.wav,other
data/processed/cough_silence_binary/cough/aswine_ALA_E_2_2020-09-30_11-40-35_013_t0000286000.wav,cough
data/processed/cough_silence_binary/cough/aswine_ALA_E_2_2020-09-30_03-28-00_803_t0000048000.wav,cough
data/processed/cough_silence_binary/cough/aswine_ALA_E_2_2020-09-30_00-45-49_855_t0000311000.wav,cough
data/processed/cough_silence_binary/other/aswine_ALA_E_2_2020-09-30_14-10-45_685_t0000351000.wav,other
data/processed/cough_silence_binary/other/aswine_ALA_E_2_2020-09-30_03-16-00_102_t0000217000.wav,other
data/processed/cough_silence_binary/cough/aswine_ALA_E_2_2020-09-30_05-52-11_272_t0000050000.wav,cough
data/processed/cough_silence_binary/other/aswine_ALA_E_2_2020-09-30_06-46-14_713_t0000045000.wav,other
data/processed/cough_silence_binary/other/aswine_ALA_E_2_2020-09-30_06-58-15_681_t0000266000.wav,other
data/processed/cough_silence_binary/cough/aswine_ALA_E_2_2020-09-30_11-28-34_169_t0000023000.wav,cough
data/processed/cough_silence_binary/other/aswine_ALA_E_2_2020-09-30_11-10-32_919_t0000340000.wav,other
data/processed/cough_silence_binary/other/aswine_ALA_E_2_2020-09-30_01-45-54_312_t0000213000.wav,other
data/processed/cough_silence_binary/other/aswine_ALA_E_2_2020-09-30_04-10-03_850_t0000223000.wav,other
data/processed/cough_silence_binary/cough/aswine_ALA_E_2_2020-09-30_12-16-37_446_t0000360000.wav,cough
data/processed/cough_silence_binary/cough/aswine_ALA_E_2_2020-09-30_12-22-37_726_t0000254000.wav,cough
data/processed/cough_silence_binary/cough/aswine_ALA_E_2_2020-09-30_08-04-19_788_t0000347000.wav,cough
data/processed/cough_silence_binary/cough/aswine_ALA_E_2_2020-09-30_12-34-38_544_t0000188000.wav,cough
data/processed/cough_silence_binary/cough/aswine_ALA_E_2_2020-09-30_08-04-19_788_t0000043000.wav,cough
data/processed/cough_silence_binary/other/aswine_ALA_E_2_2020-09-30_05-28-09_636_t0000066000.wav,other
data/processed/cough_silence_binary/cough/aswine_ALA_E_2_2020-09-30_02-57-58_802_t0000007000.wav,cough
data/processed/cough_silence_binary/cough/aswine_ALA_E_2_2020-09-30_02-45-57_858_t0000019000.wav,cough
data/processed/cough_silence_binary/cough/aswine_ALA_E_2_2020-09-30_07-58-19_477_t0000354000.wav,cough
data/processed/cough_silence_binary/cough/aswine_ALA_E_2_2020-09-30_12-34-38_544_t0000143000.wav,cough
data/processed/cough_silence_binary/other/aswine_ALA_E_2_2020-09-30_08-22-21_043_t0000157000.wav,other
data/processed/cough_silence_binary/other/aswine_ALA_E_2_2020-09-30_03-34-01_104_t0000113000.wav,other
data/processed/cough_silence_binary/other/aswine_ALA_E_2_2020-09-30_00-39-49_327_t0000336000.wav,other
data/processed/cough_silence_binary/cough/aswine_ALA_E_2_2020-09-30_10-16-29_272_t0000073000.wav,cough
data/processed/cough_silence_binary/other/aswine_ALA_E_2_2020-09-30_08-34-21_763_t0000149000.wav,other
data/processed/cough_silence_binary/cough/aswine_ALA_E_2_2020-09-30_14-52-48_424_t0000042000.wav,cough
C:\py\pigsound\pig-sound-classification\det_round1_clips\ALA_000347_v2\other_clean\ALA_000347_oldv1_rank073_p0.663_src357.00-358.00_clip357.00-358.00.wav,other
data/processed/cough_silence_binary/other/aswine_ALA_E_2_2020-09-30_11-16-33_282_t0000313000.wav,other
C:\py\pigsound\pig-sound-classification\det_round1_clips\ALA_000347_v2\other_clean\ALA_000347_oldv1_rank036_p0.882_src45.40-46.40_clip45.40-46.40.wav,other
data/processed/cough_silence_binary/cough/aswine_ALA_E_2_2020-09-30_03-03-59_085_t0000158000.wav,cough
data/processed/cough_silence_binary/cough/aswine_ALA_E_2_2020-09-30_03-16-00_102_t0000186000.wav,cough
data/processed/cough_silence_binary/other/aswine_ALA_E_2_2020-09-30_02-57-58_802_t0000105000.wav,other
data/processed/cough_silence_binary/cough/aswine_ALA_E_2_2020-09-30_14-16-45_975_t0000091000.wav,cough
C:\py\pigsound\pig-sound-classification\det_round1_clips\ALA_000347_v2\other_clean\ALA_000347_rank008_p0.925_src184.80-185.80_clip184.80-185.80.wav,other
data/processed/cough_silence_binary/cough/aswine_ALA_E_2_2020-09-30_06-10-12_288_t0000344000.wav,cough
data/processed/cough_silence_binary/other/aswine_ALA_E_2_2020-09-30_04-28-05_047_t0000194000.wav,other
data/processed/cough_silence_binary/other/aswine_ALA_E_2_2020-09-30_14-52-48_424_t0000077000.wav,other
data/processed/cough_silence_binary/other/aswine_ALA_E_2_2020-09-30_06-40-14_230_t0000180000.wav,other
data/processed/cough_silence_binary/other/aswine_ALA_E_2_2020-09-30_00-39-49_327_t0000027000.wav,other
data/processed/cough_silence_binary/other/aswine_ALA_E_2_2020-09-30_08-28-21_427_t0000019000.wav,other
data/processed/cough_silence_binary/cough/aswine_ALA_E_2_2020-09-30_04-22-04_594_t0000147000.wav,cough
data/processed/cough_silence_binary/other/aswine_ALA_E_2_2020-09-30_01-33-53_320_t0000156000.wav,other
data/processed/cough_silence_binary/cough/aswine_ALA_E_2_2020-09-30_11-40-35_013_t0000030000.wav,cough
data/processed/cough_silence_binary/other/aswine_ALA_E_2_2020-09-30_10-46-31_261_t0000218000.wav,other
data/processed/cough_silence_binary/other/aswine_ALA_E_2_2020-09-30_00-21-48_316_t0000071000.wav,other
data/processed/cough_silence_binary/other/aswine_ALA_E_2_2020-09-30_04-34-05_333_t0000026000.wav,other
data/processed/cough_silence_binary/other/aswine_ALA_E_2_2020-09-30_11-16-33_282_t0000230000.wav,other
data/processed/cough_silence_binary/other/aswine_ALA_E_2_2020-09-30_04-40-05_833_t0000100000.wav,other
data/processed/cough_silence_binary/other/aswine_ALA_E_2_2020-09-30_01-57-54_862_t0000196000.wav,other
data/processed/cough_silence_binary/other/aswine_ALA_E_2_2020-09-30_06-28-13_427_t0000309000.wav,other
data/processed/cough_silence_binary/other/aswine_ALA_E_2_2020-09-30_12-16-37_446_t0000151000.wav,other
data/processed/cough_silence_binary/other/aswine_ALA_E_2_2020-09-30_03-09-59_585_t0000338000.wav,other
data/processed/cough_silence_binary/other/aswine_ALA_E_2_2020-09-30_11-16-33_282_t0000348000.wav,other
data/processed/cough_silence_binary/other/aswine_ALA_E_2_2020-09-30_14-16-45_975_t0000003000.wav,other
data/processed/cough_silence_binary/cough/aswine_ALA_E_2_2020-09-30_02-27-56_846_t0000047000.wav,cough
C:\py\pigsound\pig-sound-classification\det_round1_clips\ALA_000347_v2\other_clean\ALA_000347_oldv1_rank018_p0.934_src136.50-137.50_clip136.50-137.50.wav,other
data/processed/cough_silence_binary/other/aswine_ALA_E_2_2020-09-30_01-21-52_571_t0000176000.wav,other
data/processed/cough_silence_binary/cough/aswine_ALA_E_2_2020-09-30_03-09-59_585_t0000210000.wav,cough
data/processed/cough_silence_binary/other/aswine_ALA_E_2_2020-09-30_15-16-49_828_t0000014000.wav,other
data/processed/cough_silence_binary/cough/aswine_ALA_E_2_2020-09-30_11-40-35_013_t0000288000.wav,cough
data/processed/cough_silence_binary/cough/aswine_ALA_E_2_2020-09-30_05-10-08_068_t0000053000.wav,cough
data/processed/cough_silence_binary/cough/aswine_ALA_E_2_2020-09-30_06-04-11_764_t0000289000.wav,cough
data/processed/cough_silence_binary/cough/aswine_ALA_E_2_2020-09-30_03-03-59_085_t0000313000.wav,cough
C:\py\pigsound\pig-sound-classification\det_round1_clips\ALA_000347_v2\other_clean\ALA_000347_v2_rank019_p0.851_src205.50-206.50_clip205.50-206.50.wav,other
data/processed/cough_silence_binary/other/aswine_ALA_E_2_2020-09-30_01-33-53_320_t0000077000.wav,other
data/processed/cough_silence_binary/cough/aswine_ALA_E_2_2020-09-30_12-34-38_544_t0000086000.wav,cough
C:\py\pigsound\pig-sound-classification\det_round1_clips\ALA_000347_v2\other_clean\ALA_000347_oldv1_rank069_p0.687_src278.60-279.60_clip278.60-279.60.wav,other
data/processed/cough_silence_binary/other/aswine_ALA_E_2_2020-09-30_09-16-25_023_t0000018000.wav,other
data/processed/cough_silence_binary/cough/aswine_ALA_E_2_2020-09-30_05-28-09_636_t0000065000.wav,cough
data/processed/cough_silence_binary/other/aswine_ALA_E_2_2020-09-30_06-16-12_660_t0000243000.wav,other
data/processed/cough_silence_binary/other/aswine_ALA_E_2_2020-09-30_04-10-03_850_t0000161000.wav,other
data/processed/cough_silence_binary/cough/aswine_ALA_E_2_2020-09-30_02-09-55_811_t0000136000.wav,cough
data/processed/cough_silence_binary/other/aswine_ALA_E_2_2020-09-30_07-16-16_914_t0000197000.wav,other
data/processed/cough_silence_binary/other/aswine_ALA_E_2_2020-09-30_05-28-09_636_t0000003000.wav,other
data/processed/cough_silence_binary/cough/aswine_ALA_E_2_2020-09-30_04-22-04_594_t0000070000.wav,cough
data/processed/cough_silence_binary/cough/aswine_ALA_E_2_2020-09-30_02-27-56_846_t0000017000.wav,cough
data/processed/cough_silence_binary/other/aswine_ALA_E_2_2020-09-30_02-09-55_811_t0000121000.wav,other
data/processed/cough_silence_binary/other/aswine_ALA_E_2_2020-09-30_04-22-04_594_t0000036000.wav,other
data/processed/cough_silence_binary/cough/aswine_ALA_E_2_2020-09-30_03-34-01_104_t0000005000.wav,cough
data/processed/cough_silence_binary/cough/aswine_ALA_E_2_2020-09-30_10-22-29_769_t0000075000.wav,cough
data/processed/cough_silence_binary/other/aswine_ALA_E_2_2020-09-30_07-04-16_154_t0000305000.wav,other
data/processed/cough_silence_binary/cough/aswine_ALA_E_2_2020-09-30_10-46-31_261_t0000202000.wav,cough
data/processed/cough_silence_binary/cough/aswine_ALA_E_2_2020-09-30_10-58-32_034_t0000242000.wav,cough
data/processed/cough_silence_binary/cough/aswine_ALA_E_2_2020-09-30_09-22-25_390_t0000195000.wav,cough
data/processed/cough_silence_binary/other/aswine_ALA_E_2_2020-09-30_00-21-48_316_t0000153000.wav,other
data/processed/cough_silence_binary/other/aswine_ALA_E_2_2020-09-30_10-46-31_261_t0000254000.wav,other
data/processed/cough_silence_binary/other/aswine_ALA_E_2_2020-09-30_02-45-57_858_t0000328000.wav,other
data/processed/cough_silence_binary/other/aswine_ALA_E_2_2020-09-30_08-58-23_679_t0000089000.wav,other
data/processed/cough_silence_binary/other/aswine_ALA_E_2_2020-09-30_02-51-58_296_t0000065000.wav,other
data/processed/cough_silence_binary/other/aswine_ALA_E_2_2020-09-30_09-58-28_198_t0000324000.wav,other
data/processed/cough_silence_binary/other/aswine_ALA_E_2_2020-09-30_00-57-50_867_t0000195000.wav,other
data/processed/cough_silence_binary/other/aswine_ALA_E_2_2020-09-30_11-28-34_169_t0000141000.wav,other
data/processed/cough_silence_binary/other/aswine_ALA_E_2_2020-09-30_01-39-53_821_t0000226000.wav,other
data/processed/cough_silence_binary/cough/aswine_ALA_E_2_2020-09-30_11-52-35_892_t0000285000.wav,cough
data/processed/cough_silence_binary/cough/aswine_ALA_E_2_2020-09-30_05-28-09_636_t0000080000.wav,cough
data/processed/cough_silence_binary/cough/aswine_ALA_E_2_2020-09-30_11-16-33_282_t0000267000.wav,cough
data/processed/cough_silence_binary/cough/aswine_ALA_E_2_2020-09-30_12-34-38_544_t0000336000.wav,cough
data/processed/cough_silence_binary/other/aswine_ALA_E_2_2020-09-30_02-21-56_604_t0000253000.wav,other
data/processed/cough_silence_binary/other/aswine_ALA_E_2_2020-09-30_05-28-09_636_t0000357000.wav,other
data/processed/cough_silence_binary/other/aswine_ALA_E_2_2020-09-30_04-04-03_325_t0000156000.wav,other
data/processed/cough_silence_binary/other/aswine_ALA_E_2_2020-09-30_10-58-32_034_t0000215000.wav,other
data/processed/cough_silence_binary/cough/aswine_ALA_E_2_2020-09-30_12-34-38_544_t0000142000.wav,cough
data/processed/cough_silence_binary/cough/aswine_ALA_E_2_2020-09-30_15-04-48_982_t0000246000.wav,cough
data/processed/cough_silence_binary/cough/aswine_ALA_E_2_2020-09-30_09-10-24_673_t0000340000.wav,cough
C:\py\pigsound\pig-sound-classification\det_round1_clips\ALA_000347_v2\other_clean\ALA_000347_v2_rank021_p0.835_src148.10-149.10_clip148.10-149.10.wav,other
data/processed/cough_silence_binary/other/aswine_ALA_E_2_2020-09-30_02-39-57_569_t0000088000.wav,other
data/processed/cough_silence_binary/cough/aswine_ALA_E_2_2020-09-30_04-34-05_333_t0000077000.wav,cough
data/processed/cough_silence_binary/other/aswine_ALA_E_2_2020-09-30_10-04-28_503_t0000029000.wav,other
data/processed/cough_silence_binary/cough/aswine_ALA_E_2_2020-09-30_04-40-05_833_t0000226000.wav,cough
data/processed/cough_silence_binary/other/aswine_ALA_E_2_2020-09-30_07-16-16_914_t0000068000.wav,other
data/processed/cough_silence_binary/cough/aswine_ALA_E_2_2020-09-30_06-04-11_764_t0000009000.wav,cough
data/processed/cough_silence_binary/other/aswine_ALA_E_2_2020-09-30_02-09-55_811_t0000195000.wav,other
data/processed/cough_silence_binary/cough/aswine_ALA_E_2_2020-09-30_02-15-56_094_t0000045000.wav,cough
data/processed/cough_silence_binary/cough/aswine_ALA_E_2_2020-09-30_12-22-37_726_t0000011000.wav,cough
data/processed/cough_silence_binary/cough/aswine_ALA_E_2_2020-09-30_03-09-59_585_t0000264000.wav,cough
data/processed/cough_silence_binary/cough/aswine_ALA_E_2_2020-09-30_08-40-22_263_t0000076000.wav,cough
data/processed/cough_silence_binary/other/aswine_ALA_E_2_2020-09-30_10-46-31_261_t0000054000.wav,other
data/processed/cough_silence_binary/other/aswine_ALA_E_2_2020-09-30_07-58-19_477_t0000357000.wav,other
data/processed/cough_silence_binary/other/aswine_ALA_E_2_2020-09-30_02-09-55_811_t0000034000.wav,other
C:\py\pigsound\pig-sound-classification\det_round1_clips\ALA_000347_v2\other_clean\ALA_000347_oldv1_rank004_p0.975_src29.30-30.30_clip29.30-30.30.wav,other
data/processed/cough_silence_binary/other/aswine_ALA_E_2_2020-09-30_09-10-24_673_t0000130000.wav,other
data/processed/cough_silence_binary/cough/aswine_ALA_E_2_2020-09-30_02-33-57_095_t0000081000.wav,cough
data/processed/cough_silence_binary/cough/aswine_ALA_E_2_2020-09-30_14-52-48_424_t0000357000.wav,cough
data/processed/cough_silence_binary/other/aswine_ALA_E_2_2020-09-30_09-58-28_198_t0000059000.wav,other
data/processed/cough_silence_binary/other/aswine_ALA_E_2_2020-09-30_02-39-57_569_t0000184000.wav,other
data/processed/cough_silence_binary/other/aswine_ALA_E_2_2020-09-30_08-22-21_043_t0000289000.wav,other
data/processed/cough_silence_binary/cough/aswine_ALA_E_2_2020-09-30_11-52-35_892_t0000066000.wav,cough
data/processed/cough_silence_binary/cough/aswine_ALA_E_2_2020-09-30_11-10-32_919_t0000354000.wav,cough
data/processed/cough_silence_binary/other/aswine_ALA_E_2_2020-09-30_03-16-00_102_t0000051000.wav,other
data/processed/cough_silence_binary/cough/aswine_ALA_E_2_2020-09-30_05-34-10_160_t0000168000.wav,cough
data/processed/cough_silence_binary/other/aswine_ALA_E_2_2020-09-30_08-04-19_788_t0000150000.wav,other
C:\py\pigsound\pig-sound-classification\det_round1_clips\ALA_000347_v2\other_clean\ALA_000347_v2_rank006_p0.923_src287.70-288.70_clip287.70-288.70.wav,other
data/processed/cough_silence_binary/cough/aswine_ALA_E_2_2020-09-30_01-27-52_851_t0000246000.wav,cough
data/processed/cough_silence_binary/other/aswine_ALA_E_2_2020-09-30_03-58-02_785_t0000277000.wav,other
data/processed/cough_silence_binary/cough/aswine_ALA_E_2_2020-09-30_05-28-09_636_t0000160000.wav,cough
data/processed/cough_silence_binary/other/aswine_ALA_E_2_2020-09-30_02-39-57_569_t0000256000.wav,other
data/processed/cough_silence_binary/other/aswine_ALA_E_2_2020-09-30_03-58-02_785_t0000271000.wav,other
data/processed/cough_silence_binary/cough/aswine_ALA_E_2_2020-09-30_02-27-56_846_t0000132000.wav,cough
data/processed/cough_silence_binary/cough/aswine_ALA_E_2_2020-09-30_11-28-34_169_t0000028000.wav,cough
data/processed/cough_silence_binary/other/aswine_ALA_E_2_2020-09-30_05-04-07_555_t0000303000.wav,other
data/processed/cough_silence_binary/cough/aswine_ALA_E_2_2020-09-30_12-16-37_446_t0000195000.wav,cough
data/processed/cough_silence_binary/other/aswine_ALA_E_2_2020-09-30_07-10-16_555_t0000040000.wav,other
data/processed/cough_silence_binary/cough/aswine_ALA_E_2_2020-09-30_05-28-09_636_t0000320000.wav,cough
data/processed/cough_silence_binary/cough/aswine_ALA_E_2_2020-09-30_05-28-09_636_t0000199000.wav,cough
data/processed/cough_silence_binary/other/aswine_ALA_E_2_2020-09-30_15-04-48_982_t0000131000.wav,other
data/processed/cough_silence_binary/other/aswine_ALA_E_2_2020-09-30_03-28-00_803_t0000178000.wav,other
data/processed/cough_silence_binary/other/aswine_ALA_E_2_2020-09-30_06-46-14_713_t0000129000.wav,other
data/processed/cough_silence_binary/other/aswine_ALA_E_2_2020-09-30_02-39-57_569_t0000149000.wav,other
data/processed/cough_silence_binary/other/aswine_ALA_E_2_2020-09-30_08-58-23_679_t0000330000.wav,other
data/processed/cough_silence_binary/cough/aswine_ALA_E_2_2020-09-30_12-04-36_656_t0000257000.wav,cough
data/processed/cough_silence_binary/other/aswine_ALA_E_2_2020-09-30_10-28-30_177_t0000335000.wav,other
data/processed/cough_silence_binary/cough/aswine_ALA_E_2_2020-09-30_03-28-00_803_t0000248000.wav,cough
data/processed/cough_silence_binary/other/aswine_ALA_E_2_2020-09-30_12-10-37_151_t0000040000.wav,other
C:\py\pigsound\pig-sound-classification\det_round1_clips\ALA_000347_v2\other_clean\ALA_000347_rank009_p0.923_src287.70-288.70_clip287.70-288.70.wav,other
data/processed/cough_silence_binary/cough/aswine_ALA_E_2_2020-09-30_02-57-58_802_t0000042000.wav,cough
data/processed/cough_silence_binary/other/aswine_ALA_E_2_2020-09-30_10-10-28_848_t0000082000.wav,other
data/processed/cough_silence_binary/other/aswine_ALA_E_2_2020-09-30_05-04-07_555_t0000097000.wav,other
data/processed/cough_silence_binary/other/aswine_ALA_E_2_2020-09-30_01-15-52_167_t0000275000.wav,other
data/processed/cough_silence_binary/other/aswine_ALA_E_2_2020-09-30_01-09-51_828_t0000260000.wav,other
data/processed/cough_silence_binary/other/aswine_ALA_E_2_2020-09-30_01-03-51_362_t0000221000.wav,other
C:\py\pigsound\pig-sound-classification\det_round1_clips\ALA_000347_v2\other_clean\ALA_000347_oldv1_rank063_p0.715_src63.70-64.70_clip63.70-64.70.wav,other
data/processed/cough_silence_binary/other/aswine_ALA_E_2_2020-09-30_04-22-04_594_t0000344000.wav,other
data/processed/cough_silence_binary/other/aswine_ALA_E_2_2020-09-30_06-46-14_713_t0000289000.wav,other
data/processed/cough_silence_binary/other/aswine_ALA_E_2_2020-09-30_00-09-47_321_t0000003000.wav,other
data/processed/cough_silence_binary/other/aswine_ALA_E_2_2020-09-30_04-28-05_047_t0000010000.wav,other
data/processed/cough_silence_binary/other/aswine_ALA_E_2_2020-09-30_00-51-50_372_t0000207000.wav,other
data/processed/cough_silence_binary/other/aswine_ALA_E_2_2020-09-30_12-52-39_977_t0000086000.wav,other
data/processed/cough_silence_binary/cough/aswine_ALA_E_2_2020-09-30_12-28-38_125_t0000080000.wav,cough
data/processed/cough_silence_binary/other/aswine_ALA_E_2_2020-09-30_12-16-37_446_t0000271000.wav,other
data/processed/cough_silence_binary/other/aswine_ALA_E_2_2020-09-30_03-28-00_803_t0000358000.wav,other
data/processed/cough_silence_binary/other/aswine_ALA_E_2_2020-09-30_05-28-09_636_t0000148000.wav,other
data/processed/cough_silence_binary/cough/aswine_ALA_E_2_2020-09-30_03-09-59_585_t0000221000.wav,cough
data/processed/cough_silence_binary/other/aswine_ALA_E_2_2020-09-30_14-46-47_980_t0000189000.wav,other
data/processed/cough_silence_binary/other/aswine_ALA_E_2_2020-09-30_12-10-37_151_t0000249000.wav,other
data/processed/cough_silence_binary/cough/aswine_ALA_E_2_2020-09-30_11-16-33_282_t0000237000.wav,cough
data/processed/cough_silence_binary/other/aswine_ALA_E_2_2020-09-30_00-39-49_327_t0000007000.wav,other
data/processed/cough_silence_binary/cough/aswine_ALA_E_2_2020-09-30_05-10-08_068_t0000058000.wav,cough
data/processed/cough_silence_binary/cough/aswine_ALA_E_2_2020-09-30_02-03-55_346_t0000186000.wav,cough
data/processed/cough_silence_binary/other/aswine_ALA_E_2_2020-09-30_01-57-54_862_t0000140000.wav,other
data/processed/cough_silence_binary/cough/aswine_ALA_E_2_2020-09-30_10-22-29_769_t0000064000.wav,cough
data/processed/cough_silence_binary/cough/aswine_ALA_E_2_2020-09-30_04-16-04_352_t0000321000.wav,cough
data/processed/cough_silence_binary/cough/aswine_ALA_E_2_2020-09-30_03-09-59_585_t0000222000.wav,cough
data/processed/cough_silence_binary/cough/aswine_ALA_E_2_2020-09-30_12-22-37_726_t0000245000.wav,cough
data/processed/cough_silence_binary/other/aswine_ALA_E_2_2020-09-30_00-39-49_327_t0000184000.wav,other
data/processed/cough_silence_binary/cough/aswine_ALA_E_2_2020-09-30_10-46-31_261_t0000081000.wav,cough
C:\py\pigsound\pig-sound-classification\det_round1_clips\ALA_000347_v2\other_clean\ALA_000347_v2_rank013_p0.855_src212.50-213.50_clip212.50-213.50.wav,other
data/processed/cough_silence_binary/cough/aswine_ALA_E_2_2020-09-30_14-16-45_975_t0000018000.wav,cough
data/processed/cough_silence_binary/other/aswine_ALA_E_2_2020-09-30_14-22-46_399_t0000193000.wav,other
data/processed/cough_silence_binary/other/aswine_ALA_E_2_2020-09-30_02-51-58_296_t0000229000.wav,other
data/processed/cough_silence_binary/cough/aswine_ALA_E_2_2020-09-30_02-09-55_811_t0000332000.wav,cough
data/processed/cough_silence_binary/other/aswine_ALA_E_2_2020-09-30_09-22-25_390_t0000122000.wav,other
data/processed/cough_silence_binary/other/aswine_ALA_E_2_2020-09-30_15-04-48_982_t0000081000.wav,other
data/processed/cough_silence_binary/other/aswine_ALA_E_2_2020-09-30_04-10-03_850_t0000070000.wav,other
data/processed/cough_silence_binary/cough/aswine_ALA_E_2_2020-09-30_02-39-57_569_t0000110000.wav,cough
data/processed/cough_silence_binary/other/aswine_ALA_E_2_2020-09-30_07-22-17_323_t0000067000.wav,other
data/processed/cough_silence_binary/cough/aswine_ALA_E_2_2020-09-30_05-04-07_555_t0000114000.wav,cough
data/processed/cough_silence_binary/other/aswine_ALA_E_2_2020-09-30_04-16-04_352_t0000138000.wav,other
data/processed/cough_silence_binary/cough/aswine_ALA_E_2_2020-09-30_12-22-37_726_t0000167000.wav,cough
data/processed/cough_silence_binary/other/aswine_ALA_E_2_2020-09-30_14-16-45_975_t0000000000.wav,other
data/processed/cough_silence_binary/other/aswine_ALA_E_2_2020-09-30_00-39-49_327_t0000342000.wav,other
data/processed/cough_silence_binary/other/aswine_ALA_E_2_2020-09-30_05-34-10_160_t0000139000.wav,other
data/processed/cough_silence_binary/cough/aswine_ALA_E_2_2020-09-30_12-34-38_544_t0000146000.wav,cough
data/processed/cough_silence_binary/cough/aswine_ALA_E_2_2020-09-30_02-57-58_802_t0000039000.wav,cough
data/processed/cough_silence_binary/other/aswine_ALA_E_2_2020-09-30_06-46-14_713_t0000243000.wav,other
data/processed/cough_silence_binary/cough/aswine_ALA_E_2_2020-09-30_02-27-56_846_t0000359000.wav,cough
data/processed/cough_silence_binary/cough/aswine_ALA_E_2_2020-09-30_04-28-05_047_t0000082000.wav,cough
C:\py\pigsound\pig-sound-classification\det_round1_clips\ALA_000347_v2\other_clean\ALA_000347_v2_rank018_p0.860_src274.70-275.70_clip274.70-275.70.wav,other
data/processed/cough_silence_binary/cough/aswine_ALA_E_2_2020-09-30_03-28-00_803_t0000083000.wav,cough
data/processed/cough_silence_binary/other/aswine_ALA_E_2_2020-09-30_04-34-05_333_t0000019000.wav,other
data/processed/cough_silence_binary/other/aswine_ALA_E_2_2020-09-30_03-40-01_553_t0000179000.wav,other
data/processed/cough_silence_binary/cough/aswine_ALA_E_2_2020-09-30_11-28-34_169_t0000036000.wav,cough
data/processed/cough_silence_binary/other/aswine_ALA_E_2_2020-09-30_10-52-31_596_t0000139000.wav,other
data/processed/cough_silence_binary/cough/aswine_ALA_E_2_2020-09-30_02-15-56_094_t0000062000.wav,cough
data/processed/cough_silence_binary/cough/aswine_ALA_E_2_2020-09-30_10-22-29_769_t0000065000.wav,cough
data/processed/cough_silence_binary/cough/aswine_ALA_E_2_2020-09-30_10-22-29_769_t0000072000.wav,cough
data/processed/cough_silence_binary/other/aswine_ALA_E_2_2020-09-30_02-21-56_604_t0000197000.wav,other
data/processed/cough_silence_binary/cough/aswine_ALA_E_2_2020-09-30_06-34-13_773_t0000241000.wav,cough
data/processed/cough_silence_binary/other/aswine_ALA_E_2_2020-09-30_15-10-49_329_t0000304000.wav,other
data/processed/cough_silence_binary/cough/aswine_ALA_E_2_2020-09-30_04-58-07_090_t0000049000.wav,cough
data/processed/cough_silence_binary/cough/aswine_ALA_E_2_2020-09-30_06-52-15_207_t0000123000.wav,cough
data/processed/cough_silence_binary/cough/aswine_ALA_E_2_2020-09-30_07-58-19_477_t0000355000.wav,cough
data/processed/cough_silence_binary/cough/aswine_ALA_E_2_2020-09-30_11-10-32_919_t0000194000.wav,cough
data/processed/cough_silence_binary/cough/aswine_ALA_E_2_2020-09-30_12-22-37_726_t0000020000.wav,cough
data/processed/cough_silence_binary/other/aswine_ALA_E_2_2020-09-30_02-03-55_346_t0000190000.wav,other
C:\py\pigsound\pig-sound-classification\det_round1_clips\ALA_000347_v2\other_clean\sample01_rank024_p0.778_src239.50-240.50_clip239.50-240.50.wav,other
data/processed/cough_silence_binary/other/aswine_ALA_E_2_2020-09-30_09-28-25_922_t0000057000.wav,other
C:\py\pigsound\pig-sound-classification\det_round1_clips\ALA_000347_v2\other_clean\ALA_000347_oldv1_rank065_p0.701_src290.10-291.10_clip290.10-291.10.wav,other
data/processed/cough_silence_binary/other/aswine_ALA_E_2_2020-09-30_03-09-59_585_t0000327000.wav,other
data/processed/cough_silence_binary/cough/aswine_ALA_E_2_2020-09-30_03-22-00_565_t0000102000.wav,cough
data/processed/cough_silence_binary/cough/aswine_ALA_E_2_2020-09-30_11-52-35_892_t0000068000.wav,cough
data/processed/cough_silence_binary/other/aswine_ALA_E_2_2020-09-30_12-16-37_446_t0000124000.wav,other
data/processed/cough_silence_binary/cough/aswine_ALA_E_2_2020-09-30_05-28-09_636_t0000155000.wav,cough
data/processed/cough_silence_binary/cough/aswine_ALA_E_2_2020-09-30_11-40-35_013_t0000281000.wav,cough
data/processed/cough_silence_binary/other/aswine_ALA_E_2_2020-09-30_12-28-38_125_t0000075000.wav,other
data/processed/cough_silence_binary/other/aswine_ALA_E_2_2020-09-30_01-57-54_862_t0000251000.wav,other
C:\py\pigsound\pig-sound-classification\det_round1_clips\ALA_000347_v2\other_clean\ALA_000347_oldv1_rank043_p0.838_src184.60-185.60_clip184.60-185.60.wav,other
data/processed/cough_silence_binary/cough/aswine_ALA_E_2_2020-09-30_11-28-34_169_t0000197000.wav,cough
data/processed/cough_silence_binary/cough/aswine_ALA_E_2_2020-09-30_10-52-31_596_t0000152000.wav,cough
data/processed/cough_silence_binary/cough/aswine_ALA_E_2_2020-09-30_02-39-57_569_t0000235000.wav,cough
data/processed/cough_silence_binary/cough/aswine_ALA_E_2_2020-09-30_04-04-03_325_t0000004000.wav,cough
data/processed/cough_silence_binary/other/aswine_ALA_E_2_2020-09-30_04-46-06_338_t0000041000.wav,other
data/processed/cough_silence_binary/cough/aswine_ALA_E_2_2020-09-30_03-22-00_565_t0000349000.wav,cough
data/processed/cough_silence_binary/other/aswine_ALA_E_2_2020-09-30_03-28-00_803_t0000165000.wav,other
data/processed/cough_silence_binary/cough/aswine_ALA_E_2_2020-09-30_01-33-53_320_t0000336000.wav,cough
data/processed/cough_silence_binary/other/aswine_ALA_E_2_2020-09-30_06-58-15_681_t0000183000.wav,other
data/processed/cough_silence_binary/other/aswine_ALA_E_2_2020-09-30_00-57-50_867_t0000239000.wav,other
data/processed/cough_silence_binary/cough/aswine_ALA_E_2_2020-09-30_00-39-49_327_t0000156000.wav,cough
data/processed/cough_silence_binary/other/aswine_ALA_E_2_2020-09-30_02-39-57_569_t0000087000.wav,other
data/processed/cough_silence_binary/cough/aswine_ALA_E_2_2020-09-30_12-16-37_446_t0000327000.wav,cough
data/processed/cough_silence_binary/other/aswine_ALA_E_2_2020-09-30_06-10-12_288_t0000360000.wav,other
data/processed/cough_silence_binary/cough/aswine_ALA_E_2_2020-09-30_03-22-00_565_t0000333000.wav,cough
data/processed/cough_silence_binary/other/aswine_ALA_E_2_2020-09-30_05-34-10_160_t0000144000.wav,other
data/processed/cough_silence_binary/other/aswine_ALA_E_2_2020-09-30_04-04-03_325_t0000182000.wav,other
data/processed/cough_silence_binary/cough/aswine_ALA_E_2_2020-09-30_07-52-19_149_t0000332000.wav,cough
data/processed/cough_silence_binary/cough/aswine_ALA_E_2_2020-09-30_04-52-06_595_t0000307000.wav,cough
data/processed/cough_silence_binary/other/aswine_ALA_E_2_2020-09-30_00-33-49_105_t0000197000.wav,other
data/processed/cough_silence_binary/other/aswine_ALA_E_2_2020-09-30_04-40-05_833_t0000114000.wav,other
data/processed/cough_silence_binary/cough/aswine_ALA_E_2_2020-09-30_04-16-04_352_t0000093000.wav,cough
data/processed/cough_silence_binary/other/aswine_ALA_E_2_2020-09-30_07-04-16_154_t0000343000.wav,other
C:\py\pigsound\pig-sound-classification\det_round1_clips\ALA_000347_v2\other_clean\ALA_000347_rank022_p0.848_src201.60-202.60_clip201.60-202.60.wav,other
data/processed/cough_silence_binary/cough/aswine_ALA_E_2_2020-09-30_10-28-30_177_t0000104000.wav,cough
data/processed/cough_silence_binary/cough/aswine_ALA_E_2_2020-09-30_11-22-33_630_t0000184000.wav,cough
data/processed/cough_silence_binary/other/aswine_ALA_E_2_2020-09-30_01-09-51_828_t0000031000.wav,other
data/processed/cough_silence_binary/cough/aswine_ALA_E_2_2020-09-30_08-46-22_731_t0000044000.wav,cough
data/processed/cough_silence_binary/cough/aswine_ALA_E_2_2020-09-30_07-16-16_914_t0000022000.wav,cough
C:\py\pigsound\pig-sound-classification\det_round1_clips\ALA_000347_v2\other_clean\ALA_000347_v2_rank038_p0.770_src342.40-343.40_clip342.40-343.40.wav,other
data/processed/cough_silence_binary/other/aswine_ALA_E_2_2020-09-30_07-16-16_914_t0000070000.wav,other
data/processed/cough_silence_binary/other/aswine_ALA_E_2_2020-09-30_05-46-10_875_t0000072000.wav,other
data/processed/cough_silence_binary/other/aswine_ALA_E_2_2020-09-30_14-16-45_975_t0000355000.wav,other
data/processed/cough_silence_binary/other/aswine_ALA_E_2_2020-09-30_00-39-49_327_t0000142000.wav,other
data/processed/cough_silence_binary/cough/aswine_ALA_E_2_2020-09-30_05-58-11_488_t0000146000.wav,cough
data/processed/cough_silence_binary/cough/aswine_ALA_E_2_2020-09-30_03-58-02_785_t0000084000.wav,cough
data/processed/cough_silence_binary/other/aswine_ALA_E_2_2020-09-30_09-52-27_645_t0000009000.wav,other
data/processed/cough_silence_binary/cough/aswine_ALA_E_2_2020-09-30_11-16-33_282_t0000306000.wav,cough
data/processed/cough_silence_binary/other/aswine_ALA_E_2_2020-09-30_08-58-23_679_t0000085000.wav,other
data/processed/cough_silence_binary/other/aswine_ALA_E_2_2020-09-30_03-40-01_553_t0000065000.wav,other
data/processed/cough_silence_binary/cough/aswine_ALA_E_2_2020-09-30_06-40-14_230_t0000088000.wav,cough
data/processed/cough_silence_binary/other/aswine_ALA_E_2_2020-09-30_06-28-13_427_t0000254000.wav,other
data/processed/cough_silence_binary/cough/aswine_ALA_E_2_2020-09-30_05-04-07_555_t0000111000.wav,cough
data/processed/cough_silence_binary/cough/aswine_ALA_E_2_2020-09-30_04-46-06_338_t0000296000.wav,cough
data/processed/cough_silence_binary/cough/aswine_ALA_E_2_2020-09-30_05-10-08_068_t0000135000.wav,cough
data/processed/cough_silence_binary/other/aswine_ALA_E_2_2020-09-30_01-21-52_571_t0000140000.wav,other
data/processed/cough_silence_binary/other/aswine_ALA_E_2_2020-09-30_05-40-10_575_t0000047000.wav,other
data/processed/cough_silence_binary/cough/aswine_ALA_E_2_2020-09-30_12-04-36_656_t0000246000.wav,cough
data/processed/cough_silence_binary/other/aswine_ALA_E_2_2020-09-30_04-16-04_352_t0000196000.wav,other
C:\py\pigsound\pig-sound-classification\det_round1_clips\ALA_000347_v2\other_clean\ALA_000347_v2_rank023_p0.831_src307.60-308.60_clip307.60-308.60.wav,other
data/processed/cough_silence_binary/cough/aswine_ALA_E_2_2020-09-30_07-52-19_149_t0000327000.wav,cough
data/processed/cough_silence_binary/other/aswine_ALA_E_2_2020-09-30_08-34-21_763_t0000201000.wav,other
data/processed/cough_silence_binary/cough/aswine_ALA_E_2_2020-09-30_11-40-35_013_t0000280000.wav,cough
data/processed/cough_silence_binary/other/aswine_ALA_E_2_2020-09-30_04-40-05_833_t0000266000.wav,other
data/processed/cough_silence_binary/other/aswine_ALA_E_2_2020-09-30_08-16-20_635_t0000141000.wav,other
data/processed/cough_silence_binary/other/aswine_ALA_E_2_2020-09-30_08-58-23_679_t0000281000.wav,other
C:\py\pigsound\pig-sound-classification\det_round1_clips\ALA_000347_v2\other_clean\ALA_000347_v2_rank025_p0.823_src140.30-141.30_clip140.30-141.30.wav,other
data/processed/cough_silence_binary/cough/aswine_ALA_E_2_2020-09-30_10-22-29_769_t0000076000.wav,cough
data/processed/cough_silence_binary/other/aswine_ALA_E_2_2020-09-30_02-39-57_569_t0000328000.wav,other
data/processed/cough_silence_binary/cough/aswine_ALA_E_2_2020-09-30_02-57-58_802_t0000045000.wav,cough
data/processed/cough_silence_binary/cough/aswine_ALA_E_2_2020-09-30_00-45-49_855_t0000281000.wav,cough
data/processed/cough_silence_binary/other/aswine_ALA_E_2_2020-09-30_07-58-19_477_t0000134000.wav,other
data/processed/cough_silence_binary/cough/aswine_ALA_E_2_2020-09-30_09-10-24_673_t0000301000.wav,cough
data/processed/cough_silence_binary/other/aswine_ALA_E_2_2020-09-30_06-58-15_681_t0000087000.wav,other
data/processed/cough_silence_binary/cough/aswine_ALA_E_2_2020-09-30_12-16-37_446_t0000225000.wav,cough
data/processed/cough_silence_binary/cough/aswine_ALA_E_2_2020-09-30_11-22-33_630_t0000076000.wav,cough
data/processed/cough_silence_binary/other/aswine_ALA_E_2_2020-09-30_02-33-57_095_t0000048000.wav,other
data/processed/cough_silence_binary/cough/aswine_ALA_E_2_2020-09-30_03-40-01_553_t0000166000.wav,cough
C:\py\pigsound\pig-sound-classification\det_round1_clips\ALA_000347_v2\other_clean\ALA_000347_rank029_p0.824_src335.10-336.10_clip335.10-336.10.wav,other
data/processed/cough_silence_binary/other/aswine_ALA_E_2_2020-09-30_02-09-55_811_t0000189000.wav,other
data/processed/cough_silence_binary/cough/aswine_ALA_E_2_2020-09-30_12-22-37_726_t0000149000.wav,cough
data/processed/cough_silence_binary/other/aswine_ALA_E_2_2020-09-30_08-40-22_263_t0000307000.wav,other
data/processed/cough_silence_binary/cough/aswine_ALA_E_2_2020-09-30_11-46-35_513_t0000163000.wav,cough
data/processed/cough_silence_binary/other/aswine_ALA_E_2_2020-09-30_08-46-22_731_t0000289000.wav,other
data/processed/cough_silence_binary/other/aswine_ALA_E_2_2020-09-30_02-15-56_094_t0000186000.wav,other
data/processed/cough_silence_binary/other/aswine_ALA_E_2_2020-09-30_02-39-57_569_t0000226000.wav,other
data/processed/cough_silence_binary/cough/aswine_ALA_E_2_2020-09-30_10-52-31_596_t0000041000.wav,cough
data/processed/cough_silence_binary/cough/aswine_ALA_E_2_2020-09-30_03-22-00_565_t0000097000.wav,cough
data/processed/cough_silence_binary/other/aswine_ALA_E_2_2020-09-30_06-40-14_230_t0000108000.wav,other
data/processed/cough_silence_binary/cough/aswine_ALA_E_2_2020-09-30_14-04-45_190_t0000057000.wav,cough
data/processed/cough_silence_binary/cough/aswine_ALA_E_2_2020-09-30_05-22-09_088_t0000249000.wav,cough
data/processed/cough_silence_binary/other/aswine_ALA_E_2_2020-09-30_05-58-11_488_t0000204000.wav,other
data/processed/cough_silence_binary/other/aswine_ALA_E_2_2020-09-30_02-51-58_296_t0000088000.wav,other
data/processed/cough_silence_binary/other/aswine_ALA_E_2_2020-09-30_14-22-46_399_t0000226000.wav,other
data/processed/cough_silence_binary/cough/aswine_ALA_E_2_2020-09-30_11-28-34_169_t0000025000.wav,cough
data/processed/cough_silence_binary/other/aswine_ALA_E_2_2020-09-30_06-40-14_230_t0000053000.wav,other
data/processed/cough_silence_binary/other/aswine_ALA_E_2_2020-09-30_02-21-56_604_t0000143000.wav,other
data/processed/cough_silence_binary/other/aswine_ALA_E_2_2020-09-30_08-46-22_731_t0000171000.wav,other
data/processed/cough_silence_binary/cough/aswine_ALA_E_2_2020-09-30_12-34-38_544_t0000187000.wav,cough
data/processed/cough_silence_binary/cough/aswine_ALA_E_2_2020-09-30_12-52-39_977_t0000081000.wav,cough
data/processed/cough_silence_binary/cough/aswine_ALA_E_2_2020-09-30_12-04-36_656_t0000286000.wav,cough
data/processed/cough_silence_binary/cough/aswine_ALA_E_2_2020-09-30_04-46-06_338_t0000031000.wav,cough
data/processed/cough_silence_binary/cough/aswine_ALA_E_2_2020-09-30_10-40-30_865_t0000274000.wav,cough
data/processed/cough_silence_binary/cough/aswine_ALA_E_2_2020-09-30_05-52-11_272_t0000168000.wav,cough
data/processed/cough_silence_binary/cough/aswine_ALA_E_2_2020-09-30_06-52-15_207_t0000317000.wav,cough
data/processed/cough_silence_binary/cough/aswine_ALA_E_2_2020-09-30_14-52-48_424_t0000046000.wav,cough
data/processed/cough_silence_binary/cough/aswine_ALA_E_2_2020-09-30_02-51-58_296_t0000101000.wav,cough
data/processed/cough_silence_binary/cough/aswine_ALA_E_2_2020-09-30_12-34-38_544_t0000083000.wav,cough
data/processed/cough_silence_binary/other/aswine_ALA_E_2_2020-09-30_10-16-29_272_t0000114000.wav,other
data/processed/cough_silence_binary/cough/aswine_ALA_E_2_2020-09-30_06-52-15_207_t0000276000.wav,cough
data/processed/cough_silence_binary/cough/aswine_ALA_E_2_2020-09-30_12-04-36_656_t0000344000.wav,cough
data/processed/cough_silence_binary/cough/aswine_ALA_E_2_2020-09-30_06-04-11_764_t0000302000.wav,cough
data/processed/cough_silence_binary/cough/aswine_ALA_E_2_2020-09-30_00-39-49_327_t0000158000.wav,cough
data/processed/cough_silence_binary/cough/aswine_ALA_E_2_2020-09-30_07-52-19_149_t0000331000.wav,cough
data/processed/cough_silence_binary/other/aswine_ALA_E_2_2020-09-30_02-51-58_296_t0000324000.wav,other
data/processed/cough_silence_binary/cough/aswine_ALA_E_2_2020-09-30_04-22-04_594_t0000186000.wav,cough
data/processed/cough_silence_binary/other/aswine_ALA_E_2_2020-09-30_10-46-31_261_t0000274000.wav,other
data/processed/cough_silence_binary/cough/aswine_ALA_E_2_2020-09-30_03-34-01_104_t0000007000.wav,cough
data/processed/cough_silence_binary/cough/aswine_ALA_E_2_2020-09-30_05-28-09_636_t0000163000.wav,cough
data/processed/cough_silence_binary/cough/aswine_ALA_E_2_2020-09-30_01-21-52_571_t0000182000.wav,cough
data/processed/cough_silence_binary/cough/aswine_ALA_E_2_2020-09-30_06-40-14_230_t0000231000.wav,cough
data/processed/cough_silence_binary/other/aswine_ALA_E_2_2020-09-30_01-03-51_362_t0000261000.wav,other
data/processed/cough_silence_binary/cough/aswine_ALA_E_2_2020-09-30_05-52-11_272_t0000174000.wav,cough
data/processed/cough_silence_binary/other/aswine_ALA_E_2_2020-09-30_01-21-52_571_t0000337000.wav,other
data/processed/cough_silence_binary/other/aswine_ALA_E_2_2020-09-30_06-52-15_207_t0000140000.wav,other
data/processed/cough_silence_binary/cough/aswine_ALA_E_2_2020-09-30_12-34-38_544_t0000157000.wav,cough
data/processed/cough_silence_binary/other/aswine_ALA_E_2_2020-09-30_00-51-50_372_t0000043000.wav,other
C:\py\pigsound\pig-sound-classification\det_round1_clips\ALA_000347_v2\other_clean\ALA_000347_oldv1_rank052_p0.788_src245.90-246.90_clip245.90-246.90.wav,other
data/processed/cough_silence_binary/other/aswine_ALA_E_2_2020-09-30_08-22-21_043_t0000358000.wav,other
data/processed/cough_silence_binary/other/aswine_ALA_E_2_2020-09-30_03-34-01_104_t0000182000.wav,other
data/processed/cough_silence_binary/cough/aswine_ALA_E_2_2020-09-30_05-22-09_088_t0000125000.wav,cough
data/processed/cough_silence_binary/other/aswine_ALA_E_2_2020-09-30_03-28-00_803_t0000010000.wav,other
data/processed/cough_silence_binary/cough/aswine_ALA_E_2_2020-09-30_07-10-16_555_t0000247000.wav,cough
data/processed/cough_silence_binary/other/aswine_ALA_E_2_2020-09-30_12-04-36_656_t0000276000.wav,other
data/processed/cough_silence_binary/cough/aswine_ALA_E_2_2020-09-30_02-09-55_811_t0000137000.wav,cough
data/processed/cough_silence_binary/cough/aswine_ALA_E_2_2020-09-30_05-58-11_488_t0000354000.wav,cough
data/processed/cough_silence_binary/other/aswine_ALA_E_2_2020-09-30_14-52-48_424_t0000076000.wav,other
data/processed/cough_silence_binary/cough/aswine_ALA_E_2_2020-09-30_03-16-00_102_t0000188000.wav,cough
data/processed/cough_silence_binary/cough/aswine_ALA_E_2_2020-09-30_00-51-50_372_t0000095000.wav,cough
data/processed/cough_silence_binary/other/aswine_ALA_E_2_2020-09-30_15-04-48_982_t0000061000.wav,other
data/processed/cough_silence_binary/cough/aswine_ALA_E_2_2020-09-30_05-52-11_272_t0000171000.wav,cough
data/processed/cough_silence_binary/cough/aswine_ALA_E_2_2020-09-30_02-33-57_095_t0000025000.wav,cough
data/processed/cough_silence_binary/cough/aswine_ALA_E_2_2020-09-30_01-27-52_851_t0000249000.wav,cough
data/processed/cough_silence_binary/cough/aswine_ALA_E_2_2020-09-30_02-39-57_569_t0000033000.wav,cough
data/processed/cough_silence_binary/other/aswine_ALA_E_2_2020-09-30_12-22-37_726_t0000153000.wav,other
data/processed/cough_silence_binary/other/aswine_ALA_E_2_2020-09-30_05-58-11_488_t0000249000.wav,other
data/processed/cough_silence_binary/other/aswine_ALA_E_2_2020-09-30_03-58-02_785_t0000197000.wav,other
data/processed/cough_silence_binary/cough/aswine_ALA_E_2_2020-09-30_15-10-49_329_t0000286000.wav,cough
C:\py\pigsound\pig-sound-classification\det_round1_clips\ALA_000347_v2\other_clean\ALA_000347_oldv1_rank002_p0.979_src102.20-103.20_clip102.20-103.20.wav,other
data/processed/cough_silence_binary/other/aswine_ALA_E_2_2020-09-30_04-34-05_333_t0000342000.wav,other
data/processed/cough_silence_binary/other/aswine_ALA_E_2_2020-09-30_02-03-55_346_t0000261000.wav,other
data/processed/cough_silence_binary/cough/aswine_ALA_E_2_2020-09-30_12-16-37_446_t0000307000.wav,cough
data/processed/cough_silence_binary/other/aswine_ALA_E_2_2020-09-30_01-33-53_320_t0000241000.wav,other
data/processed/cough_silence_binary/other/aswine_ALA_E_2_2020-09-30_02-03-55_346_t0000333000.wav,other
data/processed/cough_silence_binary/other/aswine_ALA_E_2_2020-09-30_01-39-53_821_t0000130000.wav,other
data/processed/cough_silence_binary/cough/aswine_ALA_E_2_2020-09-30_12-34-38_544_t0000084000.wav,cough
data/processed/cough_silence_binary/cough/aswine_ALA_E_2_2020-09-30_05-52-11_272_t0000336000.wav,cough
data/processed/cough_silence_binary/other/aswine_ALA_E_2_2020-09-30_00-39-49_327_t0000350000.wav,other
data/processed/cough_silence_binary/cough/aswine_ALA_E_2_2020-09-30_09-22-25_390_t0000232000.wav,cough
data/processed/cough_silence_binary/other/aswine_ALA_E_2_2020-09-30_05-04-07_555_t0000355000.wav,other
data/processed/cough_silence_binary/cough/aswine_ALA_E_2_2020-09-30_03-22-00_565_t0000328000.wav,cough
data/processed/cough_silence_binary/other/aswine_ALA_E_2_2020-09-30_00-57-50_867_t0000248000.wav,other
data/processed/cough_silence_binary/cough/aswine_ALA_E_2_2020-09-30_05-22-09_088_t0000158000.wav,cough
data/processed/cough_silence_binary/other/aswine_ALA_E_2_2020-09-30_02-27-56_846_t0000026000.wav,other
data/processed/cough_silence_binary/cough/aswine_ALA_E_2_2020-09-30_10-28-30_177_t0000232000.wav,cough
data/processed/cough_silence_binary/cough/aswine_ALA_E_2_2020-09-30_02-45-57_858_t0000057000.wav,cough
data/processed/cough_silence_binary/other/aswine_ALA_E_2_2020-09-30_04-28-05_047_t0000077000.wav,other
data/processed/cough_silence_binary/cough/aswine_ALA_E_2_2020-09-30_04-34-05_333_t0000080000.wav,cough
data/processed/cough_silence_binary/cough/aswine_ALA_E_2_2020-09-30_02-27-56_846_t0000015000.wav,cough
data/processed/cough_silence_binary/cough/aswine_ALA_E_2_2020-09-30_02-45-57_858_t0000053000.wav,cough
data/processed/cough_silence_binary/other/aswine_ALA_E_2_2020-09-30_05-46-10_875_t0000218000.wav,other
data/processed/cough_silence_binary/other/aswine_ALA_E_2_2020-09-30_07-16-16_914_t0000106000.wav,other
data/processed/cough_silence_binary/other/aswine_ALA_E_2_2020-09-30_08-40-22_263_t0000245000.wav,other
data/processed/cough_silence_binary/cough/aswine_ALA_E_2_2020-09-30_06-52-15_207_t0000301000.wav,cough
data/processed/cough_silence_binary/cough/aswine_ALA_E_2_2020-09-30_02-27-56_846_t0000045000.wav,cough
data/processed/cough_silence_binary/cough/aswine_ALA_E_2_2020-09-30_02-03-55_346_t0000178000.wav,cough
C:\py\pigsound\pig-sound-classification\det_round1_clips\ALA_000347_v2\other_clean\ALA_000347_v2_rank037_p0.771_src166.00-167.00_clip166.00-167.00.wav,other
data/processed/cough_silence_binary/cough/aswine_ALA_E_2_2020-09-30_09-10-24_673_t0000339000.wav,cough
data/processed/cough_silence_binary/cough/aswine_ALA_E_2_2020-09-30_13-46-43_666_t0000122000.wav,cough
data/processed/cough_silence_binary/other/aswine_ALA_E_2_2020-09-30_05-10-08_068_t0000196000.wav,other
data/processed/cough_silence_binary/other/aswine_ALA_E_2_2020-09-30_02-09-55_811_t0000096000.wav,other
data/processed/cough_silence_binary/other/aswine_ALA_E_2_2020-09-30_07-04-16_154_t0000325000.wav,other
data/processed/cough_silence_binary/cough/aswine_ALA_E_2_2020-09-30_12-22-37_726_t0000242000.wav,cough
data/processed/cough_silence_binary/cough/aswine_ALA_E_2_2020-09-30_07-10-16_555_t0000245000.wav,cough
data/processed/cough_silence_binary/other/aswine_ALA_E_2_2020-09-30_05-34-10_160_t0000344000.wav,other
data/processed/cough_silence_binary/other/aswine_ALA_E_2_2020-09-30_11-16-33_282_t0000006000.wav,other
data/processed/cough_silence_binary/cough/aswine_ALA_E_2_2020-09-30_05-28-09_636_t0000191000.wav,cough
data/processed/cough_silence_binary/other/aswine_ALA_E_2_2020-09-30_05-46-10_875_t0000236000.wav,other
data/processed/cough_silence_binary/other/aswine_ALA_E_2_2020-09-30_05-16-08_565_t0000310000.wav,other
data/processed/cough_silence_binary/other/aswine_ALA_E_2_2020-09-30_04-22-04_594_t0000309000.wav,other
data/processed/cough_silence_binary/cough/aswine_ALA_E_2_2020-09-30_08-28-21_427_t0000133000.wav,cough
data/processed/cough_silence_binary/cough/aswine_ALA_E_2_2020-09-30_03-40-01_553_t0000168000.wav,cough
data/processed/cough_silence_binary/cough/aswine_ALA_E_2_2020-09-30_02-39-57_569_t0000357000.wav,cough
data/processed/cough_silence_binary/cough/aswine_ALA_E_2_2020-09-30_01-03-51_362_t0000276000.wav,cough
data/processed/cough_silence_binary/other/aswine_ALA_E_2_2020-09-30_10-22-29_769_t0000212000.wav,other
data/processed/cough_silence_binary/cough/aswine_ALA_E_2_2020-09-30_04-22-04_594_t0000149000.wav,cough
C:\py\pigsound\pig-sound-classification\det_round1_clips\ALA_000347_v2\other_clean\ALA_000347_rank039_p0.793_src255.20-256.20_clip255.20-256.20.wav,other
data/processed/cough_silence_binary/cough/aswine_ALA_E_2_2020-09-30_11-16-33_282_t0000238000.wav,cough
data/processed/cough_silence_binary/other/aswine_ALA_E_2_2020-09-30_10-10-28_848_t0000050000.wav,other
data/processed/cough_silence_binary/other/aswine_ALA_E_2_2020-09-30_06-04-11_764_t0000039000.wav,other
data/processed/cough_silence_binary/other/aswine_ALA_E_2_2020-09-30_03-40-01_553_t0000037000.wav,other
data/processed/cough_silence_binary/cough/aswine_ALA_E_2_2020-09-30_10-58-32_034_t0000239000.wav,cough
data/processed/cough_silence_binary/cough/aswine_ALA_E_2_2020-09-30_11-52-35_892_t0000253000.wav,cough
data/processed/cough_silence_binary/cough/aswine_ALA_E_2_2020-09-30_11-58-36_255_t0000100000.wav,cough
data/processed/cough_silence_binary/other/aswine_ALA_E_2_2020-09-30_07-52-19_149_t0000318000.wav,other
data/processed/cough_silence_binary/cough/aswine_ALA_E_2_2020-09-30_02-45-57_858_t0000013000.wav,cough
C:\py\pigsound\pig-sound-classification\det_round1_clips\ALA_000347_v2\other_clean\ALA_000347_rank061_p0.755_src191.70-192.70_clip191.70-192.70.wav,other
data/processed/cough_silence_binary/cough/aswine_ALA_E_2_2020-09-30_14-58-48_774_t0000306000.wav,cough
data/processed/cough_silence_binary/other/aswine_ALA_E_2_2020-09-30_00-21-48_316_t0000212000.wav,other
data/processed/cough_silence_binary/cough/aswine_ALA_E_2_2020-09-30_04-22-04_594_t0000183000.wav,cough
data/processed/cough_silence_binary/cough/aswine_ALA_E_2_2020-09-30_10-04-28_503_t0000216000.wav,cough
data/processed/cough_silence_binary/cough/aswine_ALA_E_2_2020-09-30_11-22-33_630_t0000049000.wav,cough
data/processed/cough_silence_binary/other/aswine_ALA_E_2_2020-09-30_06-52-15_207_t0000260000.wav,other
data/processed/cough_silence_binary/cough/aswine_ALA_E_2_2020-09-30_10-10-28_848_t0000058000.wav,cough
C:\py\pigsound\pig-sound-classification\det_round1_clips\ALA_000347_v2\other_clean\ALA_000347_rank024_p0.846_src205.50-206.50_clip205.50-206.50.wav,other
data/processed/cough_silence_binary/other/aswine_ALA_E_2_2020-09-30_06-16-12_660_t0000321000.wav,other
data/processed/cough_silence_binary/cough/aswine_ALA_E_2_2020-09-30_11-10-32_919_t0000221000.wav,cough
data/processed/cough_silence_binary/other/aswine_ALA_E_2_2020-09-30_11-58-36_255_t0000034000.wav,other
data/processed/cough_silence_binary/other/aswine_ALA_E_2_2020-09-30_01-51-54_564_t0000061000.wav,other
data/processed/cough_silence_binary/other/aswine_ALA_E_2_2020-09-30_12-16-37_446_t0000037000.wav,other
data/processed/cough_silence_binary/other/aswine_ALA_E_2_2020-09-30_01-51-54_564_t0000110000.wav,other
data/processed/cough_silence_binary/other/aswine_ALA_E_2_2020-09-30_14-58-48_774_t0000324000.wav,other
data/processed/cough_silence_binary/other/aswine_ALA_E_2_2020-09-30_10-10-28_848_t0000032000.wav,other
data/processed/cough_silence_binary/other/aswine_ALA_E_2_2020-09-30_04-16-04_352_t0000148000.wav,other
C:\py\pigsound\pig-sound-classification\det_round1_clips\ALA_000347_v2\other_clean\ALA_000347_rank075_p0.723_src327.10-328.10_clip327.10-328.10.wav,other
C:\py\pigsound\pig-sound-classification\det_round1_clips\ALA_000347_v2\other_clean\ALA_000347_rank023_p0.847_src173.00-174.00_clip173.00-174.00.wav,other
data/processed/cough_silence_binary/other/aswine_ALA_E_2_2020-09-30_08-16-20_635_t0000183000.wav,other
data/processed/cough_silence_binary/cough/aswine_ALA_E_2_2020-09-30_11-52-35_892_t0000210000.wav,cough
data/processed/cough_silence_binary/other/aswine_ALA_E_2_2020-09-30_04-46-06_338_t0000066000.wav,other
data/processed/cough_silence_binary/cough/aswine_ALA_E_2_2020-09-30_04-46-06_338_t0000091000.wav,cough
C:\py\pigsound\pig-sound-classification\det_round1_clips\ALA_000347_v2\other_clean\ALA_000347_v2_rank030_p0.780_src246.10-247.10_clip246.10-247.10.wav,other
data/processed/cough_silence_binary/cough/aswine_ALA_E_2_2020-09-30_12-16-37_446_t0000196000.wav,cough
C:\py\pigsound\pig-sound-classification\det_round1_clips\ALA_000347_v2\other_clean\ALA_000347_oldv1_rank023_p0.921_src98.70-99.70_clip98.70-99.70.wav,other
data/processed/cough_silence_binary/other/aswine_ALA_E_2_2020-09-30_01-21-52_571_t0000333000.wav,other
C:\py\pigsound\pig-sound-classification\det_round1_clips\ALA_000347_v2\other_clean\ALA_000347_rank025_p0.841_src30.80-31.80_clip30.80-31.80.wav,other
data/processed/cough_silence_binary/cough/aswine_ALA_E_2_2020-09-30_03-28-00_803_t0000171000.wav,cough
data/processed/cough_silence_binary/cough/aswine_ALA_E_2_2020-09-30_14-58-48_774_t0000203000.wav,cough
data/processed/cough_silence_binary/cough/aswine_ALA_E_2_2020-09-30_05-28-09_636_t0000156000.wav,cough
data/processed/cough_silence_binary/cough/aswine_ALA_E_2_2020-09-30_11-46-35_513_t0000102000.wav,cough
data/processed/cough_silence_binary/cough/aswine_ALA_E_2_2020-09-30_06-46-14_713_t0000169000.wav,cough
data/processed/cough_silence_binary/other/aswine_ALA_E_2_2020-09-30_02-03-55_346_t0000121000.wav,other
C:\py\pigsound\pig-sound-classification\det_round1_clips\ALA_000347_v2\other_clean\ALA_000347_v2_rank029_p0.808_src258.30-259.30_clip258.30-259.30.wav,other
data/processed/cough_silence_binary/cough/aswine_ALA_E_2_2020-09-30_04-52-06_595_t0000283000.wav,cough
data/processed/cough_silence_binary/other/aswine_ALA_E_2_2020-09-30_01-51-54_564_t0000249000.wav,other
data/processed/cough_silence_binary/other/aswine_ALA_E_2_2020-09-30_14-46-47_980_t0000075000.wav,other
data/processed/cough_silence_binary/cough/aswine_ALA_E_2_2020-09-30_05-04-07_555_t0000116000.wav,cough
data/processed/cough_silence_binary/other/aswine_ALA_E_2_2020-09-30_09-04-24_156_t0000125000.wav,other
data/processed/cough_silence_binary/cough/aswine_ALA_E_2_2020-09-30_06-10-12_288_t0000354000.wav,cough
data/processed/cough_silence_binary/other/aswine_ALA_E_2_2020-09-30_04-46-06_338_t0000227000.wav,other
data/processed/cough_silence_binary/other/aswine_ALA_E_2_2020-09-30_10-46-31_261_t0000223000.wav,other
data/processed/cough_silence_binary/cough/aswine_ALA_E_2_2020-09-30_06-16-12_660_t0000068000.wav,cough
data/processed/cough_silence_binary/other/aswine_ALA_E_2_2020-09-30_01-57-54_862_t0000313000.wav,other
data/processed/cough_silence_binary/cough/aswine_ALA_E_2_2020-09-30_08-04-19_788_t0000027000.wav,cough
data/processed/cough_silence_binary/other/aswine_ALA_E_2_2020-09-30_06-34-13_773_t0000360000.wav,other
data/processed/cough_silence_binary/cough/aswine_ALA_E_2_2020-09-30_02-09-55_811_t0000329000.wav,cough
data/processed/cough_silence_binary/cough/aswine_ALA_E_2_2020-09-30_11-46-35_513_t0000161000.wav,cough
data/processed/cough_silence_binary/other/aswine_ALA_E_2_2020-09-30_11-34-34_656_t0000136000.wav,other
data/processed/cough_silence_binary/cough/aswine_ALA_E_2_2020-09-30_11-28-34_169_t0000084000.wav,cough
data/processed/cough_silence_binary/other/aswine_ALA_E_2_2020-09-30_03-22-00_565_t0000299000.wav,other
data/processed/cough_silence_binary/other/aswine_ALA_E_2_2020-09-30_10-10-28_848_t0000295000.wav,other
data/processed/cough_silence_binary/cough/aswine_ALA_E_2_2020-09-30_06-04-11_764_t0000301000.wav,cough
data/processed/cough_silence_binary/cough/aswine_ALA_E_2_2020-09-30_12-10-37_151_t0000080000.wav,cough
data/processed/cough_silence_binary/other/aswine_ALA_E_2_2020-09-30_05-34-10_160_t0000145000.wav,other
C:\py\pigsound\pig-sound-classification\det_round1_clips\ALA_000347_v2\other_clean\ALA_000347_rank052_p0.770_src342.40-343.40_clip342.40-343.40.wav,other
data/processed/cough_silence_binary/cough/aswine_ALA_E_2_2020-09-30_10-46-31_261_t0000004000.wav,cough
data/processed/cough_silence_binary/other/aswine_ALA_E_2_2020-09-30_02-39-57_569_t0000303000.wav,other
data/processed/cough_silence_binary/other/aswine_ALA_E_2_2020-09-30_12-16-37_446_t0000185000.wav,other
data/processed/cough_silence_binary/cough/aswine_ALA_E_2_2020-09-30_12-28-38_125_t0000188000.wav,cough
C:\py\pigsound\pig-sound-classification\det_round1_clips\ALA_000347_v2\other_clean\ALA_000347_oldv1_rank032_p0.896_src101.60-102.60_clip101.60-102.60.wav,other
data/processed/cough_silence_binary/other/aswine_ALA_E_2_2020-09-30_02-45-57_858_t0000120000.wav,other
data/processed/cough_silence_binary/cough/aswine_ALA_E_2_2020-09-30_03-22-00_565_t0000098000.wav,cough
data/processed/cough_silence_binary/other/aswine_ALA_E_2_2020-09-30_05-10-08_068_t0000065000.wav,other
data/processed/cough_silence_binary/cough/aswine_ALA_E_2_2020-09-30_06-04-11_764_t0000013000.wav,cough
C:\py\pigsound\pig-sound-classification\det_round1_clips\ALA_000347_v2\other_clean\ALA_000347_v2_rank005_p0.925_src184.80-185.80_clip184.80-185.80.wav,other
data/processed/cough_silence_binary/other/aswine_ALA_E_2_2020-09-30_06-40-14_230_t0000096000.wav,other
data/processed/cough_silence_binary/cough/aswine_ALA_E_2_2020-09-30_03-22-00_565_t0000324000.wav,cough
data/processed/cough_silence_binary/other/aswine_ALA_E_2_2020-09-30_07-58-19_477_t0000050000.wav,other
data/processed/cough_silence_binary/cough/aswine_ALA_E_2_2020-09-30_01-21-52_571_t0000128000.wav,cough
data/processed/cough_silence_binary/cough/aswine_ALA_E_2_2020-09-30_02-39-57_569_t0000044000.wav,cough
data/processed/cough_silence_binary/other/aswine_ALA_E_2_2020-09-30_06-40-14_230_t0000159000.wav,other
data/processed/cough_silence_binary/other/aswine_ALA_E_2_2020-09-30_09-10-24_673_t0000090000.wav,other
data/processed/cough_silence_binary/other/aswine_ALA_E_2_2020-09-30_06-34-13_773_t0000025000.wav,other
data/processed/cough_silence_binary/other/aswine_ALA_E_2_2020-09-30_09-16-25_023_t0000252000.wav,other
data/processed/cough_silence_binary/cough/aswine_ALA_E_2_2020-09-30_12-52-39_977_t0000082000.wav,cough
data/processed/cough_silence_binary/other/aswine_ALA_E_2_2020-09-30_07-04-16_154_t0000299000.wav,other
data/processed/cough_silence_binary/other/aswine_ALA_E_2_2020-09-30_05-40-10_575_t0000302000.wav,other
data/processed/cough_silence_binary/cough/aswine_ALA_E_2_2020-09-30_11-52-35_892_t0000292000.wav,cough
data/processed/cough_silence_binary/other/aswine_ALA_E_2_2020-09-30_04-04-03_325_t0000087000.wav,other
data/processed/cough_silence_binary/other/aswine_ALA_E_2_2020-09-30_01-57-54_862_t0000103000.wav,other
data/processed/cough_silence_binary/other/aswine_ALA_E_2_2020-09-30_08-04-19_788_t0000111000.wav,other
data/processed/cough_silence_binary/other/aswine_ALA_E_2_2020-09-30_04-58-07_090_t0000350000.wav,other
data/processed/cough_silence_binary/other/aswine_ALA_E_2_2020-09-30_01-39-53_821_t0000065000.wav,other
C:\py\pigsound\pig-sound-classification\det_round1_clips\ALA_000347_v2\other_clean\ALA_000347_rank027_p0.831_src190.80-191.80_clip190.80-191.80.wav,other
data/processed/cough_silence_binary/other/aswine_ALA_E_2_2020-09-30_00-39-49_327_t0000120000.wav,other
data/processed/cough_silence_binary/cough/aswine_ALA_E_2_2020-09-30_03-16-00_102_t0000312000.wav,cough
data/processed/cough_silence_binary/cough/aswine_ALA_E_2_2020-09-30_03-09-59_585_t0000263000.wav,cough
data/processed/cough_silence_binary/other/aswine_ALA_E_2_2020-09-30_09-52-27_645_t0000006000.wav,other
data/processed/cough_silence_binary/cough/aswine_ALA_E_2_2020-09-30_02-45-57_858_t0000056000.wav,cough
data/processed/cough_silence_binary/other/aswine_ALA_E_2_2020-09-30_06-58-15_681_t0000188000.wav,other
data/processed/cough_silence_binary/cough/aswine_ALA_E_2_2020-09-30_04-16-04_352_t0000273000.wav,cough
data/processed/cough_silence_binary/cough/aswine_ALA_E_2_2020-09-30_04-34-05_333_t0000075000.wav,cough
data/processed/cough_silence_binary/cough/aswine_ALA_E_2_2020-09-30_05-10-08_068_t0000134000.wav,cough
data/processed/cough_silence_binary/other/aswine_ALA_E_2_2020-09-30_03-58-02_785_t0000298000.wav,other
data/processed/cough_silence_binary/cough/aswine_ALA_E_2_2020-09-30_04-16-04_352_t0000305000.wav,cough
data/processed/cough_silence_binary/other/aswine_ALA_E_2_2020-09-30_06-46-14_713_t0000269000.wav,other
data/processed/cough_silence_binary/other/aswine_ALA_E_2_2020-09-30_08-10-20_310_t0000082000.wav,other
C:\py\pigsound\pig-sound-classification\det_round1_clips\ALA_000347_v2\other_clean\ALA_000347_rank038_p0.793_src111.00-112.00_clip111.00-112.00.wav,other
data/processed/cough_silence_binary/cough/aswine_ALA_E_2_2020-09-30_12-16-37_446_t0000239000.wav,cough
data/processed/cough_silence_binary/other/aswine_ALA_E_2_2020-09-30_07-22-17_323_t0000075000.wav,other
data/processed/cough_silence_binary/cough/aswine_ALA_E_2_2020-09-30_05-10-08_068_t0000060000.wav,cough
C:\py\pigsound\pig-sound-classification\det_round1_clips\ALA_000347_v2\other_clean\ALA_000347_rank070_p0.733_src160.20-161.20_clip160.20-161.20.wav,other
data/processed/cough_silence_binary/other/aswine_ALA_E_2_2020-09-30_05-40-10_575_t0000202000.wav,other
C:\py\pigsound\pig-sound-classification\det_round1_clips\ALA_000347_v2\other_clean\ALA_000347_v2_rank027_p0.793_src111.00-112.00_clip111.00-112.00.wav,other
C:\py\pigsound\pig-sound-classification\det_round1_clips\ALA_000347_v2\other_clean\ALA_000347_v2_rank009_p0.897_src135.60-136.60_clip135.60-136.60.wav,other
data/processed/cough_silence_binary/other/aswine_ALA_E_2_2020-09-30_04-28-05_047_t0000235000.wav,other
data/processed/cough_silence_binary/other/aswine_ALA_E_2_2020-09-30_10-16-29_272_t0000358000.wav,other
data/processed/cough_silence_binary/cough/aswine_ALA_E_2_2020-09-30_12-22-37_726_t0000360000.wav,cough
data/processed/cough_silence_binary/cough/aswine_ALA_E_2_2020-09-30_02-15-56_094_t0000103000.wav,cough
data/processed/cough_silence_binary/cough/aswine_ALA_E_2_2020-09-30_10-16-29_272_t0000072000.wav,cough
data/processed/cough_silence_binary/cough/aswine_ALA_E_2_2020-09-30_08-40-22_263_t0000123000.wav,cough
data/processed/cough_silence_binary/other/aswine_ALA_E_2_2020-09-30_00-15-47_817_t0000352000.wav,other
C:\py\pigsound\pig-sound-classification\det_round1_clips\ALA_000347_v2\other_clean\ALA_000347_oldv1_rank047_p0.827_src268.10-269.10_clip268.10-269.10.wav,other
data/processed/cough_silence_binary/cough/aswine_ALA_E_2_2020-09-30_06-04-11_764_t0000014000.wav,cough
data/processed/cough_silence_binary/cough/aswine_ALA_E_2_2020-09-30_05-40-10_575_t0000115000.wav,cough
data/processed/cough_silence_binary/other/aswine_ALA_E_2_2020-09-30_02-21-56_604_t0000194000.wav,other
data/processed/cough_silence_binary/cough/aswine_ALA_E_2_2020-09-30_04-52-06_595_t0000280000.wav,cough
data/processed/cough_silence_binary/cough/aswine_ALA_E_2_2020-09-30_04-22-04_594_t0000163000.wav,cough
data/processed/cough_silence_binary/cough/aswine_ALA_E_2_2020-09-30_13-58-44_665_t0000235000.wav,cough
C:\py\pigsound\pig-sound-classification\det_round1_clips\ALA_000347_v2\other_clean\ALA_000347_rank028_p0.831_src288.50-289.50_clip288.50-289.50.wav,other
data/processed/cough_silence_binary/other/aswine_ALA_E_2_2020-09-30_10-34-30_545_t0000268000.wav,other
data/processed/cough_silence_binary/cough/aswine_ALA_E_2_2020-09-30_06-40-14_230_t0000233000.wav,cough
data/processed/cough_silence_binary/other/aswine_ALA_E_2_2020-09-30_10-16-29_272_t0000113000.wav,other
C:\py\pigsound\pig-sound-classification\det_round1_clips\ALA_000347_v2\other_clean\ALA_000347_v2_rank025_p0.801_src307.60-308.60_clip307.60-308.60.wav,other
data/processed/cough_silence_binary/cough/aswine_ALA_E_2_2020-09-30_05-28-09_636_t0000076000.wav,cough
data/processed/cough_silence_binary/other/aswine_ALA_E_2_2020-09-30_06-40-14_230_t0000152000.wav,other
data/processed/cough_silence_binary/cough/aswine_ALA_E_2_2020-09-30_05-04-07_555_t0000271000.wav,cough
data/processed/cough_silence_binary/other/aswine_ALA_E_2_2020-09-30_04-58-07_090_t0000094000.wav,other
data/processed/cough_silence_binary/other/aswine_ALA_E_2_2020-09-30_11-16-33_282_t0000176000.wav,other
data/processed/cough_silence_binary/other/aswine_ALA_E_2_2020-09-30_05-28-09_636_t0000072000.wav,other
data/processed/cough_silence_binary/cough/aswine_ALA_E_2_2020-09-30_03-09-59_585_t0000267000.wav,cough
data/processed/cough_silence_binary/cough/aswine_ALA_E_2_2020-09-30_02-09-55_811_t0000306000.wav,cough
data/processed/cough_silence_binary/cough/aswine_ALA_E_2_2020-09-30_08-04-19_788_t0000045000.wav,cough
data/processed/cough_silence_binary/other/aswine_ALA_E_2_2020-09-30_02-21-56_604_t0000145000.wav,other
data/processed/cough_silence_binary/other/aswine_ALA_E_2_2020-09-30_06-40-14_230_t0000260000.wav,other
data/processed/cough_silence_binary/other/aswine_ALA_E_2_2020-09-30_09-46-27_309_t0000329000.wav,other
data/processed/cough_silence_binary/cough/aswine_ALA_E_2_2020-09-30_02-03-55_346_t0000156000.wav,cough
data/processed/cough_silence_binary/other/aswine_ALA_E_2_2020-09-30_04-34-05_333_t0000296000.wav,other
data/processed/cough_silence_binary/cough/aswine_ALA_E_2_2020-09-30_11-58-36_255_t0000066000.wav,cough
data/processed/cough_silence_binary/other/aswine_ALA_E_2_2020-09-30_04-28-05_047_t0000019000.wav,other
data/processed/cough_silence_binary/cough/aswine_ALA_E_2_2020-09-30_05-04-07_555_t0000272000.wav,cough
data/processed/cough_silence_binary/other/aswine_ALA_E_2_2020-09-30_02-39-57_569_t0000135000.wav,other
data/processed/cough_silence_binary/other/aswine_ALA_E_2_2020-09-30_03-52-02_333_t0000014000.wav,other
data/processed/cough_silence_binary/other/aswine_ALA_E_2_2020-09-30_01-51-54_564_t0000278000.wav,other
data/processed/cough_silence_binary/cough/aswine_ALA_E_2_2020-09-30_04-46-06_338_t0000032000.wav,cough
data/processed/cough_silence_binary/other/aswine_ALA_E_2_2020-09-30_01-45-54_312_t0000057000.wav,other
C:\py\pigsound\pig-sound-classification\det_round1_clips\ALA_000347_v2\other_clean\ALA_000347_rank049_p0.771_src209.20-210.20_clip209.20-210.20.wav,other
data/processed/cough_silence_binary/other/aswine_ALA_E_2_2020-09-30_09-04-24_156_t0000088000.wav,other
data/processed/cough_silence_binary/other/aswine_ALA_E_2_2020-09-30_03-16-00_102_t0000041000.wav,other
data/processed/cough_silence_binary/other/aswine_ALA_E_2_2020-09-30_14-16-45_975_t0000226000.wav,other
data/processed/cough_silence_binary/cough/aswine_ALA_E_2_2020-09-30_03-28-00_803_t0000061000.wav,cough
C:\py\pigsound\pig-sound-classification\det_round1_clips\ALA_000347_v2\other_clean\ALA_000347_rank058_p0.758_src217.10-218.10_clip217.10-218.10.wav,other
data/processed/cough_silence_binary/cough/aswine_ALA_E_2_2020-09-30_10-28-30_177_t0000102000.wav,cough
data/processed/cough_silence_binary/other/aswine_ALA_E_2_2020-09-30_08-46-22_731_t0000169000.wav,other
data/processed/cough_silence_binary/other/aswine_ALA_E_2_2020-09-30_08-40-22_263_t0000159000.wav,other
data/processed/cough_silence_binary/cough/aswine_ALA_E_2_2020-09-30_11-52-35_892_t0000009000.wav,cough
C:\py\pigsound\pig-sound-classification\det_round1_clips\ALA_000347_v2\other_clean\ALA_000347_oldv1_rank044_p0.834_src218.30-219.30_clip218.30-219.30.wav,other
data/processed/cough_silence_binary/cough/aswine_ALA_E_2_2020-09-30_12-04-36_656_t0000281000.wav,cough
data/processed/cough_silence_binary/other/aswine_ALA_E_2_2020-09-30_07-04-16_154_t0000142000.wav,other
data/processed/cough_silence_binary/cough/aswine_ALA_E_2_2020-09-30_06-28-13_427_t0000294000.wav,cough
data/processed/cough_silence_binary/other/aswine_ALA_E_2_2020-09-30_04-10-03_850_t0000184000.wav,other
data/processed/cough_silence_binary/cough/aswine_ALA_E_2_2020-09-30_02-39-57_569_t0000031000.wav,cough
data/processed/cough_silence_binary/other/aswine_ALA_E_2_2020-09-30_01-39-53_821_t0000146000.wav,other
data/processed/cough_silence_binary/other/aswine_ALA_E_2_2020-09-30_05-10-08_068_t0000014000.wav,other
data/processed/cough_silence_binary/cough/aswine_ALA_E_2_2020-09-30_08-22-21_043_t0000013000.wav,cough
data/processed/cough_silence_binary/other/aswine_ALA_E_2_2020-09-30_06-10-12_288_t0000321000.wav,other
data/processed/cough_silence_binary/other/aswine_ALA_E_2_2020-09-30_08-34-21_763_t0000036000.wav,other
data/processed/cough_silence_binary/other/aswine_ALA_E_2_2020-09-30_14-46-47_980_t0000231000.wav,other
data/processed/cough_silence_binary/other/aswine_ALA_E_2_2020-09-30_03-58-02_785_t0000297000.wav,other
data/processed/cough_silence_binary/other/aswine_ALA_E_2_2020-09-30_02-27-56_846_t0000316000.wav,other
data/processed/cough_silence_binary/other/aswine_ALA_E_2_2020-09-30_04-04-03_325_t0000041000.wav,other
data/processed/cough_silence_binary/cough/aswine_ALA_E_2_2020-09-30_06-40-14_230_t0000091000.wav,cough
data/processed/cough_silence_binary/other/aswine_ALA_E_2_2020-09-30_06-10-12_288_t0000226000.wav,other
data/processed/cough_silence_binary/other/aswine_ALA_E_2_2020-09-30_02-33-57_095_t0000154000.wav,other
data/processed/cough_silence_binary/other/aswine_ALA_E_2_2020-09-30_11-58-36_255_t0000076000.wav,other
data/processed/cough_silence_binary/other/aswine_ALA_E_2_2020-09-30_05-04-07_555_t0000312000.wav,other
data/processed/cough_silence_binary/other/aswine_ALA_E_2_2020-09-30_09-52-27_645_t0000093000.wav,other
data/processed/cough_silence_binary/cough/aswine_ALA_E_2_2020-09-30_08-28-21_427_t0000132000.wav,cough
data/processed/cough_silence_binary/cough/aswine_ALA_E_2_2020-09-30_12-34-38_544_t0000082000.wav,cough
data/processed/cough_silence_binary/other/aswine_ALA_E_2_2020-09-30_02-09-55_811_t0000104000.wav,other
data/processed/cough_silence_binary/other/aswine_ALA_E_2_2020-09-30_10-58-32_034_t0000062000.wav,other
data/processed/cough_silence_binary/other/aswine_ALA_E_2_2020-09-30_05-28-09_636_t0000272000.wav,other
data/processed/cough_silence_binary/other/aswine_ALA_E_2_2020-09-30_05-46-10_875_t0000292000.wav,other
data/processed/cough_silence_binary/other/aswine_ALA_E_2_2020-09-30_12-04-36_656_t0000060000.wav,other
data/processed/cough_silence_binary/cough/aswine_ALA_E_2_2020-09-30_02-51-58_296_t0000098000.wav,cough
data/processed/cough_silence_binary/cough/aswine_ALA_E_2_2020-09-30_11-52-35_892_t0000174000.wav,cough
data/processed/cough_silence_binary/other/aswine_ALA_E_2_2020-09-30_08-16-20_635_t0000334000.wav,other
data/processed/cough_silence_binary/cough/aswine_ALA_E_2_2020-09-30_06-10-12_288_t0000345000.wav,cough
data/processed/cough_silence_binary/other/aswine_ALA_E_2_2020-09-30_10-46-31_261_t0000087000.wav,other
data/processed/cough_silence_binary/cough/aswine_ALA_E_2_2020-09-30_04-22-04_594_t0000168000.wav,cough
data/processed/cough_silence_binary/other/aswine_ALA_E_2_2020-09-30_13-34-42_899_t0000298000.wav,other
data/processed/cough_silence_binary/cough/aswine_ALA_E_2_2020-09-30_12-52-39_977_t0000083000.wav,cough
data/processed/cough_silence_binary/other/aswine_ALA_E_2_2020-09-30_13-40-43_272_t0000106000.wav,other
data/processed/cough_silence_binary/other/aswine_ALA_E_2_2020-09-30_03-58-02_785_t0000066000.wav,other
C:\py\pigsound\pig-sound-classification\det_round1_clips\ALA_000347_v2\other_clean\ALA_000347_oldv1_rank071_p0.676_src62.80-63.80_clip62.80-63.80.wav,other
data/processed/cough_silence_binary/cough/aswine_ALA_E_2_2020-09-30_11-16-33_282_t0000270000.wav,cough
data/processed/cough_silence_binary/other/aswine_ALA_E_2_2020-09-30_06-40-14_230_t0000285000.wav,other
data/processed/cough_silence_binary/other/aswine_ALA_E_2_2020-09-30_07-16-16_914_t0000031000.wav,other
data/processed/cough_silence_binary/cough/aswine_ALA_E_2_2020-09-30_00-03-47_130_t0000287000.wav,cough
data/processed/cough_silence_binary/cough/aswine_ALA_E_2_2020-09-30_12-22-37_726_t0000150000.wav,cough
data/processed/cough_silence_binary/other/aswine_ALA_E_2_2020-09-30_10-04-28_503_t0000253000.wav,other
data/processed/cough_silence_binary/other/aswine_ALA_E_2_2020-09-30_09-28-25_922_t0000082000.wav,other
data/processed/cough_silence_binary/cough/aswine_ALA_E_2_2020-09-30_05-28-09_636_t0000064000.wav,cough
data/processed/cough_silence_binary/cough/aswine_ALA_E_2_2020-09-30_01-21-52_571_t0000130000.wav,cough
data/processed/cough_silence_binary/cough/aswine_ALA_E_2_2020-09-30_12-16-37_446_t0000344000.wav,cough
data/processed/cough_silence_binary/cough/aswine_ALA_E_2_2020-09-30_04-40-05_833_t0000228000.wav,cough
data/processed/cough_silence_binary/other/aswine_ALA_E_2_2020-09-30_08-52-23_287_t0000289000.wav,other
data/processed/cough_silence_binary/cough/aswine_ALA_E_2_2020-09-30_12-04-36_656_t0000256000.wav,cough
data/processed/cough_silence_binary/other/aswine_ALA_E_2_2020-09-30_02-15-56_094_t0000319000.wav,other
data/processed/cough_silence_binary/other/aswine_ALA_E_2_2020-09-30_01-03-51_362_t0000081000.wav,other
data/processed/cough_silence_binary/cough/aswine_ALA_E_2_2020-09-30_02-39-57_569_t0000239000.wav,cough
data/processed/cough_silence_binary/cough/aswine_ALA_E_2_2020-09-30_00-57-50_867_t0000072000.wav,cough
data/processed/cough_silence_binary/cough/aswine_ALA_E_2_2020-09-30_02-57-58_802_t0000009000.wav,cough
data/processed/cough_silence_binary/other/aswine_ALA_E_2_2020-09-30_07-58-19_477_t0000256000.wav,other
data/processed/cough_silence_binary/other/aswine_ALA_E_2_2020-09-30_02-09-55_811_t0000295000.wav,other
data/processed/cough_silence_binary/cough/aswine_ALA_E_2_2020-09-30_11-16-33_282_t0000302000.wav,cough
data/processed/cough_silence_binary/cough/aswine_ALA_E_2_2020-09-30_14-16-45_975_t0000154000.wav,cough
data/processed/cough_silence_binary/cough/aswine_ALA_E_2_2020-09-30_03-28-00_803_t0000003000.wav,cough
data/processed/cough_silence_binary/cough/aswine_ALA_E_2_2020-09-30_01-45-54_312_t0000053000.wav,cough
data/processed/cough_silence_binary/cough/aswine_ALA_E_2_2020-09-30_02-15-56_094_t0000053000.wav,cough
data/processed/cough_silence_binary/cough/aswine_ALA_E_2_2020-09-30_08-22-21_043_t0000009000.wav,cough
data/processed/cough_silence_binary/cough/aswine_ALA_E_2_2020-09-30_05-28-09_636_t0000319000.wav,cough
data/processed/cough_silence_binary/other/aswine_ALA_E_2_2020-09-30_04-16-04_352_t0000296000.wav,other
C:\py\pigsound\pig-sound-classification\det_round1_clips\ALA_000347_v2\other_clean\ALA_000347_v2_rank022_p0.812_src140.60-141.60_clip140.60-141.60.wav,other
C:\py\pigsound\pig-sound-classification\det_round1_clips\ALA_000347_v2\other_clean\ALA_000347_rank065_p0.751_src180.40-181.40_clip180.40-181.40.wav,other
data/processed/cough_silence_binary/cough/aswine_ALA_E_2_2020-09-30_11-58-36_255_t0000058000.wav,cough
data/processed/cough_silence_binary/cough/aswine_ALA_E_2_2020-09-30_04-40-05_833_t0000229000.wav,cough
data/processed/cough_silence_binary/other/aswine_ALA_E_2_2020-09-30_00-33-49_105_t0000355000.wav,other
data/processed/cough_silence_binary/cough/aswine_ALA_E_2_2020-09-30_07-52-19_149_t0000343000.wav,cough
data/processed/cough_silence_binary/other/aswine_ALA_E_2_2020-09-30_12-28-38_125_t0000067000.wav,other
data/processed/cough_silence_binary/other/aswine_ALA_E_2_2020-09-30_04-04-03_325_t0000090000.wav,other
data/processed/cough_silence_binary/other/aswine_ALA_E_2_2020-09-30_14-46-47_980_t0000112000.wav,other
data/processed/cough_silence_binary/cough/aswine_ALA_E_2_2020-09-30_05-04-07_555_t0000265000.wav,cough
data/processed/cough_silence_binary/other/aswine_ALA_E_2_2020-09-30_02-45-57_858_t0000045000.wav,other
data/processed/cough_silence_binary/cough/aswine_ALA_E_2_2020-09-30_07-16-16_914_t0000167000.wav,cough
data/processed/cough_silence_binary/other/aswine_ALA_E_2_2020-09-30_03-03-59_085_t0000307000.wav,other
data/processed/cough_silence_binary/other/aswine_ALA_E_2_2020-09-30_02-39-57_569_t0000221000.wav,other
data/processed/cough_silence_binary/other/aswine_ALA_E_2_2020-09-30_10-52-31_596_t0000351000.wav,other
data/processed/cough_silence_binary/cough/aswine_ALA_E_2_2020-09-30_14-58-48_774_t0000200000.wav,cough
data/processed/cough_silence_binary/cough/aswine_ALA_E_2_2020-09-30_09-10-24_673_t0000305000.wav,cough
data/processed/cough_silence_binary/cough/aswine_ALA_E_2_2020-09-30_10-46-31_261_t0000120000.wav,cough
data/processed/cough_silence_binary/cough/aswine_ALA_E_2_2020-09-30_02-33-57_095_t0000012000.wav,cough
data/processed/cough_silence_binary/cough/aswine_ALA_E_2_2020-09-30_02-45-57_858_t0000306000.wav,cough
data/processed/cough_silence_binary/cough/aswine_ALA_E_2_2020-09-30_02-03-55_346_t0000353000.wav,cough
data/processed/cough_silence_binary/other/aswine_ALA_E_2_2020-09-30_15-04-48_982_t0000227000.wav,other
data/processed/cough_silence_binary/cough/aswine_ALA_E_2_2020-09-30_13-58-44_665_t0000234000.wav,cough
data/processed/cough_silence_binary/cough/aswine_ALA_E_2_2020-09-30_05-28-09_636_t0000061000.wav,cough
data/processed/cough_silence_binary/cough/aswine_ALA_E_2_2020-09-30_01-21-52_571_t0000134000.wav,cough
data/processed/cough_silence_binary/cough/aswine_ALA_E_2_2020-09-30_12-34-38_544_t0000088000.wav,cough
data/processed/cough_silence_binary/other/aswine_ALA_E_2_2020-09-30_01-39-53_821_t0000344000.wav,other
data/processed/cough_silence_binary/other/aswine_ALA_E_2_2020-09-30_11-16-33_282_t0000334000.wav,other
data/processed/cough_silence_binary/cough/aswine_ALA_E_2_2020-09-30_06-28-13_427_t0000303000.wav,cough
data/processed/cough_silence_binary/other/aswine_ALA_E_2_2020-09-30_11-34-34_656_t0000252000.wav,other
data/processed/cough_silence_binary/cough/aswine_ALA_E_2_2020-09-30_04-46-06_338_t0000117000.wav,cough
data/processed/cough_silence_binary/cough/aswine_ALA_E_2_2020-09-30_05-28-09_636_t0000307000.wav,cough
data/processed/cough_silence_binary/other/aswine_ALA_E_2_2020-09-30_12-28-38_125_t0000092000.wav,other
data/processed/cough_silence_binary/other/aswine_ALA_E_2_2020-09-30_06-58-15_681_t0000112000.wav,other
data/processed/cough_silence_binary/cough/aswine_ALA_E_2_2020-09-30_06-52-15_207_t0000320000.wav,cough
data/processed/cough_silence_binary/other/aswine_ALA_E_2_2020-09-30_03-52-02_333_t0000195000.wav,other
data/processed/cough_silence_binary/other/aswine_ALA_E_2_2020-09-30_01-51-54_564_t0000168000.wav,other
data/processed/cough_silence_binary/other/aswine_ALA_E_2_2020-09-30_04-58-07_090_t0000222000.wav,other
data/processed/cough_silence_binary/other/aswine_ALA_E_2_2020-09-30_03-34-01_104_t0000057000.wav,other
C:\py\pigsound\pig-sound-classification\det_round1_clips\ALA_000347_v2\other_clean\ALA_000347_rank053_p0.770_src132.40-133.40_clip132.40-133.40.wav,other
data/processed/cough_silence_binary/cough/aswine_ALA_E_2_2020-09-30_03-22-00_565_t0000351000.wav,cough
data/processed/cough_silence_binary/other/aswine_ALA_E_2_2020-09-30_10-22-29_769_t0000165000.wav,other
data/processed/cough_silence_binary/cough/aswine_ALA_E_2_2020-09-30_14-16-45_975_t0000150000.wav,cough
data/processed/cough_silence_binary/other/aswine_ALA_E_2_2020-09-30_05-04-07_555_t0000125000.wav,other
data/processed/cough_silence_binary/cough/aswine_ALA_E_2_2020-09-30_11-22-33_630_t0000013000.wav,cough
data/processed/cough_silence_binary/other/aswine_ALA_E_2_2020-09-30_10-58-32_034_t0000244000.wav,other
data/processed/cough_silence_binary/other/aswine_ALA_E_2_2020-09-30_03-09-59_585_t0000354000.wav,other
data/processed/cough_silence_binary/cough/aswine_ALA_E_2_2020-09-30_03-22-00_565_t0000359000.wav,cough
data/processed/cough_silence_binary/other/aswine_ALA_E_2_2020-09-30_07-16-16_914_t0000217000.wav,other
data/processed/cough_silence_binary/cough/aswine_ALA_E_2_2020-09-30_10-34-30_545_t0000235000.wav,cough
data/processed/cough_silence_binary/cough/aswine_ALA_E_2_2020-09-30_08-04-19_788_t0000349000.wav,cough
data/processed/cough_silence_binary/other/aswine_ALA_E_2_2020-09-30_12-34-38_544_t0000173000.wav,other
data/processed/cough_silence_binary/other/aswine_ALA_E_2_2020-09-30_11-16-33_282_t0000145000.wav,other
data/processed/cough_silence_binary/other/aswine_ALA_E_2_2020-09-30_03-58-02_785_t0000041000.wav,other
data/processed/cough_silence_binary/other/aswine_ALA_E_2_2020-09-30_06-16-12_660_t0000012000.wav,other
data/processed/cough_silence_binary/cough/aswine_ALA_E_2_2020-09-30_02-57-58_802_t0000015000.wav,cough
data/processed/cough_silence_binary/cough/aswine_ALA_E_2_2020-09-30_10-22-29_769_t0000068000.wav,cough
data/processed/cough_silence_binary/cough/aswine_ALA_E_2_2020-09-30_14-40-47_610_t0000213000.wav,cough
data/processed/cough_silence_binary/other/aswine_ALA_E_2_2020-09-30_05-22-09_088_t0000078000.wav,other
data/processed/cough_silence_binary/other/aswine_ALA_E_2_2020-09-30_02-27-56_846_t0000142000.wav,other
data/processed/cough_silence_binary/other/aswine_ALA_E_2_2020-09-30_01-27-52_851_t0000047000.wav,other
data/processed/cough_silence_binary/cough/aswine_ALA_E_2_2020-09-30_08-28-21_427_t0000130000.wav,cough
data/processed/cough_silence_binary/other/aswine_ALA_E_2_2020-09-30_02-57-58_802_t0000238000.wav,other
C:\py\pigsound\pig-sound-classification\det_round1_clips\ALA_000347_v2\other_clean\ALA_000347_v2_rank024_p0.801_src178.00-179.00_clip178.00-179.00.wav,other
data/processed/cough_silence_binary/other/aswine_ALA_E_2_2020-09-30_07-16-16_914_t0000100000.wav,other
data/processed/cough_silence_binary/cough/aswine_ALA_E_2_2020-09-30_02-45-57_858_t0000018000.wav,cough
data/processed/cough_silence_binary/cough/aswine_ALA_E_2_2020-09-30_05-22-09_088_t0000253000.wav,cough
data/processed/cough_silence_binary/other/aswine_ALA_E_2_2020-09-30_02-33-57_095_t0000354000.wav,other
data/processed/cough_silence_binary/cough/aswine_ALA_E_2_2020-09-30_04-16-04_352_t0000237000.wav,cough
data/processed/cough_silence_binary/other/aswine_ALA_E_2_2020-09-30_07-16-16_914_t0000270000.wav,other
data/processed/cough_silence_binary/other/aswine_ALA_E_2_2020-09-30_02-57-58_802_t0000095000.wav,other
data/processed/cough_silence_binary/other/aswine_ALA_E_2_2020-09-30_01-39-53_821_t0000073000.wav,other
data/processed/cough_silence_binary/cough/aswine_ALA_E_2_2020-09-30_04-22-04_594_t0000190000.wav,cough
data/processed/cough_silence_binary/other/aswine_ALA_E_2_2020-09-30_13-34-42_899_t0000301000.wav,other
data/processed/cough_silence_binary/other/aswine_ALA_E_2_2020-09-30_01-45-54_312_t0000087000.wav,other
data/processed/cough_silence_binary/cough/aswine_ALA_E_2_2020-09-30_02-45-57_858_t0000022000.wav,cough
data/processed/cough_silence_binary/cough/aswine_ALA_E_2_2020-09-30_10-28-30_177_t0000284000.wav,cough
data/processed/cough_silence_binary/cough/aswine_ALA_E_2_2020-09-30_12-16-37_446_t0000143000.wav,cough
data/processed/cough_silence_binary/cough/aswine_ALA_E_2_2020-09-30_12-16-37_446_t0000325000.wav,cough
data/processed/cough_silence_binary/other/aswine_ALA_E_2_2020-09-30_15-04-48_982_t0000076000.wav,other
data/processed/cough_silence_binary/cough/aswine_ALA_E_2_2020-09-30_05-22-09_088_t0000127000.wav,cough
data/processed/cough_silence_binary/other/aswine_ALA_E_2_2020-09-30_06-16-12_660_t0000132000.wav,other
data/processed/cough_silence_binary/cough/aswine_ALA_E_2_2020-09-30_14-34-47_375_t0000299000.wav,cough
data/processed/cough_silence_binary/other/aswine_ALA_E_2_2020-09-30_08-40-22_263_t0000053000.wav,other
data/processed/cough_silence_binary/other/aswine_ALA_E_2_2020-09-30_12-10-37_151_t0000316000.wav,other
data/processed/cough_silence_binary/cough/aswine_ALA_E_2_2020-09-30_05-04-07_555_t0000264000.wav,cough
data/processed/cough_silence_binary/other/aswine_ALA_E_2_2020-09-30_08-22-21_043_t0000043000.wav,other
data/processed/cough_silence_binary/cough/aswine_ALA_E_2_2020-09-30_05-52-11_272_t0000053000.wav,cough
data/processed/cough_silence_binary/cough/aswine_ALA_E_2_2020-09-30_02-39-57_569_t0000034000.wav,cough
data/processed/cough_silence_binary/cough/aswine_ALA_E_2_2020-09-30_05-52-11_272_t0000321000.wav,cough
data/processed/cough_silence_binary/other/aswine_ALA_E_2_2020-09-30_04-10-03_850_t0000324000.wav,other
data/processed/cough_silence_binary/other/aswine_ALA_E_2_2020-09-30_01-45-54_312_t0000311000.wav,other
data/processed/cough_silence_binary/cough/aswine_ALA_E_2_2020-09-30_04-34-05_333_t0000196000.wav,cough
data/processed/cough_silence_binary/cough/aswine_ALA_E_2_2020-09-30_06-04-11_764_t0000011000.wav,cough
data/processed/cough_silence_binary/cough/aswine_ALA_E_2_2020-09-30_09-10-24_673_t0000338000.wav,cough
data/processed/cough_silence_binary/other/aswine_ALA_E_2_2020-09-30_14-16-45_975_t0000146000.wav,other
data/processed/cough_silence_binary/other/aswine_ALA_E_2_2020-09-30_06-28-13_427_t0000041000.wav,other
data/processed/cough_silence_binary/other/aswine_ALA_E_2_2020-09-30_00-51-50_372_t0000279000.wav,other
data/processed/cough_silence_binary/cough/aswine_ALA_E_2_2020-09-30_10-40-30_865_t0000344000.wav,cough
data/processed/cough_silence_binary/cough/aswine_ALA_E_2_2020-09-30_01-15-52_167_t0000338000.wav,cough
data/processed/cough_silence_binary/other/aswine_ALA_E_2_2020-09-30_00-33-49_105_t0000185000.wav,other
data/processed/cough_silence_binary/other/aswine_ALA_E_2_2020-09-30_03-52-02_333_t0000276000.wav,other
data/processed/cough_silence_binary/other/aswine_ALA_E_2_2020-09-30_05-34-10_160_t0000106000.wav,other
data/processed/cough_silence_binary/other/aswine_ALA_E_2_2020-09-30_00-39-49_327_t0000198000.wav,other
data/processed/cough_silence_binary/cough/aswine_ALA_E_2_2020-09-30_10-52-31_596_t0000042000.wav,cough
data/processed/cough_silence_binary/other/aswine_ALA_E_2_2020-09-30_08-40-22_263_t0000030000.wav,other
data/processed/cough_silence_binary/cough/aswine_ALA_E_2_2020-09-30_14-58-48_774_t0000202000.wav,cough
data/processed/cough_silence_binary/cough/aswine_ALA_E_2_2020-09-30_11-16-33_282_t0000269000.wav,cough
data/processed/cough_silence_binary/other/aswine_ALA_E_2_2020-09-30_08-22-21_043_t0000249000.wav,other
data/processed/cough_silence_binary/other/aswine_ALA_E_2_2020-09-30_07-10-16_555_t0000237000.wav,other
data/processed/cough_silence_binary/other/aswine_ALA_E_2_2020-09-30_04-40-05_833_t0000260000.wav,other
data/processed/cough_silence_binary/cough/aswine_ALA_E_2_2020-09-30_08-04-19_788_t0000295000.wav,cough
data/processed/cough_silence_binary/other/aswine_ALA_E_2_2020-09-30_02-39-57_569_t0000146000.wav,other
data/processed/cough_silence_binary/other/aswine_ALA_E_2_2020-09-30_04-34-05_333_t0000184000.wav,other
data/processed/cough_silence_binary/cough/aswine_ALA_E_2_2020-09-30_14-40-47_610_t0000217000.wav,cough
data/processed/cough_silence_binary/other/aswine_ALA_E_2_2020-09-30_05-22-09_088_t0000300000.wav,other
data/processed/cough_silence_binary/other/aswine_ALA_E_2_2020-09-30_04-28-05_047_t0000294000.wav,other
data/processed/cough_silence_binary/cough/aswine_ALA_E_2_2020-09-30_10-16-29_272_t0000116000.wav,cough
data/processed/cough_silence_binary/cough/aswine_ALA_E_2_2020-09-30_10-40-30_865_t0000271000.wav,cough
data/processed/cough_silence_binary/other/aswine_ALA_E_2_2020-09-30_04-34-05_333_t0000118000.wav,other
data/processed/cough_silence_binary/cough/aswine_ALA_E_2_2020-09-30_00-51-50_372_t0000098000.wav,cough
data/processed/cough_silence_binary/other/aswine_ALA_E_2_2020-09-30_01-51-54_564_t0000144000.wav,other
data/processed/cough_silence_binary/cough/aswine_ALA_E_2_2020-09-30_02-39-57_569_t0000112000.wav,cough
data/processed/cough_silence_binary/other/aswine_ALA_E_2_2020-09-30_11-34-34_656_t0000212000.wav,other
data/processed/cough_silence_binary/cough/aswine_ALA_E_2_2020-09-30_03-16-00_102_t0000145000.wav,cough
data/processed/cough_silence_binary/cough/aswine_ALA_E_2_2020-09-30_04-46-06_338_t0000215000.wav,cough
data/processed/cough_silence_binary/cough/aswine_ALA_E_2_2020-09-30_01-27-52_851_t0000237000.wav,cough
data/processed/cough_silence_binary/other/aswine_ALA_E_2_2020-09-30_07-10-16_555_t0000239000.wav,other
data/processed/cough_silence_binary/other/aswine_ALA_E_2_2020-09-30_06-34-13_773_t0000334000.wav,other
data/processed/cough_silence_binary/cough/aswine_ALA_E_2_2020-09-30_12-04-36_656_t0000270000.wav,cough
data/processed/cough_silence_binary/cough/aswine_ALA_E_2_2020-09-30_10-34-30_545_t0000234000.wav,cough
data/processed/cough_silence_binary/other/aswine_ALA_E_2_2020-09-30_00-45-49_855_t0000114000.wav,other
data/processed/cough_silence_binary/cough/aswine_ALA_E_2_2020-09-30_05-22-09_088_t0000123000.wav,cough
data/processed/cough_silence_binary/cough/aswine_ALA_E_2_2020-09-30_14-10-45_685_t0000337000.wav,cough
data/processed/cough_silence_binary/other/aswine_ALA_E_2_2020-09-30_04-16-04_352_t0000331000.wav,other
data/processed/cough_silence_binary/cough/aswine_ALA_E_2_2020-09-30_03-40-01_553_t0000165000.wav,cough
data/processed/cough_silence_binary/other/aswine_ALA_E_2_2020-09-30_04-58-07_090_t0000324000.wav,other
data/processed/cough_silence_binary/other/aswine_ALA_E_2_2020-09-30_04-10-03_850_t0000210000.wav,other
data/processed/cough_silence_binary/other/aswine_ALA_E_2_2020-09-30_08-40-22_263_t0000195000.wav,other
data/processed/cough_silence_binary/cough/aswine_ALA_E_2_2020-09-30_12-22-37_726_t0000061000.wav,cough
data/processed/cough_silence_binary/other/aswine_ALA_E_2_2020-09-30_00-45-49_855_t0000166000.wav,other
C:\py\pigsound\pig-sound-classification\det_round1_clips\ALA_000347_v2\other_clean\ALA_000347_rank018_p0.874_src289.30-290.30_clip289.30-290.30.wav,other
data/processed/cough_silence_binary/cough/aswine_ALA_E_2_2020-09-30_11-10-32_919_t0000356000.wav,cough
data/processed/cough_silence_binary/cough/aswine_ALA_E_2_2020-09-30_02-39-57_569_t0000045000.wav,cough
data/processed/cough_silence_binary/cough/aswine_ALA_E_2_2020-09-30_10-46-31_261_t0000111000.wav,cough
data/processed/cough_silence_binary/cough/aswine_ALA_E_2_2020-09-30_10-10-28_848_t0000059000.wav,cough
data/processed/cough_silence_binary/cough/aswine_ALA_E_2_2020-09-30_05-34-10_160_t0000240000.wav,cough
data/processed/cough_silence_binary/cough/aswine_ALA_E_2_2020-09-30_09-10-24_673_t0000303000.wav,cough
data/processed/cough_silence_binary/cough/aswine_ALA_E_2_2020-09-30_12-04-36_656_t0000272000.wav,cough
data/processed/cough_silence_binary/cough/aswine_ALA_E_2_2020-09-30_02-39-57_569_t0000295000.wav,cough
data/processed/cough_silence_binary/other/aswine_ALA_E_2_2020-09-30_05-46-10_875_t0000038000.wav,other
data/processed/cough_silence_binary/cough/aswine_ALA_E_2_2020-09-30_10-10-28_848_t0000029000.wav,cough
data/processed/cough_silence_binary/other/aswine_ALA_E_2_2020-09-30_10-58-32_034_t0000030000.wav,other
data/processed/cough_silence_binary/other/aswine_ALA_E_2_2020-09-30_05-22-09_088_t0000103000.wav,other
data/processed/cough_silence_binary/other/aswine_ALA_E_2_2020-09-30_06-04-11_764_t0000239000.wav,other
data/processed/cough_silence_binary/other/aswine_ALA_E_2_2020-09-30_09-22-25_390_t0000092000.wav,other
data/processed/cough_silence_binary/other/aswine_ALA_E_2_2020-09-30_01-51-54_564_t0000222000.wav,other
data/processed/cough_silence_binary/cough/aswine_ALA_E_2_2020-09-30_02-15-56_094_t0000051000.wav,cough
data/processed/cough_silence_binary/cough/aswine_ALA_E_2_2020-09-30_04-52-06_595_t0000308000.wav,cough
data/processed/cough_silence_binary/other/aswine_ALA_E_2_2020-09-30_08-40-22_263_t0000110000.wav,other
data/processed/cough_silence_binary/cough/aswine_ALA_E_2_2020-09-30_04-22-04_594_t0000166000.wav,cough
data/processed/cough_silence_binary/other/aswine_ALA_E_2_2020-09-30_05-34-10_160_t0000030000.wav,other
data/processed/cough_silence_binary/other/aswine_ALA_E_2_2020-09-30_12-16-37_446_t0000127000.wav,other
C:\py\pigsound\pig-sound-classification\det_round1_clips\ALA_000347_v2\other_clean\ALA_000347_oldv1_rank040_p0.852_src246.60-247.60_clip246.60-247.60.wav,other
data/processed/cough_silence_binary/other/aswine_ALA_E_2_2020-09-30_03-34-01_104_t0000066000.wav,other
data/processed/cough_silence_binary/other/aswine_ALA_E_2_2020-09-30_01-09-51_828_t0000068000.wav,other
data/processed/cough_silence_binary/other/aswine_ALA_E_2_2020-09-30_01-09-51_828_t0000006000.wav,other
data/processed/cough_silence_binary/other/aswine_ALA_E_2_2020-09-30_01-09-51_828_t0000214000.wav,other
data/processed/cough_silence_binary/other/aswine_ALA_E_2_2020-09-30_03-28-00_803_t0000085000.wav,other
data/processed/cough_silence_binary/other/aswine_ALA_E_2_2020-09-30_08-04-19_788_t0000272000.wav,other
data/processed/cough_silence_binary/cough/aswine_ALA_E_2_2020-09-30_11-52-35_892_t0000254000.wav,cough
data/processed/cough_silence_binary/other/aswine_ALA_E_2_2020-09-30_05-28-09_636_t0000004000.wav,other
data/processed/cough_silence_binary/cough/aswine_ALA_E_2_2020-09-30_01-27-52_851_t0000244000.wav,cough
data/processed/cough_silence_binary/cough/aswine_ALA_E_2_2020-09-30_11-52-35_892_t0000213000.wav,cough
data/processed/cough_silence_binary/other/aswine_ALA_E_2_2020-09-30_12-04-36_656_t0000104000.wav,other
C:\py\pigsound\pig-sound-classification\det_round1_clips\ALA_000347_v2\other_clean\ALA_000347_rank012_p0.908_src102.10-103.10_clip102.10-103.10.wav,other
data/processed/cough_silence_binary/cough/aswine_ALA_E_2_2020-09-30_06-34-13_773_t0000238000.wav,cough
data/processed/cough_silence_binary/cough/aswine_ALA_E_2_2020-09-30_12-04-36_656_t0000147000.wav,cough
data/processed/cough_silence_binary/other/aswine_ALA_E_2_2020-09-30_10-22-29_769_t0000253000.wav,other
data/processed/cough_silence_binary/cough/aswine_ALA_E_2_2020-09-30_11-28-34_169_t0000082000.wav,cough
data/processed/cough_silence_binary/other/aswine_ALA_E_2_2020-09-30_01-51-54_564_t0000003000.wav,other
data/processed/cough_silence_binary/cough/aswine_ALA_E_2_2020-09-30_12-28-38_125_t0000147000.wav,cough
C:\py\pigsound\pig-sound-classification\det_round1_clips\ALA_000347_v2\other_clean\ALA_000347_oldv1_rank075_p0.654_src223.20-224.20_clip223.20-224.20.wav,other
data/processed/cough_silence_binary/other/aswine_ALA_E_2_2020-09-30_09-52-27_645_t0000087000.wav,other
data/processed/cough_silence_binary/other/aswine_ALA_E_2_2020-09-30_10-46-31_261_t0000198000.wav,other
data/processed/cough_silence_binary/cough/aswine_ALA_E_2_2020-09-30_03-22-00_565_t0000318000.wav,cough
data/processed/cough_silence_binary/cough/aswine_ALA_E_2_2020-09-30_11-58-36_255_t0000297000.wav,cough
data/processed/cough_silence_binary/other/aswine_ALA_E_2_2020-09-30_06-34-13_773_t0000355000.wav,other
data/processed/cough_silence_binary/other/aswine_ALA_E_2_2020-09-30_03-28-00_803_t0000095000.wav,other
data/processed/cough_silence_binary/other/aswine_ALA_E_2_2020-09-30_02-51-58_296_t0000309000.wav,other
data/processed/cough_silence_binary/other/aswine_ALA_E_2_2020-09-30_04-10-03_850_t0000336000.wav,other
data/processed/cough_silence_binary/other/aswine_ALA_E_2_2020-09-30_04-34-05_333_t0000244000.wav,other
data/processed/cough_silence_binary/other/aswine_ALA_E_2_2020-09-30_11-28-34_169_t0000050000.wav,other
data/processed/cough_silence_binary/cough/aswine_ALA_E_2_2020-09-30_12-16-37_446_t0000326000.wav,cough
data/processed/cough_silence_binary/cough/aswine_ALA_E_2_2020-09-30_02-39-57_569_t0000214000.wav,cough
data/processed/cough_silence_binary/cough/aswine_ALA_E_2_2020-09-30_11-16-33_282_t0000304000.wav,cough
data/processed/cough_silence_binary/cough/aswine_ALA_E_2_2020-09-30_02-45-57_858_t0000014000.wav,cough
data/processed/cough_silence_binary/other/aswine_ALA_E_2_2020-09-30_01-09-51_828_t0000063000.wav,other
data/processed/cough_silence_binary/other/aswine_ALA_E_2_2020-09-30_03-52-02_333_t0000253000.wav,other
data/processed/cough_silence_binary/cough/aswine_ALA_E_2_2020-09-30_14-58-48_774_t0000206000.wav,cough
data/processed/cough_silence_binary/other/aswine_ALA_E_2_2020-09-30_02-21-56_604_t0000321000.wav,other
data/processed/cough_silence_binary/other/aswine_ALA_E_2_2020-09-30_06-46-14_713_t0000208000.wav,other
data/processed/cough_silence_binary/cough/aswine_ALA_E_2_2020-09-30_05-04-07_555_t0000112000.wav,cough
data/processed/cough_silence_binary/cough/aswine_ALA_E_2_2020-09-30_01-03-51_362_t0000274000.wav,cough
data/processed/cough_silence_binary/cough/aswine_ALA_E_2_2020-09-30_15-04-48_982_t0000175000.wav,cough
C:\py\pigsound\pig-sound-classification\det_round1_clips\ALA_000347_v2\other_clean\ALA_000347_v2_rank010_p0.913_src135.50-136.50_clip135.50-136.50.wav,other
data/processed/cough_silence_binary/cough/aswine_ALA_E_2_2020-09-30_03-22-00_565_t0000320000.wav,cough
data/processed/cough_silence_binary/cough/aswine_ALA_E_2_2020-09-30_06-10-12_288_t0000332000.wav,cough
data/processed/cough_silence_binary/cough/aswine_ALA_E_2_2020-09-30_11-16-33_282_t0000268000.wav,cough
data/processed/cough_silence_binary/other/aswine_ALA_E_2_2020-09-30_07-04-16_154_t0000131000.wav,other
C:\py\pigsound\pig-sound-classification\det_round1_clips\ALA_000347_v2\other_clean\ALA_000347_v2_rank028_p0.793_src255.20-256.20_clip255.20-256.20.wav,other
data/processed/cough_silence_binary/cough/aswine_ALA_E_2_2020-09-30_04-04-03_325_t0000328000.wav,cough
data/processed/cough_silence_binary/cough/aswine_ALA_E_2_2020-09-30_02-03-55_346_t0000098000.wav,cough
data/processed/cough_silence_binary/other/aswine_ALA_E_2_2020-09-30_08-52-23_287_t0000090000.wav,other
data/processed/cough_silence_binary/cough/aswine_ALA_E_2_2020-09-30_03-09-59_585_t0000209000.wav,cough
data/processed/cough_silence_binary/other/aswine_ALA_E_2_2020-09-30_02-51-58_296_t0000055000.wav,other
data/processed/cough_silence_binary/cough/aswine_ALA_E_2_2020-09-30_14-40-47_610_t0000216000.wav,cough
data/processed/cough_silence_binary/cough/aswine_ALA_E_2_2020-09-30_04-16-04_352_t0000086000.wav,cough
data/processed/cough_silence_binary/cough/aswine_ALA_E_2_2020-09-30_11-58-36_255_t0000254000.wav,cough
data/processed/cough_silence_binary/cough/aswine_ALA_E_2_2020-09-30_02-27-56_846_t0000128000.wav,cough
data/processed/cough_silence_binary/other/aswine_ALA_E_2_2020-09-30_11-28-34_169_t0000115000.wav,other
data/processed/cough_silence_binary/cough/aswine_ALA_E_2_2020-09-30_10-52-31_596_t0000150000.wav,cough
data/processed/cough_silence_binary/other/aswine_ALA_E_2_2020-09-30_09-52-27_645_t0000028000.wav,other
data/processed/cough_silence_binary/other/aswine_ALA_E_2_2020-09-30_02-27-56_846_t0000162000.wav,other
data/processed/cough_silence_binary/cough/aswine_ALA_E_2_2020-09-30_08-46-22_731_t0000327000.wav,cough
data/processed/cough_silence_binary/other/aswine_ALA_E_2_2020-09-30_03-28-00_803_t0000340000.wav,other
data/processed/cough_silence_binary/other/aswine_ALA_E_2_2020-09-30_02-27-56_846_t0000297000.wav,other
data/processed/cough_silence_binary/cough/aswine_ALA_E_2_2020-09-30_11-10-32_919_t0000197000.wav,cough
data/processed/cough_silence_binary/cough/aswine_ALA_E_2_2020-09-30_10-52-31_596_t0000151000.wav,cough
data/processed/cough_silence_binary/other/aswine_ALA_E_2_2020-09-30_00-21-48_316_t0000003000.wav,other
data/processed/cough_silence_binary/cough/aswine_ALA_E_2_2020-09-30_02-27-56_846_t0000118000.wav,cough
data/processed/cough_silence_binary/cough/aswine_ALA_E_2_2020-09-30_04-16-04_352_t0000294000.wav,cough
data/processed/cough_silence_binary/other/aswine_ALA_E_2_2020-09-30_14-52-48_424_t0000014000.wav,other
data/processed/cough_silence_binary/cough/aswine_ALA_E_2_2020-09-30_02-57-58_802_t0000023000.wav,cough
data/processed/cough_silence_binary/cough/aswine_ALA_E_2_2020-09-30_04-16-04_352_t0000272000.wav,cough
data/processed/cough_silence_binary/other/aswine_ALA_E_2_2020-09-30_03-16-00_102_t0000126000.wav,other
data/processed/cough_silence_binary/other/aswine_ALA_E_2_2020-09-30_04-10-03_850_t0000171000.wav,other
data/processed/cough_silence_binary/cough/aswine_ALA_E_2_2020-09-30_05-04-07_555_t0000263000.wav,cough
data/processed/cough_silence_binary/other/aswine_ALA_E_2_2020-09-30_01-51-54_564_t0000041000.wav,other
data/processed/cough_silence_binary/other/aswine_ALA_E_2_2020-09-30_05-04-07_555_t0000273000.wav,other
data/processed/cough_silence_binary/other/aswine_ALA_E_2_2020-09-30_15-10-49_329_t0000233000.wav,other
data/processed/cough_silence_binary/other/aswine_ALA_E_2_2020-09-30_04-04-03_325_t0000007000.wav,other
data/processed/cough_silence_binary/other/aswine_ALA_E_2_2020-09-30_08-28-21_427_t0000176000.wav,other
C:\py\pigsound\pig-sound-classification\det_round1_clips\ALA_000347_v2\other_clean\ALA_000347_v2_rank024_p0.823_src127.00-128.00_clip127.00-128.00.wav,other
data/processed/cough_silence_binary/cough/aswine_ALA_E_2_2020-09-30_06-16-12_660_t0000187000.wav,cough
data/processed/cough_silence_binary/other/aswine_ALA_E_2_2020-09-30_02-21-56_604_t0000119000.wav,other
data/processed/cough_silence_binary/other/aswine_ALA_E_2_2020-09-30_04-40-05_833_t0000302000.wav,other
data/processed/cough_silence_binary/other/aswine_ALA_E_2_2020-09-30_01-03-51_362_t0000084000.wav,other
data/processed/cough_silence_binary/cough/aswine_ALA_E_2_2020-09-30_14-28-46_892_t0000360000.wav,cough
data/processed/cough_silence_binary/other/aswine_ALA_E_2_2020-09-30_11-52-35_892_t0000074000.wav,other
data/processed/cough_silence_binary/cough/aswine_ALA_E_2_2020-09-30_06-04-11_764_t0000015000.wav,cough
data/processed/cough_silence_binary/other/aswine_ALA_E_2_2020-09-30_02-15-56_094_t0000228000.wav,other
data/processed/cough_silence_binary/cough/aswine_ALA_E_2_2020-09-30_13-34-42_899_t0000179000.wav,cough
data/processed/cough_silence_binary/other/aswine_ALA_E_2_2020-09-30_08-34-21_763_t0000327000.wav,other
data/processed/cough_silence_binary/other/aswine_ALA_E_2_2020-09-30_12-34-38_544_t0000167000.wav,other
data/processed/cough_silence_binary/other/aswine_ALA_E_2_2020-09-30_11-28-34_169_t0000016000.wav,other
data/processed/cough_silence_binary/other/aswine_ALA_E_2_2020-09-30_05-04-07_555_t0000121000.wav,other
data/processed/cough_silence_binary/cough/aswine_ALA_E_2_2020-09-30_03-16-00_102_t0000187000.wav,cough
data/processed/cough_silence_binary/cough/aswine_ALA_E_2_2020-09-30_02-39-57_569_t0000240000.wav,cough
data/processed/cough_silence_binary/other/aswine_ALA_E_2_2020-09-30_06-28-13_427_t0000285000.wav,other
data/processed/cough_silence_binary/cough/aswine_ALA_E_2_2020-09-30_05-28-09_636_t0000062000.wav,cough
data/processed/cough_silence_binary/cough/aswine_ALA_E_2_2020-09-30_01-21-52_571_t0000089000.wav,cough
data/processed/cough_silence_binary/other/aswine_ALA_E_2_2020-09-30_09-10-24_673_t0000333000.wav,other
data/processed/cough_silence_binary/other/aswine_ALA_E_2_2020-09-30_14-46-47_980_t0000207000.wav,other
data/processed/cough_silence_binary/other/aswine_ALA_E_2_2020-09-30_10-46-31_261_t0000015000.wav,other
data/processed/cough_silence_binary/cough/aswine_ALA_E_2_2020-09-30_12-10-37_151_t0000094000.wav,cough
data/processed/cough_silence_binary/other/aswine_ALA_E_2_2020-09-30_02-03-55_346_t0000146000.wav,other
data/processed/cough_silence_binary/cough/aswine_ALA_E_2_2020-09-30_12-10-37_151_t0000152000.wav,cough
data/processed/cough_silence_binary/other/aswine_ALA_E_2_2020-09-30_07-04-16_154_t0000102000.wav,other
data/processed/cough_silence_binary/cough/aswine_ALA_E_2_2020-09-30_08-22-21_043_t0000339000.wav,cough
data/processed/cough_silence_binary/other/aswine_ALA_E_2_2020-09-30_12-34-38_544_t0000196000.wav,other
data/processed/cough_silence_binary/other/aswine_ALA_E_2_2020-09-30_11-10-32_919_t0000288000.wav,other
data/processed/cough_silence_binary/cough/aswine_ALA_E_2_2020-09-30_13-46-43_666_t0000126000.wav,cough
data/processed/cough_silence_binary/other/aswine_ALA_E_2_2020-09-30_10-40-30_865_t0000276000.wav,other
data/processed/cough_silence_binary/other/aswine_ALA_E_2_2020-09-30_09-28-25_922_t0000037000.wav,other
data/processed/cough_silence_binary/cough/aswine_ALA_E_2_2020-09-30_07-52-19_149_t0000338000.wav,cough
data/processed/cough_silence_binary/cough/aswine_ALA_E_2_2020-09-30_11-28-34_169_t0000021000.wav,cough
data/processed/cough_silence_binary/other/aswine_ALA_E_2_2020-09-30_04-34-05_333_t0000048000.wav,other
data/processed/cough_silence_binary/other/aswine_ALA_E_2_2020-09-30_14-10-45_685_t0000350000.wav,other
data/processed/cough_silence_binary/other/aswine_ALA_E_2_2020-09-30_01-57-54_862_t0000070000.wav,other
data/processed/cough_silence_binary/cough/aswine_ALA_E_2_2020-09-30_12-34-38_544_t0000191000.wav,cough
data/processed/cough_silence_binary/cough/aswine_ALA_E_2_2020-09-30_00-51-50_372_t0000326000.wav,cough
data/processed/cough_silence_binary/other/aswine_ALA_E_2_2020-09-30_08-04-19_788_t0000331000.wav,other
C:\py\pigsound\pig-sound-classification\det_round1_clips\ALA_000347_v2\other_clean\ALA_000347_rank042_p0.780_src246.10-247.10_clip246.10-247.10.wav,other
data/processed/cough_silence_binary/cough/aswine_ALA_E_2_2020-09-30_07-58-19_477_t0000351000.wav,cough
data/processed/cough_silence_binary/other/aswine_ALA_E_2_2020-09-30_01-27-52_851_t0000214000.wav,other
data/processed/cough_silence_binary/other/aswine_ALA_E_2_2020-09-30_08-34-21_763_t0000126000.wav,other
data/processed/cough_silence_binary/cough/aswine_ALA_E_2_2020-09-30_11-52-35_892_t0000036000.wav,cough
data/processed/cough_silence_binary/cough/aswine_ALA_E_2_2020-09-30_06-04-11_764_t0000263000.wav,cough
data/processed/cough_silence_binary/cough/aswine_ALA_E_2_2020-09-30_02-33-57_095_t0000011000.wav,cough
data/processed/cough_silence_binary/other/aswine_ALA_E_2_2020-09-30_12-10-37_151_t0000050000.wav,other
data/processed/cough_silence_binary/cough/aswine_ALA_E_2_2020-09-30_11-40-35_013_t0000283000.wav,cough
data/processed/cough_silence_binary/other/aswine_ALA_E_2_2020-09-30_04-10-03_850_t0000104000.wav,other
data/processed/cough_silence_binary/other/aswine_ALA_E_2_2020-09-30_02-21-56_604_t0000309000.wav,other
data/processed/cough_silence_binary/other/aswine_ALA_E_2_2020-09-30_00-57-50_867_t0000299000.wav,other
data/processed/cough_silence_binary/cough/aswine_ALA_E_2_2020-09-30_03-03-59_085_t0000003000.wav,cough
data/processed/cough_silence_binary/other/aswine_ALA_E_2_2020-09-30_04-10-03_850_t0000355000.wav,other
data/processed/cough_silence_binary/cough/aswine_ALA_E_2_2020-09-30_10-58-32_034_t0000264000.wav,cough
data/processed/cough_silence_binary/cough/aswine_ALA_E_2_2020-09-30_07-16-16_914_t0000023000.wav,cough
data/processed/cough_silence_binary/cough/aswine_ALA_E_2_2020-09-30_02-51-58_296_t0000263000.wav,cough
data/processed/cough_silence_binary/other/aswine_ALA_E_2_2020-09-30_06-28-13_427_t0000091000.wav,other
data/processed/cough_silence_binary/cough/aswine_ALA_E_2_2020-09-30_12-16-37_446_t0000201000.wav,cough
data/processed/cough_silence_binary/cough/aswine_ALA_E_2_2020-09-30_05-04-07_555_t0000011000.wav,cough
data/processed/cough_silence_binary/other/aswine_ALA_E_2_2020-09-30_01-51-54_564_t0000274000.wav,other
data/processed/cough_silence_binary/cough/aswine_ALA_E_2_2020-09-30_04-22-04_594_t0000185000.wav,cough
data/processed/cough_silence_binary/other/aswine_ALA_E_2_2020-09-30_07-10-16_555_t0000045000.wav,other
data/processed/cough_silence_binary/other/aswine_ALA_E_2_2020-09-30_02-15-56_094_t0000314000.wav,other
C:\py\pigsound\pig-sound-classification\det_round1_clips\ALA_000347_v2\other_clean\ALA_000347_oldv1_rank064_p0.705_src37.70-38.70_clip37.70-38.70.wav,other
data/processed/cough_silence_binary/other/aswine_ALA_E_2_2020-09-30_05-28-09_636_t0000286000.wav,other
data/processed/cough_silence_binary/cough/aswine_ALA_E_2_2020-09-30_03-16-00_102_t0000149000.wav,cough
data/processed/cough_silence_binary/other/aswine_ALA_E_2_2020-09-30_14-52-48_424_t0000040000.wav,other
data/processed/cough_silence_binary/other/aswine_ALA_E_2_2020-09-30_04-16-04_352_t0000038000.wav,other
data/processed/cough_silence_binary/other/aswine_ALA_E_2_2020-09-30_02-21-56_604_t0000065000.wav,other
C:\py\pigsound\pig-sound-classification\det_round1_clips\ALA_000347_v2\other_clean\ALA_000347_rank019_p0.865_src136.40-137.40_clip136.40-137.40.wav,other
data/processed/cough_silence_binary/other/aswine_ALA_E_2_2020-09-30_08-28-21_427_t0000139000.wav,other
data/processed/cough_silence_binary/other/aswine_ALA_E_2_2020-09-30_05-46-10_875_t0000035000.wav,other
data/processed/cough_silence_binary/cough/aswine_ALA_E_2_2020-09-30_08-46-22_731_t0000325000.wav,cough
data/processed/cough_silence_binary/cough/aswine_ALA_E_2_2020-09-30_03-22-00_565_t0000246000.wav,cough
data/processed/cough_silence_binary/cough/aswine_ALA_E_2_2020-09-30_04-16-04_352_t0000278000.wav,cough
data/processed/cough_silence_binary/other/aswine_ALA_E_2_2020-09-30_09-10-24_673_t0000098000.wav,other
data/processed/cough_silence_binary/other/aswine_ALA_E_2_2020-09-30_05-22-09_088_t0000284000.wav,other
data/processed/cough_silence_binary/other/aswine_ALA_E_2_2020-09-30_03-03-59_085_t0000308000.wav,other
data/processed/cough_silence_binary/other/aswine_ALA_E_2_2020-09-30_06-58-15_681_t0000268000.wav,other
data/processed/cough_silence_binary/other/aswine_ALA_E_2_2020-09-30_02-15-56_094_t0000092000.wav,other
data/processed/cough_silence_binary/cough/aswine_ALA_E_2_2020-09-30_00-03-47_130_t0000285000.wav,cough
data/processed/cough_silence_binary/other/aswine_ALA_E_2_2020-09-30_11-28-34_169_t0000019000.wav,other
data/processed/cough_silence_binary/other/aswine_ALA_E_2_2020-09-30_03-58-02_785_t0000060000.wav,other
data/processed/cough_silence_binary/other/aswine_ALA_E_2_2020-09-30_12-04-36_656_t0000057000.wav,other
data/processed/cough_silence_binary/cough/aswine_ALA_E_2_2020-09-30_05-58-11_488_t0000356000.wav,cough
data/processed/cough_silence_binary/cough/aswine_ALA_E_2_2020-09-30_09-16-25_023_t0000111000.wav,cough
data/processed/cough_silence_binary/other/aswine_ALA_E_2_2020-09-30_08-16-20_635_t0000271000.wav,other
data/processed/cough_silence_binary/other/aswine_ALA_E_2_2020-09-30_09-16-25_023_t0000255000.wav,other
data/processed/cough_silence_binary/cough/aswine_ALA_E_2_2020-09-30_06-16-12_660_t0000217000.wav,cough
data/processed/cough_silence_binary/other/aswine_ALA_E_2_2020-09-30_00-21-48_316_t0000143000.wav,other
data/processed/cough_silence_binary/cough/aswine_ALA_E_2_2020-09-30_02-09-55_811_t0000333000.wav,cough
data/processed/cough_silence_binary/cough/aswine_ALA_E_2_2020-09-30_03-22-00_565_t0000339000.wav,cough
data/processed/cough_silence_binary/other/aswine_ALA_E_2_2020-09-30_10-16-29_272_t0000287000.wav,other
C:\py\pigsound\pig-sound-classification\det_round1_clips\ALA_000347_v2\other_clean\ALA_000347_oldv1_rank078_p0.639_src51.90-52.90_clip51.90-52.90.wav,other
data/processed/cough_silence_binary/cough/aswine_ALA_E_2_2020-09-30_03-09-59_585_t0000208000.wav,cough
data/processed/cough_silence_binary/cough/aswine_ALA_E_2_2020-09-30_04-34-05_333_t0000084000.wav,cough
data/processed/cough_silence_binary/other/aswine_ALA_E_2_2020-09-30_10-22-29_769_t0000060000.wav,other
data/processed/cough_silence_binary/cough/aswine_ALA_E_2_2020-09-30_14-16-45_975_t0000090000.wav,cough
data/processed/cough_silence_binary/cough/aswine_ALA_E_2_2020-09-30_04-34-05_333_t0000079000.wav,cough
data/processed/cough_silence_binary/cough/aswine_ALA_E_2_2020-09-30_10-46-31_261_t0000064000.wav,cough
data/processed/cough_silence_binary/cough/aswine_ALA_E_2_2020-09-30_12-28-38_125_t0000085000.wav,cough
data/processed/cough_silence_binary/other/aswine_ALA_E_2_2020-09-30_05-46-10_875_t0000168000.wav,other
data/processed/cough_silence_binary/other/aswine_ALA_E_2_2020-09-30_04-22-04_594_t0000219000.wav,other
data/processed/cough_silence_binary/other/aswine_ALA_E_2_2020-09-30_03-40-01_553_t0000075000.wav,other
data/processed/cough_silence_binary/other/aswine_ALA_E_2_2020-09-30_04-34-05_333_t0000310000.wav,other
data/processed/cough_silence_binary/cough/aswine_ALA_E_2_2020-09-30_07-16-16_914_t0000020000.wav,cough
data/processed/cough_silence_binary/other/aswine_ALA_E_2_2020-09-30_03-09-59_585_t0000344000.wav,other
data/processed/cough_silence_binary/cough/aswine_ALA_E_2_2020-09-30_10-28-30_177_t0000132000.wav,cough
C:\py\pigsound\pig-sound-classification\det_round1_clips\ALA_000347_v2\other_clean\ALA_000347_rank076_p0.722_src121.00-122.00_clip121.00-122.00.wav,other
data/processed/cough_silence_binary/cough/aswine_ALA_E_2_2020-09-30_14-16-45_975_t0000087000.wav,cough
data/processed/cough_silence_binary/other/aswine_ALA_E_2_2020-09-30_07-46-18_740_t0000164000.wav,other
data/processed/cough_silence_binary/cough/aswine_ALA_E_2_2020-09-30_03-22-00_565_t0000346000.wav,cough
data/processed/cough_silence_binary/other/aswine_ALA_E_2_2020-09-30_09-10-24_673_t0000194000.wav,other
data/processed/cough_silence_binary/cough/aswine_ALA_E_2_2020-09-30_03-09-59_585_t0000102000.wav,cough
data/processed/cough_silence_binary/cough/aswine_ALA_E_2_2020-09-30_02-57-58_802_t0000310000.wav,cough
data/processed/cough_silence_binary/cough/aswine_ALA_E_2_2020-09-30_08-22-21_043_t0000343000.wav,cough
data/processed/cough_silence_binary/cough/aswine_ALA_E_2_2020-09-30_14-16-45_975_t0000088000.wav,cough
data/processed/cough_silence_binary/other/aswine_ALA_E_2_2020-09-30_11-58-36_255_t0000312000.wav,other
data/processed/cough_silence_binary/cough/aswine_ALA_E_2_2020-09-30_10-34-30_545_t0000231000.wav,cough
data/processed/cough_silence_binary/cough/aswine_ALA_E_2_2020-09-30_03-09-59_585_t0000270000.wav,cough
data/processed/cough_silence_binary/cough/aswine_ALA_E_2_2020-09-30_03-16-00_102_t0000189000.wav,cough
data/processed/cough_silence_binary/other/aswine_ALA_E_2_2020-09-30_08-34-21_763_t0000269000.wav,other
data/processed/cough_silence_binary/cough/aswine_ALA_E_2_2020-09-30_02-39-57_569_t0000035000.wav,cough
data/processed/cough_silence_binary/cough/aswine_ALA_E_2_2020-09-30_11-58-36_255_t0000103000.wav,cough
data/processed/cough_silence_binary/cough/aswine_ALA_E_2_2020-09-30_13-58-44_665_t0000233000.wav,cough
data/processed/cough_silence_binary/other/aswine_ALA_E_2_2020-09-30_04-28-05_047_t0000281000.wav,other
data/processed/cough_silence_binary/other/aswine_ALA_E_2_2020-09-30_14-46-47_980_t0000095000.wav,other
data/processed/cough_silence_binary/other/aswine_ALA_E_2_2020-09-30_03-16-00_102_t0000224000.wav,other
data/processed/cough_silence_binary/other/aswine_ALA_E_2_2020-09-30_08-40-22_263_t0000186000.wav,other
data/processed/cough_silence_binary/cough/aswine_ALA_E_2_2020-09-30_03-09-59_585_t0000333000.wav,cough
data/processed/cough_silence_binary/other/aswine_ALA_E_2_2020-09-30_00-45-49_855_t0000205000.wav,other
data/processed/cough_silence_binary/cough/aswine_ALA_E_2_2020-09-30_01-15-52_167_t0000340000.wav,cough
data/processed/cough_silence_binary/cough/aswine_ALA_E_2_2020-09-30_06-34-13_773_t0000252000.wav,cough
data/processed/cough_silence_binary/cough/aswine_ALA_E_2_2020-09-30_12-16-37_446_t0000347000.wav,cough
data/processed/cough_silence_binary/cough/aswine_ALA_E_2_2020-09-30_03-22-00_565_t0000332000.wav,cough
data/processed/cough_silence_binary/other/aswine_ALA_E_2_2020-09-30_01-51-54_564_t0000123000.wav,other
data/processed/cough_silence_binary/cough/aswine_ALA_E_2_2020-09-30_05-52-11_272_t0000331000.wav,cough
data/processed/cough_silence_binary/cough/aswine_ALA_E_2_2020-09-30_02-39-57_569_t0000273000.wav,cough
data/processed/cough_silence_binary/cough/aswine_ALA_E_2_2020-09-30_10-16-29_272_t0000125000.wav,cough
data/processed/cough_silence_binary/other/aswine_ALA_E_2_2020-09-30_04-10-03_850_t0000170000.wav,other
data/processed/cough_silence_binary/cough/aswine_ALA_E_2_2020-09-30_00-39-49_327_t0000153000.wav,cough
data/processed/cough_silence_binary/cough/aswine_ALA_E_2_2020-09-30_02-57-58_802_t0000027000.wav,cough
data/processed/cough_silence_binary/other/aswine_ALA_E_2_2020-09-30_07-52-19_149_t0000286000.wav,other
data/processed/cough_silence_binary/cough/aswine_ALA_E_2_2020-09-30_03-28-00_803_t0000064000.wav,cough
data/processed/cough_silence_binary/cough/aswine_ALA_E_2_2020-09-30_03-28-00_803_t0000246000.wav,cough
data/processed/cough_silence_binary/cough/aswine_ALA_E_2_2020-09-30_02-45-57_858_t0000021000.wav,cough
C:\py\pigsound\pig-sound-classification\det_round1_clips\ALA_000347_v2\other_clean\ALA_000347_v2_rank037_p0.783_src132.40-133.40_clip132.40-133.40.wav,other
data/processed/cough_silence_binary/cough/aswine_ALA_E_2_2020-09-30_05-28-09_636_t0000154000.wav,cough
data/processed/cough_silence_binary/other/aswine_ALA_E_2_2020-09-30_01-03-51_362_t0000054000.wav,other
data/processed/cough_silence_binary/cough/aswine_ALA_E_2_2020-09-30_15-10-49_329_t0000249000.wav,cough
data/processed/cough_silence_binary/cough/aswine_ALA_E_2_2020-09-30_06-04-11_764_t0000021000.wav,cough
data/processed/cough_silence_binary/cough/aswine_ALA_E_2_2020-09-30_01-33-53_320_t0000007000.wav,cough
data/processed/cough_silence_binary/other/aswine_ALA_E_2_2020-09-30_14-22-46_399_t0000191000.wav,other
data/processed/cough_silence_binary/cough/aswine_ALA_E_2_2020-09-30_00-39-49_327_t0000151000.wav,cough
data/processed/cough_silence_binary/other/aswine_ALA_E_2_2020-09-30_12-04-36_656_t0000161000.wav,other
data/processed/cough_silence_binary/other/aswine_ALA_E_2_2020-09-30_01-15-52_167_t0000260000.wav,other
data/processed/cough_silence_binary/cough/aswine_ALA_E_2_2020-09-30_06-16-12_660_t0000072000.wav,cough
data/processed/cough_silence_binary/other/aswine_ALA_E_2_2020-09-30_00-51-50_372_t0000011000.wav,other
data/processed/cough_silence_binary/cough/aswine_ALA_E_2_2020-09-30_11-52-35_892_t0000250000.wav,cough
data/processed/cough_silence_binary/cough/aswine_ALA_E_2_2020-09-30_06-10-12_288_t0000356000.wav,cough
data/processed/cough_silence_binary/other/aswine_ALA_E_2_2020-09-30_04-28-05_047_t0000309000.wav,other
data/processed/cough_silence_binary/cough/aswine_ALA_E_2_2020-09-30_05-52-11_272_t0000329000.wav,cough
data/processed/cough_silence_binary/cough/aswine_ALA_E_2_2020-09-30_02-57-58_802_t0000311000.wav,cough
data/processed/cough_silence_binary/cough/aswine_ALA_E_2_2020-09-30_15-10-49_329_t0000307000.wav,cough
data/processed/cough_silence_binary/cough/aswine_ALA_E_2_2020-09-30_10-22-29_769_t0000077000.wav,cough
data/processed/cough_silence_binary/cough/aswine_ALA_E_2_2020-09-30_10-28-30_177_t0000230000.wav,cough
data/processed/cough_silence_binary/cough/aswine_ALA_E_2_2020-09-30_06-04-11_764_t0000026000.wav,cough
data/processed/cough_silence_binary/other/aswine_ALA_E_2_2020-09-30_00-21-48_316_t0000199000.wav,other
data/processed/cough_silence_binary/cough/aswine_ALA_E_2_2020-09-30_10-16-29_272_t0000120000.wav,cough
data/processed/cough_silence_binary/other/aswine_ALA_E_2_2020-09-30_01-21-52_571_t0000259000.wav,other
data/processed/cough_silence_binary/cough/aswine_ALA_E_2_2020-09-30_11-16-33_282_t0000239000.wav,cough
data/processed/cough_silence_binary/other/aswine_ALA_E_2_2020-09-30_11-10-32_919_t0000269000.wav,other
data/processed/cough_silence_binary/other/aswine_ALA_E_2_2020-09-30_15-04-48_982_t0000083000.wav,other
data/processed/cough_silence_binary/other/aswine_ALA_E_2_2020-09-30_05-58-11_488_t0000265000.wav,other
data/processed/cough_silence_binary/cough/aswine_ALA_E_2_2020-09-30_06-28-13_427_t0000300000.wav,cough
data/processed/cough_silence_binary/cough/aswine_ALA_E_2_2020-09-30_06-34-13_773_t0000255000.wav,cough
data/processed/cough_silence_binary/other/aswine_ALA_E_2_2020-09-30_10-58-32_034_t0000214000.wav,other
data/processed/cough_silence_binary/cough/aswine_ALA_E_2_2020-09-30_08-28-21_427_t0000093000.wav,cough
data/processed/cough_silence_binary/cough/aswine_ALA_E_2_2020-09-30_02-39-57_569_t0000296000.wav,cough
data/processed/cough_silence_binary/other/aswine_ALA_E_2_2020-09-30_04-10-03_850_t0000305000.wav,other
data/processed/cough_silence_binary/cough/aswine_ALA_E_2_2020-09-30_02-45-57_858_t0000020000.wav,cough
data/processed/cough_silence_binary/other/aswine_ALA_E_2_2020-09-30_09-28-25_922_t0000345000.wav,other
data/processed/cough_silence_binary/cough/aswine_ALA_E_2_2020-09-30_04-22-04_594_t0000248000.wav,cough
data/processed/cough_silence_binary/other/aswine_ALA_E_2_2020-09-30_06-46-14_713_t0000267000.wav,other
data/processed/cough_silence_binary/other/aswine_ALA_E_2_2020-09-30_06-58-15_681_t0000073000.wav,other
data/processed/cough_silence_binary/cough/aswine_ALA_E_2_2020-09-30_03-22-00_565_t0000344000.wav,cough
data/processed/cough_silence_binary/cough/aswine_ALA_E_2_2020-09-30_03-28-00_803_t0000002000.wav,cough
data/processed/cough_silence_binary/cough/aswine_ALA_E_2_2020-09-30_08-28-21_427_t0000090000.wav,cough
data/processed/cough_silence_binary/cough/aswine_ALA_E_2_2020-09-30_10-52-31_596_t0000295000.wav,cough
data/processed/cough_silence_binary/other/aswine_ALA_E_2_2020-09-30_15-04-48_982_t0000225000.wav,other
data/processed/cough_silence_binary/other/aswine_ALA_E_2_2020-09-30_04-10-03_850_t0000175000.wav,other
data/processed/cough_silence_binary/cough/aswine_ALA_E_2_2020-09-30_06-52-15_207_t0000300000.wav,cough
data/processed/cough_silence_binary/other/aswine_ALA_E_2_2020-09-30_03-03-59_085_t0000291000.wav,other
data/processed/cough_silence_binary/cough/aswine_ALA_E_2_2020-09-30_10-22-29_769_t0000062000.wav,cough
data/processed/cough_silence_binary/other/aswine_ALA_E_2_2020-09-30_05-34-10_160_t0000271000.wav,other
C:\py\pigsound\pig-sound-classification\det_round1_clips\ALA_000347_v2\other_clean\ALA_000347_v2_rank018_p0.841_src30.80-31.80_clip30.80-31.80.wav,other
data/processed/cough_silence_binary/cough/aswine_ALA_E_2_2020-09-30_11-28-34_169_t0000199000.wav,cough
data/processed/cough_silence_binary/other/aswine_ALA_E_2_2020-09-30_04-28-05_047_t0000266000.wav,other
data/processed/cough_silence_binary/cough/aswine_ALA_E_2_2020-09-30_02-27-56_846_t0000133000.wav,cough
data/processed/cough_silence_binary/cough/aswine_ALA_E_2_2020-09-30_02-27-56_846_t0000230000.wav,cough
data/processed/cough_silence_binary/cough/aswine_ALA_E_2_2020-09-30_02-57-58_802_t0000028000.wav,cough
data/processed/cough_silence_binary/other/aswine_ALA_E_2_2020-09-30_03-16-00_102_t0000196000.wav,other
data/processed/cough_silence_binary/other/aswine_ALA_E_2_2020-09-30_04-16-04_352_t0000049000.wav,other
data/processed/cough_silence_binary/other/aswine_ALA_E_2_2020-09-30_04-52-06_595_t0000287000.wav,other
data/processed/cough_silence_binary/other/aswine_ALA_E_2_2020-09-30_03-16-00_102_t0000025000.wav,other
data/processed/cough_silence_binary/cough/aswine_ALA_E_2_2020-09-30_03-03-59_085_t0000008000.wav,cough
data/processed/cough_silence_binary/cough/aswine_ALA_E_2_2020-09-30_04-34-05_333_t0000078000.wav,cough
data/processed/cough_silence_binary/cough/aswine_ALA_E_2_2020-09-30_11-22-33_630_t0000073000.wav,cough
data/processed/cough_silence_binary/cough/aswine_ALA_E_2_2020-09-30_11-52-35_892_t0000311000.wav,cough
data/processed/cough_silence_binary/other/aswine_ALA_E_2_2020-09-30_03-58-02_785_t0000134000.wav,other
data/processed/cough_silence_binary/other/aswine_ALA_E_2_2020-09-30_04-46-06_338_t0000319000.wav,other
data/processed/cough_silence_binary/other/aswine_ALA_E_2_2020-09-30_05-46-10_875_t0000232000.wav,other
data/processed/cough_silence_binary/cough/aswine_ALA_E_2_2020-09-30_12-34-38_544_t0000161000.wav,cough
data/processed/cough_silence_binary/cough/aswine_ALA_E_2_2020-09-30_03-09-59_585_t0000083000.wav,cough
data/processed/cough_silence_binary/other/aswine_ALA_E_2_2020-09-30_03-09-59_585_t0000099000.wav,other
data/processed/cough_silence_binary/other/aswine_ALA_E_2_2020-09-30_04-22-04_594_t0000071000.wav,other
data/processed/cough_silence_binary/cough/aswine_ALA_E_2_2020-09-30_12-16-37_446_t0000234000.wav,cough
data/processed/cough_silence_binary/other/aswine_ALA_E_2_2020-09-30_04-58-07_090_t0000360000.wav,other
data/processed/cough_silence_binary/cough/aswine_ALA_E_2_2020-09-30_09-22-25_390_t0000230000.wav,cough
data/processed/cough_silence_binary/other/aswine_ALA_E_2_2020-09-30_03-40-01_553_t0000158000.wav,other
data/processed/cough_silence_binary/other/aswine_ALA_E_2_2020-09-30_10-52-31_596_t0000050000.wav,other
data/processed/cough_silence_binary/other/aswine_ALA_E_2_2020-09-30_04-22-04_594_t0000157000.wav,other
data/processed/cough_silence_binary/cough/aswine_ALA_E_2_2020-09-30_12-10-37_151_t0000355000.wav,cough
data/processed/cough_silence_binary/cough/aswine_ALA_E_2_2020-09-30_04-22-04_594_t0000165000.wav,cough
data/processed/cough_silence_binary/cough/aswine_ALA_E_2_2020-09-30_06-52-15_207_t0000121000.wav,cough
data/processed/cough_silence_binary/other/aswine_ALA_E_2_2020-09-30_04-16-04_352_t0000327000.wav,other
data/processed/cough_silence_binary/other/aswine_ALA_E_2_2020-09-30_00-33-49_105_t0000237000.wav,other
data/processed/cough_silence_binary/cough/aswine_ALA_E_2_2020-09-30_01-27-52_851_t0000257000.wav,cough
data/processed/cough_silence_binary/other/aswine_ALA_E_2_2020-09-30_01-09-51_828_t0000269000.wav,other
data/processed/cough_silence_binary/cough/aswine_ALA_E_2_2020-09-30_12-16-37_446_t0000145000.wav,cough
data/processed/cough_silence_binary/other/aswine_ALA_E_2_2020-09-30_01-45-54_312_t0000277000.wav,other
data/processed/cough_silence_binary/cough/aswine_ALA_E_2_2020-09-30_01-45-54_312_t0000248000.wav,cough
C:\py\pigsound\pig-sound-classification\det_round1_clips\ALA_000347_v2\other_clean\ALA_000347_rank069_p0.737_src220.20-221.20_clip220.20-221.20.wav,other
data/processed/cough_silence_binary/cough/aswine_ALA_E_2_2020-09-30_05-34-10_160_t0000165000.wav,cough
data/processed/cough_silence_binary/other/aswine_ALA_E_2_2020-09-30_09-22-25_390_t0000067000.wav,other
data/processed/cough_silence_binary/cough/aswine_ALA_E_2_2020-09-30_07-58-19_477_t0000338000.wav,cough
data/processed/cough_silence_binary/cough/aswine_ALA_E_2_2020-09-30_04-22-04_594_t0000154000.wav,cough
data/processed/cough_silence_binary/other/aswine_ALA_E_2_2020-09-30_08-04-19_788_t0000159000.wav,other
data/processed/cough_silence_binary/other/aswine_ALA_E_2_2020-09-30_08-34-21_763_t0000291000.wav,other
data/processed/cough_silence_binary/other/aswine_ALA_E_2_2020-09-30_13-52-44_182_t0000301000.wav,other
data/processed/cough_silence_binary/cough/aswine_ALA_E_2_2020-09-30_08-04-19_788_t0000026000.wav,cough
data/processed/cough_silence_binary/other/aswine_ALA_E_2_2020-09-30_07-40-18_452_t0000182000.wav,other
data/processed/cough_silence_binary/cough/aswine_ALA_E_2_2020-09-30_08-04-19_788_t0000346000.wav,cough
data/processed/cough_silence_binary/cough/aswine_ALA_E_2_2020-09-30_03-22-00_565_t0000348000.wav,cough
data/processed/cough_silence_binary/cough/aswine_ALA_E_2_2020-09-30_02-27-56_846_t0000360000.wav,cough
data/processed/cough_silence_binary/cough/aswine_ALA_E_2_2020-09-30_03-22-00_565_t0000338000.wav,cough
data/processed/cough_silence_binary/cough/aswine_ALA_E_2_2020-09-30_06-28-13_427_t0000293000.wav,cough
data/processed/cough_silence_binary/other/aswine_ALA_E_2_2020-09-30_03-58-02_785_t0000330000.wav,other
data/processed/cough_silence_binary/cough/aswine_ALA_E_2_2020-09-30_04-04-03_325_t0000330000.wav,cough
data/processed/cough_silence_binary/other/aswine_ALA_E_2_2020-09-30_03-52-02_333_t0000126000.wav,other
data/processed/cough_silence_binary/cough/aswine_ALA_E_2_2020-09-30_04-52-06_595_t0000279000.wav,cough
data/processed/cough_silence_binary/other/aswine_ALA_E_2_2020-09-30_03-03-59_085_t0000232000.wav,other
data/processed/cough_silence_binary/other/aswine_ALA_E_2_2020-09-30_03-34-01_104_t0000312000.wav,other
data/processed/cough_silence_binary/other/aswine_ALA_E_2_2020-09-30_00-33-49_105_t0000227000.wav,other
data/processed/cough_silence_binary/other/aswine_ALA_E_2_2020-09-30_13-52-44_182_t0000312000.wav,other
data/processed/cough_silence_binary/other/aswine_ALA_E_2_2020-09-30_03-03-59_085_t0000032000.wav,other
data/processed/cough_silence_binary/other/aswine_ALA_E_2_2020-09-30_08-52-23_287_t0000243000.wav,other
data/processed/cough_silence_binary/cough/aswine_ALA_E_2_2020-09-30_03-09-59_585_t0000101000.wav,cough
data/processed/cough_silence_binary/cough/aswine_ALA_E_2_2020-09-30_04-16-04_352_t0000271000.wav,cough
data/processed/cough_silence_binary/cough/aswine_ALA_E_2_2020-09-30_02-27-56_846_t0000126000.wav,cough
data/processed/cough_silence_binary/cough/aswine_ALA_E_2_2020-09-30_06-46-14_713_t0000230000.wav,cough
data/processed/cough_silence_binary/cough/aswine_ALA_E_2_2020-09-30_02-57-58_802_t0000030000.wav,cough
data/processed/cough_silence_binary/other/aswine_ALA_E_2_2020-09-30_07-16-16_914_t0000017000.wav,other
C:\py\pigsound\pig-sound-classification\det_round1_clips\ALA_000347_v2\other_clean\ALA_000347_rank041_p0.783_src193.60-194.60_clip193.60-194.60.wav,other
data/processed/cough_silence_binary/other/aswine_ALA_E_2_2020-09-30_01-09-51_828_t0000215000.wav,other
C:\py\pigsound\pig-sound-classification\det_round1_clips\ALA_000347_v2\other_clean\ALA_000347_rank015_p0.891_src217.90-218.90_clip217.90-218.90.wav,other
data/processed/cough_silence_binary/other/aswine_ALA_E_2_2020-09-30_09-22-25_390_t0000336000.wav,other
data/processed/cough_silence_binary/cough/aswine_ALA_E_2_2020-09-30_05-52-11_272_t0000338000.wav,cough
data/processed/cough_silence_binary/cough/aswine_ALA_E_2_2020-09-30_04-58-07_090_t0000054000.wav,cough
data/processed/cough_silence_binary/cough/aswine_ALA_E_2_2020-09-30_08-16-20_635_t0000282000.wav,cough
data/processed/cough_silence_binary/other/aswine_ALA_E_2_2020-09-30_07-16-16_914_t0000142000.wav,other
data/processed/cough_silence_binary/cough/aswine_ALA_E_2_2020-09-30_11-52-35_892_t0000301000.wav,cough
data/processed/cough_silence_binary/other/aswine_ALA_E_2_2020-09-30_05-04-07_555_t0000021000.wav,other
data/processed/cough_silence_binary/cough/aswine_ALA_E_2_2020-09-30_05-22-09_088_t0000251000.wav,cough
data/processed/cough_silence_binary/other/aswine_ALA_E_2_2020-09-30_01-45-54_312_t0000032000.wav,other
data/processed/cough_silence_binary/cough/aswine_ALA_E_2_2020-09-30_02-21-56_604_t0000193000.wav,cough
data/processed/cough_silence_binary/other/aswine_ALA_E_2_2020-09-30_09-58-28_198_t0000269000.wav,other
data/processed/cough_silence_binary/other/aswine_ALA_E_2_2020-09-30_01-33-53_320_t0000355000.wav,other
data/processed/cough_silence_binary/other/aswine_ALA_E_2_2020-09-30_04-22-04_594_t0000334000.wav,other
data/processed/cough_silence_binary/other/aswine_ALA_E_2_2020-09-30_12-10-37_151_t0000120000.wav,other
data/processed/cough_silence_binary/other/aswine_ALA_E_2_2020-09-30_02-21-56_604_t0000037000.wav,other
C:\py\pigsound\pig-sound-classification\det_round1_clips\ALA_000347_v2\other_clean\ALA_000347_oldv1_rank024_p0.917_src201.50-202.50_clip201.50-202.50.wav,other
data/processed/cough_silence_binary/other/aswine_ALA_E_2_2020-09-30_02-39-57_569_t0000310000.wav,other
data/processed/cough_silence_binary/cough/aswine_ALA_E_2_2020-09-30_10-34-30_545_t0000238000.wav,cough
data/processed/cough_silence_binary/cough/aswine_ALA_E_2_2020-09-30_04-22-04_594_t0000164000.wav,cough
data/processed/cough_silence_binary/other/aswine_ALA_E_2_2020-09-30_10-52-31_596_t0000355000.wav,other
data/processed/cough_silence_binary/cough/aswine_ALA_E_2_2020-09-30_01-27-52_851_t0000255000.wav,cough
data/processed/cough_silence_binary/cough/aswine_ALA_E_2_2020-09-30_01-45-54_312_t0000207000.wav,cough
data/processed/cough_silence_binary/cough/aswine_ALA_E_2_2020-09-30_13-46-43_666_t0000123000.wav,cough
data/processed/cough_silence_binary/cough/aswine_ALA_E_2_2020-09-30_05-52-11_272_t0000172000.wav,cough
data/processed/cough_silence_binary/cough/aswine_ALA_E_2_2020-09-30_06-04-11_764_t0000303000.wav,cough
data/processed/cough_silence_binary/other/aswine_ALA_E_2_2020-09-30_03-52-02_333_t0000012000.wav,other
C:\py\pigsound\pig-sound-classification\det_round1_clips\ALA_000347_v2\other_clean\ALA_000347_rank063_p0.752_src339.10-340.10_clip339.10-340.10.wav,other
data/processed/cough_silence_binary/other/aswine_ALA_E_2_2020-09-30_02-57-58_802_t0000292000.wav,other
C:\py\pigsound\pig-sound-classification\det_round1_clips\ALA_000347_v2\other_clean\ALA_000347_v2_rank013_p0.894_src217.80-218.80_clip217.80-218.80.wav,other
data/processed/cough_silence_binary/other/aswine_ALA_E_2_2020-09-30_01-51-54_564_t0000198000.wav,other
data/processed/cough_silence_binary/cough/aswine_ALA_E_2_2020-09-30_11-28-34_169_t0000035000.wav,cough
C:\py\pigsound\pig-sound-classification\det_round1_clips\ALA_000347_v2\other_clean\ALA_000347_rank030_p0.812_src140.60-141.60_clip140.60-141.60.wav,other
data/processed/cough_silence_binary/cough/aswine_ALA_E_2_2020-09-30_02-03-55_346_t0000189000.wav,cough
data/processed/cough_silence_binary/cough/aswine_ALA_E_2_2020-09-30_05-22-09_088_t0000254000.wav,cough
data/processed/cough_silence_binary/cough/aswine_ALA_E_2_2020-09-30_06-16-12_660_t0000070000.wav,cough
data/processed/cough_silence_binary/other/aswine_ALA_E_2_2020-09-30_13-58-44_665_t0000251000.wav,other
data/processed/cough_silence_binary/cough/aswine_ALA_E_2_2020-09-30_10-52-31_596_t0000158000.wav,cough
data/processed/cough_silence_binary/other/aswine_ALA_E_2_2020-09-30_00-39-49_327_t0000297000.wav,other
data/processed/cough_silence_binary/other/aswine_ALA_E_2_2020-09-30_06-40-14_230_t0000050000.wav,other
data/processed/cough_silence_binary/cough/aswine_ALA_E_2_2020-09-30_10-22-29_769_t0000070000.wav,cough
data/processed/cough_silence_binary/cough/aswine_ALA_E_2_2020-09-30_06-10-12_288_t0000261000.wav,cough
data/processed/cough_silence_binary/cough/aswine_ALA_E_2_2020-09-30_10-16-29_272_t0000055000.wav,cough
data/processed/cough_silence_binary/other/aswine_ALA_E_2_2020-09-30_09-22-25_390_t0000213000.wav,other
data/processed/cough_silence_binary/cough/aswine_ALA_E_2_2020-09-30_14-16-45_975_t0000085000.wav,cough
data/processed/cough_silence_binary/other/aswine_ALA_E_2_2020-09-30_08-22-21_043_t0000164000.wav,other
data/processed/cough_silence_binary/other/aswine_ALA_E_2_2020-09-30_01-15-52_167_t0000105000.wav,other
data/processed/cough_silence_binary/other/aswine_ALA_E_2_2020-09-30_01-03-51_362_t0000004000.wav,other
data/processed/cough_silence_binary/other/aswine_ALA_E_2_2020-09-30_07-52-19_149_t0000147000.wav,other
data/processed/cough_silence_binary/cough/aswine_ALA_E_2_2020-09-30_10-16-29_272_t0000119000.wav,cough
data/processed/cough_silence_binary/cough/aswine_ALA_E_2_2020-09-30_05-52-11_272_t0000335000.wav,cough
data/processed/cough_silence_binary/cough/aswine_ALA_E_2_2020-09-30_12-28-38_125_t0000190000.wav,cough
data/processed/cough_silence_binary/cough/aswine_ALA_E_2_2020-09-30_10-52-31_596_t0000153000.wav,cough
data/processed/cough_silence_binary/other/aswine_ALA_E_2_2020-09-30_02-03-55_346_t0000074000.wav,other
data/processed/cough_silence_binary/cough/aswine_ALA_E_2_2020-09-30_06-46-14_713_t0000228000.wav,cough
data/processed/cough_silence_binary/other/aswine_ALA_E_2_2020-09-30_03-34-01_104_t0000021000.wav,other
data/processed/cough_silence_binary/other/aswine_ALA_E_2_2020-09-30_08-10-20_310_t0000335000.wav,other
data/processed/cough_silence_binary/cough/aswine_ALA_E_2_2020-09-30_04-16-04_352_t0000090000.wav,cough
data/processed/cough_silence_binary/cough/aswine_ALA_E_2_2020-09-30_10-46-31_261_t0000005000.wav,cough
data/processed/cough_silence_binary/cough/aswine_ALA_E_2_2020-09-30_11-58-36_255_t0000031000.wav,cough
data/processed/cough_silence_binary/cough/aswine_ALA_E_2_2020-09-30_05-10-08_068_t0000061000.wav,cough
data/processed/cough_silence_binary/other/aswine_ALA_E_2_2020-09-30_01-03-51_362_t0000089000.wav,other
data/processed/cough_silence_binary/cough/aswine_ALA_E_2_2020-09-30_05-52-11_272_t0000296000.wav,cough
data/processed/cough_silence_binary/cough/aswine_ALA_E_2_2020-09-30_04-46-06_338_t0000232000.wav,cough
data/processed/cough_silence_binary/other/aswine_ALA_E_2_2020-09-30_04-28-05_047_t0000320000.wav,other
data/processed/cough_silence_binary/other/aswine_ALA_E_2_2020-09-30_10-40-30_865_t0000264000.wav,other
data/processed/cough_silence_binary/other/aswine_ALA_E_2_2020-09-30_10-10-28_848_t0000074000.wav,other
data/processed/cough_silence_binary/cough/aswine_ALA_E_2_2020-09-30_05-34-10_160_t0000129000.wav,cough
data/processed/cough_silence_binary/cough/aswine_ALA_E_2_2020-09-30_00-45-49_855_t0000313000.wav,cough
data/processed/cough_silence_binary/cough/aswine_ALA_E_2_2020-09-30_10-16-29_272_t0000342000.wav,cough
data/processed/cough_silence_binary/cough/aswine_ALA_E_2_2020-09-30_03-22-00_565_t0000247000.wav,cough
data/processed/cough_silence_binary/other/aswine_ALA_E_2_2020-09-30_11-22-33_630_t0000219000.wav,other
data/processed/cough_silence_binary/other/aswine_ALA_E_2_2020-09-30_10-28-30_177_t0000289000.wav,other
data/processed/cough_silence_binary/other/aswine_ALA_E_2_2020-09-30_12-10-37_151_t0000105000.wav,other
data/processed/cough_silence_binary/cough/aswine_ALA_E_2_2020-09-30_06-40-14_230_t0000093000.wav,cough
data/processed/cough_silence_binary/cough/aswine_ALA_E_2_2020-09-30_04-52-06_595_t0000319000.wav,cough
data/processed/cough_silence_binary/cough/aswine_ALA_E_2_2020-09-30_07-10-16_555_t0000248000.wav,cough
data/processed/cough_silence_binary/other/aswine_ALA_E_2_2020-09-30_08-22-21_043_t0000198000.wav,other
data/processed/cough_silence_binary/cough/aswine_ALA_E_2_2020-09-30_06-52-15_207_t0000120000.wav,cough
data/processed/cough_silence_binary/other/aswine_ALA_E_2_2020-09-30_07-16-16_914_t0000196000.wav,other
data/processed/cough_silence_binary/cough/aswine_ALA_E_2_2020-09-30_06-10-12_288_t0000347000.wav,cough
data/processed/cough_silence_binary/other/aswine_ALA_E_2_2020-09-30_01-39-53_821_t0000123000.wav,other
data/processed/cough_silence_binary/cough/aswine_ALA_E_2_2020-09-30_05-04-07_555_t0000268000.wav,cough
data/processed/cough_silence_binary/cough/aswine_ALA_E_2_2020-09-30_05-22-09_088_t0000126000.wav,cough
data/processed/cough_silence_binary/cough/aswine_ALA_E_2_2020-09-30_10-04-28_503_t0000214000.wav,cough
data/processed/cough_silence_binary/cough/aswine_ALA_E_2_2020-09-30_15-10-49_329_t0000250000.wav,cough
data/processed/cough_silence_binary/other/aswine_ALA_E_2_2020-09-30_05-04-07_555_t0000099000.wav,other
data/processed/cough_silence_binary/other/aswine_ALA_E_2_2020-09-30_01-33-53_320_t0000261000.wav,other
data/processed/cough_silence_binary/cough/aswine_ALA_E_2_2020-09-30_00-51-50_372_t0000327000.wav,cough
data/processed/cough_silence_binary/cough/aswine_ALA_E_2_2020-09-30_04-16-04_352_t0000277000.wav,cough
C:\py\pigsound\pig-sound-classification\det_round1_clips\ALA_000347_v2\other_clean\ALA_000347_oldv1_rank039_p0.863_src237.00-238.00_clip237.00-238.00.wav,other
data/processed/cough_silence_binary/other/aswine_ALA_E_2_2020-09-30_08-40-22_263_t0000260000.wav,other
data/processed/cough_silence_binary/other/aswine_ALA_E_2_2020-09-30_07-52-19_149_t0000144000.wav,other
data/processed/cough_silence_binary/other/aswine_ALA_E_2_2020-09-30_02-33-57_095_t0000086000.wav,other
data/processed/cough_silence_binary/cough/aswine_ALA_E_2_2020-09-30_03-09-59_585_t0000104000.wav,cough
data/processed/cough_silence_binary/other/aswine_ALA_E_2_2020-09-30_04-16-04_352_t0000033000.wav,other
data/processed/cough_silence_binary/other/aswine_ALA_E_2_2020-09-30_02-09-55_811_t0000200000.wav,other
C:\py\pigsound\pig-sound-classification\det_round1_clips\ALA_000347_v2\other_clean\ALA_000347_v2_rank033_p0.797_src163.10-164.10_clip163.10-164.10.wav,other
data/processed/cough_silence_binary/cough/aswine_ALA_E_2_2020-09-30_04-16-04_352_t0000290000.wav,cough
data/processed/cough_silence_binary/cough/aswine_ALA_E_2_2020-09-30_02-39-57_569_t0000297000.wav,cough
data/processed/cough_silence_binary/other/aswine_ALA_E_2_2020-09-30_05-10-08_068_t0000100000.wav,other
data/processed/cough_silence_binary/cough/aswine_ALA_E_2_2020-09-30_01-33-53_320_t0000010000.wav,cough
data/processed/cough_silence_binary/other/aswine_ALA_E_2_2020-09-30_01-27-52_851_t0000208000.wav,other
data/processed/cough_silence_binary/other/aswine_ALA_E_2_2020-09-30_11-58-36_255_t0000061000.wav,other
data/processed/cough_silence_binary/cough/aswine_ALA_E_2_2020-09-30_11-52-35_892_t0000171000.wav,cough
data/processed/cough_silence_binary/cough/aswine_ALA_E_2_2020-09-30_02-15-56_094_t0000100000.wav,cough
data/processed/cough_silence_binary/other/aswine_ALA_E_2_2020-09-30_03-22-00_565_t0000237000.wav,other
data/processed/cough_silence_binary/other/aswine_ALA_E_2_2020-09-30_14-58-48_774_t0000319000.wav,other
data/processed/cough_silence_binary/cough/aswine_ALA_E_2_2020-09-30_12-22-37_726_t0000163000.wav,cough
data/processed/cough_silence_binary/other/aswine_ALA_E_2_2020-09-30_03-16-00_102_t0000074000.wav,other
C:\py\pigsound\pig-sound-classification\det_round1_clips\ALA_000347_v2\other_clean\ALA_000347_rank067_p0.738_src345.70-346.70_clip345.70-346.70.wav,other
data/processed/cough_silence_binary/cough/aswine_ALA_E_2_2020-09-30_03-28-00_803_t0000080000.wav,cough
data/processed/cough_silence_binary/other/aswine_ALA_E_2_2020-09-30_11-16-33_282_t0000069000.wav,other
data/processed/cough_silence_binary/other/aswine_ALA_E_2_2020-09-30_02-45-57_858_t0000265000.wav,other
data/processed/cough_silence_binary/cough/aswine_ALA_E_2_2020-09-30_07-52-19_149_t0000329000.wav,cough
data/processed/cough_silence_binary/other/aswine_ALA_E_2_2020-09-30_06-46-14_713_t0000157000.wav,other
data/processed/cough_silence_binary/cough/aswine_ALA_E_2_2020-09-30_11-52-35_892_t0000271000.wav,cough
data/processed/cough_silence_binary/cough/aswine_ALA_E_2_2020-09-30_01-21-52_571_t0000133000.wav,cough
data/processed/cough_silence_binary/cough/aswine_ALA_E_2_2020-09-30_08-22-21_043_t0000012000.wav,cough
data/processed/cough_silence_binary/cough/aswine_ALA_E_2_2020-09-30_04-22-04_594_t0000155000.wav,cough
data/processed/cough_silence_binary/other/aswine_ALA_E_2_2020-09-30_00-39-49_327_t0000105000.wav,other
C:\py\pigsound\pig-sound-classification\det_round1_clips\ALA_000347_v2\other_clean\ALA_000347_oldv1_rank035_p0.885_src96.80-97.80_clip96.80-97.80.wav,other
data/processed/cough_silence_binary/cough/aswine_ALA_E_2_2020-09-30_03-03-59_085_t0000311000.wav,cough
data/processed/cough_silence_binary/other/aswine_ALA_E_2_2020-09-30_04-58-07_090_t0000343000.wav,other
data/processed/cough_silence_binary/cough/aswine_ALA_E_2_2020-09-30_12-16-37_446_t0000346000.wav,cough
data/processed/cough_silence_binary/other/aswine_ALA_E_2_2020-09-30_08-52-23_287_t0000214000.wav,other
data/processed/cough_silence_binary/other/aswine_ALA_E_2_2020-09-30_02-33-57_095_t0000120000.wav,other
data/processed/cough_silence_binary/cough/aswine_ALA_E_2_2020-09-30_04-16-04_352_t0000295000.wav,cough
data/processed/cough_silence_binary/other/aswine_ALA_E_2_2020-09-30_11-58-36_255_t0000227000.wav,other
data/processed/cough_silence_binary/cough/aswine_ALA_E_2_2020-09-30_11-28-34_169_t0000118000.wav,cough
data/processed/cough_silence_binary/other/aswine_ALA_E_2_2020-09-30_08-22-21_043_t0000059000.wav,other
data/processed/cough_silence_binary/cough/aswine_ALA_E_2_2020-09-30_02-45-57_858_t0000016000.wav,cough
data/processed/cough_silence_binary/cough/aswine_ALA_E_2_2020-09-30_11-52-35_892_t0000007000.wav,cough
data/processed/cough_silence_binary/cough/aswine_ALA_E_2_2020-09-30_03-09-59_585_t0000225000.wav,cough
data/processed/cough_silence_binary/other/aswine_ALA_E_2_2020-09-30_12-16-37_446_t0000007000.wav,other
data/processed/cough_silence_binary/cough/aswine_ALA_E_2_2020-09-30_10-40-30_865_t0000272000.wav,cough
data/processed/cough_silence_binary/other/aswine_ALA_E_2_2020-09-30_08-46-22_731_t0000208000.wav,other
data/processed/cough_silence_binary/other/aswine_ALA_E_2_2020-09-30_04-58-07_090_t0000011000.wav,other
data/processed/cough_silence_binary/other/aswine_ALA_E_2_2020-09-30_02-03-55_346_t0000167000.wav,other
C:\py\pigsound\pig-sound-classification\det_round1_clips\ALA_000347_v2\other_clean\ALA_000347_v2_rank019_p0.832_src148.20-149.20_clip148.20-149.20.wav,other
data/processed/cough_silence_binary/cough/aswine_ALA_E_2_2020-09-30_02-39-57_569_t0000108000.wav,cough
data/processed/cough_silence_binary/cough/aswine_ALA_E_2_2020-09-30_12-04-36_656_t0000033000.wav,cough
C:\py\pigsound\pig-sound-classification\det_round1_clips\ALA_000347_v2\other_clean\ALA_000347_v2_rank029_p0.783_src193.60-194.60_clip193.60-194.60.wav,other
data/processed/cough_silence_binary/other/aswine_ALA_E_2_2020-09-30_02-09-55_811_t0000158000.wav,other
data/processed/cough_silence_binary/other/aswine_ALA_E_2_2020-09-30_04-34-05_333_t0000049000.wav,other
data/processed/cough_silence_binary/other/aswine_ALA_E_2_2020-09-30_05-22-09_088_t0000105000.wav,other
C:\py\pigsound\pig-sound-classification\det_round1_clips\ALA_000347_v2\other_clean\ALA_000347_oldv1_rank079_p0.624_src256.50-257.50_clip256.50-257.50.wav,other
data/processed/cough_silence_binary/cough/aswine_ALA_E_2_2020-09-30_14-58-48_774_t0000197000.wav,cough
data/processed/cough_silence_binary/cough/aswine_ALA_E_2_2020-09-30_12-16-37_446_t0000359000.wav,cough
data/processed/cough_silence_binary/cough/aswine_ALA_E_2_2020-09-30_12-16-37_446_t0000136000.wav,cough
data/processed/cough_silence_binary/cough/aswine_ALA_E_2_2020-09-30_12-16-37_446_t0000303000.wav,cough
data/processed/cough_silence_binary/other/aswine_ALA_E_2_2020-09-30_01-45-54_312_t0000288000.wav,other
data/processed/cough_silence_binary/other/aswine_ALA_E_2_2020-09-30_12-10-37_151_t0000147000.wav,other
data/processed/cough_silence_binary/other/aswine_ALA_E_2_2020-09-30_02-33-57_095_t0000306000.wav,other
data/processed/cough_silence_binary/other/aswine_ALA_E_2_2020-09-30_09-28-25_922_t0000062000.wav,other
data/processed/cough_silence_binary/cough/aswine_ALA_E_2_2020-09-30_12-22-37_726_t0000359000.wav,cough
data/processed/cough_silence_binary/other/aswine_ALA_E_2_2020-09-30_00-39-49_327_t0000090000.wav,other
data/processed/cough_silence_binary/cough/aswine_ALA_E_2_2020-09-30_03-22-00_565_t0000334000.wav,cough
data/processed/cough_silence_binary/other/aswine_ALA_E_2_2020-09-30_05-40-10_575_t0000187000.wav,other
data/processed/cough_silence_binary/other/aswine_ALA_E_2_2020-09-30_11-04-32_489_t0000011000.wav,other
data/processed/cough_silence_binary/cough/aswine_ALA_E_2_2020-09-30_04-22-04_594_t0000162000.wav,cough
data/processed/cough_silence_binary/other/aswine_ALA_E_2_2020-09-30_05-34-10_160_t0000303000.wav,other
data/processed/cough_silence_binary/other/aswine_ALA_E_2_2020-09-30_07-04-16_154_t0000304000.wav,other
data/processed/cough_silence_binary/cough/aswine_ALA_E_2_2020-09-30_12-34-38_544_t0000145000.wav,cough
data/processed/cough_silence_binary/other/aswine_ALA_E_2_2020-09-30_05-04-07_555_t0000024000.wav,other
data/processed/cough_silence_binary/other/aswine_ALA_E_2_2020-09-30_11-58-36_255_t0000182000.wav,other
data/processed/cough_silence_binary/cough/aswine_ALA_E_2_2020-09-30_05-10-08_068_t0000132000.wav,cough
data/processed/cough_silence_binary/other/aswine_ALA_E_2_2020-09-30_02-45-57_858_t0000105000.wav,other
data/processed/cough_silence_binary/other/aswine_ALA_E_2_2020-09-30_01-57-54_862_t0000058000.wav,other
data/processed/cough_silence_binary/other/aswine_ALA_E_2_2020-09-30_01-39-53_821_t0000027000.wav,other
data/processed/cough_silence_binary/other/aswine_ALA_E_2_2020-09-30_09-22-25_390_t0000075000.wav,other
data/processed/cough_silence_binary/other/aswine_ALA_E_2_2020-09-30_02-21-56_604_t0000120000.wav,other
data/processed/cough_silence_binary/cough/aswine_ALA_E_2_2020-09-30_10-46-31_261_t0000070000.wav,cough
data/processed/cough_silence_binary/other/aswine_ALA_E_2_2020-09-30_03-28-00_803_t0000312000.wav,other
data/processed/cough_silence_binary/other/aswine_ALA_E_2_2020-09-30_08-10-20_310_t0000015000.wav,other
data/processed/cough_silence_binary/cough/aswine_ALA_E_2_2020-09-30_14-16-45_975_t0000153000.wav,cough
data/processed/cough_silence_binary/cough/aswine_ALA_E_2_2020-09-30_05-34-10_160_t0000126000.wav,cough
data/processed/cough_silence_binary/cough/aswine_ALA_E_2_2020-09-30_03-16-00_102_t0000314000.wav,cough
data/processed/cough_silence_binary/other/aswine_ALA_E_2_2020-09-30_08-46-22_731_t0000172000.wav,other
data/processed/cough_silence_binary/other/aswine_ALA_E_2_2020-09-30_04-10-03_850_t0000053000.wav,other
data/processed/cough_silence_binary/other/aswine_ALA_E_2_2020-09-30_01-51-54_564_t0000266000.wav,other
data/processed/cough_silence_binary/cough/aswine_ALA_E_2_2020-09-30_01-15-52_167_t0000299000.wav,cough
data/processed/cough_silence_binary/cough/aswine_ALA_E_2_2020-09-30_06-16-12_660_t0000214000.wav,cough
data/processed/cough_silence_binary/cough/aswine_ALA_E_2_2020-09-30_02-51-58_296_t0000097000.wav,cough
data/processed/cough_silence_binary/cough/aswine_ALA_E_2_2020-09-30_05-40-10_575_t0000118000.wav,cough
data/processed/cough_silence_binary/cough/aswine_ALA_E_2_2020-09-30_05-28-09_636_t0000310000.wav,cough
data/processed/cough_silence_binary/cough/aswine_ALA_E_2_2020-09-30_05-52-11_272_t0000173000.wav,cough
data/processed/cough_silence_binary/other/aswine_ALA_E_2_2020-09-30_07-04-16_154_t0000360000.wav,other
data/processed/cough_silence_binary/other/aswine_ALA_E_2_2020-09-30_08-52-23_287_t0000118000.wav,other
data/processed/cough_silence_binary/cough/aswine_ALA_E_2_2020-09-30_01-21-52_571_t0000132000.wav,cough
data/processed/cough_silence_binary/cough/aswine_ALA_E_2_2020-09-30_10-16-29_272_t0000121000.wav,cough
data/processed/cough_silence_binary/other/aswine_ALA_E_2_2020-09-30_01-15-52_167_t0000227000.wav,other
data/processed/cough_silence_binary/cough/aswine_ALA_E_2_2020-09-30_06-10-12_288_t0000330000.wav,cough
data/processed/cough_silence_binary/cough/aswine_ALA_E_2_2020-09-30_05-22-09_088_t0000255000.wav,cough
data/processed/cough_silence_binary/cough/aswine_ALA_E_2_2020-09-30_12-10-37_151_t0000087000.wav,cough
data/processed/cough_silence_binary/cough/aswine_ALA_E_2_2020-09-30_11-52-35_892_t0000039000.wav,cough
data/processed/cough_silence_binary/other/aswine_ALA_E_2_2020-09-30_02-03-55_346_t0000226000.wav,other
data/processed/cough_silence_binary/other/aswine_ALA_E_2_2020-09-30_10-04-28_503_t0000036000.wav,other
data/processed/cough_silence_binary/cough/aswine_ALA_E_2_2020-09-30_08-46-22_731_t0000323000.wav,cough
data/processed/cough_silence_binary/other/aswine_ALA_E_2_2020-09-30_12-22-37_726_t0000322000.wav,other
data/processed/cough_silence_binary/other/aswine_ALA_E_2_2020-09-30_05-10-08_068_t0000107000.wav,other
data/processed/cough_silence_binary/cough/aswine_ALA_E_2_2020-09-30_05-34-10_160_t0000241000.wav,cough
C:\py\pigsound\pig-sound-classification\det_round1_clips\ALA_000347_v2\other_clean\ALA_000347_v2_rank031_p0.806_src110.80-111.80_clip110.80-111.80.wav,other
data/processed/cough_silence_binary/cough/aswine_ALA_E_2_2020-09-30_03-16-00_102_t0000191000.wav,cough
data/processed/cough_silence_binary/other/aswine_ALA_E_2_2020-09-30_03-03-59_085_t0000075000.wav,other
data/processed/cough_silence_binary/cough/aswine_ALA_E_2_2020-09-30_03-22-00_565_t0000249000.wav,cough
data/processed/cough_silence_binary/cough/aswine_ALA_E_2_2020-09-30_04-58-07_090_t0000051000.wav,cough
data/processed/cough_silence_binary/other/aswine_ALA_E_2_2020-09-30_05-40-10_575_t0000070000.wav,other
data/processed/cough_silence_binary/cough/aswine_ALA_E_2_2020-09-30_04-04-03_325_t0000002000.wav,cough
data/processed/cough_silence_binary/other/aswine_ALA_E_2_2020-09-30_01-09-51_828_t0000229000.wav,other
data/processed/cough_silence_binary/cough/aswine_ALA_E_2_2020-09-30_08-22-21_043_t0000010000.wav,cough
data/processed/cough_silence_binary/other/aswine_ALA_E_2_2020-09-30_08-16-20_635_t0000251000.wav,other
data/processed/cough_silence_binary/cough/aswine_ALA_E_2_2020-09-30_06-58-15_681_t0000077000.wav,cough
C:\py\pigsound\pig-sound-classification\det_round1_clips\ALA_000347_v2\other_clean\ALA_000347_oldv1_rank037_p0.875_src289.20-290.20_clip289.20-290.20.wav,other
C:\py\pigsound\pig-sound-classification\det_round1_clips\ALA_000347_v2\other_clean\ALA_000347_rank060_p0.757_src268.20-269.20_clip268.20-269.20.wav,other
data/processed/cough_silence_binary/cough/aswine_ALA_E_2_2020-09-30_03-58-02_785_t0000088000.wav,cough
data/processed/cough_silence_binary/cough/aswine_ALA_E_2_2020-09-30_12-04-36_656_t0000287000.wav,cough
data/processed/cough_silence_binary/other/aswine_ALA_E_2_2020-09-30_08-52-23_287_t0000236000.wav,other
data/processed/cough_silence_binary/other/aswine_ALA_E_2_2020-09-30_06-16-12_660_t0000171000.wav,other
data/processed/cough_silence_binary/other/aswine_ALA_E_2_2020-09-30_08-10-20_310_t0000150000.wav,other
data/processed/cough_silence_binary/other/aswine_ALA_E_2_2020-09-30_09-40-26_757_t0000077000.wav,other
data/processed/cough_silence_binary/cough/aswine_ALA_E_2_2020-09-30_04-46-06_338_t0000115000.wav,cough
data/processed/cough_silence_binary/other/aswine_ALA_E_2_2020-09-30_09-04-24_156_t0000273000.wav,other
data/processed/cough_silence_binary/other/aswine_ALA_E_2_2020-09-30_00-39-49_327_t0000128000.wav,other
data/processed/cough_silence_binary/cough/aswine_ALA_E_2_2020-09-30_03-16-00_102_t0000190000.wav,cough
data/processed/cough_silence_binary/other/aswine_ALA_E_2_2020-09-30_02-21-56_604_t0000100000.wav,other
data/processed/cough_silence_binary/cough/aswine_ALA_E_2_2020-09-30_04-16-04_352_t0000111000.wav,cough
data/processed/cough_silence_binary/other/aswine_ALA_E_2_2020-09-30_07-04-16_154_t0000146000.wav,other
data/processed/cough_silence_binary/other/aswine_ALA_E_2_2020-09-30_05-10-08_068_t0000208000.wav,other
data/processed/cough_silence_binary/cough/aswine_ALA_E_2_2020-09-30_02-39-57_569_t0000294000.wav,cough
data/processed/cough_silence_binary/other/aswine_ALA_E_2_2020-09-30_08-28-21_427_t0000321000.wav,other
data/processed/cough_silence_binary/other/aswine_ALA_E_2_2020-09-30_00-51-50_372_t0000027000.wav,other
data/processed/cough_silence_binary/cough/aswine_ALA_E_2_2020-09-30_05-58-11_488_t0000148000.wav,cough
data/processed/cough_silence_binary/cough/aswine_ALA_E_2_2020-09-30_01-27-52_851_t0000235000.wav,cough
data/processed/cough_silence_binary/other/aswine_ALA_E_2_2020-09-30_08-10-20_310_t0000061000.wav,other
data/processed/cough_silence_binary/other/aswine_ALA_E_2_2020-09-30_14-22-46_399_t0000196000.wav,other
data/processed/cough_silence_binary/cough/aswine_ALA_E_2_2020-09-30_06-34-13_773_t0000253000.wav,cough
data/processed/cough_silence_binary/cough/aswine_ALA_E_2_2020-09-30_12-16-37_446_t0000323000.wav,cough
data/processed/cough_silence_binary/other/aswine_ALA_E_2_2020-09-30_09-58-28_198_t0000309000.wav,other
data/processed/cough_silence_binary/other/aswine_ALA_E_2_2020-09-30_03-09-59_585_t0000158000.wav,other
data/processed/cough_silence_binary/other/aswine_ALA_E_2_2020-09-30_02-39-57_569_t0000229000.wav,other
data/processed/cough_silence_binary/cough/aswine_ALA_E_2_2020-09-30_12-16-37_446_t0000305000.wav,cough
data/processed/cough_silence_binary/other/aswine_ALA_E_2_2020-09-30_02-15-56_094_t0000324000.wav,other
data/processed/cough_silence_binary/cough/aswine_ALA_E_2_2020-09-30_14-52-48_424_t0000354000.wav,cough
data/processed/cough_silence_binary/cough/aswine_ALA_E_2_2020-09-30_05-52-11_272_t0000167000.wav,cough
data/processed/cough_silence_binary/other/aswine_ALA_E_2_2020-09-30_05-46-10_875_t0000320000.wav,other
data/processed/cough_silence_binary/other/aswine_ALA_E_2_2020-09-30_04-34-05_333_t0000236000.wav,other
data/processed/cough_silence_binary/other/aswine_ALA_E_2_2020-09-30_05-16-08_565_t0000328000.wav,other
data/processed/cough_silence_binary/other/aswine_ALA_E_2_2020-09-30_04-10-03_850_t0000083000.wav,other
data/processed/cough_silence_binary/other/aswine_ALA_E_2_2020-09-30_08-10-20_310_t0000016000.wav,other
data/processed/cough_silence_binary/cough/aswine_ALA_E_2_2020-09-30_15-10-49_329_t0000287000.wav,cough
data/processed/cough_silence_binary/other/aswine_ALA_E_2_2020-09-30_00-39-49_327_t0000235000.wav,other
C:\py\pigsound\pig-sound-classification\det_round1_clips\ALA_000347_v2\other_clean\ALA_000347_v2_rank020_p0.831_src190.80-191.80_clip190.80-191.80.wav,other
data/processed/cough_silence_binary/cough/aswine_ALA_E_2_2020-09-30_01-21-52_571_t0000181000.wav,cough
data/processed/cough_silence_binary/other/aswine_ALA_E_2_2020-09-30_15-04-48_982_t0000129000.wav,other
data/processed/cough_silence_binary/other/aswine_ALA_E_2_2020-09-30_01-15-52_167_t0000190000.wav,other
data/processed/cough_silence_binary/cough/aswine_ALA_E_2_2020-09-30_10-22-29_769_t0000079000.wav,cough
data/processed/cough_silence_binary/other/aswine_ALA_E_2_2020-09-30_07-10-16_555_t0000020000.wav,other
data/processed/cough_silence_binary/other/aswine_ALA_E_2_2020-09-30_00-45-49_855_t0000148000.wav,other
data/processed/cough_silence_binary/cough/aswine_ALA_E_2_2020-09-30_03-28-00_803_t0000001000.wav,cough
data/processed/cough_silence_binary/cough/aswine_ALA_E_2_2020-09-30_04-28-05_047_t0000083000.wav,cough
C:\py\pigsound\pig-sound-classification\det_round1_clips\ALA_000347_v2\other_clean\sample01_rank001_p0.991_src97.00-98.00_clip97.00-98.00.wav,other
data/processed/cough_silence_binary/other/aswine_ALA_E_2_2020-09-30_08-04-19_788_t0000173000.wav,other
data/processed/cough_silence_binary/cough/aswine_ALA_E_2_2020-09-30_11-52-35_892_t0000231000.wav,cough
data/processed/cough_silence_binary/cough/aswine_ALA_E_2_2020-09-30_04-22-04_594_t0000195000.wav,cough
data/processed/cough_silence_binary/other/aswine_ALA_E_2_2020-09-30_05-40-10_575_t0000145000.wav,other
data/processed/cough_silence_binary/cough/aswine_ALA_E_2_2020-09-30_06-04-11_764_t0000300000.wav,cough
data/processed/cough_silence_binary/other/aswine_ALA_E_2_2020-09-30_00-51-50_372_t0000188000.wav,other
data/processed/cough_silence_binary/cough/aswine_ALA_E_2_2020-09-30_04-22-04_594_t0000150000.wav,cough
C:\py\pigsound\pig-sound-classification\det_round1_clips\ALA_000347_v2\other_clean\ALA_000347_v2_rank031_p0.779_src127.00-128.00_clip127.00-128.00.wav,other
data/processed/cough_silence_binary/other/aswine_ALA_E_2_2020-09-30_04-22-04_594_t0000208000.wav,other
data/processed/cough_silence_binary/cough/aswine_ALA_E_2_2020-09-30_11-52-35_892_t0000006000.wav,cough
data/processed/cough_silence_binary/cough/aswine_ALA_E_2_2020-09-30_12-16-37_446_t0000202000.wav,cough
data/processed/cough_silence_binary/cough/aswine_ALA_E_2_2020-09-30_12-22-37_726_t0000018000.wav,cough
data/processed/cough_silence_binary/other/aswine_ALA_E_2_2020-09-30_09-22-25_390_t0000257000.wav,other
data/processed/cough_silence_binary/cough/aswine_ALA_E_2_2020-09-30_02-15-56_094_t0000063000.wav,cough
data/processed/cough_silence_binary/other/aswine_ALA_E_2_2020-09-30_04-52-06_595_t0000342000.wav,other
data/processed/cough_silence_binary/cough/aswine_ALA_E_2_2020-09-30_04-22-04_594_t0000026000.wav,cough
data/processed/cough_silence_binary/other/aswine_ALA_E_2_2020-09-30_11-58-36_255_t0000339000.wav,other
data/processed/cough_silence_binary/cough/aswine_ALA_E_2_2020-09-30_01-27-52_851_t0000247000.wav,cough
data/processed/cough_silence_binary/cough/aswine_ALA_E_2_2020-09-30_14-10-45_685_t0000335000.wav,cough
data/processed/cough_silence_binary/cough/aswine_ALA_E_2_2020-09-30_06-16-12_660_t0000212000.wav,cough
data/processed/cough_silence_binary/other/aswine_ALA_E_2_2020-09-30_05-52-11_272_t0000305000.wav,other
C:\py\pigsound\pig-sound-classification\det_round1_clips\ALA_000347_v2\other_clean\ALA_000347_rank071_p0.729_src256.00-257.00_clip256.00-257.00.wav,other
data/processed/cough_silence_binary/other/aswine_ALA_E_2_2020-09-30_13-46-43_666_t0000115000.wav,other
data/processed/cough_silence_binary/other/aswine_ALA_E_2_2020-09-30_02-45-57_858_t0000275000.wav,other
data/processed/cough_silence_binary/cough/aswine_ALA_E_2_2020-09-30_15-10-49_329_t0000288000.wav,cough
data/processed/cough_silence_binary/cough/aswine_ALA_E_2_2020-09-30_14-40-47_610_t0000215000.wav,cough
data/processed/cough_silence_binary/other/aswine_ALA_E_2_2020-09-30_07-52-19_149_t0000213000.wav,other
data/processed/cough_silence_binary/other/aswine_ALA_E_2_2020-09-30_09-34-26_405_t0000233000.wav,other
data/processed/cough_silence_binary/other/aswine_ALA_E_2_2020-09-30_00-57-50_867_t0000059000.wav,other
data/processed/cough_silence_binary/cough/aswine_ALA_E_2_2020-09-30_10-40-30_865_t0000340000.wav,cough
data/processed/cough_silence_binary/cough/aswine_ALA_E_2_2020-09-30_05-28-09_636_t0000159000.wav,cough
data/processed/cough_silence_binary/cough/aswine_ALA_E_2_2020-09-30_05-28-09_636_t0000186000.wav,cough
data/processed/cough_silence_binary/other/aswine_ALA_E_2_2020-09-30_05-52-11_272_t0000015000.wav,other
data/processed/cough_silence_binary/other/aswine_ALA_E_2_2020-09-30_10-10-28_848_t0000239000.wav,other
data/processed/cough_silence_binary/cough/aswine_ALA_E_2_2020-09-30_00-51-50_372_t0000082000.wav,cough
data/processed/cough_silence_binary/other/aswine_ALA_E_2_2020-09-30_01-45-54_312_t0000148000.wav,other
data/processed/cough_silence_binary/cough/aswine_ALA_E_2_2020-09-30_01-21-52_571_t0000091000.wav,cough
data/processed/cough_silence_binary/other/aswine_ALA_E_2_2020-09-30_14-46-47_980_t0000157000.wav,other
data/processed/cough_silence_binary/other/aswine_ALA_E_2_2020-09-30_01-39-53_821_t0000115000.wav,other
data/processed/cough_silence_binary/other/aswine_ALA_E_2_2020-09-30_06-46-14_713_t0000260000.wav,other
data/processed/cough_silence_binary/other/aswine_ALA_E_2_2020-09-30_05-10-08_068_t0000123000.wav,other
data/processed/cough_silence_binary/other/aswine_ALA_E_2_2020-09-30_05-58-11_488_t0000116000.wav,other
data/processed/cough_silence_binary/cough/aswine_ALA_E_2_2020-09-30_11-52-35_892_t0000230000.wav,cough
data/processed/cough_silence_binary/cough/aswine_ALA_E_2_2020-09-30_14-16-45_975_t0000086000.wav,cough
data/processed/cough_silence_binary/cough/aswine_ALA_E_2_2020-09-30_10-16-29_272_t0000118000.wav,cough
data/processed/cough_silence_binary/other/aswine_ALA_E_2_2020-09-30_11-22-33_630_t0000146000.wav,other
data/processed/cough_silence_binary/other/aswine_ALA_E_2_2020-09-30_08-40-22_263_t0000108000.wav,other
data/processed/cough_silence_binary/cough/aswine_ALA_E_2_2020-09-30_04-46-06_338_t0000114000.wav,cough
data/processed/cough_silence_binary/other/aswine_ALA_E_2_2020-09-30_09-46-27_309_t0000327000.wav,other
data/processed/cough_silence_binary/cough/aswine_ALA_E_2_2020-09-30_11-52-35_892_t0000312000.wav,cough
C:\py\pigsound\pig-sound-classification\det_round1_clips\ALA_000347_v2\other_clean\ALA_000347_v2_rank035_p0.792_src246.00-247.00_clip246.00-247.00.wav,other
data/processed/cough_silence_binary/cough/aswine_ALA_E_2_2020-09-30_14-52-48_424_t0000355000.wav,cough
data/processed/cough_silence_binary/cough/aswine_ALA_E_2_2020-09-30_12-10-37_151_t0000318000.wav,cough
data/processed/cough_silence_binary/cough/aswine_ALA_E_2_2020-09-30_11-58-36_255_t0000030000.wav,cough
data/processed/cough_silence_binary/cough/aswine_ALA_E_2_2020-09-30_07-40-18_452_t0000195000.wav,cough
data/processed/cough_silence_binary/other/aswine_ALA_E_2_2020-09-30_08-52-23_287_t0000129000.wav,other
data/processed/cough_silence_binary/other/aswine_ALA_E_2_2020-09-30_10-10-28_848_t0000054000.wav,other
data/processed/cough_silence_binary/other/aswine_ALA_E_2_2020-09-30_02-45-57_858_t0000049000.wav,other
data/processed/cough_silence_binary/other/aswine_ALA_E_2_2020-09-30_01-57-54_862_t0000129000.wav,other
data/processed/cough_silence_binary/cough/aswine_ALA_E_2_2020-09-30_12-10-37_151_t0000149000.wav,cough
data/processed/cough_silence_binary/other/aswine_ALA_E_2_2020-09-30_03-34-01_104_t0000056000.wav,other
data/processed/cough_silence_binary/cough/aswine_ALA_E_2_2020-09-30_01-15-52_167_t0000298000.wav,cough
data/processed/cough_silence_binary/other/aswine_ALA_E_2_2020-09-30_03-16-00_102_t0000297000.wav,other
data/processed/cough_silence_binary/cough/aswine_ALA_E_2_2020-09-30_03-16-00_102_t0000311000.wav,cough
data/processed/cough_silence_binary/other/aswine_ALA_E_2_2020-09-30_06-58-15_681_t0000145000.wav,other
data/processed/cough_silence_binary/other/aswine_ALA_E_2_2020-09-30_09-46-27_309_t0000207000.wav,other
data/processed/cough_silence_binary/other/aswine_ALA_E_2_2020-09-30_11-52-35_892_t0000025000.wav,other
data/processed/cough_silence_binary/cough/aswine_ALA_E_2_2020-09-30_15-10-49_329_t0000251000.wav,cough
data/processed/cough_silence_binary/other/aswine_ALA_E_2_2020-09-30_15-04-48_982_t0000252000.wav,other
data/processed/cough_silence_binary/cough/aswine_ALA_E_2_2020-09-30_12-16-37_446_t0000222000.wav,cough
data/processed/cough_silence_binary/other/aswine_ALA_E_2_2020-09-30_15-04-48_982_t0000229000.wav,other
data/processed/cough_silence_binary/cough/aswine_ALA_E_2_2020-09-30_10-22-29_769_t0000074000.wav,cough
data/processed/cough_silence_binary/cough/aswine_ALA_E_2_2020-09-30_14-40-47_610_t0000160000.wav,cough
data/processed/cough_silence_binary/other/aswine_ALA_E_2_2020-09-30_00-57-50_867_t0000192000.wav,other
data/processed/cough_silence_binary/cough/aswine_ALA_E_2_2020-09-30_01-03-51_362_t0000278000.wav,cough
data/processed/cough_silence_binary/other/aswine_ALA_E_2_2020-09-30_04-16-04_352_t0000120000.wav,other
data/processed/cough_silence_binary/cough/aswine_ALA_E_2_2020-09-30_11-46-35_513_t0000042000.wav,cough
data/processed/cough_silence_binary/cough/aswine_ALA_E_2_2020-09-30_12-28-38_125_t0000151000.wav,cough
data/processed/cough_silence_binary/other/aswine_ALA_E_2_2020-09-30_04-22-04_594_t0000043000.wav,other
data/processed/cough_silence_binary/cough/aswine_ALA_E_2_2020-09-30_01-45-54_312_t0000210000.wav,cough
C:\py\pigsound\pig-sound-classification\det_round1_clips\ALA_000347_v2\other_clean\ALA_000347_v2_rank010_p0.891_src217.90-218.90_clip217.90-218.90.wav,other
data/processed/cough_silence_binary/cough/aswine_ALA_E_2_2020-09-30_12-16-37_446_t0000304000.wav,cough
data/processed/cough_silence_binary/cough/aswine_ALA_E_2_2020-09-30_13-58-44_665_t0000257000.wav,cough
data/processed/cough_silence_binary/cough/aswine_ALA_E_2_2020-09-30_12-16-37_446_t0000244000.wav,cough
data/processed/cough_silence_binary/other/aswine_ALA_E_2_2020-09-30_06-04-11_764_t0000315000.wav,other
data/processed/cough_silence_binary/cough/aswine_ALA_E_2_2020-09-30_04-16-04_352_t0000238000.wav,cough
C:\py\pigsound\pig-sound-classification\det_round1_clips\ALA_000347_v2\other_clean\ALA_000347_v2_rank040_p0.778_src145.40-146.40_clip145.40-146.40.wav,other
data/processed/cough_silence_binary/other/aswine_ALA_E_2_2020-09-30_04-10-03_850_t0000335000.wav,other
data/processed/cough_silence_binary/cough/aswine_ALA_E_2_2020-09-30_02-15-56_094_t0000050000.wav,cough
data/processed/cough_silence_binary/cough/aswine_ALA_E_2_2020-09-30_12-16-37_446_t0000343000.wav,cough
data/processed/cough_silence_binary/cough/aswine_ALA_E_2_2020-09-30_05-28-09_636_t0000190000.wav,cough
data/processed/cough_silence_binary/other/aswine_ALA_E_2_2020-09-30_01-15-52_167_t0000324000.wav,other
C:\py\pigsound\pig-sound-classification\det_round1_clips\ALA_000347_v2\other_clean\ALA_000347_oldv1_rank034_p0.886_src147.20-148.20_clip147.20-148.20.wav,other
C:\py\pigsound\pig-sound-classification\det_round1_clips\ALA_000347_v2\other_clean\ALA_000347_rank050_p0.771_src166.00-167.00_clip166.00-167.00.wav,other
data/processed/cough_silence_binary/cough/aswine_ALA_E_2_2020-09-30_11-28-34_169_t0000083000.wav,cough
data/processed/cough_silence_binary/cough/aswine_ALA_E_2_2020-09-30_07-16-16_914_t0000021000.wav,cough
data/processed/cough_silence_binary/cough/aswine_ALA_E_2_2020-09-30_08-28-21_427_t0000059000.wav,cough
data/processed/cough_silence_binary/other/aswine_ALA_E_2_2020-09-30_05-04-07_555_t0000159000.wav,other
data/processed/cough_silence_binary/cough/aswine_ALA_E_2_2020-09-30_07-58-19_477_t0000337000.wav,cough
data/processed/cough_silence_binary/cough/aswine_ALA_E_2_2020-09-30_12-28-38_125_t0000078000.wav,cough
data/processed/cough_silence_binary/other/aswine_ALA_E_2_2020-09-30_05-46-10_875_t0000174000.wav,other
C:\py\pigsound\pig-sound-classification\det_round1_clips\ALA_000347_v2\other_clean\ALA_000347_v2_rank034_p0.773_src258.40-259.40_clip258.40-259.40.wav,other
data/processed/cough_silence_binary/other/aswine_ALA_E_2_2020-09-30_05-04-07_555_t0000243000.wav,other
data/processed/cough_silence_binary/other/aswine_ALA_E_2_2020-09-30_14-16-45_975_t0000148000.wav,other
data/processed/cough_silence_binary/other/aswine_ALA_E_2_2020-09-30_04-22-04_594_t0000312000.wav,other
data/processed/cough_silence_binary/other/aswine_ALA_E_2_2020-09-30_11-52-35_892_t0000220000.wav,other
data/processed/cough_silence_binary/other/aswine_ALA_E_2_2020-09-30_06-52-15_207_t0000328000.wav,other
data/processed/cough_silence_binary/other/aswine_ALA_E_2_2020-09-30_05-16-08_565_t0000341000.wav,other
data/processed/cough_silence_binary/cough/aswine_ALA_E_2_2020-09-30_02-27-56_846_t0000125000.wav,cough
data/processed/cough_silence_binary/cough/aswine_ALA_E_2_2020-09-30_06-16-12_660_t0000189000.wav,cough
C:\py\pigsound\pig-sound-classification\det_round1_clips\ALA_000347_v2\other_clean\ALA_000347_rank001_p0.955_src105.20-106.20_clip105.20-106.20.wav,other
data/processed/cough_silence_binary/cough/aswine_ALA_E_2_2020-09-30_00-03-47_130_t0000283000.wav,cough
data/processed/cough_silence_binary/cough/aswine_ALA_E_2_2020-09-30_04-22-04_594_t0000030000.wav,cough
data/processed/cough_silence_binary/cough/aswine_ALA_E_2_2020-09-30_12-04-36_656_t0000247000.wav,cough
data/processed/cough_silence_binary/cough/aswine_ALA_E_2_2020-09-30_12-04-36_656_t0000030000.wav,cough
data/processed/cough_silence_binary/other/aswine_ALA_E_2_2020-09-30_05-04-07_555_t0000238000.wav,other
data/processed/cough_silence_binary/cough/aswine_ALA_E_2_2020-09-30_06-16-12_660_t0000211000.wav,cough
data/processed/cough_silence_binary/cough/aswine_ALA_E_2_2020-09-30_15-04-48_982_t0000244000.wav,cough
data/processed/cough_silence_binary/cough/aswine_ALA_E_2_2020-09-30_06-28-13_427_t0000301000.wav,cough
data/processed/cough_silence_binary/other/aswine_ALA_E_2_2020-09-30_06-10-12_288_t0000326000.wav,other
data/processed/cough_silence_binary/other/aswine_ALA_E_2_2020-09-30_05-28-09_636_t0000138000.wav,other
data/processed/cough_silence_binary/cough/aswine_ALA_E_2_2020-09-30_08-34-21_763_t0000204000.wav,cough
data/processed/cough_silence_binary/other/aswine_ALA_E_2_2020-09-30_03-52-02_333_t0000286000.wav,other
data/processed/cough_silence_binary/cough/aswine_ALA_E_2_2020-09-30_06-52-15_207_t0000315000.wav,cough
data/processed/cough_silence_binary/other/aswine_ALA_E_2_2020-09-30_02-21-56_604_t0000046000.wav,other
data/processed/cough_silence_binary/other/aswine_ALA_E_2_2020-09-30_01-51-54_564_t0000212000.wav,other
data/processed/cough_silence_binary/cough/aswine_ALA_E_2_2020-09-30_05-28-09_636_t0000158000.wav,cough
data/processed/cough_silence_binary/other/aswine_ALA_E_2_2020-09-30_06-16-12_660_t0000060000.wav,other
data/processed/cough_silence_binary/other/aswine_ALA_E_2_2020-09-30_06-46-14_713_t0000240000.wav,other
data/processed/cough_silence_binary/other/aswine_ALA_E_2_2020-09-30_06-10-12_288_t0000186000.wav,other
data/processed/cough_silence_binary/other/aswine_ALA_E_2_2020-09-30_14-16-45_975_t0000209000.wav,other
data/processed/cough_silence_binary/cough/aswine_ALA_E_2_2020-09-30_02-33-57_095_t0000078000.wav,cough
C:\py\pigsound\pig-sound-classification\det_round1_clips\ALA_000347_v2\other_clean\ALA_000347_rank054_p0.769_src145.30-146.30_clip145.30-146.30.wav,other
data/processed/cough_silence_binary/other/aswine_ALA_E_2_2020-09-30_15-10-49_329_t0000303000.wav,other
data/processed/cough_silence_binary/cough/aswine_ALA_E_2_2020-09-30_03-34-01_104_t0000287000.wav,cough
data/processed/cough_silence_binary/other/aswine_ALA_E_2_2020-09-30_04-10-03_850_t0000043000.wav,other
data/processed/cough_silence_binary/cough/aswine_ALA_E_2_2020-09-30_04-46-06_338_t0000233000.wav,cough
data/processed/cough_silence_binary/cough/aswine_ALA_E_2_2020-09-30_02-27-56_846_t0000116000.wav,cough
data/processed/cough_silence_binary/cough/aswine_ALA_E_2_2020-09-30_11-40-35_013_t0000033000.wav,cough
data/processed/cough_silence_binary/other/aswine_ALA_E_2_2020-09-30_07-58-19_477_t0000262000.wav,other
data/processed/cough_silence_binary/other/aswine_ALA_E_2_2020-09-30_02-33-57_095_t0000092000.wav,other
data/processed/cough_silence_binary/other/aswine_ALA_E_2_2020-09-30_13-40-43_272_t0000340000.wav,other
data/processed/cough_silence_binary/cough/aswine_ALA_E_2_2020-09-30_02-33-57_095_t0000027000.wav,cough
data/processed/cough_silence_binary/cough/aswine_ALA_E_2_2020-09-30_10-46-31_261_t0000065000.wav,cough
data/processed/cough_silence_binary/other/aswine_ALA_E_2_2020-09-30_08-58-23_679_t0000161000.wav,other
data/processed/cough_silence_binary/other/aswine_ALA_E_2_2020-09-30_03-09-59_585_t0000186000.wav,other
data/processed/cough_silence_binary/other/aswine_ALA_E_2_2020-09-30_11-58-36_255_t0000132000.wav,other
data/processed/cough_silence_binary/cough/aswine_ALA_E_2_2020-09-30_05-52-11_272_t0000052000.wav,cough
data/processed/cough_silence_binary/cough/aswine_ALA_E_2_2020-09-30_12-16-37_446_t0000233000.wav,cough
data/processed/cough_silence_binary/cough/aswine_ALA_E_2_2020-09-30_03-22-00_565_t0000342000.wav,cough
data/processed/cough_silence_binary/cough/aswine_ALA_E_2_2020-09-30_14-52-48_424_t0000352000.wav,cough
data/processed/cough_silence_binary/cough/aswine_ALA_E_2_2020-09-30_03-22-00_565_t0000355000.wav,cough
data/processed/cough_silence_binary/other/aswine_ALA_E_2_2020-09-30_08-34-21_763_t0000043000.wav,other
data/processed/cough_silence_binary/other/aswine_ALA_E_2_2020-09-30_01-27-52_851_t0000161000.wav,other
data/processed/cough_silence_binary/cough/aswine_ALA_E_2_2020-09-30_01-45-54_312_t0000208000.wav,cough
data/processed/cough_silence_binary/other/aswine_ALA_E_2_2020-09-30_04-04-03_325_t0000076000.wav,other
C:\py\pigsound\pig-sound-classification\det_round1_clips\ALA_000347_v2\other_clean\ALA_000347_v2_rank016_p0.871_src212.60-213.60_clip212.60-213.60.wav,other
C:\py\pigsound\pig-sound-classification\det_round1_clips\ALA_000347_v2\other_clean\ALA_000347_rank035_p0.801_src307.60-308.60_clip307.60-308.60.wav,other
data/processed/cough_silence_binary/cough/aswine_ALA_E_2_2020-09-30_03-09-59_585_t0000223000.wav,cough
data/processed/cough_silence_binary/cough/aswine_ALA_E_2_2020-09-30_01-21-52_571_t0000088000.wav,cough
data/processed/cough_silence_binary/other/aswine_ALA_E_2_2020-09-30_00-15-47_817_t0000355000.wav,other
data/processed/cough_silence_binary/cough/aswine_ALA_E_2_2020-09-30_07-52-19_149_t0000341000.wav,cough
data/processed/cough_silence_binary/cough/aswine_ALA_E_2_2020-09-30_05-28-09_636_t0000157000.wav,cough
data/processed/cough_silence_binary/other/aswine_ALA_E_2_2020-09-30_10-46-31_261_t0000106000.wav,other
data/processed/cough_silence_binary/cough/aswine_ALA_E_2_2020-09-30_02-03-55_346_t0000157000.wav,cough
data/processed/cough_silence_binary/cough/aswine_ALA_E_2_2020-09-30_02-09-55_811_t0000327000.wav,cough
data/processed/cough_silence_binary/cough/aswine_ALA_E_2_2020-09-30_09-04-24_156_t0000204000.wav,cough
data/processed/cough_silence_binary/cough/aswine_ALA_E_2_2020-09-30_02-15-56_094_t0000042000.wav,cough
data/processed/cough_silence_binary/cough/aswine_ALA_E_2_2020-09-30_02-27-56_846_t0000137000.wav,cough
data/processed/cough_silence_binary/cough/aswine_ALA_E_2_2020-09-30_10-46-31_261_t0000112000.wav,cough
data/processed/cough_silence_binary/other/aswine_ALA_E_2_2020-09-30_02-51-58_296_t0000241000.wav,other
data/processed/cough_silence_binary/cough/aswine_ALA_E_2_2020-09-30_12-04-36_656_t0000146000.wav,cough
data/processed/cough_silence_binary/other/aswine_ALA_E_2_2020-09-30_01-33-53_320_t0000141000.wav,other
data/processed/cough_silence_binary/other/aswine_ALA_E_2_2020-09-30_04-04-03_325_t0000070000.wav,other
data/processed/cough_silence_binary/other/aswine_ALA_E_2_2020-09-30_01-03-51_362_t0000206000.wav,other
data/processed/cough_silence_binary/cough/aswine_ALA_E_2_2020-09-30_03-28-00_803_t0000060000.wav,cough
data/processed/cough_silence_binary/cough/aswine_ALA_E_2_2020-09-30_05-52-11_272_t0000175000.wav,cough
data/processed/cough_silence_binary/other/aswine_ALA_E_2_2020-09-30_05-28-09_636_t0000028000.wav,other
data/processed/cough_silence_binary/other/aswine_ALA_E_2_2020-09-30_09-04-24_156_t0000279000.wav,other
data/processed/cough_silence_binary/cough/aswine_ALA_E_2_2020-09-30_02-15-56_094_t0000046000.wav,cough
data/processed/cough_silence_binary/other/aswine_ALA_E_2_2020-09-30_04-46-06_338_t0000252000.wav,other
data/processed/cough_silence_binary/cough/aswine_ALA_E_2_2020-09-30_02-03-55_346_t0000179000.wav,cough
data/processed/cough_silence_binary/other/aswine_ALA_E_2_2020-09-30_03-03-59_085_t0000141000.wav,other
data/processed/cough_silence_binary/other/aswine_ALA_E_2_2020-09-30_00-21-48_316_t0000114000.wav,other
data/processed/cough_silence_binary/other/aswine_ALA_E_2_2020-09-30_12-28-38_125_t0000091000.wav,other
data/processed/cough_silence_binary/other/aswine_ALA_E_2_2020-09-30_01-51-54_564_t0000292000.wav,other
data/processed/cough_silence_binary/cough/aswine_ALA_E_2_2020-09-30_12-16-37_446_t0000236000.wav,cough
data/processed/cough_silence_binary/cough/aswine_ALA_E_2_2020-09-30_11-16-33_282_t0000271000.wav,cough
data/processed/cough_silence_binary/cough/aswine_ALA_E_2_2020-09-30_14-16-45_975_t0000019000.wav,cough
C:\py\pigsound\pig-sound-classification\det_round1_clips\ALA_000347_v2\other_clean\ALA_000347_v2_rank022_p0.833_src335.10-336.10_clip335.10-336.10.wav,other
data/processed/cough_silence_binary/cough/aswine_ALA_E_2_2020-09-30_05-04-07_555_t0000010000.wav,cough
data/processed/cough_silence_binary/cough/aswine_ALA_E_2_2020-09-30_04-58-07_090_t0000052000.wav,cough
data/processed/cough_silence_binary/other/aswine_ALA_E_2_2020-09-30_02-21-56_604_t0000221000.wav,other
data/processed/cough_silence_binary/other/aswine_ALA_E_2_2020-09-30_09-16-25_023_t0000073000.wav,other
data/processed/cough_silence_binary/cough/aswine_ALA_E_2_2020-09-30_06-16-12_660_t0000185000.wav,cough
data/processed/cough_silence_binary/other/aswine_ALA_E_2_2020-09-30_03-22-00_565_t0000145000.wav,other
data/processed/cough_silence_binary/other/aswine_ALA_E_2_2020-09-30_01-27-52_851_t0000045000.wav,other
data/processed/cough_silence_binary/other/aswine_ALA_E_2_2020-09-30_08-34-21_763_t0000234000.wav,other
data/processed/cough_silence_binary/other/aswine_ALA_E_2_2020-09-30_04-10-03_850_t0000006000.wav,other
data/processed/cough_silence_binary/other/aswine_ALA_E_2_2020-09-30_03-16-00_102_t0000046000.wav,other
data/processed/cough_silence_binary/other/aswine_ALA_E_2_2020-09-30_06-10-12_288_t0000341000.wav,other
data/processed/cough_silence_binary/other/aswine_ALA_E_2_2020-09-30_09-10-24_673_t0000075000.wav,other
data/processed/cough_silence_binary/other/aswine_ALA_E_2_2020-09-30_05-34-10_160_t0000016000.wav,other
data/processed/cough_silence_binary/cough/aswine_ALA_E_2_2020-09-30_13-34-42_899_t0000180000.wav,cough
data/processed/cough_silence_binary/other/aswine_ALA_E_2_2020-09-30_00-45-49_855_t0000252000.wav,other
data/processed/cough_silence_binary/cough/aswine_ALA_E_2_2020-09-30_04-16-04_352_t0000240000.wav,cough
C:\py\pigsound\pig-sound-classification\det_round1_clips\ALA_000347_v2\other_clean\ALA_000347_rank026_p0.832_src148.20-149.20_clip148.20-149.20.wav,other
data/processed/cough_silence_binary/other/aswine_ALA_E_2_2020-09-30_09-10-24_673_t0000311000.wav,other
data/processed/cough_silence_binary/other/aswine_ALA_E_2_2020-09-30_11-40-35_013_t0000227000.wav,other
data/processed/cough_silence_binary/other/aswine_ALA_E_2_2020-09-30_08-40-22_263_t0000149000.wav,other
data/processed/cough_silence_binary/other/aswine_ALA_E_2_2020-09-30_04-58-07_090_t0000251000.wav,other
data/processed/cough_silence_binary/other/aswine_ALA_E_2_2020-09-30_04-04-03_325_t0000245000.wav,other
data/processed/cough_silence_binary/other/aswine_ALA_E_2_2020-09-30_09-28-25_922_t0000065000.wav,other
data/processed/cough_silence_binary/other/aswine_ALA_E_2_2020-09-30_04-40-05_833_t0000081000.wav,other
data/processed/cough_silence_binary/other/aswine_ALA_E_2_2020-09-30_04-46-06_338_t0000174000.wav,other
data/processed/cough_silence_binary/other/aswine_ALA_E_2_2020-09-30_07-58-19_477_t0000138000.wav,other
data/processed/cough_silence_binary/cough/aswine_ALA_E_2_2020-09-30_15-10-49_329_t0000308000.wav,cough
data/processed/cough_silence_binary/other/aswine_ALA_E_2_2020-09-30_14-16-45_975_t0000163000.wav,other
data/processed/cough_silence_binary/other/aswine_ALA_E_2_2020-09-30_07-46-18_740_t0000291000.wav,other
C:\py\pigsound\pig-sound-classification\det_round1_clips\ALA_000347_v2\other_clean\ALA_000347_v2_rank001_p0.955_src105.20-106.20_clip105.20-106.20.wav,other
data/processed/cough_silence_binary/cough/aswine_ALA_E_2_2020-09-30_10-46-31_261_t0000201000.wav,cough
data/processed/cough_silence_binary/other/aswine_ALA_E_2_2020-09-30_10-46-31_261_t0000229000.wav,other
data/processed/cough_silence_binary/cough/aswine_ALA_E_2_2020-09-30_06-16-12_660_t0000191000.wav,cough
data/processed/cough_silence_binary/other/aswine_ALA_E_2_2020-09-30_12-10-37_151_t0000118000.wav,other
data/processed/cough_silence_binary/cough/aswine_ALA_E_2_2020-09-30_11-10-32_919_t0000173000.wav,cough
data/processed/cough_silence_binary/cough/aswine_ALA_E_2_2020-09-30_12-34-38_544_t0000190000.wav,cough
data/processed/cough_silence_binary/cough/aswine_ALA_E_2_2020-09-30_04-22-04_594_t0000068000.wav,cough
data/processed/cough_silence_binary/other/aswine_ALA_E_2_2020-09-30_05-28-09_636_t0000332000.wav,other
data/processed/cough_silence_binary/other/aswine_ALA_E_2_2020-09-30_08-10-20_310_t0000018000.wav,other
data/processed/cough_silence_binary/cough/aswine_ALA_E_2_2020-09-30_12-22-37_726_t0000164000.wav,cough
data/processed/cough_silence_binary/cough/aswine_ALA_E_2_2020-09-30_11-28-34_169_t0000031000.wav,cough
data/processed/cough_silence_binary/other/aswine_ALA_E_2_2020-09-30_00-45-49_855_t0000077000.wav,other
data/processed/cough_silence_binary/other/aswine_ALA_E_2_2020-09-30_02-15-56_094_t0000355000.wav,other
data/processed/cough_silence_binary/cough/aswine_ALA_E_2_2020-09-30_12-22-37_726_t0000022000.wav,cough
data/processed/cough_silence_binary/other/aswine_ALA_E_2_2020-09-30_04-22-04_594_t0000277000.wav,other
data/processed/cough_silence_binary/other/aswine_ALA_E_2_2020-09-30_04-46-06_338_t0000070000.wav,other
data/processed/cough_silence_binary/other/aswine_ALA_E_2_2020-09-30_07-04-16_154_t0000122000.wav,other
data/processed/cough_silence_binary/other/aswine_ALA_E_2_2020-09-30_06-04-11_764_t0000324000.wav,other
data/processed/cough_silence_binary/cough/aswine_ALA_E_2_2020-09-30_14-16-45_975_t0000094000.wav,cough
data/processed/cough_silence_binary/other/aswine_ALA_E_2_2020-09-30_04-52-06_595_t0000184000.wav,other
data/processed/cough_silence_binary/other/aswine_ALA_E_2_2020-09-30_04-16-04_352_t0000258000.wav,other
data/processed/cough_silence_binary/cough/aswine_ALA_E_2_2020-09-30_03-09-59_585_t0000206000.wav,cough
data/processed/cough_silence_binary/other/aswine_ALA_E_2_2020-09-30_10-16-29_272_t0000155000.wav,other
data/processed/cough_silence_binary/other/aswine_ALA_E_2_2020-09-30_10-58-32_034_t0000022000.wav,other
data/processed/cough_silence_binary/other/aswine_ALA_E_2_2020-09-30_07-10-16_555_t0000331000.wav,other
data/processed/cough_silence_binary/cough/aswine_ALA_E_2_2020-09-30_03-22-00_565_t0000335000.wav,cough
data/processed/cough_silence_binary/cough/aswine_ALA_E_2_2020-09-30_02-15-56_094_t0000048000.wav,cough
data/processed/cough_silence_binary/other/aswine_ALA_E_2_2020-09-30_02-39-57_569_t0000145000.wav,other
data/processed/cough_silence_binary/cough/aswine_ALA_E_2_2020-09-30_03-28-00_803_t0000082000.wav,cough
data/processed/cough_silence_binary/other/aswine_ALA_E_2_2020-09-30_10-16-29_272_t0000256000.wav,other
data/processed/cough_silence_binary/cough/aswine_ALA_E_2_2020-09-30_04-28-05_047_t0000081000.wav,cough
data/processed/cough_silence_binary/other/aswine_ALA_E_2_2020-09-30_09-16-25_023_t0000327000.wav,other
data/processed/cough_silence_binary/cough/aswine_ALA_E_2_2020-09-30_02-39-57_569_t0000276000.wav,cough
C:\py\pigsound\pig-sound-classification\det_round1_clips\ALA_000347_v2\other_clean\ALA_000347_rank020_p0.855_src212.50-213.50_clip212.50-213.50.wav,other
data/processed/cough_silence_binary/cough/aswine_ALA_E_2_2020-09-30_11-52-35_892_t0000069000.wav,cough
data/processed/cough_silence_binary/cough/aswine_ALA_E_2_2020-09-30_06-28-13_427_t0000297000.wav,cough
data/processed/cough_silence_binary/cough/aswine_ALA_E_2_2020-09-30_02-39-57_569_t0000234000.wav,cough
data/processed/cough_silence_binary/other/aswine_ALA_E_2_2020-09-30_04-04-03_325_t0000233000.wav,other
data/processed/cough_silence_binary/other/aswine_ALA_E_2_2020-09-30_03-03-59_085_t0000306000.wav,other
data/processed/cough_silence_binary/other/aswine_ALA_E_2_2020-09-30_01-39-53_821_t0000219000.wav,other
data/processed/cough_silence_binary/cough/aswine_ALA_E_2_2020-09-30_12-04-36_656_t0000029000.wav,cough
data/processed/cough_silence_binary/cough/aswine_ALA_E_2_2020-09-30_10-52-31_596_t0000294000.wav,cough
C:\py\pigsound\pig-sound-classification\det_round1_clips\ALA_000347_v2\other_clean\ALA_000347_oldv1_rank055_p0.755_src188.90-189.90_clip188.90-189.90.wav,other
data/processed/cough_silence_binary/other/aswine_ALA_E_2_2020-09-30_03-40-01_553_t0000277000.wav,other
data/processed/cough_silence_binary/other/aswine_ALA_E_2_2020-09-30_03-28-00_803_t0000024000.wav,other
data/processed/cough_silence_binary/other/aswine_ALA_E_2_2020-09-30_05-34-10_160_t0000301000.wav,other
data/processed/cough_silence_binary/cough/aswine_ALA_E_2_2020-09-30_01-03-51_362_t0000277000.wav,cough
data/processed/cough_silence_binary/other/aswine_ALA_E_2_2020-09-30_05-52-11_272_t0000220000.wav,other
data/processed/cough_silence_binary/other/aswine_ALA_E_2_2020-09-30_05-46-10_875_t0000160000.wav,other
data/processed/cough_silence_binary/other/aswine_ALA_E_2_2020-09-30_11-16-33_282_t0000111000.wav,other
data/processed/cough_silence_binary/cough/aswine_ALA_E_2_2020-09-30_04-16-04_352_t0000094000.wav,cough
data/processed/cough_silence_binary/cough/aswine_ALA_E_2_2020-09-30_05-28-09_636_t0000318000.wav,cough
data/processed/cough_silence_binary/other/aswine_ALA_E_2_2020-09-30_05-58-11_488_t0000296000.wav,other
data/processed/cough_silence_binary/other/aswine_ALA_E_2_2020-09-30_07-04-16_154_t0000183000.wav,other
data/processed/cough_silence_binary/other/aswine_ALA_E_2_2020-09-30_06-58-15_681_t0000045000.wav,other
data/processed/cough_silence_binary/other/aswine_ALA_E_2_2020-09-30_14-52-48_424_t0000047000.wav,other
data/processed/cough_silence_binary/other/aswine_ALA_E_2_2020-09-30_08-28-21_427_t0000231000.wav,other
data/processed/cough_silence_binary/other/aswine_ALA_E_2_2020-09-30_10-16-29_272_t0000090000.wav,other
data/processed/cough_silence_binary/cough/aswine_ALA_E_2_2020-09-30_10-28-30_177_t0000282000.wav,cough
data/processed/cough_silence_binary/other/aswine_ALA_E_2_2020-09-30_02-33-57_095_t0000221000.wav,other
data/processed/cough_silence_binary/cough/aswine_ALA_E_2_2020-09-30_07-52-19_149_t0000334000.wav,cough
data/processed/cough_silence_binary/cough/aswine_ALA_E_2_2020-09-30_06-04-11_764_t0000299000.wav,cough
data/processed/cough_silence_binary/other/aswine_ALA_E_2_2020-09-30_09-10-24_673_t0000314000.wav,other
data/processed/cough_silence_binary/cough/aswine_ALA_E_2_2020-09-30_05-58-11_488_t0000144000.wav,cough
data/processed/cough_silence_binary/cough/aswine_ALA_E_2_2020-09-30_08-34-21_763_t0000206000.wav,cough
data/processed/cough_silence_binary/other/aswine_ALA_E_2_2020-09-30_06-52-15_207_t0000151000.wav,other
C:\py\pigsound\pig-sound-classification\det_round1_clips\ALA_000347_v2\other_clean\ALA_000347_rank047_p0.773_src258.40-259.40_clip258.40-259.40.wav,other
data/processed/cough_silence_binary/other/aswine_ALA_E_2_2020-09-30_11-22-33_630_t0000046000.wav,other
data/processed/cough_silence_binary/cough/aswine_ALA_E_2_2020-09-30_10-46-31_261_t0000069000.wav,cough
C:\py\pigsound\pig-sound-classification\det_round1_clips\ALA_000347_v2\other_clean\ALA_000347_rank055_p0.764_src163.10-164.10_clip163.10-164.10.wav,other
data/processed/cough_silence_binary/cough/aswine_ALA_E_2_2020-09-30_02-39-57_569_t0000241000.wav,cough
data/processed/cough_silence_binary/other/aswine_ALA_E_2_2020-09-30_02-33-57_095_t0000043000.wav,other
data/processed/cough_silence_binary/cough/aswine_ALA_E_2_2020-09-30_12-22-37_726_t0000358000.wav,cough
data/processed/cough_silence_binary/other/aswine_ALA_E_2_2020-09-30_00-57-50_867_t0000075000.wav,other
data/processed/cough_silence_binary/other/aswine_ALA_E_2_2020-09-30_07-46-18_740_t0000145000.wav,other
data/processed/cough_silence_binary/other/aswine_ALA_E_2_2020-09-30_05-16-08_565_t0000315000.wav,other
data/processed/cough_silence_binary/other/aswine_ALA_E_2_2020-09-30_04-22-04_594_t0000317000.wav,other
data/processed/cough_silence_binary/cough/aswine_ALA_E_2_2020-09-30_12-34-38_544_t0000335000.wav,cough
data/processed/cough_silence_binary/cough/aswine_ALA_E_2_2020-09-30_03-40-01_553_t0000174000.wav,cough
data/processed/cough_silence_binary/other/aswine_ALA_E_2_2020-09-30_04-34-05_333_t0000152000.wav,other
data/processed/cough_silence_binary/cough/aswine_ALA_E_2_2020-09-30_05-10-08_068_t0000056000.wav,cough
data/processed/cough_silence_binary/other/aswine_ALA_E_2_2020-09-30_05-58-11_488_t0000114000.wav,other
data/processed/cough_silence_binary/other/aswine_ALA_E_2_2020-09-30_14-40-47_610_t0000036000.wav,other
data/processed/cough_silence_binary/other/aswine_ALA_E_2_2020-09-30_07-10-16_555_t0000330000.wav,other
data/processed/cough_silence_binary/other/aswine_ALA_E_2_2020-09-30_03-03-59_085_t0000331000.wav,other
data/processed/cough_silence_binary/other/aswine_ALA_E_2_2020-09-30_06-58-15_681_t0000173000.wav,other
data/processed/cough_silence_binary/other/aswine_ALA_E_2_2020-09-30_00-39-49_327_t0000216000.wav,other
data/processed/cough_silence_binary/cough/aswine_ALA_E_2_2020-09-30_04-46-06_338_t0000090000.wav,cough
data/processed/cough_silence_binary/other/aswine_ALA_E_2_2020-09-30_03-09-59_585_t0000296000.wav,other
data/processed/cough_silence_binary/cough/aswine_ALA_E_2_2020-09-30_12-10-37_151_t0000083000.wav,cough
data/processed/cough_silence_binary/cough/aswine_ALA_E_2_2020-09-30_10-04-28_503_t0000215000.wav,cough
data/processed/cough_silence_binary/cough/aswine_ALA_E_2_2020-09-30_03-09-59_585_t0000335000.wav,cough
data/processed/cough_silence_binary/other/aswine_ALA_E_2_2020-09-30_08-52-23_287_t0000228000.wav,other
data/processed/cough_silence_binary/other/aswine_ALA_E_2_2020-09-30_07-58-19_477_t0000215000.wav,other
data/processed/cough_silence_binary/cough/aswine_ALA_E_2_2020-09-30_11-58-36_255_t0000295000.wav,cough
data/processed/cough_silence_binary/cough/aswine_ALA_E_2_2020-09-30_12-16-37_446_t0000224000.wav,cough
data/processed/cough_silence_binary/other/aswine_ALA_E_2_2020-09-30_01-45-54_312_t0000357000.wav,other
data/processed/cough_silence_binary/other/aswine_ALA_E_2_2020-09-30_01-51-54_564_t0000236000.wav,other
data/processed/cough_silence_binary/other/aswine_ALA_E_2_2020-09-30_08-04-19_788_t0000180000.wav,other
data/processed/cough_silence_binary/cough/aswine_ALA_E_2_2020-09-30_12-04-36_656_t0000144000.wav,cough
data/processed/cough_silence_binary/cough/aswine_ALA_E_2_2020-09-30_00-39-49_327_t0000157000.wav,cough
data/processed/cough_silence_binary/cough/aswine_ALA_E_2_2020-09-30_04-16-04_352_t0000287000.wav,cough
data/processed/cough_silence_binary/other/aswine_ALA_E_2_2020-09-30_01-03-51_362_t0000045000.wav,other
data/processed/cough_silence_binary/other/aswine_ALA_E_2_2020-09-30_01-51-54_564_t0000287000.wav,other
data/processed/cough_silence_binary/cough/aswine_ALA_E_2_2020-09-30_04-16-04_352_t0000286000.wav,cough
data/processed/cough_silence_binary/cough/aswine_ALA_E_2_2020-09-30_10-28-30_177_t0000260000.wav,cough
data/processed/cough_silence_binary/cough/aswine_ALA_E_2_2020-09-30_12-16-37_446_t0000248000.wav,cough
data/processed/cough_silence_binary/other/aswine_ALA_E_2_2020-09-30_02-45-57_858_t0000052000.wav,other
data/processed/cough_silence_binary/cough/aswine_ALA_E_2_2020-09-30_08-04-19_788_t0000291000.wav,cough
data/processed/cough_silence_binary/cough/aswine_ALA_E_2_2020-09-30_02-51-58_296_t0000262000.wav,cough
data/processed/cough_silence_binary/cough/aswine_ALA_E_2_2020-09-30_02-39-57_569_t0000172000.wav,cough
data/processed/cough_silence_binary/cough/aswine_ALA_E_2_2020-09-30_03-09-59_585_t0000085000.wav,cough
data/processed/cough_silence_binary/other/aswine_ALA_E_2_2020-09-30_05-46-10_875_t0000324000.wav,other
C:\py\pigsound\pig-sound-classification\det_round1_clips\ALA_000347_v2\other_clean\ALA_000347_v2_rank030_p0.807_src255.10-256.10_clip255.10-256.10.wav,other
data/processed/cough_silence_binary/cough/aswine_ALA_E_2_2020-09-30_03-22-00_565_t0000336000.wav,cough
data/processed/cough_silence_binary/other/aswine_ALA_E_2_2020-09-30_03-58-02_785_t0000319000.wav,other
data/processed/cough_silence_binary/other/aswine_ALA_E_2_2020-09-30_01-27-52_851_t0000058000.wav,other
data/processed/cough_silence_binary/cough/aswine_ALA_E_2_2020-09-30_07-52-19_149_t0000337000.wav,cough
data/processed/cough_silence_binary/cough/aswine_ALA_E_2_2020-09-30_15-04-48_982_t0000245000.wav,cough
data/processed/cough_silence_binary/other/aswine_ALA_E_2_2020-09-30_02-27-56_846_t0000265000.wav,other
data/processed/cough_silence_binary/cough/aswine_ALA_E_2_2020-09-30_02-57-58_802_t0000040000.wav,cough
data/processed/cough_silence_binary/other/aswine_ALA_E_2_2020-09-30_02-51-58_296_t0000155000.wav,other
data/processed/cough_silence_binary/cough/aswine_ALA_E_2_2020-09-30_00-45-49_855_t0000284000.wav,cough
data/processed/cough_silence_binary/cough/aswine_ALA_E_2_2020-09-30_05-28-09_636_t0000162000.wav,cough
data/processed/cough_silence_binary/other/aswine_ALA_E_2_2020-09-30_00-57-50_867_t0000058000.wav,other
data/processed/cough_silence_binary/cough/aswine_ALA_E_2_2020-09-30_07-58-19_477_t0000339000.wav,cough
data/processed/cough_silence_binary/other/aswine_ALA_E_2_2020-09-30_08-16-20_635_t0000206000.wav,other
data/processed/cough_silence_binary/cough/aswine_ALA_E_2_2020-09-30_02-27-56_846_t0000016000.wav,cough
C:\py\pigsound\pig-sound-classification\det_round1_clips\ALA_000347_v2\other_clean\ALA_000347_oldv1_rank074_p0.661_src343.50-344.50_clip343.50-344.50.wav,other
data/processed/cough_silence_binary/cough/aswine_ALA_E_2_2020-09-30_03-16-00_102_t0000310000.wav,cough
data/processed/cough_silence_binary/cough/aswine_ALA_E_2_2020-09-30_12-10-37_151_t0000321000.wav,cough
data/processed/cough_silence_binary/cough/aswine_ALA_E_2_2020-09-30_03-22-00_565_t0000100000.wav,cough
data/processed/cough_silence_binary/other/aswine_ALA_E_2_2020-09-30_00-45-49_855_t0000207000.wav,other
C:\py\pigsound\pig-sound-classification\det_round1_clips\ALA_000347_v2\other_clean\ALA_000347_v2_rank017_p0.862_src173.00-174.00_clip173.00-174.00.wav,other
data/processed/cough_silence_binary/cough/aswine_ALA_E_2_2020-09-30_11-22-33_630_t0000082000.wav,cough
data/processed/cough_silence_binary/cough/aswine_ALA_E_2_2020-09-30_10-16-29_272_t0000071000.wav,cough
data/processed/cough_silence_binary/cough/aswine_ALA_E_2_2020-09-30_01-33-53_320_t0000332000.wav,cough
data/processed/cough_silence_binary/other/aswine_ALA_E_2_2020-09-30_09-04-24_156_t0000292000.wav,other
data/processed/cough_silence_binary/other/aswine_ALA_E_2_2020-09-30_02-09-55_811_t0000254000.wav,other
data/processed/cough_silence_binary/other/aswine_ALA_E_2_2020-09-30_03-03-59_085_t0000107000.wav,other
data/processed/cough_silence_binary/other/aswine_ALA_E_2_2020-09-30_08-28-21_427_t0000311000.wav,other
data/processed/cough_silence_binary/cough/aswine_ALA_E_2_2020-09-30_02-57-58_802_t0000024000.wav,cough
data/processed/cough_silence_binary/cough/aswine_ALA_E_2_2020-09-30_12-22-37_726_t0000165000.wav,cough
data/processed/cough_silence_binary/cough/aswine_ALA_E_2_2020-09-30_11-16-33_282_t0000240000.wav,cough
data/processed/cough_silence_binary/cough/aswine_ALA_E_2_2020-09-30_03-16-00_102_t0000146000.wav,cough
data/processed/cough_silence_binary/other/aswine_ALA_E_2_2020-09-30_01-09-51_828_t0000306000.wav,other
data/processed/cough_silence_binary/cough/aswine_ALA_E_2_2020-09-30_10-46-31_261_t0000121000.wav,cough
data/processed/cough_silence_binary/cough/aswine_ALA_E_2_2020-09-30_06-52-15_207_t0000122000.wav,cough
data/processed/cough_silence_binary/cough/aswine_ALA_E_2_2020-09-30_03-03-59_085_t0000315000.wav,cough
data/processed/cough_silence_binary/other/aswine_ALA_E_2_2020-09-30_13-40-43_272_t0000009000.wav,other
data/processed/cough_silence_binary/other/aswine_ALA_E_2_2020-09-30_09-22-25_390_t0000146000.wav,other
data/processed/cough_silence_binary/cough/aswine_ALA_E_2_2020-09-30_12-10-37_151_t0000082000.wav,cough
data/processed/cough_silence_binary/other/aswine_ALA_E_2_2020-09-30_04-34-05_333_t0000186000.wav,other
data/processed/cough_silence_binary/other/aswine_ALA_E_2_2020-09-30_05-40-10_575_t0000073000.wav,other
data/processed/cough_silence_binary/cough/aswine_ALA_E_2_2020-09-30_12-04-36_656_t0000148000.wav,cough
data/processed/cough_silence_binary/other/aswine_ALA_E_2_2020-09-30_00-33-49_105_t0000305000.wav,other
data/processed/cough_silence_binary/other/aswine_ALA_E_2_2020-09-30_11-58-36_255_t0000252000.wav,other
data/processed/cough_silence_binary/cough/aswine_ALA_E_2_2020-09-30_12-04-36_656_t0000345000.wav,cough
data/processed/cough_silence_binary/cough/aswine_ALA_E_2_2020-09-30_11-10-32_919_t0000195000.wav,cough
data/processed/cough_silence_binary/cough/aswine_ALA_E_2_2020-09-30_05-28-09_636_t0000164000.wav,cough
data/processed/cough_silence_binary/cough/aswine_ALA_E_2_2020-09-30_12-22-37_726_t0000256000.wav,cough
data/processed/cough_silence_binary/other/aswine_ALA_E_2_2020-09-30_08-16-20_635_t0000293000.wav,other
data/processed/cough_silence_binary/cough/aswine_ALA_E_2_2020-09-30_04-52-06_595_t0000322000.wav,cough
data/processed/cough_silence_binary/cough/aswine_ALA_E_2_2020-09-30_06-28-13_427_t0000304000.wav,cough
data/processed/cough_silence_binary/cough/aswine_ALA_E_2_2020-09-30_11-46-35_513_t0000164000.wav,cough
C:\py\pigsound\pig-sound-classification\det_round1_clips\ALA_000347_v2\other_clean\ALA_000347_oldv1_rank054_p0.756_src106.60-107.60_clip106.60-107.60.wav,other
data/processed/cough_silence_binary/other/aswine_ALA_E_2_2020-09-30_00-57-50_867_t0000181000.wav,other
data/processed/cough_silence_binary/other/aswine_ALA_E_2_2020-09-30_07-58-19_477_t0000243000.wav,other
data/processed/cough_silence_binary/other/aswine_ALA_E_2_2020-09-30_08-34-21_763_t0000142000.wav,other
data/processed/cough_silence_binary/other/aswine_ALA_E_2_2020-09-30_10-46-31_261_t0000136000.wav,other
data/processed/cough_silence_binary/other/aswine_ALA_E_2_2020-09-30_07-04-16_154_t0000060000.wav,other
data/processed/cough_silence_binary/cough/aswine_ALA_E_2_2020-09-30_12-16-37_446_t0000226000.wav,cough
data/processed/cough_silence_binary/other/aswine_ALA_E_2_2020-09-30_08-22-21_043_t0000194000.wav,other
data/processed/cough_silence_binary/cough/aswine_ALA_E_2_2020-09-30_02-27-56_846_t0000231000.wav,cough
data/processed/cough_silence_binary/cough/aswine_ALA_E_2_2020-09-30_08-04-19_788_t0000029000.wav,cough
data/processed/cough_silence_binary/other/aswine_ALA_E_2_2020-09-30_09-10-24_673_t0000253000.wav,other
data/processed/cough_silence_binary/cough/aswine_ALA_E_2_2020-09-30_03-03-59_085_t0000076000.wav,cough
data/processed/cough_silence_binary/cough/aswine_ALA_E_2_2020-09-30_10-46-31_261_t0000066000.wav,cough
data/processed/cough_silence_binary/cough/aswine_ALA_E_2_2020-09-30_14-58-48_774_t0000204000.wav,cough
data/processed/cough_silence_binary/other/aswine_ALA_E_2_2020-09-30_02-03-55_346_t0000043000.wav,other
data/processed/cough_silence_binary/cough/aswine_ALA_E_2_2020-09-30_08-34-21_763_t0000208000.wav,cough
data/processed/cough_silence_binary/other/aswine_ALA_E_2_2020-09-30_11-40-35_013_t0000249000.wav,other
data/processed/cough_silence_binary/other/aswine_ALA_E_2_2020-09-30_09-58-28_198_t0000305000.wav,other
data/processed/cough_silence_binary/other/aswine_ALA_E_2_2020-09-30_08-16-20_635_t0000108000.wav,other
data/processed/cough_silence_binary/cough/aswine_ALA_E_2_2020-09-30_04-34-05_333_t0000076000.wav,cough
data/processed/cough_silence_binary/other/aswine_ALA_E_2_2020-09-30_01-09-51_828_t0000251000.wav,other
data/processed/cough_silence_binary/cough/aswine_ALA_E_2_2020-09-30_02-39-57_569_t0000238000.wav,cough
data/processed/cough_silence_binary/cough/aswine_ALA_E_2_2020-09-30_07-40-18_452_t0000192000.wav,cough
data/processed/cough_silence_binary/other/aswine_ALA_E_2_2020-09-30_02-15-56_094_t0000159000.wav,other
data/processed/cough_silence_binary/other/aswine_ALA_E_2_2020-09-30_03-28-00_803_t0000331000.wav,other
data/processed/cough_silence_binary/other/aswine_ALA_E_2_2020-09-30_05-28-09_636_t0000297000.wav,other
data/processed/cough_silence_binary/cough/aswine_ALA_E_2_2020-09-30_03-40-01_553_t0000164000.wav,cough
data/processed/cough_silence_binary/other/aswine_ALA_E_2_2020-09-30_05-16-08_565_t0000213000.wav,other
data/processed/cough_silence_binary/cough/aswine_ALA_E_2_2020-09-30_04-58-07_090_t0000055000.wav,cough
C:\py\pigsound\pig-sound-classification\det_round1_clips\ALA_000347_v2\other_clean\ALA_000347_v2_rank016_p0.847_src173.00-174.00_clip173.00-174.00.wav,other
data/processed/cough_silence_binary/cough/aswine_ALA_E_2_2020-09-30_10-28-30_177_t0000103000.wav,cough
data/processed/cough_silence_binary/cough/aswine_ALA_E_2_2020-09-30_04-04-03_325_t0000005000.wav,cough
data/processed/cough_silence_binary/cough/aswine_ALA_E_2_2020-09-30_02-45-57_858_t0000146000.wav,cough
data/processed/cough_silence_binary/cough/aswine_ALA_E_2_2020-09-30_06-34-13_773_t0000239000.wav,cough
data/processed/cough_silence_binary/cough/aswine_ALA_E_2_2020-09-30_12-10-37_151_t0000319000.wav,cough
data/processed/cough_silence_binary/other/aswine_ALA_E_2_2020-09-30_01-45-54_312_t0000189000.wav,other
data/processed/cough_silence_binary/cough/aswine_ALA_E_2_2020-09-30_06-16-12_660_t0000213000.wav,cough
data/processed/cough_silence_binary/cough/aswine_ALA_E_2_2020-09-30_10-40-30_865_t0000273000.wav,cough
data/processed/cough_silence_binary/other/aswine_ALA_E_2_2020-09-30_01-15-52_167_t0000079000.wav,other
data/processed/cough_silence_binary/other/aswine_ALA_E_2_2020-09-30_11-16-33_282_t0000087000.wav,other
C:\py\pigsound\pig-sound-classification\det_round1_clips\ALA_000347_v2\other_clean\ALA_000347_rank004_p0.946_src29.20-30.20_clip29.20-30.20.wav,other
data/processed/cough_silence_binary/cough/aswine_ALA_E_2_2020-09-30_03-28-00_803_t0000245000.wav,cough
data/processed/cough_silence_binary/cough/aswine_ALA_E_2_2020-09-30_12-22-37_726_t0000008000.wav,cough
data/processed/cough_silence_binary/other/aswine_ALA_E_2_2020-09-30_04-28-05_047_t0000068000.wav,other
data/processed/cough_silence_binary/other/aswine_ALA_E_2_2020-09-30_11-34-34_656_t0000130000.wav,other
data/processed/cough_silence_binary/cough/aswine_ALA_E_2_2020-09-30_06-10-12_288_t0000349000.wav,cough
data/processed/cough_silence_binary/other/aswine_ALA_E_2_2020-09-30_14-58-48_774_t0000255000.wav,other
data/processed/cough_silence_binary/other/aswine_ALA_E_2_2020-09-30_06-28-13_427_t0000077000.wav,other
data/processed/cough_silence_binary/cough/aswine_ALA_E_2_2020-09-30_11-46-35_513_t0000044000.wav,cough
data/processed/cough_silence_binary/other/aswine_ALA_E_2_2020-09-30_09-10-24_673_t0000114000.wav,other
data/processed/cough_silence_binary/cough/aswine_ALA_E_2_2020-09-30_10-28-30_177_t0000281000.wav,cough
data/processed/cough_silence_binary/cough/aswine_ALA_E_2_2020-09-30_04-46-06_338_t0000230000.wav,cough
data/processed/cough_silence_binary/cough/aswine_ALA_E_2_2020-09-30_02-57-58_802_t0000038000.wav,cough
data/processed/cough_silence_binary/other/aswine_ALA_E_2_2020-09-30_04-04-03_325_t0000198000.wav,other
data/processed/cough_silence_binary/cough/aswine_ALA_E_2_2020-09-30_02-03-55_346_t0000175000.wav,cough
data/processed/cough_silence_binary/cough/aswine_ALA_E_2_2020-09-30_10-28-30_177_t0000122000.wav,cough
data/processed/cough_silence_binary/other/aswine_ALA_E_2_2020-09-30_06-34-13_773_t0000299000.wav,other
data/processed/cough_silence_binary/cough/aswine_ALA_E_2_2020-09-30_05-22-09_088_t0000159000.wav,cough
data/processed/cough_silence_binary/cough/aswine_ALA_E_2_2020-09-30_15-04-48_982_t0000172000.wav,cough
C:\py\pigsound\pig-sound-classification\det_round1_clips\ALA_000347_v2\other_clean\ALA_000347_v2_rank036_p0.792_src193.50-194.50_clip193.50-194.50.wav,other
data/processed/cough_silence_binary/other/aswine_ALA_E_2_2020-09-30_02-27-56_846_t0000320000.wav,other
data/processed/cough_silence_binary/cough/aswine_ALA_E_2_2020-09-30_06-04-11_764_t0000027000.wav,cough
data/processed/cough_silence_binary/other/aswine_ALA_E_2_2020-09-30_12-28-38_125_t0000194000.wav,other
data/processed/cough_silence_binary/cough/aswine_ALA_E_2_2020-09-30_11-22-33_630_t0000012000.wav,cough
data/processed/cough_silence_binary/cough/aswine_ALA_E_2_2020-09-30_12-34-38_544_t0000091000.wav,cough
data/processed/cough_silence_binary/other/aswine_ALA_E_2_2020-09-30_15-04-48_982_t0000079000.wav,other
data/processed/cough_silence_binary/cough/aswine_ALA_E_2_2020-09-30_03-09-59_585_t0000269000.wav,cough
data/processed/cough_silence_binary/cough/aswine_ALA_E_2_2020-09-30_02-39-57_569_t0000047000.wav,cough
data/processed/cough_silence_binary/other/aswine_ALA_E_2_2020-09-30_03-03-59_085_t0000216000.wav,other
data/processed/cough_silence_binary/cough/aswine_ALA_E_2_2020-09-30_04-22-04_594_t0000029000.wav,cough
data/processed/cough_silence_binary/cough/aswine_ALA_E_2_2020-09-30_10-16-29_272_t0000054000.wav,cough
data/processed/cough_silence_binary/other/aswine_ALA_E_2_2020-09-30_01-39-53_821_t0000252000.wav,other
data/processed/cough_silence_binary/other/aswine_ALA_E_2_2020-09-30_08-04-19_788_t0000146000.wav,other
data/processed/cough_silence_binary/cough/aswine_ALA_E_2_2020-09-30_11-52-35_892_t0000274000.wav,cough
data/processed/cough_silence_binary/cough/aswine_ALA_E_2_2020-09-30_05-58-11_488_t0000357000.wav,cough
data/processed/cough_silence_binary/other/aswine_ALA_E_2_2020-09-30_10-28-30_177_t0000127000.wav,other
data/processed/cough_silence_binary/other/aswine_ALA_E_2_2020-09-30_13-46-43_666_t0000072000.wav,other
data/processed/cough_silence_binary/cough/aswine_ALA_E_2_2020-09-30_11-58-36_255_t0000257000.wav,cough
data/processed/cough_silence_binary/cough/aswine_ALA_E_2_2020-09-30_12-28-38_125_t0000082000.wav,cough
data/processed/cough_silence_binary/other/aswine_ALA_E_2_2020-09-30_01-09-51_828_t0000313000.wav,other
data/processed/cough_silence_binary/other/aswine_ALA_E_2_2020-09-30_11-10-32_919_t0000116000.wav,other
data/processed/cough_silence_binary/cough/aswine_ALA_E_2_2020-09-30_11-52-35_892_t0000294000.wav,cough
data/processed/cough_silence_binary/other/aswine_ALA_E_2_2020-09-30_04-34-05_333_t0000045000.wav,other
data/processed/cough_silence_binary/other/aswine_ALA_E_2_2020-09-30_04-10-03_850_t0000195000.wav,other
data/processed/cough_silence_binary/other/aswine_ALA_E_2_2020-09-30_08-22-21_043_t0000033000.wav,other
data/processed/cough_silence_binary/other/aswine_ALA_E_2_2020-09-30_06-28-13_427_t0000102000.wav,other
data/processed/cough_silence_binary/cough/aswine_ALA_E_2_2020-09-30_06-10-12_288_t0000350000.wav,cough
data/processed/cough_silence_binary/cough/aswine_ALA_E_2_2020-09-30_12-16-37_446_t0000306000.wav,cough
data/processed/cough_silence_binary/other/aswine_ALA_E_2_2020-09-30_03-28-00_803_t0000282000.wav,other
data/processed/cough_silence_binary/cough/aswine_ALA_E_2_2020-09-30_02-27-56_846_t0000115000.wav,cough
data/processed/cough_silence_binary/cough/aswine_ALA_E_2_2020-09-30_14-16-45_975_t0000099000.wav,cough
data/processed/cough_silence_binary/other/aswine_ALA_E_2_2020-09-30_06-46-14_713_t0000332000.wav,other
C:\py\pigsound\pig-sound-classification\det_round1_clips\ALA_000347_v2\other_clean\ALA_000347_v2_rank036_p0.771_src209.20-210.20_clip209.20-210.20.wav,other
data/processed/cough_silence_binary/cough/aswine_ALA_E_2_2020-09-30_11-52-35_892_t0000272000.wav,cough
data/processed/cough_silence_binary/cough/aswine_ALA_E_2_2020-09-30_03-28-00_803_t0000172000.wav,cough
data/processed/cough_silence_binary/other/aswine_ALA_E_2_2020-09-30_01-57-54_862_t0000332000.wav,other
data/processed/cough_silence_binary/other/aswine_ALA_E_2_2020-09-30_01-15-52_167_t0000134000.wav,other
data/processed/cough_silence_binary/cough/aswine_ALA_E_2_2020-09-30_02-21-56_604_t0000190000.wav,cough
data/processed/cough_silence_binary/cough/aswine_ALA_E_2_2020-09-30_00-51-50_372_t0000315000.wav,cough
data/processed/cough_silence_binary/other/aswine_ALA_E_2_2020-09-30_06-40-14_230_t0000209000.wav,other
data/processed/cough_silence_binary/other/aswine_ALA_E_2_2020-09-30_03-28-00_803_t0000318000.wav,other
data/processed/cough_silence_binary/cough/aswine_ALA_E_2_2020-09-30_04-16-04_352_t0000275000.wav,cough
data/processed/cough_silence_binary/cough/aswine_ALA_E_2_2020-09-30_12-16-37_446_t0000358000.wav,cough
data/processed/cough_silence_binary/cough/aswine_ALA_E_2_2020-09-30_14-40-47_610_t0000162000.wav,cough
data/processed/cough_silence_binary/other/aswine_ALA_E_2_2020-09-30_02-51-58_296_t0000317000.wav,other
data/processed/cough_silence_binary/other/aswine_ALA_E_2_2020-09-30_01-33-53_320_t0000188000.wav,other
data/processed/cough_silence_binary/other/aswine_ALA_E_2_2020-09-30_13-52-44_182_t0000350000.wav,other
C:\py\pigsound\pig-sound-classification\det_round1_clips\ALA_000347_v2\other_clean\ALA_000347_oldv1_rank076_p0.654_src39.40-40.40_clip39.40-40.40.wav,other
data/processed/cough_silence_binary/other/aswine_ALA_E_2_2020-09-30_03-09-59_585_t0000025000.wav,other
data/processed/cough_silence_binary/other/aswine_ALA_E_2_2020-09-30_11-16-33_282_t0000223000.wav,other
data/processed/cough_silence_binary/cough/aswine_ALA_E_2_2020-09-30_14-04-45_190_t0000056000.wav,cough
data/processed/cough_silence_binary/other/aswine_ALA_E_2_2020-09-30_01-21-52_571_t0000350000.wav,other
data/processed/cough_silence_binary/other/aswine_ALA_E_2_2020-09-30_01-57-54_862_t0000268000.wav,other
C:\py\pigsound\pig-sound-classification\det_round1_clips\ALA_000347_v2\other_clean\ALA_000347_rank057_p0.759_src187.90-188.90_clip187.90-188.90.wav,other
data/processed/cough_silence_binary/cough/aswine_ALA_E_2_2020-09-30_05-04-07_555_t0000108000.wav,cough
data/processed/cough_silence_binary/other/aswine_ALA_E_2_2020-09-30_06-58-15_681_t0000291000.wav,other
data/processed/cough_silence_binary/cough/aswine_ALA_E_2_2020-09-30_00-51-50_372_t0000080000.wav,cough
data/processed/cough_silence_binary/cough/aswine_ALA_E_2_2020-09-30_05-46-10_875_t0000045000.wav,cough
data/processed/cough_silence_binary/cough/aswine_ALA_E_2_2020-09-30_05-28-09_636_t0000195000.wav,cough
data/processed/cough_silence_binary/other/aswine_ALA_E_2_2020-09-30_00-21-48_316_t0000128000.wav,other
data/processed/cough_silence_binary/cough/aswine_ALA_E_2_2020-09-30_15-10-49_329_t0000230000.wav,cough
data/processed/cough_silence_binary/cough/aswine_ALA_E_2_2020-09-30_02-15-56_094_t0000047000.wav,cough
data/processed/cough_silence_binary/other/aswine_ALA_E_2_2020-09-30_02-57-58_802_t0000033000.wav,other
data/processed/cough_silence_binary/cough/aswine_ALA_E_2_2020-09-30_04-16-04_352_t0000092000.wav,cough
data/processed/cough_silence_binary/cough/aswine_ALA_E_2_2020-09-30_05-28-09_636_t0000161000.wav,cough
C:\py\pigsound\pig-sound-classification\det_round1_clips\ALA_000347_v2\other_clean\ALA_000347_oldv1_rank066_p0.692_src146.50-147.50_clip146.50-147.50.wav,other
data/processed/cough_silence_binary/cough/aswine_ALA_E_2_2020-09-30_05-22-09_088_t0000261000.wav,cough
data/processed/cough_silence_binary/cough/aswine_ALA_E_2_2020-09-30_12-52-39_977_t0000085000.wav,cough
data/processed/cough_silence_binary/cough/aswine_ALA_E_2_2020-09-30_11-28-34_169_t0000033000.wav,cough
data/processed/cough_silence_binary/other/aswine_ALA_E_2_2020-09-30_01-51-54_564_t0000353000.wav,other
data/processed/cough_silence_binary/cough/aswine_ALA_E_2_2020-09-30_11-58-36_255_t0000029000.wav,cough
data/processed/cough_silence_binary/cough/aswine_ALA_E_2_2020-09-30_12-16-37_446_t0000134000.wav,cough
data/processed/cough_silence_binary/cough/aswine_ALA_E_2_2020-09-30_10-34-30_545_t0000232000.wav,cough
data/processed/cough_silence_binary/cough/aswine_ALA_E_2_2020-09-30_10-16-29_272_t0000345000.wav,cough
data/processed/cough_silence_binary/cough/aswine_ALA_E_2_2020-09-30_04-58-07_090_t0000050000.wav,cough
data/processed/cough_silence_binary/cough/aswine_ALA_E_2_2020-09-30_06-52-15_207_t0000302000.wav,cough
data/processed/cough_silence_binary/other/aswine_ALA_E_2_2020-09-30_05-34-10_160_t0000077000.wav,other
data/processed/cough_silence_binary/other/aswine_ALA_E_2_2020-09-30_09-22-25_390_t0000245000.wav,other
data/processed/cough_silence_binary/cough/aswine_ALA_E_2_2020-09-30_05-04-07_555_t0000012000.wav,cough
data/processed/cough_silence_binary/other/aswine_ALA_E_2_2020-09-30_11-46-35_513_t0000106000.wav,other
data/processed/cough_silence_binary/other/aswine_ALA_E_2_2020-09-30_01-15-52_167_t0000133000.wav,other
data/processed/cough_silence_binary/other/aswine_ALA_E_2_2020-09-30_10-22-29_769_t0000225000.wav,other
C:\py\pigsound\pig-sound-classification\det_round1_clips\ALA_000347_v2\other_clean\ALA_000347_oldv1_rank080_p0.613_src90.50-91.50_clip90.50-91.50.wav,other
data/processed/cough_silence_binary/cough/aswine_ALA_E_2_2020-09-30_11-52-35_892_t0000170000.wav,cough
data/processed/cough_silence_binary/cough/aswine_ALA_E_2_2020-09-30_05-40-10_575_t0000117000.wav,cough
data/processed/cough_silence_binary/other/aswine_ALA_E_2_2020-09-30_12-04-36_656_t0000058000.wav,other
data/processed/cough_silence_binary/other/aswine_ALA_E_2_2020-09-30_04-52-06_595_t0000085000.wav,other
data/processed/cough_silence_binary/other/aswine_ALA_E_2_2020-09-30_14-46-47_980_t0000203000.wav,other
data/processed/cough_silence_binary/other/aswine_ALA_E_2_2020-09-30_08-04-19_788_t0000085000.wav,other
data/processed/cough_silence_binary/other/aswine_ALA_E_2_2020-09-30_11-10-32_919_t0000040000.wav,other
data/processed/cough_silence_binary/cough/aswine_ALA_E_2_2020-09-30_10-22-29_769_t0000066000.wav,cough
